<?xml version="1.0" encoding="utf-8" ?>
<kml xmlns="http://www.opengis.net/kml/2.2">
<Document id="root_doc">
<Schema name="shape" id="shape">
	<SimpleField name="District" type="string"></SimpleField>
	<SimpleField name="Code" type="string"></SimpleField>
</Schema>
<Folder><name>shape</name>
  <Placemark>
	<Style><LineStyle><color>ff0000ff</color></LineStyle><PolyStyle><fill>0</fill></PolyStyle></Style>
	<ExtendedData><SchemaData schemaUrl="#shape">
		<SimpleData name="District">North Carolina 6</SimpleData>
		<SimpleData name="Code">NC-6</SimpleData>
	</SchemaData></ExtendedData>
      <Polygon><outerBoundaryIs><LinearRing><coordinates>-80.1453473405405,36.2585147790194 -80.1452673325686,36.2496927785104 -80.1451683070106,36.2395058029743 -80.145154302959,36.2378918068489 -80.1451413008191,36.2370398088934 -80.1450542774978,36.2277558311696 -80.1450122671002,36.2236198410882 -80.1449852604961,36.2209938473839 -80.1449582526041,36.217855854907 -80.1449512509082,36.2171818565224 -80.1451252515665,36.217413856016 -80.1456532533974,36.2180538546293 -80.1460052547063,36.2185178536115 -80.1463892565025,36.2191738521364 -80.1467412575229,36.2195258513826 -80.147141259036,36.220069850175 -80.1473812594491,36.2201978499289 -80.1475732602783,36.2205018492432 -80.1477332612123,36.2208538484318 -80.1479412630729,36.2215738467388 -80.1481812649413,36.2222938450511 -80.1483412665395,36.2229178435744 -80.1483732683267,36.2236378418325 -80.1482292695002,36.2241338405941 -80.1479572710674,36.2248058389011 -80.147765271953,36.225189837927 -80.147429272873,36.2256058368456 -80.1474292735472,36.2258778361869 -80.147509275,36.2264538348088 -80.1474452773593,36.2274138324705 -80.1472372786861,36.2279738310736 -80.1471572795364,36.2283258302064 -80.1471572804499,36.2286938293161 -80.1472852810419,36.2289178287982 -80.1472532816284,36.2291578282114 -80.1471252823476,36.2294618274523 -80.1471732834727,36.2299098263772 -80.1471092847666,36.2304378250887 -80.1472532864317,36.2310938235262 -80.147189288004,36.231733821967 -80.1471252889021,36.2321018210664 -80.1472372898816,36.232485820155 -80.1474452907233,36.2328058194124 -80.1518682727077,36.2249408394446 -80.1522362715581,36.2244138408253 -80.1524272705041,36.2239498420129 -80.1526502681556,36.2229428445499 -80.1528732658901,36.2219678470118 -80.1524892653198,36.2217908473527 -80.1520022644935,36.2215248478855 -80.1502702613268,36.2204968499626 -80.1499102603879,36.2201708506648 -80.1496192589274,36.2196218519278 -80.1488802554334,36.2183228548907 -80.1487332544853,36.2179628557252 -80.1484652513833,36.2167508585951 -80.1483052506414,36.2164788592086 -80.147952249223,36.2159688603408 -80.1474012469947,36.2151708621064 -80.1455562394532,36.2125008679565 -80.1454232396147,36.2125918676934 -80.1450262398084,36.2127478671869 -80.1448692398812,36.212807866991 -80.1447982398636,36.2128148669508 -80.1447272398158,36.2128098669393 -80.1445852397454,36.2128098668923 -80.139976226975,36.2087428749481 -80.1384292245051,36.2081198758396 -80.137481222986,36.207740876371 -80.1352622193828,36.2068498775988 -80.1353992186593,36.206545878355 -80.1357182173923,36.2059948797551 -80.136780214218,36.2045458835423 -80.1379302108506,36.2029858876529 -80.1382912098208,36.2025028889341 -80.1382272085888,36.2020448899788 -80.1381412076984,36.2017238906929 -80.1379812065588,36.2013258915546 -80.1377172051147,36.2008378925801 -80.1371082021306,36.1998498946158 -80.1369062009348,36.1994448954687 -80.1366351987117,36.1986668971563 -80.1365121979374,36.1984038977115 -80.1362741970459,36.1981268982457 -80.1358801957914,36.197753898929 -80.1351171934601,36.1970729001492 -80.1347881922432,36.1967009008535 -80.1346321915097,36.1964659013219 -80.1344171900036,36.1959559023957 -80.1339181918642,36.1967909002342 -80.1330661960047,36.1985678957549 -80.1328191970572,36.1990248945947 -80.1325301980227,36.1994588934702 -80.1322051988254,36.1998398924531 -80.1319071993083,36.2000938917402 -80.1299032014955,36.2013918879102 -80.1281682034212,36.2025068846514 -80.1279072037982,36.2027048840961 -80.127653204288,36.2029418834571 -80.1273932050448,36.2032768825968 -80.1271992060618,36.2036908815881 -80.1271152067825,36.2039718809238 -80.1270652075714,36.2042698802356 -80.1270512086905,36.2046798793114 -80.1246282068007,36.2045268786748 -80.1240722062962,36.2044668785829 -80.1236042056597,36.2043408786719 -80.1231192048292,36.2041498788964 -80.1227702040206,36.2039378792211 -80.1223092031466,36.2037278794939 -80.1218922025764,36.203616879566 -80.1223882007766,36.2028678814176 -80.1226732002956,36.2026328820544 -80.1238991991459,36.2019438840949 -80.1243351982493,36.2015218852164 -80.1247641975643,36.2011758861694 -80.124916197391,36.2010778864531 -80.125028196753,36.2008218870708 -80.125220195325,36.2002618884003 -80.125444194897,36.2000538889624 -80.1255561945727,36.1999098893328 -80.1255881941952,36.1997658896678 -80.1257481935052,36.1994778903812 -80.1260681934997,36.1993978907034 -80.1266441933592,36.1992058913919 -80.127204192771,36.1988538924339 -80.1274761918147,36.1984378934911 -80.12766819006,36.1977498951244 -80.1277801879017,36.1969338970099 -80.1281161859066,36.1961178990043 -80.1281481844414,36.1955739002438 -80.1281161827983,36.1949819015603 -80.1282601816353,36.1945179026753 -80.1283721799691,36.1938779041719 -80.1294601769124,36.1924539079356 -80.1298761761899,36.1920699090183 -80.1301161763753,36.1920699091419 -80.1305231766571,36.1920579093787 -80.1306991767337,36.1920359095194 -80.131050176711,36.1919269099483 -80.131277176488,36.1917789104026 -80.1314841763096,36.191652910797 -80.1315781761783,36.1915769110191 -80.1316591760235,36.191495911246 -80.1317111758544,36.191417911451 -80.1317361757261,36.1913629115895 -80.1317661754593,36.1912549118517 -80.1317931753058,36.1911899120141 -80.1318721750373,36.1910669123363 -80.132026174686,36.190890912819 -80.1322951743672,36.1906929134132 -80.1325451737403,36.1903849142501 -80.1327471732029,36.1901239149551 -80.1333171729672,36.1898649158532 -80.1337231726114,36.189608916659 -80.1338541718657,36.1892889174656 -80.1337921709243,36.1889539182027 -80.1332791695678,36.1886019187326 -80.1326941677647,36.1881069195471 -80.1324331663949,36.1876759203898 -80.1326391660095,36.1874679209803 -80.1325611650878,36.1871479216696 -80.132505164658,36.1870049219656 -80.1325121643211,36.1868769222625 -80.1324881639153,36.1867329225786 -80.13252216362,36.1866119228747 -80.1321801632505,36.1865819227506 -80.1322121629343,36.1864539230613 -80.1323071625886,36.1862949234786 -80.1324191623864,36.186183923796 -80.1325781622219,36.1860719241426 -80.1327381619732,36.1859279245635 -80.1329461618115,36.1858009249731 -80.1330581616537,36.185705925255 -80.1331051614777,36.1856249254677 -80.1332171613204,36.1855299257498 -80.1332641611874,36.185464925926 -80.1331841599711,36.1850349268669 -80.1335201594975,36.1847479277205 -80.1336151581768,36.184220928987 -80.1333261568593,36.1838219297342 -80.1335811556408,36.1832799311301 -80.1337091548657,36.1829459319741 -80.1336591532475,36.1823549333031 -80.1339471525715,36.1820029342865 -80.1344581520643,36.1816369354394 -80.1347771519765,36.1814939359635 -80.1351711517524,36.1812729367145 -80.1354541513099,36.1810069375032 -80.1356661507775,36.1807309382727 -80.1356951498478,36.1803679391318 -80.1354671490478,36.1801449395069 -80.1353511485253,36.1799879397983 -80.1353171481081,36.1798419401149 -80.1354391478475,36.1796999405197 -80.1356341476191,36.179543941003 -80.1361041472927,36.1792519419751 -80.1364951466826,36.178878943088 -80.1367141458627,36.1784869441383 -80.1368521453603,36.1782449447893 -80.1369671450618,36.1780889452259 -80.131524139792,36.1780699417901 -80.1299721381897,36.1780279408931 -80.1299811384559,36.1781229406835 -80.1299061431659,36.1798859366409 -80.1299251438942,36.180147936059 -80.1299751444668,36.1803419356504 -80.1301001451032,36.1805339352924 -80.1301761458833,36.180795934745 -80.1301751467275,36.1811079340367 -80.1301411475903,36.1814379332675 -80.1300761483547,36.1817419325386 -80.1299831491215,36.1820559317705 -80.1298151488987,36.1820299317279 -80.1296901487474,36.1820159316841 -80.1293741484011,36.1819939315429 -80.1291981482279,36.1819889314478 -80.1289021479132,36.1819719313072 -80.128283147278,36.1819449309937 -80.1278651468439,36.1819249307858 -80.1275781465395,36.1819089306481 -80.1272611462105,36.1818939304899 -80.1271561461096,36.1818919304308 -80.1270901459315,36.1818489304872 -80.126877146828,36.1822449294716 -80.1263291483864,36.1829889274794 -80.1248211521823,36.1848389224729 -80.1235361555444,36.1864399181917 -80.1228241573997,36.1873159158597 -80.1220381592135,36.1881929134959 -80.1215401602772,36.1887149120784 -80.1196151644604,36.1907349066376 -80.1194351649484,36.1909559060625 -80.1192531655644,36.1912219053895 -80.1191251660439,36.1914249048821 -80.1189521667606,36.1917229041459 -80.1187121680164,36.1922269029297 -80.1185531694031,36.1927539017071 -80.1183711714539,36.1935178999617 -80.1183091722099,36.1937978993251 -80.1181941731679,36.1941618984807 -80.1181461734966,36.1942888981824 -80.118081173807,36.1944138978802 -80.1179601741567,36.1945668974899 -80.1178301743882,36.1946808971798 -80.11724117538,36.1951758958243 -80.1165641764372,36.1957128943414 -80.1161421771916,36.1960788933532 -80.1158991775126,36.1962498928705 -80.1154471780574,36.1965488920155 -80.1137161796875,36.1975268891179 -80.1135101790071,36.1973438894098 -80.1133881786428,36.197248889554 -80.1133301785169,36.1972198895882 -80.1131721782502,36.1971668896263 -80.1131061781685,36.1971548896207 -80.1126661778732,36.1971598894035 -80.1100571762137,36.1972198880527 -80.1098191760462,36.1972198879411 -80.1096841759214,36.1972098878986 -80.1095851757981,36.1971918878897 -80.109522175685,36.197168887908 -80.1094391754893,36.197122887965 -80.1093931753314,36.1970808880308 -80.1093591751671,36.1970338881128 -80.1093391749947,36.1969808882137 -80.1093311747441,36.1968988883808 -80.1093391744213,36.1967888886137 -80.1094281731022,36.1963258896206 -80.1094361728601,36.1962428897974 -80.1094271726954,36.1961898899035 -80.1093881723539,36.1960848901036 -80.1092371713161,36.1957738906788 -80.10918517089,36.1956438909244 -80.1091611705558,36.1955378911334 -80.1091561703101,36.1954568912996 -80.1091651699938,36.1953488915287 -80.1092341689744,36.1949908923076 -80.1092381687323,36.1949088924803 -80.1092261685591,36.194853892589 -80.1092001683906,36.1948038926803 -80.1091201680657,36.1947148928263 -80.1090661679272,36.1946818928684 -80.1090041678157,36.1946598928836 -80.108904167688,36.1946418928719 -80.1085321673086,36.1946068927615 -80.1083331670716,36.1945768927258 -80.1082411669046,36.1945438927489 -80.1081281666288,36.1944798928258 -80.1080781664837,36.1944438928757 -80.1079951661578,36.1943558930169 -80.1079471659028,36.1942828931444 -80.1078131648651,36.1939708937237 -80.1077491644383,36.1938448939525 -80.107709164273,36.1937998940256 -80.1076171639603,36.1937188941471 -80.107561163825,36.1936878941832 -80.1074651636686,36.1936598941931 -80.1072991634535,36.1936298941719 -80.1067951629086,36.1935748940326 -80.1065621626214,36.1935378939919 -80.106335162284,36.1934828939911 -80.1061131619107,36.1934148940193 -80.1057721612803,36.1932918941001 -80.1044031585725,36.1927438945275 -80.1038061573303,36.1924868947464 -80.1037511571901,36.1924548947833 -80.1036811569496,36.1923938948715 -80.1036011566156,36.1923048950114 -80.1035541563527,36.1922308951376 -80.1034731556467,36.1920208955225 -80.1031991530017,36.1912278969899 -80.1030711518145,36.1908738976407 -80.1052611511386,36.1900839004086 -80.1059771508042,36.1897849014038 -80.1067011502735,36.1894169025492 -80.1091271479343,36.1879789068483 -80.1147111428801,36.1846609169966 -80.115611142111,36.1841259186636 -80.1169191409486,36.1833249211519 -80.1174221403593,36.1829649222258 -80.1179261396093,36.1825469234287 -80.1214461337035,36.1793359325733 -80.1217241332628,36.179086933294 -80.1227761316185,36.1781469360274 -80.1240361295997,36.1769909393912 -80.1242491292606,36.1767949399636 -80.1282531231171,36.1731189508443 -80.1292171217974,36.1722709534193 -80.129563121292,36.1719529543779 -80.1308261194958,36.1708009578738 -80.132001117875,36.1697349611362 -80.1338361154126,36.1680709662739 -80.1350081138555,36.1669979696073 -80.1357731128635,36.1662999717896 -80.1371881110611,36.1650069758558 -80.1381861097644,36.1640739787925 -80.1393091082235,36.1629809822181 -80.1404741065923,36.1618209858566 -80.1419231046106,36.1603769904184 -80.145289100221,36.1570220011606 -80.1461610991882,36.1561750039228 -80.1486660961615,36.1536730120983 -80.1486900952888,36.1533060130117 -80.1487020944402,36.152955013876 -80.1487210933719,36.1525110149727 -80.1487230929905,36.152355015354 -80.1487350914284,36.151714016924 -80.1487640866431,36.149754021719 -80.1487690859878,36.1494850223781 -80.1487890826338,36.1481110257399 -80.1488020815566,36.1476660268347 -80.1488500789508,36.1465800295219 -80.1488150758149,36.1453250325443 -80.1488190752818,36.1451060330811 -80.1488600704617,36.1431230379466 -80.1489210649228,36.1408350435755 -80.1489360611978,36.139311047301 -80.148942060946,36.139205047565 -80.1488300607732,36.139202047462 -80.1488700606429,36.1391250476889 -80.1489610601948,36.1388880483557 -80.1490660594733,36.1385310493292 -80.1489750593429,36.1385330492341 -80.149013055197,36.1368230534368 -80.1490620470426,36.1334740616446 -80.1490620469051,36.1334180617811 -80.1490730383849,36.1299430702584 -80.1490770360549,36.1289920725795 -80.1494480311443,36.1267450784602 -80.1495010222948,36.1230990874146 -80.1495070213736,36.1227190883486 -80.1494970207365,36.1224660889546 -80.149533020092,36.1221780896983 -80.1495120147867,36.1200280949207 -80.1495010130764,36.1193380965916 -80.1498140019328,36.1145611086244 -80.1496120010757,36.1143601088719 -80.1493010005108,36.1143591084994 -80.1494649994051,36.1137871100926 -80.1500110004749,36.1138191106754 -80.1523200050077,36.1139601131229 -80.1537900077794,36.1140041147914 -80.154556009135,36.1139901157521 -80.1547430094455,36.113978116008 -80.1561560117813,36.1138821179564 -80.1570020130816,36.1137821192307 -80.1578670143345,36.11364612062 -80.1587510155459,36.1134761221202 -80.1596330166673,36.1132671237193 -80.1604630176412,36.1130331253218 -80.1610720183192,36.1128441265439 -80.1627360199406,36.1122191301711 -80.1648110216179,36.1112691351596 -80.1649480217096,36.1111971355142 -80.1631910172489,36.1106641347118 -80.1620360143197,36.1103211341564 -80.1611400119715,36.1100251337968 -80.1606840106555,36.1098231337425 -80.1596990073143,36.109175134155 -80.1596030069001,36.1090741342904 -80.1592950056182,36.1087711346703 -80.1590760046389,36.1085271350115 -80.1588110033968,36.108208135483 -80.1586710026896,36.1080181357856 -80.1586040022739,36.1078941360137 -80.1585720020292,36.1078151361724 -80.1585340016589,36.107687136447 -80.1585150013151,36.1075551367556 -80.1585140009683,36.1074071371273 -80.1585270006504,36.1072601375142 -80.1586539993945,36.1066171392966 -80.1588149979432,36.1058611414091 -80.1588939972228,36.1054861424566 -80.159564998152,36.1053291437157 -80.159910998343,36.1051231446823 -80.1602709987823,36.1050121454274 -80.1607449997769,36.1050461459519 -80.1617990002518,36.1043631490512 -80.1622790002055,36.103934150768 -80.1628220005059,36.103601152325 -80.1633960010168,36.1033321537615 -80.1636420013554,36.1032691542439 -80.1641980024476,36.1032711549639 -80.1647590033631,36.1031901559042 -80.1653040036054,36.102822157565 -80.1655950014166,36.1015881611333 -80.1654030003561,36.1012841616647 -80.1645739960436,36.1000981636216 -80.1646859956176,36.0998091645151 -80.1649589957692,36.0996331653331 -80.1651819957522,36.0994261661651 -80.1653419959301,36.0993621665445 -80.1654539960834,36.099330166777 -80.1656919966331,36.0993621670131 -80.1657239966973,36.099362167056 -80.1665859989333,36.0995891676218 -80.1672560012004,36.1000061674343 -80.1679560042298,36.1007451664431 -80.1683550056243,36.1010181662606 -80.1688820071272,36.1012261664151 -80.1693440081158,36.1012591669397 -80.1699190090165,36.1011491679883 -80.170110008945,36.100942168784 -80.1705560091369,36.1006221702157 -80.1709700089267,36.1001441720229 -80.1710800082487,36.0997291732617 -80.1713040081466,36.0994741742325 -80.1720380096907,36.0995071751274 -80.1725320104439,36.0993961760818 -80.1728350106436,36.0992051769931 -80.173010010382,36.098918177988 -80.1732500103553,36.0986791789439 -80.1735200109683,36.0987111792221 -80.1737910117191,36.0988071793316 -80.1738550117482,36.0987601795425 -80.173855011476,36.0986321798825 -80.173694010304,36.0982341807226 -80.1736440095214,36.0979141815046 -80.1738510091608,36.0975471827594 -80.1742030097745,36.097499183364 -80.1750850122072,36.0978021837514 -80.1752450126984,36.097881183757 -80.1753570127233,36.0977851841647 -80.1755500126101,36.0975451850671 -80.1756140124711,36.0974171854959 -80.1759340130192,36.0973681860609 -80.1763190140037,36.0974641863261 -80.1766710146528,36.0974321868892 -80.1768160144782,36.0972071876895 -80.1769120142066,36.096983188421 -80.1773770151553,36.0969831890535 -80.1775210160453,36.0972701884775 -80.1779060168293,36.0972701890002 -80.1795890183829,36.0963561937597 -80.1805820198611,36.0960831958574 -80.1809350195107,36.0955541977789 -80.1810790195149,36.0954101983684 -80.18133601985,36.0953141989829 -80.1816720207998,36.0954411990987 -80.1818170215188,36.0956491987306 -80.182026024045,36.0966881961818 -80.1830210255959,36.0964471981976 -80.1829580241817,36.0958061998663 -80.1830870233872,36.0952772014918 -80.1838240242677,36.0949562033866 -80.1842730246871,36.0947002047092 -80.1844330246353,36.0945072054609 -80.184353024088,36.0943152058783 -80.1835400202255,36.0932262077399 -80.1828210176931,36.0927132081416 -80.1824380162762,36.0924082084397 -80.1821500150583,36.0921042088662 -80.1819670137265,36.0916352098891 -80.1818400126867,36.0912532107522 -80.1818360124682,36.0911492110302 -80.1819280125177,36.0910772113566 -80.1820940125206,36.0909042120633 -80.183223015618,36.0912552126983 -80.1850630236561,36.0933512095177 -80.1852230237691,36.0932392100494 -80.1854950248738,36.0935112096777 -80.1857350255005,36.0935752098347 -80.1861670262445,36.0934952106567 -80.1865350269185,36.0934472113015 -80.1869190274701,36.0933192121908 -80.1871910277889,36.0931912129248 -80.1874790281421,36.0930632136818 -80.187799028315,36.09280721484 -80.1880670275751,36.0921352170845 -80.1881990276672,36.092039217537 -80.1884230276443,36.0917832185647 -80.1887270279154,36.0915912195277 -80.1887590276746,36.0914312200189 -80.1887910269405,36.0910152212244 -80.1891270268837,36.0906152228162 -80.1895210276769,36.0905922234386 -80.1900590294508,36.0909222232768 -80.190400031226,36.0914742222114 -80.1907760328609,36.0919162215005 -80.1913090350618,36.0924852206496 -80.1918410366469,36.0927332206961 -80.1921470373526,36.0927672210279 -80.1925380379451,36.092646221916 -80.1933350389415,36.092284224055 -80.1924090331574,36.0902422285183 -80.1916620278829,36.0882922329463 -80.191256025187,36.0873312350643 -80.1911830244468,36.0870242358216 -80.191128023258,36.0864602373268 -80.1910720186158,36.0840772439405 -80.1909890175781,36.083627245082 -80.1906060162775,36.0833902451805 -80.1890930111741,36.0824842454694 -80.1863440018161,36.0808422459203 -80.1857069996255,36.0804592460203 -80.1848529966755,36.0799442461518 -80.1831839908953,36.0789472463601 -80.1821109870972,36.0782772465577 -80.1819819866202,36.0781872466064 -80.1818899862479,36.0781072466841 -80.1818049858773,36.0780202467915 -80.181731985522,36.0779272469335 -80.181689985276,36.077853247071 -80.1816509849761,36.0777492472948 -80.1814989833678,36.0771272487567 -80.1814049823308,36.0767222497153 -80.1812719806428,36.0760412513644 -80.1812669803798,36.0759172516943 -80.1812759802101,36.0758232519641 -80.1813799799168,36.0755592528441 -80.182027980619,36.0751602549378 -80.1822789809221,36.0750202557103 -80.182482981203,36.0749232562927 -80.1827559816174,36.0748122570212 -80.1830659821211,36.0747022578052 -80.1832899825166,36.0746382583296 -80.1837129833102,36.0745402592579 -80.1852319862319,36.0742202625094 -80.1873309903279,36.0737972669634 -80.1880029916489,36.0736642683859 -80.1895439946662,36.0733482716848 -80.190149995851,36.0732212729922 -80.1927790010301,36.0726782786571 -80.1939440033366,36.0724372811765 -80.1943470040664,36.0723162821561 -80.1947220046757,36.0721652831775 -80.195263005375,36.0718482849351 -80.1964360068726,36.0711422888098 -80.1968190073291,36.0708912901368 -80.1971380076187,36.0706312913892 -80.1974300077445,36.0703152927604 -80.1977190077787,36.0699512942662 -80.1980790077394,36.0694502962811 -80.198906007653,36.0682913009453 -80.1998810076967,36.0669883062829 -80.2001570078463,36.0666933075846 -80.200423008103,36.0664713086601 -80.2007470085936,36.0663003096838 -80.201096009168,36.0661413107146 -80.2016470101992,36.0659593121436 -80.2022010113419,36.0658353134105 -80.2021930112243,36.0657793135603 -80.2021640110674,36.0657303136553 -80.2021090108045,36.0656573137774 -80.2020650106246,36.0656163138245 -80.2019820103452,36.0655733138135 -80.20185600996,36.0655303137319 -80.201723009582,36.065501313598 -80.201590009225,36.0654843134292 -80.2012170083144,36.0654883128059 -80.2009460076336,36.0654803123846 -80.200777007186,36.0654623121596 -80.200678006907,36.065442312055 -80.2004390061417,36.0653423119522 -80.1997040037121,36.0649943117503 -80.1995670032279,36.0649123117615 -80.1994970029516,36.0648543118137 -80.1993680024045,36.0647263119704 -80.1992730019661,36.0646123121426 -80.1991940015544,36.0644913123611 -80.1991040010114,36.0643123127284 -80.1990430005793,36.0641553130799 -80.1989810000262,36.0639323136197 -80.19881299844,36.0632803152185 -80.1986559975194,36.0629853158066 -80.1983889964236,36.0627463160498 -80.1968679908103,36.0617483163736 -80.1963939890454,36.0614333164803 -80.1949499836418,36.060472316793 -80.194670982604,36.0602923168345 -80.1952319835019,36.0600093185861 -80.1972609867512,36.0589673249975 -80.197956987932,36.0586393271209 -80.1986369891839,36.0583703290514 -80.1993839906781,36.0581383309928 -80.2001409923039,36.0579633327896 -80.2009299941105,36.057842334487 -80.2017249960596,36.0577923359901 -80.2025079980313,36.0577723373861 -80.2032830000627,36.0577983386344 -80.2040550021187,36.0578433398217 -80.2045230033727,36.0578753405273 -80.2050400047518,36.0579073413164 -80.2079000123762,36.0580863456701 -80.2086860144755,36.0581393468537 -80.2087280145797,36.0581373469313 -80.2094650165459,36.0581863480425 -80.2107610199994,36.0582713499985 -80.21164702236,36.0583303513319 -80.2134890272623,36.058452354103 -80.2126090240008,36.0578223544954 -80.2109780180565,36.0567403549406 -80.2100130145521,36.0561213551262 -80.2094160123892,36.0557463552121 -80.2091320113341,36.0555533552949 -80.2087780099364,36.0552643555405 -80.2069920021659,36.053404357938 -80.2065220001223,36.0529243585312 -80.2057549967018,36.052098359616 -80.2053159947378,36.0516263602297 -80.2046899919243,36.050951361104 -80.2043209902483,36.0505463616367 -80.2036369871618,36.0498133625653 -80.2031479850425,36.0493443630631 -80.2025539826913,36.0489073632761 -80.2018589801302,36.0485093631901 -80.1998969734235,36.0477023620068 -80.1966239621601,36.0463663599408 -80.196714962225,36.0462663603915 -80.1967619622817,36.0462273605881 -80.1968559624279,36.0461673609301 -80.1969639626505,36.0461283612374 -80.1971799631469,36.046078361772 -80.1973149634921,36.046066362051 -80.197368963639,36.0460663621489 -80.1975039640459,36.0460883623306 -80.197612964411,36.0461263624192 -80.1979179656048,36.0463283623921 -80.1979929659168,36.0463883623556 -80.1980269660379,36.0464043623712 -80.1981289664734,36.046492362303 -80.1983459673268,36.0466393622731 -80.1984269676346,36.0466883622786 -80.1985629681111,36.0467483623518 -80.1986709684433,36.0467703624836 -80.1988059688073,36.0467693627304 -80.1988739689718,36.0467583628849 -80.1989609691395,36.0467203631515 -80.1990889692877,36.0466093637026 -80.1991289692781,36.046543363965 -80.1991209689522,36.0463733644404 -80.1991079688095,36.0463133645897 -80.199045968326,36.0461373649844 -80.1990179680153,36.046006365311 -80.1990169678944,36.0459403654992 -80.1989479673322,36.0457313659759 -80.1989549672724,36.0456873661153 -80.1989409671572,36.0456443662137 -80.1989399667997,36.045446366782 -80.1989999666481,36.045270367398 -80.1990399666391,36.0452043676609 -80.1990999666848,36.0451383679603 -80.1992009668033,36.0450503683978 -80.1998469678799,36.0446633706921 -80.2000739683005,36.0445503714329 -80.2002379685883,36.0444593719955 -80.2004469689857,36.0443603726638 -80.2007359694846,36.0441943736727 -80.201005969982,36.0440563745665 -80.2013029705916,36.0439393754496 -80.2015989712696,36.0438623762153 -80.2017409716388,36.0438503765103 -80.2018149718036,36.0438283767098 -80.2019839722472,36.0438163770544 -80.2020049722856,36.0438053771249 -80.2022749730279,36.0438053776197 -80.2029779750806,36.0438743787071 -80.2032759759169,36.0438843792239 -80.2034109763156,36.0439003794245 -80.2037419772321,36.0439043800192 -80.2037889773423,36.0438933801375 -80.2039239777115,36.0438923803877 -80.2039519777695,36.0438813804712 -80.2040869781216,36.0438703807507 -80.2044919790904,36.0437863817388 -80.2046199793857,36.0437533820701 -80.2047339795946,36.0436923824579 -80.204942979887,36.0435273833251 -80.2050359799549,36.0434173838185 -80.2051569799857,36.0432403845601 -80.2051769799656,36.043196384726 -80.2052579800387,36.0431083851332 -80.2054719800289,36.0427563865607 -80.2057459801873,36.0424043881004 -80.2059949804282,36.0421403893366 -80.2061489806295,36.0420073900127 -80.2062699807414,36.041875390625 -80.206538981116,36.041655391771 -80.206855981661,36.0414563929451 -80.2069969819604,36.0414013933688 -80.2072329825226,36.0413453939718 -80.2073819828532,36.0412953943958 -80.2075769832567,36.0412123950029 -80.2078529837289,36.0410353960389 -80.2080749840535,36.0408593969723 -80.2083769843825,36.0405513984465 -80.2084379844795,36.0405073986905 -80.2085049845551,36.0404403990138 -80.2086459846931,36.0402863997332 -80.2088539849909,36.0401154006284 -80.2089079850972,36.0400884008093 -80.2090629853388,36.0399724014429 -80.2091439855011,36.03993340171 -80.2095269861644,36.0396854031626 -80.2096959865015,36.0396024037255 -80.2101729873043,36.0392764055888 -80.2104759878854,36.0391114066484 -80.2107659884655,36.0389674076218 -80.2113789897756,36.0387124095341 -80.211587990142,36.0385754103366 -80.2116889902824,36.0384864107927 -80.2119029904941,36.0382444119198 -80.2121579905743,36.0378484135866 -80.2121979905453,36.0377604139258 -80.2121969905069,36.0377384139898 -80.2122909904889,36.0375624146948 -80.2123689902583,36.0372824156818 -80.2123829901819,36.0372104159242 -80.2125029899568,36.0368594172042 -80.2125029899214,36.0368374172702 -80.2125829898654,36.0366614179499 -80.2127299898944,36.0364194189552 -80.212729989859,36.0363974190212 -80.2128099898748,36.0362654195695 -80.2130109900224,36.0360004207476 -80.2130919901221,36.0359184211481 -80.2131579901599,36.0358244215562 -80.2132789902941,36.0356924221835 -80.2135479906842,36.0354554234092 -80.2137699909239,36.0352074245793 -80.2142189915714,36.0348054266487 -80.2144679918928,36.0345574278734 -80.214810992434,36.0342764293789 -80.2149949927676,36.0341524301065 -80.2152549932325,36.0339724311498 -80.2153349933512,36.0339014315182 -80.2153619934117,36.0338904316033 -80.2157659940475,36.0335534334002 -80.215818994166,36.0335314335689 -80.2160079945394,36.033421434266 -80.2160349945736,36.0333934344028 -80.2160889946874,36.0333664345886 -80.2161959948668,36.0332834350464 -80.2162229949276,36.0332724351318 -80.2165189954388,36.0330514363729 -80.2168689960071,36.032765437917 -80.2168889960215,36.0327374380407 -80.2175209970031,36.0321874409358 -80.2178549975311,36.0319004424571 -80.2178769975859,36.031894442518 -80.2179439976792,36.0318284428491 -80.2180779979322,36.0317394433804 -80.2182929982879,36.0315634443346 -80.2185629987698,36.0313644454666 -80.2188049992309,36.0312044464258 -80.2189389994632,36.0311004470044 -80.2192620001033,36.0309014482418 -80.219585000786,36.0307294493977 -80.2197200010898,36.0306694498447 -80.2199360016292,36.0306084504529 -80.2199900017857,36.0306074505612 -80.2200980020608,36.0305804508546 -80.2201790022887,36.030574451031 -80.2203950028529,36.0305294515905 -80.2204490030109,36.0305294516958 -80.2204760030734,36.0305184517823 -80.2206650036085,36.0305064521879 -80.2206920036709,36.0304954522744 -80.220746003829,36.0304954523797 -80.2209620044102,36.0304614529057 -80.2210970047889,36.030450453203 -80.2211240048515,36.0304394532896 -80.2212860053033,36.0304244536519 -80.2217990067086,36.0303594548535 -80.2218260067713,36.0303484549402 -80.2218800069294,36.0303484550456 -80.2220960074968,36.0303044556031 -80.2223390081583,36.0302704561826 -80.2228180094128,36.0301694574304 -80.2230410100179,36.0301364579682 -80.2231760103637,36.0301024583373 -80.223230010522,36.0301024584428 -80.2235270112947,36.0300354592309 -80.2236620116746,36.030024459529 -80.2236890117376,36.0300134596159 -80.2240940128426,36.0299564605847 -80.2241210129058,36.0299454606716 -80.2243100134443,36.0299344610755 -80.2245530140761,36.0298784617248 -80.2247150145182,36.0298554621133 -80.225282016014,36.0297384635871 -80.2256600170509,36.0296874644861 -80.2257140172095,36.0296874645919 -80.2259300177795,36.0296424651553 -80.2260110180104,36.0296374653295 -80.22620001851,36.0295984658215 -80.2262540186358,36.0295754659991 -80.2263890190012,36.0295534663323 -80.2264970192716,36.0295204666471 -80.226551019429,36.029519466756 -80.226740019922,36.029475467264 -80.2267940200808,36.0294754673698 -80.2268210201446,36.0294644674571 -80.2270910208904,36.0294304680928 -80.2274150217486,36.029363468938 -80.227469021906,36.029362469047 -80.2277120225744,36.029329469627 -80.2277930227804,36.029306469858 -80.2278460229363,36.029306469962 -80.2280090233696,36.0292734703853 -80.2285490248484,36.0291944716931 -80.2289000258498,36.0291714724543 -80.2290350262153,36.0291484727917 -80.2291700266128,36.0291484730567 -80.2294940275046,36.0291034738346 -80.2297370281581,36.0290584744536 -80.2298450284308,36.0290254747698 -80.2300610290203,36.0289914753014 -80.2301950293547,36.0289474757035 -80.2303580297884,36.0289134761312 -80.2307080306533,36.0287914772048 -80.2310590314921,36.0286474783507 -80.231328032165,36.0285584791619 -80.2314090323593,36.0285254794259 -80.2314630324739,36.0284924796367 -80.2316790329994,36.0284094803252 -80.2318400333397,36.0283094809595 -80.2320690338478,36.0281844818075 -80.2321900341437,36.0281384821921 -80.2324190346206,36.0279894831171 -80.2326070349703,36.0278354839777 -80.2327690352947,36.0277194846664 -80.2328890354949,36.0276034852726 -80.2333470363531,36.0272284873725 -80.2334000364665,36.0271954875826 -80.2337230370741,36.0269304890673 -80.2339380375241,36.0267874899498 -80.2342880382805,36.0265714913341 -80.2346650391642,36.0263894926646 -80.234827039567,36.0263284931818 -80.2349620399251,36.0262944935589 -80.2350970402557,36.0262394940035 -80.2351230403332,36.0262394940552 -80.2352140405524,36.0261994943642 -80.2353660409276,36.0261394948588 -80.2355010412875,36.0261064952332 -80.2357170418308,36.0260284959132 -80.2358250421104,36.025995496234 -80.2358520421911,36.0259954962878 -80.2359330423901,36.0259624965549 -80.2359600424708,36.0259624966087 -80.2361480429455,36.0258954971982 -80.2361750430262,36.025895497252 -80.2363910435566,36.0258064979681 -80.2371050452932,36.0254965003888 -80.2372460456448,36.0254415008473 -80.2375090462482,36.0252975018363 -80.2376440465825,36.0252425022832 -80.2378930471595,36.0251095032097 -80.2380820475865,36.0249995039425 -80.2384040482652,36.0247725053198 -80.238673048871,36.0246125063756 -80.2388610492483,36.0244635072341 -80.2389620494766,36.0244035076307 -80.2390100496272,36.0244085077108 -80.2390160496038,36.0243755078296 -80.2391780499518,36.0242645085138 -80.2394740506424,36.0241045096261 -80.2396620510638,36.0239885103796 -80.2399590517795,36.0238445114435 -80.2399850518305,36.0238225115671 -80.2403360526559,36.0236345128833 -80.2404160528293,36.0235795132229 -80.2405240530873,36.023524513619 -80.2405440531204,36.0235025137307 -80.2407530535738,36.0233585146197 -80.2411290544654,36.0231595160248 -80.2412100546428,36.0231045163671 -80.2416410556766,36.0228835179566 -80.2420450565981,36.0226355195814 -80.242207056975,36.0225415202156 -80.242260057109,36.0225195203946 -80.2427180581635,36.0222425222261 -80.2431760592622,36.0219995239486 -80.2432560594394,36.0219445242907 -80.2433100595772,36.0219225244722 -80.2435520601144,36.0217565255067 -80.2436870604595,36.0217015259608 -80.2437140605154,36.0216795260877 -80.2437950607213,36.0216455263636 -80.2440100612247,36.0215185272165 -80.2441180614954,36.0214695275967 -80.2447370629374,36.0210935300898 -80.2448990633281,36.0210055307088 -80.245060063689,36.0208945314016 -80.2451140638281,36.020872531584 -80.2451680639413,36.0208285318387 -80.2453290643171,36.0207295324926 -80.2453830644553,36.0207065326784 -80.2454370645687,36.0206625329333 -80.2456250650279,36.0205635336427 -80.2457870654067,36.0204635343027 -80.2459210657399,36.0203975347937 -80.2460020659238,36.0203425351404 -80.2462180664563,36.0202315359476 -80.2463920668618,36.0201215366661 -80.246662067523,36.0199775376935 -80.2467690677681,36.0199055381503 -80.2469020680943,36.019834538657 -80.2470110683517,36.0197675391015 -80.2472170688784,36.0196755398275 -80.2473620692263,36.0195905404057 -80.2474240693526,36.0195345407181 -80.2476140696896,36.0193185418227 -80.2478220701606,36.0191705427397 -80.2480110707184,36.0191495431971 -80.248224071408,36.0191795435346 -80.2483490717123,36.0191085440268 -80.2487660727604,36.0188995455769 -80.2493890742827,36.0185445480382 -80.2497310751787,36.0184015492181 -80.2497700752635,36.018369549405 -80.2498130753908,36.0183645495102 -80.2498800755532,36.0183245497814 -80.2500020758677,36.0182745501823 -80.2500430758828,36.0182365502188 -80.250134075959,36.018190550172 -80.2502120759862,36.0181165502471 -80.2502530760192,36.0180945502302 -80.2504880762427,36.0179985500331 -80.2506370763671,36.0179215499618 -80.2506780764104,36.0179085499148 -80.2507900765064,36.0178525498549 -80.250888076572,36.0177865498589 -80.2512860769595,36.017627549512 -80.2514870770451,36.0174445496781 -80.251779077372,36.017364549301 -80.2520480775945,36.0172165492003 -80.2524860780366,36.0170475487965 -80.2527030783093,36.017013548431 -80.2528890785276,36.016969548167 -80.2530530787401,36.0169495478718 -80.2533110790272,36.0168725475584 -80.2538840796923,36.0167255467822 -80.2539460797778,36.0167225466553 -80.25473008077,36.0165965453431 -80.254902080997,36.0165775450264 -80.2551070812552,36.0165425446899 -80.2554200816335,36.0164725442307 -80.255525081778,36.0164665440188 -80.2556550819425,36.0164445438046 -80.2563600829399,36.0164305422948 -80.2564120830038,36.0164195422163 -80.2564900831147,36.0164185420474 -80.2565680832159,36.0164075419116 -80.2566720833437,36.0163855417547 -80.256933083697,36.0163635412511 -80.257012083794,36.0163465411328 -80.257090083905,36.0163455409639 -80.2571690840339,36.0163615407367 -80.2572730841833,36.0163615405071 -80.2573510843049,36.0163715403019 -80.2574290844111,36.0163655401495 -80.2577690848365,36.0162995396165 -80.2579250850455,36.0162835393248 -80.2580290851742,36.0162615391677 -80.258212085442,36.0162665387471 -80.2585000858496,36.0162595381342 -80.2585260858954,36.0162685380472 -80.2587080861674,36.0162795376091 -80.2587600862515,36.0162895374614 -80.2591520867983,36.0162715366551 -80.2594920873092,36.0162955358254 -80.2597000876017,36.0162885353892 -80.2598830878694,36.0162935349687 -80.2599610879905,36.0163035347636 -80.2603530885377,36.0162855339572 -80.2607700891728,36.0163255329051 -80.2609010893601,36.0163245326192 -80.260978089477,36.0163315324262 -80.2609560898767,36.0168175308798 -80.2609110910535,36.0182145263939 -80.2608570924411,36.0198595211132 -80.2608290931923,36.020746518263 -80.2607010952364,36.023229510391 -80.2605880970293,36.0253965035212 -80.2605140986892,36.0273514972612 -80.2604720991624,36.0279354954338 -80.260412100732,36.0297624895623 -80.260361102031,36.0312724847118 -80.2603031030535,36.0324804808675 -80.2602431041344,36.0337524768166 -80.2602401043504,36.0339954760247 -80.2601031066189,36.0366654675424 -80.2600321078161,36.0380664630884 -80.2598921101781,36.0408174543409 -80.2601191103591,36.0407824539808 -80.2607581108405,36.0406504530767 -80.2620581117487,36.0402874515445 -80.2643431133967,36.0396554488207 -80.2648761138336,36.0395624480058 -80.2670231156653,36.0392554444985 -80.2682621167341,36.0390774424745 -80.2685861170396,36.0390644418359 -80.2688331172958,36.0390864412456 -80.2702541188194,36.0392904375994 -80.2716471193205,36.0380244387655 -80.2720161194424,36.0376544391835 -80.2723681195168,36.0372294398136 -80.272668119528,36.0367794406328 -80.2729431194882,36.0362814416584 -80.2734361189688,36.0346584458476 -80.2735071188865,36.0344084465027 -80.273767118632,36.0335584486893 -80.2740431183546,36.0326284510973 -80.2741791181904,36.0321194524463 -80.274371118027,36.0315044540163 -80.2745401178801,36.0309514554349 -80.2748491175706,36.0298564582961 -80.2767501197665,36.0298384542776 -80.2770671201144,36.0298024537132 -80.2774021204412,36.0296894533569 -80.2778441208476,36.0294904530461 -80.2791141220147,36.028878452277 -80.2798791226813,36.0284064521402 -80.2811371237814,36.0275714520954 -80.2814891241023,36.0273494520441 -80.2819271245481,36.0271644516886 -80.2826291253484,36.0270454505529 -80.2842911273026,36.0268754475064 -80.284802127883,36.0267664467491 -80.2860501292461,36.0263294454376 -80.2863831296156,36.0262184450691 -80.286628129904,36.0261794446628 -80.2873401307788,36.026165443168 -80.289688133686,36.0261834380358 -80.2903701345297,36.0261874365491 -80.2906901349338,36.02621843576 -80.2909991353487,36.0263404347089 -80.2930921381234,36.0271854275406 -80.2942681396535,36.0276734234789 -80.2989241454847,36.0296354073578 -80.299115145714,36.0296974067556 -80.2994951461655,36.0297894056552 -80.3009121478252,36.0299754020408 -80.3027551499672,36.0301993973986 -80.3028231500457,36.0302003972498 -80.3029241501625,36.0302113969995 -80.303128150398,36.0302203965347 -80.3031611504359,36.0302133964855 -80.3043141517655,36.030214394012 -80.3048671524031,36.0302303927779 -80.3065571543465,36.0303433888103 -80.3130371616781,36.0310493727855 -80.3136951624113,36.0311253711476 -80.313815162584,36.0309343714705 -80.3145781637032,36.0297253735018 -80.3149571642977,36.0290103748542 -80.3156141653176,36.0279323767041 -80.3160461660131,36.0271853780323 -80.3164381665965,36.0267483785072 -80.316920167289,36.0263463786804 -80.3184241693447,36.0256373775662 -80.3190341701907,36.0253503771098 -80.3199621715137,36.0248433766238 -80.3202211718908,36.0246883765279 -80.3207061725662,36.0245033760314 -80.321761174127,36.0238783756154 -80.3231611763692,36.0227103760664 -80.3233381766571,36.0225633761203 -80.3235961771793,36.0220923769656 -80.3237221775305,36.0216223780948 -80.324179178459,36.0208253794764 -80.3242901786955,36.0206103798754 -80.3245501792615,36.0200863808699 -80.324713179583,36.0198453812317 -80.3250201801096,36.0195893813222 -80.3253281805947,36.0194413810879 -80.3259481814807,36.0193623799633 -80.3264781822769,36.0192123792469 -80.3271391833243,36.018917378673 -80.3283321851401,36.018579377056 -80.3285091853873,36.018577376673 -80.3289051860299,36.0183933763481 -80.3296561871931,36.0181683753632 -80.330006187854,36.0178403755637 -80.3301781882672,36.0175143761491 -80.3310061899309,36.016603377016 -80.3310571901142,36.0164003775029 -80.3313971907905,36.0160583777617 -80.3316531914814,36.0154793789043 -80.3316671925443,36.0136043844046 -80.3317491928887,36.0132063853965 -80.3319211933297,36.0128803859755 -80.3322091945423,36.0115073893819 -80.3324671952291,36.0109993903032 -80.3333441969516,36.0103773901751 -80.3335621974429,36.0101223904377 -80.335279201097,36.0085823911138 -80.336491203742,36.0074943915789 -80.3394232102574,36.0050103922215 -80.3402162118495,36.0046413915023 -80.340613212598,36.0045283909327 -80.3414992141728,36.0044113892673 -80.3418942150329,36.0041543891189 -80.3419742152988,36.0039833894339 -80.3420082153639,36.0039733893859 -80.3423192158907,36.003971388687 -80.3424432160784,36.0039993883249 -80.3427402165884,36.0039883876838 -80.3429032168464,36.0040103872508 -80.3430652171159,36.0040153868693 -80.3431732172847,36.0040323865753 -80.3432542174167,36.0040383863745 -80.3434162176901,36.0040383860075 -80.3435522179283,36.0040273857312 -80.3435782179634,36.0040383856405 -80.343740218228,36.0040493852416 -80.3439032185167,36.0040323849215 -80.3441732189408,36.0040713841971 -80.3443892192692,36.0041153835806 -80.3446322196157,36.0041923828077 -80.3448222198723,36.004269382155 -80.3450182201068,36.0043843813791 -80.3450662201535,36.0044253811521 -80.3452742203719,36.0045823802281 -80.3455922206101,36.004933378496 -80.3456872206946,36.0050213780274 -80.345754220732,36.0051093776221 -80.3458082207848,36.0051533773732 -80.3467002214354,36.0061203725725 -80.3470062216406,36.0064633708951 -80.3472682218223,36.0067463694904 -80.3472942218262,36.0067903693053 -80.3473492218774,36.0068343690548 -80.3476322220672,36.0071423675318 -80.3479162222355,36.0074723659443 -80.3488892228527,36.0085263607315 -80.3489842229243,36.0086143602658 -80.3490112229273,36.008658360079 -80.3494162231684,36.0090983579089 -80.349497223236,36.0091643575381 -80.3495852232749,36.0092733570285 -80.3496802231405,36.0095813559331 -80.3497202231221,36.0096693555914 -80.3497342230831,36.0097353553709 -80.3497612230848,36.0097793551844 -80.3497882230254,36.0098893548088 -80.3498152230269,36.0099333546223 -80.3498562229892,36.0100433542154 -80.349950222851,36.0103503531258 -80.3499912228331,36.0104383527821 -80.3500582227325,36.0106583520023 -80.3500992227141,36.0107463516587 -80.3501802225941,36.0110093507248 -80.350261222534,36.0112073499771 -80.3503012224514,36.011361349447 -80.3503282224517,36.0114053492608 -80.3503422224114,36.0114713490406 -80.3503692224116,36.0115153488545 -80.3503962223507,36.0116243484823 -80.3505722221646,36.012108346705 -80.3505852221222,36.0121743464871 -80.3507072219866,36.0125143452428 -80.3507472219016,36.0126683447132 -80.350829221838,36.0128663439645 -80.3509502216662,36.0132393426288 -80.3510252216531,36.0133713420847 -80.3512202216928,36.0136353408969 -80.3513962217818,36.0138163399889 -80.3514642218033,36.0138993396008 -80.3517272219827,36.0141183383917 -80.3520102222331,36.0142923372673 -80.3521732223804,36.0143883366319 -80.3522272224387,36.0144103364494 -80.3524642226384,36.0145633354876 -80.3525922227188,36.0146733348902 -80.3526402227352,36.014728334627 -80.3530382229876,36.0150633327907 -80.3531932230501,36.0152283319775 -80.3536912233031,36.0156993295346 -80.3538452234012,36.0158233288413 -80.3544782238624,36.0162683261771 -80.3546012239461,36.0163593256469 -80.3548082241477,36.0164523249256 -80.3550012242965,36.0165763241474 -80.3550592243299,36.0166243238831 -80.3551402243547,36.0167123234545 -80.355221224403,36.0167773230912 -80.3553022244273,36.0168653226627 -80.3553432244172,36.0169313223849 -80.3553432243943,36.0169533223225 -80.3553832244044,36.0169983221065 -80.3555592243804,36.0172613209722 -80.3556342243947,36.0173493205572 -80.3558092243436,36.0176343193632 -80.3559112242793,36.017832318577 -80.3560322242408,36.0180303177493 -80.3560322242177,36.0180523176869 -80.3560862241773,36.0181623172562 -80.3561132241223,36.0182503169473 -80.3561952240519,36.0184253162709 -80.3562352240379,36.0184913159959 -80.3562352240146,36.0185133159335 -80.3562892239966,36.0186013155654 -80.3562892239734,36.0186233155031 -80.3563772239324,36.0187773148733 -80.3564782238386,36.0189973140281 -80.3565122238389,36.0190413138288 -80.3566272237175,36.0193043128313 -80.3567352236547,36.0195023120335 -80.3568162235776,36.0196783113575 -80.3569252235381,36.0198543106202 -80.3571002233759,36.0202273091809 -80.3571412232658,36.0203813086552 -80.3571412231238,36.0205133082817 -80.3570602226608,36.0208423075275 -80.3570122223129,36.0211063068851 -80.3569782221022,36.0212603065234 -80.3569112218016,36.0214573061119 -80.3568572216355,36.0215453059806 -80.3568302215055,36.0216333057904 -80.3567622212688,36.0217703055508 -80.3567222211507,36.0218313054653 -80.356668220933,36.0219683051951 -80.3565932207115,36.0220833050329 -80.3564982204809,36.0221823049595 -80.3563502200878,36.0223693047522 -80.3561942197033,36.0225393046103 -80.3560592193241,36.02273130436 -80.3559512189979,36.022907304096 -80.3558942187273,36.0230943036897 -80.355721218199,36.0233843032434 -80.3556702180724,36.0234423031897 -80.3555432178134,36.0235333032076 -80.3551592171287,36.0237163035228 -80.3549192167005,36.0238323037147 -80.3547172163263,36.0239443038353 -80.3545612160098,36.0240583038501 -80.3544702158137,36.024136303826 -80.3541772151592,36.0244123036771 -80.354018214791,36.0245763035555 -80.3539132145427,36.0246903034589 -80.3535662136941,36.0250983030497 -80.3533762132963,36.0252573030085 -80.3531802128594,36.025449302886 -80.353059212582,36.025576302786 -80.3528152119743,36.0258833024389 -80.3527752118595,36.0259493023373 -80.3525452111214,36.0264103015199 -80.3525182110018,36.0264983013273 -80.3524402107413,36.0266663010165 -80.3524232106695,36.0267183009049 -80.3524102104763,36.0268993004166 -80.3524032102797,36.027091299884 -80.3524102102021,36.0271792996178 -80.3524912100199,36.0274652986274 -80.352534209903,36.0276372980441 -80.3525862097996,36.0278062974502 -80.3525852097345,36.0278712972669 -80.3526262096538,36.0280032968022 -80.352667209638,36.0280692965257 -80.3527342096314,36.0281572961306 -80.3528962096291,36.0283552952175 -80.3532012095991,36.028750293436 -80.353281209606,36.0288382930134 -80.3533362096271,36.0288822927699 -80.3534952096295,36.0290672919014 -80.3535722096187,36.0291682914484 -80.3537072096445,36.0293002907828 -80.353741209635,36.0293492905703 -80.3539782096961,36.0295632894526 -80.3541672096932,36.0297832884213 -80.3543832097198,36.0300032873325 -80.3547042097876,36.0302992858032 -80.3550032097705,36.0306492841685 -80.3552682097407,36.0309702826898 -80.3559882096905,36.0317962788073 -80.3562512096637,36.032100277384 -80.3567302089613,36.033258273082 -80.3568492088108,36.0335202720868 -80.3570142085412,36.0339382705524 -80.3574812077555,36.0351282661936 -80.3575732075464,36.035410265201 -80.3576012075421,36.035441265054 -80.3576822074834,36.0355732645091 -80.3577902072377,36.0359022633502 -80.3578312071843,36.0359902630147 -80.3579262071145,36.0361442623784 -80.3580072071018,36.0362322619583 -80.3580812070817,36.0363202615532 -80.3581892070238,36.0364742608897 -80.3583322069988,36.0366302601469 -80.3584392069659,36.0367592595565 -80.358534206959,36.0368532590904 -80.358791206983,36.0370672579437 -80.3588622069305,36.0371792574777 -80.3589932069226,36.0373052568458 -80.3595712068144,36.0379192538957 -80.3596892068134,36.0380242533512 -80.3597652068235,36.0380822530277 -80.3598462068439,36.0381352527078 -80.3599602068821,36.0382012522818 -80.3604612070979,36.0384462505375 -80.3605692071287,36.0385122501245 -80.3607852072273,36.0386112493915 -80.3608662072504,36.0386602490834 -80.3609202072837,36.038677248922 -80.361083207343,36.0387642483346 -80.3614612075208,36.0389292470761 -80.3616782076039,36.039039246311 -80.3622612077615,36.0393862441122 -80.3629032079495,36.0397482417494 -80.3631272080109,36.0398762409208 -80.3632282079874,36.0399762404288 -80.3633722074425,36.0405432385385 -80.3634182072619,36.0407292379212 -80.3636212057983,36.042098233663 -80.3636542055345,36.0423412329138 -80.3637332050214,36.0428242313968 -80.3637482049585,36.0428872311892 -80.363855204296,36.043512229217 -80.3640602039911,36.0439112276741 -80.3646552034966,36.0447362241314 -80.3647902032759,36.0450092230885 -80.3650782030246,36.0454102213713 -80.3656652025294,36.0462022179454 -80.3658342024522,36.0463752171134 -80.3661082021654,36.0467822154122 -80.3662472018837,36.0470952142526 -80.3663022019711,36.0470612142339 -80.3727082125898,36.0431622117659 -80.3735552140695,36.0426472114205 -80.375528217648,36.0414042107193 -80.3760032180186,36.0414512095976 -80.3769732187888,36.0415362073377 -80.3780882197327,36.041592204855 -80.3780752176882,36.0429442011881 -80.3797292191535,36.0429521977212 -80.3843252231851,36.0429971880268 -80.3870942256371,36.0430081822304 -80.3871002254467,36.0431241819059 -80.3890612271671,36.0431381777855 -80.389397227466,36.043138177086 -80.389432227419,36.0431831768926 -80.3895522272928,36.0433171762839 -80.3914862287783,36.0434451719173 -80.3921172292621,36.0434861704951 -80.3921202298161,36.0431781713101 -80.3934212308141,36.0432651683703 -80.3943702315418,36.0433271662304 -80.3948772318209,36.0434191649312 -80.396093233264,36.0432221629227 -80.3988282356532,36.0432421571768 -80.3989902358027,36.0432391568476 -80.3992932360639,36.0432431562063 -80.4001182367939,36.0432441544865 -80.4003772369061,36.0433041537897 -80.4007352369481,36.043444152677 -80.4009542368104,36.0436121517804 -80.4011132368319,36.0436721512923 -80.401363236731,36.0438341503475 -80.4018992368539,36.0440081487774 -80.4021062366774,36.0441871478784 -80.4022522367462,36.0442161474992 -80.4023602368179,36.0442271472461 -80.402901237289,36.0442261461251 -80.4029282373345,36.0442151460978 -80.4030362374383,36.0442101458866 -80.4031112375819,36.0441711458328 -80.4031652377175,36.0441271458357 -80.4033062382397,36.0439291460602 -80.4033402384026,36.0438631461621 -80.4035222390958,36.0435991464736 -80.4036292395464,36.0434231467108 -80.4038312403031,36.0431381470347 -80.4038532403998,36.0431001470882 -80.4045312409993,36.0431021456713 -80.4058322421469,36.0431071429494 -80.4064702427023,36.0431131416054 -80.4064742424329,36.0432441412566 -80.4067772426829,36.0432531406026 -80.4072322430719,36.0432601396373 -80.4093532449551,36.0432591352253 -80.4095072446133,36.0434821343284 -80.4096492447279,36.04348713402 -80.4104502453502,36.043526132253 -80.4106862455864,36.0435131317956 -80.4117642466552,36.0434591296921 -80.4122812471975,36.0434201287169 -80.4130722479784,36.0433831271661 -80.415441250069,36.0433851222315 -80.4154622502802,36.0433001224051 -80.4165052510946,36.0433481201119 -80.416770251352,36.043338119586 -80.4182832528356,36.043276116595 -80.4188032532756,36.0432851154899 -80.4188752533277,36.0432901153273 -80.4222732560097,36.0434271079093 -80.4238952574939,36.0434061045874 -80.426006259191,36.0434741000245 -80.426734259796,36.0434890984725 -80.4267392596606,36.0435450983218 -80.4304182626835,36.0436300904579 -80.434419265793,36.0437840817571 -80.4516642806172,36.043879045679 -80.4527162813705,36.0439340433614 -80.4531462819615,36.0438630426368 -80.4535222808507,36.0443360407304 -80.4541072783746,36.0453120371973 -80.4544562771964,36.0457930353325 -80.4548042760075,36.046275033469 -80.4555212740824,36.0470910300538 -80.4558872730397,36.0475240282737 -80.456091271596,36.0480430266252 -80.4565302695176,36.048824023875 -80.4568242681242,36.0493450220399 -80.457247265764,36.0502050191414 -80.4572732655993,36.0502640189488 -80.4575162642144,36.050765017269 -80.4579182618148,36.051625014419 -80.4581412595082,36.0524110121114 -80.4582722576999,36.0530160104191 -80.4583622549809,36.0539010081513 -80.4583922531341,36.0544950066914 -80.4584212512827,36.0550900052312 -80.4583752488113,36.0558670034943 -80.4584302471703,36.0564000021278 -80.4585172451293,36.0570660003839 -80.4586522438006,36.057513999057 -80.4589322420278,36.058128997046 -80.4591942406168,36.058623995355 -80.4595152395851,36.0590079938076 -80.4599112384379,36.0594399919982 -80.4604472370737,36.0599619896989 -80.4605092369195,36.0600209894364 -80.4609832357013,36.0604829874045 -80.4615002343043,36.0610049851484 -80.4620182329001,36.0615259828951 -80.4626112313837,36.0620899803945 -80.4629882308838,36.0623029791461 -80.4635902304169,36.0625389773968 -80.4642192303553,36.0626529758791 -80.4647882304579,36.062706974621 -80.4655352307746,36.0627219730996 -80.4667002313913,36.0627079708136 -80.4676692321492,36.0626229690816 -80.4683542329578,36.0624819680436 -80.468933233758,36.0623289672435 -80.4696092348563,36.0621029664174 -80.4705292363458,36.0617999652803 -80.4710632373792,36.0615759647295 -80.4716102386768,36.0612779643214 -80.4723342405813,36.0608319638969 -80.4730192427258,36.0603139637121 -80.4737082455988,36.0595899639864 -80.4742702484582,36.0588549645361 -80.4746172507364,36.0582559652044 -80.4748602529546,36.0576589660757 -80.4750432551841,36.0570499670939 -80.4751092568337,36.0565879680127 -80.4751602585171,36.0561139689888 -80.4751522601187,36.0556529700545 -80.4750852614662,36.0552539710986 -80.4750042625528,36.0549269720073 -80.4748712636425,36.0545889730467 -80.4746512655137,36.0540089748148 -80.4743412675647,36.0533579769289 -80.4741512694068,36.0527889786134 -80.4740532709733,36.05231697989 -80.4740472721013,36.0519899806484 -80.4741002734862,36.0516009814278 -80.474199274569,36.0513089818917 -80.4743422758586,36.0509669823793 -80.4744872767698,36.0507349826117 -80.4747202781332,36.0503919829164 -80.474881278851,36.0502199829785 -80.4751752798856,36.0499859829089 -80.4754712807534,36.0498009827231 -80.4758262815877,36.0496389823634 -80.4763372827639,36.049413981826 -80.4769902840852,36.0491799810164 -80.4777242855956,36.048911980116 -80.4781322864458,36.0487609796193 -80.4787552877753,36.0485229788764 -80.4795162894979,36.0482069780242 -80.479896290366,36.0480479776006 -80.4805262918697,36.0477679769338 -80.4811562933842,36.0474869762677 -80.4819552954227,36.0471009754869 -80.4830422983397,36.046541974496 -80.4835012996226,36.0462939741026 -80.484003301217,36.0459719737845 -80.4844743028326,36.0456389735537 -80.4850043048214,36.0452199733911 -80.4853713064065,36.0448749733994 -80.4858963095293,36.044152973918 -80.4863053116593,36.0436749741316 -80.4865553125667,36.043489974023 -80.4868663133996,36.0433399737093 -80.4872523142116,36.0432139731857 -80.4876683149624,36.043111972546 -80.4883983159651,36.0430179712342 -80.4891153166649,36.0430019697764 -80.4894733170182,36.0429929690507 -80.4902053175652,36.0430209674644 -80.4907673177697,36.0430989661222 -80.4913513178546,36.0432129646554 -80.4919073177703,36.0433639631661 -80.4923583174443,36.0435529618125 -80.492750317063,36.0437419605825 -80.4931283164316,36.0439919592485 -80.4943403137822,36.0449479546397 -80.4954473113256,36.0458199504422 -80.4962813091902,36.0465429471421 -80.4968403096289,36.0465479459763 -80.4997733119056,36.0465799398476 -80.5004563112235,36.0465889384032 -80.5077602976074,36.0466879228847 -80.5205332739504,36.0468468958097 -80.528151259875,36.0469498796665 -80.5308902548079,36.0469928738553 -80.5314352538083,36.046998872704 -80.5348802474648,36.0470468654098 -80.545422228243,36.0471448431927 -80.5492602212575,36.0471818351074 -80.549584220666,36.0471858344235 -80.5513142175197,36.0472028307795 -80.5599672018121,36.047286812564 -80.5676001879647,36.0473757964863 -80.5708101821582,36.0474107897326 -80.5711161816056,36.0474137890895 -80.5742231759873,36.0474507825505 -80.5791991670137,36.0475037720915 -80.5801421653166,36.0475127701114 -80.5912291453816,36.0476357468234 -80.5920571438976,36.0476437450868 -80.5932071418417,36.04765074268 -80.5952721381328,36.047680738338 -80.5983701325613,36.0477407318093 -80.6038981225796,36.0479337200754 -80.6053011200559,36.0479837170998 -80.6054371198159,36.0479827168177 -80.6054911197121,36.0479937166935 -80.6068341173052,36.0480357138529 -80.6089771134654,36.0481127093123 -80.6100791114952,36.0481517069793 -80.6139501045997,36.0482796988001 -80.6149351028507,36.0483106967219 -80.616650099807,36.0483716930986 -80.6192860951456,36.0484526875453 -80.6200480937995,36.0484796859375 -80.6204930930142,36.0484946849995 -80.6241360866019,36.0486096773324 -80.6260870831791,36.0486656732346 -80.6301540760657,36.0487886646947 -80.6335460701577,36.048902657571 -80.6371820638589,36.0490586499186 -80.6392020603748,36.049145645672 -80.6410980570974,36.0491786417238 -80.6416990560731,36.0492266404463 -80.6419700556044,36.0492286398842 -80.6426200545066,36.0492996384901 -80.6427450542752,36.0492616382577 -80.6442170517493,36.0493116351786 -80.6557220321926,36.0497396111441 -80.6572280296542,36.049794608006 -80.6618610218789,36.0499655983621 -80.6637080187936,36.0500345945216 -80.6644640175338,36.05006359295 -80.675532999289,36.0505205699804 -80.6803699914222,36.050725559974 -80.6896239765248,36.0511085408892 -80.6925189719114,36.0512295349335 -80.6931949708368,36.0512575335439 -80.6935939599557,36.0460555335832 -80.693662958072,36.0451615335847 -80.693962949206,36.0409545336282 -80.694221941531,36.0373435336414 -80.6942669402241,36.0367325336391 -80.6945149329583,36.0333485336191 -80.6946899278819,36.0310015335884 -80.6950319168133,36.0258795335839 -80.6954039064917,36.0212195334051 -80.6954639048282,36.020473533372 -80.6955389025438,36.0194415333439 -80.6961758819254,36.0101755331094 -80.6964558747356,36.0070715328369 -80.6966688681935,36.0042065326846 -80.6972578608455,35.9962145145758 -80.6987708738584,35.9757134173109 -80.6988598746345,35.9745214116308 -80.6995008804921,35.9657163696461 -80.6997748828452,35.9621693526489 -80.6999858847496,35.9593513391496 -80.7006938914618,35.9496502926314 -80.7008988934214,35.9468572792055 -80.7009608940627,35.9459612749077 -80.7009848942746,35.9456552734306 -80.701221896542,35.942450257996 -80.7016569007589,35.936558229578 -80.7018849030331,35.9334262144588 -80.7024069081812,35.9263891803958 -80.7024909090449,35.9252271747705 -80.702930913569,35.9191811454551 -80.7032039163215,35.9155231276647 -80.7037949223955,35.9075670889023 -80.7046049308106,35.8967590360449 -80.7050779358322,35.8904350050274 -80.7051539366314,35.8894340001071 -80.705568941437,35.8835369712138 -80.706108947448,35.8762069351244 -80.7061599480289,35.8755059316708 -80.7065409523318,35.8703349061503 -80.7069099565474,35.8653228813726 -80.7073619617597,35.8591948510166 -80.7076209647551,35.8557048336932 -80.707626964858,35.8555898331327 -80.7076389649655,35.8554608324817 -80.7077669664879,35.8537018237527 -80.7078219671321,35.8529578200554 -80.7078349671751,35.8528938197021 -80.709972970034,35.8468327822211 -80.7104689707399,35.8454277734885 -80.7112869719348,35.8431157590758 -80.7128249742965,35.8387747318879 -80.7163889804552,35.8286416679466 -80.7180239838337,35.8237496371742 -80.7181139839809,35.8235206356672 -80.7188579851994,35.8216426232638 -80.7215779908288,35.8139935738754 -80.7217959913092,35.8133735698629 -80.7229259938359,35.8101725490761 -80.7238309959181,35.8076115323812 -80.7238959960652,35.8074315311991 -80.7271640040726,35.7981684703826 -80.7292670095944,35.7922154309176 -80.7306650134321,35.7882554045106 -80.7329100198725,35.7818933618249 -80.7385090374063,35.7660262539378 -80.7385760376344,35.7658322526138 -80.7398640419695,35.7621832275065 -80.7442620569118,35.7497101426282 -80.7446890554575,35.7484981415104 -80.7447430552715,35.7483431413724 -80.7476090454549,35.7402241344633 -80.751708029102,35.7285831444459 -80.7520920273231,35.727494147748 -80.7541170181118,35.7217461648587 -80.7561270092587,35.7160401813301 -80.7609269892949,35.7024202185916 -80.7615489868287,35.7006552232069 -80.7618109858025,35.6999162251325 -80.765089973315,35.6906052485507 -80.7653709722789,35.6898052504958 -80.767102966031,35.6848892622531 -80.7675909643068,35.6835012654993 -80.7711399522964,35.6734232881891 -80.771579950858,35.6721592909003 -80.7709719493079,35.6697212898412 -80.7709369492153,35.6695782897839 -80.7693599450036,35.6632422873631 -80.7692019445641,35.662603287148 -80.7688559435974,35.6612092866888 -80.7684859425533,35.6597222862192 -80.7680859414051,35.658110285742 -80.7677339403888,35.6567002853399 -80.7650599322132,35.6459392830455 -80.7649519318692,35.6455062829785 -80.7640299288702,35.6417942825038 -80.7635269271986,35.6397702823083 -80.7626649242358,35.6362612821122 -80.7624259234485,35.6353382820401 -80.7619599218259,35.6334642819905 -80.7618199213322,35.632899281985 -80.7599389145221,35.6253252822363 -80.759494912865,35.6235402823858 -80.7578789066379,35.6170172832525 -80.757681905874,35.6162352833778 -80.7567929023288,35.6126582840752 -80.7557658981296,35.6085222850609 -80.7554578968476,35.607280285395 -80.7548828944344,35.6049672860587 -80.7541658913732,35.6020782869743 -80.7530978866513,35.5977142885724 -80.7528818857643,35.5969082888406 -80.751052877478,35.5895372920173 -80.7510428774277,35.5894932920403 -80.7508088763428,35.5885502924905 -80.7482518660245,35.5782473048393 -80.7479468648918,35.5770173066562 -80.746215858504,35.5700393166519 -80.7459628575789,35.5690223180652 -80.7456668564872,35.5678223197148 -80.745226854884,35.5660533221229 -80.7436148490161,35.5595453306785 -80.7423998446434,35.5546523368097 -80.7422138439539,35.5538823377449 -80.7421318436779,35.5535683381312 -80.7419408429925,35.5527973390638 -80.7399078357641,35.5446083485722 -80.7397948353521,35.5441413490896 -80.7403098343867,35.5436483490651 -80.7404808340514,35.5434713490715 -80.7406868336138,35.5432273491088 -80.7408638332231,35.5430043491547 -80.7410028328369,35.5427563492586 -80.7410398325829,35.5425513494134 -80.7410398323491,35.5423363496098 -80.7410368320831,35.5420893498381 -80.7410418317994,35.5418323500686 -80.7410418315504,35.5416033502778 -80.74110983133,35.5414533503572 -80.7412138311825,35.5413983503196 -80.7414268309203,35.5413223502094 -80.7416388306817,35.5412673500813 -80.741875830338,35.5411353500045 -80.7420388301341,35.5410743499246 -80.7421008300044,35.5410033499391 -80.7421728298869,35.5409513499276 -80.742173829741,35.5408183500516 -80.7421608296506,35.5407253501497 -80.7420898296234,35.5406453502837 -80.7419418295893,35.5404993505427 -80.7418048295384,35.5403463507983 -80.7416438294872,35.5401743510903 -80.741524829406,35.5400073513421 -80.7414408292605,35.5398083515941 -80.7413668291142,35.539616351831 -80.7413618289008,35.5394163520191 -80.7413378284467,35.5389803524396 -80.7412838282521,35.5387593526855 -80.7411988281503,35.5385993528992 -80.7410578280918,35.5384353531597 -80.740969828034,35.5383133533398 -80.7409648278752,35.5381633534804 -80.7410038276289,35.5379673536291 -80.7410558271528,35.5375703539519 -80.7411068268733,35.5373533541116 -80.7411408266507,35.5371753542488 -80.7410968265089,35.537010354433 -80.7410178263578,35.5368093546757 -80.7408948262705,35.5366323549285 -80.740864825994,35.5363543552036 -80.7408668245727,35.5350483563903 -80.7408578245739,35.5350423564021 -80.7407208244189,35.5347913567264 -80.7405788243228,35.5345903570075 -80.7405438238956,35.5341693574119 -80.7405508236018,35.5339043576463 -80.7405998233998,35.5337573577458 -80.7406338232173,35.5336163578503 -80.7406248231262,35.5335253579387 -80.7406698229548,35.5334033580189 -80.7406228228792,35.5332963581471 -80.7405988227435,35.5331523582933 -80.740689822441,35.5329463584195 -80.7407848221404,35.5327453585393 -80.740833821973,35.5326303586117 -80.740805821831,35.532477358769 -80.7408738216242,35.5323413588486 -80.7408238214611,35.5321513590536 -80.7405688214704,35.5319563593935 -80.7403538214051,35.5317243597391 -80.7402588211609,35.5314233600691 -80.7400328209039,35.5310053605832 -80.7398298205905,35.5305533611094 -80.7396868204853,35.5303413613835 -80.7395458204782,35.5302213615741 -80.7393438203805,35.529968361917 -80.7392568201099,35.5296483622484 -80.7389848197623,35.5291073628779 -80.7387068194347,35.528579363493 -80.7384668190475,35.5280263641021 -80.7382638187278,35.527565364607 -80.7380378183533,35.5270343651793 -80.7379288179529,35.5265743656257 -80.7376668176771,35.5261043661562 -80.7375248172214,35.5255653666791 -80.7373828169655,35.5252113670446 -80.7373078167431,35.5249433673041 -80.7372908167043,35.5248933673538 -80.737315816666,35.5248783673542 -80.7373478165643,35.5248103673954 -80.7373488165128,35.5247633674341 -80.737309816459,35.5246813675209 -80.7372878163201,35.5245343676536 -80.7370978146169,35.5227963691804 -80.7369418118051,35.520055371505 -80.7368328098291,35.5181283731277 -80.7367208088146,35.5170913740137 -80.7367048087258,35.5169953740971 -80.736641808486,35.5167193743419 -80.7365998083112,35.5165213745161 -80.7365118078384,35.5160073749606 -80.7364848076715,35.5158293751131 -80.7364208073943,35.5155173753844 -80.736362807201,35.515288375586 -80.7363248067454,35.5148323759655 -80.7363528064629,35.5145933761518 -80.7364008062008,35.5143903763043 -80.7364988054929,35.5138153767474 -80.7365388053261,35.5136943768365 -80.7366058050238,35.5134703770034 -80.7366588047729,35.5132823771448 -80.7367688042136,35.512856377469 -80.7368408039193,35.5126443776275 -80.7368468037373,35.5124803777609 -80.7368648036282,35.5123943778278 -80.7369138034313,35.5122533779336 -80.7369968030051,35.5119283781847 -80.7370238028833,35.5118383782536 -80.7371128022456,35.511322378663 -80.7372338017322,35.5109493789504 -80.7372688015188,35.5107813790838 -80.7373408010266,35.5103863794001 -80.7374048008284,35.5102573794972 -80.7374758004749,35.5099903797088 -80.7375118003068,35.5098653798078 -80.7375228001328,35.5097133799332 -80.7375517999118,35.5095333800795 -80.7375587997997,35.5094353801605 -80.7375867995084,35.5091893803626 -80.7375587992832,35.5089563805614 -80.737558799073,35.5087613807246 -80.7375887988467,35.5085773808749 -80.7376237986826,35.5084553809729 -80.7376777984555,35.5082913811041 -80.7377097983405,35.5082123811667 -80.7377177982576,35.5081423812246 -80.7376477981685,35.5079993813525 -80.7372447982216,35.5077003816449 -80.7370747981894,35.5075233818087 -80.7370437980729,35.5073883819231 -80.7371377974133,35.5068573823536 -80.7372057967335,35.506285382822 -80.7372467961694,35.5057973832241 -80.737580795864,35.5058043831978 -80.7427187910756,35.5058273828605 -80.7556397914074,35.5058873858297 -80.7604497974685,35.5059093887826 -80.7634128012003,35.5059223906045 -80.7664598050366,35.5059353924801 -80.7682558072976,35.5059433935862 -80.7755488164757,35.5059763980841 -80.7802308223638,35.5059964009779 -80.7841648273096,35.5060134034125 -80.7842728273249,35.505836403541 -80.7843438273267,35.5057074036294 -80.7843638272388,35.5055404036993 -80.7844138272524,35.505467403755 -80.7845258273376,35.5053844038515 -80.7846008273581,35.5052744039344 -80.7847268273424,35.5050144040982 -80.7848308273338,35.5048054042305 -80.7850708273083,35.5043114045357 -80.7852078273018,35.5040394047044 -80.7854748273203,35.5035524050145 -80.7855048273085,35.5034764050558 -80.7856478272967,35.5031804052302 -80.7856898272855,35.5030814052849 -80.7856958272041,35.5029464053308 -80.7857088271556,35.5028474053692 -80.7857328271187,35.5027444054148 -80.7858118271347,35.5026134054991 -80.7858398269912,35.5023404055996 -80.7858808268879,35.5021024056959 -80.7859418268452,35.5019164057861 -80.7859848268008,35.5017634058562 -80.7860198267423,35.5016044059236 -80.7860318266806,35.5014864059663 -80.7860178265447,35.5013074060142 -80.7859948264173,35.501159406048 -80.7860118263616,35.5010404060935 -80.7860068263366,35.5010124060996 -80.7860308263033,35.5009134061423 -80.7860748262938,35.5008104061962 -80.7861718263367,35.5006804062849 -80.7862148263425,35.5006024063302 -80.7862178262785,35.5004984063633 -80.7862688261481,35.5001954064804 -80.786355825684,35.4997634057146 -80.7863908254449,35.4996154051798 -80.7864878246517,35.4991374034443 -80.7865638242536,35.4988784025147 -80.7866788234608,35.4983874007374 -80.7867088233064,35.4982864003746 -80.7867048230716,35.4981673999288 -80.7867318227397,35.4979763992286 -80.7867328225289,35.4978663988187 -80.7867488222555,35.4977133982552 -80.7867948218781,35.4974853974255 -80.7868678213987,35.4971853963392 -80.7869068212934,35.4971033960509 -80.787011821243,35.4970033957252 -80.7870668210633,35.4968713952572 -80.7870168206624,35.4966983945885 -80.7870178199494,35.4963273932034 -80.7870218185473,35.4955963904753 -80.7870208182532,35.4954443899072 -80.7870698179775,35.4952663892638 -80.7870888173221,35.4949123879498 -80.7870668169704,35.4947453873166 -80.7869938160999,35.4943453857915 -80.7869288154018,35.4940293845841 -80.7869018150622,35.4938723839866 -80.7869188147678,35.4937073833777 -80.7868618136197,35.4931523812822 -80.7868328134138,35.4930663809492 -80.7867848131796,35.4929793806048 -80.7866948127637,35.4928283800044 -80.7865088120059,35.4925693789626 -80.7864678118234,35.4925043787036 -80.786369811359,35.4923343780302 -80.7862258107935,35.4921453772679 -80.7861658104529,35.4920123767483 -80.7861228102596,35.4919433764741 -80.7860758098249,35.491752375744 -80.7860088095457,35.4916563753599 -80.7859498093356,35.4915903750908 -80.7857888087042,35.4913803742457 -80.7855408075319,35.490954372564 -80.7854568071796,35.4908333720816 -80.7854298067812,35.4906473713797 -80.7853718065388,35.4905643710489 -80.785331806308,35.4904743706991 -80.7851928057284,35.4902763699102 -80.785086805156,35.4900583690603 -80.785027804869,35.489953368648 -80.7848278039554,35.4896283673665 -80.7847588035333,35.4894613667211 -80.784690803231,35.4893553663026 -80.7845278024069,35.4890503651113 -80.7844478019919,35.4888953645073 -80.784353801399,35.4886593635983 -80.7842548010071,35.4885303630844 -80.7841818005721,35.4883603624283 -80.7841198000415,35.4881333615654 -80.7840937998855,35.4880723613302 -80.7840937998115,35.4880343611895 -80.7840157994429,35.487902360673 -80.7838967990429,35.487784360194 -80.7838297987756,35.4876963598447 -80.7837597984297,35.4875703593538 -80.7837277981399,35.4874453588802 -80.7837087977535,35.487261358193 -80.7837057974525,35.4871093576298 -80.7836917972509,35.487016357281 -80.7836587970669,35.4869463570107 -80.7835937968096,35.4868623566777 -80.7835087964434,35.4867373561863 -80.7834417962026,35.4866633558899 -80.7833017957805,35.4865503554245 -80.7832247954272,35.4864263549403 -80.7831087949159,35.4862503542511 -80.782994794274,35.486006353312 -80.7829787938907,35.4858223526275 -80.782947793701,35.4857483523441 -80.7827627930458,35.4855503515524 -80.7826777925701,35.4853703508606 -80.7825997920846,35.4851803501345 -80.7825157916589,35.4850253495359 -80.7824757914361,35.4849413492133 -80.782319790982,35.4848253487355 -80.7822537907448,35.4847533484491 -80.7822247904788,35.48463934802 -80.7821897901098,35.4844773474123 -80.7821117897134,35.4843333468573 -80.7821137895021,35.4842243464567 -80.7820257889317,35.4839993456008 -80.7820087888755,35.4839833455366 -80.7818927883759,35.4838153448822 -80.7818907881822,35.4837183445247 -80.7819097880271,35.4836253441885 -80.7819117877508,35.4834833436667 -80.7818627872346,35.4832573428202 -80.7818537869264,35.4831073422657 -80.7818027864484,35.4829023414962 -80.7817587861673,35.4827923410784 -80.7817487858969,35.4826623405974 -80.7818157854995,35.4824103396905 -80.7817337851979,35.4823183393279 -80.7816837849629,35.4822363390117 -80.7816457847219,35.4821423386549 -80.7816367843996,35.4819853380751 -80.7816687842971,35.481909337805 -80.7816437839256,35.4817393371728 -80.7815387832624,35.4814813361943 -80.7815637831379,35.4813993359001 -80.7816077830199,35.4813063355708 -80.7816177828733,35.4812243352722 -80.7815887825862,35.4811003348082 -80.7815817824163,35.4810193345085 -80.7815377818488,35.480764333559 -80.7815207813352,35.4805163326429 -80.7815127812346,35.4804713324753 -80.7814477808287,35.4803143318806 -80.7814117805485,35.4801993314483 -80.7813937802182,35.4800453308777 -80.7813667798489,35.4798783302569 -80.7813537795831,35.4797533297943 -80.7813297793522,35.4796543294243 -80.7812677789422,35.4794933288166 -80.7811637784712,35.4793333282016 -80.7811027781491,35.4792163277562 -80.78106377785,35.4790943272983 -80.7810347773211,35.478848326388 -80.7810047770116,35.4787143258886 -80.7808917763464,35.478463324939 -80.7808117759576,35.47832732442 -80.7807767757331,35.4782403240921 -80.780721775516,35.478172323829 -80.7806537752002,35.4780643234161 -80.7806027748743,35.4779383229416 -80.7805927745607,35.4777873223858 -80.7805347741865,35.4776423218402 -80.7804927737592,35.4774583211558 -80.7804397734654,35.4773503207473 -80.7804157732471,35.4772583204045 -80.7803347727288,35.4770583196526 -80.7803047724142,35.4769223191475 -80.7801797716565,35.4766353180674 -80.7801547715156,35.4765833178712 -80.7800727711554,35.4764643174167 -80.7800117708646,35.4763643170367 -80.7799327703481,35.476164316287 -80.7798627700592,35.4760723159345 -80.779815769829,35.4759923156313 -80.7797657694514,35.4758403150643 -80.7797857693212,35.4757593147726 -80.7797817689342,35.4755673140698 -80.7796917684893,35.4754123134833 -80.7796357681915,35.4753053130799 -80.7796047679694,35.4752173127515 -80.7794857671937,35.4749183116334 -80.7794487666683,35.4746823107634 -80.7794477663272,35.4745113101387 -80.7794777659879,35.4743173094364 -80.7795057655901,35.4740953086312 -80.7795497650561,35.4737923075333 -80.7796267640275,35.4732143054366 -80.7795747632821,35.4728793042024 -80.7795477627837,35.4726493033569 -80.7795197625041,35.4725303029168 -80.7794837622298,35.4724203025082 -80.7794397619311,35.4723043020762 -80.779385761591,35.4721753015951 -80.7793287611707,35.4720083009748 -80.7792347607025,35.4718463003662 -80.7792067605953,35.4718143002444 -80.7791087601425,35.4716632996756 -80.7790307597664,35.4715352991947 -80.7789247593863,35.4714272987819 -80.7788207589574,35.471293298275 -80.7787927587802,35.4712262980258 -80.7785137572882,35.4706962960466 -80.7784177568966,35.4705752955898 -80.778330756507,35.4704482951128 -80.7781757558449,35.4702382943229 -80.7781407556303,35.4701582940261 -80.7780857554261,35.4700992938025 -80.7780077552318,35.4700632936589 -80.7779647550104,35.4699862933719 -80.7778327544513,35.4698102927108 -80.777716753921,35.4696362920601 -80.7775537532402,35.4694242912644 -80.7773747525937,35.4692422905759 -80.7770857514564,35.4689022892984 -80.776938750827,35.4687042885587 -80.776833750358,35.4685532879959 -80.776538748983,35.4681012863162 -80.776428748519,35.4679572857794 -80.7763687482388,35.4678652854381 -80.7762257477422,35.4677312849335 -80.7761707474938,35.4676512846367 -80.7760627469518,35.4674672839567 -80.7759687465847,35.4673592835536 -80.7758077458629,35.4671282826976 -80.7757357455204,35.46701528228 -80.775651745215,35.4669302819622 -80.7755677449237,35.4668522816698 -80.7754467444138,35.4666952810878 -80.7753037437411,35.4664752802761 -80.775274743509,35.4663832799407 -80.775204743191,35.4662812795642 -80.7751977429474,35.4661662791486 -80.7752097427465,35.466057278757 -80.7752867426032,35.4659252782899 -80.7752367423493,35.4658392779739 -80.7751477420227,35.4657482776354 -80.7750877417244,35.4656482772679 -80.7749767413703,35.4655612769417 -80.7748567403784,35.465166275505 -80.7748297401367,35.465068275149 -80.774596738824,35.464605273457 -80.7745927387831,35.4645882733954 -80.7744827382146,35.4643952726896 -80.7743457377277,35.4642642722045 -80.7742537372526,35.4641032716164 -80.7741567368278,35.4639712711324 -80.7740947366362,35.4639262709646 -80.7739047361214,35.46382427058 -80.7738477359154,35.4637682703735 -80.7736397352429,35.4636032697616 -80.7736097350378,35.4635262694825 -80.7736067347442,35.4633842689726 -80.773458734211,35.4632402684426 -80.7733817338906,35.4631442680915 -80.7733427336277,35.4630462677366 -80.7732727330457,35.4628162669059 -80.7732697327395,35.462668266375 -80.773254732483,35.462554265965 -80.773295732275,35.4624192654843 -80.773312732085,35.4623122651019 -80.7733107318782,35.4622122647432 -80.7732937316855,35.4621312644514 -80.7732057311895,35.4619582638245 -80.7732377310627,35.4618702635114 -80.7733117308987,35.4617302630148 -80.773312730534,35.4615502623694 -80.773275730164,35.4613982618218 -80.7731867298328,35.4613072614896 -80.773186729566,35.46117626102 -80.7732837295277,35.4610792606786 -80.7733117293193,35.4609542602321 -80.7731327284895,35.4606912592782 -80.773042728099,35.4605722588463 -80.7730077277642,35.460436258357 -80.7731007276098,35.4602852578212 -80.7731807274953,35.4601642573921 -80.7732217272941,35.460032256921 -80.7731847269154,35.4598762563599 -80.7731217265465,35.4597462558907 -80.7730927259567,35.459480254936 -80.7730917255354,35.4592742541978 -80.7730997249762,35.4589932531911 -80.7731427247828,35.458863252727 -80.773163724502,35.4587082521723 -80.7731187239893,35.4584932514 -80.7730627234276,35.4582632505738 -80.7730817230151,35.4580452497932 -80.7730257226324,35.4579032492826 -80.7729717220777,35.4576752484642 -80.7728617215006,35.45748224777 -80.7727477209715,35.4573162471728 -80.7708217095627,35.4533322329472 -80.7707007088445,35.4530832320637 -80.7698907040033,35.4514062261297 -80.7673956889537,35.4462402080352 -80.7670026865283,35.4454092051498 -80.7661216810447,35.443533198661 -80.7659716801177,35.4432181975752 -80.7654056765868,35.4420171934442 -80.7649066734771,35.4409641898347 -80.7641076684551,35.4392661840373 -80.7636886658159,35.4383771810139 -80.763277663215,35.4375021780457 -80.7625206584192,35.4358951726152 -80.76240965772,35.4356621718303 -80.7615746524077,35.4338911658805 -80.7610836492695,35.4328481623913 -80.7608396477118,35.4323321606694 -80.7598456413285,35.430222153656 -80.7577936280744,35.4258801393686 -80.757305624948,35.424869136073 -80.757231624435,35.4246981355138 -80.7567366212121,35.4236531321171 -80.7562856182862,35.4227091290597 -80.755949616096,35.4220031267787 -80.7557006144905,35.4214891251229 -80.7547826084597,35.4195511188965 -80.7545456069032,35.4190531173032 -80.7541756044639,35.4182731148124 -80.7541346041745,35.4181781145078 -80.7530855972703,35.4159841075405 -80.7529035960613,35.4156001063255 -80.7524065927644,35.4145561030309 -80.7523625924796,35.4144671027513 -80.7521645911523,35.4140461014252 -80.7533525931006,35.4138411002062 -80.7552965962958,35.4135050981982 -80.7561705977446,35.4133580973046 -80.756436598181,35.4133110970244 -80.7585396016678,35.4129530948461 -80.7585936017536,35.4129420947837 -80.7593336029813,35.4128150940097 -80.7595146032948,35.4127900938409 -80.7598006037593,35.4127360935241 -80.7617466069932,35.4124000914684 -80.763546610006,35.4120950895744 -80.7636206095818,35.4118230885932 -80.7638786080828,35.4108640851313 -80.7641566064833,35.4098360814138 -80.764206606122,35.409616080622 -80.7643776052091,35.4090160784443 -80.7650376014252,35.4065690695594 -80.7651776006366,35.4060550676879 -80.7651966005144,35.4059780674085 -80.7654355991803,35.4051050642253 -80.7658585967584,35.403527058465 -80.7659605961855,35.4031510570897 -80.7664115936292,35.4014740509476 -80.7648075882081,35.4005130485218 -80.7642925864508,35.400199047731 -80.764096585795,35.4000860474537 -80.7630815823451,35.3994780459456 -80.7597445709071,35.3974670410405 -80.7590295684508,35.3970400400217 -80.7572295622473,35.3959660374896 -80.7568175608162,35.3957170369051 -80.7559915579576,35.3952250357645 -80.7553065555865,35.3948190348321 -80.7550875543799,35.3944840338399 -80.7547155523605,35.3939300322092 -80.7546615520636,35.3938480319675 -80.7540485487189,35.3929310292773 -80.753878547786,35.3926750285277 -80.7532945445901,35.3918020259814 -80.7525005402229,35.3906110225235 -80.7523085391712,35.3903260217005 -80.7517035358295,35.3894180190816 -80.7514185342583,35.3889930178611 -80.7510195323166,35.3885160165516 -80.7503885292516,35.3877670145069 -80.7503205289247,35.3876880142929 -80.7497895270188,35.3870570125468 -80.749659526832,35.3869120121396 -80.7489585257385,35.3860910098173 -80.7486985253453,35.385792008976 -80.74848552493,35.3855050081476 -80.7482025244878,35.385173007212 -80.7481285243807,35.3850900069802 -80.7467015220692,35.3833780021546 -80.7460975211334,35.3826720001823 -80.7459705209333,35.3825219997631 -80.7451275195893,35.3815189969616 -80.7448315191203,35.3811679959841 -80.74478951906,35.3811209958548 -80.744433518481,35.3806919946584 -80.7444075184439,35.3806629945788 -80.7431805176909,35.3797439923125 -80.7431215176507,35.3796979921978 -80.7425865173267,35.3792989912196 -80.7414465166269,35.3784439891276 -80.7411435164395,35.378215988571 -80.7404575160249,35.3777039873275 -80.7377865143883,35.3756979824838 -80.7366565136999,35.3748499804553 -80.7351115127776,35.3736979777239 -80.7347145125279,35.3733959770059 -80.7341115121527,35.3729389759235 -80.7337275119118,35.3726469752328 -80.7336385118707,35.3725859750945 -80.732863511408,35.3720069737382 -80.7327545113461,35.3719269735525 -80.7324755112183,35.3717359731221 -80.7316855108254,35.3711809718612 -80.7315185107454,35.3710649715995 -80.7314475107032,35.3710119714765 -80.7309965104856,35.3706979707689 -80.7302545101206,35.3701779695974 -80.7284665092393,35.3689229667863 -80.7267715084109,35.3677349641508 -80.7254455077615,35.3668039621 -80.7222425062182,35.3645629572299 -80.7217725060033,35.3642389565375 -80.7196695050421,35.3627879534572 -80.7196225052019,35.3628379536491 -80.7189845073225,35.3634949561829 -80.7165595153807,35.3659939657755 -80.7146745216455,35.3679399731947 -80.713854524381,35.368791976426 -80.7130545270328,35.3696159795483 -80.7123615294699,35.3703939824469 -80.710122538156,35.3732809929285 -80.7097865396092,35.3737829947083 -80.7093935413893,35.3744069969018 -80.7092005422602,35.3747119979735 -80.7086125450722,35.3757140014596 -80.7082135471267,35.3764610040288 -80.7078135493503,35.3772850068331 -80.7073425521424,35.3783350103766 -80.7071495533645,35.3788010119373 -80.706747556057,35.3798390153925 -80.7048045700038,35.3852870333496 -80.7046325711933,35.3857490348711 -80.703610578575,35.3886390443367 -80.7031955814607,35.3897620480159 -80.7022765880322,35.3923330564015 -80.7013375947473,35.3949620649478 -80.7001136034883,35.3983860760364 -80.6993376086975,35.4004060825829 -80.699131609942,35.4008790841254 -80.6988856112668,35.4013700857416 -80.6984646132995,35.4021030881784 -80.6983486138487,35.4023000888341 -80.6979956153354,35.4028150905716 -80.6978296160515,35.4030650914117 -80.6973176180196,35.4037260936661 -80.6968736196579,35.4042680955234 -80.6961426221159,35.4050510982448 -80.6956606236353,35.4055210998957 -80.695262624822,35.4058781011631 -80.6948726259326,35.4062041023316 -80.6943846272699,35.4065881037196 -80.6937076290425,35.4070831055281 -80.69308963058,35.4074981070648 -80.6922386325757,35.4080141090095 -80.6917736336138,35.4082721099983 -80.691079635106,35.4086311113933 -80.690548636196,35.4088821123879 -80.6900376372131,35.4091091133002 -80.6894606383106,35.409342114259 -80.6886876397542,35.4096421155049 -80.688036640877,35.4098521164252 -80.6867326431588,35.4102881183094 -80.686057644312,35.4105011192445 -80.6827216500999,35.4115961239665 -80.6819916514098,35.4118561250541 -80.6814406524239,35.4120641259082 -80.6805326541926,35.4124521274454 -80.6797556557966,35.4128261288805 -80.6795256562958,35.4129481293378 -80.6789106576515,35.4132841305874 -80.6784886586172,35.4135311314916 -80.6778316601906,35.4139481329915 -80.6774436611515,35.4142091339189 -80.6765356635645,35.4148961363062 -80.6761846645391,35.4151811372836 -80.675470666634,35.4158131394201 -80.6750836678502,35.4161931406847 -80.6746806691603,35.4166091420585 -80.6743716702123,35.4169501431744 -80.6739456717119,35.4174431447772 -80.6736486728118,35.4178121459664 -80.6730896750879,35.4186021484772 -80.6728146762946,35.4190311498271 -80.672781676447,35.4190861499991 -80.6725186763923,35.4189371496738 -80.6719196762817,35.418604148953 -80.6717896762453,35.4185261487804 -80.6714996762377,35.4183861484936 -80.6712066760627,35.418167147981 -80.6707896758799,35.417886147341 -80.6701496755463,35.4174301462904 -80.6699196753896,35.4172491458645 -80.6698396753091,35.4171741456818 -80.6695916751147,35.4169671451893 -80.6691836746473,35.416558144184 -80.668955674355,35.4163151435816 -80.6681166733562,35.4154561414713 -80.6679686731079,35.4152711410041 -80.6678346729253,35.4151231406371 -80.6674756721847,35.4146101393222 -80.6662916687567,35.4124601336943 -80.6661216690856,35.4125321339739 -80.6636226739018,35.4135831380461 -80.6623076764387,35.4141381401824 -80.6618056773835,35.4143391409649 -80.6616366776914,35.414402141215 -80.6612226783633,35.4145181417187 -80.6603436797008,35.4147231426701 -80.660081680082,35.4147761429305 -80.6599186803019,35.4148011430699 -80.6596516806301,35.4148271432562 -80.6594266808875,35.414840143388 -80.6584986818465,35.4148461437979 -80.6580686822678,35.4148381439575 -80.6569496833142,35.4147941443082 -80.6565636836776,35.4147801444326 -80.6558676843057,35.4147421446215 -80.6551316849682,35.4147011448193 -80.6542176858121,35.414660145093 -80.6534946864679,35.4146221452944 -80.6500666895521,35.4144301462207 -80.6486546908038,35.4143421465799 -80.646859692305,35.4141881469233 -80.6446556940977,35.413975147284 -80.6425016956457,35.4136711473816 -80.6419116960448,35.4135761473778 -80.6405266969842,35.4133541473742 -80.6398006974691,35.413234147364 -80.639211697827,35.4131201473116 -80.6392536976262,35.4130461470938 -80.63960069566,35.4122911449064 -80.6400596931882,35.4113531421721 -80.6403806914037,35.4106711401867 -80.6404206910979,35.4105471398337 -80.6404146908201,35.4104141394769 -80.6403996906859,35.4103441392945 -80.6403506905481,35.4102561390787 -80.640262690431,35.4101591388562 -80.6400556902414,35.4099711384417 -80.6398786901429,35.409840138168 -80.639724690087,35.4097401379678 -80.6394626900884,35.4096151377493 -80.639058690201,35.4094741375525 -80.638492690407,35.4092991373387 -80.6381986904328,35.4091701371255 -80.6380806904278,35.4091111370207 -80.6378006903561,35.408943136697 -80.6374206901715,35.4086741361484 -80.6370666899732,35.4084111356052 -80.6360716892892,35.4076121339239 -80.6352476887209,35.406949132535 -80.6350886886198,35.4068251322782 -80.6345886883123,35.4064401314854 -80.6340796880485,35.4060711307418 -80.6339326879928,35.4059741305529 -80.6331636876683,35.4054511295261 -80.6298496863793,35.4032451252807 -80.6278766856649,35.4019541228519 -80.6273896854885,35.401635122256 -80.6271616854237,35.4014941219996 -80.6269766853891,35.4013881218139 -80.6261716854409,35.4010221212579 -80.6260036854271,35.4009341211119 -80.6252916853093,35.4005331204215 -80.6241286850458,35.3998441192122 -80.6226706847421,35.3989921177398 -80.6222296846352,35.3987271172783 -80.6216426845201,35.3983871166992 -80.6211846844248,35.3981191162419 -80.6201916842359,35.397546115276 -80.6195026840875,35.3971401145879 -80.6192076840174,35.3969631142862 -80.618735683944,35.3966981138515 -80.617751683729,35.3961161128739 -80.6176236837025,35.396041112749 -80.6166226835146,35.3954631117983 -80.6162026834159,35.395211111377 -80.6160016833425,35.3950781111441 -80.6158286835872,35.3951091113164 -80.6136836865076,35.3954401133119 -80.6132316871107,35.3955041137168 -80.6126556879266,35.3956081142892 -80.6123676883704,35.3956771146184 -80.612031688921,35.3957731150415 -80.6117646893958,35.3958671154224 -80.611428690016,35.3959961159285 -80.6112186904318,35.3960901162785 -80.6111386903012,35.395989116065 -80.6110796902904,35.3959551160102 -80.610928690322,35.3958961159412 -80.6108346903664,35.3958711159279 -80.6107336904414,35.3958571159462 -80.6105236906945,35.3958741161012 -80.6104496902748,35.395639115546 -80.6103906900402,35.3954991152233 -80.6101966893879,35.3950951143055 -80.6100246889557,35.3948061136673 -80.6098376885434,35.3945191130429 -80.6096556882167,35.394275112525 -80.6087406867565,35.3931341101451 -80.6080756855766,35.3922481082802 -80.6075766846028,35.3915411067793 -80.6074916844041,35.3914051064849 -80.6074126841782,35.3912591061621 -80.6073426839028,35.3910941057867 -80.6072496833033,35.3907641050099 -80.6070556817352,35.3899251030126 -80.6068816800707,35.3890501009153 -80.6068186795752,35.3887841002838 -80.6067286790404,35.3884860995879 -80.606643678686,35.38827609911 -80.6064546782163,35.3879600984267 -80.6063666780359,35.3878310981542 -80.606244677834,35.3876750978339 -80.6060666775913,35.3874720974286 -80.6058796774234,35.3873000971066 -80.6056426772823,35.387116096784 -80.6053716771936,35.3869400965019 -80.6050956771565,35.3867860962782 -80.6046886771401,35.3865770959944 -80.6042016771967,35.386363095746 -80.6032086773196,35.3859300952518 -80.6030196773481,35.3858500951643 -80.6005966777323,35.3848320940766 -80.6003876777589,35.3847410939763 -80.5997446778471,35.3844640936761 -80.5974196781868,35.3834710926291 -80.5966966782843,35.3831580922987 -80.5963396783379,35.3830060921427 -80.5956916784227,35.3827240918463 -80.5952796785235,35.3825670917134 -80.5949586786722,35.3824780916917 -80.5942046790719,35.3822930917006 -80.5936336793666,35.382149091699 -80.59258067992,35.3818880917094 -80.5913416805656,35.3815780917189 -80.5910536807138,35.3815050917194 -80.5906906809614,35.3814420917905 -80.590438681181,35.381421091895 -80.5901156815084,35.3814160920818 -80.5900156815648,35.3813930920879 -80.5899086815761,35.381345092038 -80.5898386814985,35.3812730919075 -80.5896726808864,35.3808980911059 -80.5891516818945,35.3811190919604 -80.5883926833547,35.3814370931933 -80.5855476888055,35.3826200977686 -80.584032691679,35.3832371001584 -80.5831656916628,35.3827960996367 -80.5823636917381,35.3824310992597 -80.5818696917594,35.3821940990004 -80.5817146927696,35.3826001000553 -80.5816946930809,35.3827391003961 -80.5816726936783,35.3830141010597 -80.581661694538,35.3834201020264 -80.5816686951052,35.3836951026724 -80.5816886953663,35.3838301029796 -80.5817476957162,35.3840271034099 -80.5818296959984,35.384203103777 -80.5819156962387,35.3843611040993 -80.5820186964759,35.384526104428 -80.5823496974093,35.3851381056796 -80.5825346980125,35.3855191064724 -80.5825986982572,35.3856681067876 -80.582645698482,35.3857991070703 -80.5826606986042,35.3858651072179 -80.5826606989532,35.3860321076137 -80.5826356992175,35.3861461078986 -80.5824337005022,35.3866601092352 -80.5822937013209,35.3869821100797 -80.5820897026011,35.3874931114083 -80.5812997075134,35.3894511164927 -80.5810057092769,35.3901491183079 -80.5808687099497,35.3904031189848 -80.5805097114502,35.3909431204605 -80.5803367122417,35.3912361212482 -80.5802617125659,35.3913541215682 -80.5802267127964,35.3914471218068 -80.5801677135905,35.3917981226667 -80.5800597151557,35.392494124366 -80.5799477168147,35.3932331261678 -80.5797857192873,35.394337128855 -80.5796547211827,35.3951801309095 -80.5796157219433,35.3955251317421 -80.5795687227288,35.3958781325976 -80.5794447246918,35.3967571347308 -80.5793687259267,35.3973111360735 -80.5792347280605,35.3982671383908 -80.5790517309333,35.3995531415072 -80.5789477327999,35.4003961435404 -80.5800857320671,35.4006071434609 -80.5803007319457,35.4006551434654 -80.5803477334194,35.4013841451598 -80.5799867334907,35.4012401450016 -80.579910733546,35.4012291450138 -80.5795597338764,35.4012141451547 -80.579245734131,35.4011811452347 -80.5790807342864,35.401174145301 -80.5789607344226,35.4011801453754 -80.5790417361903,35.4020671474186 -80.5790667381827,35.4030341496782 -80.579120739924,35.4038951516749 -80.5787507405132,35.4039951520897 -80.5781377415294,35.4041801528212 -80.578273742003,35.4044741534447 -80.5783357421187,35.4045601536164 -80.5786867426343,35.4049801544329 -80.5778357442742,35.4053471557012 -80.577574744874,35.4055061561982 -80.5777097449815,35.4056241564101 -80.5785017455933,35.4063071576352 -80.578618745686,35.4064091578193 -80.5784827460739,35.4065281581627 -80.5781207470504,35.4068181590131 -80.5776077484694,35.407246160256 -80.5785777493359,35.4081381618961 -80.5796267464614,35.4072761593834 -80.5802867469475,35.4078331603878 -80.5809497474499,35.4083991614162 -80.581023747491,35.4084551615144 -80.5824197477804,35.4092781628215 -80.582713747958,35.4095071632304 -80.582414748728,35.4097291638921 -80.5819277500246,35.4101111650165 -80.5813497515247,35.4105461663047 -80.581709751804,35.4108561668764 -80.5829667528552,35.4119741689672 -80.5844887541963,35.4133591715949 -80.5847757544513,35.4136211720952 -80.5861437556605,35.4148661744821 -80.5862097557209,35.4149271746 -80.5869847564023,35.415630175956 -80.5877857570414,35.4163251772883 -80.5882617574802,35.4167661781502 -80.5894347585236,35.4178341802395 -80.588464760855,35.4184761821767 -80.5888727611838,35.4188311828666 -80.5891237614587,35.4190841833752 -80.5895627620644,35.4195861844098 -80.5897417624232,35.4198441849609 -80.5900927631083,35.4203411860216 -80.5904777639163,35.4209131872523 -80.5907727645309,35.4213491881914 -80.5911147652344,35.4218501892713 -80.591559766167,35.422510190699 -80.5916787664407,35.4226981911092 -80.5919947671523,35.4231901921823 -80.5920847673128,35.4233101924394 -80.5922287675088,35.4234731927808 -80.5924597677573,35.4237031932525 -80.5926867679177,35.4238891936196 -80.5929917680746,35.4241111940457 -80.5938277684267,35.4246821951264 -80.5952287690669,35.4256621970062 -80.5955487692537,35.4259051974846 -80.5967527699864,35.4268331993263 -80.5979977707888,35.4278132012943 -80.5978227713584,35.428000201815 -80.5976967718114,35.4281552022395 -80.5975847724498,35.4284052028924 -80.5975207728779,35.4285782033394 -80.5974747731177,35.4286702035811 -80.5973507736441,35.4288612040926 -80.5972457740148,35.4289872044378 -80.5971157744148,35.4291152047963 -80.5969887747803,35.4292282051168 -80.5967467754298,35.4294212056723 -80.596639775773,35.4295332059832 -80.5966057759207,35.429587206127 -80.5965487762996,35.4297402065212 -80.5964487774087,35.4302202077307 -80.5964017777249,35.4303482080599 -80.5963657779083,35.4304182082435 -80.595859780157,35.4312462104378 -80.5956357811385,35.4316062113917 -80.5955767813533,35.4316802115919 -80.5954877816318,35.4317702118408 -80.5954237818054,35.4318222119888 -80.5953477819659,35.4318622121113 -80.5947197831793,35.4321392129915 -80.5946257831604,35.4320852128902 -80.594416783165,35.431987212719 -80.5922137835502,35.4311142113173 -80.5920817835887,35.4310692112517 -80.5920077836423,35.4310592112519 -80.5919267837343,35.4310642112908 -80.5917917839205,35.4310882113935 -80.5914967844712,35.4312092117838 -80.590447786615,35.4317282133825 -80.59029078697,35.4318222136607 -80.5900587866732,35.4315692131258 -80.5897257862917,35.4312272124102 -80.5895657861364,35.431076212099 -80.5894147860642,35.430969211891 -80.5892967860322,35.4308972117567 -80.5890047860538,35.4307672115404 -80.588702786159,35.4306722114122 -80.5883797862916,35.4305802112984 -80.5880957864813,35.4305342112825 -80.5878927866522,35.4305182113117 -80.5876587868775,35.4305132113777 -80.5874617870926,35.4305212114625 -80.5872427873676,35.4305472115978 -80.5869827877551,35.4306072118281 -80.5867557881469,35.4306852120903 -80.5864297887515,35.4308172125144 -80.5859647896612,35.4310282131727 -80.5851197913257,35.4314172143793 -80.5848837918435,35.431551214776 -80.5847507922074,35.4316612150816 -80.5846297926157,35.4317982154474 -80.5844557933365,35.4320592161254 -80.5843937936812,35.4321942164669 -80.5843647939551,35.4323112167547 -80.5843457943422,35.4324872171797 -80.5843587947537,35.4326902176586 -80.5844397955506,35.4331102186325 -80.584458795818,35.4332472189526 -80.584456796324,35.4334882195269 -80.5844427964573,35.433545219667 -80.5843607969725,35.4337522201855 -80.5842777973424,35.4338892205377 -80.5842017976299,35.4339902208018 -80.5840927979945,35.4341122211261 -80.5838977985311,35.4342752215746 -80.5836097991674,35.4344412220587 -80.5832967997492,35.4345692224597 -80.5831707999301,35.4345952225605 -80.5830658000627,35.4346082226239 -80.5828518002733,35.4346062226854 -80.5814848013805,35.4344792228086 -80.5814038014472,35.4344722228172 -80.5806988019859,35.434391222845 -80.5802818023294,35.4343552228898 -80.5799008016222,35.4338332217794 -80.5797398014124,35.4336552214111 -80.5791988026614,35.4339932223759 -80.57902180305,35.4340942226687 -80.5789438028716,35.4339712224041 -80.5779818019103,35.4330472205404 -80.57709880124,35.4323002190751 -80.5765097998434,35.431346217038 -80.5760577982408,35.4303592148845 -80.5758687978559,35.4300832143043 -80.5754427969408,35.4294382129453 -80.5747097970276,35.4291252124666 -80.5739317978599,35.4291482127854 -80.5738557985885,35.4294612135373 -80.5737167992514,35.4297122141665 -80.5716577989145,35.4285532121885 -80.5705288003862,35.4287132129455 -80.5704358006568,35.428798213173 -80.5691998036894,35.4296572155665 -80.5689318040302,35.429691215735 -80.5681078050726,35.4297932162467 -80.5674368033178,35.4286232138025 -80.567329803031,35.4284332134058 -80.5672638028669,35.4283222131753 -80.5671368025256,35.4280962127037 -80.5670468024024,35.4279932125001 -80.5670708025173,35.4280602126445 -80.567388805336,35.4295712159827 -80.5675468067434,35.4303252176507 -80.5678818091637,35.4316522205711 -80.5679508113532,35.4327392230329 -80.5681218133968,35.4338052254156 -80.5682228152345,35.4347382275178 -80.5683788167761,35.4355552293389 -80.5686878200624,35.4372852332062 -80.5693158232425,35.4391172372229 -80.5694518240567,35.4395742382328 -80.5695608245674,35.439872238886 -80.570238826864,35.4413022419837 -80.5703238271493,35.44148024237 -80.5708768286631,35.4424732445069 -80.5718338317896,35.4444342487796 -80.5719128320752,35.4446092491636 -80.572208832946,35.4451692503826 -80.5724478337073,35.4456492514326 -80.5726708351843,35.4464652532649 -80.5730638362968,35.4471872548414 -80.5735108372666,35.4478662563089 -80.5741238390844,35.44903125887 -80.574713841997,35.450710262639 -80.5747968424794,35.4509812632511 -80.5748548458037,35.4526042670125 -80.5746868469847,35.4530912681791 -80.5735118518188,35.4548542725038 -80.573453855406,35.4565492764427 -80.5736208561993,35.4570092774785 -80.5740548572106,35.4577002790036 -80.5746668586326,35.4586722811545 -80.5752738600499,35.4596392833016 -80.5759748621846,35.4609942863449 -80.5760038627189,35.46126428697 -80.576170863176,35.4615622876391 -80.5770948652836,35.4630082908773 -80.5775418676816,35.4643682939953 -80.5775988679907,35.4645432943971 -80.5777088700272,35.4655712967893 -80.5776988713637,35.4662072982799 -80.5776878731016,35.4670353002202 -80.5776818739293,35.4674293011435 -80.5775968746694,35.4677443018912 -80.577597876869,35.4687993043609 -80.5778248794133,35.4701253074413 -80.5778238824807,35.4715953108847 -80.578019883871,35.4723533126421 -80.5781318856625,35.4732643147672 -80.5781528889258,35.4748383184553 -80.5789098925244,35.4769153232743 -80.5791198930719,35.4772753241063 -80.579289893458,35.477539324716 -80.5809268971874,35.4800853306227 -80.581630896907,35.4802773310429 -80.5836668955365,35.4805643316295 -80.5839838953071,35.4806013317031 -80.5837318981225,35.4818313346374 -80.5834679003699,35.4827843369107 -80.583004900629,35.4826943367121 -80.5825129008326,35.4825643364203 -80.582375900875,35.4825213363231 -80.5818789009561,35.4823303358881 -80.5816639009487,35.4822273356521 -80.5814699009106,35.4821193354038 -80.5797379002421,35.480997332826 -80.5793349023789,35.481834334811 -80.5791119041556,35.4825823365771 -80.5791979065185,35.4837543393288 -80.5790559072379,35.4840333399881 -80.5786119086032,35.484482341053 -80.5781699115518,35.4856913438974 -80.5780379124362,35.4860543447502 -80.5772569241273,35.4912993570294 -80.5771609242966,35.4913363571144 -80.5770989244749,35.4913933572466 -80.5718429463885,35.499500375867 -80.5710669486076,35.5006983789495 -80.5710099487089,35.5007723791565 -80.5709739487903,35.5008463793646 -80.570782949781,35.5021163829627 -80.570599950717,35.5033143863667 -80.5695759516692,35.5032923863102 -80.5678469532784,35.5032573862189 -80.566618954419,35.5032283861403 -80.5643679565122,35.5031783860016 -80.5636949571406,35.503167385971 -80.563628957201,35.5031643859622 -80.5624079583369,35.5031373858844 -80.5618679588417,35.5031293858615 -80.5595369610383,35.5031233858486 -80.554936965374,35.503112385824 -80.5501969698141,35.5030533856393 -80.547090972715,35.5029983854566 -80.5457469739498,35.5029383852525 -80.5445789750467,35.5029273852127 -80.544500975096,35.5028843850655 -80.5432729762536,35.5028803850481 -80.5427249767696,35.502877385036 -80.5421719772925,35.5028783850378 -80.5414249780138,35.5029063851331 -80.5399559793997,35.5029033851188 -80.5392409800739,35.5029013851099 -80.5392399800831,35.502916385163 -80.5384659808048,35.5028993851008 -80.536563982598,35.5028933850742 -80.5316799871814,35.5028373848532 -80.5302149885002,35.5027143843879 -80.5297519889161,35.5026733842312 -80.5283099902385,35.5025963839294 -80.5266029918059,35.5025073835739 -80.5241039940996,35.5023723830233 -80.5218159962015,35.5022493825085 -80.5212989966993,35.5022663825665 -80.5200989978539,35.502304382697 -80.5157550020317,35.5024423831879 -80.5126330049964,35.5024673832512 -80.5096950078048,35.5025303834792 -80.5055720117464,35.5026233838325 -80.503451013743,35.5026053837361 -80.5006540163772,35.5025833836141 -80.5003140166972,35.5025803835976 -80.4969950145701,35.5025663909551 -80.4952740131706,35.5025393950905 -80.4951210130464,35.5025373954599 -80.4944390124943,35.5025323971237 -80.4844500044012,35.5024524214681 -80.4840530040784,35.5024474224279 -80.4836040037141,35.5024434235206 -80.4766919981073,35.5023864403642 -80.475566997195,35.5023784431115 -80.4735279955387,35.5023594480718 -80.4685039914837,35.5023574604857 -80.4669379902201,35.5023574643579 -80.4623099864852,35.502356475797 -80.4616869859825,35.5023564773374 -80.4613569857156,35.5023554781491 -80.4564389817314,35.5023324902133 -80.4559539813386,35.5023304914042 -80.4537099795198,35.5023194969072 -80.4511339774299,35.5023045032149 -80.4505319769418,35.5023015046911 -80.4497329762932,35.5022965066462 -80.4490609757493,35.5022945082997 -80.4447399722537,35.502284518944 -80.444314971903,35.5022745199538 -80.4415559696275,35.5022125265222 -80.4388119673954,35.5021925332271 -80.4370769659795,35.502174537445 -80.4370239659359,35.502173537572 -80.4366899656781,35.5021885384594 -80.4334149630062,35.5021565464299 -80.4271999578606,35.5020115612182 -80.426558957331,35.5019985627518 -80.4237039549858,35.5019575696515 -80.4223469538905,35.5019605730216 -80.4214719531888,35.5019675752149 -80.4197079517634,35.501969579588 -80.4193319514655,35.5019765805465 -80.4150339480188,35.5020095913132 -80.4149439479479,35.5020115915438 -80.4128519462727,35.5020295967915 -80.4126179460825,35.5020285973665 -80.4062969410211,35.5020806132108 -80.4044919395737,35.5020926177235 -80.3985849348454,35.5021386325162 -80.3904449283384,35.5022056529103 -80.3878419262691,35.5022366594675 -80.3842889234534,35.5022856684422 -80.3819099215982,35.5023446745501 -80.3801689201464,35.5023026786955 -80.3791959193902,35.5023286812003 -80.3773819179737,35.5023706858449 -80.3752679162978,35.5023966911701 -80.3730949146235,35.5024646967987 -80.3726299142659,35.5024796980047 -80.372524914194,35.5024906983056 -80.3720959138563,35.5024976993924 -80.3717239135576,35.5024987003157 -80.3702959124193,35.5025097038869 -80.3628549064883,35.5025647224843 -80.3619909057994,35.502570724642 -80.3597479040549,35.5026217303743 -80.3596259039628,35.5026267306943 -80.3522228978709,35.5025247486157 -80.3520398977196,35.502521749057 -80.3512448972282,35.5026387514499 -80.3504068966212,35.5026917537143 -80.3503268965619,35.5026957539266 -80.3496868960274,35.5026807554533 -80.3495858959474,35.5026817557064 -80.3475578943316,35.5026947607649 -80.3440198915072,35.5027127695722 -80.337534886336,35.5027487857248 -80.3349038842393,35.5027637922787 -80.3324498822813,35.5027757983842 -80.33029688057,35.5027908037566 -80.3284018790582,35.50279980847 -80.3234788751366,35.5028268207267 -80.3206108728487,35.502839827857 -80.3196398720809,35.502848830287 -80.3178688706684,35.5028568346896 -80.3165878696487,35.5028638378782 -80.3153088686365,35.5028748410757 -80.314340867873,35.5028848435014 -80.3105918649206,35.5029258529028 -80.3067108617983,35.5029238624812 -80.3060758612879,35.5029238640495 -80.3047638602396,35.5029278673035 -80.3039998596178,35.5029228691733 -80.3032278589958,35.5029218710766 -80.3009128571336,35.5029208767908 -80.3002678566151,35.5029208783838 -80.2980908548622,35.5029188837538 -80.2954188527114,35.5029168903463 -80.2852848446398,35.5029619155251 -80.2802958405625,35.5029209277106 -80.2774308382193,35.5028969347077 -80.2742168356458,35.5029029426656 -80.2740848355431,35.5029049429982 -80.2718458338464,35.5029649487238 -80.2712938333598,35.5029399500056 -80.265312828704,35.5030259650543 -80.2629248268461,35.5030599710602 -80.2542798201258,35.5031819927923 -80.2527118189097,35.5032049967357 -80.2435197950521,35.5033350240939 -80.2363687710408,35.5034350467511 -80.2358947694129,35.5034220481929 -80.2343797642217,35.5033870528219 -80.232889759115,35.5033520573736 -80.2316907550878,35.5033680611694 -80.2297637485879,35.5033790672253 -80.2244717307696,35.5034260839039 -80.2208697186419,35.5034580952538 -80.2177747083107,35.5035331051417 -80.2172107064268,35.5035461069413 -80.2148296983144,35.5035161142942 -80.2130996924214,35.5034951196397 -80.2099506816875,35.5034531293606 -80.2077646742041,35.5034071360629 -80.2064676699499,35.5034781403146 -80.2040356616491,35.5034401478086 -80.190351615138,35.5033301902794 -80.1893996119072,35.5033251932421 -80.188729609621,35.5033151953101 -80.1880106071823,35.5033121975498 -80.1828635896875,35.5032712135334 -80.1832615926993,35.5041382145439 -80.1825565903337,35.5041482167689 -80.1822205892029,35.5041512178248 -80.1810075851343,35.5041692216549 -80.1804085831292,35.5041802235516 -80.1801825823667,35.504181224259 -80.1784835766677,35.5042062296222 -80.1781195754403,35.5042082307626 -80.1777375741654,35.5042172319769 -80.1774645732478,35.504220232836 -80.1733885595762,35.5042802456988 -80.1727095572968,35.5042892478386 -80.1706535504004,35.5043192543243 -80.1699665480941,35.5043282564887 -80.1679075411877,35.5043582629824 -80.1672205388814,35.5043672651463 -80.1651605319719,35.5043972716419 -80.1644745296691,35.5044062738023 -80.1624145227597,35.5044362802964 -80.161732520451,35.5044352824197 -80.1590035112205,35.5044352909257 -80.1583215089118,35.504434293049 -80.1562745019881,35.5044342994293 -80.1555924996794,35.5044333015526 -80.1538864939091,35.5044333068701 -80.1532044916004,35.5044323089934 -80.1511584846801,35.5044323153706 -80.1507534833083,35.5044313166306 -80.1494524789078,35.5044313206858 -80.1492964783723,35.5044273211627 -80.1480844742906,35.5044363249613 -80.1439444604294,35.5045083380291 -80.1384254419523,35.5046043554422 -80.1380964408494,35.5046093564784 -80.1370724374237,35.5046283597108 -80.1360644340501,35.5046463628909 -80.1350554306712,35.5046633660715 -80.1340474272977,35.504681369251 -80.1330394239223,35.504698372428 -80.1310224171722,35.5047343787885 -80.1300144137969,35.5047513819647 -80.1293414115447,35.5047633840865 -80.1289754103248,35.5047723852457 -80.1286694092939,35.5047743862029 -80.1269884036685,35.5048043915018 -80.1257363994762,35.5048253954451 -80.124775396262,35.5048433984755 -80.123437391783,35.5048664026899 -80.1232913912932,35.5048684031487 -80.1219473867959,35.5048924073833 -80.121858386491,35.5048904076562 -80.1186083756181,35.5049494178961 -80.1175773721695,35.5049684211444 -80.116905369919,35.5049794232586 -80.1155603654187,35.5050034274939 -80.1148883631683,35.5050144296077 -80.1135443586715,35.5050384338391 -80.1128723564211,35.5050494359525 -80.1115273519211,35.5050734401863 -80.1108553496708,35.5050844422993 -80.1095103451708,35.5051084465323 -80.1088703430268,35.5051184485434 -80.1064853350464,35.5051604560465 -80.1057743326644,35.50517145828 -80.1049873300334,35.5051864607576 -80.1036183254527,35.5052104650629 -80.1034603249224,35.5052124655583 -80.102955323237,35.5052234671504 -80.1028493228786,35.5052234674801 -80.1024523215483,35.5052294687266 -80.1017803193002,35.5052414708399 -80.101501318365,35.5052454717154 -80.1011073170488,35.5052534729562 -80.1007713159228,35.5052584740109 -80.1000993136748,35.5052704761239 -80.0999793132832,35.5052774765105 -80.0998933129864,35.5052744767723 -80.0991723105707,35.5052854790356 -80.0980823069255,35.5053054824634 -80.0974103046756,35.5053164845739 -80.0967383024277,35.5053284866863 -80.0960653001744,35.5053394887998 -80.0953932979265,35.5053514909119 -80.0947212956766,35.505362493022 -80.0940492934288,35.5053744951338 -80.0933762911756,35.5053854972468 -80.0927042889278,35.5053974993584 -80.092032286678,35.505408501468 -80.0906872821792,35.5054325056936 -80.0899962798631,35.5054425078601 -80.0896792788055,35.5054495088583 -80.0890072765558,35.5054605109674 -80.0883352743082,35.5054725130781 -80.0876622720551,35.50548351519 -80.0869902698075,35.5054955173005 -80.0863182675578,35.505506519409 -80.0856462653103,35.5055185215193 -80.0849732630573,35.5055295236307 -80.0843012608097,35.5055415257406 -80.0836292585601,35.5055525278487 -80.0829572563127,35.5055645299584 -80.0822842540597,35.5055755320693 -80.0816122518123,35.5055875341787 -80.0799312461862,35.5056155394514 -80.0792592439388,35.5056275415603 -80.0785872416894,35.5056385436675 -80.077915239442,35.5056505457762 -80.0765702349419,35.5056735499946 -80.0747402288166,35.5057035557312 -80.0745532281926,35.505707556319 -80.066839202012,35.5056585802014 -80.0668122028593,35.5061135810335 -80.0667822044597,35.506938582483 -80.0667712049898,35.5072135829691 -80.0667412065903,35.508038584418 -80.0667302071184,35.5083125849024 -80.0666902092525,35.5094125868334 -80.0666792097827,35.5096875873191 -80.0666492113834,35.5105125887668 -80.0666382119136,35.5107875892523 -80.0666192129511,35.5113215901878 -80.0666012138393,35.5117815909985 -80.0665492166121,35.5132105935041 -80.0665362172409,35.513536594079 -80.0665052188385,35.5143615955278 -80.0664722206048,35.5152715971217 -80.0664642209698,35.5154615974578 -80.0664242231026,35.5165605993825 -80.0664132236329,35.516835599867 -80.0663922247569,35.5174146008803 -80.0663722257645,35.5179356017954 -80.0663322278996,35.51903560372 -80.0662912300314,35.520135605647 -80.0662702310936,35.52068460661 -80.0661472374899,35.5239846123852 -80.0661172390896,35.5248086138241 -80.0660552422865,35.5264586167099 -80.0660352433545,35.5270086176695 -80.0660252440391,35.5273566182688 -80.0660142444191,35.5275586186319 -80.0659842460211,35.5283836200706 -80.0659632470837,35.5289326210308 -80.0658812513494,35.5311326248706 -80.0658612524176,35.5316826258287 -80.0657992556136,35.5333316287058 -80.0657582577468,35.5344316306231 -80.0657592578761,35.53449263072 -80.0657382588151,35.5349816315801 -80.0657182598835,35.5355316325368 -80.0656972609238,35.5360696334766 -80.0656782620017,35.5366226344351 -80.065666262552,35.5369086349369 -80.0656462636266,35.5374616358979 -80.0656352641596,35.5377376363804 -80.0656052657706,35.5385666378206 -80.0655322695212,35.5405016411891 -80.0655022711325,35.5413306426279 -80.0654602732735,35.5424356445509 -80.0654402743484,35.54298864551 -80.065419275418,35.5435406464702 -80.065399276493,35.544093647429 -80.0653582786376,35.5451986493472 -80.0653162807811,35.5463046512691 -80.0652702831984,35.5475496534281 -80.0652562838765,35.5479006540394 -80.06521828592,35.5489516558588 -80.0651832877547,35.5498966574963 -80.0651702884837,35.5502706581419 -80.0651522893633,35.5507256589332 -80.065100292044,35.5521076613285 -80.0650802931195,35.5526606622845 -80.0650382952616,35.5537656641996 -80.0650182963371,35.5543186651551 -80.0649992972941,35.5548126660114 -80.064995297413,35.5548766661265 -80.0649872979461,35.5551476665897 -80.0649662990162,35.5556996675457 -80.0649463000918,35.5562526685004 -80.0649053022377,35.5573576704104 -80.0648323059917,35.5592926737566 -80.0647913081378,35.5603976756645 -80.0647713092137,35.5609506766177 -80.06473031136,35.5620556785246 -80.0647083124541,35.562620679502 -80.0646683145791,35.5637136813856 -80.0646333163717,35.5646376829804 -80.0646163172057,35.565068683726 -80.0645753194082,35.5662006856739 -80.0645643199419,35.5664766861514 -80.0645243220942,35.5675826880535 -80.0645133226279,35.5678586885307 -80.0644933237041,35.5684116894814 -80.0644823242379,35.5686876899585 -80.0644623253141,35.5692406909089 -80.0644213274613,35.5703456928101 -80.0643793296073,35.5714516947148 -80.0643593306817,35.5720036956627 -80.0643103331684,35.5732856978699 -80.0643083333704,35.573386698039 -80.0642983337899,35.5736056984201 -80.0642873344415,35.5739386989888 -80.0642763349755,35.5742146994649 -80.064256336052,35.5747677004135 -80.0642453365859,35.5750437008895 -80.0642153381997,35.575872702311 -80.0641843398102,35.5767017037347 -80.0641723403347,35.576974704208 -80.0641633408836,35.577254704685 -80.064101344105,35.5789127075305 -80.0640813451817,35.5794657084775 -80.0640693457331,35.5797517089714 -80.0640623462576,35.5800167094186 -80.064056346521,35.5801537096558 -80.0640313478623,35.5808427108353 -80.0640123489362,35.5813927117744 -80.0639943500176,35.581944712714 -80.063946352703,35.5833207150633 -80.0639263537758,35.5838717160056 -80.0638963555019,35.5847547175103 -80.0638783564635,35.5852487183549 -80.0638503580784,35.5860747197618 -80.0638303591493,35.5866247207016 -80.0638213596901,35.5869007211706 -80.0638003608177,35.5874797221596 -80.0637513630376,35.5886317241442 -80.0637083652814,35.5897857261166 -80.0636843664468,35.590387727149 -80.063588371454,35.5929627315465 -80.0635063767597,35.5956597361039 -80.0634543802232,35.5974177390693 -80.063427382514,35.5985687409934 -80.0634253825633,35.5985957410418 -80.0632613893326,35.6021297471341 -80.0631953921044,35.60357474962 -80.0631663940233,35.6045487512592 -80.0631353961197,35.6056117530461 -80.0630564013677,35.6082747575234 -80.0630024050477,35.610139760654 -80.0629974052837,35.610261760862 -80.0629504084781,35.6118807635785 -80.0629274096976,35.6125067646393 -80.0628994113144,35.6133327660333 -80.0628794123866,35.6138827669644 -80.0628604134641,35.6144337678947 -80.0627854166488,35.6160917707321 -80.0627594177078,35.6166447716802 -80.0626974203643,35.6180267740421 -80.0626714214215,35.6185787749878 -80.0626344230157,35.6194077764031 -80.062608424075,35.6199607773498 -80.0625584261981,35.6210657792366 -80.062546426732,35.6213427797083 -80.0625204277894,35.6218947806526 -80.0624704299147,35.6230007825394 -80.0624324315062,35.6238297839541 -80.0623324357534,35.6260397877204 -80.0623064368131,35.6265927886643 -80.0622694384081,35.6274217900747 -80.0622414395669,35.6280257911042 -80.0621814421261,35.6293567933683 -80.062155443184,35.6299087943092 -80.062030448498,35.6326727990064 -80.062004449556,35.6332247999459 -80.0619054537633,35.6354128036594 -80.0618784548679,35.6359888046383 -80.0618164575253,35.6373698069787 -80.0617904585857,35.6379228079178 -80.0616904628384,35.6401338116625 -80.061664463899,35.6406868126005 -80.0616024665571,35.642067814936 -80.0615764676178,35.6426208158732 -80.0615394692143,35.6434498172738 -80.0615134702751,35.6440028182104 -80.0614634724011,35.6451078200774 -80.0614494728983,35.6453698205241 -80.061438473461,35.6456588210081 -80.0613634766369,35.6473098237958 -80.0613264781407,35.6480938251215 -80.0613004792825,35.6486858261185 -80.061225482459,35.6503368289024 -80.061199483514,35.6508868298314 -80.0611754845568,35.6514278307418 -80.0611494856326,35.6519878316863 -80.0611144871307,35.6527658329958 -80.0610614893372,35.6539138349299 -80.0609864925126,35.6555638377058 -80.0609744930455,35.6558398381689 -80.0609364946317,35.6566648395568 -80.0608614978097,35.6583158423309 -80.0608354988652,35.6588658432565 -80.0606355073401,35.6632678506412 -80.0606095083979,35.6638188515662 -80.0605725099881,35.6646438529474 -80.0605465110585,35.6652008538815 -80.0605095126363,35.6660198552522 -80.0604465152827,35.6673948575541 -80.0604095168752,35.6682208589346 -80.060386517798,35.6687018597409 -80.0603725185113,35.6690678603481 -80.0603595190767,35.6693608608373 -80.0603335200521,35.6698718616962 -80.0601835264111,35.6731728672081 -80.0601575274696,35.673723868129 -80.0600955301203,35.6750988704212 -80.060069531179,35.6756498713413 -80.0600615316382,35.6758838717268 -80.0600575317104,35.6759248717988 -80.0599825348919,35.677575874549 -80.0599315370085,35.6786758763821 -80.0597155454673,35.683089883747 -80.0596875465222,35.6836418846685 -80.0595935502251,35.6855728878839 -80.0595655512801,35.6861248888043 -80.0594715549836,35.6880558920158 -80.0594435560388,35.6886078929351 -80.0593495597429,35.6905388961427 -80.0593215607983,35.6910908970609 -80.0592815623877,35.6919188984345 -80.0591995655584,35.6935739011818 -80.0591595671481,35.6944019025538 -80.0591185687327,35.6952289039252 -80.059079570278,35.6960339052582 -80.0590505713782,35.6966089062118 -80.0589835740251,35.6979879084937 -80.0589015771971,35.6996429112327 -80.0588615787874,35.7004709126007 -80.0588335798434,35.7010229135144 -80.0587935814338,35.7018509148815 -80.0587785819567,35.7021259153379 -80.058766582491,35.7024019157915 -80.0587385835472,35.7029539167043 -80.0586985851378,35.70378191807 -80.0586165883109,35.7054369208013 -80.0585765899018,35.7062649221654 -80.0584945930754,35.7079199248934 -80.0584275957241,35.7092989271628 -80.0583995967808,35.7098509280725 -80.0583955969818,35.7099539282405 -80.0583725978405,35.7104029289805 -80.0583056004897,35.7117819312472 -80.0582776015465,35.7123339321557 -80.0582336032686,35.7132309336295 -80.058210604196,35.7137129344203 -80.0581826052529,35.7142649353279 -80.0580886089629,35.7161959384958 -80.0579796131989,35.7184029421149 -80.0579656137772,35.7187029426054 -80.0579386147879,35.7192309434718 -80.0578716174405,35.7206109457302 -80.0578576179672,35.7208859461809 -80.057789620617,35.7222659484389 -80.0577736213013,35.722619949016 -80.0577486222044,35.7230929497917 -80.0577226232101,35.7236169506485 -80.0576816248577,35.7244729520458 -80.0576536259153,35.7250249529487 -80.0575596296278,35.7269559560998 -80.0575316306856,35.7275079570015 -80.0574646333376,35.7288869592492 -80.0574366343956,35.72943896015 -80.057413635326,35.7299219609361 -80.0572846403519,35.7325379651961 -80.0571996433762,35.734122967783 -80.0571126465295,35.7357729704717 -80.0570826475776,35.7363229713686 -80.0569956507293,35.7379719740526 -80.0569656517776,35.7385219749485 -80.0568786549318,35.7401719776309 -80.0568346565075,35.7409969789718 -80.0568046575539,35.7415459798646 -80.0567616591329,35.7423709812034 -80.0566436633335,35.7445709847743 -80.0566006649128,35.7453959861109 -80.0565706659595,35.7459449870016 -80.0565266675358,35.7467699883384 -80.0564766693698,35.7477279898887 -80.0564096717408,35.7489699918997 -80.0563656733175,35.7497949932343 -80.0563496735503,35.7501299936671 -80.0563366732835,35.7503449938423 -80.0562926722789,35.751168994507 -80.0562786719458,35.7514439947278 -80.0562336709369,35.752268995393 -80.0562056702705,35.7528189958338 -80.0561756695979,35.7533689962763 -80.0561176682587,35.7544689971578 -80.056087667587,35.7550179975982 -80.0560446665841,35.7558429982571 -80.0559846652384,35.7569429991369 -80.0559566645717,35.7574929995741 -80.0559266638988,35.7580430000129 -80.0558866629681,35.7588080006208 -80.0558046611933,35.7602500017708 -80.0557586601753,35.7610800024302 -80.0557266594928,35.7616330028702 -80.0556026567749,35.7638450046219 -80.0555556557535,35.7646750052778 -80.0555236550708,35.7652280057148 -80.0554776540524,35.766058006368 -80.0554456533696,35.7666110068038 -80.0553216506504,35.7688230085391 -80.0552736496265,35.7696520091888 -80.0552286486234,35.770470009827 -80.0551646472435,35.7715890107003 -80.0551186462255,35.7724180113449 -80.0550866455423,35.7729710117754 -80.0550716452033,35.7732480119901 -80.0550236441789,35.7740770126342 -80.0550086438272,35.7743660128572 -80.0549926434987,35.7746300130626 -80.0548686407765,35.776843014772 -80.054836640093,35.7773960151988 -80.0547906390734,35.778226015837 -80.0547586383899,35.7787790162627 -80.0547126373712,35.7796080168984 -80.0546656363483,35.7804380175346 -80.0546176353169,35.7812730181741 -80.0545876346447,35.7818210185922 -80.0545406336226,35.7826500192248 -80.0543646298742,35.7856790215305 -80.0543466295033,35.785977021757 -80.0543166288519,35.7865050221567 -80.0543056285883,35.7867220223201 -80.0542846281709,35.7870550225732 -80.0542526274889,35.7876060229899 -80.0542356271453,35.7878810231983 -80.0539956220326,35.7920100263044 -80.053819618283,35.7950370285647 -80.0538026179391,35.7953120287698 -80.0536266141873,35.7983400310154 -80.0536076138276,35.7986240312265 -80.0535946135046,35.7988910314225 -80.0534026094116,35.8021930338524 -80.0533696087255,35.8027440342566 -80.0533586084245,35.8029960344397 -80.0533376080435,35.8032940346592 -80.0530316015155,35.8085580384889 -80.0530006008723,35.8090740388624 -80.0526805940416,35.8145790428172 -80.0526475933557,35.81512904321 -80.0524555892554,35.8184320455576 -80.0524535891888,35.8184890455977 -80.0524075881102,35.8193710462207 -80.0523915878883,35.8195330463364 -80.0523275865211,35.8206340471133 -80.0523105861764,35.8209090473072 -80.0519905793382,35.8264140511612 -80.0519735789932,35.8266890513526 -80.0517225736279,35.8310060543403 -80.0516685724911,35.8319180549677 -80.0514285673571,35.8360470577925 -80.0513635659846,35.8371480585412 -80.0512195629034,35.8396250602189 -80.0511665617593,35.8405460608403 -80.0510735597875,35.8421280619045 -80.0509785577636,35.8437530629936 -80.0508825557086,35.845404064096 -80.0507985539766,35.8467860650149 -80.0507815536119,35.8470790652094 -80.0506955518277,35.8485040661531 -80.0506845515563,35.848727066301 -80.0506775514619,35.8487950663454 -80.0506385505893,35.8495010668122 -80.0505855493879,35.8504750674552 -80.0505665489818,35.8508010676698 -80.0505435484484,35.8512350679558 -80.0504785471683,35.8522470686187 -80.0504255461363,35.8530610691505 -80.0503745451116,35.853874069681 -80.050074539207,35.8585390727013 -80.049975537236,35.8600990737035 -80.0499565365229,35.8607140741049 -80.0499265358902,35.8612200744295 -80.0499275358648,35.8612470744477 -80.0499135356227,35.8614330745658 -80.0498305338912,35.8628150754494 -80.0497965331968,35.8633670758011 -80.0497465321574,35.8641960763289 -80.0497305318123,35.8644730765052 -80.0496795307695,35.8653020770311 -80.04957952869,35.8669600780803 -80.0495635283459,35.8672360782548 -80.0495465280336,35.8674790784071 -80.0495465279466,35.867561078461 -80.0495115271075,35.8682460788956 -80.0494645259604,35.8691850794907 -80.0493945242905,35.8705470803509 -80.0493565233535,35.8713150808356 -80.0493225225323,35.871986081258 -80.0492225200736,35.8740000825233 -80.049174518876,35.8749830831394 -80.0491425181904,35.87553208348 -80.0490845168979,35.8765740841268 -80.0490325157637,35.8774850846901 -80.0490235155458,35.8776630848007 -80.0489915149047,35.8781700851117 -80.0488715123443,35.8802180863695 -80.0488335115266,35.8808730867706 -80.0488045111615,35.8811290869181 -80.0487175094968,35.8824330877064 -80.0486905088237,35.8829850880458 -80.0486405075284,35.8840530887028 -80.0486245071434,35.8843670888948 -80.0485725058022,35.8854720895725 -80.0485585054629,35.8857490897414 -80.0485055040982,35.8868730904287 -80.0484665031131,35.8876820909217 -80.0484545028588,35.8878850910437 -80.048453502777,35.8879590910906 -80.0484395024386,35.888235091258 -80.0483875010971,35.8893400919302 -80.0483735007587,35.8896160920971 -80.0483344997522,35.8904450926002 -80.0483134992403,35.8908630928525 -80.0482814984071,35.8915500932686 -80.048252497726,35.8921030936006 -80.048196496369,35.8932100942654 -80.0481814960273,35.8934860944301 -80.0481394950097,35.8943160949272 -80.0481244946669,35.8945930950921 -80.0480684933107,35.8956990957526 -80.0480534929678,35.895976095917 -80.0479844913027,35.8973330967244 -80.0479594907457,35.8977810969884 -80.0479324900813,35.898324097311 -80.0478704885788,35.8995490980364 -80.0478544882092,35.8998480982123 -80.0477984868513,35.9009550988656 -80.0477834865094,35.9012310990273 -80.0477414854911,35.9020610995157 -80.0477264851481,35.9023380996775 -80.0476424831007,35.9040081006573 -80.047629482762,35.9042871008215 -80.0475174800249,35.9065201021252 -80.047490479343,35.9070791024515 -80.0474204776294,35.9084771032635 -80.0474004771052,35.9089091035155 -80.0473394755854,35.9101521042357 -80.0472984745367,35.9110131047348 -80.0472814736083,35.911834105233 -80.0472664726566,35.9126831057506 -80.0472564721328,35.9131451060301 -80.0472204717106,35.9134321061717 -80.0470784700273,35.9145811067384 -80.0470104677383,35.916525107879 -80.0470014674111,35.9168051080438 -80.0469804667311,35.9173801083794 -80.0469724664328,35.9176361085302 -80.0469134644673,35.919303109503 -80.0468844634867,35.9201361099887 -80.0468664628376,35.9206911103134 -80.0462144607449,35.9206641095351 -80.0458494595744,35.9206481090991 -80.0451714573983,35.9206201082905 -80.0383964356619,35.9203341002356 -80.0356884269755,35.9202190970301 -80.0354834263172,35.9202110967881 -80.0326384171913,35.9200910934303 -80.0314014132245,35.9200380919729 -80.0295894074122,35.9199620898417 -80.0287074045842,35.9199240888053 -80.0281484027907,35.9199010881493 -80.0263493970223,35.9198240860394 -80.0240943897905,35.9197290834004 -80.0240293895824,35.9197260833243 -80.0204643781511,35.9195750791639 -80.0197663759125,35.9195460783511 -80.0184113715687,35.9194880767745 -80.0143893586748,35.9193170721071 -80.0117453501978,35.919206069049 -80.0112983487661,35.9191860685326 -80.0100253446844,35.9191330670637 -80.0085933400957,35.9190710654132 -80.0084893397576,35.919071065294 -80.0075713368108,35.9190360642377 -80.0065533335389,35.9190010630677 -80.0058743313573,35.9189770622878 -80.0049973285385,35.9189470612811 -80.0034983237237,35.9188930595621 -80.0033333231916,35.9188890593731 -79.9996623138513,35.9187630566721 -79.9995643142593,35.9187560569988 -79.9978933211443,35.9187000625687 -79.9960373287925,35.9186360687554 -79.9938753376987,35.9185630759621 -79.9922123445558,35.9185000815054 -79.9889143581379,35.9183880924988 -79.9872183651238,35.9183280981521 -79.9865403679152,35.9183051004121 -79.9855223721077,35.9182691038055 -79.9851833735027,35.9182581049354 -79.9838263790907,35.9182101094587 -79.9828093832773,35.9181751128488 -79.9813883891306,35.9181221175854 -79.9786944002151,35.9180321265654 -79.9773814056198,35.9179851309421 -79.9752554143658,35.9179131380288 -79.9746684167835,35.9178901399854 -79.9741664188464,35.9178751416588 -79.9739894195764,35.9178671422488 -79.973730420641,35.9178591431121 -79.9733274223018,35.9178421444554 -79.9722844265901,35.9178081479321 -79.9722984260894,35.9182571478854 -79.9714754294452,35.9182601506288 -79.970385433882,35.9182721542621 -79.9700244356076,35.9180141554654 -79.9696454369587,35.9182141567288 -79.9684884417658,35.9181261605854 -79.9684654415868,35.9184071606621 -79.9684144415999,35.9186081608321 -79.9684004413775,35.9188961608788 -79.9685704403714,35.9192171603121 -79.9686384399808,35.9193331600854 -79.9687274395054,35.9194481597887 -79.9691324375338,35.9197731584388 -79.9702114321834,35.9207331548421 -79.9708424290722,35.9212721527388 -79.9707784288643,35.9217511529521 -79.9706244279733,35.9233031534654 -79.9691154342163,35.9232511584954 -79.9691684342618,35.9229811583188 -79.9693684344017,35.9219961576521 -79.9690774356039,35.9219861586221 -79.9691054358943,35.9215701585288 -79.9686384377847,35.9215931600854 -79.9686254374716,35.9219701601288 -79.9681294395205,35.9219531617821 -79.9681274398671,35.9216041617887 -79.9681354398954,35.9215411617621 -79.9677684413918,35.9215481629854 -79.9677714413185,35.9216111629754 -79.9677644410287,35.9219401629988 -79.9672854430069,35.9219241645954 -79.9672604434077,35.9216151646788 -79.9672494435223,35.9215431647154 -79.9666764458846,35.9215271666254 -79.9666654458738,35.9215851666621 -79.9666464455,35.9220541667255 -79.9666894453796,35.9219961665821 -79.9667494451771,35.9219511663821 -79.9668004449884,35.9219301662121 -79.9669364435075,35.9228881657588 -79.9665664450386,35.9228741669921 -79.9666274455201,35.9221141667888 -79.9659144484374,35.9221191691654 -79.9658764486219,35.9220891692921 -79.9653004509987,35.9220721712121 -79.9653064511177,35.9219221711921 -79.9659364485171,35.9219421690921 -79.9659524487087,35.9216741690387 -79.9660094487806,35.9213561688488 -79.9652094520737,35.9213381715154 -79.9651764517536,35.9218141716254 -79.964706453684,35.9218091731921 -79.9646924534016,35.9221651732388 -79.9639814561093,35.9223821756087 -79.96399045575,35.9227211755788 -79.9647034527993,35.9227491732021 -79.9646934528842,35.9227031732354 -79.965243450511,35.9228261714021 -79.9652354503429,35.9230361714288 -79.9640004553742,35.9230731755454 -79.9640044552255,35.9232121755321 -79.9621604628258,35.9231761816788 -79.9622904629491,35.9224801812454 -79.9622264631747,35.9225191814588 -79.962108463633,35.9225461818521 -79.9618924645092,35.9225561825721 -79.9616984652859,35.9225761832188 -79.9615904657278,35.9225771835787 -79.9614444663058,35.9225991840654 -79.9616464649676,35.9231411833921 -79.9616544648746,35.9232051833654 -79.9611534668608,35.9232791850354 -79.9592994742333,35.9235321912154 -79.9588924760942,35.9233271925721 -79.958514477651,35.9233211938321 -79.9580494795638,35.9233161953821 -79.9588504789065,35.9204831927121 -79.9587874791651,35.9204821929221 -79.9573844849131,35.9204731975988 -79.9556774918901,35.9204802032888 -79.9555804922887,35.9204782036121 -79.9555754923211,35.9204652036288 -79.954594496318,35.9204832068988 -79.9548074951389,35.9208212061888 -79.9549194947206,35.9207772058154 -79.95511749315,35.9216112051554 -79.9555474897416,35.9234142037221 -79.9553664904716,35.9234282043254 -79.9556654881705,35.9246032033288 -79.9556834880352,35.9246702032688 -79.9557284878594,35.9246602031187 -79.9561464862122,35.9245832017254 -79.9574054812082,35.9243991975288 -79.9576614801897,35.9243631966754 -79.9564454829621,35.9267862007288 -79.9561594836225,35.9273512016821 -79.9557834844991,35.9280872029354 -79.9554274852882,35.9288312041221 -79.9553374837588,35.9309142044221 -79.9547444858992,35.9312582063987 -79.954741485554,35.9316512064088 -79.9550864841209,35.9316562052588 -79.9561584797004,35.9316362016854 -79.956757477222,35.9316341996888 -79.9583004706535,35.9318281945454 -79.9585114697518,35.9318581938421 -79.9587884685758,35.9318891929188 -79.9590494674641,35.9319221920488 -79.9593094663528,35.9319591911821 -79.9595584652851,35.9319981903521 -79.9598094642053,35.9320411895154 -79.9600004633815,35.9320761888788 -79.9603094620444,35.9321371878488 -79.9605684609181,35.9321941869854 -79.9609474592644,35.9322831857221 -79.9609284592887,35.9323411857855 -79.9607684594487,35.9328781863188 -79.9602024600082,35.9347911882054 -79.9608174575337,35.9347051861554 -79.9611404562331,35.9346611850787 -79.9611004558458,35.9352511852121 -79.9610914552471,35.9359291852421 -79.9610464552645,35.9361101853921 -79.9609344541592,35.9377861857654 -79.9608764535724,35.9386701859588 -79.9608274531097,35.9393821861221 -79.960803452867,35.9397481862021 -79.9607324528413,35.9400921864388 -79.9607544523953,35.9404701863654 -79.9591074584729,35.9413381918554 -79.9589774589536,35.9414061922888 -79.9583454612609,35.9417701943954 -79.9579384625097,35.9422621957521 -79.9577204634661,35.9422151964788 -79.9577154634731,35.9422301964954 -79.9573844641846,35.9429621975988 -79.9574644638272,35.9429861973321 -79.9572154643559,35.9435451981621 -79.9570954648803,35.9435221985621 -79.9565424673352,35.9433742004055 -79.9563374677728,35.9438342010888 -79.956974464937,35.9440121989655 -79.9568664652292,35.9441871993254 -79.9566424659313,35.9444462000721 -79.9560744680875,35.9446952019654 -79.9556644693976,35.9451452033321 -79.9554674700808,35.9453032039888 -79.9552814707373,35.9454402046088 -79.9551024714019,35.9455362052054 -79.9550354716434,35.9455802054288 -79.9547724725639,35.9457832063054 -79.9546544729726,35.9458792066988 -79.9544834735561,35.9460282072688 -79.9543064741523,35.9461912078588 -79.9538454756089,35.9467232093954 -79.9534214769382,35.9472262108088 -79.9531514777833,35.9475492117087 -79.952939478428,35.9478242124154 -79.952693479149,35.9481742132354 -79.9525774794524,35.9483802136221 -79.9524884795971,35.9486362139188 -79.9524384796361,35.9488272140855 -79.952407479595,35.9490182141888 -79.9524144793738,35.9492312141654 -79.9524424791018,35.9494022140721 -79.95249847869,35.9495972138854 -79.952580478181,35.9497782136121 -79.9527084775028,35.9499312131855 -79.9528604767538,35.9500502126788 -79.9531854751621,35.9502932115954 -79.9535894731282,35.9506552102488 -79.953753472285,35.9508212097021 -79.9538534717491,35.9509462093688 -79.9539224713687,35.9510442091388 -79.9544074686245,35.9518082075221 -79.9544974681175,35.9519472072221 -79.9534524719673,35.9525792107055 -79.9528604741283,35.9529622126788 -79.9519624774488,35.9535002156721 -79.9516204786794,35.9537442168121 -79.9513514797123,35.9538642177088 -79.9509054814102,35.9540802191954 -79.9463804989509,35.9559672342788 -79.9431405115708,35.9573022450788 -79.9404935219033,35.9584002539021 -79.9383135304326,35.9593042611688 -79.9369275358642,35.9598792657888 -79.9364435377302,35.9601192674021 -79.935270542118,35.9608692713121 -79.9346505443694,35.9613522733788 -79.9343565453945,35.9616342743588 -79.9336625477108,35.9624302766721 -79.9334285484908,35.9627012774521 -79.9327065508792,35.9635642798588 -79.9317605540144,35.9646982830121 -79.9314105552006,35.9650882841788 -79.9307465575402,35.9657212863921 -79.9303785588856,35.9660132876188 -79.9299615604376,35.9663112890088 -79.9288065648679,35.9669782928588 -79.9273325706991,35.9676172977721 -79.9247335810405,35.9686933064354 -79.9233045867245,35.9693013111988 -79.922752588876,35.9695963130388 -79.9177626079891,35.9728023296721 -79.9186626037575,35.9732563266721 -79.9202005966025,35.9739203215454 -79.920808593686,35.9742953195188 -79.9213815905741,35.9751233176088 -79.921948587536,35.9758833157188 -79.9229135827957,35.9766053125021 -79.9236735789967,35.9772533099688 -79.9249065731096,35.9779373058588 -79.9255765697473,35.9785143036254 -79.9260295675543,35.9787993021155 -79.9266995643325,35.9791902998821 -79.9272915616427,35.9793342979088 -79.9277235596613,35.9794622964688 -79.9282675572678,35.9794942946554 -79.9287795549372,35.9796222929488 -79.9294345520606,35.9796532907654 -79.9295985511622,35.9798842902188 -79.9298165500977,35.9800282894921 -79.9301215486348,35.9801962884755 -79.9303435475987,35.9802822877354 -79.9307045459311,35.9804002865321 -79.9309295448655,35.9805062857821 -79.9312105434927,35.9806902848454 -79.9314315423771,35.9808792841088 -79.9316715411096,35.9811532833088 -79.9318945398631,35.9814922825654 -79.9320465389314,35.9818242820588 -79.9321615379875,35.9823702816754 -79.9321395377395,35.9827952817488 -79.9321025377627,35.9829662818721 -79.9320665378261,35.9830822819921 -79.9320235379218,35.9831962821354 -79.9319725380533,35.9833092823054 -79.9319155382183,35.9834132824954 -79.9318515384156,35.9835152827088 -79.9317805386467,35.9836132829455 -79.9317035389066,35.9837082832021 -79.9315365394899,35.9838902837588 -79.9314255399076,35.9839742841288 -79.93097654158,35.9843362856254 -79.9307945421978,35.9845582862321 -79.9305505427503,35.9852002870454 -79.9305045427544,35.9854462871988 -79.9305015425742,35.9856872872088 -79.930599541831,35.9860782868821 -79.9307605410355,35.9861902863455 -79.9308115407026,35.9863262861755 -79.9320275349837,35.9868062821221 -79.9322445340377,35.9867992813988 -79.9326705320971,35.9868882799788 -79.9329795307133,35.9869232789488 -79.9332745294283,35.9869122779654 -79.9337095275709,35.9868502765154 -79.9339415265664,35.9868342757421 -79.934167525621,35.9867782749888 -79.9342405253287,35.9867442747454 -79.9344165246921,35.9865792741588 -79.9350355220018,35.9865502720954 -79.9355315198138,35.9865662704421 -79.9356635192119,35.9865942700021 -79.9359115181558,35.9865562691754 -79.9361705169896,35.9865932683121 -79.9363655160591,35.9866842676621 -79.9364085160678,35.9864462675188 -79.9368055157005,35.9847922661955 -79.9404094999043,35.9848182541821 -79.9405564992574,35.9848222536921 -79.9430554882473,35.9849062453621 -79.9429564878848,35.9858342456921 -79.94415648116,35.9875342416921 -79.9441314807909,35.9880892417754 -79.9440804800608,35.9891952419454 -79.9443124791712,35.9890442411721 -79.9447454775345,35.9887362397288 -79.9450664763684,35.9884542386587 -79.9454594749529,35.9880962373487 -79.9458434736565,35.9876482360688 -79.9463394720316,35.9870152344154 -79.9512404492585,35.9884392180788 -79.9513964485329,35.9884842175588 -79.9516314474217,35.9885722167754 -79.9519984457823,35.9886022155521 -79.952007445872,35.9884582155221 -79.9541964353578,35.9894472082254 -79.9550534312383,35.9898322053688 -79.9557154286505,35.9894772031621 -79.9557964282184,35.9895602028921 -79.9562454257734,35.9900732013954 -79.9578444182865,35.9905611960654 -79.9580754172038,35.9906321952954 -79.9580224172467,35.9908381954721 -79.9575584183685,35.9918371970188 -79.957056419582,35.9929231986921 -79.9578104160301,35.9931661961788 -79.9568344182662,35.9954201994321 -79.9565574186737,35.9963112003554 -79.9564434191941,35.9962942007354 -79.9562164198162,35.9967122014921 -79.9560584204218,35.9968152020188 -79.9560004206375,35.9968602022121 -79.9558824209169,35.9971262026054 -79.9558734206466,35.9974652026354 -79.9554854223703,35.9974612039288 -79.9551444239294,35.9974092050654 -79.955146423803,35.9975382050587 -79.9552574226941,35.9982142046888 -79.9553034221926,35.9985402045354 -79.9553034219262,35.9988322045354 -79.9552434218705,35.9991852047354 -79.9552024218802,35.9993742048721 -79.9528834322445,35.9993032126021 -79.951499438737,35.9989172172154 -79.9510764407195,35.9988002186254 -79.9500834453739,35.9985232219354 -79.9485674534582,35.9969862269888 -79.9462124643843,35.9964232348388 -79.9461134645421,35.9967452351688 -79.9459464648038,35.9972942357254 -79.9454254656304,35.9990012374621 -79.9454704648306,36.0000862371903 -79.9454754656251,36.0003562367998 -79.9456524665122,36.0009082354464 -79.9448824715803,36.0014612372423 -79.9445844735327,36.0016742379376 -79.943223482423,36.0026522410978 -79.9422764885637,36.003331243291 -79.9419514936548,36.004584242612 -79.9413645027817,36.0068422413826 -79.941268511683,36.0097552376049 -79.9412515134273,36.0103292368539 -79.9410535175651,36.011467235903 -79.940697520523,36.0119782363494 -79.940537522586,36.0124622361911 -79.9403245238364,36.0125912367059 -79.9393185287567,36.0128632396108 -79.9384795334893,36.0133152417117 -79.9385345342963,36.0136782410168 -79.9386205349238,36.014022240248 -79.9389695350335,36.0145592383482 -79.9393895342977,36.0148982364992 -79.9401925324291,36.0153792332039 -79.9407865304362,36.0155202310712 -79.941014530152,36.0157392300208 -79.9411815295744,36.0157722294309 -79.9415325306189,36.0166142271063 -79.9413655321642,36.0169142272276 -79.9409355361413,36.0176902275324 -79.9407065383501,36.0181372276459 -79.9404415417205,36.018938227376 -79.9403015442995,36.0196392268407 -79.94023554544,36.0199442266239 -79.9399485486406,36.0206642265351 -79.9397675499574,36.0208762268201 -79.9396995513005,36.0212512265097 -79.9397005528832,36.0218032257263 -79.9396865540699,36.0221972252145 -79.9393815578285,36.0230972249237 -79.9393805592166,36.0235802242435 -79.9394725599485,36.023958223413 -79.9394755606684,36.0242132230426 -79.9394045618938,36.0245462227996 -79.9385635652135,36.0245882254398 -79.9379475674691,36.0245572274612 -79.9377215683347,36.0245592281839 -79.9376375693002,36.0247882281275 -79.9376285723804,36.0258682266187 -79.937576575122,36.0267712254994 -79.9375795756605,36.0269662252121 -79.9377615758463,36.0272732241932 -79.9375485766107,36.0272622248897 -79.9367715794089,36.0272252274263 -79.9332925919795,36.0270682387751 -79.9327585939575,36.0270612404927 -79.9293316064142,36.0269232516533 -79.9279016115001,36.0268192563801 -79.9236526270584,36.0266732701902 -79.9234816276873,36.0266682707448 -79.921233635897,36.0265762780762 -79.9191516435059,36.0264892848707 -79.9183806463288,36.0264582873854 -79.9178236483653,36.0264342892047 -79.9154776569616,36.0263382968611 -79.9154236532857,36.0246082996898 -79.9153136457614,36.0210613054898 -79.9153716391962,36.0182323096462 -79.9153606389105,36.0180853099076 -79.9149176406886,36.0180933113317 -79.912907648664,36.0180883178571 -79.9126486496931,36.018088318697 -79.9126346489113,36.0177023193403 -79.9125696485762,36.0174283199758 -79.9125066487756,36.0174043202175 -79.9125426484434,36.0173173202354 -79.9124746480935,36.017030320901 -79.9124466474154,36.0166653215577 -79.912477647001,36.0165313216647 -79.9119386491236,36.0165123234461 -79.9118046496637,36.0165133238802 -79.9108416534637,36.0164823270587 -79.9103916552473,36.0164713285387 -79.9097386578443,36.0164593306802 -79.909728657204,36.0161343312209 -79.9097666560016,36.0156333318806 -79.9098156543868,36.0149573327779 -79.9093016564502,36.0149473344683 -79.9090556579419,36.0151853348969 -79.9088376592201,36.0153763353075 -79.9079456628253,36.0153753382136 -79.9073846650797,36.0153683400514 -79.907025666481,36.0153433412598 -79.9065066685662,36.0153363429609 -79.9060276704759,36.0153223445429 -79.9058626710955,36.0152983451182 -79.9050316742093,36.0151723480245 -79.904393676613,36.0150803502489 -79.903311680731,36.014942353994 -79.903071682146,36.0151723544087 -79.9030126824156,36.0151883545754 -79.9019936883903,36.0161653563288 -79.9019906885254,36.0162303562344 -79.9020226885065,36.0162883560374 -79.9020986882332,36.0163053557631 -79.9021726879262,36.0163003555305 -79.9021536902273,36.0174733537135 -79.9015366926624,36.0174593557386 -79.9013356934456,36.0174493564071 -79.9011256942387,36.0174253571272 -79.9009146950136,36.0173893578701 -79.9006936957749,36.017324358692 -79.9004826964618,36.0172403595123 -79.9002766970816,36.0171303603583 -79.8996966987336,36.0167663628293 -79.8995406991632,36.016659363509 -79.8976977091703,36.0181283671128 -79.8975037102233,36.0182873674834 -79.8964187160384,36.019151369592 -79.8962067171814,36.0193273699911 -79.8947667248863,36.0205183727 -79.893427732394,36.0218793747862 -79.8926157369033,36.0227063760397 -79.8919097407971,36.0234263771225 -79.8900037511789,36.0253713800183 -79.8893387547297,36.0260333810476 -79.8881657609866,36.0272333827983 -79.8879857619385,36.0274163830677 -79.8872547657939,36.02816438415 -79.8862197712054,36.0292243856714 -79.8850317773497,36.0304433874003 -79.8845037792792,36.030444389078 -79.883936781344,36.0304403908883 -79.8837417823508,36.0306483911562 -79.8837177824426,36.0306513912274 -79.8836797825472,36.0306273913889 -79.8836187828573,36.0306893914778 -79.8832187839954,36.0304613931364 -79.8830687844773,36.0304143936933 -79.8828717851648,36.0303913943589 -79.8816807894569,36.0303483982208 -79.8811777912693,36.0303293998533 -79.8803977940959,36.0303114023655 -79.8804087935861,36.0299584029344 -79.8802547937525,36.029658403938 -79.8800767944841,36.0297174044038 -79.879385797332,36.0299564061941 -79.8795197971678,36.0302064053388 -79.8795427971922,36.0302894051233 -79.8796627967575,36.0302924047364 -79.8796747967346,36.0303084046707 -79.8795347998537,36.0323024016964 -79.8794848009561,36.033008400644 -79.8790518024824,36.03298840205 -79.8790768019548,36.0326504025512 -79.8784928040308,36.0326324044333 -79.8784678046031,36.0330094038639 -79.8782118055094,36.0330004046904 -79.8774568081735,36.0329664071408 -79.8774638078375,36.0327184075465 -79.8760448128402,36.0326404121789 -79.8759138133002,36.0326314126097 -79.8759218131028,36.0324924128253 -79.8759098125539,36.0320044137092 -79.8759068124895,36.0319424138262 -79.8757618130146,36.0319434142845 -79.8749648159271,36.0319714167649 -79.8749628160116,36.0320364166582 -79.8747698166267,36.0319674173905 -79.8701228316584,36.0303174350434 -79.8685748367714,36.0297844409116 -79.86845883757,36.0301504406329 -79.8682858387215,36.0306614402782 -79.8680868401164,36.0313244397358 -79.8678688415087,36.0319234393659 -79.867631842784,36.0323434393726 -79.8673098442842,36.0326874397826 -79.8663938484551,36.0335984410635 -79.8661548495768,36.0338784413209 -79.8654348528149,36.03459444232 -79.8651538540589,36.0348604427326 -79.8648128554941,36.035108443366 -79.8639978588299,36.0356164450284 -79.8628658634715,36.0363724472399 -79.8623738654572,36.0366804482354 -79.8620738666362,36.0368354489009 -79.8618138676354,36.0369454495211 -79.861548868622,36.0370214502181 -79.861529868975,36.0373634496605 -79.8614898695914,36.0379334487572 -79.8614878698605,36.0382464481984 -79.8615008700134,36.0384824477315 -79.8615448700809,36.0387434471222 -79.8619928699762,36.040429442676 -79.8624678697299,36.0420104383422 -79.862592869733,36.0424974370753 -79.8626678698717,36.0429454360351 -79.8626778701234,36.0432734354136 -79.8626748702827,36.0434454351135 -79.8626238707197,36.0437544347162 -79.8625178713596,36.0440894344432 -79.862364872092,36.0443544344421 -79.8622018728148,36.0445724345563 -79.8620608733989,36.0447144347388 -79.8618938740739,36.0448644349875 -79.861276876523,36.0453784359769 -79.859663882809,36.0466734386366 -79.8595088833803,36.0467634389536 -79.8591218848067,36.0469924397367 -79.8587948859934,36.0471664404331 -79.857924889126,36.0476154423087 -79.8568568928976,36.0481024447232 -79.856588893836,36.0482194453377 -79.85581889617,36.048043448041 -79.8531249043898,36.0474254575139 -79.851298910011,36.0470074639424 -79.8494479157522,36.046588470458 -79.84897591722,36.0464764721303 -79.8462949256442,36.0459184814923 -79.8455599279567,36.0457404841087 -79.8439589330333,36.0453944897333 -79.8435219344168,36.0452804913066 -79.8431069357299,36.0451634928177 -79.8424999376469,36.0449684950743 -79.8420839389605,36.0448234966431 -79.8416509403252,36.044654498311 -79.8407249432508,36.0442735019179 -79.8396609470026,36.0452005034533 -79.8390309491794,36.0456685045129 -79.8384809510526,36.0460155055537 -79.8380069526643,36.0463385064032 -79.8368459566118,36.0473005081477 -79.836308958421,36.0477615089198 -79.8358979598067,36.0481715093986 -79.8356089607911,36.0485535095529 -79.8350499627044,36.0494625095184 -79.8344719646556,36.0504075094676 -79.8341479657325,36.0509025095041 -79.8340059662059,36.0511525094554 -79.833585967586,36.0518085094715 -79.8330279693951,36.0526575095325 -79.832887969845,36.052868509551 -79.832072972434,36.054107509632 -79.8318589731045,36.0544245096678 -79.8314119744939,36.0550895097349 -79.8312329750444,36.0553245098222 -79.830979975817,36.0556175100215 -79.8301299783789,36.0563375112047 -79.8300339786658,36.0563985113778 -79.8295789800222,36.056751512072 -79.8294399804349,36.0568735122559 -79.8289729818156,36.0572285129806 -79.8288229822571,36.0573565131855 -79.8281399842557,36.0579035141867 -79.8279389848386,36.0581065143977 -79.8277159854786,36.0584345144283 -79.8273049866342,36.059305513956 -79.8271109871697,36.0597765136135 -79.8270039874646,36.0600105134751 -79.8269199876984,36.0601425134687 -79.8266819883675,36.0603745137309 -79.8264899889073,36.0605325139998 -79.8261769897928,36.0606815146527 -79.8257529909968,36.0607945157128 -79.8248369936067,36.060889518298 -79.8246099942485,36.0609475188699 -79.824358994968,36.0609295196657 -79.8241619955095,36.0610895199434 -79.8240799957336,36.0611625200461 -79.8240249958826,36.061219520099 -79.8239889959784,36.0612685201102 -79.8239339961209,36.0613695200753 -79.8239129961315,36.061718519443 -79.8234059975644,36.0617545209042 -79.8223400005696,36.0618555239253 -79.821177003841,36.0619695272125 -79.8202130065518,36.0620455299733 -79.8193860088578,36.0621745322126 -79.8190980096542,36.0622395329517 -79.8190880096102,36.062510532435 -79.8190950095439,36.0626855320607 -79.8190380094252,36.0637275301297 -79.819027009435,36.0638055300054 -79.8189780091073,36.065528526675 -79.8189460090023,36.0662415253318 -79.8189030087975,36.0674275230663 -79.8188220086935,36.0686045209321 -79.8179510110192,36.0685685236086 -79.8172010130181,36.0685535258813 -79.8168020140808,36.0685485270843 -79.8151570184702,36.0685085320838 -79.8150990181802,36.0697085298115 -79.8150280179236,36.0708995275956 -79.8150030178905,36.0711625271339 -79.8149680177872,36.07168152618 -79.8149350177442,36.0720235255808 -79.8148000178335,36.0727045245931 -79.8147620178482,36.0729215242634 -79.814760017766,36.0731515238001 -79.8147320176115,36.0737455226715 -79.8147360175498,36.0738815223822 -79.8146820173417,36.0747845206999 -79.8146550173102,36.0750435202514 -79.8145940173942,36.0752205200705 -79.8148730166563,36.0753385190052 -79.8152490156712,36.0754795176066 -79.8157320143989,36.0756915157479 -79.8174100100354,36.0763785093992 -79.8200650032449,36.077503499301 -79.8208640012337,36.0778334962851 -79.8210180008467,36.0779014956953 -79.8216209993416,36.0781424934375 -79.8222519977724,36.0784074910508 -79.8226649967485,36.0785894894724 -79.8232999951843,36.0788544870768 -79.8251479906808,36.079635480095 -79.8259709887009,36.0799664770236 -79.8263829877137,36.0801494754529 -79.8271959857768,36.0805184723399 -79.8277379844922,36.0808124701714 -79.8283769829876,36.0811924675511 -79.8287659820769,36.0814864658338 -79.8293819806471,36.0819934630351 -79.8295289803083,36.0821154623657 -79.8301699788395,36.082544459651 -79.8305069780721,36.0827354582926 -79.8314049760357,36.0831044549499 -79.8319749747502,36.083312452881 -79.8331639720901,36.0837594485438 -79.8351769676454,36.0844894412648 -79.8374419627367,36.0853154330833 -79.8380539614223,36.0855174309166 -79.8389169595721,36.0857714279226 -79.8404689562777,36.0862434225147 -79.8409469552649,36.0863694208876 -79.843232950442,36.086909413233 -79.8437139494367,36.0870264116176 -79.845456945827,36.0874714057289 -79.8462779441334,36.087664402989 -79.8470449425562,36.0878394004408 -79.8473249419874,36.0879143994901 -79.8495369376583,36.0887463915397 -79.8499269369185,36.0889183900926 -79.8503699361004,36.0891463883891 -79.8516839337143,36.0898393833111 -79.8520739329929,36.0900073818755 -79.8525839320379,36.0901993800504 -79.8528869314539,36.090282379024 -79.8530179312006,36.0903163785838 -79.8533039306402,36.0903773776473 -79.8535799300922,36.0904233767675 -79.8539469293566,36.0904723756202 -79.854669927881,36.0905243734425 -79.8577359216357,36.0907323642345 -79.8586539197697,36.0907913614847 -79.8599559171459,36.0908973575451 -79.8603219164017,36.0909173564557 -79.8609719150904,36.0909643545003 -79.862559911918,36.0911073496737 -79.8631699106982,36.0911573478292 -79.8637249095991,36.0912133461324 -79.8650589069402,36.0913223421009 -79.8656379058043,36.0913863403218 -79.8660149050747,36.0914373391469 -79.866488904207,36.0915513375812 -79.8671609030628,36.091795335216 -79.8684499008757,36.0922473307122 -79.8689129000394,36.0923533291956 -79.8690818997082,36.0923663286875 -79.8693108992423,36.0923673280285 -79.8701178975425,36.0923163258021 -79.8705378966511,36.0922843246528 -79.8712198951826,36.092214322818 -79.8715088945482,36.0921743220585 -79.8716838941386,36.0921273216384 -79.872120893101,36.0919983206096 -79.8731238905476,36.0915613184924 -79.8736998890894,36.0913263172467 -79.8744538871647,36.0910143156217 -79.874685886563,36.0909123151316 -79.8759038834157,36.090403312509 -79.8762298825767,36.0902743117934 -79.8773008797859,36.089835309466 -79.8782518772896,36.0894473073922 -79.8788958757557,36.0893143057629 -79.8790858753363,36.0893013052369 -79.8796888740087,36.089263303562 -79.8804358723705,36.0892223014765 -79.8833888659156,36.0890862931846 -79.88375386515,36.0890932921192 -79.8841718643134,36.0891292908516 -79.8844828637119,36.0891702898846 -79.8866968595478,36.0895282828933 -79.8869518590615,36.089563282099 -79.8883638564127,36.0897802776637 -79.8888518554762,36.0898392761583 -79.8897588537637,36.0899642733355 -79.8900948531398,36.0900162722807 -79.8904688523909,36.0900392711646 -79.8906058520889,36.0900302707847 -79.890872851456,36.0899852700898 -79.8913648501524,36.0898182689483 -79.8944058418751,36.0887122619953 -79.8949368404136,36.0885202607759 -79.8952978394266,36.0883952599373 -79.8970278346603,36.0877942559154 -79.8976928328993,36.0876112542886 -79.8981258317925,36.0875162531895 -79.8985618307347,36.0874532520295 -79.8990998295234,36.0874282505125 -79.8999448277229,36.0874452480388 -79.9008188260223,36.0875492453414 -79.9016778243438,36.0876452427011 -79.9024288228971,36.0877382403789 -79.9034248209351,36.0878362373407 -79.9054328170654,36.0880692311622 -79.9071168138866,36.0882882259471 -79.908008812186,36.0883922232051 -79.9095228093263,36.0885762185414 -79.9113878057751,36.0887802128357 -79.9117948050318,36.0888382115701 -79.912037804613,36.0888842107969 -79.9132058027129,36.0891532070082 -79.9139238014795,36.0892852047321 -79.9146378001684,36.0893762025317 -79.9150977992862,36.0894172011414 -79.9155177984468,36.0894391998959 -79.9161767970551,36.0894401979932 -79.9168567955391,36.0894061960834 -79.9172457945991,36.0893551950389 -79.9176137937141,36.0893091940472 -79.9184657915839,36.0891691918015 -79.9195347888569,36.0889741890114 -79.9203587867601,36.0888291868513 -79.9220327824874,36.0885371824554 -79.9227067807588,36.0884191806847 -79.9250187748546,36.0880371745709 -79.9269137698975,36.0876911696019 -79.9275217681464,36.0875201680947 -79.928011766466,36.0872791670311 -79.928410764926,36.0870181662594 -79.9285437643934,36.0869241660121 -79.9287007636913,36.0867851657613 -79.9288247630499,36.0866421656119 -79.9289537623577,36.0864841654697 -79.9290877615184,36.0862741653892 -79.9292177604496,36.0859731654533 -79.9294737578299,36.0851851658645 -79.9296177563941,36.0847581660711 -79.9302597499321,36.0828461669968 -79.930395748563,36.0824441671869 -79.930664746446,36.08187616723 -79.930881745127,36.0815671670461 -79.9313237426193,36.0810091665656 -79.931732742275,36.0812381650356 -79.9335187408343,36.0822401583624 -79.9362517388064,36.0837721481874 -79.9369547383675,36.0841831455527 -79.9396767366594,36.0857221354528 -79.942598735092,36.0873821246465 -79.9443857342303,36.0883881180744 -79.9467397332407,36.0897141094435 -79.9470167331501,36.0898751084231 -79.9473947330127,36.0900891070392 -79.9484347326635,36.0906801032328 -79.9490127323197,36.0909561011917 -79.9505187311249,36.0915680960266 -79.9508447308362,36.0916890949253 -79.951126730621,36.091804093959 -79.9514597303028,36.0919190928465 -79.9519547296676,36.0920380912638 -79.9521207293789,36.0920540907654 -79.9522727291381,36.0920760902992 -79.9531487275709,36.0921460876894 -79.9538847262151,36.0921920855143 -79.9538567298881,36.0933070840979 -79.9538317317542,36.0938670834177 -79.953792734772,36.0947740823114 -79.9537917354774,36.0949910820229 -79.9537977362597,36.0952360816768 -79.9537347410422,36.0966740799254 -79.9545427409167,36.0971130770359 -79.9555857408488,36.0977000732841 -79.9560577409485,36.0980020715399 -79.9568627412518,36.098552068522 -79.95780174178,36.09923706495 -79.9583177422377,36.0996590629296 -79.958402742383,36.0997490625699 -79.958506742672,36.0998920620867 -79.9586217431873,36.1001080614761 -79.9587087436608,36.100296060982 -79.9591827471544,36.101586057943 -79.9597047506189,36.1028830547658 -79.9601197528223,36.1037450524664 -79.9602477534584,36.1039970517761 -79.960952755045,36.104817048722 -79.9617357572296,36.1058400451906 -79.962062758029,36.1062310437653 -79.9623067584541,36.1064720427686 -79.9631077594735,36.1071490396487 -79.9644787602852,36.1080240346872 -79.9642027649713,36.1092300339013 -79.9641527658273,36.1094510337553 -79.96346377744,36.1124610317782 -79.9630777839707,36.1141680306345 -79.9622967968585,36.1175580283835 -79.9618008049857,36.1197150269347 -79.9617108067531,36.1201930265579 -79.9616428083654,36.1206350261675 -79.961593809807,36.1210350257797 -79.9615218125887,36.1218160249576 -79.9615288156851,36.1227180237624 -79.9615458175232,36.123258023012 -79.9615758189808,36.1236920223648 -79.9616798211456,36.124357021216 -79.9619598206041,36.124298020534 -79.9623388198277,36.1242060196265 -79.9626018201759,36.1243980186642 -79.9628428205669,36.1245940177569 -79.9630198208733,36.1247430170843 -79.9631308210785,36.124840016658 -79.9633158213881,36.1249920159603 -79.9635238218081,36.1251830151501 -79.963857822586,36.1255180138135 -79.9640268230293,36.1257010131202 -79.9641788234728,36.1258780124809 -79.9643978241319,36.1261380115538 -79.9645338245868,36.1263120109622 -79.9646748250865,36.1265000103393 -79.9648048256108,36.1266910097425 -79.964936826173,36.1268930091264 -79.965055826663,36.1270700085777 -79.9651748272424,36.1272720079971 -79.9652858278145,36.1274690074448 -79.9654488287867,36.127795006587 -79.9656728304823,36.1283430052806 -79.9657508311317,36.1285500048053 -79.9658138318019,36.1287580043691 -79.9658728324736,36.1289650039451 -79.9659248331072,36.1291590035567 -79.9660188344935,36.1295770027686 -79.966062835333,36.1298260023315 -79.9660908359443,36.1300060020258 -79.9661128365195,36.1301740017516 -79.9661298371249,36.1303490014818 -79.9661598385402,36.1307550008815 -79.9661598396947,36.1310790004665 -79.9661518408075,36.1313890000909 -79.9661378417089,36.1316379998094 -79.9661288419781,36.1317109997399 -79.9669328412842,36.1317449975474 -79.9670258412258,36.1317549972861 -79.9671728412491,36.1318029968319 -79.9673018411293,36.1318059964833 -79.9674538409179,36.1317899960975 -79.9676258408086,36.1318079956149 -79.9678348407125,36.1318399950156 -79.967951840706,36.1318709946635 -79.9680298405514,36.1318499944818 -79.9681558401998,36.1317879942239 -79.9684338398314,36.1317639935113 -79.9685748398299,36.131802993085 -79.9686428396341,36.1317679929477 -79.9686688395279,36.1317459929061 -79.9688388391158,36.1316799925353 -79.9689698388264,36.1316369922396 -79.9690728385616,36.13159299202 -79.9691218384608,36.1315789919067 -79.9691938379977,36.1314719918496 -79.969231837642,36.1313849918581 -79.9693368373887,36.1313449916278 -79.9694838371688,36.1313259912586 -79.969584836985,36.1313039910163 -79.9696808368464,36.1312929907734 -79.969847836697,36.1312989903191 -79.9699568366951,36.1313289899896 -79.9700798364958,36.1313089896858 -79.9701718364565,36.1313239894208 -79.9702558363741,36.1313249891948 -79.9703158362466,36.131306989057 -79.9704248358923,36.1312409888486 -79.9705878354417,36.1311639885094 -79.9708208350914,36.1311339879236 -79.9711088345696,36.1310729872296 -79.9712198344958,36.1310839869187 -79.9712698344332,36.1310809867887 -79.9713358342801,36.1310579866409 -79.9714488341339,36.1310499863486 -79.9715078339952,36.131028986217 -79.9716318338413,36.1310219858938 -79.9717058335498,36.1309639857685 -79.9717258336144,36.1309869856861 -79.9718268337772,36.1310589853256 -79.9718878339556,36.131123985081 -79.9719428340661,36.1311689848775 -79.9720578340481,36.131195984536 -79.9720978342933,36.1312729843327 -79.972233834645,36.1314049838037 -79.9723288348532,36.1314869834472 -79.9723698350386,36.1315479832613 -79.9724368354176,36.1316679829322 -79.9724848354545,36.1316909827752 -79.972545835635,36.131755982531 -79.9725858358407,36.1318219823417 -79.9726068362523,36.1319379821408 -79.9726468365404,36.132025981924 -79.9726608367726,36.1320919818043 -79.9727218371408,36.1322069814978 -79.9729118381619,36.1325309805864 -79.9729588385042,36.1326349803313 -79.9729588388745,36.1327339802079 -79.9729388391822,36.1328109801652 -79.9729318394584,36.1328829800942 -79.9729328397865,36.1329709799818 -79.9729458399794,36.1330259798785 -79.9730068402077,36.1331029796199 -79.9730608403383,36.1331519794149 -79.9731358404523,36.1332019791527 -79.9732098405225,36.1332399789081 -79.9734538405323,36.1333059781756 -79.9735008405692,36.133327978023 -79.9736238408216,36.1334269775721 -79.9738608410245,36.1335419767978 -79.9739418411119,36.1335859765274 -79.9740098413363,36.1336629762507 -79.9740568415813,36.13373997603 -79.9740978418924,36.1338329758053 -79.9741178422465,36.1339319756293 -79.974144842594,36.1340309754346 -79.974117843159,36.134173975329 -79.9740908433694,36.13422297534 -79.9739828438448,36.1343219755044 -79.9739828439918,36.134360975456 -79.9740708441573,36.13442697514 -79.9741388441534,36.1344429749394 -79.9741928442496,36.1344819747474 -79.9742538447507,36.1346299744016 -79.9742748451462,36.1347399742094 -79.9742678455038,36.1348329741127 -79.9742478456281,36.1348609741311 -79.9742268459986,36.1349539740715 -79.9742748463692,36.1350639738076 -79.9742948465998,36.1351299736726 -79.9743428468877,36.1352179734361 -79.9743828472247,36.1353169732071 -79.9744168479,36.1355039728851 -79.9744778481351,36.1355809726278 -79.9745798481668,36.1356139723163 -79.9746408482359,36.1356469721135 -79.9747898483083,36.1357019716501 -79.9748648483841,36.1357399714042 -79.9749278485277,36.1357929711715 -79.9754858467306,36.1354539701097 -79.9757128461107,36.1353459696403 -79.9759988454885,36.1352519689968 -79.9761568451898,36.1352119686265 -79.9770088437492,36.1350419665725 -79.9773288431093,36.1349529658315 -79.9774878427453,36.1348969654776 -79.9785848399626,36.1344439631148 -79.9790328388031,36.1342549621533 -79.9793048380022,36.1341159615986 -79.9795158371873,36.1339589612277 -79.9796648364889,36.1338169610034 -79.9797818357967,36.1336689608713 -79.9798518352785,36.1335539608243 -79.9799298346266,36.1334069607946 -79.9799898338268,36.1332179608637 -79.9800238331305,36.1330489609778 -79.98032683316,36.1331319600695 -79.9812968337313,36.1335159570209 -79.981809833906,36.1336849554511 -79.9820698338903,36.1337439546878 -79.9824788336804,36.1337899535436 -79.9826748336359,36.1338259529786 -79.9828018336499,36.1338599525998 -79.982948833781,36.133927952127 -79.9830538339487,36.1339949517674 -79.9834228348402,36.1343049504151 -79.9836378351831,36.1344409496809 -79.9838708354583,36.1345639489147 -79.9840048355579,36.1346199484917 -79.9841018356603,36.1346679481767 -79.984462835855,36.1347999470601 -79.9860818362407,36.1352649422085 -79.9864768363226,36.1353739410312 -79.9878318366125,36.1357459369981 -79.9895928373562,36.1363079316728 -79.9898078373728,36.1363579310449 -79.9900378373053,36.1363909303972 -79.9902188371857,36.136400929906 -79.9903918369893,36.1363909294592 -79.990676836592,36.1363569287435 -79.9909138361824,36.1363099281699 -79.9916008348704,36.1361449265396 -79.9918958342707,36.1360659258486 -79.9922638334596,36.1359529250029 -79.9924768328591,36.1358569245484 -79.9927258319908,36.1357059240613 -79.9928918312774,36.1355739237722 -79.9942308248274,36.1343569216064 -79.9943488242431,36.1342469214179 -79.9945798232149,36.1340589210174 -79.994788822309,36.1338949206477 -79.9948938218722,36.1338169204568 -79.9950238214108,36.1337389201993 -79.9951048210955,36.1336839200461 -79.9952458206313,36.1336079197569 -79.9956458194006,36.1334129189124 -79.9959208186132,36.1332929183154 -79.9973048149519,36.1327639152219 -79.9975288166537,36.1332029141311 -79.9976878178094,36.1335019133716 -79.9977718185923,36.1336989129267 -79.9978268192282,36.1338559126041 -79.9978678202159,36.1340899122324 -79.9981298274787,36.1357989096203 -79.998147827902,36.1358989094606 -79.9981868292386,36.1362109090076 -79.9982078305919,36.1365229086025 -79.9981858333642,36.1371489079595 -79.9981608359273,36.1377269073781 -79.9983448357386,36.1377199068997 -79.9984348355292,36.1376899066954 -79.9985778352477,36.1376539063577 -79.9986378351608,36.137645906208 -79.9987338349151,36.1376089059956 -79.9987778347007,36.137568905924 -79.9988288345949,36.1375549058048 -79.9990098343106,36.1375259053587 -79.9991588338636,36.1374539050451 -79.9992388337413,36.1374419048469 -79.9992928335839,36.137416904732 -79.9993448331271,36.1373239046981 -79.9993578326775,36.137224904774 -79.9994108325516,36.1372069046539 -79.9994698325666,36.1372219044811 -79.9995138324175,36.1371969043925 -79.9995228321083,36.1371289044444 -79.9995938318955,36.1370949042944 -79.9997188315865,36.1370499040137 -79.9997938312368,36.1369859038865 -79.9998818309997,36.1369499036936 -79.9999718309295,36.1369519034532 -80.0001368307875,36.1368779036063 -80.0002388306171,36.1368049037901 -80.0004108305393,36.1367289040479 -80.0005818305979,36.1366839042703 -80.0007608306378,36.1366319045087 -80.0008478307515,36.1366279046009 -80.0009068307299,36.1366029046883 -80.0009818304667,36.1365179048591 -80.0010288305378,36.1365179049065 -80.0010848307554,36.1365479049294 -80.0011598309929,36.1365759049736 -80.0012588310673,36.1365589050925 -80.0013808308137,36.1364599053267 -80.0014688309601,36.1364629054122 -80.0015288311616,36.1364879054446 -80.0016198313435,36.1364979055252 -80.001778831036,36.1363739058253 -80.0019078313286,36.1363959059308 -80.0019868313555,36.1363749060343 -80.0020638312955,36.1363349061572 -80.0021598312555,36.1362929063017 -80.0022208313215,36.1362869063701 -80.002442831614,36.1362769066059 -80.0027058316821,36.1362019069568 -80.002880831626,36.1361289072169 -80.0032218316904,36.1360259076794 -80.003278831513,36.1359659078056 -80.0033308315348,36.1359529078731 -80.0034098314306,36.1359019080114 -80.0035768315836,36.135878908207 -80.0037548316259,36.1358269084471 -80.0038678314992,36.1357589086397 -80.0040208314117,36.1356859088788 -80.0041098314552,36.1356649089933 -80.0043858314593,36.1355699093831 -80.0044748315293,36.1355549094909 -80.0045188313684,36.1355029095955 -80.0045828313303,36.1354719096964 -80.004697831462,36.135461909825 -80.0047568314996,36.1354499098989 -80.0048078314417,36.1354189099865 -80.0049018311956,36.1353299101851 -80.0050658314857,36.1353389103418 -80.0051318313809,36.1352919104635 -80.0051668315088,36.1353089104795 -80.0052288318224,36.1353589104848 -80.0052618319253,36.1353709105045 -80.0053998320969,36.1353619106556 -80.0055998322977,36.1353379108872 -80.0056398322802,36.1353199109489 -80.0057748321198,36.1352359111842 -80.0058668321994,36.1352219112943 -80.0059578323168,36.1352169113929 -80.0061598322814,36.1351379116911 -80.0062578323442,36.1351179118145 -80.0063768322954,36.135064911998 -80.0064698323726,36.1350499121105 -80.0065778322549,36.1349849122969 -80.0066958323401,36.1349629124432 -80.0068288323482,36.134917912632 -80.006894832271,36.1348769127476 -80.0073888324686,36.1347479134049 -80.0075558327253,36.134747913576 -80.0076798330026,36.1347679136794 -80.0078078335639,36.1348519137113 -80.007871833762,36.1348749137497 -80.0079778341459,36.1349259137979 -80.0080898344045,36.1349459138888 -80.0083998344424,36.1348449143256 -80.0085418343833,36.1347809145469 -80.0086228344125,36.134758914656 -80.0086958344771,36.1347479147439 -80.0087708346356,36.1347579148088 -80.008879834816,36.1347609149169 -80.0090288351401,36.1347829150433 -80.0091988354358,36.1347909152078 -80.0093408355978,36.1347779153688 -80.0094818355294,36.1347119155921 -80.0095548352747,36.1346269157686 -80.0096278350806,36.1345559159284 -80.009636835021,36.134538915958 -80.0095758344221,36.1344219160353 -80.0095868341628,36.1343579161232 -80.0096278340576,36.134318916212 -80.0097398339154,36.1342459164146 -80.0099098337897,36.1341559166975 -80.0100618338391,36.1341129169056 -80.010162833672,36.1340379170997 -80.0104158337015,36.1339539174616 -80.0105708338122,36.1339239176577 -80.0107448342149,36.1339549177998 -80.0110118342842,36.1338749181719 -80.0112148344997,36.1338519184093 -80.0114518347122,36.1338159186976 -80.0116208349483,36.1338099188795 -80.0117898352187,36.1338119190516 -80.0119258354979,36.1338279191726 -80.0121708361343,36.1338879193524 -80.0122888368521,36.1340129193216 -80.0123978371618,36.1340459193937 -80.0125728374324,36.1340459195741 -80.0129118378881,36.1340299199431 -80.0130448377906,36.1339589201673 -80.0131848379773,36.1339519203203 -80.0132928383194,36.1339929203813 -80.0135558387049,36.1339879206587 -80.0137068387041,36.1339329208822 -80.0138118391903,36.1340089208967 -80.0139198393105,36.1339979210217 -80.0139738393003,36.1339759211045 -80.0139868391075,36.1339259211797 -80.0139908385134,36.1337849213581 -80.0140368382313,36.1337019215081 -80.0141368380033,36.1336119217228 -80.0141838378592,36.1335609218346 -80.0142188378157,36.1335379218992 -80.0141248371377,36.1334129219565 -80.0140528364554,36.1332789220475 -80.0139908357159,36.1331279221698 -80.0139128343167,36.1328279224592 -80.0136628291525,36.1317079235793 -80.013638828471,36.1315569237401 -80.0136218275446,36.1313459239822 -80.0136618265296,36.1310929243363 -80.0136918259208,36.1309389245578 -80.0142468188801,36.1290769274499 -80.0143248177978,36.1287929278855 -80.0143908167436,36.1285199282948 -80.0144298155396,36.1282219287063 -80.0144208102269,36.1269759302407 -80.0144648056563,36.1258839316426 -80.0144628040119,36.1254979321189 -80.0144388028666,36.1252379324146 -80.0141917960985,36.1237439339892 -80.0141467943502,36.1233509344248 -80.0141357924377,36.1229059349628 -80.014150788101,36.1218809362476 -80.0141447872311,36.1216789364906 -80.0141227862358,36.1214539367438 -80.0140607849801,36.1211839370066 -80.0139717837372,36.120927937221 -80.0138997829319,36.1207679373359 -80.013432778105,36.1198249379599 -80.0132937764471,36.1194929382072 -80.0132277752438,36.1192379384439 -80.0131617715301,36.1183949394025 -80.0131157688706,36.1177909400902 -80.0132247686871,36.1177029403265 -80.0134557680966,36.1174689408861 -80.013575767733,36.1173339411938 -80.0137177671873,36.1171469415918 -80.0138267666988,36.1169869419179 -80.0143377633858,36.1159949437508 -80.0143827630537,36.1158979439246 -80.0144187626801,36.1157949440951 -80.0144417622663,36.1156879442552 -80.0144507615852,36.1155239444693 -80.0144047596954,36.1150989449409 -80.0143997589933,36.1149359451369 -80.0144127583151,36.114770945357 -80.0146657540677,36.1136639470354 -80.0146987532016,36.1134459473461 -80.0146667523318,36.1132549475444 -80.0146237515735,36.1130949476907 -80.0144307493758,36.1126609479938 -80.0143567483387,36.112448948166 -80.0138837439062,36.111611948621 -80.0137787428134,36.1114009487522 -80.0136477411605,36.1110699489987 -80.013586740182,36.1108669491734 -80.0135597395691,36.1107349493026 -80.0135467389609,36.1105979494553 -80.0135587378235,36.1103259498052 -80.0135947370251,36.1101229500999 -80.0136467363037,36.1099309504012 -80.0137737352072,36.1096179509454 -80.0139177344078,36.1093669514351 -80.0147977306683,36.1080979541121 -80.0148837303342,36.107980954366 -80.0151517295181,36.107668955093 -80.015296729208,36.1075309554486 -80.0154527289746,36.1074059558022 -80.0156517287557,36.1072649562307 -80.0158557286063,36.1071379566485 -80.0166427282179,36.1066909582107 -80.0168597280418,36.1065509586637 -80.0171157276966,36.1063529592402 -80.0173007270987,36.1061269597623 -80.0173807267171,36.1059999600254 -80.0174577261869,36.1058389603278 -80.0175167252897,36.1055989607075 -80.0175467244212,36.1053789610247 -80.0175727232293,36.105083961432 -80.0176107198761,36.1042699625128 -80.017729710492,36.101984965566 -80.017774707501,36.1012529665542 -80.017815705441,36.1007439672546 -80.0179087056429,36.1007479673729 -80.0187057074135,36.1007919683741 -80.0188687036707,36.0998219698307 -80.0183417024181,36.0997749691871 -80.018069702714,36.0999749685696 -80.0179187024288,36.0999789683631 -80.0180896992653,36.099144969652 -80.024726722272,36.1014919754279 -80.0261957273512,36.1020219766548 -80.0261277277741,36.1021579763826 -80.0260667283627,36.1023309760702 -80.0280627352801,36.1030649776914 -80.0284927367078,36.1032089780566 -80.0289017378533,36.1032939784739 -80.0294367394144,36.1034209789973 -80.029984741533,36.1036799793545 -80.0333307505887,36.1043119828168 -80.0324427539668,36.1055839798867 -80.0310607557794,36.1066939765728 -80.0296797578169,36.1078489732256 -80.0285747593349,36.1087379706158 -80.0273027592813,36.1093119682415 -80.0254437573747,36.1096969654019 -80.0256637581349,36.1097819655624 -80.0258697588029,36.1098509657266 -80.0261167594897,36.1099059659605 -80.0263667601941,36.1099639661937 -80.0266007607864,36.1100019664338 -80.0269047614764,36.1100319667716 -80.0274057625256,36.110059967357 -80.0284107642666,36.1100269686521 -80.0298957669207,36.1099979705396 -80.0298997680367,36.1102719701673 -80.0299147690234,36.1105089698596 -80.0299477699141,36.1107139696182 -80.0299927707418,36.1108979694204 -80.0301157721101,36.1111799691836 -80.0302107729043,36.1113329690897 -80.0303307738735,36.1115179689822 -80.0304757748439,36.1116919689202 -80.0309907747011,36.1114209699292 -80.0315057747271,36.1111909708835 -80.0317967747269,36.1110569714293 -80.0321767749008,36.1109249720831 -80.0324427749488,36.1108139725672 -80.0330177755434,36.1106959734443 -80.0337157761287,36.1105179745598 -80.0339797763882,36.110459974969 -80.0344267769289,36.1103869756269 -80.0347897774733,36.1103539761243 -80.0350637779436,36.1103439764786 -80.0355637789382,36.1103599770765 -80.0376337835886,36.1105619793538 -80.0391087869075,36.1107089809675 -80.0400467890094,36.1108009819939 -80.0400357895521,36.110944981769 -80.0400187911592,36.1113639811334 -80.0400127921102,36.1116099807652 -80.0399917944494,36.1122179798477 -80.0399857955296,36.1124969794311 -80.0399447996401,36.1135669778122 -80.0399168031141,36.1144679764574 -80.0398858060199,36.1152249753106 -80.0398858072524,36.1155399748489 -80.0398598085048,36.1158719743313 -80.0398248135845,36.1171859723644 -80.0398068148715,36.1175229718494 -80.0397948163454,36.1179049712757 -80.039787816975,36.1180689710273 -80.0397408221417,36.1194099690084 -80.0397308230051,36.1196349686673 -80.0397278236419,36.1197989684237 -80.0396638306101,36.1216069657033 -80.0395938384682,36.1236439626431 -80.039554842672,36.1247339610049 -80.0395348451888,36.1253849600305 -80.0394448566928,36.1283589555836 -80.039386862313,36.1298169533904 -80.0393088694719,36.1316749505934 -80.0393028703955,36.1319129502395 -80.0392018788212,36.1341019469385 -80.0391898797321,36.1343389465802 -80.0389688962838,36.1386429400798 -80.0388759030909,36.1404119374108 -80.0388349060584,36.1411829362481 -80.0385819242999,36.1459179291183 -80.0385759250461,36.1461099288336 -80.0385609257367,36.1462909285566 -80.0385419271018,36.1466449280244 -80.0384329340646,36.1484539252963 -80.0384279351746,36.1487379248792 -80.0383869381709,36.1495139237153 -80.0383649400606,36.150001922987 -80.0382849471256,36.1518249202699 -80.0382749481865,36.1520979198649 -80.0382499539414,36.1535689177086 -80.0381509617249,36.1555789147087 -80.0381329697946,36.1576349117122 -80.0381339763571,36.1593019092957 -80.0381319780117,36.1597229086836 -80.0378069797129,36.1602539076544 -80.0376679806582,36.1605359071357 -80.0375509817294,36.1608429065991 -80.0375209821039,36.1609469064251 -80.0374709830939,36.1612129060014 -80.0374409843208,36.1615329055156 -80.0373969893866,36.1628299036088 -80.0373219978995,36.1650089004066 -80.037207011083,36.1683808954578 -80.0370270317785,36.1736688877111 -80.0370430329839,36.1739698872884 -80.0370810340376,36.1742268869438 -80.0372680371792,36.1749748859908 -80.0373520382577,36.1752268856832 -80.0374510393309,36.1754738853923 -80.0377930427877,36.1762648844742 -80.0377850435915,36.1764708841709 -80.0376770552961,36.179466879768 -80.0376680557765,36.1795908795831 -80.0375790658944,36.1821778757887 -80.0374280795667,36.1856778706443 -80.0373990805085,36.1859228702741 -80.0374010809955,36.1860458700976 -80.0373750827096,36.1864858694478 -80.03733508547,36.1871938684036 -80.0372050976839,36.190314863831 -80.0370511090136,36.1932138595734 -80.0370211110809,36.1937428587964 -80.0369611169277,36.1952338566198 -80.0369391289965,36.1982918522072 -80.0369261435351,36.201972846903 -80.036910149232,36.2034168448179 -80.0369061535375,36.2045068432475 -80.0369031538085,36.204575843147 -80.0367281749274,36.2099428353607 -80.0366751811131,36.2115138330841 -80.0364961998841,36.2162798261812 -80.0364602035452,36.217208824837 -80.0363782121883,36.2194008216687 -80.0363402147032,36.220039820742 -80.0362112274436,36.2232688160805 -80.0361482332737,36.2247458139498 -80.0360452418762,36.2269248108074 -80.0359822489337,36.2287098082402 -80.0359252558134,36.2304488057418 -80.0359122574954,36.2308738051316 -80.035855265128,36.2328018023652 -80.0358132712036,36.234335800166 -80.0356922889772,36.2388207937428 -80.035679291031,36.2393387930017 -80.0356682921129,36.2396117926107 -80.0356422954474,36.2404527914074 -80.0356262976722,36.2410137906051 -80.0355923021144,36.2421337890036 -80.0355723046572,36.2427747880872 -80.0355383092478,36.243931786434 -80.0354833167492,36.2458217837349 -80.0352553340051,36.2511717781591 -80.0351783360069,36.2546717792967 -80.0351203373793,36.2570727800777 -80.0351173374415,36.2571817801132 -80.0388843375362,36.2572287800841 -80.0397413375598,36.2572427800785 -80.04092833759,36.2572577800693 -80.0429053376411,36.257283780054 -80.0437743376622,36.2572927800465 -80.0455083377038,36.2573097800312 -80.0474393377523,36.2573317800149 -80.0480803377694,36.25734078001 -80.0499243378195,36.2573677799961 -80.0499723378204,36.2573677799956 -80.0519483378738,36.2573957799802 -80.0523733378841,36.2573997799763 -80.052429337887,36.2574027799765 -80.0530833379015,36.2574067799698 -80.0536553379151,36.2574117799644 -80.0549283379473,36.2574257799531 -80.0556113379643,36.2574327799469 -80.058583338042,36.2574687799213 -80.0632983381682,36.2575287798807 -80.066271338248,36.2575657798545 -80.0709163383751,36.2576257798133 -80.0714773383897,36.257631779808 -80.0747883384781,36.2576697797767 -80.0759923385099,36.257682779765 -80.0778503385583,36.2577017797467 -80.0843713387389,36.2577817796846 -80.0863983387949,36.2578057796647 -80.086737338805,36.2578107796616 -80.0884353388521,36.2578307796448 -80.0887743388623,36.2578357796417 -80.0894923388819,36.2578437796344 -80.0910643389269,36.257863779619 -80.092492338967,36.2578807796047 -80.0982823391324,36.2579517795462 -80.1024263392513,36.2580017795034 -80.1040753392991,36.2580217794862 -80.105328339333,36.2580337794723 -80.1058573393511,36.2580437794675 -80.1099203394696,36.2580927794243 -80.1101573394767,36.2580957794218 -80.1135523395758,36.258135779385 -80.1138913395865,36.2581407793815 -80.1179643397064,36.2581887793367 -80.1183033397172,36.2581937793331 -80.1193223397473,36.2582057793218 -80.1199933397665,36.2582127793141 -80.1216253398157,36.258232779296 -80.1225673398444,36.2582447792856 -80.1253813399285,36.2582777792537 -80.1257553399402,36.2582827792496 -80.1281743400133,36.258311779222 -80.1289303400354,36.2583197792132 -80.1300093400691,36.2583337792009 -80.1300913400708,36.2583337791999 -80.1312013401052,36.2583477791872 -80.137439340296,36.2584217791141 -80.1429773404667,36.258486779048 -80.1452833405383,36.2585137790201 -80.1453473405405,36.2585147790194</coordinates></LinearRing></outerBoundaryIs></Polygon>
  </Placemark>
</Folder>
</Document></kml>
