<?xml version="1.0" encoding="utf-8" ?>
<kml xmlns="http://www.opengis.net/kml/2.2">
<Document id="root_doc">
<Schema name="shape" id="shape">
	<SimpleField name="District" type="string"></SimpleField>
	<SimpleField name="Code" type="string"></SimpleField>
</Schema>
<Folder><name>shape</name>
  <Placemark>
	<Style><LineStyle><color>ff0000ff</color></LineStyle><PolyStyle><fill>0</fill></PolyStyle></Style>
	<ExtendedData><SchemaData schemaUrl="#shape">
		<SimpleData name="District">Georgia 10</SimpleData>
		<SimpleData name="Code">GA-10</SimpleData>
	</SchemaData></ExtendedData>
      <Polygon><outerBoundaryIs><LinearRing><coordinates>-83.103673,34.536617 -83.107943,34.533197 -83.107962,34.533171 -83.108038,34.533121 -83.109385,34.53205 -83.112254,34.529769 -83.114384,34.528076 -83.116126,34.526688 -83.116707,34.526226 -83.117653,34.525484 -83.119042,34.524394 -83.119713,34.523868 -83.120257,34.523441 -83.120836,34.522987 -83.121078,34.522797 -83.12462,34.51998 -83.124851,34.519795 -83.125229,34.519493 -83.126013,34.518867 -83.127488,34.517689 -83.129394,34.51617 -83.13083,34.515011 -83.13372,34.51268 -83.136545,34.51046 -83.138481,34.508938 -83.138867,34.50863 -83.142099,34.50605 -83.144267,34.504319 -83.14465,34.504014 -83.145033,34.503708 -83.1465,34.502537 -83.146833,34.502277 -83.148332,34.501108 -83.149444,34.500241 -83.150727,34.499239 -83.151796,34.498474 -83.153393,34.49716 -83.155558,34.495383 -83.155913,34.4951 -83.157183,34.494087 -83.15918,34.492441 -83.160419,34.491431 -83.163869,34.48861 -83.170971,34.482758 -83.17156,34.482273 -83.173329,34.480815 -83.176681,34.478041 -83.177444,34.477387 -83.177838,34.477017 -83.178954,34.477009 -83.182061,34.476855 -83.182762,34.476875 -83.186927,34.476717 -83.187074,34.476708 -83.187411,34.476693 -83.189398,34.476624 -83.196299,34.476389 -83.199714,34.476337 -83.204491,34.476163 -83.208025,34.476071 -83.208608,34.476085 -83.209552,34.476089 -83.209638,34.47596 -83.211856,34.475857 -83.224638,34.475418 -83.227091,34.475253 -83.232563,34.475117 -83.233142,34.475046 -83.238223,34.474908 -83.242501,34.474693 -83.24912,34.474361 -83.252125,34.474087 -83.252653,34.474039 -83.257589,34.4738 -83.259671,34.473782 -83.266431,34.473506 -83.27054,34.473518 -83.27631,34.473354 -83.276418,34.473351 -83.284901,34.473179 -83.284985,34.473178 -83.285077,34.473172 -83.294289,34.472628 -83.300283,34.472528 -83.300465,34.472525 -83.302138,34.472481 -83.306771,34.472416 -83.30681,34.472413 -83.311979,34.472106 -83.315057,34.471936 -83.318907,34.471686 -83.325141,34.47154 -83.333068,34.47127 -83.333611,34.471266 -83.336093,34.471224 -83.339449,34.471141 -83.339485,34.471141 -83.34014,34.47112 -83.347835,34.470954 -83.354276,34.470655 -83.358016,34.470563 -83.358069,34.47053 -83.367809,34.470209 -83.368258,34.470193 -83.368717,34.470195 -83.371096,34.470207 -83.373054,34.470216 -83.373665,34.469828 -83.373765,34.469792 -83.374711,34.469445 -83.374832,34.469401 -83.375572,34.469129 -83.376327,34.468827 -83.376563,34.468731 -83.376709,34.468676 -83.380941,34.467007 -83.385741,34.465165 -83.387856,34.464445 -83.394089,34.462327 -83.398014,34.46101 -83.398049,34.460998 -83.396735,34.46064 -83.396707,34.460639 -83.397352,34.460186 -83.397707,34.459937 -83.397818,34.459793 -83.397858,34.459755 -83.397951,34.459618 -83.397867,34.459461 -83.395473,34.455056 -83.394619,34.453484 -83.394173,34.452611 -83.39297,34.450256 -83.39279,34.449904 -83.390827,34.44603 -83.390316,34.445055 -83.390154,34.444682 -83.389432,34.443016 -83.388477,34.440731 -83.38841,34.440423 -83.388272,34.440015 -83.388148,34.439709 -83.388042,34.439373 -83.387976,34.439056 -83.387952,34.438904 -83.387902,34.438376 -83.387682,34.437788 -83.387443,34.437233 -83.387365,34.437034 -83.3873,34.436927 -83.387287,34.436726 -83.387236,34.436552 -83.387097,34.435457 -83.386977,34.435176 -83.38692,34.435062 -83.386886,34.435001 -83.386849,34.434944 -83.38681,34.434891 -83.386766,34.434843 -83.38672,34.434798 -83.386674,34.434757 -83.386631,34.434716 -83.386592,34.434676 -83.386557,34.434635 -83.386525,34.434591 -83.386493,34.434543 -83.386461,34.434491 -83.386398,34.434381 -83.386338,34.434281 -83.38629,34.434215 -83.386253,34.434174 -83.386231,34.434154 -83.386182,34.434114 -83.386129,34.434075 -83.386075,34.434039 -83.385914,34.433943 -83.385881,34.43392 -83.385847,34.433883 -83.385822,34.433844 -83.385797,34.433789 -83.385772,34.433711 -83.385747,34.433615 -83.385703,34.433419 -83.385688,34.433347 -83.385536,34.4332 -83.385495,34.433133 -83.385469,34.433098 -83.385429,34.433051 -83.385372,34.432993 -83.385324,34.432931 -83.385288,34.432874 -83.385269,34.432841 -83.38523,34.432767 -83.385191,34.432687 -83.385152,34.432604 -83.385095,34.432474 -83.385031,34.432333 -83.384982,34.432228 -83.3849,34.432061 -83.384795,34.431845 -83.384731,34.431709 -83.384652,34.431528 -83.384615,34.43144 -83.38459,34.431388 -83.384564,34.431341 -83.384534,34.431296 -83.384517,34.431275 -83.384478,34.431234 -83.384455,34.431213 -83.384402,34.431172 -83.384337,34.431127 -83.3843,34.431104 -83.38422,34.431057 -83.384177,34.431033 -83.384089,34.430987 -83.383922,34.430909 -83.38382,34.430863 -83.383736,34.43082 -83.383695,34.430797 -83.383618,34.430748 -83.383581,34.430721 -83.38351,34.430663 -83.383475,34.430632 -83.383407,34.430565 -83.383341,34.430494 -83.383278,34.430415 -83.383248,34.430373 -83.383219,34.430328 -83.383192,34.430281 -83.383166,34.430232 -83.383142,34.430179 -83.383099,34.430068 -83.383042,34.429892 -83.382988,34.429719 -83.382931,34.429559 -83.382889,34.429461 -83.382843,34.429373 -83.382818,34.429332 -83.382792,34.429294 -83.382737,34.429223 -83.382691,34.429171 -83.382623,34.429102 -83.382526,34.429015 -83.38244,34.428936 -83.382389,34.428885 -83.382346,34.428834 -83.382295,34.428758 -83.382269,34.428705 -83.382238,34.42862 -83.38223,34.428591 -83.382218,34.428533 -83.38221,34.428475 -83.382207,34.428419 -83.382208,34.428366 -83.382215,34.428296 -83.382232,34.428186 -83.382245,34.428134 -83.382259,34.428093 -83.382297,34.427996 -83.382327,34.427915 -83.382344,34.427862 -83.382358,34.427807 -83.382369,34.427751 -83.382381,34.427662 -83.382387,34.427568 -83.382387,34.427505 -83.382382,34.427417 -83.382366,34.427317 -83.382348,34.427238 -83.382342,34.427203 -83.382336,34.427142 -83.382336,34.427057 -83.382339,34.426982 -83.382348,34.426858 -83.38236,34.426727 -83.382369,34.426648 -83.382385,34.426534 -83.382409,34.426386 -83.38243,34.426242 -83.382437,34.426176 -83.382442,34.426089 -83.382442,34.426037 -83.382438,34.425968 -83.38243,34.425907 -83.382421,34.42587 -83.382408,34.425834 -83.382389,34.425798 -83.382351,34.425747 -83.382316,34.425707 -83.381998,34.425369 -83.381535,34.420211 -83.381496,34.420072 -83.380836,34.417362 -83.379711,34.410688 -83.379809,34.40852 -83.380014,34.403952 -83.382537,34.39653 -83.382826,34.395496 -83.383853,34.391823 -83.384016,34.391243 -83.384015,34.391062 -83.384109,34.390688 -83.384149,34.390441 -83.384164,34.390079 -83.384206,34.389724 -83.384286,34.389527 -83.385043,34.388495 -83.385096,34.38839 -83.385218,34.387621 -83.385443,34.386215 -83.385591,34.385295 -83.385632,34.385038 -83.385774,34.384152 -83.38585,34.383886 -83.387116,34.379482 -83.387108,34.377598 -83.387102,34.37573 -83.387558,34.370697 -83.388819,34.361604 -83.388867,34.36126 -83.388911,34.360949 -83.389325,34.357982 -83.389741,34.354995 -83.389984,34.353249 -83.390973,34.345875 -83.391067,34.345184 -83.391153,34.34456 -83.391187,34.344337 -83.391212,34.344124 -83.391278,34.343644 -83.391378,34.34291 -83.391623,34.341124 -83.391769,34.34006 -83.392102,34.337639 -83.392336,34.335943 -83.392473,34.334997 -83.392552,34.334456 -83.392647,34.333808 -83.39266,34.333762 -83.39266,34.333716 -83.392962,34.331653 -83.393175,34.330192 -83.393356,34.328957 -83.393433,34.328355 -83.393689,34.32634 -83.393915,34.324801 -83.386991,34.316968 -83.385448,34.315246 -83.381857,34.311237 -83.381832,34.311199 -83.38179,34.311162 -83.381661,34.311024 -83.380234,34.309428 -83.379231,34.308307 -83.37915,34.308216 -83.379006,34.308059 -83.378871,34.30791 -83.378185,34.307156 -83.377504,34.306407 -83.377252,34.306129 -83.377096,34.305958 -83.376939,34.305785 -83.376533,34.305347 -83.374942,34.303476 -83.37471,34.303204 -83.37352,34.301872 -83.372971,34.301281 -83.372886,34.301188 -83.37016,34.298119 -83.369534,34.297418 -83.366876,34.294104 -83.365959,34.292949 -83.365703,34.292627 -83.365485,34.292354 -83.364567,34.291207 -83.362285,34.288779 -83.361118,34.287546 -83.358199,34.284434 -83.354615,34.280622 -83.353799,34.279755 -83.35278,34.278672 -83.35054,34.276289 -83.349809,34.275487 -83.34979,34.275484 -83.3497,34.27539 -83.34889,34.274479 -83.347739,34.273216 -83.346545,34.271906 -83.339654,34.264346 -83.339621,34.264311 -83.339386,34.263949 -83.339334,34.263871 -83.339093,34.263503 -83.338967,34.263314 -83.338638,34.262828 -83.338322,34.262368 -83.338241,34.262243 -83.33818,34.262141 -83.338132,34.262054 -83.338084,34.261959 -83.338044,34.261873 -83.33801,34.261789 -83.337981,34.261708 -83.337957,34.26163 -83.337938,34.261554 -83.337924,34.261476 -83.337912,34.261396 -83.337902,34.261277 -83.337899,34.261216 -83.337898,34.261112 -83.3379,34.261037 -83.337905,34.260933 -83.33791,34.260867 -83.337933,34.260647 -83.337942,34.260567 -83.337976,34.260311 -83.338023,34.260037 -83.338123,34.259435 -83.338276,34.25899 -83.338863,34.257587 -83.33896,34.25733 -83.339004,34.257115 -83.339046,34.256859 -83.339097,34.256507 -83.339208,34.255971 -83.33943,34.255386 -83.339887,34.254325 -83.340024,34.254021 -83.340355,34.253285 -83.34041,34.253161 -83.340787,34.252547 -83.340861,34.252512 -83.34102,34.252328 -83.341045,34.252298 -83.341264,34.252008 -83.341249,34.251911 -83.341253,34.251734 -83.341249,34.251603 -83.341243,34.251367 -83.341197,34.251015 -83.341136,34.250661 -83.341039,34.250092 -83.340945,34.24964 -83.340913,34.24934 -83.340911,34.249172 -83.34093,34.249046 -83.340963,34.248956 -83.341017,34.248863 -83.3411,34.248748 -83.341245,34.248582 -83.341336,34.248498 -83.341645,34.248169 -83.342085,34.247756 -83.342731,34.247104 -83.343032,34.246818 -83.343244,34.246617 -83.343314,34.246552 -83.343737,34.246166 -83.343985,34.245882 -83.344042,34.245688 -83.344058,34.245638 -83.344082,34.245527 -83.34376,34.243975 -83.343682,34.243374 -83.34331,34.241216 -83.343264,34.240948 -83.343118,34.240157 -83.343041,34.239585 -83.343046,34.239445 -83.343169,34.23909 -83.343194,34.23906 -83.343936,34.238532 -83.344202,34.238389 -83.344434,34.238265 -83.34469,34.238238 -83.344991,34.238269 -83.345148,34.238297 -83.345552,34.238368 -83.345941,34.238353 -83.346321,34.238324 -83.346725,34.238221 -83.34697,34.238111 -83.347271,34.237887 -83.347458,34.237724 -83.348103,34.237232 -83.348231,34.237133 -83.348284,34.237089 -83.348336,34.237031 -83.348565,34.236814 -83.348675,34.236711 -83.348796,34.236602 -83.348877,34.236526 -83.348904,34.236506 -83.34894,34.236464 -83.349087,34.236323 -83.349203,34.236229 -83.34924,34.236198 -83.34927,34.236169 -83.34931,34.236122 -83.349342,34.236079 -83.349415,34.235973 -83.349484,34.235876 -83.349533,34.235815 -83.349592,34.23575 -83.349665,34.23568 -83.349757,34.235602 -83.349866,34.235517 -83.350041,34.235384 -83.350099,34.235341 -83.350205,34.235258 -83.350299,34.235179 -83.35038,34.235107 -83.350452,34.235036 -83.350518,34.234964 -83.350548,34.234928 -83.350601,34.234858 -83.350662,34.234793 -83.350831,34.234533 -83.350894,34.234404 -83.351023,34.234182 -83.351176,34.233842 -83.351459,34.233401 -83.351631,34.233195 -83.351729,34.233021 -83.351805,34.232842 -83.351855,34.23268 -83.35188,34.232601 -83.351904,34.232404 -83.351894,34.232319 -83.351935,34.232189 -83.352405,34.231293 -83.352661,34.230804 -83.354057,34.227924 -83.354889,34.225021 -83.355171,34.224071 -83.355236,34.223847 -83.355269,34.22374 -83.355331,34.223719 -83.35543,34.22369 -83.3555,34.223674 -83.355609,34.223656 -83.355723,34.223643 -83.355844,34.223635 -83.355971,34.223632 -83.356016,34.223632 -83.356153,34.223635 -83.356245,34.223636 -83.356333,34.223634 -83.356415,34.223628 -83.35649,34.223617 -83.356562,34.2236 -83.356631,34.223579 -83.356666,34.223566 -83.356736,34.223536 -83.356924,34.223451 -83.356964,34.223434 -83.357049,34.223402 -83.357137,34.223374 -83.357227,34.223352 -83.357317,34.223337 -83.357362,34.223333 -83.357451,34.223332 -83.357539,34.223335 -83.357717,34.223349 -83.357807,34.223354 -83.357897,34.223355 -83.357985,34.223352 -83.358028,34.223348 -83.35807,34.223341 -83.358118,34.223328 -83.358177,34.223304 -83.358253,34.223264 -83.358351,34.223205 -83.358478,34.223121 -83.35864,34.223009 -83.358771,34.222747 -83.358822,34.222445 -83.35883,34.222241 -83.358842,34.22192 -83.358619,34.220497 -83.358589,34.220303 -83.358547,34.219712 -83.358571,34.218819 -83.358594,34.218149 -83.358674,34.217821 -83.358902,34.217712 -83.359096,34.217616 -83.35926,34.217534 -83.359515,34.217401 -83.359614,34.217348 -83.359699,34.217304 -83.359775,34.217266 -83.35985,34.217231 -83.359909,34.217205 -83.360027,34.217162 -83.360082,34.217146 -83.360134,34.217134 -83.360237,34.217116 -83.360288,34.21711 -83.360391,34.217103 -83.360489,34.217103 -83.360549,34.217107 -83.360656,34.217118 -83.360766,34.217136 -83.360879,34.217156 -83.360938,34.217165 -83.360998,34.217172 -83.36106,34.217177 -83.361124,34.217179 -83.361191,34.217178 -83.361258,34.217173 -83.361326,34.217165 -83.361395,34.217154 -83.361463,34.217141 -83.361529,34.217124 -83.361593,34.217105 -83.361655,34.217084 -83.361713,34.217061 -83.361822,34.21701 -83.361924,34.216955 -83.362076,34.216868 -83.36213,34.21684 -83.362294,34.216759 -83.362405,34.21671 -83.362512,34.216665 -83.362662,34.216606 -83.362842,34.216541 -83.362965,34.216495 -83.363004,34.216479 -83.36308,34.216442 -83.363118,34.21642 -83.363155,34.216395 -83.363192,34.216366 -83.363229,34.216334 -83.363266,34.216298 -83.363302,34.21626 -83.363369,34.216177 -83.3634,34.216133 -83.363428,34.21609 -83.363453,34.216046 -83.363474,34.216004 -83.363493,34.215961 -83.363522,34.215877 -83.363543,34.215789 -83.363552,34.215742 -83.363586,34.215537 -83.363597,34.215482 -83.363611,34.215426 -83.363627,34.215371 -83.363647,34.215316 -83.363671,34.215262 -83.3637,34.21521 -83.363768,34.215107 -83.363841,34.215003 -83.363877,34.214948 -83.363911,34.21489 -83.363942,34.214829 -83.363968,34.214766 -83.363991,34.214697 -83.364011,34.214628 -83.364029,34.214558 -83.364059,34.214421 -83.364072,34.214357 -83.364099,34.214242 -83.364128,34.214147 -83.364143,34.214105 -83.364159,34.214068 -83.364191,34.214002 -83.364207,34.213973 -83.364256,34.213895 -83.364285,34.21384 -83.364297,34.213809 -83.364314,34.213734 -83.364318,34.213689 -83.364321,34.213587 -83.364322,34.21342 -83.364329,34.213314 -83.364337,34.213265 -83.364334,34.213244 -83.364346,34.21322 -83.364352,34.213197 -83.36441,34.213043 -83.364311,34.212425 -83.364343,34.21228 -83.364377,34.212241 -83.364485,34.212134 -83.364541,34.21207 -83.364567,34.212035 -83.364591,34.211997 -83.364636,34.211914 -83.364735,34.211695 -83.364755,34.211654 -83.364799,34.211575 -83.364849,34.211503 -83.364878,34.211469 -83.364909,34.211437 -83.364943,34.211406 -83.364982,34.211375 -83.365022,34.211347 -83.365111,34.211292 -83.365207,34.211239 -83.365307,34.211185 -83.365407,34.211128 -83.365608,34.211016 -83.365658,34.210989 -83.365708,34.210964 -83.365809,34.210917 -83.365908,34.210873 -83.366053,34.210813 -83.366101,34.210794 -83.366192,34.210754 -83.366237,34.210733 -83.366323,34.210685 -83.366363,34.210657 -83.366403,34.210626 -83.366441,34.210592 -83.366477,34.210553 -83.366512,34.210511 -83.366545,34.210467 -83.366576,34.210421 -83.36663,34.21033 -83.366675,34.210246 -83.366722,34.210142 -83.366743,34.210084 -83.366765,34.210002 -83.366797,34.20984 -83.366803,34.209817 -83.366823,34.20976 -83.366842,34.209734 -83.366865,34.209718 -83.366896,34.209712 -83.366935,34.209714 -83.367004,34.209724 -83.367022,34.209724 -83.367088,34.209733 -83.367135,34.209729 -83.367185,34.20972 -83.367252,34.209701 -83.367314,34.209678 -83.367358,34.209651 -83.367391,34.20962 -83.367427,34.209583 -83.367474,34.209552 -83.367508,34.209539 -83.367545,34.209532 -83.367583,34.209528 -83.367698,34.209525 -83.367733,34.209523 -83.367788,34.209513 -83.36782,34.209502 -83.367856,34.209478 -83.367868,34.209455 -83.367867,34.209428 -83.367848,34.209381 -83.367809,34.209312 -83.367792,34.209279 -83.36778,34.209248 -83.367777,34.209206 -83.367788,34.209183 -83.367809,34.209165 -83.367841,34.209152 -83.367909,34.209143 -83.367965,34.209142 -83.36809,34.209146 -83.368185,34.209144 -83.368215,34.209142 -83.368406,34.209124 -83.36854,34.209116 -83.36867,34.209111 -83.36873,34.20911 -83.368788,34.209107 -83.368842,34.209102 -83.368918,34.209088 -83.369012,34.209063 -83.369058,34.209054 -83.369105,34.209051 -83.36915,34.209053 -83.369192,34.20906 -83.36923,34.20907 -83.369262,34.209083 -83.36932,34.209118 -83.369368,34.209153 -83.369426,34.209188 -83.369466,34.209204 -83.369505,34.209206 -83.369541,34.209192 -83.369575,34.209165 -83.369624,34.209116 -83.369658,34.209087 -83.369694,34.209063 -83.369752,34.20904 -83.369814,34.209031 -83.369837,34.20903 -83.369882,34.209033 -83.369943,34.209043 -83.370013,34.209049 -83.370089,34.209064 -83.370204,34.209096 -83.370241,34.209104 -83.370287,34.209105 -83.370338,34.209101 -83.37038,34.209093 -83.37041,34.209081 -83.37043,34.209064 -83.370441,34.209043 -83.370447,34.209001 -83.370443,34.208893 -83.370442,34.208836 -83.370449,34.208782 -83.37046,34.208751 -83.370478,34.208724 -83.370502,34.208702 -83.37053,34.208685 -83.37056,34.208671 -83.37059,34.208661 -83.37067,34.208638 -83.370701,34.208622 -83.370738,34.208588 -83.370781,34.208541 -83.370809,34.208513 -83.370864,34.208471 -83.370939,34.208432 -83.371057,34.208379 -83.371115,34.208349 -83.371167,34.208314 -83.371213,34.208276 -83.371271,34.208218 -83.371356,34.208123 -83.371382,34.208096 -83.371412,34.208069 -83.371467,34.20803 -83.371534,34.207994 -83.371613,34.207965 -83.37167,34.20795 -83.371729,34.207938 -83.371786,34.20793 -83.371841,34.207926 -83.371921,34.207918 -83.371948,34.207913 -83.372003,34.207897 -83.37206,34.20787 -83.372118,34.207835 -83.372172,34.207794 -83.372219,34.207752 -83.372273,34.20769 -83.372298,34.207649 -83.372316,34.207608 -83.372331,34.207543 -83.372335,34.2075 -83.372334,34.207457 -83.372325,34.207397 -83.372309,34.207344 -83.372288,34.207282 -83.372279,34.207243 -83.372278,34.20722 -83.372282,34.207199 -83.372297,34.207172 -83.372336,34.207141 -83.372394,34.207115 -83.372462,34.207091 -83.372561,34.207059 -83.372591,34.207045 -83.37262,34.207026 -83.372649,34.207 -83.372675,34.206969 -83.372705,34.206916 -83.372716,34.20688 -83.372721,34.206845 -83.37272,34.206795 -83.372716,34.206739 -83.372726,34.206692 -83.372742,34.206669 -83.372766,34.206644 -83.372825,34.206591 -83.372849,34.206561 -83.372865,34.206531 -83.37287,34.2065 -83.372864,34.206469 -83.372847,34.20644 -83.37282,34.206413 -83.372737,34.20635 -83.372723,34.206337 -83.372702,34.20631 -83.37269,34.206283 -83.372688,34.206255 -83.372694,34.206229 -83.372722,34.206191 -83.37275,34.206167 -83.372785,34.206142 -83.372849,34.206102 -83.372898,34.206076 -83.37295,34.206052 -83.373006,34.206033 -83.373035,34.206026 -83.373094,34.206017 -83.373156,34.206014 -83.37322,34.206016 -83.373436,34.206041 -83.373495,34.206043 -83.37353,34.20604 -83.373598,34.206028 -83.373667,34.206009 -83.373768,34.205976 -83.373836,34.205959 -83.373905,34.205948 -83.373976,34.205944 -83.374048,34.205945 -83.374123,34.205952 -83.374179,34.20596 -83.37423,34.205965 -83.374324,34.205978 -83.374374,34.205979 -83.374433,34.205973 -83.374485,34.205957 -83.374533,34.205933 -83.374578,34.205901 -83.3746,34.205883 -83.374644,34.205842 -83.374795,34.205685 -83.374841,34.205643 -83.374891,34.205604 -83.374949,34.205568 -83.375015,34.205537 -83.375091,34.20551 -83.375178,34.205489 -83.375275,34.205476 -83.375327,34.205472 -83.375439,34.205471 -83.375496,34.205472 -83.375612,34.205479 -83.375724,34.205489 -83.375937,34.205514 -83.376071,34.205533 -83.376166,34.205545 -83.376232,34.205551 -83.376295,34.205554 -83.376381,34.205552 -83.376437,34.205546 -83.376527,34.205533 -83.376563,34.205531 -83.376626,34.205522 -83.376701,34.205521 -83.376734,34.205522 -83.376811,34.205531 -83.37689,34.205545 -83.376969,34.205565 -83.377046,34.20559 -83.377168,34.205633 -83.377215,34.205648 -83.377325,34.205676 -83.37739,34.205689 -83.377463,34.205701 -83.37763,34.205723 -83.377817,34.205742 -83.377919,34.205751 -83.378115,34.205767 -83.378214,34.205776 -83.378403,34.205791 -83.37864,34.205808 -83.378823,34.205817 -83.3789,34.20582 -83.378997,34.205822 -83.379283,34.205822 -83.379549,34.205816 -83.379707,34.205812 -83.379854,34.205807 -83.38,34.2058 -83.380155,34.205789 -83.380331,34.205772 -83.380428,34.205762 -83.380633,34.205739 -83.380846,34.205717 -83.381056,34.205699 -83.381159,34.205692 -83.381577,34.205679 -83.381839,34.205679 -83.381937,34.20568 -83.382036,34.20568 -83.38214,34.205681 -83.382227,34.20568 -83.382403,34.205676 -83.382502,34.205669 -83.382602,34.205618 -83.382686,34.205585 -83.382819,34.205521 -83.382994,34.205445 -83.383129,34.20539 -83.383337,34.205303 -83.38347,34.205244 -83.383602,34.205181 -83.383738,34.205111 -83.383883,34.20503 -83.384125,34.204885 -83.384301,34.204782 -83.384394,34.204732 -83.384489,34.204684 -83.384587,34.204638 -83.384687,34.204596 -83.384788,34.204558 -83.384891,34.204525 -83.384996,34.204497 -83.385101,34.204474 -83.385207,34.204457 -83.385313,34.204446 -83.385418,34.204442 -83.385523,34.204444 -83.385626,34.204453 -83.385726,34.204467 -83.385821,34.204484 -83.38591,34.204506 -83.385991,34.204529 -83.386064,34.204554 -83.386126,34.204578 -83.386176,34.204603 -83.386217,34.204626 -83.386249,34.204648 -83.386274,34.204669 -83.386339,34.204733 -83.386354,34.204743 -83.38639,34.204755 -83.386437,34.20476 -83.386577,34.204757 -83.386622,34.204752 -83.386774,34.204743 -83.386827,34.204741 -83.38693,34.20474 -83.387073,34.204743 -83.387166,34.204742 -83.387213,34.204738 -83.387314,34.204723 -83.387426,34.204687 -83.387544,34.204641 -83.387604,34.204615 -83.387722,34.20456 -83.387834,34.204505 -83.38799,34.20443 -83.38804,34.204407 -83.388139,34.204364 -83.38824,34.204325 -83.388291,34.204308 -83.388395,34.204277 -83.388447,34.204264 -83.388553,34.204242 -83.388606,34.204233 -83.388659,34.204226 -83.388713,34.204221 -83.388821,34.204233 -83.388936,34.204226 -83.389067,34.204224 -83.389221,34.204225 -83.389687,34.204238 -83.390045,34.20425 -83.390086,34.204251 -83.390177,34.204235 -83.390225,34.204228 -83.390272,34.204218 -83.390317,34.204203 -83.390362,34.204184 -83.390408,34.204161 -83.390499,34.204105 -83.390592,34.20404 -83.390733,34.203936 -83.390829,34.203868 -83.390922,34.203804 -83.391012,34.203744 -83.391133,34.203667 -83.391204,34.203625 -83.391272,34.203589 -83.391333,34.20356 -83.39139,34.203537 -83.391471,34.20351 -83.391524,34.203494 -83.391633,34.203456 -83.391693,34.203432 -83.391837,34.20337 -83.391879,34.203351 -83.392014,34.203294 -83.392108,34.203259 -83.3922,34.20323 -83.39229,34.203209 -83.392378,34.203191 -83.392548,34.203163 -83.392633,34.203146 -83.392676,34.203135 -83.392765,34.203107 -83.39286,34.203066 -83.39291,34.20304 -83.393014,34.202979 -83.393066,34.202945 -83.393168,34.202875 -83.393262,34.202808 -83.393346,34.202747 -83.393384,34.202718 -83.393531,34.20261 -83.393649,34.202526 -83.393733,34.202468 -83.393813,34.202411 -83.39392,34.202333 -83.39398,34.202288 -83.394035,34.202251 -83.394091,34.202221 -83.394153,34.2022 -83.394221,34.202187 -83.394296,34.202178 -83.394456,34.202169 -83.394576,34.202161 -83.394685,34.202149 -83.394745,34.202139 -83.394817,34.202119 -83.394858,34.202104 -83.394939,34.202071 -83.395055,34.202027 -83.395184,34.201981 -83.395262,34.201948 -83.395357,34.201895 -83.395452,34.201836 -83.395508,34.201807 -83.3956,34.201763 -83.395663,34.20173 -83.39572,34.20169 -83.395771,34.201645 -83.395794,34.201621 -83.395856,34.201552 -83.395895,34.201517 -83.395916,34.201503 -83.395957,34.201487 -83.396002,34.201481 -83.396027,34.201481 -83.396096,34.201486 -83.39637,34.20139 -83.397174,34.201111 -83.397695,34.200931 -83.398569,34.201023 -83.399679,34.200531 -83.400127,34.200526 -83.400151,34.200491 -83.402428,34.197499 -83.402231,34.19733 -83.402062,34.19719 -83.401997,34.197137 -83.4019,34.197062 -83.401741,34.196957 -83.401607,34.196884 -83.401565,34.196867 -83.401497,34.196847 -83.401457,34.196712 -83.401428,34.196655 -83.401389,34.196599 -83.401271,34.196449 -83.401154,34.196284 -83.40091,34.195988 -83.400848,34.195921 -83.400779,34.195857 -83.400673,34.19577 -83.40036,34.19553 -83.399523,34.194937 -83.399439,34.194867 -83.39936,34.194788 -83.399282,34.194701 -83.399207,34.194599 -83.39913,34.194466 -83.398936,34.194074 -83.398798,34.193807 -83.398568,34.193435 -83.398511,34.193329 -83.398292,34.193027 -83.398163,34.192864 -83.397861,34.192463 -83.397319,34.191659 -83.396842,34.19098 -83.39627,34.190209 -83.396221,34.190144 -83.395238,34.188833 -83.39508,34.188621 -83.394898,34.188357 -83.394786,34.188121 -83.3947,34.187884 -83.394665,34.187757 -83.394637,34.187627 -83.394569,34.187364 -83.394521,34.187218 -83.394461,34.187076 -83.394392,34.186927 -83.394316,34.186785 -83.394223,34.18664 -83.394044,34.18644 -83.393856,34.186252 -83.393807,34.186197 -83.393757,34.186119 -83.393735,34.186057 -83.393726,34.185984 -83.393761,34.185696 -83.39379,34.185454 -83.393816,34.185241 -83.385604,34.182238 -83.38557,34.182151 -83.385523,34.182039 -83.385514,34.182012 -83.384274,34.179827 -83.381903,34.175645 -83.38185,34.175552 -83.379441,34.171304 -83.379073,34.171139 -83.37542,34.169495 -83.375043,34.169326 -83.373933,34.1688 -83.367059,34.165573 -83.363835,34.164059 -83.362646,34.161233 -83.361613,34.158518 -83.361548,34.158348 -83.361493,34.15739 -83.361452,34.15623 -83.361333,34.149623 -83.361011,34.148355 -83.359383,34.142192 -83.359178,34.141402 -83.359171,34.141389 -83.35848,34.138775 -83.357681,34.135693 -83.357621,34.133928 -83.357586,34.132906 -83.357585,34.132863 -83.357474,34.1296 -83.35747,34.129493 -83.357417,34.127931 -83.357323,34.125199 -83.357237,34.124082 -83.357193,34.122524 -83.357132,34.119665 -83.357122,34.119217 -83.357051,34.116199 -83.357162,34.116111 -83.357933,34.115505 -83.358147,34.11541 -83.358421,34.115204 -83.358704,34.114777 -83.358875,34.114254 -83.359085,34.113998 -83.35984,34.113693 -83.360336,34.113312 -83.36043,34.113183 -83.36113,34.112225 -83.361404,34.112022 -83.361931,34.111732 -83.362213,34.1115 -83.362808,34.110661 -83.363052,34.110497 -83.363434,34.110348 -83.363647,34.1101 -83.363716,34.109798 -83.3637,34.10977 -83.363394,34.109212 -83.363281,34.109005 -83.363281,34.108852 -83.363594,34.10788 -83.363708,34.10733 -83.363808,34.107193 -83.364052,34.107071 -83.364861,34.106876 -83.365372,34.106464 -83.365585,34.106121 -83.365685,34.105835 -83.365699,34.105551 -83.365723,34.10508 -83.365837,34.10453 -83.36615,34.10416 -83.366737,34.103737 -83.366806,34.1036 -83.36683,34.103362 -83.366852,34.103104 -83.366951,34.102901 -83.367615,34.102242 -83.367958,34.101746 -83.368103,34.101376 -83.368141,34.100636 -83.368127,34.100578 -83.368052,34.100254 -83.368004,34.100048 -83.367949,34.099907 -83.367676,34.099197 -83.367676,34.098911 -83.367717,34.098864 -83.36779,34.098774 -83.36792,34.098717 -83.368416,34.098759 -83.368599,34.09869 -83.368713,34.098579 -83.368774,34.098484 -83.368774,34.098373 -83.368682,34.098032 -83.368645,34.097893 -83.368843,34.097427 -83.369072,34.09721 -83.369415,34.097073 -83.369777,34.097005 -83.370036,34.096868 -83.370303,34.096646 -83.370364,34.096399 -83.370364,34.096055 -83.370288,34.09589 -83.370006,34.095577 -83.369968,34.095316 -83.370509,34.09348 -83.370741,34.093296 -83.370995,34.093094 -83.371187,34.092708 -83.371208,34.092621 -83.371268,34.092557 -83.371463,34.092245 -83.3717,34.092053 -83.373204,34.09108 -83.373546,34.090859 -83.373589,34.09081 -83.37372,34.090658 -83.373859,34.090499 -83.374019,34.090145 -83.374034,34.089788 -83.373935,34.089103 -83.374233,34.088323 -83.374164,34.0871 -83.374195,34.086595 -83.373897,34.085924 -83.37395,34.08521 -83.373798,34.084443 -83.373927,34.08391 -83.373981,34.083195 -83.374126,34.082921 -83.374126,34.082371 -83.374238,34.082211 -83.374271,34.082165 -83.374298,34.082151 -83.37484,34.081863 -83.37529,34.081603 -83.375561,34.08149 -83.37592,34.080902 -83.376096,34.080804 -83.376318,34.080681 -83.376219,34.080607 -83.376334,34.080493 -83.376665,34.080501 -83.378111,34.080538 -83.379118,34.079798 -83.379676,34.079542 -83.379744,34.079524 -83.380176,34.079313 -83.380284,34.079263 -83.381279,34.078596 -83.381365,34.078539 -83.381247,34.078462 -83.381127,34.078049 -83.380937,34.077935 -83.3801,34.077727 -83.379779,34.077559 -83.379474,34.077399 -83.379209,34.076878 -83.378952,34.076374 -83.3787,34.07628 -83.378229,34.076138 -83.377761,34.075996 -83.377706,34.075888 -83.377521,34.07553 -83.376971,34.075108 -83.376149,34.074706 -83.375386,34.073936 -83.375205,34.073338 -83.375056,34.072848 -83.374966,34.071984 -83.374916,34.071262 -83.3759,34.070827 -83.37613,34.070651 -83.376511,34.070358 -83.376579,34.070164 -83.376541,34.069927 -83.376549,34.069809 -83.376625,34.069641 -83.376831,34.069363 -83.376923,34.069172 -83.376935,34.069118 -83.376805,34.068901 -83.376796,34.068503 -83.376792,34.068352 -83.376808,34.06824 -83.377103,34.068055 -83.377125,34.067754 -83.377357,34.067699 -83.377762,34.067645 -83.377993,34.067549 -83.378272,34.067377 -83.378717,34.067102 -83.37904,34.066902 -83.37906,34.066898 -83.380277,34.067272 -83.380829,34.067443 -83.381507,34.067405 -83.381688,34.067388 -83.38196,34.06724 -83.382083,34.067174 -83.382073,34.067028 -83.382301,34.066874 -83.382196,34.066679 -83.382158,34.066225 -83.381521,34.06384 -83.381412,34.063433 -83.381326,34.062859 -83.381267,34.06246 -83.381496,34.061853 -83.381794,34.06158 -83.381809,34.061567 -83.382023,34.061447 -83.382061,34.061438 -83.382318,34.061416 -83.382793,34.061329 -83.38306,34.061123 -83.382991,34.060356 -83.382716,34.05988 -83.382702,34.059875 -83.38248,34.059507 -83.382381,34.059342 -83.382444,34.059283 -83.382854,34.058903 -83.383121,34.058449 -83.383205,34.057967 -83.383222,34.057736 -83.383258,34.05727 -83.383267,34.055484 -83.383267,34.055447 -83.383277,34.055433 -83.384278,34.055001 -83.385295,34.054561 -83.385349,34.054538 -83.385596,34.053557 -83.385422,34.053557 -83.385703,34.052861 -83.385705,34.052295 -83.385618,34.051805 -83.385605,34.051333 -83.385584,34.05101 -83.385753,34.050787 -83.386281,34.050467 -83.386763,34.050241 -83.38691,34.05019 -83.386908,34.050126 -83.385945,34.049769 -83.381826,34.048242 -83.37875,34.047152 -83.378131,34.046932 -83.374879,34.045779 -83.367573,34.04327 -83.360028,34.040572 -83.368154,34.036332 -83.372677,34.034055 -83.372706,34.03404 -83.374879,34.032946 -83.377406,34.03214 -83.377706,34.032045 -83.378041,34.031839 -83.378456,34.032893 -83.378591,34.033235 -83.378639,34.03335 -83.378835,34.033815 -83.379048,34.034524 -83.379384,34.035142 -83.379857,34.035028 -83.380995,34.034791 -83.381966,34.034588 -83.382971,34.034379 -83.383047,34.03557 -83.384054,34.036584 -83.384497,34.037324 -83.384863,34.037805 -83.384964,34.037777 -83.389743,34.036255 -83.389843,34.036223 -83.389924,34.036194 -83.390076,34.036148 -83.390188,34.036111 -83.389898,34.035394 -83.393408,34.034257 -83.389276,34.032008 -83.388959,34.031908 -83.385711,34.030191 -83.384847,34.029734 -83.386937,34.029007 -83.387396,34.028848 -83.387747,34.028726 -83.38793,34.028688 -83.392909,34.026939 -83.39727,34.025408 -83.398237,34.025069 -83.398649,34.024924 -83.400075,34.024382 -83.400321,34.024289 -83.420437,34.017437 -83.420588,34.017386 -83.420932,34.017312 -83.421065,34.017283 -83.42136,34.017147 -83.421385,34.017136 -83.421735,34.017031 -83.421957,34.016922 -83.422029,34.016886 -83.42223,34.016811 -83.426811,34.015132 -83.429847,34.014024 -83.431659,34.013285 -83.4317,34.013274 -83.431714,34.013263 -83.443513,34.008688 -83.45261,34.005283 -83.453657,34.004903 -83.453862,34.004872 -83.454347,34.004685 -83.459385,34.002738 -83.462643,34.00149 -83.462685,34.001475 -83.466061,34.000099 -83.466141,34.000066 -83.467725,33.99942 -83.470694,33.99821 -83.470736,33.998153 -83.470835,33.998058 -83.471015,33.997987 -83.471296,33.997863 -83.471527,33.997799 -83.471931,33.997715 -83.472233,33.997641 -83.472484,33.997535 -83.472592,33.997466 -83.47311,33.996981 -83.473184,33.996912 -83.473317,33.996861 -83.474776,33.9963 -83.484201,33.992762 -83.484401,33.992807 -83.484489,33.992832 -83.484892,33.992914 -83.48514,33.992965 -83.485463,33.993024 -83.485893,33.993108 -83.486218,33.993483 -83.486376,33.993691 -83.486591,33.993951 -83.486639,33.99401 -83.486806,33.994163 -83.486979,33.994312 -83.487444,33.994585 -83.487493,33.994614 -83.487754,33.994746 -83.487965,33.994843 -83.488856,33.995233 -83.488954,33.995296 -83.489525,33.995523 -83.489908,33.995835 -83.4905,33.996135 -83.491344,33.996471 -83.492199,33.996799 -83.49303,33.997007 -83.49383,33.997185 -83.494704,33.997386 -83.495432,33.997517 -83.495708,33.997519 -83.496113,33.997605 -83.496484,33.997591 -83.496926,33.997553 -83.497171,33.997454 -83.497506,33.997431 -83.497827,33.997393 -83.497979,33.997309 -83.498239,33.997126 -83.498742,33.996897 -83.49917,33.996706 -83.49938,33.996694 -83.499591,33.996681 -83.5003,33.99643 -83.500369,33.996338 -83.500727,33.996339 -83.501399,33.996339 -83.501882,33.996412 -83.502003,33.996431 -83.502389,33.996591 -83.502884,33.997026 -83.502939,33.997163 -83.503131,33.99737 -83.503131,33.997953 -83.503187,33.998548 -83.50315,33.998943 -83.503054,33.999577 -83.503123,33.999479 -83.503172,33.999402 -83.503218,33.999345 -83.503311,33.999217 -83.503445,33.999028 -83.503484,33.998956 -83.503514,33.998809 -83.503578,33.998501 -83.50357,33.998309 -83.503624,33.998287 -83.503646,33.998202 -83.503662,33.998154 -83.503665,33.998128 -83.503677,33.998081 -83.503677,33.997902 -83.503654,33.997726 -83.503632,33.997673 -83.503571,33.997612 -83.503303,33.996661 -83.50322,33.996365 -83.503184,33.996224 -83.503044,33.995667 -83.503001,33.995126 -83.502991,33.995007 -83.502869,33.994381 -83.502701,33.993809 -83.502527,33.993432 -83.502457,33.993279 -83.502327,33.992867 -83.502274,33.992428 -83.502289,33.991997 -83.502243,33.991741 -83.502042,33.991202 -83.501732,33.990494 -83.50148,33.990192 -83.501297,33.990047 -83.501094,33.989929 -83.501058,33.989887 -83.500987,33.989841 -83.500612,33.989596 -83.500023,33.989212 -83.499923,33.989106 -83.49984,33.989017 -83.499191,33.988808 -83.498955,33.988693 -83.498741,33.98856 -83.498622,33.98845 -83.498366,33.987829 -83.498243,33.987529 -83.49834,33.987472 -83.498438,33.987416 -83.499883,33.986582 -83.502262,33.985205 -83.508414,33.981829 -83.508924,33.981539 -83.508951,33.981524 -83.509455,33.981256 -83.509465,33.981242 -83.50972,33.981102 -83.509975,33.980961 -83.511203,33.980289 -83.511217,33.980281 -83.512464,33.979598 -83.513725,33.978907 -83.515357,33.978041 -83.526181,33.972132 -83.527102,33.97156 -83.527249,33.971479 -83.531843,33.968954 -83.537385,33.965912 -83.53756,33.966317 -83.537722,33.966691 -83.540654,33.974266 -83.540676,33.974322 -83.541121,33.975471 -83.541153,33.975556 -83.541181,33.975627 -83.541299,33.97593 -83.541418,33.976239 -83.542046,33.97786 -83.545265,33.986073 -83.545297,33.986156 -83.546125,33.988432 -83.547756,33.992395 -83.547765,33.992418 -83.549187,33.996111 -83.549221,33.9962 -83.549627,33.997253 -83.549657,33.997332 -83.549794,33.997684 -83.550274,34.000112 -83.550413,34.000638 -83.550958,34.002704 -83.55107,34.003128 -83.551106,34.003193 -83.551118,34.003221 -83.554664,34.011435 -83.554713,34.011548 -83.556922,34.01671 -83.559287,34.022466 -83.5593,34.0225 -83.559358,34.022642 -83.559575,34.02316 -83.559714,34.023487 -83.559737,34.023539 -83.563165,34.031639 -83.563215,34.031757 -83.563277,34.031864 -83.563506,34.031954 -83.564444,34.032326 -83.564818,34.032372 -83.565162,34.032375 -83.566115,34.032223 -83.566687,34.032063 -83.566969,34.032028 -83.567251,34.031953 -83.567541,34.031808 -83.568205,34.031327 -83.568521,34.031135 -83.568708,34.031022 -83.569093,34.030969 -83.569441,34.030974 -83.570462,34.031111 -83.570805,34.031218 -83.571111,34.031401 -83.571301,34.031607 -83.571339,34.031752 -83.571348,34.031993 -83.571355,34.032164 -83.571446,34.03253 -83.571516,34.03269 -83.571841,34.033429 -83.572286,34.034439 -83.572719,34.035298 -83.573088,34.035844 -83.573601,34.036418 -83.573709,34.036597 -83.573803,34.036886 -83.573851,34.037155 -83.573836,34.037377 -83.573725,34.03782 -83.573332,34.038582 -83.573327,34.03872 -83.573355,34.0389 -83.573438,34.039057 -83.573562,34.039195 -83.573739,34.039313 -83.573961,34.039405 -83.574145,34.039459 -83.574676,34.0396 -83.575249,34.039688 -83.575485,34.039761 -83.575729,34.039795 -83.57589,34.039799 -83.576096,34.039749 -83.576836,34.039684 -83.577393,34.039563 -83.578038,34.039506 -83.579505,34.039653 -83.580405,34.039963 -83.580484,34.039954 -83.580525,34.039994 -83.580892,34.040113 -83.581215,34.040208 -83.581278,34.040227 -83.581497,34.04027 -83.581762,34.040294 -83.581969,34.040366 -83.582309,34.040452 -83.582557,34.040471 -83.58311,34.040638 -83.583553,34.040824 -83.583951,34.040987 -83.584158,34.041058 -83.584244,34.04105 -83.584358,34.040997 -83.584433,34.040909 -83.584465,34.040777 -83.584443,34.040656 -83.584384,34.040548 -83.58413,34.04027 -83.5839,34.039956 -83.5837,34.039616 -83.583618,34.039398 -83.583636,34.039263 -83.58398,34.038641 -83.584161,34.038533 -83.584364,34.038517 -83.584491,34.038596 -83.58452,34.038676 -83.584497,34.038769 -83.584512,34.038848 -83.584571,34.038927 -83.584669,34.038982 -83.584757,34.038998 -83.584871,34.038983 -83.585128,34.038835 -83.585316,34.038799 -83.585399,34.038833 -83.585503,34.03897 -83.58566,34.039069 -83.586321,34.03918 -83.586478,34.039151 -83.586585,34.039073 -83.586754,34.038649 -83.586914,34.038411 -83.587089,34.03822 -83.587285,34.038101 -83.587527,34.038025 -83.587723,34.038003 -83.587866,34.03802 -83.58801,34.038074 -83.588508,34.038215 -83.589094,34.038159 -83.589461,34.037918 -83.589868,34.037567 -83.590236,34.0373 -83.590582,34.037186 -83.591148,34.037225 -83.591403,34.037163 -83.591825,34.037347 -83.592071,34.037319 -83.592377,34.03713 -83.592715,34.037009 -83.593083,34.036946 -83.593361,34.037028 -83.593762,34.0371 -83.594203,34.037047 -83.594432,34.036858 -83.594768,34.036668 -83.59526,34.036477 -83.595739,34.036466 -83.595798,34.036468 -83.596081,34.03647 -83.596334,34.03659 -83.596402,34.036749 -83.596586,34.036749 -83.597099,34.036438 -83.597374,34.036438 -83.597834,34.036635 -83.598285,34.03697 -83.598477,34.037313 -83.598722,34.037376 -83.599058,34.036863 -83.599553,34.036583 -83.599379,34.03613 -83.599637,34.035768 -83.600001,34.035585 -83.600248,34.035354 -83.60035,34.0353 -83.600538,34.0353 -83.600678,34.035376 -83.600823,34.035532 -83.600877,34.035692 -83.600877,34.035897 -83.60092,34.035959 -83.601001,34.035959 -83.60113,34.035906 -83.601338,34.035873 -83.601602,34.035913 -83.60179,34.03602 -83.602129,34.0363 -83.602344,34.036398 -83.602801,34.036505 -83.602908,34.036554 -83.603031,34.036837 -83.603053,34.037158 -83.603037,34.037531 -83.603166,34.037723 -83.603359,34.037799 -83.603784,34.037843 -83.604219,34.037945 -83.604553,34.038163 -83.604698,34.038466 -83.604815,34.038696 -83.605062,34.038812 -83.605224,34.038812 -83.605589,34.038625 -83.605837,34.038563 -83.606223,34.038655 -83.606621,34.038869 -83.606916,34.03906 -83.607153,34.039113 -83.607352,34.039064 -83.607384,34.038944 -83.607384,34.038651 -83.607465,34.038481 -83.607755,34.038401 -83.608072,34.038375 -83.608239,34.03829 -83.608508,34.038223 -83.608704,34.038212 -83.608841,34.038185 -83.609085,34.03817 -83.60954,34.038244 -83.609741,34.038277 -83.609955,34.038372 -83.610146,34.038509 -83.610268,34.038658 -83.610336,34.038795 -83.610352,34.03896 -83.610313,34.039062 -83.610153,34.039146 -83.60981,34.039162 -83.609604,34.039215 -83.609413,34.039326 -83.60939,34.039375 -83.609405,34.039429 -83.609489,34.039528 -83.609627,34.039577 -83.609772,34.039597 -83.610092,34.039597 -83.610329,34.039654 -83.610527,34.039749 -83.61071,34.03989 -83.610863,34.040104 -83.611,34.040447 -83.611139,34.04067 -83.611259,34.040775 -83.611481,34.040871 -83.611557,34.040958 -83.611671,34.041256 -83.611664,34.041382 -83.611618,34.041527 -83.611618,34.041622 -83.61174,34.041847 -83.611748,34.041969 -83.611694,34.042088 -83.611626,34.042118 -83.611153,34.042217 -83.611069,34.042316 -83.611038,34.04245 -83.611084,34.042652 -83.611366,34.043018 -83.611504,34.043343 -83.611542,34.043709 -83.61145,34.04414 -83.611473,34.044235 -83.611549,34.044342 -83.611725,34.044441 -83.611938,34.044468 -83.612114,34.044449 -83.612617,34.044334 -83.612915,34.044312 -83.613213,34.044315 -83.613647,34.04438 -83.61422,34.044518 -83.614708,34.044712 -83.614994,34.04489 -83.615158,34.044991 -83.615433,34.045242 -83.615524,34.045387 -83.615553,34.045502 -83.61558,34.045554 -83.615566,34.045618 -83.61557,34.0457 -83.61554,34.04586 -83.61544,34.046066 -83.615318,34.046234 -83.615242,34.046261 -83.61515,34.046242 -83.615044,34.046078 -83.614929,34.046013 -83.61483,34.046047 -83.614723,34.04615 -83.614548,34.046444 -83.614464,34.046654 -83.614418,34.046921 -83.614456,34.047039 -83.614525,34.047112 -83.614647,34.047161 -83.614783,34.047168 -83.615001,34.047198 -83.615156,34.047212 -83.615245,34.047209 -83.615334,34.047222 -83.615616,34.047199 -83.615763,34.04715 -83.615997,34.047073 -83.616142,34.047077 -83.616287,34.047142 -83.616341,34.047211 -83.616371,34.047287 -83.616493,34.047375 -83.616526,34.047393 -83.616679,34.047501 -83.616737,34.047513 -83.61687,34.047536 -83.61705,34.047529 -83.617209,34.047431 -83.61729,34.047384 -83.617894,34.046591 -83.617979,34.046544 -83.618083,34.046548 -83.618142,34.04658 -83.618359,34.046946 -83.618455,34.047034 -83.618603,34.047115 -83.618772,34.047134 -83.618946,34.047089 -83.619345,34.046919 -83.619388,34.0469 -83.619576,34.046837 -83.619916,34.046687 -83.620026,34.046639 -83.620403,34.046389 -83.620678,34.046313 -83.620943,34.046298 -83.62107,34.046313 -83.621113,34.046333 -83.62129,34.046566 -83.621449,34.046735 -83.621737,34.046843 -83.622063,34.046797 -83.622324,34.046704 -83.622464,34.046604 -83.622688,34.046681 -83.622921,34.046635 -83.623191,34.046581 -83.623275,34.046465 -83.623228,34.046164 -83.623144,34.045941 -83.623209,34.045779 -83.623442,34.045678 -83.62389,34.045632 -83.62429,34.04557 -83.624607,34.045408 -83.624933,34.0452 -83.62511,34.045138 -83.62524,34.045138 -83.625455,34.045146 -83.625986,34.045192 -83.626349,34.045231 -83.626759,34.045354 -83.626889,34.045534 -83.626978,34.04559 -83.627024,34.045636 -83.626953,34.045728 -83.627007,34.045835 -83.627039,34.04585 -83.627096,34.045914 -83.627184,34.045986 -83.627234,34.045996 -83.627275,34.045993 -83.627335,34.045963 -83.627341,34.045931 -83.627528,34.045792 -83.627588,34.045748 -83.627693,34.045714 -83.627744,34.045589 -83.627785,34.045511 -83.627869,34.045468 -83.627898,34.04545 -83.627993,34.045452 -83.62814,34.045436 -83.628854,34.045418 -83.629028,34.045373 -83.629211,34.04533 -83.629287,34.045279 -83.629341,34.045275 -83.6295,34.04513 -83.629576,34.044999 -83.629697,34.044851 -83.629728,34.04481 -83.629921,34.044674 -83.630078,34.044636 -83.630167,34.044662 -83.630213,34.044586 -83.630259,34.044618 -83.630326,34.044756 -83.630322,34.044812 -83.63035,34.044851 -83.630424,34.045155 -83.630436,34.045231 -83.630481,34.045495 -83.630574,34.045556 -83.630613,34.045658 -83.630709,34.045912 -83.630712,34.046016 -83.630814,34.046152 -83.630903,34.046189 -83.631409,34.046207 -83.632103,34.0462 -83.632653,34.046134 -83.632675,34.046131 -83.632758,34.04611 -83.632919,34.046055 -83.633217,34.04586 -83.633408,34.045822 -83.633659,34.045872 -83.634224,34.046196 -83.634453,34.046257 -83.6349,34.046209 -83.635101,34.046267 -83.635224,34.046253 -83.63529,34.046212 -83.635326,34.046167 -83.635367,34.046135 -83.63541,34.046065 -83.635572,34.045866 -83.63561,34.045852 -83.635669,34.045823 -83.636004,34.045905 -83.636133,34.04595 -83.636309,34.046158 -83.636714,34.046642 -83.636899,34.046861 -83.636981,34.046928 -83.637149,34.047021 -83.637258,34.047077 -83.637286,34.047478 -83.637289,34.047498 -83.637326,34.047613 -83.637335,34.047691 -83.637375,34.047726 -83.637436,34.047785 -83.637558,34.047858 -83.637711,34.047907 -83.637947,34.047923 -83.638138,34.047973 -83.638274,34.048046 -83.638625,34.048301 -83.638763,34.048352 -83.638907,34.04836 -83.639242,34.048325 -83.639517,34.048334 -83.639776,34.048376 -83.64076,34.048603 -83.641034,34.04863 -83.642185,34.048662 -83.642376,34.048705 -83.642566,34.048781 -83.642848,34.048957 -83.643008,34.04903 -83.643491,34.049188 -83.643778,34.049283 -83.643975,34.049527 -83.644029,34.049657 -83.64409,34.049745 -83.644136,34.049908 -83.644102,34.050019 -83.643959,34.050174 -83.643797,34.050328 -83.643601,34.050546 -83.643532,34.050594 -83.64357,34.050697 -83.643661,34.0508 -83.643768,34.050854 -83.644043,34.0509 -83.64431,34.050877 -83.644773,34.050882 -83.644989,34.050884 -83.645483,34.050811 -83.645576,34.050797 -83.645927,34.050682 -83.64608,34.050594 -83.646233,34.050472 -83.646538,34.050144 -83.646602,34.050007 -83.646637,34.049982 -83.646662,34.049904 -83.646683,34.049844 -83.64675,34.049637 -83.646765,34.049593 -83.646747,34.049412 -83.646725,34.049128 -83.646727,34.049049 -83.646752,34.048763 -83.646836,34.047783 -83.646872,34.047373 -83.646919,34.047182 -83.646994,34.04688 -83.647072,34.046707 -83.64724,34.046505 -83.647835,34.045986 -83.647964,34.045902 -83.648102,34.045856 -83.648247,34.045837 -83.648758,34.045898 -83.64888,34.045963 -83.648987,34.046101 -83.649322,34.046314 -83.649481,34.046355 -83.649635,34.046394 -83.649963,34.046391 -83.650619,34.046257 -83.65123,34.046326 -83.651916,34.046471 -83.652191,34.04649 -83.65258,34.046581 -83.653145,34.046837 -83.653717,34.04705 -83.654144,34.047176 -83.6542,34.047189 -83.654839,34.047333 -83.655083,34.047478 -83.655426,34.047855 -83.655701,34.048199 -83.656052,34.048836 -83.656303,34.049446 -83.656359,34.049567 -83.656479,34.050045 -83.656501,34.050334 -83.656548,34.050964 -83.656494,34.052315 -83.656494,34.052589 -83.65654,34.052792 -83.656662,34.053047 -83.656853,34.053253 -83.657005,34.053333 -83.657272,34.053379 -83.657631,34.053379 -83.658043,34.053288 -83.658707,34.052948 -83.659126,34.052692 -83.660126,34.052368 -83.660484,34.052338 -83.661507,34.05238 -83.661995,34.052452 -83.662392,34.052475 -83.662674,34.052471 -83.663094,34.05238 -83.66324,34.052273 -83.663718,34.05195 -83.663934,34.051725 -83.664012,34.051569 -83.664012,34.05137 -83.6639,34.051145 -83.663718,34.050877 -83.663666,34.050669 -83.663648,34.050435 -83.663709,34.050228 -83.663813,34.049907 -83.663761,34.049752 -83.663623,34.049604 -83.663467,34.049483 -83.66325,34.049336 -83.663164,34.049206 -83.66312,34.049059 -83.66312,34.048903 -83.663268,34.048782 -83.663493,34.048713 -83.66378,34.048696 -83.663951,34.048704 -83.664837,34.048809 -83.665103,34.048769 -83.665242,34.048697 -83.665367,34.048602 -83.665668,34.048229 -83.665778,34.048162 -83.665917,34.048113 -83.666557,34.048035 -83.666979,34.048036 -83.667142,34.048036 -83.667572,34.048008 -83.667608,34.047975 -83.667758,34.04798 -83.667865,34.048005 -83.667953,34.048016 -83.668244,34.048105 -83.668406,34.04822 -83.668506,34.048279 -83.668609,34.048325 -83.669121,34.048337 -83.669312,34.048413 -83.669446,34.048578 -83.669655,34.048838 -83.669707,34.048914 -83.669845,34.049185 -83.669951,34.049457 -83.669963,34.049506 -83.669966,34.049869 -83.670034,34.049991 -83.670187,34.050075 -83.670584,34.050095 -83.670836,34.05019 -83.671042,34.050293 -83.67123,34.05044 -83.671379,34.050554 -83.67168,34.050648 -83.671493,34.050642 -83.671584,34.050756 -83.671599,34.050939 -83.671676,34.051061 -83.67179,34.051156 -83.672072,34.051285 -83.672172,34.051373 -83.67224,34.051482 -83.672286,34.051723 -83.672211,34.052062 -83.672211,34.052252 -83.672295,34.052473 -83.672447,34.052637 -83.672592,34.052724 -83.672951,34.052842 -83.673149,34.05294 -83.673454,34.053036 -83.673515,34.053013 -83.673553,34.052967 -83.673614,34.052711 -83.673706,34.052509 -83.673813,34.052467 -83.673943,34.052452 -83.674232,34.052502 -83.674347,34.052593 -83.674377,34.052727 -83.674477,34.052948 -83.674721,34.053299 -83.674874,34.05339 -83.675179,34.05357 -83.67559,34.053745 -83.675751,34.053776 -83.675911,34.053757 -83.676056,34.053692 -83.676193,34.053593 -83.676689,34.052895 -83.676926,34.052494 -83.677124,34.052433 -83.677643,34.052452 -83.678337,34.052544 -83.678528,34.052525 -83.678719,34.052467 -83.678955,34.052319 -83.679128,34.052136 -83.679382,34.051865 -83.679396,34.051846 -83.679489,34.051729 -83.679599,34.051561 -83.679633,34.051442 -83.679523,34.05126 -83.679354,34.051043 -83.679142,34.050755 -83.678948,34.050482 -83.678736,34.050174 -83.678659,34.049682 -83.678688,34.049306 -83.678827,34.048886 -83.67916,34.048044 -83.679263,34.047647 -83.679342,34.047517 -83.679458,34.047412 -83.679634,34.047354 -83.6797,34.047358 -83.679911,34.047304 -83.680145,34.047319 -83.681123,34.047487 -83.681664,34.047538 -83.682359,34.047436 -83.683663,34.047286 -83.684144,34.047181 -83.684937,34.046942 -83.685097,34.046918 -83.685318,34.046959 -83.685586,34.047095 -83.6858,34.047247 -83.686299,34.047775 -83.686498,34.048061 -83.686541,34.048174 -83.686557,34.048177 -83.686664,34.04847 -83.686701,34.048856 -83.686661,34.04913 -83.686559,34.049395 -83.6862,34.050053 -83.686076,34.050165 -83.685968,34.050302 -83.685874,34.050526 -83.685755,34.051025 -83.685695,34.052419 -83.685476,34.052856 -83.685421,34.053109 -83.685443,34.053291 -83.685513,34.053442 -83.685823,34.053592 -83.685943,34.053631 -83.686516,34.053756 -83.687173,34.053794 -83.687753,34.053755 -83.68807,34.053674 -83.689118,34.053188 -83.689742,34.05285 -83.689862,34.05272 -83.689916,34.052578 -83.68993,34.052318 -83.690044,34.052119 -83.690166,34.052026 -83.690578,34.051804 -83.690821,34.051727 -83.69137,34.051622 -83.691806,34.051616 -83.692149,34.051694 -83.692348,34.051786 -83.692493,34.051823 -83.692731,34.051953 -83.693128,34.052221 -83.693443,34.05251 -83.693963,34.05292 -83.694079,34.0531 -83.694102,34.053222 -83.694095,34.053344 -83.693929,34.053925 -83.693718,34.054505 -83.693687,34.054727 -83.693727,34.054914 -83.693888,34.055241 -83.694197,34.055893 -83.694435,34.056183 -83.694595,34.056255 -83.69474,34.056258 -83.695557,34.056278 -83.695679,34.056244 -83.695801,34.056171 -83.695877,34.056076 -83.695991,34.05579 -83.69606,34.055435 -83.69635,34.054283 -83.696518,34.053734 -83.696602,34.053631 -83.696739,34.053532 -83.697113,34.053417 -83.697357,34.053284 -83.69751,34.053139 -83.697792,34.052776 -83.697929,34.052673 -83.698143,34.052608 -83.698349,34.05262 -83.698585,34.052715 -83.698944,34.052956 -83.699127,34.053185 -83.699218,34.053455 -83.699641,34.054121 -83.699775,34.054023 -83.699882,34.053985 -83.700127,34.053988 -83.700302,34.054065 -83.700539,34.05432 -83.700706,34.054378 -83.700798,34.054366 -83.700874,34.054316 -83.701042,34.053934 -83.701256,34.053625 -83.701653,34.053277 -83.701813,34.053136 -83.702019,34.052914 -83.702064,34.052754 -83.702072,34.052575 -83.70201,34.052335 -83.70201,34.052087 -83.702046,34.051751 -83.702109,34.051475 -83.70217,34.051285 -83.70252,34.050682 -83.702597,34.050429 -83.702589,34.050128 -83.702412,34.049491 -83.702405,34.049014 -83.702473,34.048705 -83.702527,34.048606 -83.702611,34.048518 -83.702733,34.048448 -83.703618,34.047795 -83.703937,34.047394 -83.704029,34.047188 -83.704081,34.04673 -83.70409,34.046646 -83.704197,34.046447 -83.704304,34.04636 -83.704426,34.046291 -83.704754,34.046211 -83.705875,34.046141 -83.706876,34.046167 -83.707623,34.046158 -83.707852,34.046128 -83.708073,34.046071 -83.708287,34.045975 -83.708783,34.045474 -83.708997,34.0452 -83.709073,34.045146 -83.70918,34.045127 -83.709378,34.045158 -83.709577,34.045222 -83.710561,34.045639 -83.711379,34.045984 -83.711638,34.046132 -83.711799,34.046308 -83.711906,34.046491 -83.712129,34.047366 -83.712237,34.047366 -83.712261,34.047502 -83.712454,34.048054 -83.712686,34.048537 -83.713083,34.049139 -83.71324,34.049265 -83.713592,34.049466 -83.714105,34.049629 -83.714261,34.049751 -83.714356,34.049894 -83.714399,34.050024 -83.714388,34.050161 -83.714369,34.050241 -83.714271,34.050671 -83.714125,34.051074 -83.713973,34.051389 -83.713783,34.051696 -83.713619,34.051783 -83.713134,34.052048 -83.712996,34.052166 -83.712874,34.05233 -83.712663,34.052745 -83.712561,34.052949 -83.712286,34.054022 -83.712278,34.054228 -83.712294,34.054434 -83.712355,34.054644 -83.712446,34.054831 -83.712607,34.055121 -83.712919,34.055682 -83.71295,34.055847 -83.713018,34.05603 -83.713133,34.056198 -83.71324,34.056282 -83.713492,34.056378 -83.713904,34.056381 -83.714516,34.056317 -83.71458,34.056303 -83.715118,34.056187 -83.715402,34.056099 -83.71576,34.055954 -83.716364,34.05558 -83.716951,34.055184 -83.717076,34.055073 -83.717094,34.055054 -83.717416,34.054753 -83.717556,34.054614 -83.717645,34.054407 -83.717701,34.054069 -83.717845,34.053847 -83.718013,34.053728 -83.718398,34.053537 -83.718519,34.053509 -83.718634,34.053512 -83.718763,34.053545 -83.718833,34.053601 -83.719194,34.053978 -83.719249,34.054129 -83.719494,34.054284 -83.719678,34.054441 -83.719778,34.054583 -83.719924,34.054903 -83.720076,34.054976 -83.720337,34.054999 -83.720496,34.055048 -83.720635,34.055132 -83.720734,34.055243 -83.720803,34.055396 -83.720803,34.055503 -83.720719,34.055682 -83.720582,34.055825 -83.720452,34.056253 -83.720383,34.056567 -83.720421,34.056685 -83.720505,34.056776 -83.720834,34.056906 -83.720927,34.057001 -83.720965,34.057105 -83.720935,34.057782 -83.720965,34.057888 -83.720965,34.058012 -83.720866,34.058202 -83.7204,34.058609 -83.720285,34.058807 -83.720247,34.058952 -83.720239,34.059106 -83.720347,34.059568 -83.72047,34.059909 -83.720592,34.060122 -83.72073,34.060168 -83.720952,34.060122 -83.721097,34.060145 -83.72122,34.060233 -83.721327,34.060401 -83.721418,34.060798 -83.721465,34.061238 -83.721473,34.061693 -83.721473,34.062298 -83.721489,34.062382 -83.721588,34.06263 -83.721825,34.062836 -83.722122,34.063034 -83.72242,34.063183 -83.722885,34.063362 -83.723053,34.063431 -83.723183,34.06345 -83.72361,34.06345 -83.72377,34.063423 -83.72419,34.06321 -83.724434,34.06303 -83.724785,34.062843 -83.725029,34.062679 -83.72525,34.062496 -83.72541,34.062309 -83.725548,34.062195 -83.727165,34.061329 -83.727394,34.061146 -83.727653,34.060856 -83.727928,34.060703 -83.728416,34.060543 -83.728882,34.060417 -83.7295,34.060333 -83.730324,34.060146 -83.731049,34.060085 -83.731796,34.060116 -83.731988,34.060157 -83.732079,34.060177 -83.732338,34.06028 -83.732544,34.060455 -83.732719,34.060654 -83.732872,34.060905 -83.733231,34.061787 -83.733406,34.062145 -83.733612,34.062489 -83.733925,34.062912 -83.734299,34.063507 -83.734344,34.063641 -83.734367,34.063858 -83.734344,34.064056 -83.734061,34.064962 -83.733849,34.065643 -83.73362,34.066135 -83.733307,34.066662 -83.73333,34.066921 -83.733444,34.067146 -83.733604,34.067303 -83.733726,34.067345 -83.734085,34.06736 -83.734482,34.067322 -83.735069,34.067196 -83.735794,34.067108 -83.73613,34.067028 -83.736458,34.066898 -83.737045,34.066471 -83.737205,34.066395 -83.737381,34.06636 -83.737549,34.066357 -83.737724,34.066391 -83.738564,34.066673 -83.73867,34.066757 -83.738907,34.066971 -83.738989,34.067065 -83.739098,34.067192 -83.739822,34.068291 -83.740089,34.069077 -83.740158,34.069214 -83.740334,34.069382 -83.740578,34.069496 -83.741035,34.069542 -83.7416,34.069527 -83.742119,34.069447 -83.742523,34.069328 -83.742681,34.06925 -83.742798,34.069191 -83.743088,34.068928 -83.743278,34.068642 -83.743393,34.068344 -83.743431,34.068027 -83.743408,34.067726 -83.743332,34.067402 -83.74321,34.06712 -83.742828,34.06665 -83.742567,34.066392 -83.742531,34.066357 -83.742203,34.066078 -83.742096,34.06591 -83.742065,34.065777 -83.742065,34.065624 -83.742111,34.065479 -83.742203,34.06535 -83.742332,34.065243 -83.742493,34.06517 -83.743271,34.065067 -83.743614,34.065098 -83.743873,34.065191 -83.74411,34.065277 -83.744635,34.065319 -83.744682,34.065323 -83.745219,34.065296 -83.745293,34.065292 -83.746254,34.065125 -83.746773,34.064987 -83.747032,34.064945 -83.747963,34.06496 -83.748451,34.064919 -83.750001,34.064539 -83.751381,34.064201 -83.751579,34.064175 -83.751778,34.064178 -83.752014,34.064232 -83.752747,34.064514 -83.753921,34.064869 -83.754578,34.065109 -83.754918,34.065175 -83.755821,34.065175 -83.756592,34.065629 -83.756978,34.066024 -83.757908,34.066318 -83.759243,34.06657 -83.760843,34.066679 -83.761739,34.066609 -83.762831,34.066163 -83.76318,34.065411 -83.763257,34.065248 -83.76331,34.06487 -83.763839,34.064683 -83.764523,34.064933 -83.765134,34.065292 -83.765281,34.065378 -83.765439,34.065438 -83.765479,34.065452 -83.767532,34.066448 -83.767646,34.066562 -83.767837,34.066809 -83.768556,34.068097 -83.768573,34.068128 -83.768917,34.068942 -83.769041,34.069234 -83.769096,34.069402 -83.769108,34.069584 -83.769143,34.069841 -83.769213,34.070408 -83.769316,34.07093 -83.769523,34.07261 -83.769583,34.072827 -83.769705,34.073041 -83.76988,34.073228 -83.770099,34.073382 -83.770388,34.07352 -83.770673,34.073608 -83.770943,34.073656 -83.771607,34.073694 -83.772037,34.073706 -83.772132,34.073698 -83.772163,34.073697 -83.772489,34.073656 -83.772994,34.073649 -83.773275,34.073728 -83.773438,34.073826 -83.773836,34.074235 -83.775139,34.076301 -83.775549,34.077033 -83.775914,34.077582 -83.776355,34.078173 -83.776534,34.078378 -83.777175,34.079103 -83.777552,34.07948 -83.777603,34.079529 -83.777977,34.079819 -83.778351,34.080048 -83.780121,34.081012 -83.781242,34.081623 -83.782997,34.082359 -83.783349,34.082541 -83.783927,34.082839 -83.784138,34.082948 -83.784203,34.082979 -83.784609,34.083198 -83.784815,34.083294 -83.785169,34.08346 -83.786092,34.083892 -83.786253,34.083968 -83.786406,34.084063 -83.786876,34.084354 -83.787091,34.084527 -83.787265,34.084583 -83.787735,34.084946 -83.789192,34.086025 -83.789482,34.086178 -83.790512,34.086628 -83.790787,34.086884 -83.791031,34.087193 -83.791222,34.087513 -83.791351,34.087837 -83.791435,34.088299 -83.791435,34.088547 -83.791397,34.088806 -83.791265,34.089192 -83.790494,34.091303 -83.79034,34.092055 -83.790077,34.092522 -83.790028,34.092683 -83.789925,34.093152 -83.789918,34.093187 -83.789917,34.09327 -83.789931,34.093533 -83.789941,34.093728 -83.790006,34.094057 -83.790124,34.094388 -83.790186,34.094557 -83.790223,34.094674 -83.790431,34.095292 -83.7907,34.09619 -83.790944,34.096808 -83.79119,34.098128 -83.791463,34.098788 -83.791635,34.099209 -83.792046,34.100041 -83.792221,34.100304 -83.792271,34.100354 -83.79259,34.100593 -83.79278,34.100695 -83.792829,34.100782 -83.792871,34.100838 -83.793259,34.100957 -83.793486,34.101119 -83.793524,34.101136 -83.79355,34.10116 -83.793917,34.101329 -83.794541,34.101604 -83.795117,34.101767 -83.795786,34.102007 -83.795982,34.102072 -83.796739,34.102263 -83.797015,34.102314 -83.79727,34.10236 -83.797655,34.102418 -83.797718,34.102419 -83.797821,34.102425 -83.798066,34.102442 -83.798077,34.102444 -83.798364,34.102477 -83.798409,34.102484 -83.798789,34.102547 -83.799212,34.102627 -83.799315,34.102653 -83.799517,34.102719 -83.799614,34.102758 -83.799705,34.1028 -83.799804,34.102833 -83.799858,34.102852 -83.800169,34.103049 -83.800487,34.103344 -83.80088,34.103699 -83.801492,34.104266 -83.801608,34.104367 -83.801995,34.104701 -83.802101,34.10481 -83.802175,34.104876 -83.802253,34.104938 -83.802325,34.104988 -83.802399,34.10505 -83.803121,34.105676 -83.803724,34.106198 -83.803954,34.106441 -83.804031,34.106621 -83.80416,34.106749 -83.804321,34.106861 -83.804497,34.106922 -83.804784,34.107024 -83.804946,34.107112 -83.805427,34.107424 -83.805762,34.107694 -83.8059,34.10794 -83.805938,34.108211 -83.805788,34.109122 -83.805705,34.109112 -83.805633,34.109385 -83.805693,34.109614 -83.805853,34.109822 -83.80599,34.109918 -83.806143,34.10998 -83.806319,34.110003 -83.806479,34.109988 -83.806563,34.109958 -83.806709,34.109901 -83.807035,34.10966 -83.807239,34.109451 -83.807346,34.10938 -83.807406,34.109369 -83.807569,34.109345 -83.807783,34.109405 -83.808196,34.109696 -83.809211,34.110342 -83.809417,34.110448 -83.809582,34.110584 -83.809773,34.110859 -83.809921,34.111382 -83.810103,34.111747 -83.810385,34.11209 -83.810767,34.112392 -83.811271,34.112663 -83.811757,34.112851 -83.811956,34.112891 -83.813112,34.113063 -83.813652,34.113144 -83.814771,34.113405 -83.814935,34.113479 -83.81507,34.113576 -83.815174,34.113701 -83.815203,34.11376 -83.815245,34.11386 -83.81526,34.114024 -83.815236,34.114158 -83.815151,34.114277 -83.815021,34.11436 -83.814394,34.114585 -83.813851,34.114671 -83.813436,34.114738 -83.812471,34.114984 -83.811108,34.11552 -83.810962,34.11563 -83.810854,34.115783 -83.8108,34.115971 -83.81083,34.116146 -83.810937,34.11633 -83.811097,34.116457 -83.811433,34.116623 -83.811747,34.116754 -83.812076,34.116854 -83.812557,34.116963 -83.812733,34.117048 -83.812878,34.117159 -83.812992,34.117293 -83.813069,34.117447 -83.813151,34.117852 -83.813135,34.11817 -83.813066,34.118453 -83.812839,34.118818 -83.812355,34.119598 -83.812134,34.120037 -83.812119,34.120228 -83.812153,34.120429 -83.812182,34.120515 -83.812218,34.120617 -83.812325,34.120789 -83.812531,34.120979 -83.812599,34.121022 -83.812782,34.121136 -83.813026,34.121239 -83.813386,34.121343 -83.813806,34.121427 -83.814226,34.121485 -83.814502,34.121508 -83.815208,34.121502 -83.815257,34.121406 -83.815545,34.121451 -83.815797,34.121638 -83.816457,34.122448 -83.816528,34.122532 -83.816443,34.122641 -83.816498,34.12278 -83.81659,34.123275 -83.816564,34.124023 -83.816336,34.124491 -83.816266,34.124636 -83.81579,34.125618 -83.815764,34.125754 -83.81572,34.125978 -83.815727,34.126051 -83.815751,34.126331 -83.815845,34.126635 -83.815862,34.126672 -83.815996,34.12688 -83.816126,34.127013 -83.816297,34.12716 -83.816485,34.127263 -83.816684,34.127369 -83.816887,34.127434 -83.816955,34.127429 -83.81702,34.127413 -83.817145,34.127446 -83.817401,34.127484 -83.817602,34.127518 -83.817662,34.127494 -83.817682,34.127493 -83.817715,34.127413 -83.818211,34.126218 -83.818568,34.125356 -83.818694,34.125056 -83.818898,34.124556 -83.819418,34.123292 -83.81961,34.122828 -83.819747,34.122493 -83.820069,34.121712 -83.820133,34.121555 -83.820263,34.121243 -83.820316,34.121113 -83.820476,34.120724 -83.82053,34.120595 -83.820673,34.120246 -83.820889,34.119725 -83.821061,34.119304 -83.821104,34.119202 -83.821573,34.118062 -83.821771,34.117583 -83.822033,34.116947 -83.822137,34.116693 -83.822175,34.116602 -83.822404,34.116047 -83.82259,34.115599 -83.822608,34.115549 -83.822635,34.115482 -83.822717,34.115283 -83.822745,34.115217 -83.822856,34.114946 -83.82319,34.114135 -83.823302,34.113865 -83.823337,34.113777 -83.823446,34.113513 -83.823483,34.113426 -83.82352,34.113335 -83.823833,34.112573 -83.824486,34.110989 -83.824775,34.110291 -83.825092,34.109532 -83.82549,34.108581 -83.826688,34.10573 -83.827087,34.10478 -83.827097,34.104762 -83.827122,34.104697 -83.827395,34.104045 -83.827614,34.103523 -83.828201,34.102083 -83.828468,34.101429 -83.828474,34.101409 -83.8285,34.101343 -83.828582,34.101147 -83.82861,34.101082 -83.828681,34.100905 -83.828782,34.100658 -83.828896,34.100377 -83.828969,34.100201 -83.829052,34.100004 -83.829134,34.099813 -83.829147,34.099778 -83.82919,34.099675 -83.829313,34.099373 -83.829346,34.099295 -83.829595,34.098687 -83.829682,34.098472 -83.829691,34.098453 -83.829751,34.098306 -83.829766,34.098267 -83.829859,34.098039 -83.829883,34.097983 -83.829941,34.097839 -83.830012,34.097666 -83.830095,34.097469 -83.830103,34.097447 -83.830206,34.097196 -83.830224,34.097155 -83.83027,34.097042 -83.83096,34.095374 -83.830968,34.095352 -83.831004,34.095269 -83.831057,34.09514 -83.83122,34.094754 -83.831275,34.094626 -83.831394,34.094335 -83.83151,34.094054 -83.831677,34.093643 -83.831696,34.093594 -83.831751,34.093462 -83.831871,34.093172 -83.831906,34.093092 -83.832011,34.092856 -83.832047,34.092777 -83.832087,34.092675 -83.832211,34.092371 -83.832253,34.09227 -83.832376,34.091965 -83.832726,34.091106 -83.832748,34.091051 -83.832875,34.090748 -83.832901,34.090683 -83.832983,34.09049 -83.833011,34.090426 -83.833037,34.090359 -83.833119,34.090161 -83.833147,34.090096 -83.833209,34.089945 -83.833397,34.089494 -83.83346,34.089344 -83.834165,34.087649 -83.836281,34.082565 -83.836987,34.080871 -83.837049,34.08072 -83.837243,34.080254 -83.83792,34.078627 -83.837979,34.078484 -83.838012,34.078407 -83.838269,34.077791 -83.838387,34.077506 -83.83859,34.077019 -83.83902,34.075989 -83.839543,34.074701 -83.839858,34.073927 -83.839927,34.073754 -83.840138,34.073237 -83.840208,34.073065 -83.840418,34.072546 -83.84105,34.070991 -83.841088,34.0709 -83.84127,34.070476 -83.841372,34.070237 -83.84168,34.069523 -83.841783,34.069285 -83.842036,34.068694 -83.842186,34.068348 -83.842534,34.067506 -83.842779,34.066915 -83.843007,34.066368 -83.84335,34.065541 -83.843358,34.065523 -83.84349,34.065204 -83.844002,34.06397 -83.844322,34.063197 -83.844647,34.062417 -83.844794,34.06206 -83.845238,34.06099 -83.845386,34.060634 -83.845507,34.06034 -83.845872,34.059462 -83.845994,34.059169 -83.846653,34.057578 -83.846802,34.057217 -83.848631,34.052808 -83.849291,34.051218 -83.849541,34.050617 -83.84964,34.050372 -83.850422,34.048456 -83.850676,34.047831 -83.851005,34.047026 -83.851165,34.046632 -83.851511,34.045784 -83.851595,34.045577 -83.851613,34.04553 -83.851739,34.045226 -83.851747,34.045203 -83.851784,34.045115 -83.851876,34.044887 -83.8519,34.044831 -83.85204,34.044485 -83.852076,34.044399 -83.85211,34.044313 -83.852214,34.044056 -83.85225,34.043971 -83.852591,34.043133 -83.853614,34.04062 -83.853653,34.040527 -83.853961,34.039785 -83.854279,34.039045 -83.854352,34.038876 -83.854451,34.038649 -83.854729,34.037998 -83.854781,34.037864 -83.855704,34.0355 -83.85571,34.035483 -83.856034,34.034696 -83.856075,34.034596 -83.856086,34.034572 -83.856143,34.034431 -83.856158,34.034397 -83.856251,34.034169 -83.856283,34.034094 -83.856301,34.034048 -83.856381,34.033853 -83.856408,34.033789 -83.856491,34.033585 -83.856743,34.032972 -83.856827,34.032769 -83.856969,34.032421 -83.857363,34.03146 -83.857397,34.031379 -83.857532,34.031065 -83.857541,34.031032 -83.857653,34.030756 -83.857682,34.030688 -83.857766,34.030481 -83.85778,34.030449 -83.858029,34.029867 -83.858117,34.029663 -83.858269,34.029307 -83.858307,34.029219 -83.858372,34.029061 -83.858569,34.02859 -83.858635,34.028433 -83.858678,34.028328 -83.85869,34.028302 -83.858759,34.028134 -83.858777,34.028093 -83.858831,34.02796 -83.858871,34.027869 -83.858883,34.027838 -83.859017,34.027517 -83.859099,34.027322 -83.85918,34.027101 -83.859199,34.027055 -83.859297,34.026827 -83.859356,34.026695 -83.859376,34.026652 -83.859402,34.026586 -83.859483,34.02639 -83.859511,34.026325 -83.859979,34.025193 -83.860175,34.024722 -83.860287,34.024449 -83.860625,34.023631 -83.860739,34.023359 -83.860879,34.023018 -83.861301,34.021998 -83.861442,34.021659 -83.861564,34.021362 -83.861719,34.020991 -83.861933,34.020473 -83.862056,34.020177 -83.862174,34.019887 -83.862531,34.019017 -83.86265,34.018728 -83.862789,34.018388 -83.86321,34.017368 -83.863231,34.01732 -83.863352,34.017029 -83.863656,34.016319 -83.864569,34.014191 -83.864874,34.013482 -83.865428,34.013714 -83.866013,34.014077 -83.866895,34.014721 -83.867398,34.015133 -83.867878,34.015465 -83.86893,34.015287 -83.869881,34.015185 -83.870851,34.015026 -83.871108,34.014987 -83.87165,34.014906 -83.871867,34.014895 -83.872243,34.014878 -83.872735,34.014849 -83.873649,34.01483 -83.874412,34.014779 -83.874939,34.014734 -83.876312,34.014616 -83.876721,34.014528 -83.87703,34.014409 -83.877544,34.014225 -83.878595,34.013716 -83.87935,34.013393 -83.8799,34.013158 -83.88045,34.012932 -83.881066,34.012737 -83.881748,34.012585 -83.88258,34.012493 -83.884338,34.012524 -83.884523,34.012555 -83.884713,34.012627 -83.884933,34.012739 -83.885121,34.012878 -83.886105,34.013695 -83.886532,34.01403 -83.887173,34.01447 -83.887593,34.014634 -83.888209,34.014904 -83.888835,34.015356 -83.889794,34.015944 -83.890308,34.016224 -83.890695,34.016418 -83.891117,34.015776 -83.892325,34.013925 -83.893047,34.012547 -83.893264,34.012172 -83.893928,34.010829 -83.894189,34.010449 -83.894259,34.01037 -83.894377,34.010418 -83.894474,34.010443 -83.894644,34.010503 -83.894933,34.01062 -83.895018,34.010647 -83.89513,34.010669 -83.895268,34.010678 -83.895512,34.010682 -83.895787,34.01067 -83.895983,34.010647 -83.896202,34.010611 -83.896387,34.010566 -83.896765,34.010466 -83.896797,34.010458 -83.896929,34.01043 -83.897233,34.010334 -83.897467,34.01029 -83.897555,34.010267 -83.89762,34.010235 -83.897703,34.010209 -83.89799,34.010163 -83.898096,34.010131 -83.89824,34.01011 -83.898503,34.010101 -83.898731,34.010109 -83.898903,34.010129 -83.899026,34.010161 -83.899148,34.010211 -83.899269,34.010298 -83.899337,34.010375 -83.899391,34.010461 -83.899428,34.010565 -83.89946,34.010719 -83.899483,34.010907 -83.899524,34.011349 -83.899505,34.012374 -83.899485,34.01272 -83.899472,34.012864 -83.89946,34.013288 -83.89948,34.013383 -83.899514,34.013468 -83.899557,34.013525 -83.899608,34.013573 -83.899688,34.013632 -83.899747,34.013665 -83.899844,34.013689 -83.899926,34.013703 -83.9,34.01373 -83.900192,34.01382 -83.900277,34.01385 -83.900411,34.013881 -83.900543,34.013969 -83.900748,34.014002 -83.90095,34.014045 -83.901113,34.014084 -83.901326,34.014111 -83.901417,34.014097 -83.901516,34.014059 -83.901612,34.013999 -83.901682,34.013923 -83.901724,34.013814 -83.901748,34.013674 -83.90178,34.013094 -83.901858,34.012717 -83.901901,34.012547 -83.901946,34.01246 -83.90202,34.012393 -83.902169,34.012316 -83.902271,34.012287 -83.902452,34.012282 -83.902654,34.012287 -83.902702,34.012307 -83.90278,34.012347 -83.903009,34.012446 -83.90313,34.012512 -83.903247,34.012596 -83.903364,34.01269 -83.903595,34.012849 -83.903735,34.012924 -83.904189,34.013229 -83.904378,34.013387 -83.904996,34.013959 -83.905057,34.014023 -83.905214,34.014165 -83.905396,34.014301 -83.905447,34.014355 -83.90554,34.014486 -83.905694,34.014593 -83.905869,34.014738 -83.906107,34.014894 -83.906196,34.014934 -83.906341,34.014966 -83.906543,34.014989 -83.906801,34.015005 -83.907037,34.015011 -83.907354,34.014991 -83.907452,34.014972 -83.907665,34.014889 -83.908117,34.014644 -83.90833,34.014572 -83.908511,34.014536 -83.908715,34.014522 -83.908951,34.014531 -83.909213,34.01455 -83.909373,34.014589 -83.909567,34.014625 -83.909944,34.014684 -83.910066,34.014722 -83.910241,34.01476 -83.910386,34.014802 -83.910491,34.014826 -83.910608,34.014835 -83.910493,34.014274 -83.910454,34.013949 -83.910446,34.013696 -83.910508,34.013401 -83.910676,34.012955 -83.91093,34.012482 -83.911162,34.01215 -83.911459,34.01189 -83.911837,34.011716 -83.912282,34.011573 -83.913085,34.011353 -83.913444,34.011264 -83.91356,34.01123 -83.913683,34.011199 -83.914059,34.011082 -83.914541,34.010874 -83.915126,34.010588 -83.915422,34.010328 -83.915757,34.00997 -83.915763,34.009806 -83.915738,34.009552 -83.915647,34.009268 -83.915344,34.008691 -83.915236,34.008483 -83.914547,34.007424 -83.914453,34.007307 -83.913867,34.006576 -83.913448,34.006016 -83.91328,34.005809 -83.913108,34.005599 -83.912543,34.004838 -83.912305,34.004426 -83.9117,34.00338 -83.911414,34.002866 -83.911274,34.002525 -83.911184,34.002227 -83.911098,34.001917 -83.910915,34.001248 -83.910816,34.001039 -83.909917,34.000322 -83.90877,33.999811 -83.908806,33.99797 -83.908785,33.997716 -83.90874,33.997563 -83.9084,33.997023 -83.90807,33.996467 -83.907976,33.996251 -83.908454,33.996022 -83.908599,33.995974 -83.908998,33.995841 -83.909429,33.995708 -83.910106,33.995514 -83.910585,33.995336 -83.912014,33.994808 -83.912719,33.994548 -83.912759,33.994533 -83.913469,33.994177 -83.913596,33.994114 -83.914636,33.993676 -83.91573,33.993162 -83.916325,33.992898 -83.916102,33.992344 -83.91608,33.992287 -83.916059,33.992114 -83.916112,33.991778 -83.916238,33.991384 -83.916388,33.990863 -83.916411,33.990657 -83.916355,33.990529 -83.916187,33.990406 -83.916132,33.990354 -83.916116,33.990273 -83.916222,33.99028 -83.918051,33.990043 -83.918297,33.989973 -83.918781,33.989799 -83.919558,33.989346 -83.920176,33.988803 -83.921402,33.98771 -83.922897,33.986307 -83.924061,33.985213 -83.924537,33.984768 -83.924981,33.984394 -83.925145,33.984267 -83.925369,33.984057 -83.925969,33.983494 -83.926266,33.983216 -83.926508,33.982989 -83.926527,33.98297 -83.927109,33.982493 -83.9276,33.982205 -83.928075,33.981966 -83.929201,33.981581 -83.929898,33.981411 -83.931465,33.980862 -83.931966,33.980724 -83.933501,33.980249 -83.936324,33.979468 -83.937727,33.979068 -83.939187,33.978601 -83.939168,33.978463 -83.939056,33.977778 -83.939014,33.97748 -83.93901,33.977296 -83.939,33.977206 -83.93898,33.977117 -83.938953,33.97703 -83.938917,33.976946 -83.938873,33.976863 -83.93882,33.976784 -83.938748,33.976695 -83.938646,33.976613 -83.938512,33.976558 -83.938368,33.976475 -83.938224,33.976384 -83.938081,33.976276 -83.937947,33.976202 -83.937701,33.976048 -83.937448,33.975904 -83.937351,33.975865 -83.937247,33.97584 -83.937139,33.975832 -83.937032,33.975839 -83.936856,33.975887 -83.936738,33.975962 -83.936694,33.976022 -83.936586,33.97609 -83.936405,33.976164 -83.936266,33.976257 -83.936199,33.97636 -83.936059,33.976453 -83.935987,33.976519 -83.935936,33.976599 -83.935907,33.976733 -83.935904,33.976829 -83.935856,33.976985 -83.935776,33.977167 -83.935749,33.977333 -83.935734,33.977463 -83.935751,33.977586 -83.935717,33.977671 -83.93564,33.977734 -83.935538,33.97776 -83.935409,33.977735 -83.935243,33.977687 -83.935017,33.977559 -83.934606,33.97742 -83.934514,33.977373 -83.934429,33.977317 -83.934354,33.977253 -83.93429,33.97718 -83.934237,33.977101 -83.934197,33.977014 -83.934107,33.976872 -83.933996,33.976764 -83.933831,33.976673 -83.933752,33.976611 -83.933662,33.976561 -83.933565,33.976523 -83.933461,33.976498 -83.933354,33.976487 -83.933246,33.97649 -83.93308,33.976523 -83.932782,33.976638 -83.932577,33.976799 -83.932438,33.976865 -83.932234,33.977009 -83.932136,33.977094 -83.932045,33.97714 -83.931872,33.977202 -83.931762,33.977196 -83.931656,33.977179 -83.931554,33.97715 -83.931457,33.977109 -83.931369,33.977057 -83.93129,33.976996 -83.931219,33.976922 -83.931096,33.976814 -83.930994,33.976751 -83.930922,33.976696 -83.930842,33.976598 -83.930823,33.976528 -83.930774,33.97643 -83.930712,33.976357 -83.93064,33.976289 -83.93056,33.976229 -83.930472,33.976176 -83.930378,33.976132 -83.930278,33.976097 -83.930175,33.976071 -83.930068,33.976055 -83.929906,33.97605 -83.92935,33.976045 -83.928805,33.976014 -83.928697,33.976018 -83.928589,33.976017 -83.928481,33.97601 -83.928374,33.975997 -83.928269,33.975978 -83.928164,33.975954 -83.928062,33.975925 -83.927963,33.97589 -83.927866,33.975849 -83.927773,33.975804 -83.927683,33.975754 -83.927578,33.975686 -83.927353,33.975523 -83.927209,33.975458 -83.927157,33.975439 -83.927065,33.975358 -83.926956,33.97518 -83.926894,33.975107 -83.926805,33.975057 -83.926636,33.975041 -83.925902,33.975014 -83.925796,33.974999 -83.925697,33.974962 -83.925612,33.974907 -83.925546,33.974836 -83.925503,33.974753 -83.925486,33.974619 -83.925484,33.974383 -83.925546,33.974113 -83.925697,33.973706 -83.925821,33.973482 -83.925912,33.973283 -83.92613,33.973061 -83.926203,33.972995 -83.926282,33.972933 -83.926366,33.972876 -83.926454,33.972823 -83.926546,33.972776 -83.926641,33.972734 -83.92674,33.972698 -83.926842,33.972667 -83.926946,33.972642 -83.927051,33.972623 -83.927158,33.97261 -83.927266,33.972603 -83.927427,33.972603 -83.927633,33.972569 -83.927867,33.972488 -83.928144,33.972372 -83.92825,33.972349 -83.928345,33.972307 -83.928431,33.972252 -83.928505,33.972186 -83.928596,33.972051 -83.928636,33.971825 -83.928601,33.97164 -83.928527,33.971358 -83.928493,33.971273 -83.928449,33.971191 -83.928396,33.971112 -83.928334,33.971038 -83.928264,33.97097 -83.928186,33.970907 -83.928101,33.970851 -83.928011,33.970802 -83.927915,33.970761 -83.927814,33.970727 -83.927711,33.970702 -83.927512,33.970677 -83.926623,33.970594 -83.926255,33.970602 -83.925775,33.970538 -83.924834,33.970435 -83.924726,33.970426 -83.924622,33.970404 -83.924522,33.970368 -83.924431,33.970321 -83.924349,33.970262 -83.924278,33.970194 -83.924186,33.970052 -83.924032,33.969681 -83.924022,33.969501 -83.92403,33.969274 -83.924066,33.96917 -83.924122,33.969066 -83.924135,33.969005 -83.924127,33.968927 -83.924037,33.968811 -83.923841,33.96871 -83.92376,33.96869 -83.923435,33.968612 -83.923225,33.968607 -83.922983,33.968627 -83.922804,33.968649 -83.922571,33.968629 -83.922466,33.968608 -83.922366,33.968573 -83.922274,33.968526 -83.922191,33.968468 -83.92212,33.9684 -83.922063,33.968324 -83.922002,33.968191 -83.921937,33.967945 -83.921865,33.967628 -83.921853,33.967374 -83.921867,33.967261 -83.921879,33.967217 -83.921966,33.967141 -83.922052,33.967091 -83.922128,33.967005 -83.922345,33.966818 -83.922452,33.966768 -83.922548,33.966736 -83.922655,33.966677 -83.922769,33.966553 -83.922857,33.966409 -83.922925,33.966337 -83.922962,33.966247 -83.923086,33.966101 -83.923244,33.96597 -83.92333,33.965944 -83.923443,33.965883 -83.923555,33.965829 -83.923635,33.965746 -83.923801,33.965623 -83.923864,33.965532 -83.923884,33.96544 -83.923947,33.96535 -83.923984,33.965273 -83.924003,33.965166 -83.923998,33.965103 -83.924022,33.965015 -83.924068,33.964934 -83.924178,33.964831 -83.924265,33.964778 -83.924334,33.964709 -83.92438,33.964628 -83.924401,33.964539 -83.9244,33.96445 -83.924424,33.964384 -83.924477,33.964332 -83.924583,33.964302 -83.924749,33.964299 -83.92484,33.964284 -83.924965,33.964214 -83.925325,33.963917 -83.925923,33.963613 -83.925975,33.963593 -83.926095,33.963568 -83.926258,33.963515 -83.926501,33.963387 -83.926614,33.963319 -83.926746,33.963202 -83.926817,33.963111 -83.926882,33.962978 -83.926957,33.962782 -83.926996,33.962469 -83.926926,33.962403 -83.926805,33.962439 -83.925773,33.96272 -83.925293,33.962819 -83.924819,33.962869 -83.92472,33.96288 -83.924363,33.962912 -83.924178,33.962929 -83.92347,33.962974 -83.923413,33.962969 -83.922653,33.962912 -83.922593,33.962902 -83.921887,33.962709 -83.920954,33.962347 -83.920582,33.96229 -83.920565,33.962288 -83.920159,33.96229 -83.9196,33.962389 -83.918266,33.962641 -83.917955,33.962701 -83.917739,33.962743 -83.917191,33.962942 -83.916321,33.96331 -83.915867,33.963504 -83.913525,33.964366 -83.913034,33.964481 -83.912472,33.964638 -83.912387,33.964655 -83.912345,33.964667 -83.909188,33.965361 -83.908438,33.965554 -83.908481,33.965167 -83.908596,33.96454 -83.908644,33.964395 -83.908825,33.963943 -83.909066,33.963454 -83.909465,33.962719 -83.910122,33.961784 -83.91037,33.961477 -83.910224,33.96132 -83.909876,33.960944 -83.909744,33.9608 -83.909587,33.960619 -83.909485,33.960474 -83.909424,33.960371 -83.909382,33.960281 -83.909277,33.960003 -83.909238,33.959622 -83.909216,33.959295 -83.909183,33.959115 -83.909009,33.957643 -83.90895,33.957364 -83.908911,33.957201 -83.908798,33.95701 -83.908669,33.956832 -83.908482,33.956589 -83.908271,33.956208 -83.908219,33.955982 -83.908196,33.955793 -83.90818,33.95538 -83.908189,33.955331 -83.90818,33.955064 -83.90823,33.9548 -83.908252,33.954548 -83.908283,33.954206 -83.908403,33.953662 -83.908589,33.952824 -83.908725,33.952364 -83.908875,33.951955 -83.9091,33.951572 -83.909386,33.951141 -83.909652,33.950835 -83.909917,33.950566 -83.909988,33.950534 -83.910399,33.950358 -83.910679,33.95026 -83.911061,33.950082 -83.911309,33.949875 -83.911515,33.94958 -83.911569,33.949343 -83.911579,33.949056 -83.911471,33.948728 -83.911163,33.948106 -83.91105,33.947778 -83.910986,33.947589 -83.910952,33.9473 -83.910984,33.946813 -83.91099,33.946524 -83.91101,33.946423 -83.911014,33.945722 -83.910387,33.945684 -83.910306,33.945677 -83.909832,33.945638 -83.909086,33.945578 -83.90852,33.945525 -83.908137,33.94547 -83.907912,33.945428 -83.907578,33.945312 -83.907132,33.945126 -83.906501,33.944817 -83.906136,33.94463 -83.906135,33.944501 -83.90612,33.944406 -83.906087,33.944288 -83.906008,33.94413 -83.905982,33.944067 -83.906012,33.944005 -83.906086,33.94378 -83.906081,33.94367 -83.906084,33.943576 -83.906116,33.943476 -83.906118,33.943413 -83.906065,33.943334 -83.905921,33.943173 -83.905913,33.943119 -83.90586,33.943039 -83.905824,33.942976 -83.905808,33.942905 -83.905803,33.942787 -83.905769,33.9427 -83.905659,33.942627 -83.905576,33.942586 -83.905541,33.942499 -83.905554,33.942406 -83.905591,33.942301 -83.905669,33.942217 -83.905784,33.942142 -83.905908,33.942106 -83.906042,33.942023 -83.906243,33.941911 -83.906368,33.941836 -83.906427,33.941767 -83.906487,33.941579 -83.90653,33.941496 -83.906586,33.94142 -83.906656,33.941351 -83.906736,33.941291 -83.90685,33.94123 -83.907088,33.941119 -83.907186,33.941033 -83.907089,33.940829 -83.907018,33.94071 -83.90691,33.94059 -83.906774,33.940477 -83.906691,33.94042 -83.906625,33.940434 -83.90652,33.940486 -83.906453,33.940524 -83.906378,33.940522 -83.906104,33.940296 -83.905912,33.940174 -83.905839,33.940117 -83.90574,33.93999 -83.905669,33.939886 -83.905658,33.939675 -83.905615,33.939556 -83.905518,33.939398 -83.9053,33.939129 -83.905156,33.938866 -83.904937,33.938577 -83.90472,33.938353 -83.904556,33.938239 -83.904465,33.938151 -83.904377,33.938 -83.90428,33.93781 -83.904136,33.937642 -83.903985,33.937404 -83.903811,33.937047 -83.90373,33.936952 -83.903603,33.936815 -83.903451,33.936608 -83.903363,33.93645 -83.903266,33.936291 -83.903157,33.936186 -83.903075,33.936114 -83.902966,33.936009 -83.902923,33.935899 -83.902713,33.935495 -83.9026,33.935249 -83.90209,33.934298 -83.902032,33.934078 -83.901925,33.933797 -83.901782,33.93359 -83.901614,33.93332 -83.901455,33.93305 -83.901348,33.932899 -83.900671,33.93197 -83.900329,33.931763 -83.900238,33.931682 -83.900159,33.931621 -83.900122,33.931523 -83.900101,33.931327 -83.900097,33.93117 -83.900071,33.930955 -83.900042,33.930869 -83.899997,33.930787 -83.899938,33.930712 -83.899864,33.930646 -83.899421,33.930395 -83.899226,33.930343 -83.899137,33.930223 -83.899063,33.930182 -83.898922,33.930194 -83.898712,33.930033 -83.898547,33.929927 -83.898353,33.929836 -83.898168,33.929769 -83.897972,33.929748 -83.897822,33.929737 -83.897702,33.929679 -83.897639,33.929622 -83.897307,33.92945 -83.896985,33.92927 -83.896691,33.929098 -83.896488,33.928999 -83.896119,33.928841 -83.89538,33.92851 -83.894949,33.928324 -83.894781,33.928251 -83.8946,33.928173 -83.894332,33.928041 -83.894126,33.927833 -83.894052,33.927753 -83.894013,33.927669 -83.89395,33.927596 -83.893867,33.927539 -83.893686,33.927485 -83.893491,33.927441 -83.893354,33.927418 -83.893272,33.927264 -83.893221,33.927122 -83.893109,33.926767 -83.893054,33.926547 -83.893063,33.926312 -83.893108,33.925844 -83.89319,33.925392 -83.893303,33.924711 -83.893328,33.924624 -83.893402,33.924459 -83.893498,33.924342 -83.893884,33.923983 -83.894101,33.923707 -83.894237,33.923561 -83.894338,33.923368 -83.894305,33.923271 -83.894286,33.923182 -83.894229,33.923009 -83.894192,33.922924 -83.894102,33.92276 -83.893991,33.922605 -83.893861,33.922462 -83.893789,33.922394 -83.893633,33.92227 -83.893461,33.922161 -83.89337,33.922112 -83.893195,33.922034 -83.89288,33.921916 -83.892706,33.921818 -83.892598,33.921682 -83.892453,33.92153 -83.892189,33.92132 -83.892018,33.92112 -83.8919,33.921023 -83.891642,33.920876 -83.890949,33.920592 -83.890459,33.9204 -83.890088,33.920266 -83.889652,33.920145 -83.889477,33.920047 -83.889121,33.919788 -83.888891,33.919657 -83.888764,33.919528 -83.888666,33.919393 -83.888493,33.91924 -83.888327,33.919029 -83.888204,33.918822 -83.888008,33.918528 -83.887931,33.91833 -83.887861,33.918172 -83.88784,33.917984 -83.887865,33.917812 -83.887927,33.917658 -83.888018,33.91748 -83.888072,33.917286 -83.888097,33.917122 -83.88808,33.916809 -83.88804,33.916483 -83.887967,33.916184 -83.887962,33.915809 -83.887948,33.915652 -83.887867,33.915485 -83.88777,33.915324 -83.887658,33.91517 -83.887532,33.915024 -83.887464,33.914954 -83.88734,33.914839 -83.887073,33.914715 -83.886615,33.914485 -83.886379,33.914366 -83.886082,33.914189 -83.88562,33.913947 -83.885468,33.913828 -83.885343,33.91371 -83.885208,33.913614 -83.88485,33.913336 -83.884723,33.913287 -83.884526,33.913128 -83.884408,33.913079 -83.884179,33.913027 -83.883998,33.91293 -83.883827,33.912826 -83.883675,33.912691 -83.883507,33.912487 -83.88331,33.912329 -83.883112,33.912201 -83.882894,33.912126 -83.882683,33.91209 -83.88238,33.912059 -83.882244,33.91201 -83.882072,33.911913 -83.88183,33.91173 -83.881709,33.91152 -83.881676,33.911411 -83.881605,33.911332 -83.881588,33.911286 -83.88159,33.911225 -83.881647,33.91118 -83.881647,33.911057 -83.88168,33.910904 -83.881793,33.910592 -83.881909,33.91018 -83.881979,33.910043 -83.881992,33.909954 -83.881994,33.909864 -83.881984,33.909774 -83.881964,33.909686 -83.881922,33.909573 -83.881719,33.90933 -83.881389,33.909022 -83.881293,33.908889 -83.881257,33.908804 -83.881239,33.908715 -83.881241,33.908625 -83.881263,33.908537 -83.881348,33.90839 -83.881484,33.908186 -83.881564,33.908027 -83.881559,33.907912 -83.881526,33.907796 -83.881439,33.90767 -83.881269,33.907512 -83.881125,33.907417 -83.880838,33.907202 -83.880516,33.906948 -83.880443,33.906882 -83.880358,33.906825 -83.880265,33.90678 -83.880165,33.906747 -83.88006,33.906726 -83.879952,33.906719 -83.879777,33.906737 -83.87932,33.906879 -83.879031,33.906964 -83.878706,33.907048 -83.878266,33.907128 -83.878159,33.907139 -83.878051,33.907141 -83.877943,33.907134 -83.877837,33.907119 -83.877733,33.907095 -83.8776,33.907051 -83.877516,33.906994 -83.877428,33.906954 -83.877246,33.906896 -83.87708,33.906891 -83.876839,33.906924 -83.876382,33.906966 -83.876274,33.906961 -83.876168,33.906942 -83.876068,33.906908 -83.875944,33.906839 -83.875709,33.906695 -83.875512,33.906552 -83.875318,33.906301 -83.875176,33.906167 -83.875007,33.905998 -83.874642,33.905631 -83.874474,33.905457 -83.87432,33.905377 -83.874221,33.905305 -83.874107,33.905156 -83.874,33.905053 -83.873919,33.90499 -83.873783,33.90494 -83.873218,33.90488 -83.873018,33.904798 -83.872883,33.904733 -83.872858,33.904663 -83.872813,33.904608 -83.872742,33.904537 -83.872642,33.904504 -83.872523,33.904493 -83.872412,33.90449 -83.872286,33.904426 -83.872141,33.904338 -83.871613,33.90417 -83.87137,33.904127 -83.871296,33.904073 -83.871199,33.904034 -83.871092,33.904024 -83.870947,33.904058 -83.870877,33.904081 -83.870787,33.904079 -83.870729,33.904044 -83.870633,33.903942 -83.870516,33.903865 -83.870379,33.903803 -83.870274,33.90378 -83.870172,33.903753 -83.870086,33.903699 -83.870027,33.903624 -83.87,33.903536 -83.869958,33.903305 -83.869927,33.903219 -83.869882,33.903137 -83.869824,33.903061 -83.869751,33.902989 -83.869615,33.902886 -83.869497,33.90285 -83.869368,33.902822 -83.869261,33.902769 -83.869135,33.902675 -83.869049,33.902548 -83.868942,33.902479 -83.868844,33.902443 -83.868676,33.902405 -83.868509,33.902335 -83.868161,33.902043 -83.867939,33.901863 -83.867716,33.901691 -83.86753,33.901595 -83.867363,33.901533 -83.867247,33.90147 -83.867118,33.90141 -83.867013,33.901299 -83.866839,33.901129 -83.866755,33.900985 -83.866681,33.900826 -83.866637,33.900683 -83.866609,33.900569 -83.866505,33.900464 -83.866447,33.900413 -83.866369,33.900377 -83.866299,33.900376 -83.866228,33.900399 -83.866187,33.900447 -83.866134,33.900529 -83.866073,33.900569 -83.865923,33.900565 -83.865895,33.90054 -83.865826,33.900496 -83.865789,33.900429 -83.865791,33.900363 -83.865728,33.900187 -83.865575,33.900025 -83.865497,33.899973 -83.865399,33.899921 -83.865312,33.899852 -83.86513,33.899648 -83.865092,33.899557 -83.865021,33.89949 -83.864858,33.899454 -83.864753,33.899439 -83.864543,33.899183 -83.864461,33.899126 -83.864354,33.899084 -83.863969,33.898974 -83.863662,33.898908 -83.863275,33.898874 -83.863065,33.898893 -83.862814,33.898953 -83.862513,33.899004 -83.862233,33.899022 -83.862065,33.899001 -83.861877,33.898963 -83.861719,33.898909 -83.861583,33.898822 -83.861447,33.898719 -83.861341,33.898633 -83.861223,33.898584 -83.861116,33.898524 -83.861044,33.898457 -83.860984,33.898382 -83.860936,33.89827 -83.860909,33.898178 -83.860875,33.898092 -83.860823,33.898013 -83.860757,33.897943 -83.860593,33.897837 -83.860437,33.897742 -83.860291,33.897647 -83.860184,33.897586 -83.859884,33.897337 -83.859719,33.897217 -83.859553,33.897121 -83.859459,33.897078 -83.85936,33.897041 -83.859258,33.897011 -83.859153,33.896989 -83.859047,33.896974 -83.858939,33.896966 -83.858492,33.896978 -83.858185,33.896945 -83.857838,33.896878 -83.85768,33.896857 -83.857361,33.896841 -83.857202,33.896828 -83.857099,33.896855 -83.856999,33.896888 -83.856903,33.896929 -83.856757,33.897008 -83.856671,33.897062 -83.856576,33.897104 -83.856474,33.897134 -83.856284,33.897154 -83.856177,33.897143 -83.85607,33.897153 -83.855969,33.897183 -83.855821,33.897283 -83.855638,33.89737 -83.855497,33.897416 -83.855357,33.897438 -83.855238,33.897418 -83.8549,33.897384 -83.854542,33.897363 -83.854364,33.897333 -83.854197,33.897263 -83.853914,33.897122 -83.853589,33.897014 -83.853402,33.896943 -83.853224,33.896914 -83.852926,33.896881 -83.852718,33.896843 -83.85257,33.896806 -83.85249,33.89682 -83.852389,33.896867 -83.852121,33.897093 -83.852039,33.897151 -83.851868,33.897195 -83.851738,33.897216 -83.851476,33.897309 -83.851292,33.897429 -83.851221,33.897469 -83.85112,33.8975 -83.851009,33.897543 -83.850917,33.897598 -83.850783,33.897728 -83.85075,33.897802 -83.850697,33.8979 -83.850623,33.89799 -83.850522,33.898045 -83.850401,33.898075 -83.850111,33.898101 -83.85003,33.898132 -83.849899,33.898171 -83.849629,33.898213 -83.84946,33.898201 -83.849371,33.898174 -83.849293,33.89813 -83.849192,33.897895 -83.849118,33.897743 -83.848986,33.897541 -83.848832,33.897404 -83.848756,33.897302 -83.8487,33.897193 -83.848554,33.897037 -83.848419,33.896978 -83.848302,33.896917 -83.848143,33.896896 -83.847994,33.896867 -83.84767,33.896759 -83.847582,33.896707 -83.847524,33.896656 -83.847486,33.896605 -83.84739,33.896519 -83.847301,33.896484 -83.847172,33.896464 -83.847064,33.896428 -83.846947,33.896358 -83.84685,33.896281 -83.846793,33.896221 -83.846724,33.896203 -83.846584,33.8962 -83.846414,33.896228 -83.846163,33.896288 -83.845912,33.896332 -83.845642,33.896358 -83.845343,33.896359 -83.845205,33.896314 -83.845108,33.896253 -83.844964,33.896108 -83.844908,33.895999 -83.844881,33.895915 -83.844905,33.895816 -83.844959,33.895684 -83.845103,33.895563 -83.845146,33.895473 -83.845148,33.895423 -83.8451,33.89538 -83.844991,33.895353 -83.844812,33.895348 -83.844708,33.895325 -83.844609,33.89529 -83.844517,33.895241 -83.844256,33.895043 -83.844167,33.895016 -83.844047,33.895021 -83.843857,33.895041 -83.843748,33.89503 -83.843622,33.894935 -83.843417,33.894806 -83.843309,33.894786 -83.843184,33.894775 -83.845287,33.893099 -83.847986,33.89095 -83.849085,33.890076 -83.850979,33.888569 -83.85309,33.886885 -83.855066,33.88531 -83.855915,33.884632 -83.859732,33.881584 -83.862433,33.879429 -83.863704,33.878409 -83.869007,33.874159 -83.870275,33.873131 -83.870369,33.87306 -83.870844,33.872678 -83.871426,33.872209 -83.874842,33.869461 -83.875437,33.868982 -83.875607,33.868844 -83.875822,33.868672 -83.876072,33.868471 -83.876739,33.867933 -83.877578,33.86726 -83.877734,33.867135 -83.879098,33.86604 -83.879161,33.86599 -83.883755,33.862327 -83.885151,33.861216 -83.887776,33.859126 -83.888899,33.858232 -83.88901,33.858143 -83.891165,33.856427 -83.891458,33.856194 -83.89261,33.855276 -83.89384,33.854288 -83.893937,33.85421 -83.894293,33.853925 -83.894595,33.853684 -83.895752,33.852755 -83.896004,33.852552 -83.896671,33.852016 -83.897448,33.851394 -83.898552,33.850511 -83.89886,33.850264 -83.899111,33.850064 -83.899675,33.849611 -83.900343,33.849074 -83.901479,33.848162 -83.901939,33.847794 -83.903824,33.846364 -83.903892,33.846313 -83.905469,33.845117 -83.906848,33.844071 -83.907642,33.843469 -83.908381,33.842908 -83.908465,33.842845 -83.913008,33.8394 -83.913054,33.839365 -83.915503,33.837504 -83.915924,33.837191 -83.916314,33.836894 -83.917433,33.836045 -83.917606,33.835914 -83.917801,33.835767 -83.920238,33.833919 -83.920382,33.83381 -83.921383,33.833051 -83.923759,33.831259 -83.925116,33.830236 -83.925182,33.830186 -83.927442,33.828482 -83.927569,33.828386 -83.927791,33.828219 -83.928264,33.827862 -83.928587,33.827619 -83.92938,33.827021 -83.930977,33.825817 -83.932111,33.824953 -83.932324,33.824791 -83.935147,33.822643 -83.938425,33.820143 -83.942485,33.817052 -83.942507,33.817036 -83.945999,33.814372 -83.946064,33.814323 -83.946788,33.813782 -83.947585,33.813178 -83.949555,33.811682 -83.951529,33.810181 -83.953902,33.808398 -83.954686,33.807804 -83.95471,33.807787 -83.956358,33.806566 -83.956454,33.806466 -83.956558,33.806388 -83.95766,33.805554 -83.957681,33.805538 -83.9609,33.803101 -83.96093,33.803079 -83.961694,33.802501 -83.965025,33.79998 -83.965101,33.799922 -83.965621,33.799528 -83.966462,33.79886 -83.966688,33.798679 -83.9669,33.798515 -83.967224,33.798257 -83.970146,33.795933 -83.971794,33.794608 -83.972609,33.793952 -83.972651,33.793917 -83.972759,33.793831 -83.974369,33.792537 -83.974792,33.792198 -83.975636,33.79151 -83.977299,33.790154 -83.9778,33.789746 -83.979655,33.788234 -83.981537,33.786701 -83.981563,33.786678 -83.982201,33.78616 -83.982033,33.786054 -83.979668,33.784558 -83.979274,33.784308 -83.978452,33.783799 -83.972904,33.780381 -83.972661,33.780233 -83.970978,33.779189 -83.963768,33.774682 -83.961445,33.773238 -83.957798,33.770969 -83.95776,33.770945 -83.954499,33.76892 -83.953332,33.768034 -83.95066,33.766521 -83.948032,33.764891 -83.943605,33.76212 -83.942333,33.761322 -83.9423,33.761301 -83.940102,33.759922 -83.938778,33.759102 -83.933994,33.756131 -83.932263,33.755062 -83.928725,33.752845 -83.928668,33.752809 -83.927843,33.7523 -83.927225,33.751912 -83.926909,33.751714 -83.926304,33.751336 -83.924484,33.750198 -83.92432,33.750098 -83.919777,33.747311 -83.915623,33.744702 -83.915547,33.744654 -83.915453,33.744596 -83.914823,33.744203 -83.914809,33.744081 -83.914815,33.743875 -83.914823,33.743668 -83.914828,33.743302 -83.914872,33.743103 -83.914953,33.742913 -83.915143,33.742646 -83.915155,33.742635 -83.915259,33.742549 -83.915436,33.742431 -83.915568,33.742348 -83.915611,33.742286 -83.915607,33.742154 -83.915586,33.742037 -83.915428,33.741867 -83.915272,33.741574 -83.915251,33.741475 -83.915209,33.741387 -83.915143,33.741285 -83.915049,33.741169 -83.915002,33.741095 -83.914965,33.740997 -83.914965,33.740851 -83.91501,33.740681 -83.915025,33.740464 -83.915019,33.740285 -83.915093,33.740142 -83.915163,33.739851 -83.915143,33.739606 -83.915149,33.739437 -83.915179,33.739328 -83.915221,33.739237 -83.915398,33.739139 -83.915541,33.739051 -83.915639,33.73895 -83.915719,33.738811 -83.915745,33.738738 -83.915746,33.738615 -83.915805,33.738515 -83.915891,33.738409 -83.91626,33.737986 -83.916422,33.737766 -83.916525,33.73765 -83.916603,33.737616 -83.916726,33.737594 -83.916906,33.737571 -83.917029,33.737549 -83.917189,33.73746 -83.917442,33.737259 -83.917485,33.737202 -83.917527,33.737106 -83.917518,33.737027 -83.917516,33.736947 -83.917495,33.736832 -83.91737,33.736544 -83.917336,33.736464 -83.917286,33.736314 -83.917259,33.736197 -83.917237,33.736056 -83.917262,33.735962 -83.917319,33.735814 -83.917393,33.735648 -83.917401,33.735565 -83.917397,33.735302 -83.917394,33.735024 -83.917406,33.734873 -83.917362,33.734754 -83.917314,33.734642 -83.917282,33.734379 -83.917289,33.734256 -83.917303,33.734162 -83.917266,33.734064 -83.91712,33.733917 -83.917078,33.733842 -83.917047,33.733754 -83.917039,33.733679 -83.917064,33.733598 -83.917055,33.73349 -83.916999,33.73335 -83.916868,33.733136 -83.916807,33.733001 -83.916752,33.732857 -83.916663,33.732402 -83.91653,33.731984 -83.916219,33.731447 -83.916107,33.731281 -83.916058,33.731178 -83.916067,33.731103 -83.916087,33.731027 -83.916155,33.730893 -83.91628,33.730759 -83.916641,33.730411 -83.916728,33.730334 -83.916814,33.730205 -83.916982,33.729852 -83.917032,33.729658 -83.91711,33.729451 -83.917145,33.729342 -83.917166,33.729299 -83.917237,33.729208 -83.917345,33.729093 -83.917471,33.728967 -83.917585,33.728833 -83.917643,33.728737 -83.917727,33.728547 -83.917783,33.728367 -83.91785,33.7282 -83.918,33.727954 -83.918176,33.727653 -83.918324,33.727372 -83.918359,33.727258 -83.918382,33.727098 -83.918386,33.726876 -83.918378,33.726627 -83.918423,33.726485 -83.918457,33.726314 -83.91848,33.726144 -83.91851,33.726059 -83.918534,33.725745 -83.918507,33.725619 -83.918485,33.725487 -83.918411,33.725291 -83.918334,33.725175 -83.918249,33.724989 -83.918252,33.724914 -83.918299,33.724795 -83.918329,33.7247 -83.91832,33.724418 -83.91835,33.724328 -83.918426,33.724236 -83.918535,33.724116 -83.918593,33.724016 -83.91863,33.723935 -83.918698,33.723764 -83.918661,33.723524 -83.918625,33.72344 -83.918642,33.723303 -83.918529,33.723145 -83.918485,33.723019 -83.918446,33.722841 -83.918423,33.72247 -83.918416,33.722286 -83.918385,33.722184 -83.918313,33.722068 -83.918124,33.721794 -83.918118,33.721687 -83.918123,33.721557 -83.918092,33.721451 -83.917969,33.721123 -83.917832,33.720937 -83.917358,33.720601 -83.917215,33.720485 -83.917172,33.720403 -83.917105,33.720332 -83.91703,33.720268 -83.916892,33.720129 -83.916828,33.720057 -83.916771,33.71998 -83.916721,33.7199 -83.916678,33.719818 -83.916644,33.719732 -83.916579,33.71966 -83.916499,33.7196 -83.916123,33.719423 -83.916028,33.719381 -83.915941,33.719328 -83.915865,33.719264 -83.915801,33.719192 -83.91575,33.719113 -83.915575,33.718885 -83.915514,33.718811 -83.915466,33.71873 -83.915429,33.718646 -83.915401,33.718559 -83.915384,33.71847 -83.915376,33.71838 -83.915376,33.71829 -83.915385,33.7182 -83.915403,33.718111 -83.915429,33.718024 -83.915464,33.717939 -83.915528,33.71782 -83.915598,33.717688 -83.915668,33.7176 -83.91572,33.717521 -83.91584,33.717372 -83.915906,33.717301 -83.916051,33.717167 -83.916135,33.717111 -83.916227,33.717063 -83.916325,33.717026 -83.916431,33.71701 -83.916528,33.716972 -83.91661,33.716913 -83.916671,33.71684 -83.916708,33.716755 -83.916715,33.716665 -83.916708,33.716576 -83.916684,33.716488 -83.916646,33.716404 -83.916423,33.716095 -83.916247,33.715868 -83.916178,33.715799 -83.916099,33.715738 -83.916011,33.715686 -83.915916,33.715643 -83.915714,33.715581 -83.915482,33.715497 -83.91488,33.715165 -83.914313,33.714737 -83.914185,33.714573 -83.914215,33.71418 -83.914225,33.713959 -83.91425,33.713709 -83.914268,33.713572 -83.914253,33.713539 -83.914243,33.713502 -83.914113,33.713335 -83.914034,33.713282 -83.9139,33.71319 -83.913729,33.713137 -83.913558,33.713071 -83.913415,33.713007 -83.913345,33.712977 -83.91328,33.712889 -83.913244,33.712809 -83.913229,33.712697 -83.913247,33.712583 -83.913266,33.712503 -83.913306,33.712443 -83.913499,33.712207 -83.913775,33.711927 -83.913949,33.711743 -83.914059,33.711656 -83.914106,33.711579 -83.914233,33.711341 -83.914297,33.711137 -83.914304,33.711128 -83.914305,33.71111 -83.914325,33.711046 -83.914464,33.710826 -83.914577,33.710677 -83.914753,33.710537 -83.914969,33.710443 -83.915153,33.710385 -83.915349,33.710333 -83.915535,33.710314 -83.915835,33.71035 -83.91593,33.710333 -83.916002,33.710294 -83.916095,33.710212 -83.916501,33.709519 -83.916954,33.708941 -83.917389,33.708446 -83.917488,33.708369 -83.917593,33.708319 -83.917706,33.708307 -83.917813,33.708309 -83.917954,33.708329 -83.91812,33.708387 -83.918636,33.70883 -83.918727,33.70887 -83.91883,33.708896 -83.918949,33.708912 -83.919101,33.708908 -83.919275,33.708895 -83.919381,33.708869 -83.919465,33.708862 -83.919578,33.708873 -83.919664,33.7089 -83.919763,33.708969 -83.919833,33.709047 -83.91987,33.709145 -83.919902,33.709253 -83.919944,33.709337 -83.920027,33.709452 -83.920097,33.709531 -83.920195,33.709599 -83.920385,33.709717 -83.920591,33.70982 -83.920689,33.709879 -83.920873,33.709974 -83.921256,33.710134 -83.921558,33.710259 -83.921661,33.710308 -83.921822,33.710403 -83.922065,33.710586 -83.922342,33.710782 -83.922412,33.710855 -83.922596,33.710964 -83.922791,33.711068 -83.922916,33.7111 -83.923048,33.711149 -83.923257,33.711181 -83.923466,33.711195 -83.923646,33.711182 -83.923904,33.711157 -83.924106,33.711124 -83.924267,33.711049 -83.924355,33.710993 -83.925054,33.710515 -83.925135,33.710407 -83.925142,33.710391 -83.92524,33.710183 -83.925259,33.710061 -83.925253,33.70996 -83.925243,33.709774 -83.925242,33.709745 -83.925233,33.709637 -83.925212,33.709525 -83.92515,33.709352 -83.92502,33.709157 -83.924859,33.708898 -83.924709,33.708628 -83.924635,33.708456 -83.924614,33.708329 -83.924597,33.708169 -83.924593,33.708038 -83.924604,33.707868 -83.924713,33.707427 -83.924809,33.70726 -83.924889,33.70715 -83.92501,33.707044 -83.925141,33.706921 -83.925252,33.706871 -83.92534,33.706812 -83.925427,33.706711 -83.925489,33.706564 -83.925523,33.706394 -83.925517,33.706229 -83.925466,33.706032 -83.925392,33.705855 -83.925266,33.705642 -83.925119,33.705445 -83.924949,33.705261 -83.924512,33.704814 -83.924341,33.704597 -83.924174,33.704333 -83.923911,33.703889 -83.923886,33.703805 -83.923877,33.703697 -83.923879,33.703264 -83.923891,33.702851 -83.923884,33.702634 -83.92385,33.702474 -83.923785,33.702221 -83.923671,33.702016 -83.923557,33.701792 -83.923507,33.701651 -83.923473,33.701485 -83.923437,33.701401 -83.923302,33.701243 -83.923207,33.701099 -83.923099,33.700922 -83.923042,33.700725 -83.923029,33.700508 -83.923104,33.700224 -83.923134,33.700069 -83.923146,33.699946 -83.923118,33.699777 -83.923087,33.699514 -83.922983,33.699124 -83.92293,33.698896 -83.922888,33.698614 -83.922809,33.698266 -83.92273,33.697948 -83.922693,33.697835 -83.922567,33.697614 -83.922393,33.697288 -83.922205,33.696914 -83.921852,33.696318 -83.921588,33.695826 -83.921265,33.695277 -83.920985,33.694834 -83.920857,33.694601 -83.920743,33.694345 -83.920645,33.694103 -83.92058,33.693521 -83.920546,33.693168 -83.920575,33.69288 -83.920551,33.692151 -83.920548,33.691899 -83.920533,33.691791 -83.920501,33.691689 -83.920375,33.691456 -83.920079,33.691103 -83.919563,33.690748 -83.919148,33.690471 -83.91871,33.690198 -83.918514,33.690043 -83.918223,33.689777 -83.918175,33.689693 -83.918144,33.689614 -83.918123,33.68949 -83.918141,33.689357 -83.91817,33.68922 -83.918238,33.689044 -83.918327,33.688859 -83.919041,33.688145 -83.919177,33.688022 -83.919248,33.68793 -83.919294,33.687793 -83.919362,33.687655 -83.919387,33.687541 -83.919427,33.687413 -83.919507,33.687275 -83.919689,33.687029 -83.919787,33.686887 -83.91989,33.686611 -83.919946,33.686431 -83.919991,33.686251 -83.920042,33.686099 -83.92006,33.686059 -83.92011,33.685956 -83.920222,33.68577 -83.920401,33.685577 -83.920505,33.685481 -83.920672,33.685411 -83.920789,33.685394 -83.920902,33.685405 -83.921425,33.68552 -83.92164,33.685553 -83.921893,33.685558 -83.922022,33.685546 -83.92214,33.68552 -83.922267,33.68546 -83.922372,33.685378 -83.922474,33.685243 -83.92248,33.685232 -83.922576,33.685086 -83.922627,33.684953 -83.922633,33.684792 -83.922604,33.684581 -83.922583,33.68432 -83.922534,33.683853 -83.92253,33.68374 -83.922567,33.683654 -83.922724,33.683467 -83.922937,33.683274 -83.923078,33.683129 -83.923148,33.683033 -83.923195,33.682919 -83.923202,33.682787 -83.92318,33.682656 -83.922798,33.682161 -83.922611,33.681958 -83.922516,33.681829 -83.922484,33.681712 -83.922475,33.681609 -83.922489,33.681533 -83.922524,33.681456 -83.92258,33.681397 -83.922691,33.681352 -83.922781,33.681335 -83.922927,33.681337 -83.923086,33.681366 -83.923239,33.6814 -83.923368,33.681387 -83.923485,33.681347 -83.923635,33.681273 -83.923802,33.681226 -83.923948,33.681199 -83.924122,33.681195 -83.924268,33.681178 -83.924408,33.681151 -83.924491,33.681106 -83.924583,33.681005 -83.92463,33.680887 -83.924642,33.680754 -83.924616,33.680647 -83.924538,33.680517 -83.92448,33.680457 -83.924478,33.680396 -83.924422,33.680232 -83.924281,33.680052 -83.924013,33.679814 -83.923769,33.679584 -83.923659,33.679497 -83.923368,33.679367 -83.923229,33.679258 -83.923163,33.679156 -83.923095,33.678974 -83.923074,33.678852 -83.923109,33.678707 -83.923226,33.678361 -83.923285,33.678091 -83.923374,33.677727 -83.923413,33.677398 -83.923414,33.677015 -83.923409,33.676928 -83.923363,33.676731 -83.923293,33.676507 -83.92325,33.676395 -83.923366,33.676377 -83.923356,33.676331 -83.923354,33.67627 -83.923348,33.676209 -83.923344,33.676137 -83.923351,33.676039 -83.923363,33.675957 -83.923371,33.675869 -83.923377,33.675772 -83.923386,33.675691 -83.923393,33.675594 -83.923432,33.675544 -83.923437,33.675483 -83.923428,33.675426 -83.923503,33.675207 -83.923548,33.675061 -83.923574,33.674996 -83.923601,33.674918 -83.923618,33.674847 -83.923633,33.67472 -83.923613,33.674645 -83.923572,33.674599 -83.923544,33.674549 -83.923495,33.674511 -83.923404,33.674455 -83.923293,33.674351 -83.923228,33.674261 -83.923154,33.674207 -83.9231,33.674119 -83.923079,33.674035 -83.923078,33.673986 -83.923091,33.673854 -83.9232,33.673576 -83.923332,33.673098 -83.923417,33.672918 -83.923447,33.672804 -83.923475,33.672716 -83.923502,33.672645 -83.923573,33.672473 -83.923634,33.672306 -83.923645,33.672238 -83.923656,33.672154 -83.923655,33.672061 -83.923667,33.671971 -83.923687,33.671868 -83.923794,33.671603 -83.923815,33.67156 -83.92384,33.671489 -83.923872,33.671409 -83.923906,33.671315 -83.923965,33.671118 -83.924031,33.670903 -83.924078,33.670766 -83.924107,33.670665 -83.924137,33.670627 -83.924138,33.670576 -83.924161,33.670524 -83.924176,33.670484 -83.924246,33.670288 -83.924321,33.670007 -83.924353,33.66989 -83.924411,33.669749 -83.92442,33.669657 -83.924467,33.669487 -83.924484,33.669428 -83.924513,33.669318 -83.924527,33.669218 -83.924553,33.669071 -83.924584,33.66895 -83.924654,33.668726 -83.924729,33.668499 -83.924769,33.668369 -83.924828,33.668234 -83.924874,33.668124 -83.924915,33.667989 -83.92494,33.667883 -83.924972,33.667759 -83.924984,33.667659 -83.925011,33.667537 -83.925084,33.667329 -83.925114,33.667224 -83.925131,33.667143 -83.925173,33.66696 -83.925218,33.666806 -83.92526,33.666657 -83.925288,33.666576 -83.92539,33.666302 -83.925423,33.666239 -83.925569,33.665897 -83.925589,33.665816 -83.925592,33.665576 -83.925578,33.665325 -83.925621,33.665116 -83.925691,33.664837 -83.925757,33.664623 -83.925846,33.664438 -83.925975,33.664242 -83.926468,33.663672 -83.9267,33.663365 -83.92673,33.66332 -83.927005,33.662915 -83.927278,33.662643 -83.92738,33.662523 -83.927492,33.662332 -83.927709,33.662096 -83.927937,33.661811 -83.928034,33.661693 -83.928109,33.661595 -83.928443,33.661162 -83.928929,33.660512 -83.929047,33.660353 -83.929358,33.6599 -83.929587,33.659544 -83.929716,33.659346 -83.929921,33.658894 -83.929983,33.658589 -83.930043,33.658352 -83.930049,33.65821 -83.930106,33.658063 -83.930213,33.657712 -83.930236,33.657416 -83.930215,33.657295 -83.930156,33.657203 -83.930111,33.657072 -83.930099,33.657055 -83.930033,33.656895 -83.929994,33.65675 -83.929991,33.656651 -83.930014,33.656514 -83.930113,33.656271 -83.930153,33.656115 -83.930123,33.655911 -83.930074,33.655888 -83.930082,33.655676 -83.93002,33.655504 -83.929981,33.655373 -83.929975,33.655185 -83.93003,33.654971 -83.930035,33.654956 -83.930138,33.654686 -83.930151,33.654559 -83.93024,33.654027 -83.930297,33.653546 -83.930381,33.653228 -83.930452,33.652979 -83.930622,33.652509 -83.930726,33.652184 -83.930754,33.652101 -83.930863,33.651823 -83.930997,33.651617 -83.931237,33.651307 -83.931268,33.651259 -83.931304,33.651075 -83.931362,33.65054 -83.931382,33.65036 -83.931367,33.650337 -83.931349,33.650325 -83.93127,33.650297 -83.931179,33.650248 -83.931097,33.65019 -83.931032,33.650119 -83.930986,33.650038 -83.930965,33.649949 -83.930939,33.64977 -83.930934,33.64968 -83.930936,33.64913 -83.930937,33.649039 -83.931126,33.648244 -83.931195,33.64798 -83.931227,33.647802 -83.931245,33.647622 -83.931254,33.647352 -83.931254,33.647259 -83.931233,33.646895 -83.931201,33.646751 -83.931207,33.646584 -83.931119,33.646233 -83.931064,33.646058 -83.931027,33.645974 -83.930983,33.645892 -83.930931,33.645812 -83.930697,33.64551 -83.930636,33.645436 -83.930608,33.645405 -83.930548,33.64533 -83.930457,33.645236 -83.930355,33.645119 -83.930279,33.645055 -83.930197,33.644997 -83.930111,33.644943 -83.930021,33.644893 -83.929738,33.644763 -83.929545,33.644682 -83.929445,33.644649 -83.929343,33.644621 -83.929238,33.644598 -83.929008,33.644566 -83.928955,33.644554 -83.928917,33.644539 -83.928833,33.644485 -83.928802,33.644447 -83.928764,33.644371 -83.928734,33.644283 -83.928711,33.644196 -83.928696,33.644108 -83.928719,33.643929 -83.928719,33.643837 -83.928703,33.643749 -83.928667,33.64367 -83.928619,33.643585 -83.928566,33.643505 -83.928505,33.643433 -83.928436,33.643364 -83.928352,33.643303 -83.928261,33.643257 -83.928162,33.643219 -83.928062,33.643192 -83.927956,33.643177 -83.927849,33.643169 -83.927742,33.643169 -83.927422,33.6432 -83.927208,33.64323 -83.927086,33.643253 -83.926437,33.643337 -83.926331,33.643322 -83.926231,33.643276 -83.926163,33.643208 -83.926102,33.643135 -83.926048,33.643059 -83.926003,33.642979 -83.925926,33.642807 -83.925858,33.64262 -83.925804,33.642509 -83.925597,33.642069 -83.925552,33.641972 -83.925499,33.641796 -83.925468,33.641621 -83.925453,33.641438 -83.92546,33.641187 -83.925468,33.641079 -83.925481,33.641005 -83.925507,33.640903 -83.925537,33.640816 -83.925621,33.640648 -83.925682,33.640476 -83.925735,33.640312 -83.925964,33.639709 -83.926071,33.639362 -83.926163,33.639008 -83.926331,33.638248 -83.926422,33.637684 -83.926445,33.637413 -83.926453,33.637054 -83.926445,33.6366 -83.926422,33.636421 -83.926376,33.636246 -83.9263,33.635983 -83.926231,33.635815 -83.926033,33.635323 -83.925934,33.634941 -83.925858,33.634483 -83.92585,33.634396 -83.925835,33.634304 -83.925812,33.634216 -83.925781,33.634129 -83.925743,33.634045 -83.925697,33.633965 -83.925591,33.633808 -83.925385,33.633492 -83.925334,33.633411 -83.925232,33.633251 -83.925117,33.633099 -83.924995,33.63295 -83.924927,33.632877 -83.924782,33.632748 -83.924706,33.632687 -83.924538,33.632576 -83.924446,33.632526 -83.924347,33.632481 -83.924255,33.632442 -83.924156,33.632408 -83.924049,33.632381 -83.923943,33.632362 -83.923843,33.632343 -83.923622,33.632328 -83.923515,33.632332 -83.923302,33.632324 -83.923088,33.632301 -83.922981,33.632286 -83.922874,33.632267 -83.922775,33.63224 -83.922577,33.632168 -83.922485,33.632126 -83.922394,33.632072 -83.922318,33.632015 -83.922241,33.631947 -83.922081,33.631744 -83.921951,33.631489 -83.921906,33.631313 -83.921898,33.631222 -83.921913,33.630863 -83.921877,33.630911 -83.921704,33.631021 -83.921479,33.631251 -83.921581,33.631307 -83.921655,33.631374 -83.921759,33.631513 -83.921874,33.631689 -83.921903,33.631741 -83.92193,33.631801 -83.921956,33.631877 -83.921982,33.632003 -83.922007,33.632212 -83.922031,33.632686 -83.922048,33.633319 -83.922057,33.63409 -83.922066,33.634828 -83.922078,33.635507 -83.922069,33.635738 -83.922044,33.635902 -83.922007,33.636034 -83.921941,33.636198 -83.921775,33.636555 -83.921671,33.636825 -83.921552,33.637146 -83.921493,33.637279 -83.921405,33.637433 -83.921311,33.63756 -83.921175,33.637716 -83.920842,33.638052 -83.920716,33.638197 -83.920648,33.638293 -83.920553,33.638463 -83.920465,33.638662 -83.920352,33.638977 -83.920252,33.639275 -83.920175,33.639457 -83.920111,33.63958 -83.920033,33.639694 -83.919939,33.639804 -83.919828,33.639914 -83.919682,33.640025 -83.919559,33.640103 -83.919301,33.640248 -83.919063,33.64037 -83.918805,33.640482 -83.918483,33.640604 -83.918182,33.640703 -83.917697,33.640851 -83.917444,33.640945 -83.916661,33.641272 -83.916111,33.641514 -83.915919,33.641606 -83.915757,33.641692 -83.915613,33.64178 -83.915486,33.641869 -83.915378,33.641958 -83.91524,33.642093 -83.915161,33.642187 -83.915032,33.642372 -83.914985,33.642449 -83.914947,33.642523 -83.914877,33.642468 -83.91475,33.642452 -83.914739,33.642265 -83.914701,33.642057 -83.914647,33.641851 -83.914585,33.641669 -83.914485,33.641426 -83.914233,33.6409 -83.914132,33.640673 -83.914054,33.640467 -83.914003,33.640288 -83.913954,33.64006 -83.913786,33.639088 -83.913682,33.638555 -83.913605,33.638233 -83.913535,33.637991 -83.913452,33.637754 -83.913327,33.637457 -83.913215,33.637239 -83.913095,33.637037 -83.912887,33.636716 -83.912547,33.636231 -83.912002,33.6355 -83.911895,33.635347 -83.911593,33.634931 -83.911434,33.634704 -83.911216,33.634344 -83.911106,33.634133 -83.911029,33.633958 -83.910966,33.633774 -83.910895,33.633517 -83.910837,33.633197 -83.910747,33.632517 -83.910658,33.631733 -83.910613,33.631408 -83.910566,33.631141 -83.910515,33.630939 -83.910443,33.630728 -83.910366,33.630542 -83.910277,33.630364 -83.910179,33.630205 -83.91004,33.630015 -83.909884,33.62983 -83.909767,33.629711 -83.909601,33.629556 -83.909378,33.629372 -83.909154,33.629215 -83.908983,33.62911 -83.908785,33.629008 -83.90854,33.628898 -83.908299,33.628805 -83.907967,33.628697 -83.904578,33.627692 -83.904099,33.62755 -83.902555,33.627066 -83.902507,33.62705 -83.902522,33.627186 -83.902542,33.627276 -83.902606,33.627429 -83.902659,33.627537 -83.902695,33.627654 -83.902715,33.627762 -83.902714,33.627881 -83.902689,33.628078 -83.90262,33.628342 -83.90256,33.628458 -83.902501,33.628706 -83.902325,33.62915 -83.902197,33.629654 -83.90205,33.630158 -83.901872,33.630814 -83.90178,33.631155 -83.901749,33.631323 -83.901514,33.63189 -83.901457,33.632066 -83.901435,33.632218 -83.901457,33.632354 -83.901555,33.632557 -83.90167,33.632751 -83.901877,33.632967 -83.902217,33.633228 -83.902319,33.633302 -83.902788,33.633488 -83.903018,33.633574 -83.903166,33.633646 -83.903278,33.63375 -83.903354,33.633854 -83.903386,33.63399 -83.903402,33.634195 -83.903493,33.634746 -83.903548,33.635034 -83.903695,33.635482 -83.903748,33.635723 -83.903956,33.636242 -83.904073,33.636497 -83.904208,33.636714 -83.904321,33.636848 -83.904679,33.637242 -83.904755,33.637339 -83.904797,33.637497 -83.904826,33.637565 -83.904977,33.637736 -83.905215,33.638072 -83.905465,33.638484 -83.905712,33.638819 -83.90684,33.640105 -83.906889,33.640219 -83.907078,33.640414 -83.907139,33.640524 -83.907181,33.64062 -83.907187,33.640733 -83.907153,33.640869 -83.906939,33.641225 -83.906847,33.641368 -83.906774,33.641447 -83.906722,33.641506 -83.906622,33.641589 -83.906432,33.641713 -83.906274,33.641803 -83.906083,33.641899 -83.905917,33.641957 -83.905764,33.641998 -83.905539,33.642031 -83.905319,33.642036 -83.905107,33.642057 -83.904972,33.642077 -83.904831,33.642118 -83.904691,33.642197 -83.904597,33.64228 -83.904466,33.642413 -83.904309,33.642541 -83.904037,33.64272 -83.9039,33.642853 -83.903806,33.642963 -83.903593,33.643228 -83.903547,33.643337 -83.903496,33.643429 -83.90348,33.643533 -83.903483,33.643617 -83.903516,33.643687 -83.903565,33.643764 -83.903613,33.643808 -83.903632,33.643905 -83.903635,33.644008 -83.903399,33.644577 -83.903281,33.644761 -83.903166,33.645023 -83.90303,33.645357 -83.902923,33.645528 -83.902866,33.645672 -83.902831,33.645782 -83.902799,33.645978 -83.902737,33.646193 -83.90253,33.646962 -83.902333,33.647556 -83.902156,33.648039 -83.902112,33.6482 -83.902039,33.648476 -83.901954,33.648724 -83.90192,33.648867 -83.901938,33.649046 -83.901712,33.649248 -83.901622,33.649351 -83.901344,33.649701 -83.901302,33.649766 -83.901264,33.649838 -83.901227,33.649953 -83.901172,33.650096 -83.901054,33.650312 -83.900954,33.650449 -83.900903,33.650501 -83.900828,33.650553 -83.900765,33.650591 -83.900678,33.650627 -83.900177,33.650727 -83.900029,33.65076 -83.899933,33.650786 -83.899822,33.65085 -83.899716,33.65093 -83.899514,33.65116 -83.899424,33.65124 -83.899362,33.651302 -83.899177,33.651428 -83.898939,33.651545 -83.898835,33.651584 -83.898671,33.651622 -83.898651,33.651626 -83.898275,33.651709 -83.898046,33.651744 -83.897761,33.651775 -83.897637,33.651801 -83.897553,33.651837 -83.897431,33.65191 -83.897294,33.652028 -83.897235,33.65207 -83.89716,33.652112 -83.897048,33.652159 -83.896904,33.652199 -83.896764,33.652213 -83.896683,33.652203 -83.89658,33.652192 -83.896553,33.652195 -83.896478,33.652226 -83.896243,33.652299 -83.896034,33.652338 -83.895675,33.652441 -83.895392,33.652552 -83.895301,33.652598 -83.895182,33.652648 -83.894998,33.652692 -83.894813,33.65272 -83.894714,33.652753 -83.894477,33.652914 -83.894431,33.652972 -83.894354,33.653099 -83.894285,33.653191 -83.894239,33.653267 -83.894153,33.653339 -83.894054,33.653389 -83.893796,33.653415 -83.8937,33.653438 -83.893582,33.653498 -83.893467,33.653571 -83.89338,33.653634 -83.893273,33.653684 -83.893177,33.653706 -83.893084,33.653675 -83.893026,33.653632 -83.892905,33.653524 -83.892807,33.653492 -83.892549,33.653498 -83.892397,33.653509 -83.892304,33.653521 -83.892193,33.653554 -83.892078,33.653624 -83.892004,33.65369 -83.891953,33.653755 -83.891932,33.65385 -83.891936,33.653954 -83.891959,33.654055 -83.891937,33.65412 -83.891827,33.654203 -83.89159,33.654337 -83.891128,33.654627 -83.891065,33.654676 -83.891023,33.654738 -83.891007,33.654859 -83.891006,33.654961 -83.890991,33.655015 -83.890977,33.655033 -83.890897,33.655085 -83.890843,33.655157 -83.890838,33.655234 -83.890873,33.655321 -83.890888,33.655408 -83.890896,33.655523 -83.890867,33.655615 -83.890776,33.655789 -83.890644,33.655967 -83.890543,33.656182 -83.890525,33.656267 -83.890525,33.656482 -83.890587,33.65666 -83.890593,33.656848 -83.8906,33.656936 -83.890578,33.656997 -83.890565,33.657098 -83.890605,33.657199 -83.89067,33.657319 -83.890746,33.657428 -83.89079,33.657531 -83.890896,33.657822 -83.890969,33.65806 -83.890989,33.658181 -83.890988,33.658275 -83.890943,33.658394 -83.89089,33.658483 -83.890722,33.658648 -83.89066,33.658711 -83.890617,33.65877 -83.890587,33.658831 -83.89053,33.658917 -83.890439,33.658989 -83.890325,33.65906 -83.890245,33.659095 -83.890161,33.659124 -83.889862,33.659202 -83.889702,33.659236 -83.889554,33.659277 -83.888761,33.659555 -83.88847,33.659676 -83.888244,33.659789 -83.888042,33.659895 -83.887975,33.659924 -83.887859,33.659957 -83.887787,33.659982 -83.887711,33.659991 -83.887634,33.659992 -83.887533,33.659985 -83.887407,33.659947 -83.887329,33.659908 -83.887205,33.65982 -83.887081,33.659722 -83.887002,33.65965 -83.88692,33.659608 -83.886802,33.659595 -83.886642,33.65962 -83.886582,33.65963 -83.886272,33.659919 -83.886247,33.659943 -83.886129,33.659989 -83.886151,33.659823 -83.886254,33.65944 -83.886291,33.659305 -83.88639,33.658397 -83.886957,33.655413 -83.88816,33.649097 -83.888305,33.646812 -83.888393,33.64368 -83.888506,33.639732 -83.88833,33.639002 -83.887802,33.636814 -83.887626,33.636085 -83.886849,33.635818 -83.884518,33.635018 -83.883821,33.634779 -83.883855,33.632365 -83.883858,33.631926 -83.886206,33.631944 -83.886036,33.630662 -83.885948,33.630685 -83.885817,33.630709 -83.885697,33.630706 -83.885553,33.630736 -83.885459,33.630766 -83.885416,33.630781 -83.88531,33.630805 -83.885186,33.630871 -83.884981,33.630939 -83.884837,33.630969 -83.884663,33.631036 -83.884465,33.631141 -83.884323,33.631223 -83.884162,33.6313 -83.883895,33.631417 -83.883684,33.631491 -83.883534,33.631537 -83.883484,33.631553 -83.883323,33.63161 -83.883198,33.631639 -83.882947,33.631661 -83.882857,33.631673 -83.882589,33.631706 -83.882391,33.631805 -83.882208,33.631988 -83.882113,33.632094 -83.882051,33.632166 -83.88197,33.632265 -83.881614,33.632314 -83.881311,33.632326 -83.880963,33.632316 -83.880945,33.632316 -83.880588,33.632225 -83.88031,33.632147 -83.880158,33.632123 -83.879984,33.632122 -83.880015,33.631216 -83.880013,33.630422 -83.875684,33.630435 -83.875684,33.630468 -83.875694,33.632049 -83.875675,33.633909 -83.875479,33.633897 -83.87518,33.633875 -83.87513,33.633872 -83.874817,33.633849 -83.874594,33.633834 -83.874095,33.633815 -83.873876,33.633814 -83.873563,33.633814 -83.873125,33.633813 -83.872357,33.633813 -83.871811,33.633803 -83.871665,33.633801 -83.871374,33.633785 -83.871057,33.63376 -83.870373,33.633735 -83.869596,33.633719 -83.868286,33.633719 -83.867439,33.633705 -83.867439,33.633782 -83.867437,33.63478 -83.867436,33.635055 -83.867436,33.635392 -83.867435,33.635614 -83.867434,33.635715 -83.867434,33.636124 -83.86743,33.636653 -83.867426,33.637259 -83.867345,33.637263 -83.865965,33.637272 -83.865225,33.637276 -83.864428,33.637281 -83.864297,33.637282 -83.864296,33.637509 -83.864295,33.638005 -83.864293,33.638582 -83.864292,33.638805 -83.863847,33.638812 -83.858479,33.638878 -83.858534,33.638956 -83.858555,33.639044 -83.858568,33.639133 -83.85858,33.639403 -83.858606,33.639673 -83.858622,33.639762 -83.858711,33.640115 -83.858724,33.640204 -83.85873,33.640294 -83.858729,33.640384 -83.858702,33.640636 -83.858701,33.640653 -83.858639,33.64101 -83.858649,33.6411 -83.858683,33.641185 -83.858672,33.641364 -83.858648,33.641543 -83.858608,33.641721 -83.858581,33.641808 -83.858541,33.641891 -83.858489,33.64197 -83.858446,33.642053 -83.858417,33.64214 -83.858402,33.642229 -83.858347,33.642403 -83.858326,33.642491 -83.858253,33.642938 -83.858214,33.643115 -83.858182,33.643201 -83.858096,33.643366 -83.858057,33.64345 -83.858023,33.643536 -83.857966,33.643612 -83.8579,33.643784 -83.857848,33.643862 -83.857778,33.643931 -83.857729,33.644011 -83.857662,33.644082 -83.857604,33.644158 -83.857506,33.644318 -83.857442,33.64439 -83.857416,33.644477 -83.857346,33.644648 -83.857297,33.644823 -83.857269,33.645002 -83.857232,33.645086 -83.857174,33.645162 -83.857139,33.645247 -83.85705,33.645507 -83.856989,33.64566 -83.856958,33.645766 -83.856941,33.645855 -83.856912,33.645942 -83.856877,33.646027 -83.856838,33.646156 -83.856799,33.646289 -83.856635,33.646718 -83.856616,33.646752 -83.85661,33.646906 -83.856583,33.646976 -83.85659,33.647068 -83.856583,33.647144 -83.856583,33.647682 -83.856575,33.647774 -83.856613,33.647953 -83.856628,33.647968 -83.856621,33.647991 -83.856628,33.648052 -83.856651,33.648163 -83.856689,33.648277 -83.856682,33.648354 -83.856674,33.648705 -83.856667,33.648754 -83.856636,33.648828 -83.856623,33.648865 -83.856508,33.648736 -83.856199,33.648753 -83.856079,33.648761 -83.855842,33.648891 -83.855392,33.648974 -83.854935,33.648985 -83.854622,33.649003 -83.854425,33.649055 -83.854264,33.649099 -83.854027,33.649243 -83.853829,33.649498 -83.853585,33.649777 -83.85344,33.650005 -83.853311,33.650222 -83.853258,33.650333 -83.853159,33.650511 -83.85309,33.650675 -83.853036,33.650789 -83.852937,33.651114 -83.852846,33.651342 -83.852747,33.651506 -83.852571,33.651787 -83.852418,33.651989 -83.852214,33.652207 -83.852046,33.652408 -83.85184,33.652701 -83.85155,33.653149 -83.851527,33.653185 -83.851435,33.653425 -83.851336,33.653563 -83.851154,33.653668 -83.850986,33.653821 -83.85078,33.654038 -83.850666,33.65414 -83.850536,33.654457 -83.850436,33.654429 -83.850327,33.654404 -83.849868,33.654339 -83.849281,33.65427 -83.849029,33.654235 -83.848925,33.654226 -83.848875,33.654227 -83.848618,33.654285 -83.848298,33.654156 -83.848068,33.65408 -83.847827,33.654012 -83.847711,33.653985 -83.84744,33.653921 -83.845853,33.653608 -83.844755,33.653395 -83.843474,33.653143 -83.842974,33.653022 -83.842898,33.652998 -83.842673,33.652923 -83.842419,33.652825 -83.842112,33.652684 -83.841902,33.652574 -83.841665,33.652431 -83.841413,33.652258 -83.841202,33.652095 -83.839672,33.650811 -83.836999,33.648561 -83.836701,33.648291 -83.836527,33.648112 -83.836334,33.647891 -83.836196,33.647716 -83.836049,33.647512 -83.835887,33.647267 -83.835748,33.647013 -83.835613,33.646736 -83.835537,33.646549 -83.835415,33.646203 -83.835329,33.645878 -83.835289,33.64567 -83.835255,33.645459 -83.835225,33.64505 -83.83522,33.644787 -83.835223,33.644704 -83.835278,33.642876 -83.835333,33.641066 -83.835358,33.639884 -83.835364,33.638828 -83.835368,33.637963 -83.835368,33.637834 -83.835369,33.637803 -83.835369,33.637689 -83.835374,33.636376 -83.835376,33.63602 -83.835377,33.635514 -83.835383,33.634 -83.835386,33.633495 -83.835386,33.633369 -83.835387,33.633338 -83.835387,33.633134 -83.835388,33.633084 -83.835391,33.632262 -83.8354,33.629091 -83.835395,33.628569 -83.835382,33.628361 -83.83538,33.628311 -83.83535,33.628092 -83.835311,33.627912 -83.835239,33.627674 -83.835152,33.627449 -83.835088,33.627318 -83.835004,33.627179 -83.834982,33.627148 -83.834857,33.626964 -83.834705,33.626773 -83.834575,33.626629 -83.834548,33.6266 -83.834352,33.626413 -83.83419,33.626279 -83.834084,33.626201 -83.834005,33.626144 -83.833904,33.62608 -83.83383,33.626032 -83.833662,33.625936 -83.833489,33.625848 -83.83325,33.625741 -83.83304,33.625659 -83.832816,33.625573 -83.831967,33.625259 -83.831464,33.625074 -83.830057,33.624544 -83.829424,33.62431 -83.828575,33.623998 -83.828349,33.623914 -83.827775,33.623692 -83.827494,33.623572 -83.827389,33.62352 -83.827281,33.623468 -83.827035,33.623336 -83.826712,33.623133 -83.826516,33.622993 -83.826247,33.622779 -83.826045,33.622602 -83.825884,33.622438 -83.825723,33.622259 -83.825542,33.622029 -83.82539,33.621817 -83.825181,33.621477 -83.825026,33.621143 -83.824955,33.620964 -83.824819,33.620557 -83.824507,33.619538 -83.824491,33.619489 -83.824582,33.61947 -83.824771,33.619426 -83.824864,33.619405 -83.825985,33.619161 -83.826213,33.619112 -83.82636,33.619081 -83.826514,33.619027 -83.826512,33.618786 -83.826512,33.618469 -83.826517,33.618071 -83.826517,33.617961 -83.826244,33.617963 -83.825202,33.617967 -83.824244,33.61797 -83.824022,33.617974 -83.823957,33.617757 -83.823946,33.617713 -83.823936,33.617687 -83.823913,33.617607 -83.823824,33.617289 -83.823795,33.617183 -83.823783,33.616827 -83.823738,33.616345 -83.823738,33.616036 -83.823777,33.615716 -83.823923,33.615093 -83.824074,33.61474 -83.824349,33.614212 -83.824405,33.614084 -83.824441,33.613981 -83.824494,33.613859 -83.82457,33.613695 -83.824666,33.613513 -83.824958,33.612968 -83.825056,33.612787 -83.825148,33.612614 -83.825172,33.612571 -83.82464,33.61246 -83.823766,33.612297 -83.823717,33.612288 -83.822957,33.61216 -83.822176,33.612044 -83.821656,33.611975 -83.821017,33.611897 -83.8205,33.611842 -83.819505,33.611753 -83.819469,33.61175 -83.818077,33.61165 -83.815866,33.611495 -83.815416,33.611464 -83.812319,33.611238 -83.809388,33.611031 -83.809237,33.611019 -83.807377,33.610883 -83.806679,33.610831 -83.806525,33.61082 -83.806047,33.610785 -83.805635,33.610754 -83.805287,33.610729 -83.805124,33.610717 -83.804917,33.610701 -83.804675,33.610684 -83.804375,33.610662 -83.804299,33.610656 -83.804149,33.610653 -83.804093,33.61064 -83.80417,33.610523 -83.804287,33.610411 -83.804429,33.610308 -83.804488,33.610266 -83.804529,33.610242 -83.804803,33.610254 -83.805057,33.610302 -83.805881,33.610459 -83.806407,33.61039 -83.806824,33.610359 -83.807168,33.610334 -83.807188,33.610293 -83.807167,33.610044 -83.806964,33.609775 -83.806332,33.609446 -83.806176,33.609267 -83.805951,33.609058 -83.805673,33.608732 -83.805382,33.60824 -83.805266,33.60804 -83.804957,33.607605 -83.804715,33.607317 -83.804607,33.607046 -83.804645,33.606648 -83.804769,33.606139 -83.804647,33.605827 -83.804408,33.605649 -83.804169,33.605553 -83.803945,33.60539 -83.803851,33.605143 -83.804067,33.604818 -83.805322,33.604061 -83.805856,33.603625 -83.806099,33.603303 -83.806218,33.603146 -83.806589,33.602551 -83.806829,33.602396 -83.80704,33.602354 -83.807317,33.60229 -83.807575,33.602227 -83.807637,33.602223 -83.808145,33.602195 -83.808371,33.601809 -83.808187,33.60161 -83.808346,33.601256 -83.808505,33.601269 -83.808946,33.601922 -83.811053,33.601909 -83.811403,33.601041 -83.810902,33.600505 -83.811796,33.599553 -83.812558,33.598128 -83.812231,33.597302 -83.812287,33.597226 -83.812317,33.597164 -83.812307,33.59709 -83.81228,33.59701 -83.812277,33.596902 -83.812248,33.596761 -83.812236,33.596654 -83.812193,33.59656 -83.812116,33.596427 -83.811998,33.596274 -83.81185,33.59617 -83.811735,33.596098 -83.811545,33.595961 -83.811354,33.595803 -83.811237,33.595671 -83.811177,33.595544 -83.811149,33.595451 -83.81109,33.595351 -83.811014,33.595271 -83.810891,33.595193 -83.810687,33.59511 -83.810425,33.594988 -83.809673,33.594675 -83.809591,33.594616 -83.809524,33.594536 -83.809472,33.594443 -83.809444,33.594329 -83.809442,33.594248 -83.809446,33.594127 -83.809419,33.59404 -83.809304,33.593981 -83.809112,33.594013 -83.80892,33.594058 -83.808768,33.594102 -83.808341,33.594125 -83.80823,33.594161 -83.808111,33.594218 -83.808096,33.594221 -83.807991,33.594251 -83.807902,33.594246 -83.80782,33.594207 -83.80773,33.594149 -83.807645,33.594043 -83.807561,33.593923 -83.807497,33.593695 -83.807491,33.593513 -83.80752,33.593148 -83.807596,33.592845 -83.807691,33.592477 -83.807785,33.592142 -83.807829,33.591988 -83.807856,33.591911 -83.807872,33.591861 -83.80794,33.591666 -83.808053,33.590978 -83.808059,33.590949 -83.808165,33.590503 -83.80819,33.590416 -83.808229,33.590331 -83.808279,33.590252 -83.808342,33.590179 -83.808569,33.589986 -83.808658,33.589936 -83.808759,33.589905 -83.808862,33.589879 -83.808967,33.58986 -83.809181,33.589838 -83.809288,33.589836 -83.809394,33.58982 -83.809495,33.589789 -83.809582,33.589754 -83.809593,33.589751 -83.809684,33.589703 -83.80978,33.589663 -83.810088,33.589581 -83.810274,33.589542 -83.810465,33.58946 -83.810553,33.589409 -83.810631,33.589347 -83.810699,33.589277 -83.810755,33.5892 -83.810796,33.589117 -83.81082,33.589029 -83.810828,33.588939 -83.810818,33.58885 -83.810796,33.588761 -83.810762,33.588676 -83.810716,33.588594 -83.81066,33.588518 -83.810592,33.588448 -83.810516,33.588384 -83.810431,33.588329 -83.810242,33.588242 -83.810048,33.588164 -83.809876,33.588104 -83.809774,33.588075 -83.809677,33.588036 -83.809567,33.587985 -83.809479,33.587933 -83.809414,33.587862 -83.809376,33.587784 -83.809351,33.587694 -83.809312,33.587613 -83.809268,33.587301 -83.809246,33.5872 -83.809221,33.586987 -83.809188,33.586917 -83.809138,33.586842 -83.809038,33.586768 -83.808976,33.586695 -83.808952,33.586608 -83.80898,33.586522 -83.80905,33.586453 -83.809131,33.586394 -83.809484,33.586207 -83.80964,33.586153 -83.80976,33.58612 -83.810017,33.585992 -83.810189,33.585892 -83.810287,33.585855 -83.81039,33.585829 -83.810496,33.585814 -83.810604,33.585811 -83.81071,33.585824 -83.810813,33.585852 -83.810908,33.585894 -83.810985,33.585956 -83.811046,33.586052 -83.811124,33.586213 -83.811241,33.586429 -83.81133,33.586564 -83.811424,33.586678 -83.811555,33.586787 -83.811735,33.5869 -83.811944,33.586986 -83.812034,33.587034 -83.812141,33.587038 -83.812246,33.58702 -83.812332,33.586966 -83.812405,33.5869 -83.812462,33.586823 -83.812514,33.586744 -83.812575,33.586637 -83.812614,33.586514 -83.81288,33.585945 -83.813039,33.5857 -83.813205,33.585397 -83.813225,33.58537 -83.813356,33.585201 -83.81348,33.585081 -83.813568,33.585043 -83.813657,33.584993 -83.813739,33.584934 -83.813811,33.584867 -83.813871,33.584793 -83.81408,33.584377 -83.814175,33.584216 -83.814285,33.584061 -83.814343,33.583985 -83.814413,33.583917 -83.814498,33.583862 -83.814578,33.583801 -83.814652,33.583736 -83.814718,33.583665 -83.814779,33.583591 -83.815,33.583281 -83.815065,33.583209 -83.815137,33.583142 -83.815222,33.583088 -83.815318,33.583047 -83.815424,33.58303 -83.815531,33.58303 -83.815636,33.583049 -83.815842,33.583102 -83.815938,33.583143 -83.816024,33.583197 -83.816142,33.583261 -83.816253,33.58328 -83.81637,33.583228 -83.816422,33.583109 -83.816408,33.582934 -83.816407,33.582754 -83.816415,33.582664 -83.816448,33.582486 -83.816473,33.582398 -83.816503,33.582312 -83.81654,33.582227 -83.816584,33.582145 -83.816633,33.582065 -83.816808,33.581838 -83.817447,33.581058 -83.817486,33.581011 -83.817686,33.580755 -83.817793,33.580599 -83.817823,33.580513 -83.817825,33.580423 -83.817819,33.580333 -83.817804,33.580244 -83.817779,33.580156 -83.817744,33.580071 -83.817659,33.579905 -83.817607,33.579776 -83.817568,33.579693 -83.817544,33.579605 -83.817536,33.579515 -83.817545,33.579425 -83.817571,33.579338 -83.817611,33.579255 -83.817681,33.579186 -83.81784,33.579088 -83.817923,33.579023 -83.817976,33.578945 -83.818001,33.578858 -83.817994,33.578768 -83.817973,33.578671 -83.81787,33.578519 -83.817671,33.578308 -83.817554,33.578157 -83.817506,33.578006 -83.817517,33.577914 -83.817537,33.577826 -83.817579,33.577743 -83.817617,33.577652 -83.817771,33.577408 -83.817933,33.577166 -83.818056,33.577013 -83.818126,33.576953 -83.818214,33.576892 -83.818304,33.576843 -83.818399,33.5768 -83.8185,33.57677 -83.818593,33.576725 -83.818675,33.576668 -83.818714,33.576583 -83.818747,33.576498 -83.818843,33.576146 -83.818898,33.57588 -83.818955,33.575585 -83.819002,33.575431 -83.819057,33.575315 -83.819095,33.575276 -83.819154,33.575187 -83.819241,33.575082 -83.819393,33.574929 -83.819674,33.574681 -83.819904,33.57451 -83.820087,33.574319 -83.820249,33.574084 -83.820392,33.57379 -83.820467,33.573664 -83.820545,33.573545 -83.820573,33.573507 -83.820663,33.573389 -83.820767,33.573268 -83.820872,33.573147 -83.820955,33.573007 -83.821024,33.572868 -83.821107,33.57264 -83.821154,33.572584 -83.821234,33.572534 -83.821315,33.572505 -83.821397,33.57251 -83.821596,33.57256 -83.821778,33.572618 -83.821902,33.572649 -83.821975,33.572648 -83.822041,33.572632 -83.822081,33.572611 -83.822136,33.572555 -83.822134,33.572486 -83.822094,33.572261 -83.822089,33.572244 -83.821948,33.571791 -83.821977,33.57168 -83.822007,33.571604 -83.822228,33.571331 -83.822298,33.57122 -83.82235,33.571075 -83.822394,33.570902 -83.82241,33.570813 -83.822418,33.570723 -83.822418,33.570633 -83.82241,33.570543 -83.822394,33.570454 -83.82237,33.570366 -83.822339,33.57028 -83.8223,33.570196 -83.822202,33.570036 -83.822091,33.569881 -83.821966,33.569734 -83.821388,33.569084 -83.821125,33.568799 -83.821076,33.568718 -83.821049,33.568631 -83.821036,33.568542 -83.821034,33.568452 -83.821052,33.568363 -83.821088,33.568278 -83.821199,33.568124 -83.821362,33.56789 -83.821419,33.567814 -83.821465,33.567733 -83.821497,33.567647 -83.821521,33.567468 -83.821525,33.567378 -83.82152,33.567207 -83.821504,33.566997 -83.821504,33.566985 -83.821406,33.56674 -83.821311,33.566584 -83.821171,33.566306 -83.821134,33.566177 -83.821105,33.56604 -83.821075,33.565869 -83.821078,33.565732 -83.821115,33.565608 -83.821208,33.565421 -83.821301,33.565281 -83.82136,33.565157 -83.821435,33.56488 -83.821492,33.564731 -83.821574,33.56456 -83.821684,33.564417 -83.821766,33.564231 -83.822159,33.563565 -83.822215,33.563488 -83.822249,33.563403 -83.822261,33.563314 -83.822244,33.563225 -83.822199,33.563143 -83.822139,33.563069 -83.822065,33.563003 -83.821409,33.562468 -83.821356,33.56239 -83.821311,33.562308 -83.821295,33.562219 -83.82131,33.56213 -83.821359,33.562043 -83.821414,33.561973 -83.821487,33.561907 -83.821572,33.561852 -83.82165,33.56179 -83.821718,33.56172 -83.821779,33.561646 -83.821835,33.561569 -83.821876,33.561486 -83.821901,33.561398 -83.821906,33.561319 -83.821943,33.561272 -83.822072,33.561055 -83.82204,33.560452 -83.821984,33.56005 -83.821833,33.559713 -83.821869,33.559486 -83.821896,33.559332 -83.821935,33.559155 -83.82199,33.559031 -83.822244,33.55904 -83.822475,33.558823 -83.822438,33.558634 -83.82245,33.558607 -83.822471,33.558534 -83.822483,33.558413 -83.822498,33.558281 -83.822511,33.557939 -83.822548,33.557744 -83.822566,33.557602 -83.82256,33.557513 -83.822606,33.557363 -83.822685,33.557225 -83.822852,33.557036 -83.822893,33.556997 -83.823008,33.556891 -83.823084,33.556749 -83.823097,33.556743 -83.823511,33.556584 -83.823587,33.556611 -83.823752,33.556672 -83.823839,33.556691 -83.824043,33.556704 -83.824103,33.556704 -83.824127,33.55671 -83.824235,33.556727 -83.82445,33.55673 -83.824665,33.556726 -83.82488,33.556711 -83.825092,33.556681 -83.825255,33.556644 -83.8253,33.556635 -83.825401,33.556604 -83.825505,33.556579 -83.825624,33.556564 -83.826226,33.556445 -83.826632,33.556345 -83.826943,33.556274 -83.827077,33.556229 -83.827167,33.55617 -83.827257,33.556091 -83.827419,33.55589 -83.827661,33.555575 -83.827802,33.555348 -83.827958,33.555124 -83.828104,33.554973 -83.828211,33.554914 -83.828378,33.554861 -83.828586,33.554779 -83.82881,33.554703 -83.829053,33.554676 -83.829297,33.554664 -83.829516,33.554687 -83.82976,33.554667 -83.82986,33.554651 -83.829975,33.554571 -83.829998,33.554493 -83.830038,33.554156 -83.830019,33.553978 -83.829985,33.553637 -83.829803,33.553142 -83.829757,33.552764 -83.829704,33.552466 -83.829679,33.552319 -83.829595,33.55196 -83.829618,33.551875 -83.829734,33.551623 -83.829808,33.551437 -83.829837,33.551367 -83.829992,33.550936 -83.830097,33.55068 -83.830255,33.550345 -83.830382,33.550096 -83.83045,33.549925 -83.83048,33.549839 -83.8305,33.54975 -83.830511,33.54966 -83.830511,33.54957 -83.830499,33.549481 -83.8305,33.549322 -83.83053,33.549255 -83.830621,33.549158 -83.830704,33.549093 -83.83076,33.54906 -83.830845,33.549042 -83.830968,33.549055 -83.831122,33.549115 -83.83124,33.549239 -83.831339,33.549372 -83.83144,33.54956 -83.831523,33.54978 -83.831659,33.550197 -83.83172,33.550315 -83.831849,33.550502 -83.831957,33.550619 -83.832075,33.550717 -83.832123,33.550758 -83.832326,33.55088 -83.832557,33.550994 -83.83265,33.551044 -83.832583,33.551912 -83.832583,33.552127 -83.832584,33.552175 -83.832592,33.552264 -83.832625,33.552506 -83.832653,33.55263 -83.832728,33.55289 -83.832831,33.55313 -83.832932,33.55332 -83.833018,33.553459 -83.833113,33.553595 -83.833232,33.553749 -83.83336,33.553902 -83.833917,33.55454 -83.834199,33.554871 -83.834486,33.555189 -83.834633,33.555365 -83.834932,33.555669 -83.834941,33.555679 -83.835081,33.555796 -83.835272,33.555934 -83.835457,33.556055 -83.835587,33.556126 -83.835749,33.556201 -83.836263,33.556368 -83.83641,33.556402 -83.83655,33.556429 -83.83669,33.556467 -83.836833,33.556499 -83.836986,33.55654 -83.837174,33.556577 -83.837556,33.55664 -83.838396,33.556786 -83.838414,33.55679 -83.838787,33.556867 -83.838974,33.556912 -83.839248,33.556993 -83.839292,33.557008 -83.839322,33.556956 -83.839321,33.556892 -83.839287,33.556838 -83.839228,33.556793 -83.839152,33.556761 -83.838484,33.556578 -83.838326,33.556524 -83.838277,33.556498 -83.838239,33.556465 -83.838212,33.556427 -83.838189,33.556352 -83.838185,33.556275 -83.838194,33.556228 -83.83821,33.556178 -83.838253,33.556084 -83.838281,33.556041 -83.838474,33.555814 -83.838733,33.555527 -83.838948,33.555267 -83.839299,33.554793 -83.839457,33.554552 -83.839544,33.554433 -83.83966,33.554304 -83.839884,33.554084 -83.840018,33.554 -83.840228,33.553881 -83.840418,33.553758 -83.840526,33.553673 -83.840608,33.553589 -83.840723,33.553442 -83.840751,33.553409 -83.841116,33.552975 -83.841211,33.552851 -83.841326,33.55271 -83.84136,33.552678 -83.841476,33.552574 -83.841618,33.552485 -83.841813,33.552384 -83.841967,33.552309 -83.842319,33.552174 -83.84257,33.55209 -83.842954,33.552001 -83.843144,33.551973 -83.843441,33.551951 -83.844058,33.551948 -83.844952,33.551944 -83.845451,33.551934 -83.846478,33.551914 -83.846772,33.551913 -83.847213,33.551916 -83.846781,33.550916 -83.846332,33.549874 -83.845759,33.548488 -83.845503,33.54791 -83.845233,33.547296 -83.845076,33.546909 -83.844857,33.546367 -83.844727,33.54603 -83.844692,33.545938 -83.844656,33.545805 -83.844529,33.545331 -83.844432,33.544909 -83.844411,33.544605 -83.844409,33.544566 -83.844402,33.544274 -83.844403,33.543944 -83.844439,33.543537 -83.844483,33.543198 -83.844583,33.542759 -83.844658,33.542535 -83.844771,33.542199 -83.844981,33.54175 -83.845258,33.541227 -83.845512,33.540869 -83.845657,33.540677 -83.84579,33.540521 -83.845988,33.540274 -83.846061,33.540205 -83.846195,33.540076 -83.846318,33.539962 -83.84659,33.539685 -83.846721,33.539553 -83.846757,33.53952 -83.846904,33.539391 -83.847035,33.539275 -83.847053,33.539254 -83.847255,33.539046 -83.847476,33.538823 -83.847519,33.538781 -83.847839,33.538441 -83.848187,33.538019 -83.848225,33.537974 -83.848622,33.537507 -83.848865,33.537176 -83.849604,33.536067 -83.849704,33.535891 -83.849794,33.535738 -83.850115,33.535123 -83.850272,33.534823 -83.850468,33.534399 -83.850687,33.533897 -83.850701,33.533866 -83.850806,33.533581 -83.850901,33.533325 -83.85104,33.532871 -83.851278,33.532104 -83.851504,33.531325 -83.851636,33.530902 -83.851687,33.530724 -83.851781,33.530407 -83.851877,33.530003 -83.851892,33.529938 -83.852025,33.529424 -83.852047,33.528879 -83.852065,33.528472 -83.852059,33.527944 -83.852278,33.527961 -83.852564,33.527944 -83.853122,33.527824 -83.854559,33.527518 -83.856268,33.527164 -83.85889,33.527047 -83.859021,33.527056 -83.859363,33.527102 -83.859698,33.527178 -83.860151,33.527288 -83.860365,33.527355 -83.860566,33.52743 -83.860618,33.527448 -83.86103,33.527648 -83.861299,33.527789 -83.861544,33.527955 -83.861749,33.528101 -83.861939,33.528248 -83.862105,33.528414 -83.862382,33.528707 -83.862805,33.529228 -83.863178,33.529688 -83.863426,33.529996 -83.863611,33.530208 -83.864086,33.530697 -83.864334,33.53092 -83.864633,33.531175 -83.865004,33.531474 -83.865657,33.532005 -83.867515,33.53351 -83.867623,33.533597 -83.86916,33.534842 -83.869661,33.535248 -83.869869,33.535431 -83.870133,33.535682 -83.870362,33.53593 -83.870505,33.536106 -83.87067,33.536324 -83.870851,33.536597 -83.871094,33.536995 -83.872046,33.538572 -83.872157,33.538515 -83.872245,33.538464 -83.872342,33.538425 -83.872446,33.538401 -83.872657,33.538367 -83.872871,33.538351 -83.872979,33.538349 -83.873086,33.538352 -83.873194,33.538349 -83.873301,33.538339 -83.873406,33.53832 -83.873508,33.538292 -83.873602,33.538248 -83.873682,33.538188 -83.873747,33.538117 -83.873789,33.538034 -83.873825,33.537856 -83.873879,33.537682 -83.873951,33.537512 -83.873999,33.537432 -83.874061,33.537358 -83.874117,33.537281 -83.874158,33.537198 -83.874219,33.537123 -83.874295,33.537061 -83.874569,33.536918 -83.874852,33.536787 -83.875044,33.536706 -83.875144,33.536673 -83.875235,33.536625 -83.875314,33.536564 -83.875366,33.536485 -83.875445,33.536425 -83.875505,33.53635 -83.875524,33.536261 -83.875561,33.536177 -83.875614,33.536098 -83.875758,33.535965 -83.87584,33.535906 -83.876004,33.535674 -83.876085,33.535615 -83.876181,33.535575 -83.876259,33.535513 -83.876308,33.535433 -83.876365,33.535357 -83.876432,33.535286 -83.876489,33.535209 -83.876556,33.535139 -83.876714,33.535017 -83.876789,33.534952 -83.876858,33.534883 -83.876921,33.53481 -83.876994,33.534745 -83.877015,33.534657 -83.877001,33.534568 -83.876897,33.534411 -83.876861,33.534326 -83.876847,33.534237 -83.876793,33.534159 -83.876755,33.534075 -83.87672,33.533897 -83.8767,33.533717 -83.876718,33.533598 -83.876752,33.533489 -83.876817,33.533418 -83.876869,33.533339 -83.876932,33.533266 -83.877007,33.533201 -83.877074,33.53313 -83.877148,33.533066 -83.877231,33.533008 -83.877376,33.532874 -83.877528,33.532747 -83.87761,33.532689 -83.877683,33.532622 -83.877744,33.532548 -83.877885,33.532306 -83.877927,33.532223 -83.877993,33.532152 -83.878066,33.532085 -83.878128,33.532061 -83.878164,33.532049 -83.878258,33.532005 -83.878348,33.531956 -83.878435,33.531903 -83.878507,33.531836 -83.878561,33.531759 -83.878596,33.531673 -83.878607,33.531584 -83.878644,33.5315 -83.878692,33.531419 -83.87875,33.531343 -83.878815,33.531271 -83.878888,33.531205 -83.87895,33.531132 -83.879001,33.531052 -83.879028,33.530967 -83.878985,33.530885 -83.878904,33.530827 -83.878689,33.530813 -83.878582,33.530814 -83.878475,33.530808 -83.878368,33.530794 -83.878265,33.530769 -83.87816,33.530751 -83.878053,33.530741 -83.877838,33.530738 -83.877623,33.530722 -83.877305,33.530677 -83.8772,33.530659 -83.877093,33.530646 -83.876986,33.530639 -83.876878,33.530637 -83.876772,33.530622 -83.87667,33.530594 -83.876575,33.530552 -83.87649,33.530498 -83.876418,33.53043 -83.876364,33.530353 -83.87633,33.530267 -83.876308,33.530179 -83.8763,33.530089 -83.876302,33.529999 -83.876313,33.52991 -83.876358,33.529829 -83.876434,33.529765 -83.876517,33.529707 -83.876605,33.529656 -83.876699,33.529612 -83.876898,33.529542 -83.877089,33.529459 -83.877268,33.529361 -83.87734,33.529294 -83.87739,33.529214 -83.877428,33.52913 -83.877479,33.529051 -83.877544,33.528976 -83.877634,33.528931 -83.877718,33.528875 -83.877796,33.528812 -83.87786,33.52874 -83.877907,33.528659 -83.877985,33.528491 -83.878042,33.528318 -83.878093,33.528051 -83.878098,33.527961 -83.878119,33.527873 -83.878161,33.52779 -83.878259,33.52763 -83.878329,33.527561 -83.878412,33.527504 -83.878513,33.527475 -83.87874,33.527501 -83.878884,33.527552 -83.879066,33.527604 -83.879444,33.527776 -83.879638,33.527854 -83.879739,33.527885 -83.879949,33.527924 -83.880055,33.527937 -83.88027,33.527951 -83.880376,33.527938 -83.880476,33.527906 -83.880564,33.527854 -83.880636,33.527788 -83.880686,33.527708 -83.880741,33.527631 -83.880825,33.527576 -83.880931,33.527557 -83.881033,33.527528 -83.881415,33.527364 -83.88162,33.527308 -83.881915,33.5272 -83.882002,33.527146 -83.882136,33.527006 -83.882216,33.526947 -83.882426,33.526905 -83.882528,33.526878 -83.882634,33.526863 -83.882741,33.52686 -83.882841,33.526894 -83.882946,33.526913 -83.883053,33.526914 -83.883153,33.526883 -83.883258,33.526899 -83.883392,33.52704 -83.883461,33.527109 -83.883545,33.527166 -83.883638,33.52721 -83.883741,33.527233 -83.883849,33.527232 -83.883953,33.527212 -83.884049,33.52717 -83.88414,33.527123 -83.884227,33.52707 -83.884394,33.526955 -83.884652,33.526794 -83.884733,33.526734 -83.884806,33.526668 -83.884941,33.526527 -83.885014,33.526462 -83.885151,33.526322 -83.885209,33.526247 -83.885314,33.526082 -83.885378,33.526075 -83.885652,33.525742 -83.885637,33.525653 -83.885629,33.525564 -83.885628,33.525474 -83.885637,33.525384 -83.885667,33.525205 -83.885714,33.525029 -83.885745,33.524943 -83.885783,33.524859 -83.885873,33.524695 -83.885979,33.524538 -83.886098,33.524388 -83.886165,33.524318 -83.886246,33.524252 -83.886404,33.524139 -83.886485,33.524044 -83.886569,33.523972 -83.886638,33.523903 -83.886702,33.52383 -83.886761,33.523755 -83.886815,33.523677 -83.886864,33.523597 -83.886945,33.52343 -83.886977,33.523344 -83.88703,33.523169 -83.887063,33.523084 -83.887141,33.522916 -83.887479,33.522337 -83.88757,33.522202 -83.887895,33.521731 -83.888081,33.521523 -83.888276,33.521349 -83.88883,33.520866 -83.88909,33.520628 -83.889382,33.520334 -83.8896,33.520069 -83.889858,33.519775 -83.890051,33.519525 -83.890517,33.518859 -83.890563,33.518796 -83.890873,33.518284 -83.891006,33.518 -83.891075,33.517808 -83.891193,33.517865 -83.892685,33.518596 -83.894278,33.519397 -83.897581,33.520989 -83.900986,33.522655 -83.90431,33.524323 -83.90506,33.524694 -83.905553,33.524931 -83.908231,33.526219 -83.910639,33.527377 -83.917795,33.528145 -83.918925,33.528309 -83.92992,33.529901 -83.944915,33.531144 -83.947482,33.531356 -83.947488,33.53129 -83.94752,33.530908 -83.947542,33.530514 -83.947537,33.530364 -83.947795,33.530397 -83.948287,33.530467 -83.948449,33.530491 -83.948707,33.530516 -83.949086,33.530535 -83.950489,33.530567 -83.951058,33.530571 -83.951057,33.530651 -83.951024,33.53165 -83.952325,33.531758 -83.952296,33.533488 -83.952295,33.533577 -83.952281,33.534242 -83.95232,33.535666 -83.952345,33.53591 -83.952332,33.536211 -83.952257,33.536486 -83.952207,33.536762 -83.952107,33.537024 -83.952072,33.537135 -83.951943,33.53746 -83.951901,33.537601 -83.951653,33.538233 -83.951397,33.538739 -83.951271,33.538968 -83.950955,33.53948 -83.950835,33.53965 -83.950683,33.539881 -83.950328,33.540415 -83.950205,33.540606 -83.950155,33.540685 -83.950424,33.541192 -83.950506,33.541322 -83.950589,33.541422 -83.950691,33.541517 -83.950753,33.541565 -83.950863,33.541652 -83.95108,33.5418 -83.951264,33.541911 -83.951471,33.542011 -83.951565,33.542053 -83.951742,33.542142 -83.951841,33.542202 -83.951917,33.542259 -83.951975,33.542319 -83.952022,33.542383 -83.952079,33.542489 -83.952134,33.542615 -83.952157,33.542686 -83.952169,33.542755 -83.952176,33.542831 -83.952191,33.543567 -83.952228,33.544395 -83.952239,33.544857 -83.95224,33.544866 -83.952234,33.545182 -83.952201,33.545653 -83.952138,33.546315 -83.952102,33.546781 -83.952085,33.547288 -83.952384,33.547354 -83.95357,33.547592 -83.953812,33.547672 -83.954147,33.547729 -83.954422,33.547764 -83.954758,33.547783 -83.955055,33.547787 -83.955368,33.547771 -83.955851,33.547719 -83.956164,33.547661 -83.956523,33.547581 -83.956924,33.547492 -83.95748,33.547367 -83.957799,33.547296 -83.958276,33.547186 -83.958797,33.547068 -83.959259,33.546974 -83.959553,33.546924 -83.959716,33.546902 -83.959903,33.546878 -83.960203,33.546848 -83.96052,33.546824 -83.96063,33.546819 -83.960908,33.546812 -83.961792,33.546817 -83.961914,33.546819 -83.962342,33.546827 -83.9629,33.546836 -83.963497,33.546848 -83.964039,33.546858 -83.964577,33.546874 -83.965136,33.546891 -83.965241,33.546895 -83.96556,33.546911 -83.965666,33.546917 -83.966157,33.546951 -83.966495,33.546975 -83.966766,33.546997 -83.967628,33.547078 -83.968118,33.547127 -83.968361,33.54715 -83.96909,33.54722 -83.969334,33.547244 -83.96942,33.547252 -83.969768,33.547287 -83.970229,33.547342 -83.970787,33.547425 -83.971309,33.547516 -83.972359,33.547711 -83.972972,33.547825 -83.973222,33.547866 -83.973425,33.547888 -83.973762,33.547905 -83.974031,33.547905 -83.974232,33.547893 -83.97445,33.547865 -83.974622,33.547836 -83.974933,33.547766 -83.97605,33.547488 -83.976826,33.547291 -83.977076,33.547237 -83.977457,33.547171 -83.977782,33.547127 -83.978154,33.547092 -83.978442,33.54708 -83.979134,33.547077 -83.980029,33.547085 -83.983346,33.547146 -83.983373,33.547146 -83.983928,33.547154 -83.984565,33.547167 -83.985046,33.547185 -83.985368,33.54721 -83.98559,33.547241 -83.985929,33.54731 -83.986134,33.547359 -83.986909,33.547558 -83.987226,33.547642 -83.987744,33.54778 -83.988078,33.547862 -83.988397,33.547926 -83.988616,33.547955 -83.988805,33.547969 -83.989064,33.547976 -83.989247,33.547971 -83.989485,33.547948 -83.989692,33.547915 -83.989982,33.547847 -83.990543,33.547693 -83.991632,33.547396 -83.991821,33.547344 -83.992764,33.547086 -83.993011,33.547021 -83.993345,33.546935 -83.994901,33.546545 -83.994977,33.546525 -83.995401,33.546417 -83.995959,33.546268 -83.996257,33.546181 -83.996413,33.546125 -83.996649,33.546019 -83.996833,33.545924 -83.996966,33.545843 -83.997164,33.545709 -83.997299,33.545601 -83.997588,33.545338 -83.998231,33.544715 -83.998976,33.543979 -83.999244,33.54372 -83.999387,33.543585 -84.000075,33.542975 -84.00018,33.542884 -84.000357,33.542732 -84.00088,33.542282 -84.001163,33.54204 -84.001649,33.54164 -84.001801,33.541527 -84.002083,33.541339 -84.002277,33.541227 -84.002499,33.541114 -84.002737,33.541008 -84.003051,33.54089 -84.003205,33.540838 -84.003592,33.540706 -84.004052,33.540552 -84.004757,33.540324 -84.005146,33.540199 -84.005392,33.540118 -84.006381,33.539798 -84.006644,33.539712 -84.007435,33.539454 -84.007699,33.53937 -84.008131,33.539234 -84.008494,33.539135 -84.008739,33.53908 -84.009055,33.539025 -84.009555,33.538958 -84.009787,33.538937 -84.009917,33.538933 -84.010564,33.538935 -84.01187,33.538944 -84.012303,33.538966 -84.012506,33.538981 -84.013152,33.539031 -84.013777,33.539076 -84.014004,33.539085 -84.014126,33.539091 -84.014629,33.539089 -84.015801,33.539068 -84.016408,33.539056 -84.016565,33.539048 -84.016965,33.53903 -84.01716,33.539011 -84.017244,33.538999 -84.01738,33.538968 -84.017412,33.538958 -84.017637,33.538892 -84.01772,33.538871 -84.017815,33.538855 -84.017948,33.538849 -84.018195,33.538861 -84.018464,33.538881 -84.018635,33.538882 -84.018773,33.53887 -84.018933,33.538837 -84.019097,33.538785 -84.019231,33.538727 -84.019606,33.538566 -84.02012,33.538333 -84.020411,33.538196 -84.020497,33.538163 -84.020554,33.538148 -84.020601,33.538143 -84.020706,33.538139 -84.020763,33.538143 -84.020863,33.538162 -84.021027,33.538208 -84.02114,33.538057 -84.021385,33.537735 -84.021483,33.537609 -84.0216,33.537462 -84.021672,33.537478 -84.021828,33.537504 -84.0219,33.53751 -84.022343,33.537503 -84.022516,33.537513 -84.022702,33.537537 -84.022883,33.537574 -84.022998,33.537606 -84.023155,33.537662 -84.023286,33.537723 -84.023438,33.537817 -84.02358,33.537931 -84.023686,33.538033 -84.024176,33.538549 -84.024376,33.538746 -84.024456,33.538805 -84.024576,33.538855 -84.024681,33.538886 -84.024814,33.538907 -84.025115,33.538939 -84.026109,33.539052 -84.026339,33.539076 -84.026544,33.539091 -84.026654,33.5391 -84.026958,33.539116 -84.027013,33.53912 -84.027359,33.539114 -84.027561,33.539101 -84.02787,33.539063 -84.027899,33.53906 -84.028344,33.538978 -84.028706,33.538912 -84.028899,33.538878 -84.02909,33.538856 -84.029337,33.538846 -84.029489,33.53885 -84.029564,33.538859 -84.029726,33.53889 -84.029887,33.538932 -84.029981,33.538965 -84.030122,33.539025 -84.03025,33.539092 -84.030393,33.539185 -84.030511,33.53928 -84.03062,33.539384 -84.030739,33.539533 -84.031658,33.53945 -84.032117,33.539408 -84.033241,33.538173 -84.033508,33.537877 -84.034309,33.536991 -84.034577,33.536697 -84.036533,33.534537 -84.037001,33.534023 -84.037317,33.533675 -84.037872,33.533065 -84.038197,33.532702 -84.03849,33.532379 -84.038601,33.532254 -84.038878,33.531945 -84.038971,33.531843 -84.039524,33.531227 -84.041186,33.52938 -84.04174,33.528765 -84.041878,33.528609 -84.041913,33.528571 -84.041963,33.528512 -84.042,33.528472 -84.042244,33.5282 -84.042431,33.52799 -84.04256,33.527848 -84.042908,33.527459 -84.043392,33.526927 -84.043577,33.52673 -84.043746,33.526564 -84.043962,33.526354 -84.04421,33.526114 -84.044227,33.526096 -84.044385,33.525944 -84.044493,33.525776 -84.044474,33.525875 -84.044467,33.525933 -84.044416,33.526324 -84.044373,33.526779 -84.044357,33.526944 -84.044375,33.527223 -84.044403,33.527493 -84.044433,33.52767 -84.044494,33.527937 -84.044575,33.528198 -84.044676,33.528455 -84.045247,33.529469 -84.045512,33.529908 -84.045666,33.530099 -84.04598,33.530465 -84.04606,33.530524 -84.046151,33.530572 -84.046249,33.53061 -84.046353,33.530633 -84.046459,33.53065 -84.046565,33.530661 -84.046673,33.530665 -84.04678,33.530664 -84.046887,33.530655 -84.046985,33.530642 -84.04706,33.530617 -84.047158,33.530578 -84.047344,33.530488 -84.047467,33.530413 -84.048354,33.529612 -84.049789,33.528464 -84.051528,33.527265 -84.05297,33.526398 -84.053117,33.526335 -84.053411,33.526224 -84.053613,33.526159 -84.053818,33.526105 -84.054026,33.526058 -84.054131,33.526043 -84.054345,33.526024 -84.054453,33.526024 -84.054668,33.526035 -84.05488,33.526063 -84.055304,33.526127 -84.055619,33.526187 -84.055719,33.52622 -84.055814,33.52626 -84.055904,33.52631 -84.055988,33.526366 -84.056065,33.526429 -84.056134,33.526499 -84.056194,33.526573 -84.056245,33.526653 -84.056286,33.526736 -84.056317,33.526822 -84.056337,33.526911 -84.056347,33.527001 -84.056297,33.528478 -84.056127,33.530023 -84.056108,33.530141 -84.056079,33.530228 -84.056037,33.53031 -84.055982,33.530389 -84.055917,33.530459 -84.055841,33.530524 -84.055756,33.530579 -84.055667,33.53063 -84.055575,33.530676 -84.05548,33.53072 -84.055383,33.530757 -84.055283,33.53079 -84.055177,33.530808 -84.05507,33.530816 -84.054963,33.530811 -84.054752,33.530777 -84.054437,33.530718 -84.054126,33.530644 -84.053821,33.530555 -84.053522,33.530455 -84.052969,33.530222 -84.052682,33.530077 -84.052584,33.53004 -84.052483,33.530008 -84.05238,33.529981 -84.052276,33.529961 -84.052169,33.529947 -84.052062,33.529938 -84.051955,33.529935 -84.051847,33.529936 -84.05174,33.529944 -84.051634,33.529958 -84.051529,33.529977 -84.051322,33.530026 -84.051225,33.530065 -84.051136,33.530116 -84.051059,33.530178 -84.050991,33.530248 -84.050934,33.530324 -84.050889,33.530406 -84.050859,33.530493 -84.050816,33.53067 -84.050803,33.530759 -84.05079,33.530938 -84.050792,33.531028 -84.05081,33.531205 -84.050839,33.531384 -84.050857,33.531564 -84.050864,33.531744 -84.050861,33.531923 -84.050839,33.532168 -84.050657,33.532805 -84.050593,33.533759 -84.050602,33.533938 -84.050615,33.534028 -84.050658,33.534205 -84.050688,33.534292 -84.050723,33.534377 -84.050809,33.534542 -84.05086,33.534622 -84.050961,33.534757 -84.051069,33.534913 -84.051163,33.535075 -84.051241,33.535243 -84.051304,33.535415 -84.051351,33.53559 -84.051384,33.535769 -84.051388,33.535859 -84.051381,33.535949 -84.051361,33.536037 -84.051331,33.536124 -84.051238,33.536285 -84.051131,33.536442 -84.051008,33.536589 -84.050872,33.53673 -84.050723,33.536859 -84.050609,33.536946 -84.049885,33.537529 -84.049417,33.537869 -84.048839,33.538233 -84.048763,33.538297 -84.048699,33.538368 -84.048646,33.538446 -84.048606,33.53853 -84.048583,33.538618 -84.048578,33.538708 -84.04859,33.538798 -84.0487,33.539051 -84.048709,33.539067 -84.048824,33.539288 -84.048927,33.53946 -84.049065,33.539665 -84.04914,33.539837 -84.049432,33.540501 -84.049458,33.540589 -84.049489,33.540675 -84.049567,33.540843 -84.049614,33.540924 -84.04972,33.541081 -84.049782,33.541155 -84.049849,33.541225 -84.049923,33.54129 -84.050002,33.541352 -84.050086,33.541408 -84.050767,33.541801 -84.050838,33.541843 -84.051516,33.542274 -84.051685,33.542382 -84.051867,33.542478 -84.052059,33.542558 -84.052259,33.542626 -84.052362,33.542653 -84.05257,33.542696 -84.052782,33.54273 -84.052996,33.542752 -84.053103,33.542755 -84.053211,33.542752 -84.053318,33.542744 -84.053424,33.542727 -84.053538,33.542704 -84.053633,33.542682 -84.053836,33.542623 -84.053934,33.542586 -84.054125,33.542504 -84.054314,33.542402 -84.055758,33.541691 -84.056581,33.541111 -84.056656,33.541046 -84.056721,33.540975 -84.056776,33.540897 -84.056899,33.540647 -84.057081,33.540321 -84.057139,33.540245 -84.057209,33.540176 -84.057289,33.540115 -84.057377,33.540065 -84.057475,33.540027 -84.057578,33.540003 -84.057793,33.539997 -84.057901,33.54 -84.058008,33.54001 -84.05822,33.540041 -84.058428,33.540087 -84.058529,33.540117 -84.058728,33.540187 -84.058981,33.540302 -84.059201,33.540401 -84.059537,33.540536 -84.05959,33.540554 -84.060286,33.541096 -84.061186,33.541883 -84.061664,33.542349 -84.062127,33.542907 -84.062742,33.543719 -84.063076,33.544249 -84.063377,33.544846 -84.06357,33.545337 -84.064084,33.54659 -84.064258,33.546914 -84.064687,33.547933 -84.065023,33.548582 -84.065126,33.54874 -84.065257,33.549003 -84.065364,33.549138 -84.065494,33.549281 -84.065637,33.549417 -84.065723,33.54947 -84.065818,33.549512 -84.065919,33.549543 -84.066025,33.549559 -84.066132,33.54956 -84.066239,33.549549 -84.066342,33.549523 -84.066439,33.549484 -84.066528,33.549435 -84.066607,33.549373 -84.066883,33.549134 -84.067183,33.548822 -84.067405,33.548645 -84.068181,33.548099 -84.068274,33.548054 -84.068363,33.548004 -84.068447,33.547949 -84.068526,33.547888 -84.0686,33.547821 -84.068668,33.547753 -84.06873,33.547679 -84.068786,33.547601 -84.068835,33.547522 -84.068872,33.547437 -84.068923,33.547358 -84.068989,33.547286 -84.069067,33.547224 -84.069158,33.547176 -84.069253,33.547134 -84.06935,33.547096 -84.06945,33.547063 -84.069553,33.547036 -84.069657,33.547013 -84.069763,33.546996 -84.06987,33.546993 -84.069978,33.547002 -84.070082,33.547022 -84.070183,33.547054 -84.070277,33.547098 -84.070367,33.547156 -84.07072,33.547314 -84.070959,33.547435 -84.071679,33.547701 -84.07188,33.54775 -84.072347,33.547866 -84.072448,33.547897 -84.072546,33.547935 -84.072638,33.54798 -84.072725,33.548032 -84.072883,33.548156 -84.072941,33.548231 -84.072977,33.548316 -84.072918,33.548851 -84.072947,33.549031 -84.073005,33.549297 -84.07308,33.54956 -84.073146,33.549731 -84.073231,33.549895 -84.073334,33.550055 -84.073454,33.550205 -84.073803,33.550659 -84.073985,33.550883 -84.074183,33.551096 -84.074328,33.551229 -84.074484,33.551353 -84.07457,33.551408 -84.074661,33.551456 -84.074756,33.551498 -84.074855,33.551533 -84.074958,33.551558 -84.075065,33.551571 -84.075172,33.551572 -84.075279,33.551563 -84.075383,33.55154 -84.075482,33.551505 -84.075573,33.551457 -84.075659,33.551403 -84.07574,33.551343 -84.075813,33.551277 -84.07595,33.551132 -84.076024,33.551067 -84.076106,33.551009 -84.076195,33.550956 -84.076289,33.550914 -84.076388,33.550877 -84.076491,33.550849 -84.076596,33.550831 -84.076703,33.550821 -84.07681,33.550821 -84.076917,33.550831 -84.077022,33.550849 -84.07721,33.550939 -84.077389,33.551039 -84.077559,33.551149 -84.07772,33.551268 -84.07787,33.551398 -84.078486,33.55189 -84.078929,33.552293 -84.079722,33.553335 -84.080165,33.553901 -84.080179,33.55392 -84.080502,33.554378 -84.080569,33.55451 -84.080583,33.554535 -84.080669,33.554511 -84.080732,33.554522 -84.080841,33.554539 -84.0811,33.554653 -84.081304,33.55483 -84.081543,33.555191 -84.081796,33.555347 -84.082062,33.55545 -84.082489,33.555546 -84.082657,33.55563 -84.082825,33.555679 -84.083008,33.555706 -84.083206,33.555702 -84.083261,33.555683 -84.083473,33.555607 -84.083778,33.555561 -84.083968,33.555568 -84.084082,33.555571 -84.084358,33.555567 -84.084445,33.555565 -84.08482,33.555613 -84.085427,33.555915 -84.085741,33.556015 -84.086505,33.555834 -84.087016,33.555643 -84.087373,33.555596 -84.08813,33.555495 -84.088441,33.555391 -84.088568,33.555348 -84.088994,33.554888 -84.089329,33.554622 -84.089589,33.554561 -84.089887,33.554663 -84.089985,33.554777 -84.090085,33.55517 -84.090293,33.555339 -84.090534,33.555536 -84.090696,33.555598 -84.090766,33.555725 -84.091046,33.555956 -84.09108,33.555977 -84.091356,33.556151 -84.091445,33.556208 -84.092097,33.556621 -84.092169,33.556664 -84.094086,33.557856 -84.095003,33.558452 -84.095163,33.558557 -84.095329,33.558656 -84.0955,33.558766 -84.095748,33.558927 -84.096377,33.559321 -84.096734,33.559545 -84.096921,33.559662 -84.097471,33.560009 -84.097529,33.556559 -84.097541,33.555902 -84.097647,33.555851 -84.097744,33.555741 -84.097792,33.555616 -84.097895,33.555354 -84.098066,33.55501 -84.098253,33.554693 -84.098343,33.55456 -84.098421,33.554446 -84.098587,33.554246 -84.098564,33.554157 -84.098634,33.554003 -84.09864,33.553427 -84.098645,33.553034 -84.098639,33.550916 -84.098639,33.550857 -84.098646,33.550079 -84.09865,33.549573 -84.098658,33.548789 -84.098653,33.547551 -84.09865,33.546905 -84.098651,33.546636 -84.098663,33.545015 -84.0987,33.543892 -84.098717,33.54339 -84.098755,33.542981 -84.098141,33.542538 -84.097988,33.542428 -84.098118,33.541831 -84.098143,33.541339 -84.09816,33.540844 -84.09818,33.540664 -84.09821,33.540486 -84.098244,33.540327 -84.098311,33.540103 -84.098517,33.539421 -84.098569,33.539342 -84.098611,33.539259 -84.098644,33.539173 -84.098679,33.538997 -84.098737,33.538823 -84.098781,33.538647 -84.098811,33.538468 -84.098827,33.538289 -84.098829,33.538108 -84.098811,33.537884 -84.098843,33.536499 -84.098875,33.535564 -84.098892,33.534252 -84.098898,33.534114 -84.098934,33.533385 -84.098923,33.533118 -84.098905,33.532641 -84.098895,33.532551 -84.098895,33.532461 -84.098906,33.532371 -84.098927,33.532283 -84.099046,33.531993 -84.099068,33.531949 -84.099095,33.5319 -84.099485,33.531603 -84.099546,33.531579 -84.100028,33.53133 -84.100628,33.531019 -84.100767,33.530951 -84.10165,33.530521 -84.101825,33.530416 -84.101906,33.530357 -84.101984,33.530294 -84.102057,33.530228 -84.102179,33.530097 -84.102546,33.529605 -84.103172,33.528769 -84.103244,33.52867 -84.103263,33.528646 -84.105207,33.526446 -84.105669,33.525925 -84.105922,33.525696 -84.106062,33.525568 -84.106071,33.525562 -84.106148,33.525499 -84.106216,33.52543 -84.106275,33.525354 -84.106323,33.525274 -84.106386,33.525118 -84.106458,33.524944 -84.106473,33.524948 -84.108587,33.525187 -84.108829,33.525215 -84.109765,33.525309 -84.109871,33.525324 -84.109973,33.525352 -84.110069,33.525392 -84.110158,33.525442 -84.110238,33.525503 -84.110308,33.525571 -84.110361,33.525649 -84.110393,33.525735 -84.110404,33.525825 -84.110389,33.525914 -84.110362,33.526001 -84.110325,33.526086 -84.110276,33.526166 -84.110219,33.526242 -84.110151,33.526312 -84.110074,33.526375 -84.10999,33.526431 -84.109855,33.526498 -84.10819,33.527194 -84.107054,33.527655 -84.106967,33.527707 -84.106885,33.527766 -84.10681,33.52783 -84.106741,33.5279 -84.10668,33.527974 -84.106626,33.528052 -84.10658,33.528133 -84.106542,33.528217 -84.106518,33.528305 -84.106511,33.528395 -84.10652,33.528485 -84.106542,33.528589 -84.106577,33.528674 -84.106685,33.52883 -84.106746,33.528904 -84.106812,33.528976 -84.106958,33.529108 -84.107038,33.529168 -84.107565,33.529515 -84.107787,33.529651 -84.108068,33.529845 -84.108823,33.530367 -84.109124,33.530624 -84.10941,33.530894 -84.109474,33.530966 -84.109532,33.531042 -84.109626,33.531204 -84.109666,33.531288 -84.109702,33.531377 -84.109757,33.531542 -84.109775,33.53162 -84.109785,33.53171 -84.109786,33.5318 -84.109776,33.53189 -84.109744,33.532068 -84.109717,33.532337 -84.109693,33.532516 -84.109666,33.532786 -84.109656,33.533146 -84.109634,33.533416 -84.109608,33.533595 -84.109604,33.533685 -84.109607,33.533775 -84.109616,33.533864 -84.109634,33.533953 -84.109658,33.534041 -84.109709,33.53412 -84.109783,33.534185 -84.109875,33.534231 -84.110186,33.534302 -84.110502,33.534359 -84.110927,33.534415 -84.111354,33.534457 -84.111569,33.534469 -84.111784,33.534464 -84.111998,33.534447 -84.112642,33.534405 -84.112855,33.534379 -84.113065,33.534341 -84.113169,33.534316 -84.113373,33.534259 -84.11347,33.53422 -84.113563,33.534175 -84.113652,33.534124 -84.113735,33.534067 -84.11392,33.533974 -84.114016,33.533934 -84.114216,33.533868 -84.114319,33.533842 -84.114528,33.533798 -84.114739,33.533763 -84.114953,33.533745 -84.115168,33.533745 -84.115275,33.533752 -84.115382,33.533764 -84.115597,33.533766 -84.115811,33.533752 -84.116024,33.533725 -84.116558,33.533669 -84.117094,33.53363 -84.117597,33.533608 -84.117631,33.533606 -84.117954,33.533599 -84.118277,33.533605 -84.118706,33.533635 -84.119561,33.533713 -84.119773,33.533745 -84.119982,33.533789 -84.120186,33.533845 -84.120485,33.533948 -84.120679,33.534026 -84.12096,33.534159 -84.121271,33.534333 -84.121802,33.534586 -84.122178,33.534642 -84.122374,33.534689 -84.12269,33.53474 -84.123034,33.534748 -84.123206,33.534723 -84.123397,33.534663 -84.123519,33.534615 -84.123762,33.534542 -84.12391,33.534488 -84.124077,33.534362 -84.124123,33.534277 -84.124142,33.534213 -84.124246,33.534125 -84.12431,33.534073 -84.12452,33.53397 -84.124685,33.533894 -84.124858,33.533862 -84.124994,33.533894 -84.125008,33.533901 -84.125138,33.533977 -84.125237,33.53408 -84.125321,33.534146 -84.125481,33.534244 -84.125659,33.534313 -84.12596,33.534421 -84.12601,33.534436 -84.126311,33.534529 -84.126472,33.534539 -84.126635,33.534565 -84.126782,33.534554 -84.126864,33.534565 -84.126945,33.534579 -84.127238,33.5346 -84.127557,33.534593 -84.127739,33.534569 -84.127965,33.534516 -84.128452,33.534383 -84.128503,33.534359 -84.128767,33.534239 -84.128907,33.534199 -84.129029,33.534193 -84.129197,33.534148 -84.129336,33.534136 -84.129509,33.534097 -84.129744,33.534052 -84.129892,33.533998 -84.130208,33.533832 -84.130323,33.533748 -84.130616,33.53348 -84.130757,33.533397 -84.130861,33.533385 -84.131007,33.533395 -84.131126,33.533441 -84.131211,33.533479 -84.131338,33.533562 -84.131455,33.533658 -84.131589,33.533777 -84.131698,33.533881 -84.131797,33.534006 -84.131931,33.534146 -84.132203,33.534528 -84.132311,33.534646 -84.132385,33.534741 -84.132578,33.534905 -84.132672,33.534943 -84.132808,33.534982 -84.132894,33.534992 -84.133007,33.534965 -84.133148,33.534882 -84.1333,33.534802 -84.133813,33.534286 -84.133889,33.534215 -84.133955,33.534145 -84.134016,33.53407 -84.13407,33.533992 -84.134117,33.533911 -84.134224,33.533714 -84.134296,33.533584 -84.134331,33.533498 -84.134357,33.533411 -84.134376,33.533322 -84.134407,33.533068 -84.134431,33.532981 -84.134497,33.532876 -84.134556,33.532801 -84.134623,33.53273 -84.134719,33.532691 -84.134826,33.532686 -84.13493,33.532707 -84.135021,33.532753 -84.135113,33.532816 -84.135225,33.532915 -84.135387,33.533003 -84.135572,33.533085 -84.135841,33.533218 -84.136005,33.533311 -84.136085,33.533371 -84.136158,33.533438 -84.136217,33.533513 -84.136262,33.533594 -84.136292,33.533681 -84.136275,33.533769 -84.136223,33.533847 -84.136182,33.533935 -84.136138,33.534017 -84.136089,33.534097 -84.136034,33.534175 -84.135984,33.534255 -84.135896,33.534419 -84.135823,33.534589 -84.135764,33.534762 -84.135719,33.534938 -84.135708,33.535069 -84.135739,33.535155 -84.135798,33.53523 -84.135903,33.53523 -84.136005,33.535204 -84.136195,33.535136 -84.136675,33.53499 -84.137333,33.534661 -84.13745,33.534604 -84.137536,33.53455 -84.137617,33.53449 -84.137852,33.534305 -84.138001,33.534175 -84.138057,33.534098 -84.138133,33.53393 -84.138194,33.533757 -84.138197,33.533667 -84.138174,33.533579 -84.138163,33.533466 -84.138153,33.533286 -84.138181,33.533199 -84.138235,33.533121 -84.138316,33.533063 -84.138422,33.533053 -84.138529,33.533057 -84.138635,33.533073 -84.138737,33.533102 -84.138829,33.533147 -84.138949,33.533242 -84.139009,33.53279 -84.139246,33.531016 -84.139596,33.528569 -84.139629,33.528318 -84.139841,33.526755 -84.139887,33.526345 -84.139926,33.525405 -84.139924,33.525198 -84.139916,33.524686 -84.139824,33.52374 -84.139647,33.52285 -84.139471,33.522154 -84.138845,33.52048 -84.138698,33.519979 -84.138669,33.519734 -84.138638,33.51928 -84.138669,33.518043 -84.138705,33.517262 -84.138715,33.517068 -84.138725,33.516852 -84.138754,33.516207 -84.138765,33.515993 -84.138793,33.51502 -84.138819,33.514166 -84.138768,33.513231 -84.13875,33.512899 -84.138708,33.51226 -84.138702,33.511935 -84.1387,33.511647 -84.138707,33.511505 -84.138744,33.511122 -84.138867,33.510786 -84.13909,33.510309 -84.140507,33.507904 -84.140647,33.507667 -84.140725,33.507534 -84.140895,33.507231 -84.143395,33.502793 -84.143757,33.502169 -84.144308,33.501221 -84.144715,33.500314 -84.144739,33.500245 -84.144985,33.499568 -84.145034,33.499257 -84.145047,33.499181 -84.145105,33.498697 -84.145101,33.498205 -84.144993,33.49605 -84.144942,33.495211 -84.144837,33.494393 -84.144716,33.493705 -84.144295,33.491742 -84.144289,33.491709 -84.144193,33.49121 -84.144392,33.491217 -84.144989,33.491239 -84.145189,33.491247 -84.145807,33.491275 -84.14766,33.49136 -84.148279,33.49139 -84.150994,33.49139 -84.151673,33.491391 -84.152021,33.491391 -84.152494,33.491397 -84.15299,33.491403 -84.153118,33.491405 -84.155897,33.491439 -84.156679,33.49145 -84.156799,33.491452 -84.157881,33.49145 -84.160925,33.491445 -84.16194,33.491444 -84.162366,33.491448 -84.163644,33.491462 -84.164071,33.491467 -84.164184,33.491464 -84.164527,33.491456 -84.164641,33.491455 -84.165246,33.491447 -84.167063,33.491427 -84.167669,33.49142 -84.168156,33.491433 -84.169365,33.491467 -84.16962,33.491475 -84.170108,33.491489 -84.170324,33.491486 -84.176623,33.491399 -84.174705,33.489238 -84.174511,33.48901 -84.174777,33.488846 -84.176905,33.487535 -84.177321,33.487299 -84.178569,33.48659 -84.178986,33.486355 -84.179454,33.486109 -84.180858,33.485374 -84.181327,33.485129 -84.181459,33.485059 -84.181855,33.484855 -84.181988,33.484788 -84.182465,33.48454 -84.182585,33.484479 -84.182739,33.484391 -84.183201,33.484128 -84.183356,33.484041 -84.183437,33.483997 -84.183684,33.483866 -84.183977,33.483742 -84.184106,33.483694 -84.184315,33.483622 -84.184415,33.483591 -84.184663,33.483513 -84.184798,33.483483 -84.184896,33.483463 -84.185135,33.48341 -84.185234,33.483389 -84.185319,33.483372 -84.185431,33.483356 -84.185628,33.48333 -84.185695,33.483322 -84.185902,33.483294 -84.186523,33.483212 -84.186731,33.483185 -84.186765,33.483179 -84.186869,33.483165 -84.186904,33.483163 -84.187082,33.483137 -84.187127,33.483133 -84.187369,33.4831 -84.18743,33.483093 -84.188281,33.483112 -84.190837,33.483168 -84.191689,33.483188 -84.191856,33.483182 -84.191898,33.483182 -84.19196,33.483179 -84.192149,33.483174 -84.192213,33.483173 -84.192373,33.483167 -84.192414,33.483167 -84.192557,33.483162 -84.192986,33.483148 -84.19313,33.483146 -84.193193,33.483148 -84.193446,33.48316 -84.193574,33.483165 -84.193958,33.483182 -84.194087,33.483189 -84.194627,33.483213 -84.194762,33.48322 -84.195331,33.483204 -84.195664,33.483195 -84.196532,33.483172 -84.197036,33.483106 -84.197354,33.483064 -84.197601,33.483033 -84.197999,33.482961 -84.198099,33.482944 -84.198588,33.48294 -84.199009,33.482939 -84.199469,33.482953 -84.200069,33.482946 -84.200564,33.48294 -84.201674,33.482828 -84.202899,33.482705 -84.202917,33.482704 -84.204364,33.482639 -84.205024,33.482627 -84.206147,33.482609 -84.206937,33.482595 -84.208741,33.482564 -84.209328,33.482634 -84.210146,33.482734 -84.21242,33.482862 -84.213763,33.482829 -84.213824,33.482826 -84.214432,33.482752 -84.214599,33.482734 -84.214786,33.482695 -84.215347,33.482582 -84.215536,33.482545 -84.215993,33.4825 -84.216281,33.48244 -84.216394,33.482462 -84.216724,33.4824 -84.217142,33.482324 -84.217121,33.48225 -84.21699,33.481774 -84.216751,33.480869 -84.21595,33.477844 -84.215846,33.477417 -84.215324,33.475714 -84.214642,33.473924 -84.213004,33.46983 -84.211826,33.46697 -84.210104,33.462764 -84.210053,33.462644 -84.208411,33.458788 -84.208015,33.457919 -84.207672,33.457269 -84.207316,33.456743 -84.206704,33.455916 -84.203376,33.45189 -84.202402,33.45073 -84.19948,33.447257 -84.198506,33.446099 -84.19843,33.446008 -84.198126,33.445647 -84.187465,33.432853 -84.185149,33.430525 -84.182647,33.428412 -84.181514,33.427556 -84.181388,33.427461 -84.181557,33.427266 -84.181827,33.426956 -84.182267,33.42645 -84.182537,33.426145 -84.182927,33.425705 -84.183206,33.425375 -84.183662,33.424877 -84.183745,33.424796 -84.184026,33.424506 -84.184139,33.424389 -84.18421,33.424326 -84.184527,33.424034 -84.18477,33.423811 -84.185998,33.422876 -84.186181,33.422722 -84.186734,33.422266 -84.186919,33.422115 -84.187059,33.421998 -84.187872,33.421377 -84.188197,33.421121 -84.188661,33.420738 -84.189169,33.42035 -84.189396,33.420165 -84.191227,33.418692 -84.192506,33.417692 -84.192745,33.417506 -84.193746,33.416629 -84.195564,33.414794 -84.196125,33.414308 -84.196452,33.414039 -84.196852,33.413726 -84.197442,33.413377 -84.198358,33.412921 -84.199142,33.412622 -84.199371,33.412535 -84.199968,33.412348 -84.200715,33.412186 -84.205254,33.411407 -84.205974,33.411243 -84.206843,33.411011 -84.207601,33.410748 -84.208354,33.41043 -84.209268,33.409975 -84.209978,33.40956 -84.210321,33.409322 -84.212182,33.408028 -84.215232,33.406025 -84.21547,33.405868 -84.215314,33.405671 -84.214867,33.405104 -84.214684,33.404794 -84.214561,33.40449 -84.214242,33.403627 -84.214221,33.403576 -84.214108,33.403343 -84.213893,33.403037 -84.213638,33.402641 -84.213598,33.402467 -84.213523,33.402248 -84.213055,33.398769 -84.212886,33.397511 -84.21278,33.396707 -84.212489,33.394494 -84.212475,33.394295 -84.212457,33.39402 -84.212467,33.393787 -84.212482,33.393621 -84.212543,33.39315 -84.212595,33.392975 -84.212727,33.392592 -84.212883,33.392215 -84.212906,33.392174 -84.213255,33.391536 -84.213524,33.39097 -84.213714,33.390687 -84.213748,33.390611 -84.214021,33.389929 -84.214156,33.389617 -84.21484,33.387991 -84.215504,33.386419 -84.215956,33.38532 -84.216302,33.384435 -84.216564,33.383854 -84.217664,33.381502 -84.217806,33.381189 -84.217938,33.380877 -84.218179,33.380164 -84.21832,33.37975 -84.218389,33.379504 -84.218487,33.379293 -84.218595,33.379082 -84.218821,33.378704 -84.219385,33.377607 -84.219979,33.377633 -84.220089,33.377638 -84.220411,33.377633 -84.220733,33.377612 -84.221374,33.377555 -84.221758,33.377512 -84.2218,33.377508 -84.222116,33.377457 -84.222347,33.377423 -84.224388,33.376998 -84.22775,33.376299 -84.227855,33.37628 -84.227962,33.376268 -84.228069,33.376265 -84.228282,33.376242 -84.228389,33.376237 -84.228497,33.376237 -84.228604,33.376242 -84.229034,33.376244 -84.230567,33.37626 -84.232652,33.376282 -84.234028,33.376296 -84.235944,33.376317 -84.236919,33.376306 -84.237885,33.376301 -84.238158,33.376306 -84.238315,33.376312 -84.239387,33.37637 -84.239533,33.376383 -84.239581,33.376142 -84.239595,33.376078 -84.239879,33.375735 -84.240098,33.375676 -84.240336,33.375614 -84.240701,33.375464 -84.240828,33.375392 -84.240938,33.375319 -84.241343,33.375036 -84.242891,33.37396 -84.243285,33.373663 -84.243446,33.373547 -84.243729,33.373369 -84.24424,33.373078 -84.244505,33.372928 -84.244742,33.37282 -84.245034,33.372665 -84.245266,33.372524 -84.245432,33.372407 -84.246274,33.371692 -84.246288,33.371681 -84.246722,33.371281 -84.246842,33.371186 -84.246989,33.371055 -84.247059,33.370987 -84.247123,33.370914 -84.247163,33.370831 -84.247183,33.370742 -84.247207,33.370536 -84.247239,33.369115 -84.247228,33.368611 -84.247247,33.368423 -84.247251,33.368281 -84.24724,33.368159 -84.247232,33.368051 -84.24718,33.3677 -84.247084,33.366862 -84.247064,33.366543 -84.247065,33.366323 -84.247086,33.365991 -84.247095,33.365859 -84.24711,33.364949 -84.247156,33.363376 -84.247183,33.362505 -84.247175,33.360957 -84.247175,33.360854 -84.247188,33.358285 -84.247411,33.357625 -84.247785,33.356589 -84.247848,33.356429 -84.24814,33.355691 -84.248235,33.35536 -84.248243,33.355098 -84.248229,33.354952 -84.248661,33.354981 -84.248672,33.354944 -84.248715,33.354876 -84.248748,33.354792 -84.248764,33.354705 -84.248808,33.354533 -84.248818,33.354446 -84.248817,33.354359 -84.248805,33.354272 -84.248787,33.354011 -84.248808,33.353925 -84.248838,33.353862 -84.248896,33.353764 -84.248955,33.353691 -84.248992,33.353608 -84.249007,33.353521 -84.249034,33.353436 -84.249074,33.353354 -84.249192,33.35307 -84.249245,33.352908 -84.249243,33.35282 -84.249175,33.35258 -84.249164,33.352539 -84.24816,33.352593 -84.247438,33.352621 -84.247354,33.352482 -84.247336,33.352374 -84.24727,33.352194 -84.247117,33.351881 -84.247005,33.351605 -84.247042,33.350406 -84.247082,33.349153 -84.247134,33.346815 -84.247162,33.345619 -84.247173,33.345024 -84.247171,33.34498 -84.247127,33.343654 -84.247124,33.343615 -84.247115,33.342714 -84.247113,33.341584 -84.247113,33.34073 -84.247112,33.340271 -84.247135,33.338357 -84.247136,33.338347 -84.247125,33.338096 -84.247178,33.337698 -84.247201,33.337431 -84.247261,33.336706 -84.247265,33.33666 -84.247309,33.336193 -84.247307,33.336005 -84.247303,33.335928 -84.247269,33.335813 -84.243903,33.335806 -84.242023,33.3358 -84.232525,33.335757 -84.231855,33.335754 -84.231393,33.335757 -84.229794,33.335768 -84.228873,33.335774 -84.224136,33.335808 -84.223199,33.33581 -84.219415,33.33581 -84.218722,33.335811 -84.218168,33.335811 -84.21782,33.335808 -84.217412,33.335805 -84.216701,33.335814 -84.216329,33.335821 -84.216133,33.335824 -84.215301,33.335832 -84.214647,33.335838 -84.209737,33.335886 -84.209347,33.335889 -84.20536,33.335913 -84.20247,33.33593 -84.202221,33.335931 -84.200256,33.335943 -84.198302,33.335955 -84.197665,33.335959 -84.196953,33.335963 -84.193086,33.336032 -84.192907,33.335977 -84.191559,33.335984 -84.191362,33.335984 -84.190938,33.335987 -84.190772,33.335987 -84.190576,33.335988 -84.18958,33.335921 -84.186595,33.335727 -84.185635,33.335665 -84.1856,33.335667 -84.184397,33.335723 -84.180791,33.335892 -84.179589,33.335949 -84.179239,33.335988 -84.176953,33.33598 -84.175256,33.335952 -84.171938,33.3359 -84.170855,33.335878 -84.170242,33.33587 -84.165435,33.335818 -84.164082,33.335791 -84.161808,33.335746 -84.159683,33.335724 -84.152531,33.335658 -84.150581,33.335639 -84.150672,33.331434 -84.1507,33.33014 -84.150716,33.329394 -84.150736,33.328453 -84.150764,33.327179 -84.150764,33.327157 -84.150792,33.326414 -84.150823,33.32544 -84.150837,33.324976 -84.150856,33.324402 -84.150864,33.321663 -84.150873,33.321118 -84.15088,33.320663 -84.150892,33.319958 -84.150904,33.319226 -84.150906,33.31906 -84.150909,33.318897 -84.150909,33.317317 -84.150909,33.314065 -84.150909,33.312982 -84.150863,33.313 -84.15077,33.313045 -84.150683,33.313097 -84.150601,33.313156 -84.150527,33.31322 -84.15046,33.313291 -84.150391,33.313377 -84.150277,33.313496 -84.150179,33.313544 -84.150126,33.313545 -84.14989,33.313553 -84.149357,33.313432 -84.149094,33.313327 -84.148883,33.313256 -84.148398,33.313099 -84.148283,33.313092 -84.148176,33.313131 -84.148109,33.313253 -84.148072,33.313445 -84.148089,33.313688 -84.148119,33.313816 -84.148114,33.31393 -84.148409,33.314392 -84.148432,33.314409 -84.148446,33.314431 -84.148616,33.314636 -84.148862,33.314859 -84.148909,33.314951 -84.148917,33.315058 -84.148688,33.315206 -84.148657,33.31523 -84.148356,33.315254 -84.148144,33.315264 -84.147995,33.315277 -84.147923,33.315295 -84.147713,33.315345 -84.147484,33.31543 -84.14716,33.315615 -84.146835,33.315908 -84.146515,33.316072 -84.146301,33.316243 -84.146133,33.316342 -84.145943,33.316423 -84.145562,33.316534 -84.145539,33.31654 -84.145355,33.316593 -84.14529,33.316599 -84.145082,33.31655 -84.14502,33.316534 -84.144814,33.316384 -84.144775,33.316236 -84.144819,33.315942 -84.14486,33.31568 -84.144991,33.315549 -84.145255,33.315501 -84.145609,33.315478 -84.145743,33.315434 -84.145936,33.315301 -84.146082,33.314947 -84.146357,33.314285 -84.146357,33.314148 -84.146257,33.313961 -84.146143,33.313858 -84.145968,33.313809 -84.145929,33.313778 -84.145806,33.313716 -84.145661,33.31369 -84.145516,33.313697 -84.14531,33.313754 -84.144952,33.313884 -84.143997,33.314331 -84.143586,33.314484 -84.14355,33.314483 -84.143394,33.314556 -84.143351,33.314569 -84.143031,33.314657 -84.142897,33.314617 -84.142793,33.314529 -84.142648,33.314186 -84.142332,33.313651 -84.142169,33.313519 -84.141945,33.313403 -84.141736,33.313336 -84.141666,33.313323 -84.139924,33.312982 -84.139828,33.31292 -84.13981,33.312856 -84.139797,33.312788 -84.1398,33.312716 -84.139875,33.312499 -84.139907,33.312359 -84.139945,33.312307 -84.139966,33.312199 -84.139952,33.312147 -84.139947,33.311947 -84.139866,33.311836 -84.139842,33.311749 -84.139763,33.311667 -84.139692,33.311619 -84.139641,33.311557 -84.139308,33.311322 -84.139208,33.311271 -84.138952,33.311139 -84.138829,33.311062 -84.138629,33.310922 -84.138553,33.310786 -84.13847,33.31064 -84.138411,33.310393 -84.13843,33.310303 -84.138566,33.310041 -84.138687,33.309805 -84.138819,33.309605 -84.138844,33.309548 -84.138914,33.30944 -84.138914,33.309332 -84.138927,33.30926 -84.138912,33.309209 -84.13891,33.309152 -84.138885,33.309116 -84.138756,33.30894 -84.138752,33.308914 -84.138712,33.308904 -84.138573,33.308784 -84.138367,33.308678 -84.137962,33.308529 -84.137588,33.308422 -84.137356,33.308373 -84.137299,33.30836 -84.136842,33.308315 -84.136798,33.308318 -84.136642,33.308331 -84.136459,33.308394 -84.136416,33.308404 -84.136016,33.308484 -84.135612,33.308459 -84.135437,33.308403 -84.135071,33.308186 -84.134827,33.30791 -84.134674,33.30756 -84.134575,33.306762 -84.134544,33.305385 -84.134526,33.304535 -84.134514,33.304008 -84.134369,33.303745 -84.134254,33.303649 -84.134187,33.30362 -84.134087,33.303573 -84.133892,33.303542 -84.133829,33.303559 -84.133719,33.303527 -84.133687,33.303522 -84.133413,33.303516 -84.13323,33.303461 -84.132802,33.303206 -84.131733,33.302568 -84.131531,33.302448 -84.131179,33.302291 -84.13105,33.302272 -84.13092,33.302286 -84.130725,33.302378 -84.130477,33.302492 -84.130248,33.30256 -84.130005,33.302567 -84.129715,33.302513 -84.129579,33.302459 -84.129448,33.302383 -84.129248,33.302275 -84.129151,33.302214 -84.129115,33.302205 -84.129075,33.302175 -84.128908,33.302139 -84.128792,33.302113 -84.128713,33.302113 -84.12869,33.302115 -84.128598,33.302132 -84.128468,33.302184 -84.12841,33.302222 -84.128326,33.30228 -84.128266,33.302301 -84.128021,33.302391 -84.127876,33.302372 -84.1278,33.302321 -84.127739,33.302242 -84.127686,33.301907 -84.127609,33.30164 -84.127547,33.30149 -84.127536,33.301471 -84.127515,33.301454 -84.127426,33.301375 -84.127235,33.301299 -84.127088,33.301267 -84.127014,33.30125 -84.126878,33.301246 -84.126725,33.301245 -84.12664,33.301243 -84.126406,33.301222 -84.125969,33.301181 -84.125809,33.301113 -84.125612,33.300963 -84.125519,33.300891 -84.125275,33.300806 -84.125241,33.30079 -84.125206,33.300781 -84.12516,33.300766 -84.124924,33.300776 -84.124779,33.300835 -84.124718,33.300903 -84.124626,33.3009 -84.124565,33.300854 -84.12455,33.3008 -84.124553,33.300615 -84.124557,33.300404 -84.124588,33.300269 -84.124557,33.300209 -84.124467,33.300201 -84.124392,33.300171 -84.124306,33.300171 -84.124167,33.300091 -84.124122,33.30008 -84.124025,33.300074 -84.123834,33.300165 -84.12358,33.30029 -84.123297,33.300373 -84.122896,33.300594 -84.122641,33.300624 -84.122466,33.300618 -84.122207,33.300611 -84.121991,33.300664 -84.121805,33.300753 -84.121681,33.300931 -84.121609,33.301137 -84.12159,33.301326 -84.121623,33.301516 -84.121613,33.301582 -84.121599,33.301651 -84.121508,33.301789 -84.121377,33.301882 -84.121079,33.301937 -84.120698,33.301919 -84.12056,33.301912 -84.120407,33.301941 -84.120264,33.302005 -84.120239,33.302017 -84.120191,33.302021 -84.120148,33.301998 -84.120057,33.302031 -84.119949,33.302039 -84.119606,33.3022 -84.119446,33.302298 -84.119377,33.302341 -84.119072,33.302433 -84.118546,33.302422 -84.118436,33.302363 -84.118392,33.302346 -84.118344,33.302295 -84.11824,33.302204 -84.118179,33.30209 -84.118156,33.301952 -84.118187,33.301761 -84.118257,33.301526 -84.118241,33.301265 -84.118131,33.301091 -84.118039,33.300947 -84.117998,33.300876 -84.117968,33.300874 -84.117909,33.300831 -84.117874,33.300812 -84.117845,33.300804 -84.117775,33.300796 -84.117642,33.300756 -84.11739,33.300694 -84.117138,33.300634 -84.116882,33.30057 -84.116646,33.300457 -84.116585,33.300414 -84.116467,33.300333 -84.116058,33.299917 -84.115495,33.299265 -84.1153,33.299048 -84.114825,33.298592 -84.114703,33.298485 -84.114449,33.298264 -84.114028,33.297887 -84.113937,33.297806 -84.113917,33.297798 -84.113865,33.29779 -84.113806,33.297762 -84.113754,33.297745 -84.113689,33.297739 -84.113631,33.297745 -84.113577,33.297728 -84.11335,33.297703 -84.113205,33.297722 -84.113075,33.297779 -84.112681,33.298143 -84.112459,33.298249 -84.112233,33.298273 -84.112109,33.298288 -84.112056,33.298276 -84.111981,33.298275 -84.111864,33.298259 -84.111742,33.298203 -84.11162,33.298223 -84.111468,33.298349 -84.111399,33.298501 -84.111315,33.298613 -84.11111,33.298773 -84.110968,33.298822 -84.110431,33.299008 -84.110256,33.299038 -84.110089,33.299127 -84.10999,33.299249 -84.109952,33.299395 -84.110085,33.30018 -84.110062,33.300344 -84.109985,33.300463 -84.109857,33.30057 -84.109735,33.300635 -84.109544,33.300692 -84.109437,33.300754 -84.109278,33.301011 -84.109148,33.301152 -84.108988,33.301251 -84.108844,33.301285 -84.108713,33.301267 -84.108275,33.301056 -84.107985,33.300962 -84.107759,33.300888 -84.107301,33.30068 -84.107086,33.300551 -84.106906,33.300341 -84.106845,33.300297 -84.106873,33.300287 -84.106788,33.300233 -84.106703,33.300182 -84.106578,33.300155 -84.106372,33.300112 -84.106242,33.300066 -84.106191,33.300045 -84.106114,33.299993 -84.1061,33.299956 -84.10606,33.299917 -84.106018,33.29983 -84.105912,33.299702 -84.105736,33.299568 -84.10556,33.299534 -84.105377,33.29956 -84.105138,33.299486 -84.10495,33.299427 -84.104417,33.299135 -84.104065,33.298943 -84.103874,33.298949 -84.103777,33.298968 -84.103501,33.29902 -84.103451,33.299045 -84.103354,33.299024 -84.103276,33.29902 -84.103127,33.298985 -84.103022,33.298904 -84.10295,33.298869 -84.102952,33.298838 -84.102814,33.298492 -84.102509,33.298096 -84.102264,33.297899 -84.101853,33.297567 -84.101767,33.297497 -84.100922,33.296818 -84.100792,33.29668 -84.100539,33.296532 -84.100387,33.296442 -84.10036,33.296428 -84.10022,33.296374 -84.100233,33.296331 -84.100082,33.296214 -84.099995,33.296112 -84.099876,33.296009 -84.099843,33.295934 -84.099767,33.295845 -84.099735,33.295774 -84.099701,33.295766 -84.099686,33.29575 -84.099433,33.295585 -84.099398,33.29552 -84.099342,33.295425 -84.099257,33.295255 -84.099239,33.295241 -84.099195,33.29525 -84.099121,33.295153 -84.099007,33.295067 -84.098854,33.294795 -84.098518,33.294727 -84.098328,33.29464 -84.097641,33.294212 -84.09726,33.293934 -84.097137,33.293819 -84.097015,33.293625 -84.096909,33.293319 -84.096863,33.293239 -84.096852,33.293192 -84.096741,33.292941 -84.096718,33.29282 -84.096764,33.292691 -84.096869,33.292564 -84.096985,33.292394 -84.097153,33.292236 -84.097214,33.292098 -84.097191,33.292011 -84.097181,33.29192 -84.09717,33.291904 -84.097156,33.291893 -84.097129,33.291852 -84.096977,33.291663 -84.096832,33.291576 -84.096726,33.291528 -84.096593,33.291507 -84.096486,33.291504 -84.096336,33.291511 -84.096107,33.291542 -84.095993,33.291522 -84.095916,33.291489 -84.095813,33.291398 -84.095778,33.291374 -84.095701,33.291311 -84.095633,33.291241 -84.095585,33.291178 -84.09535,33.29094 -84.095291,33.290882 -84.095265,33.290826 -84.095193,33.290779 -84.095133,33.290747 -84.094901,33.290684 -84.094823,33.290653 -84.094718,33.290641 -84.094424,33.290582 -84.094031,33.290486 -84.093505,33.290239 -84.093187,33.290038 -84.09301,33.289924 -84.092911,33.289803 -84.092842,33.289634 -84.092781,33.289028 -84.09269,33.288758 -84.092644,33.28862 -84.092247,33.287909 -84.091827,33.287033 -84.091446,33.286499 -84.091286,33.286366 -84.091111,33.286284 -84.090676,33.286181 -84.09029,33.286059 -84.088991,33.285646 -84.08918,33.285458 -84.089447,33.285193 -84.089747,33.284894 -84.090034,33.28461 -84.090131,33.284512 -84.090424,33.284222 -84.090715,33.283932 -84.09091,33.28374 -84.091022,33.283665 -84.091063,33.283626 -84.091741,33.282972 -84.094189,33.280611 -84.095006,33.279826 -84.098469,33.276345 -84.098538,33.276278 -84.099105,33.275725 -84.09971,33.27513 -84.102585,33.272301 -84.102759,33.272131 -84.108354,33.266669 -84.108982,33.266005 -84.10947,33.265524 -84.111696,33.263402 -84.113996,33.261153 -84.114429,33.260736 -84.116078,33.259115 -84.116211,33.258984 -84.116563,33.258636 -84.120802,33.254485 -84.121459,33.253832 -84.122623,33.252668 -84.122575,33.251226 -84.122539,33.250171 -84.122537,33.250096 -84.122557,33.249909 -84.122675,33.2488 -84.121892,33.248787 -84.118117,33.248731 -84.11812,33.246814 -84.118123,33.244917 -84.118123,33.244424 -84.118207,33.244428 -84.122635,33.244509 -84.122998,33.244515 -84.123032,33.244132 -84.123152,33.242748 -84.123441,33.23616 -84.123514,33.226925 -84.12363,33.216676 -84.123646,33.215162 -84.123603,33.214588 -84.123767,33.202824 -84.121255,33.202802 -84.119895,33.20279 -84.115817,33.202756 -84.114458,33.202745 -84.113113,33.202736 -84.113031,33.202742 -84.112581,33.20277 -84.112549,33.202773 -84.112131,33.202776 -84.107194,33.202754 -84.1066,33.202751 -84.09972,33.20272 -84.099021,33.202716 -84.096265,33.202719 -84.091849,33.202739 -84.077448,33.202697 -84.072198,33.202683 -84.064114,33.202661 -84.06005,33.202649 -84.059889,33.202649 -84.059856,33.202648 -84.059633,33.202648 -84.050759,33.202624 -84.04736,33.202616 -84.044967,33.202621 -84.044273,33.202621 -84.041498,33.202629 -84.041146,33.202629 -84.040092,33.202632 -84.039842,33.202634 -84.039733,33.20263 -84.037697,33.202626 -84.036427,33.202624 -84.035513,33.202623 -84.031561,33.202612 -84.029517,33.202609 -84.028336,33.202606 -84.024854,33.202598 -84.022011,33.202592 -84.021084,33.202588 -84.018303,33.20258 -84.017377,33.20258 -84.014252,33.202557 -84.004886,33.202495 -84.002086,33.202477 -84.001767,33.202473 -84.000974,33.202488 -83.999376,33.20247 -83.998605,33.20247 -83.997881,33.202449 -83.996912,33.202424 -83.996211,33.202414 -83.996184,33.202415 -83.995332,33.202429 -83.994111,33.202417 -83.993735,33.202415 -83.993412,33.202416 -83.99248,33.202406 -83.990928,33.20239 -83.989687,33.202364 -83.988901,33.202348 -83.988757,33.202348 -83.988095,33.202343 -83.98545,33.202331 -83.985397,33.20233 -83.98528,33.20233 -83.984506,33.202308 -83.984137,33.202299 -83.981673,33.202308 -83.981319,33.202311 -83.980729,33.202322 -83.979717,33.202323 -83.976834,33.202323 -83.976684,33.202319 -83.975674,33.202297 -83.97156,33.202214 -83.970782,33.202202 -83.968403,33.202166 -83.96266,33.202078 -83.961094,33.202079 -83.956654,33.20208 -83.956105,33.20208 -83.951213,33.202082 -83.948967,33.202063 -83.942229,33.202008 -83.939984,33.20199 -83.939292,33.201979 -83.937218,33.201952 -83.936559,33.201944 -83.936527,33.201944 -83.93642,33.201948 -83.936102,33.201962 -83.935996,33.201968 -83.935644,33.201974 -83.934496,33.201976 -83.934439,33.201977 -83.93405,33.201987 -83.932971,33.201971 -83.931024,33.201944 -83.930992,33.201944 -83.930008,33.20193 -83.929735,33.201926 -83.928657,33.201913 -83.928354,33.201909 -83.928102,33.201904 -83.927963,33.201902 -83.92683,33.201878 -83.926667,33.201875 -83.925284,33.201847 -83.923683,33.201815 -83.922277,33.201787 -83.92149,33.201778 -83.921476,33.201779 -83.919103,33.201749 -83.911976,33.201669 -83.911889,33.201668 -83.911446,33.201671 -83.910017,33.201683 -83.909601,33.201686 -83.909258,33.201687 -83.909175,33.20169 -83.908735,33.201693 -83.908421,33.20169 -83.906166,33.201672 -83.905416,33.201667 -83.905391,33.201667 -83.904887,33.201678 -83.9033,33.201717 -83.902994,33.201724 -83.902773,33.20173 -83.901305,33.201766 -83.89995,33.2018 -83.898654,33.201829 -83.896905,33.201867 -83.895439,33.2019 -83.893601,33.20194 -83.892721,33.201961 -83.888087,33.202064 -83.88625,33.202106 -83.884524,33.20216 -83.879346,33.202322 -83.877805,33.202371 -83.877621,33.202375 -83.877499,33.202377 -83.877135,33.202384 -83.877014,33.202387 -83.876347,33.202365 -83.874905,33.202322 -83.874233,33.202298 -83.873541,33.202162 -83.872933,33.202046 -83.872216,33.201997 -83.871245,33.201932 -83.870062,33.201932 -83.869398,33.201933 -83.869351,33.20196 -83.868988,33.201982 -83.868714,33.201993 -83.868332,33.20196 -83.868232,33.201933 -83.868114,33.201933 -83.867324,33.201658 -83.866915,33.201361 -83.866534,33.200652 -83.866316,33.200401 -83.865869,33.200257 -83.865744,33.200218 -83.865607,33.200213 -83.865433,33.20023 -83.865321,33.200249 -83.865197,33.200277 -83.864842,33.200317 -83.864551,33.200371 -83.864414,33.2004 -83.864264,33.200398 -83.864056,33.200406 -83.86362,33.200493 -83.862695,33.200427 -83.86231,33.2004 -83.862128,33.200398 -83.861913,33.200433 -83.861265,33.200714 -83.861076,33.200741 -83.860787,33.20074 -83.86057,33.200714 -83.860263,33.200714 -83.859884,33.200692 -83.859567,33.200646 -83.859385,33.200582 -83.859238,33.200495 -83.859085,33.200241 -83.858923,33.200008 -83.858337,33.199465 -83.858065,33.199396 -83.857711,33.199166 -83.857541,33.199082 -83.857498,33.199027 -83.857221,33.198847 -83.856567,33.198618 -83.856317,33.198447 -83.856236,33.19843 -83.856126,33.198365 -83.856022,33.198208 -83.855979,33.198019 -83.855989,33.197777 -83.856059,33.197434 -83.856027,33.197268 -83.85602,33.197252 -83.855858,33.197085 -83.855623,33.197065 -83.85558,33.197104 -83.855474,33.197174 -83.855322,33.197201 -83.855168,33.197189 -83.855152,33.197178 -83.855069,33.1972 -83.854387,33.19704 -83.85406,33.196811 -83.853597,33.196651 -83.853352,33.196399 -83.852752,33.194912 -83.85268,33.194876 -83.852527,33.194837 -83.852365,33.194832 -83.852273,33.194788 -83.852156,33.194791 -83.851996,33.194855 -83.85172,33.194983 -83.851226,33.195166 -83.850994,33.195239 -83.850861,33.195255 -83.85077,33.195267 -83.850499,33.195267 -83.850449,33.195265 -83.850393,33.195257 -83.850236,33.195226 -83.850064,33.195208 -83.849902,33.195196 -83.849785,33.195214 -83.849679,33.195262 -83.849442,33.195464 -83.849048,33.195822 -83.848888,33.195902 -83.848627,33.19593 -83.848325,33.195926 -83.84809,33.195886 -83.847883,33.195921 -83.847691,33.1961 -83.847454,33.196287 -83.847214,33.196391 -83.846918,33.196458 -83.846791,33.196452 -83.846572,33.196493 -83.846429,33.196534 -83.846338,33.196599 -83.846271,33.196651 -83.846221,33.196774 -83.846188,33.196873 -83.846175,33.19704 -83.846115,33.19714 -83.846035,33.197172 -83.845944,33.197144 -83.845825,33.197078 -83.845722,33.196996 -83.844477,33.196662 -83.843947,33.196697 -83.84374,33.196717 -83.843525,33.196775 -83.843391,33.196816 -83.843239,33.196842 -83.842978,33.196855 -83.84287,33.196873 -83.842725,33.196823 -83.842615,33.196773 -83.842573,33.19674 -83.842489,33.196724 -83.841862,33.196267 -83.841392,33.196135 -83.841232,33.196107 -83.841158,33.19607 -83.841127,33.196061 -83.841026,33.195966 -83.840747,33.195751 -83.840654,33.195654 -83.840605,33.195571 -83.84032,33.195303 -83.840081,33.195205 -83.839998,33.195154 -83.83995,33.195087 -83.839938,33.194966 -83.839894,33.194747 -83.839905,33.194601 -83.83982,33.194001 -83.839956,33.19368 -83.840282,33.193451 -83.840282,33.193085 -83.840064,33.192627 -83.83971,33.192354 -83.839539,33.19211 -83.839516,33.192106 -83.839404,33.191973 -83.839402,33.191915 -83.839356,33.19185 -83.839081,33.191696 -83.839034,33.191693 -83.839001,33.191651 -83.838784,33.19153 -83.838675,33.190889 -83.838158,33.190637 -83.837794,33.190258 -83.837586,33.190042 -83.836987,33.18963 -83.836874,33.18963 -83.836848,33.189723 -83.836777,33.18977 -83.836652,33.189803 -83.836328,33.189811 -83.836106,33.189791 -83.835707,33.189791 -83.835517,33.189676 -83.835271,33.189356 -83.83519,33.189035 -83.835407,33.188555 -83.835434,33.188165 -83.835348,33.187946 -83.835334,33.187934 -83.835267,33.187822 -83.835237,33.187701 -83.835244,33.187679 -83.835217,33.187248 -83.835082,33.186766 -83.83481,33.18649 -83.834075,33.186284 -83.833802,33.186005 -83.833693,33.185893 -83.833121,33.185594 -83.832848,33.185273 -83.832604,33.184654 -83.832223,33.184355 -83.831379,33.184262 -83.829825,33.184213 -83.829498,33.184029 -83.828791,33.183065 -83.828546,33.182904 -83.828029,33.18288 -83.827647,33.182948 -83.827211,33.182764 -83.827211,33.182736 -83.827131,33.182682 -83.827082,33.182554 -83.827059,33.182388 -83.82712,33.182296 -83.827244,33.182232 -83.827486,33.182225 -83.827545,33.182169 -83.827436,33.182008 -83.826889,33.181984 -83.826478,33.181777 -83.826123,33.18173 -83.826089,33.181741 -83.826066,33.181763 -83.825994,33.181795 -83.825904,33.181813 -83.825873,33.181811 -83.825237,33.181787 -83.824619,33.181774 -83.824068,33.181624 -83.823077,33.181113 -83.823008,33.181078 -83.822733,33.180812 -83.822651,33.180552 -83.822572,33.180487 -83.822527,33.180452 -83.822404,33.180353 -83.822337,33.180301 -83.822261,33.180238 -83.822355,33.180029 -83.822456,33.179813 -83.822762,33.179386 -83.822937,33.179091 -83.823212,33.178711 -83.823377,33.178565 -83.823517,33.17841 -83.823685,33.178116 -83.824081,33.177601 -83.824265,33.177143 -83.824417,33.176861 -83.824532,33.176516 -83.8246,33.176205 -83.824631,33.175915 -83.824585,33.17564 -83.82449,33.175281 -83.8242,33.174173 -83.823902,33.173032 -83.823799,33.172642 -83.823731,33.172105 -83.823738,33.171478 -83.823715,33.171314 -83.823708,33.171036 -83.82373,33.170792 -83.823791,33.170521 -83.823921,33.17015 -83.823929,33.169868 -83.824188,33.168532 -83.824387,33.167026 -83.824396,33.166907 -83.824493,33.165684 -83.824493,33.165053 -83.824455,33.164505 -83.824387,33.164093 -83.824421,33.163881 -83.824432,33.163807 -83.824432,33.163517 -83.82431,33.162295 -83.824225,33.161868 -83.823967,33.16058 -83.823807,33.159976 -83.823616,33.159421 -83.823508,33.159156 -83.823372,33.158821 -83.823292,33.158648 -83.822945,33.15789 -83.822929,33.157856 -83.822496,33.157314 -83.82206,33.156768 -83.821304,33.155941 -83.820771,33.15544 -83.820366,33.15506 -83.819632,33.154428 -83.819298,33.15414 -83.819079,33.153967 -83.818344,33.153385 -83.817924,33.152996 -83.816856,33.151919 -83.81639,33.15139 -83.815895,33.150826 -83.814953,33.149613 -83.814056,33.14846 -83.813995,33.148308 -83.813972,33.148254 -83.813919,33.147633 -83.81395,33.147472 -83.814011,33.147315 -83.814217,33.147049 -83.81431,33.14698 -83.814621,33.146751 -83.814809,33.146676 -83.81514,33.146545 -83.815567,33.146317 -83.815918,33.146076 -83.816238,33.145802 -83.816322,33.145718 -83.816416,33.145454 -83.816696,33.145124 -83.816879,33.144787 -83.817001,33.144325 -83.81707,33.143929 -83.817077,33.14379 -83.817101,33.143341 -83.817192,33.142536 -83.817268,33.14154 -83.817238,33.141098 -83.817169,33.140636 -83.817062,33.140179 -83.816917,33.13974 -83.816566,33.138874 -83.816467,33.1385 -83.816463,33.138461 -83.816429,33.13816 -83.816444,33.13729 -83.816419,33.137003 -83.816368,33.136429 -83.816238,33.135865 -83.815811,33.134017 -83.815727,33.133595 -83.815735,33.133183 -83.815794,33.132691 -83.815811,33.132553 -83.815919,33.132219 -83.816048,33.131816 -83.815763,33.131861 -83.805396,33.133467 -83.79817,33.134587 -83.798053,33.134606 -83.795444,33.135009 -83.794801,33.13511 -83.794252,33.135194 -83.793522,33.135308 -83.792607,33.135449 -83.792059,33.135535 -83.791393,33.135638 -83.789618,33.135913 -83.789396,33.135947 -83.788731,33.136051 -83.787973,33.136168 -83.787001,33.136319 -83.785836,33.136495 -83.782633,33.136995 -83.779474,33.137483 -83.779231,33.13752 -83.776355,33.137961 -83.77138,33.138723 -83.765708,33.139594 -83.765003,33.139701 -83.762891,33.140023 -83.762187,33.140132 -83.761856,33.140182 -83.760863,33.140335 -83.760533,33.140387 -83.758838,33.140645 -83.753756,33.141419 -83.753259,33.141497 -83.752064,33.141688 -83.751303,33.141804 -83.750821,33.141868 -83.748595,33.142169 -83.748134,33.142232 -83.74709,33.142387 -83.745849,33.142573 -83.744865,33.142721 -83.74467,33.142751 -83.741913,33.143168 -83.74093,33.143317 -83.735477,33.144172 -83.734597,33.14431 -83.733862,33.144423 -83.731318,33.144822 -83.731143,33.144848 -83.729794,33.145052 -83.722807,33.146111 -83.720952,33.146392 -83.719507,33.146613 -83.719026,33.146688 -83.715593,33.147203 -83.713145,33.147576 -83.705037,33.148806 -83.704528,33.14888 -83.703832,33.148988 -83.703548,33.149028 -83.703478,33.149039 -83.702951,33.149116 -83.702339,33.149209 -83.701373,33.149358 -83.700848,33.149441 -83.70078,33.149451 -83.700508,33.149495 -83.699794,33.149602 -83.697653,33.149923 -83.697015,33.15002 -83.69694,33.150032 -83.692311,33.150739 -83.689716,33.151137 -83.688609,33.151306 -83.686156,33.151684 -83.68193,33.152334 -83.68189,33.15234 -83.681128,33.152457 -83.678722,33.152827 -83.677921,33.152951 -83.677049,33.153084 -83.675483,33.153326 -83.674433,33.153485 -83.673562,33.153618 -83.673202,33.153671 -83.67276,33.153738 -83.672122,33.153835 -83.671763,33.15389 -83.669882,33.154172 -83.65867,33.15587 -83.65454,33.156495 -83.647829,33.157511 -83.640627,33.158595 -83.640492,33.158622 -83.638138,33.158976 -83.63395,33.159625 -83.630628,33.160137 -83.630585,33.160144 -83.629585,33.160298 -83.629421,33.160322 -83.628102,33.16052 -83.628053,33.160523 -83.628039,33.16053 -83.627977,33.160539 -83.627886,33.160554 -83.627793,33.160567 -83.627732,33.160577 -83.626823,33.160713 -83.62439,33.16108 -83.624098,33.161119 -83.62374,33.161168 -83.623188,33.161244 -83.622655,33.161316 -83.622523,33.161336 -83.622206,33.161378 -83.621728,33.161445 -83.621257,33.161507 -83.620941,33.161552 -83.62079,33.161572 -83.620339,33.161634 -83.620189,33.161655 -83.619572,33.161738 -83.618963,33.161823 -83.617724,33.161993 -83.617109,33.162079 -83.615692,33.162273 -83.613503,33.162574 -83.611441,33.162855 -83.610024,33.163051 -83.609278,33.163151 -83.607041,33.163459 -83.606296,33.163562 -83.606201,33.163573 -83.605919,33.163612 -83.605826,33.163627 -83.605224,33.16371 -83.601507,33.16422 -83.596465,33.164912 -83.58855,33.165996 -83.584232,33.16659 -83.583165,33.166736 -83.581342,33.166987 -83.580968,33.167038 -83.579966,33.167185 -83.578901,33.167342 -83.578749,33.167363 -83.578411,33.167412 -83.578145,33.167452 -83.577968,33.16748 -83.57779,33.167507 -83.576581,33.167684 -83.575002,33.167897 -83.571199,33.16841 -83.569596,33.168633 -83.567858,33.168877 -83.561334,33.169786 -83.557342,33.170343 -83.557315,33.170347 -83.556794,33.170419 -83.555234,33.170637 -83.554714,33.17071 -83.554573,33.170726 -83.554153,33.170775 -83.554013,33.170793 -83.553594,33.170854 -83.55266,33.170993 -83.552337,33.171039 -83.551918,33.171101 -83.55078,33.171259 -83.547986,33.17165 -83.547366,33.171736 -83.546229,33.171896 -83.546158,33.171905 -83.545876,33.171944 -83.5451,33.17196 -83.544906,33.171965 -83.544337,33.171977 -83.54371,33.172064 -83.540141,33.172564 -83.538952,33.172731 -83.533046,33.173557 -83.525624,33.174389 -83.52529,33.174425 -83.523848,33.174652 -83.523519,33.174683 -83.522301,33.174857 -83.520317,33.175131 -83.519508,33.175248 -83.516116,33.175721 -83.510769,33.176466 -83.509138,33.176694 -83.508824,33.176741 -83.503004,33.177653 -83.501064,33.177958 -83.500793,33.178001 -83.500695,33.178016 -83.499887,33.178143 -83.49959,33.178089 -83.499127,33.178008 -83.497601,33.178201 -83.492736,33.178818 -83.491612,33.178962 -83.491115,33.179025 -83.490654,33.179083 -83.489273,33.179257 -83.488813,33.179317 -83.486838,33.179567 -83.480913,33.180318 -83.478939,33.180571 -83.475279,33.181035 -83.474365,33.181152 -83.468735,33.181868 -83.464878,33.182358 -83.460754,33.182882 -83.456629,33.183405 -83.454466,33.183681 -83.452472,33.183893 -83.446456,33.184673 -83.445935,33.184739 -83.444375,33.184942 -83.443855,33.18501 -83.4434,33.185068 -83.442036,33.185243 -83.441582,33.185304 -83.441235,33.185349 -83.440194,33.185482 -83.439848,33.185529 -83.439395,33.185587 -83.439073,33.18563 -83.438032,33.185723 -83.437578,33.185764 -83.437093,33.185807 -83.43699,33.185819 -83.436844,33.185837 -83.436849,33.185762 -83.436841,33.185322 -83.436818,33.185143 -83.436783,33.184965 -83.436736,33.184789 -83.436678,33.184616 -83.4366,33.184448 -83.436555,33.184366 -83.436473,33.18424 -83.435921,33.183309 -83.435848,33.183244 -83.435756,33.183198 -83.435654,33.183172 -83.43555,33.18319 -83.435473,33.183253 -83.435405,33.183322 -83.435288,33.183474 -83.43522,33.183531 -83.435127,33.183575 -83.435023,33.183597 -83.434916,33.183595 -83.434809,33.183586 -83.434704,33.183571 -83.434554,33.183538 -83.433809,33.183296 -83.433736,33.183273 -83.433633,33.183246 -83.433424,33.183206 -83.433212,33.183184 -83.433105,33.183186 -83.432998,33.183199 -83.432896,33.183224 -83.432795,33.183255 -83.432697,33.183292 -83.432571,33.183346 -83.432424,33.183434 -83.432259,33.183549 -83.432182,33.183611 -83.432105,33.183681 -83.431939,33.183795 -83.431825,33.183884 -83.431783,33.183919 -83.431638,33.184051 -83.431503,33.184191 -83.431381,33.184339 -83.431024,33.184789 -83.430858,33.18499 -83.430419,33.185501 -83.430363,33.185578 -83.43029,33.185644 -83.430204,33.185698 -83.430108,33.185737 -83.430005,33.185761 -83.429891,33.185767 -83.429822,33.185761 -83.42935,33.185568 -83.42926,33.185518 -83.429181,33.185457 -83.429114,33.185387 -83.42909,33.185352 -83.429064,33.185306 -83.42902,33.185221 -83.42896,33.185141 -83.428822,33.184994 -83.428671,33.184854 -83.428509,33.184723 -83.428418,33.18466 -83.428346,33.184594 -83.428285,33.184515 -83.427679,33.183421 -83.427598,33.183301 -83.427534,33.183223 -83.427443,33.183124 -83.427393,33.183076 -83.427312,33.183006 -83.427232,33.182947 -83.427142,33.182889 -83.427049,33.182837 -83.426949,33.182794 -83.426845,33.182758 -83.426739,33.182729 -83.42663,33.18271 -83.426517,33.182701 -83.426406,33.182702 -83.426296,33.182713 -83.42592,33.182794 -83.425652,33.182801 -83.425514,33.182802 -83.42496,33.1828 -83.424854,33.182787 -83.424751,33.182763 -83.424651,33.18273 -83.424268,33.182554 -83.423891,33.182365 -83.423792,33.182307 -83.423712,33.182266 -83.423618,33.182224 -83.423519,33.182188 -83.423418,33.182159 -83.423324,33.182116 -83.423081,33.181958 -83.422946,33.181822 -83.422802,33.181581 -83.422542,33.181104 -83.422418,33.180963 -83.422278,33.180826 -83.422124,33.180701 -83.422042,33.180644 -83.421953,33.180593 -83.421868,33.180538 -83.421788,33.180478 -83.421714,33.180413 -83.421644,33.180344 -83.42158,33.180272 -83.421523,33.180196 -83.42147,33.180109 -83.421265,33.179761 -83.421013,33.179311 -83.420912,33.179152 -83.420799,33.178999 -83.420673,33.178853 -83.420551,33.178728 -83.420468,33.17866 -83.420228,33.178491 -83.419969,33.178331 -83.419785,33.178239 -83.419277,33.177993 -83.419102,33.17789 -83.419019,33.177833 -83.418939,33.177772 -83.418789,33.177644 -83.41863,33.177523 -83.418549,33.177464 -83.418442,33.1774 -83.418377,33.177372 -83.418277,33.17734 -83.418173,33.177318 -83.418067,33.177306 -83.417961,33.177314 -83.417861,33.177346 -83.417765,33.177386 -83.417673,33.177433 -83.417586,33.177485 -83.417515,33.177552 -83.417465,33.177632 -83.417427,33.177716 -83.417401,33.177803 -83.417387,33.177893 -83.417383,33.177983 -83.417392,33.178073 -83.417405,33.178162 -83.417441,33.17833 -83.417465,33.1784 -83.417488,33.178488 -83.417505,33.178577 -83.417511,33.178667 -83.417509,33.178846 -83.417471,33.17893 -83.417398,33.178996 -83.4173,33.179032 -83.417195,33.179048 -83.417088,33.179043 -83.416916,33.178983 -83.416535,33.178864 -83.416442,33.17882 -83.416344,33.178784 -83.416241,33.178757 -83.416136,33.178739 -83.416029,33.178731 -83.415922,33.178733 -83.415816,33.178744 -83.415711,33.178763 -83.415609,33.178789 -83.415314,33.178888 -83.415123,33.178971 -83.415034,33.179021 -83.414951,33.179078 -83.414874,33.179141 -83.414803,33.179208 -83.414739,33.17928 -83.414656,33.179392 -83.414372,33.179681 -83.414284,33.179733 -83.414183,33.179763 -83.414078,33.17978 -83.413971,33.179783 -83.413865,33.179773 -83.413767,33.179738 -83.413686,33.17968 -83.413625,33.179605 -83.413575,33.17943 -83.413557,33.179341 -83.413552,33.179251 -83.413532,33.179163 -83.413497,33.179078 -83.413448,33.178997 -83.413385,33.178925 -83.413306,33.178863 -83.41322,33.17881 -83.413126,33.178766 -83.413027,33.178732 -83.412922,33.178714 -83.412815,33.178713 -83.412712,33.178737 -83.412622,33.178785 -83.412542,33.178845 -83.412396,33.179004 -83.412311,33.179058 -83.412212,33.179092 -83.412106,33.179101 -83.411987,33.179079 -83.41188,33.179086 -83.411777,33.179109 -83.411679,33.179144 -83.411603,33.179207 -83.411565,33.179291 -83.411497,33.17936 -83.411404,33.179404 -83.411224,33.179504 -83.411156,33.179573 -83.411116,33.179656 -83.411099,33.179745 -83.411112,33.179835 -83.411134,33.179923 -83.411163,33.18001 -83.411205,33.180092 -83.411224,33.180163 -83.411222,33.180189 -83.411187,33.180274 -83.411176,33.180363 -83.411194,33.180451 -83.411221,33.180537 -83.411255,33.180622 -83.411301,33.1807 -83.411326,33.180769 -83.411232,33.180813 -83.410837,33.181002 -83.41009,33.18136 -83.410017,33.181388 -83.40997,33.181432 -83.409926,33.181479 -83.409568,33.181853 -83.408981,33.182477 -83.407655,33.184101 -83.407055,33.184678 -83.406877,33.18485 -83.406443,33.185266 -83.406299,33.185163 -83.405873,33.18486 -83.404983,33.184229 -83.404007,33.182756 -83.403795,33.182435 -83.4023,33.181991 -83.401578,33.182592 -83.400894,33.183158 -83.400243,33.182875 -83.399863,33.182691 -83.398284,33.182305 -83.396273,33.182567 -83.395906,33.182614 -83.394852,33.183093 -83.393503,33.183708 -83.391468,33.183514 -83.391441,33.183539 -83.390994,33.183949 -83.390548,33.184361 -83.390489,33.184417 -83.390309,33.184809 -83.390203,33.184852 -83.389961,33.184941 -83.389559,33.185073 -83.389518,33.185087 -83.389158,33.185264 -83.388648,33.185477 -83.388163,33.185573 -83.388081,33.185589 -83.387973,33.185495 -83.387818,33.185359 -83.387813,33.184865 -83.387812,33.18473 -83.387927,33.184281 -83.387907,33.184121 -83.387901,33.18408 -83.387886,33.183957 -83.387803,33.183906 -83.387537,33.183734 -83.387286,33.183367 -83.387105,33.182913 -83.387205,33.182352 -83.387246,33.182125 -83.387374,33.181498 -83.387497,33.181113 -83.387524,33.180969 -83.38717,33.180745 -83.386752,33.180593 -83.386355,33.180524 -83.38619,33.180496 -83.385886,33.180386 -83.38511,33.179906 -83.384791,33.179619 -83.384539,33.17949 -83.384379,33.179412 -83.384128,33.179286 -83.383634,33.179126 -83.383198,33.178901 -83.382936,33.178623 -83.382591,33.178198 -83.382523,33.177834 -83.381651,33.176982 -83.38108,33.176393 -83.380733,33.176057 -83.380163,33.175838 -83.379744,33.175775 -83.379578,33.175795 -83.379101,33.175854 -83.378372,33.175931 -83.377473,33.176337 -83.376653,33.176655 -83.376107,33.176679 -83.375646,33.176736 -83.375293,33.176706 -83.375224,33.176597 -83.375154,33.176488 -83.374995,33.176243 -83.375076,33.175903 -83.375292,33.175005 -83.375476,33.174384 -83.375628,33.173869 -83.375368,33.17334 -83.375199,33.172994 -83.374976,33.172709 -83.374883,33.172589 -83.374252,33.171967 -83.373667,33.17192 -83.373552,33.171943 -83.372305,33.172197 -83.370523,33.172618 -83.369718,33.172821 -83.369297,33.172878 -83.369162,33.172896 -83.368586,33.172792 -83.368068,33.172624 -83.367837,33.172408 -83.366702,33.170841 -83.366355,33.170287 -83.365319,33.170016 -83.36389,33.169119 -83.36385,33.169094 -83.363543,33.168998 -83.363236,33.169055 -83.362939,33.1692 -83.362519,33.169901 -83.361916,33.170586 -83.361773,33.17098 -83.361957,33.171374 -83.362235,33.171671 -83.362514,33.171799 -83.362735,33.172024 -83.36288,33.172426 -83.362871,33.172884 -83.362346,33.174068 -83.362165,33.174567 -83.362359,33.17529 -83.362571,33.175909 -83.363226,33.176785 -83.363601,33.177411 -83.363747,33.178167 -83.363775,33.178606 -83.363836,33.179535 -83.363588,33.179905 -83.363286,33.180066 -83.36309,33.180171 -83.362409,33.180149 -83.362043,33.180068 -83.361281,33.1799 -83.360565,33.179742 -83.360134,33.179671 -83.35971,33.179092 -83.359485,33.178951 -83.359288,33.178828 -83.358846,33.178716 -83.358203,33.178411 -83.357771,33.178332 -83.357446,33.178405 -83.356696,33.178783 -83.35666,33.178801 -83.355774,33.179059 -83.355491,33.179141 -83.355409,33.179287 -83.355273,33.179527 -83.355233,33.1796 -83.354869,33.179777 -83.354409,33.17977 -83.353581,33.178985 -83.353553,33.178959 -83.353504,33.178946 -83.352824,33.17876 -83.352478,33.178583 -83.352285,33.17823 -83.3519,33.177523 -83.351474,33.177291 -83.350575,33.176801 -83.349553,33.175563 -83.348652,33.174472 -83.348371,33.173137 -83.348093,33.172993 -83.347834,33.173001 -83.347498,33.172994 -83.347162,33.172745 -83.346979,33.172488 -83.347116,33.172086 -83.347118,33.172066 -83.347074,33.17182 -83.346711,33.171517 -83.346508,33.171346 -83.346487,33.17133 -83.346238,33.171122 -83.345777,33.171018 -83.345001,33.171173 -83.344713,33.171077 -83.344666,33.170988 -83.344434,33.170554 -83.344251,33.170329 -83.343873,33.170318 -83.342957,33.170292 -83.342579,33.170221 -83.342466,33.170154 -83.342104,33.169944 -83.341726,33.169722 -83.341699,33.169707 -83.341546,33.169763 -83.341548,33.170664 -83.341625,33.170897 -83.342346,33.171893 -83.34227,33.172248 -83.342249,33.172264 -83.341993,33.172481 -83.341561,33.17241 -83.341348,33.172376 -83.341196,33.172354 -83.340889,33.172306 -83.340151,33.17238 -83.33949,33.172357 -83.33921,33.172265 -83.33873,33.172109 -83.338083,33.171386 -83.337904,33.171185 -83.337568,33.171025 -83.337355,33.170988 -83.336704,33.170874 -83.336129,33.170794 -83.335144,33.170297 -83.334602,33.170024 -83.334061,33.169752 -83.333525,33.16948 -83.333192,33.169312 -83.33266,33.16879 -83.331914,33.16806 -83.331232,33.167562 -83.331043,33.167538 -83.330618,33.167491 -83.330072,33.167604 -83.329864,33.16771 -83.329589,33.167854 -83.329476,33.167912 -83.329364,33.167971 -83.3291,33.168179 -83.328811,33.168418 -83.328518,33.168837 -83.328224,33.169256 -83.327843,33.169797 -83.32722,33.170682 -83.327211,33.171189 -83.327423,33.171567 -83.328458,33.172079 -83.328508,33.172104 -83.328883,33.1725 -83.32969,33.173349 -83.329739,33.173871 -83.329573,33.17429 -83.329529,33.174403 -83.328649,33.175009 -83.328255,33.175129 -83.328146,33.175119 -83.326979,33.175018 -83.325147,33.174716 -83.324063,33.174195 -83.323006,33.17369 -83.322555,33.173312 -83.320437,33.169843 -83.320237,33.169519 -83.319833,33.169246 -83.319191,33.169191 -83.318568,33.169281 -83.318223,33.169563 -83.31766,33.170582 -83.317458,33.170948 -83.31653,33.172003 -83.315822,33.173267 -83.31546,33.174635 -83.315222,33.17585 -83.315288,33.176051 -83.315608,33.177016 -83.315944,33.177353 -83.317059,33.178067 -83.318884,33.179936 -83.318933,33.179987 -83.318943,33.180051 -83.31903,33.180582 -83.318897,33.181467 -83.318931,33.182033 -83.318957,33.182456 -83.318852,33.183116 -83.318671,33.183366 -83.318614,33.183386 -83.318445,33.183443 -83.318201,33.183527 -83.317808,33.183439 -83.317566,33.183287 -83.317385,33.183175 -83.31616,33.18144 -83.316097,33.181351 -83.315779,33.181102 -83.31504,33.181047 -83.314503,33.181168 -83.313612,33.18162 -83.31329,33.181738 -83.312885,33.181887 -83.312797,33.181919 -83.312222,33.181944 -83.311886,33.181912 -83.310418,33.181175 -83.308978,33.180903 -83.306472,33.180509 -83.305066,33.180475 -83.304957,33.180473 -83.303798,33.180765 -83.302937,33.181348 -83.302116,33.182276 -83.301421,33.1833 -83.299897,33.18539 -83.297154,33.187685 -83.29646,33.188162 -83.295897,33.18855 -83.295836,33.18859 -83.294592,33.189367 -83.292952,33.189879 -83.291928,33.19022 -83.291104,33.1904 -83.290576,33.190377 -83.289944,33.190269 -83.289924,33.190266 -83.288223,33.189982 -83.288062,33.189997 -83.287083,33.19009 -83.286219,33.190052 -83.283819,33.18941 -83.283779,33.189399 -83.28371,33.189398 -83.283036,33.189386 -83.282608,33.189379 -83.282185,33.189291 -83.28157,33.188979 -83.280964,33.188624 -83.279116,33.187545 -83.27853,33.18745 -83.278175,33.187442 -83.277975,33.187437 -83.27736,33.187424 -83.276574,33.187409 -83.27492,33.187294 -83.274191,33.187244 -83.274108,33.187238 -83.271862,33.18705 -83.269895,33.186974 -83.2686,33.187188 -83.267432,33.187649 -83.266149,33.188361 -83.264933,33.1888 -83.263658,33.189093 -83.262738,33.189127 -83.261874,33.189017 -83.260538,33.188533 -83.25863,33.18838 -83.257704,33.188226 -83.255567,33.187748 -83.249877,33.186436 -83.2467,33.185686 -83.245609,33.185429 -83.243925,33.185032 -83.242524,33.184709 -83.241074,33.184375 -83.240613,33.184269 -83.239713,33.184057 -83.238917,33.183878 -83.238595,33.183757 -83.238107,33.183653 -83.237366,33.183526 -83.237215,33.183478 -83.2371,33.183461 -83.235094,33.18313 -83.233665,33.182896 -83.231121,33.18248 -83.229067,33.182156 -83.22823,33.182007 -83.227186,33.181837 -83.225797,33.181626 -83.225018,33.181507 -83.224685,33.181455 -83.222654,33.181117 -83.220254,33.18072 -83.217895,33.180327 -83.216598,33.180116 -83.214903,33.17987 -83.213599,33.179586 -83.212202,33.17933 -83.211369,33.179181 -83.210489,33.179023 -83.207954,33.178573 -83.204599,33.177979 -83.199978,33.177158 -83.198605,33.176909 -83.196843,33.176588 -83.195373,33.176336 -83.193348,33.175807 -83.191116,33.175241 -83.19045,33.175072 -83.190239,33.175018 -83.189049,33.174716 -83.188842,33.174664 -83.187625,33.174357 -83.186972,33.174194 -83.18646,33.174061 -83.185747,33.173881 -83.184709,33.173615 -83.184504,33.173563 -83.183648,33.173357 -83.182504,33.173058 -83.182131,33.17296 -83.181488,33.172793 -83.180665,33.172583 -83.178843,33.172129 -83.178257,33.171968 -83.177962,33.171891 -83.17654,33.171539 -83.175394,33.171253 -83.175263,33.171222 -83.17455,33.171044 -83.173841,33.170868 -83.173208,33.17071 -83.172705,33.170586 -83.17199,33.170409 -83.170108,33.169941 -83.168511,33.169545 -83.16745,33.16928 -83.166297,33.168995 -83.165329,33.168754 -83.165002,33.168678 -83.162665,33.168089 -83.159224,33.167229 -83.157143,33.166708 -83.155237,33.16623 -83.151679,33.165351 -83.150106,33.16497 -83.147959,33.164451 -83.146135,33.164018 -83.142803,33.163227 -83.14029,33.16263 -83.13971,33.162492 -83.137113,33.161876 -83.134877,33.161344 -83.13211,33.160689 -83.129932,33.160172 -83.125168,33.159042 -83.123827,33.158723 -83.120832,33.158012 -83.118131,33.15737 -83.116183,33.156909 -83.115431,33.156734 -83.114259,33.156388 -83.113215,33.156083 -83.112384,33.155839 -83.111873,33.15569 -83.111351,33.155538 -83.110614,33.155323 -83.108372,33.154668 -83.107164,33.154316 -83.10532,33.153776 -83.102739,33.153022 -83.0998,33.152164 -83.099266,33.152008 -83.098425,33.151763 -83.098198,33.151696 -83.097649,33.151536 -83.097596,33.151514 -83.097563,33.15147 -83.097507,33.15141 -83.097503,33.15132 -83.097515,33.15123 -83.097552,33.151145 -83.097578,33.151058 -83.097598,33.15097 -83.097612,33.15088 -83.097619,33.150805 -83.097622,33.1507 -83.097606,33.15052 -83.097584,33.150433 -83.097595,33.150343 -83.09762,33.150256 -83.097663,33.150173 -83.09769,33.150087 -83.097675,33.150035 -83.097579,33.149918 -83.097585,33.149828 -83.097651,33.149763 -83.097609,33.149679 -83.097585,33.149592 -83.097588,33.149503 -83.09755,33.149419 -83.097482,33.14935 -83.097389,33.149305 -83.097293,33.149265 -83.097193,33.149231 -83.097097,33.149192 -83.096983,33.149133 -83.096842,33.149095 -83.096762,33.149054 -83.096734,33.149026 -83.096658,33.148964 -83.096621,33.14888 -83.096632,33.148791 -83.096664,33.148729 -83.096729,33.148629 -83.096796,33.148561 -83.096853,33.148484 -83.096896,33.148401 -83.096928,33.148316 -83.096918,33.148226 -83.096905,33.148169 -83.096868,33.148051 -83.096814,33.147939 -83.096731,33.147807 -83.096619,33.147654 -83.096551,33.147582 -83.096405,33.147452 -83.096316,33.147402 -83.096217,33.147368 -83.096003,33.147351 -83.0959,33.147328 -83.095803,33.14729 -83.095715,33.147239 -83.095619,33.147198 -83.095518,33.147168 -83.095412,33.147157 -83.095314,33.147121 -83.09523,33.147067 -83.09521,33.146979 -83.095211,33.146889 -83.095231,33.146801 -83.095285,33.146724 -83.095335,33.146642 -83.095379,33.146561 -83.095451,33.146392 -83.095477,33.146304 -83.095514,33.14622 -83.095561,33.146138 -83.095623,33.146065 -83.095673,33.145985 -83.095706,33.145899 -83.09575,33.145819 -83.095743,33.14573 -83.09569,33.145654 -83.095583,33.145654 -83.095508,33.145713 -83.09546,33.145696 -83.095411,33.145676 -83.095328,33.14562 -83.095132,33.145406 -83.095081,33.145327 -83.095039,33.145245 -83.09505,33.145156 -83.095112,33.145083 -83.095209,33.145048 -83.095284,33.144987 -83.095254,33.1449 -83.095218,33.144816 -83.095125,33.144653 -83.095051,33.144484 -83.095045,33.144402 -83.095063,33.144306 -83.095122,33.144232 -83.09519,33.144195 -83.095305,33.144139 -83.095402,33.1441 -83.09552,33.144064 -83.095606,33.144046 -83.095705,33.144011 -83.095798,33.143967 -83.095882,33.143911 -83.095957,33.143848 -83.095972,33.143759 -83.095943,33.143673 -83.095864,33.143613 -83.095801,33.143541 -83.095764,33.143456 -83.095758,33.143366 -83.095814,33.143192 -83.095829,33.143107 -83.095833,33.143013 -83.095828,33.142933 -83.095839,33.142834 -83.095905,33.142662 -83.095956,33.142583 -83.095972,33.142494 -83.095952,33.142406 -83.095838,33.142254 -83.095656,33.142031 -83.095599,33.141955 -83.095553,33.141872 -83.095515,33.14179 -83.095549,33.141708 -83.095651,33.141679 -83.095752,33.141686 -83.095788,33.141602 -83.095778,33.141513 -83.095721,33.141436 -83.095575,33.141195 -83.095482,33.141095 -83.095482,33.140942 -83.095598,33.140912 -83.095686,33.140861 -83.095758,33.140794 -83.095803,33.140712 -83.095821,33.140534 -83.095823,33.140444 -83.095859,33.140358 -83.095916,33.140293 -83.096015,33.140242 -83.096206,33.140214 -83.096258,33.140181 -83.096249,33.14013 -83.096258,33.140078 -83.096323,33.140045 -83.096354,33.139995 -83.096402,33.139867 -83.096459,33.139733 -83.096599,33.139559 -83.097216,33.138862 -83.097276,33.138787 -83.097329,33.138709 -83.097374,33.138627 -83.097414,33.138543 -83.097445,33.138457 -83.09748,33.138312 -83.097494,33.13819 -83.097493,33.1381 -83.097465,33.138013 -83.097467,33.137924 -83.0975,33.137838 -83.09757,33.13777 -83.097635,33.137698 -83.097707,33.137632 -83.097749,33.137549 -83.097753,33.137445 -83.097714,33.137376 -83.097628,33.137282 -83.097469,33.137234 -83.097437,33.137183 -83.097451,33.137138 -83.097502,33.137068 -83.097524,33.137009 -83.097507,33.136953 -83.09746,33.136884 -83.097437,33.13684 -83.097457,33.13675 -83.097532,33.136583 -83.097635,33.136349 -83.09773,33.136136 -83.097794,33.136063 -83.097865,33.135997 -83.097943,33.135935 -83.098028,33.13588 -83.09813,33.135824 -83.098256,33.135714 -83.098266,33.135648 -83.098299,33.135443 -83.098282,33.135027 -83.098268,33.1348 -83.098243,33.13462 -83.098207,33.134442 -83.098176,33.134357 -83.098164,33.134267 -83.098172,33.134177 -83.098198,33.13409 -83.09824,33.134006 -83.098317,33.133944 -83.098362,33.133864 -83.098356,33.133774 -83.098364,33.133594 -83.098384,33.133505 -83.098479,33.133282 -83.098541,33.133203 -83.09861,33.133134 -83.098685,33.133069 -83.098765,33.133011 -83.09886,33.13297 -83.098956,33.132952 -83.09917,33.132899 -83.099261,33.132852 -83.09933,33.132783 -83.099463,33.132745 -83.099698,33.132734 -83.099792,33.132733 -83.099824,33.132731 -83.099964,33.132576 -83.100046,33.132544 -83.100348,33.132526 -83.100454,33.132478 -83.100549,33.132389 -83.100626,33.132286 -83.100651,33.132254 -83.10074,33.132164 -83.100837,33.132118 -83.101032,33.132044 -83.101221,33.13196 -83.101294,33.131923 -83.101401,33.131863 -83.101571,33.131752 -83.101632,33.131708 -83.101727,33.13163 -83.101797,33.13156 -83.10186,33.131487 -83.101967,33.131332 -83.102024,33.131234 -83.10214,33.131002 -83.102186,33.130921 -83.102294,33.130764 -83.102362,33.130695 -83.102439,33.130633 -83.102618,33.130533 -83.102704,33.13048 -83.10278,33.130415 -83.10287,33.130369 -83.103008,33.130333 -83.103099,33.130344 -83.103191,33.130394 -83.103299,33.130493 -83.103406,33.130555 -83.103558,33.130603 -83.103665,33.130646 -83.103928,33.130927 -83.104012,33.130983 -83.104103,33.131031 -83.104199,33.131071 -83.104302,33.131096 -83.10473,33.131107 -83.104836,33.131098 -83.10494,33.131075 -83.105038,33.131039 -83.105128,33.130989 -83.105206,33.130929 -83.105338,33.130786 -83.105432,33.130743 -83.105532,33.130712 -83.105864,33.130681 -83.106173,33.130668 -83.106358,33.130667 -83.106465,33.130657 -83.106572,33.130657 -83.106678,33.13067 -83.106781,33.130694 -83.106877,33.130733 -83.106932,33.13075 -83.107081,33.130788 -83.107127,33.130778 -83.107241,33.130757 -83.10738,33.13077 -83.107415,33.130772 -83.10755,33.130758 -83.107632,33.130693 -83.107752,33.130647 -83.107857,33.13062 -83.108016,33.130636 -83.108106,33.130616 -83.108195,33.13055 -83.108319,33.130412 -83.108364,33.130363 -83.108594,33.130169 -83.108755,33.13008 -83.10887,33.130018 -83.109048,33.129894 -83.109152,33.129829 -83.109217,33.129741 -83.10932,33.129582 -83.10946,33.129339 -83.10952,33.129223 -83.109555,33.129151 -83.109598,33.129081 -83.109948,33.128503 -83.109985,33.128418 -83.110042,33.128245 -83.110063,33.128155 -83.110076,33.128067 -83.110103,33.127979 -83.110144,33.127896 -83.110194,33.127817 -83.110263,33.127727 -83.110317,33.127668 -83.110391,33.127603 -83.110459,33.127535 -83.11055,33.127428 -83.110582,33.127387 -83.110623,33.127297 -83.110649,33.127194 -83.110591,33.127116 -83.110474,33.12699 -83.110128,33.126534 -83.110076,33.126455 -83.110032,33.126374 -83.10988,33.125942 -83.10987,33.125852 -83.109872,33.125762 -83.10988,33.125673 -83.109938,33.125574 -83.110022,33.125435 -83.109996,33.125099 -83.109943,33.124823 -83.109909,33.124788 -83.109258,33.124114 -83.109112,33.123981 -83.10903,33.123924 -83.108967,33.123851 -83.10892,33.12377 -83.108888,33.123669 -83.108851,33.12341 -83.10883,33.123317 -83.108691,33.122883 -83.108648,33.122706 -83.108607,33.122438 -83.108598,33.12229 -83.108597,33.122233 -83.108633,33.122169 -83.108692,33.122117 -83.108774,33.122084 -83.108811,33.12202 -83.108816,33.12193 -83.108776,33.12183 -83.108627,33.121585 -83.108566,33.121423 -83.108426,33.121024 -83.108402,33.120936 -83.108387,33.120846 -83.108364,33.120486 -83.108341,33.120308 -83.108303,33.12013 -83.108273,33.120044 -83.108189,33.119878 -83.108122,33.119763 -83.108057,33.119577 -83.108034,33.11949 -83.108017,33.119401 -83.108007,33.119311 -83.108003,33.119221 -83.108005,33.119131 -83.108025,33.118952 -83.108048,33.118864 -83.108082,33.118778 -83.108099,33.118746 -83.108175,33.118616 -83.108232,33.11854 -83.108283,33.11846 -83.108328,33.118378 -83.108368,33.118285 -83.108428,33.118121 -83.108464,33.118037 -83.108508,33.117953 -83.108536,33.117868 -83.108545,33.117778 -83.108566,33.11769 -83.108599,33.117604 -83.108643,33.117521 -83.108699,33.117444 -83.108757,33.117379 -83.108835,33.117306 -83.108991,33.117182 -83.109138,33.11705 -83.109208,33.116982 -83.109269,33.116909 -83.109323,33.116828 -83.1094,33.116661 -83.10943,33.116576 -83.109455,33.116487 -83.109473,33.116399 -83.109484,33.11631 -83.109486,33.11622 -83.1095,33.11609 -83.109536,33.116014 -83.109595,33.115962 -83.109782,33.115882 -83.109863,33.115792 -83.109868,33.11571 -83.109813,33.115622 -83.109544,33.115403 -83.109453,33.115236 -83.109399,33.115158 -83.109342,33.115015 -83.109363,33.114964 -83.109422,33.114907 -83.109533,33.114815 -83.109637,33.114713 -83.109707,33.114514 -83.109796,33.114362 -83.109844,33.114238 -83.109869,33.11406 -83.109882,33.113926 -83.109973,33.113872 -83.109994,33.113861 -83.110092,33.113853 -83.110189,33.113801 -83.110263,33.113749 -83.110359,33.113692 -83.110448,33.113661 -83.110552,33.113644 -83.11065,33.11368 -83.110882,33.113867 -83.110971,33.113917 -83.111073,33.113943 -83.111154,33.113995 -83.111234,33.114061 -83.111285,33.11414 -83.111356,33.114209 -83.111444,33.11426 -83.111536,33.114305 -83.111631,33.114345 -83.111737,33.114362 -83.111827,33.114367 -83.111849,33.114367 -83.111948,33.114353 -83.11204,33.114306 -83.112095,33.11423 -83.11217,33.114165 -83.112258,33.114115 -83.112358,33.114082 -83.11249,33.114022 -83.112534,33.113971 -83.112541,33.113932 -83.112503,33.113881 -83.112463,33.11385 -83.112447,33.113794 -83.112445,33.113723 -83.112489,33.11366 -83.112575,33.113442 -83.112692,33.113307 -83.112796,33.113248 -83.112908,33.113194 -83.112962,33.11318 -83.113028,33.11316 -83.112876,33.11312 -83.112807,33.113076 -83.112784,33.113031 -83.112782,33.112962 -83.112885,33.112845 -83.112937,33.112766 -83.112984,33.112685 -83.113022,33.112606 -83.113058,33.112516 -83.113087,33.11243 -83.113106,33.112346 -83.113181,33.112045 -83.113196,33.111989 -83.113211,33.1119 -83.113216,33.11181 -83.113215,33.11172 -83.113196,33.111631 -83.113159,33.111547 -83.113104,33.111469 -83.113036,33.1114 -83.112948,33.111348 -83.112843,33.11133 -83.112737,33.111316 -83.11263,33.111309 -83.112524,33.111313 -83.112419,33.111293 -83.112318,33.111248 -83.11224,33.111122 -83.112267,33.11102 -83.112378,33.110903 -83.112548,33.11076 -83.112585,33.110722 -83.112743,33.110546 -83.11286,33.110394 -83.112992,33.110202 -83.113081,33.110086 -83.113125,33.110004 -83.113152,33.109917 -83.11316,33.109827 -83.113156,33.10975 -83.113137,33.109648 -83.113076,33.109475 -83.113024,33.109301 -83.113011,33.109211 -83.113012,33.109121 -83.113027,33.109032 -83.113049,33.108942 -83.113077,33.108857 -83.113112,33.10877 -83.113197,33.108606 -83.113247,33.108525 -83.113414,33.108296 -83.113501,33.108129 -83.113503,33.107913 -83.113545,33.107779 -83.113579,33.107626 -83.113576,33.107505 -83.113544,33.107416 -83.113534,33.107301 -83.11357,33.107244 -83.113644,33.107186 -83.113733,33.107135 -83.113816,33.107079 -83.113946,33.106972 -83.113969,33.106952 -83.114031,33.106879 -83.114077,33.106797 -83.114091,33.1066 -83.114021,33.10653 -83.113946,33.106467 -83.113855,33.10642 -83.113756,33.106397 -83.113645,33.106395 -83.113517,33.106429 -83.113449,33.10643 -83.113403,33.106405 -83.113341,33.106336 -83.113284,33.106313 -83.113204,33.106294 -83.113128,33.10627 -83.11309,33.106245 -83.113077,33.106229 -83.113058,33.106195 -83.113049,33.106144 -83.112995,33.106101 -83.112934,33.106085 -83.112912,33.106083 -83.112799,33.106085 -83.112745,33.106054 -83.112736,33.106003 -83.11278,33.105945 -83.112832,33.105919 -83.112854,33.105868 -83.11283,33.105824 -83.11253,33.105606 -83.112399,33.105469 -83.112313,33.105369 -83.112254,33.105269 -83.112245,33.105179 -83.112271,33.105092 -83.112338,33.105022 -83.112413,33.104958 -83.112497,33.104902 -83.112587,33.104854 -83.112682,33.104812 -83.11278,33.104774 -83.112881,33.104746 -83.112976,33.104703 -83.113063,33.104652 -83.113138,33.104588 -83.113198,33.104512 -83.11323,33.104427 -83.113275,33.104346 -83.113331,33.104269 -83.113415,33.104213 -83.113507,33.104166 -83.113606,33.104132 -83.113709,33.104109 -83.113815,33.104095 -83.113922,33.104096 -83.114121,33.104051 -83.114195,33.103991 -83.11423,33.103909 -83.114166,33.103738 -83.114163,33.103631 -83.11419,33.10349 -83.114279,33.103392 -83.11442,33.103308 -83.114562,33.10323 -83.114538,33.103139 -83.114432,33.102884 -83.114392,33.1028 -83.114372,33.102711 -83.114372,33.102635 -83.114393,33.102534 -83.114387,33.102444 -83.114346,33.102361 -83.114271,33.102297 -83.114184,33.102244 -83.114088,33.102204 -83.113899,33.102145 -83.113783,33.102119 -83.113677,33.102109 -83.113574,33.102085 -83.113475,33.102052 -83.113397,33.101991 -83.11335,33.101909 -83.113323,33.101823 -83.113318,33.101733 -83.113302,33.101644 -83.113277,33.101556 -83.113189,33.101435 -83.113142,33.10134 -83.113147,33.101225 -83.113137,33.101118 -83.113067,33.101031 -83.113012,33.10098 -83.112957,33.100879 -83.112932,33.100779 -83.112927,33.100582 -83.112916,33.100537 -83.112861,33.100322 -83.112874,33.100248 -83.112902,33.100212 -83.113095,33.1 -83.113131,33.099949 -83.113122,33.099885 -83.113076,33.09986 -83.113023,33.099854 -83.112947,33.099806 -83.112931,33.099763 -83.112937,33.099711 -83.112981,33.099653 -83.113085,33.099575 -83.113177,33.099528 -83.113254,33.099466 -83.113308,33.099389 -83.113351,33.0993 -83.113374,33.099218 -83.113393,33.09913 -83.113419,33.099043 -83.11341,33.098953 -83.11336,33.098874 -83.113304,33.098809 -83.11322,33.098737 -83.113136,33.098699 -83.113047,33.098633 -83.112987,33.09856 -83.11295,33.098475 -83.112922,33.098388 -83.112905,33.098298 -83.112897,33.098208 -83.112896,33.098118 -83.112923,33.098022 -83.112982,33.097959 -83.113086,33.097918 -83.113168,33.097859 -83.113211,33.09779 -83.113209,33.097694 -83.113114,33.097641 -83.113036,33.097579 -83.112892,33.097445 -83.112847,33.097365 -83.11284,33.097275 -83.112851,33.097186 -83.112892,33.097102 -83.112918,33.097015 -83.112931,33.096835 -83.112953,33.096747 -83.113019,33.096618 -83.11308,33.096507 -83.113118,33.096414 -83.11313,33.096325 -83.113171,33.096241 -83.113243,33.096175 -83.113321,33.096114 -83.113445,33.096035 -83.11382,33.095771 -83.113942,33.095683 -83.114007,33.09561 -83.114052,33.095529 -83.114075,33.095442 -83.114079,33.095352 -83.114062,33.095263 -83.114039,33.095174 -83.114005,33.095089 -83.113982,33.095001 -83.113962,33.094895 -83.113996,33.094806 -83.11404,33.094724 -83.114106,33.094653 -83.114191,33.094599 -83.114282,33.094549 -83.114375,33.094506 -83.114474,33.094472 -83.114578,33.094451 -83.114685,33.094448 -83.114792,33.09444 -83.114897,33.094423 -83.115102,33.094372 -83.115196,33.094327 -83.115313,33.094236 -83.115349,33.094166 -83.115354,33.09407 -83.115284,33.093989 -83.115022,33.093789 -83.114959,33.093729 -83.114887,33.093645 -83.114838,33.093564 -83.114801,33.09348 -83.114778,33.093392 -83.114771,33.093317 -83.114773,33.093212 -83.114788,33.093123 -83.114821,33.093038 -83.114872,33.092958 -83.114944,33.092892 -83.115011,33.092821 -83.115071,33.092747 -83.115125,33.092669 -83.115169,33.092587 -83.11522,33.092506 -83.115277,33.09243 -83.115472,33.092216 -83.115526,33.092139 -83.115599,33.092072 -83.115688,33.092022 -83.115785,33.091985 -83.115888,33.09196 -83.115989,33.091951 -83.116096,33.091923 -83.116187,33.091876 -83.116269,33.091818 -83.116337,33.091749 -83.116371,33.091699 -83.116434,33.091588 -83.11647,33.091503 -83.116508,33.091358 -83.116572,33.091153 -83.116632,33.090991 -83.116723,33.090691 -83.116741,33.090606 -83.1168,33.090432 -83.116878,33.090265 -83.116974,33.090103 -83.117139,33.089872 -83.11727,33.08967 -83.117291,33.089633 -83.117348,33.089557 -83.117411,33.089484 -83.117482,33.089416 -83.117541,33.089342 -83.117586,33.08926 -83.117615,33.089173 -83.117624,33.088993 -83.117621,33.08889 -83.117632,33.088853 -83.117639,33.088799 -83.117661,33.088749 -83.11771,33.08867 -83.117773,33.088597 -83.118004,33.08841 -83.11809,33.088355 -83.118173,33.088318 -83.118209,33.088307 -83.118288,33.088293 -83.118396,33.088257 -83.118517,33.088198 -83.118538,33.088127 -83.118513,33.088057 -83.118451,33.087989 -83.118407,33.087907 -83.118376,33.087821 -83.118359,33.087732 -83.118357,33.087642 -83.118366,33.087552 -83.118383,33.087463 -83.118427,33.087381 -83.118495,33.087311 -83.118673,33.087212 -83.118771,33.087164 -83.118829,33.087066 -83.118812,33.08699 -83.118774,33.086947 -83.118682,33.086897 -83.118583,33.086863 -83.118489,33.08682 -83.118385,33.086758 -83.118319,33.086711 -83.118264,33.086665 -83.118172,33.086579 -83.118119,33.086516 -83.117978,33.086364 -83.117909,33.086295 -83.117834,33.08623 -83.117753,33.086173 -83.117575,33.086072 -83.117482,33.086027 -83.117385,33.085988 -83.117291,33.085946 -83.117146,33.08587 -83.11711,33.08585 -83.117036,33.085786 -83.116986,33.085706 -83.116906,33.0856 -83.116905,33.085535 -83.116941,33.085459 -83.117008,33.085433 -83.117174,33.08543 -83.117332,33.085389 -83.117437,33.085306 -83.117495,33.085259 -83.117589,33.085079 -83.117658,33.084909 -83.117722,33.084771 -83.117777,33.084663 -83.117875,33.084497 -83.117981,33.084341 -83.11804,33.084266 -83.118167,33.084128 -83.118184,33.084116 -83.118307,33.084041 -83.118428,33.08402 -83.118526,33.084038 -83.118603,33.084074 -83.118663,33.084072 -83.118723,33.084047 -83.118759,33.083983 -83.11878,33.0839 -83.118799,33.083669 -83.118828,33.083491 -83.118849,33.083402 -83.118896,33.08324 -83.118935,33.083069 -83.118884,33.082959 -83.118858,33.082898 -83.118832,33.082811 -83.118812,33.082721 -83.118799,33.082633 -83.118795,33.082543 -83.118768,33.082456 -83.118718,33.082375 -83.118657,33.082302 -83.118578,33.082241 -83.118506,33.082174 -83.118441,33.082102 -83.118173,33.081712 -83.118125,33.081632 -83.118079,33.081542 -83.118042,33.081466 -83.118016,33.081378 -83.118005,33.081289 -83.118008,33.081198 -83.118025,33.08111 -83.118092,33.080938 -83.118169,33.08077 -83.118213,33.080688 -83.118249,33.080603 -83.118277,33.080516 -83.118297,33.080427 -83.11831,33.080337 -83.118317,33.080247 -83.118308,33.080157 -83.118282,33.08007 -83.118242,33.079987 -83.118189,33.079909 -83.118123,33.079838 -83.118045,33.079777 -83.117962,33.079718 -83.117893,33.079681 -83.117786,33.07962 -83.117371,33.079296 -83.11729,33.079245 -83.117213,33.079175 -83.117155,33.079099 -83.117112,33.079017 -83.117087,33.07893 -83.117082,33.078854 -83.11709,33.078795 -83.117098,33.07875 -83.117123,33.078664 -83.117156,33.078578 -83.117284,33.07833 -83.117331,33.078249 -83.117366,33.078164 -83.117378,33.078102 -83.117407,33.077987 -83.117436,33.0779 -83.117472,33.077815 -83.117497,33.077695 -83.117468,33.077603 -83.117387,33.077544 -83.117232,33.077537 -83.117014,33.077573 -83.116891,33.077658 -83.116827,33.077723 -83.116773,33.077785 -83.116717,33.077862 -83.116669,33.077942 -83.116632,33.078027 -83.116541,33.07819 -83.116483,33.078266 -83.116415,33.078335 -83.116337,33.078398 -83.116251,33.078451 -83.116173,33.078513 -83.116106,33.078583 -83.116048,33.078659 -83.115999,33.078738 -83.115996,33.078829 -83.115984,33.078918 -83.11596,33.079022 -83.115901,33.079105 -83.115834,33.079126 -83.115766,33.07912 -83.115652,33.079071 -83.11559,33.07904 -83.115288,33.078898 -83.115096,33.078819 -83.115011,33.078766 -83.114942,33.078697 -83.114883,33.078621 -83.114793,33.078457 -83.114694,33.078297 -83.114631,33.078225 -83.114471,33.078105 -83.114383,33.078054 -83.114314,33.077985 -83.114276,33.077921 -83.114266,33.077897 -83.114261,33.07784 -83.114262,33.077725 -83.114293,33.077638 -83.114302,33.077548 -83.114288,33.07746 -83.114208,33.077266 -83.114073,33.076949 -83.114043,33.076895 -83.113993,33.076783 -83.11397,33.076695 -83.113958,33.076605 -83.113961,33.076568 -83.113965,33.076425 -83.11396,33.076335 -83.113906,33.076177 -83.113837,33.076127 -83.113769,33.076116 -83.113687,33.076143 -83.113568,33.076247 -83.113485,33.076248 -83.113416,33.076186 -83.113368,33.076098 -83.113364,33.076058 -83.113328,33.075809 -83.113298,33.075679 -83.113228,33.075591 -83.113129,33.075567 -83.113042,33.07557 -83.112987,33.075602 -83.112942,33.075615 -83.112873,33.075604 -83.112796,33.075535 -83.112518,33.07526 -83.112375,33.075125 -83.112314,33.075094 -83.112231,33.075083 -83.112086,33.075055 -83.111969,33.074984 -83.111802,33.074838 -83.111732,33.074756 -83.111736,33.074621 -83.111778,33.074539 -83.111805,33.074452 -83.111817,33.074362 -83.111813,33.074272 -83.111796,33.074182 -83.111767,33.074097 -83.111682,33.074022 -83.111614,33.073971 -83.111526,33.07392 -83.111433,33.073876 -83.111332,33.073846 -83.111236,33.073805 -83.111148,33.073755 -83.111068,33.073695 -83.110994,33.07363 -83.110929,33.073558 -83.110837,33.073439 -83.110766,33.073326 -83.110718,33.07323 -83.110449,33.072857 -83.110283,33.072651 -83.110266,33.072629 -83.110197,33.07256 -83.110113,33.072505 -83.110015,33.072468 -83.109912,33.072443 -83.109805,33.07244 -83.109703,33.072415 -83.109609,33.07237 -83.10952,33.072308 -83.109388,33.072177 -83.109251,33.072007 -83.10916,33.071872 -83.109101,33.071796 -83.108825,33.07152 -83.108712,33.071429 -83.108696,33.071371 -83.108694,33.071283 -83.108737,33.071212 -83.108926,33.071059 -83.108999,33.070993 -83.109062,33.070921 -83.109115,33.070842 -83.109163,33.070741 -83.109186,33.070673 -83.10921,33.070493 -83.109216,33.070403 -83.109215,33.070313 -83.109222,33.070223 -83.109235,33.070134 -83.109251,33.070059 -83.109284,33.069958 -83.109328,33.069877 -83.1094,33.069809 -83.109459,33.069671 -83.109517,33.069581 -83.109522,33.069481 -83.109502,33.069302 -83.109458,33.06922 -83.109396,33.069147 -83.109374,33.069128 -83.109319,33.069085 -83.109046,33.068942 -83.10887,33.068838 -83.108785,33.068785 -83.108621,33.068668 -83.108465,33.068545 -83.108388,33.068492 -83.108318,33.068441 -83.107983,33.068239 -83.107967,33.068226 -83.107783,33.067997 -83.107633,33.067693 -83.107517,33.067366 -83.107478,33.067141 -83.107334,33.066708 -83.107229,33.066512 -83.107055,33.066232 -83.106931,33.065953 -83.106841,33.065688 -83.106764,33.06528 -83.10676,33.065083 -83.106724,33.065013 -83.106673,33.064971 -83.106454,33.064923 -83.106434,33.064915 -83.106352,33.064836 -83.106333,33.06474 -83.106348,33.064653 -83.10643,33.064594 -83.106562,33.064537 -83.106694,33.06445 -83.106775,33.064335 -83.106772,33.06418 -83.106675,33.064023 -83.106597,33.063874 -83.106563,33.06384 -83.10652,33.063802 -83.10636,33.063751 -83.106178,33.063839 -83.106027,33.063875 -83.105928,33.063847 -83.105834,33.063805 -83.105744,33.063755 -83.10566,33.063699 -83.105583,33.063637 -83.105514,33.063569 -83.105449,33.063497 -83.10539,33.063422 -83.105336,33.063344 -83.105288,33.063263 -83.105143,33.062952 -83.105095,33.062843 -83.105067,33.062756 -83.10505,33.062666 -83.105044,33.062593 -83.105068,33.062126 -83.105069,33.062036 -83.105054,33.061857 -83.105039,33.061767 -83.105017,33.061678 -83.104987,33.061593 -83.104945,33.06151 -83.104891,33.061432 -83.104827,33.06136 -83.104754,33.061293 -83.104616,33.061203 -83.104506,33.061121 -83.104354,33.060995 -83.104199,33.06084 -83.104026,33.06064 -83.103966,33.060564 -83.103915,33.060485 -83.103871,33.060403 -83.103836,33.060318 -83.103797,33.060192 -83.103782,33.060136 -83.103815,33.059854 -83.103854,33.059677 -83.103878,33.059589 -83.103919,33.059506 -83.103977,33.05943 -83.104232,33.059229 -83.104534,33.059009 -83.104758,33.058815 -83.104811,33.058737 -83.10483,33.058642 -83.104888,33.05847 -83.104932,33.058393 -83.104992,33.058318 -83.105065,33.058253 -83.105148,33.058196 -83.105219,33.05816 -83.105335,33.058109 -83.105433,33.058073 -83.105534,33.058042 -83.105637,33.058017 -83.105734,33.05798 -83.105825,33.057933 -83.105907,33.057875 -83.105982,33.057811 -83.106061,33.057726 -83.106108,33.057665 -83.106158,33.057586 -83.106197,33.057502 -83.106226,33.057401 -83.106238,33.057325 -83.10624,33.057235 -83.106231,33.057145 -83.106212,33.057057 -83.106181,33.05697 -83.10614,33.056887 -83.106089,33.056807 -83.106028,33.056734 -83.105957,33.056666 -83.105801,33.056542 -83.105716,33.056488 -83.105436,33.056336 -83.104623,33.055943 -83.104291,33.055781 -83.104192,33.055748 -83.104096,33.055709 -83.104004,33.055661 -83.103918,33.055608 -83.103813,33.055529 -83.103765,33.055489 -83.103693,33.055417 -83.103633,33.055342 -83.103585,33.055261 -83.103547,33.055175 -83.103523,33.055089 -83.103492,33.055003 -83.103455,33.054919 -83.103395,33.054813 -83.103327,33.054671 -83.103293,33.054585 -83.103267,33.054498 -83.103225,33.054415 -83.103169,33.054338 -83.103098,33.05427 -83.103022,33.054206 -83.10294,33.054149 -83.102853,33.054096 -83.102692,33.053978 -83.102627,33.053905 -83.102576,33.053828 -83.102547,33.053741 -83.102539,33.053651 -83.102582,33.053553 -83.102708,33.053435 -83.102871,33.053203 -83.10306,33.05288 -83.103088,33.052793 -83.103097,33.052703 -83.103083,33.052614 -83.103079,33.052524 -83.103097,33.052435 -83.103097,33.052345 -83.103079,33.052256 -83.103009,33.052086 -83.102949,33.051913 -83.102925,33.051825 -83.102898,33.051661 -83.102891,33.051555 -83.102876,33.051467 -83.102843,33.051366 -83.102415,33.050945 -83.102057,33.050626 -83.101989,33.050586 -83.101669,33.050396 -83.10131,33.050207 -83.101207,33.050192 -83.101134,33.050179 -83.101045,33.050129 -83.100992,33.050054 -83.100932,33.049977 -83.100838,33.049864 -83.100834,33.049849 -83.099952,33.05037 -83.098534,33.05128 -83.098491,33.051231 -83.098099,33.051484 -83.096446,33.052596 -83.095195,33.053417 -83.093788,33.054229 -83.093714,33.054225 -83.09312,33.054804 -83.093034,33.054885 -83.091465,33.056525 -83.091391,33.05662 -83.09134,33.056679 -83.090554,33.057439 -83.089566,33.058428 -83.088875,33.058932 -83.087964,33.059659 -83.087195,33.060392 -83.086307,33.061437 -83.085501,33.062421 -83.084783,33.063262 -83.08404,33.063739 -83.083524,33.063901 -83.083474,33.06391 -83.083448,33.063888 -83.083001,33.063985 -83.082413,33.06406 -83.082405,33.064028 -83.080773,33.064201 -83.078491,33.064513 -83.078255,33.064526 -83.077658,33.06451 -83.076572,33.064436 -83.073621,33.064121 -83.07346,33.064103 -83.073071,33.064269 -83.072475,33.064502 -83.071669,33.06506 -83.07052,33.065988 -83.069109,33.067185 -83.066808,33.069066 -83.066051,33.069718 -83.066041,33.069726 -83.06417,33.071303 -83.06389,33.071529 -83.063815,33.07159 -83.063512,33.071859 -83.061663,33.073424 -83.061161,33.074023 -83.060861,33.074416 -83.060632,33.074705 -83.060375,33.075076 -83.059803,33.075716 -83.059605,33.075933 -83.057847,33.077257 -83.056498,33.078224 -83.055428,33.079016 -83.054438,33.079697 -83.05378,33.080033 -83.053297,33.080261 -83.052766,33.080485 -83.05257,33.08054 -83.052534,33.080551 -83.052197,33.080682 -83.051722,33.080866 -83.051224,33.080945 -83.050304,33.081088 -83.048264,33.081207 -83.047228,33.081274 -83.046712,33.081277 -83.046069,33.081255 -83.045748,33.081249 -83.04456,33.081144 -83.043374,33.081032 -83.041856,33.080883 -83.040751,33.080858 -83.039874,33.080948 -83.038488,33.081069 -83.037436,33.0812 -83.036384,33.081302 -83.035601,33.08144 -83.033765,33.081668 -83.032641,33.081574 -83.031801,33.081418 -83.031213,33.081344 -83.028073,33.08088 -83.026225,33.080615 -83.024026,33.080326 -83.023093,33.080264 -83.021897,33.080185 -83.021593,33.080198 -83.019841,33.080275 -83.019456,33.080298 -83.017952,33.080395 -83.015846,33.080529 -83.015014,33.080554 -83.014776,33.080561 -83.013706,33.080606 -83.012767,33.080565 -83.011609,33.080387 -83.009672,33.080607 -83.009012,33.080778 -83.00874,33.080849 -83.005957,33.082091 -83.003806,33.083197 -83.002515,33.083837 -83.001658,33.084429 -83.00105,33.084932 -83.000275,33.085465 -83.000017,33.085585 -82.999367,33.085884 -82.999097,33.08601 -82.997736,33.08681 -82.994555,33.088614 -82.994242,33.088786 -82.992468,33.089754 -82.992455,33.089762 -82.991007,33.090643 -82.990936,33.090688 -82.989985,33.091562 -82.989241,33.092342 -82.988752,33.092928 -82.988528,33.093392 -82.988224,33.09402 -82.987878,33.094783 -82.987729,33.095114 -82.987392,33.095725 -82.986846,33.096658 -82.986739,33.096842 -82.98556,33.098456 -82.985375,33.098709 -82.984805,33.099451 -82.984766,33.099493 -82.98371,33.100637 -82.982521,33.101796 -82.982416,33.101913 -82.981974,33.102328 -82.98148,33.102739 -82.9813,33.102888 -82.980444,33.103551 -82.979386,33.104145 -82.978783,33.104495 -82.978312,33.104768 -82.97788,33.104979 -82.977088,33.105435 -82.976057,33.105997 -82.97599,33.106033 -82.975781,33.106147 -82.974225,33.106918 -82.972702,33.107731 -82.971248,33.108558 -82.970421,33.10905 -82.970138,33.10928 -82.969661,33.10915 -82.968928,33.108976 -82.968171,33.108857 -82.967753,33.108787 -82.967388,33.108759 -82.967342,33.108745 -82.96496,33.108404 -82.962536,33.10802 -82.962323,33.107985 -82.961792,33.107906 -82.959539,33.107022 -82.959298,33.106966 -82.959173,33.106965 -82.95856,33.106986 -82.957468,33.107371 -82.957146,33.107421 -82.956951,33.10745 -82.956091,33.107625 -82.95557,33.107735 -82.955256,33.107765 -82.95409,33.107568 -82.953533,33.107501 -82.952567,33.107385 -82.951975,33.107438 -82.950596,33.107583 -82.949928,33.107753 -82.949197,33.108221 -82.949135,33.108252 -82.94881,33.108417 -82.947591,33.109023 -82.947463,33.109087 -82.946927,33.109386 -82.946118,33.109926 -82.944967,33.110673 -82.942864,33.112006 -82.941508,33.112786 -82.941098,33.112961 -82.940546,33.113149 -82.938487,33.113722 -82.937716,33.11395 -82.936541,33.114297 -82.935387,33.114582 -82.934616,33.114741 -82.933653,33.114905 -82.932767,33.115031 -82.931524,33.115217 -82.931339,33.115234 -82.930538,33.115309 -82.92985,33.115403 -82.929072,33.115518 -82.928425,33.115692 -82.926674,33.11627 -82.926361,33.116491 -82.925978,33.116836 -82.925742,33.117041 -82.925595,33.11717 -82.925295,33.117744 -82.925128,33.118161 -82.923626,33.119225 -82.921848,33.120571 -82.918728,33.123112 -82.91789,33.123764 -82.915296,33.125996 -82.915209,33.126047 -82.91514,33.126117 -82.914997,33.126359 -82.914895,33.126517 -82.91485,33.1266 -82.914785,33.126671 -82.914703,33.126728 -82.914603,33.126761 -82.914555,33.126787 -82.914519,33.126792 -82.911039,33.127329 -82.910961,33.127341 -82.910818,33.127273 -82.902522,33.1283 -82.901893,33.128396 -82.901022,33.128531 -82.900998,33.128537 -82.899238,33.12988 -82.898169,33.130927 -82.896196,33.13265 -82.895015,33.133536 -82.894893,33.133626 -82.894363,33.134076 -82.893988,33.1344 -82.892557,33.135547 -82.888866,33.138603 -82.889209,33.14025 -82.889168,33.140333 -82.886824,33.144706 -82.882639,33.152554 -82.879953,33.15372 -82.87933,33.154107 -82.877684,33.157564 -82.876014,33.161161 -82.875976,33.161242 -82.874897,33.163522 -82.871258,33.171189 -82.867786,33.178249 -82.867717,33.178403 -82.867447,33.179785 -82.867401,33.179983 -82.867405,33.18018 -82.867484,33.180715 -82.867471,33.180898 -82.867374,33.181069 -82.867178,33.181325 -82.86685,33.18164 -82.86642,33.181928 -82.865373,33.182726 -82.865094,33.183011 -82.864867,33.18334 -82.864672,33.183667 -82.864382,33.184192 -82.864141,33.184675 -82.864027,33.18486 -82.863879,33.184989 -82.86368,33.185091 -82.863566,33.185205 -82.863387,33.18546 -82.863059,33.185833 -82.862817,33.186259 -82.862622,33.186529 -82.862559,33.186714 -82.862612,33.186881 -82.862649,33.18705 -82.862618,33.18715 -82.86248,33.187317 -82.862281,33.187399 -82.862014,33.187471 -82.861654,33.187556 -82.861229,33.187643 -82.86085,33.187944 -82.860568,33.188074 -82.859936,33.18831 -82.859506,33.18857 -82.859223,33.188659 -82.858826,33.188904 -82.85838,33.189221 -82.858085,33.189535 -82.857761,33.190061 -82.857457,33.190742 -82.857305,33.191491 -82.857068,33.192946 -82.856882,33.193696 -82.856745,33.194128 -82.856639,33.194263 -82.856484,33.194488 -82.856297,33.194743 -82.856053,33.195041 -82.85598,33.195231 -82.85592,33.195355 -82.855817,33.195504 -82.855692,33.195644 -82.855492,33.19587 -82.855376,33.196016 -82.855207,33.196156 -82.855163,33.196271 -82.855046,33.196427 -82.854684,33.196683 -82.854544,33.19679 -82.854413,33.196857 -82.854034,33.197 -82.85258,33.197347 -82.852016,33.197485 -82.851852,33.19753 -82.851626,33.197601 -82.851447,33.197663 -82.851282,33.19774 -82.851096,33.197867 -82.850874,33.198009 -82.850682,33.198182 -82.850431,33.198439 -82.850284,33.198634 -82.850171,33.198752 -82.850082,33.198805 -82.849885,33.198874 -82.84947,33.199004 -82.849229,33.199087 -82.848995,33.199182 -82.84883,33.199263 -82.84866,33.199332 -82.848544,33.199368 -82.84844,33.199402 -82.848229,33.199475 -82.847269,33.199679 -82.845622,33.200208 -82.845626,33.200366 -82.845301,33.20037 -82.845112,33.200391 -82.845023,33.200412 -82.844822,33.200426 -82.844701,33.200424 -82.844588,33.200401 -82.844513,33.20037 -82.844438,33.200331 -82.844296,33.200248 -82.844194,33.200204 -82.844093,33.200181 -82.843978,33.200178 -82.843854,33.200193 -82.843739,33.200227 -82.843583,33.200279 -82.843416,33.20037 -82.843236,33.200516 -82.843066,33.200674 -82.842987,33.200726 -82.842911,33.200764 -82.842849,33.20078 -82.842734,33.200792 -82.842589,33.200794 -82.842438,33.200791 -82.842024,33.20077 -82.841761,33.200766 -82.841595,33.200771 -82.84145,33.200769 -82.84123,33.200736 -82.840998,33.200691 -82.840925,33.200662 -82.840862,33.200648 -82.840779,33.200642 -82.840658,33.200651 -82.840531,33.20067 -82.840072,33.200781 -82.839854,33.200848 -82.839659,33.200861 -82.839101,33.200895 -82.838837,33.200907 -82.838638,33.20091 -82.838408,33.200923 -82.838174,33.200922 -82.837904,33.200908 -82.837438,33.20092 -82.837234,33.200943 -82.837057,33.200969 -82.836948,33.201002 -82.836872,33.201037 -82.836754,33.201074 -82.836709,33.201078 -82.836637,33.201064 -82.836539,33.201034 -82.836409,33.20107 -82.836253,33.201096 -82.836132,33.201107 -82.836025,33.20111 -82.835955,33.201138 -82.835693,33.201202 -82.83552,33.201231 -82.835131,33.20131 -82.834816,33.201397 -82.834414,33.201487 -82.834037,33.201587 -82.83371,33.201667 -82.833553,33.201729 -82.833411,33.201757 -82.833199,33.201816 -82.832916,33.201864 -82.832771,33.20187 -82.832551,33.201895 -82.832382,33.201911 -82.832047,33.201994 -82.831909,33.202074 -82.83177,33.202168 -82.831696,33.202219 -82.831553,33.202309 -82.831325,33.202461 -82.831174,33.202585 -82.831018,33.202712 -82.830527,33.203165 -82.830299,33.203397 -82.829628,33.204002 -82.829487,33.204134 -82.829394,33.204227 -82.828985,33.204604 -82.828886,33.204727 -82.828786,33.204886 -82.828663,33.205033 -82.828542,33.205195 -82.828398,33.205367 -82.828167,33.205674 -82.82792,33.205961 -82.827612,33.206369 -82.827416,33.206713 -82.827281,33.206922 -82.827042,33.207306 -82.826991,33.207396 -82.826959,33.207464 -82.826935,33.207569 -82.826919,33.207676 -82.826764,33.208224 -82.826696,33.208396 -82.826616,33.208629 -82.826549,33.208812 -82.826404,33.209211 -82.826263,33.209693 -82.826057,33.210245 -82.825928,33.210501 -82.825648,33.210729 -82.825476,33.210924 -82.825369,33.211044 -82.825056,33.211317 -82.824629,33.211745 -82.8243,33.212032 -82.822312,33.213198 -82.822267,33.213223 -82.821899,33.213476 -82.821452,33.213723 -82.820862,33.214056 -82.820226,33.214416 -82.820028,33.214588 -82.819864,33.214761 -82.819821,33.214779 -82.819499,33.21492 -82.819208,33.215072 -82.819028,33.215245 -82.818883,33.215528 -82.818879,33.21555 -82.81852,33.215815 -82.818186,33.215891 -82.817767,33.215897 -82.817233,33.216032 -82.816667,33.216209 -82.816065,33.216289 -82.815347,33.216412 -82.814814,33.216575 -82.814255,33.216731 -82.812736,33.217298 -82.812703,33.21734 -82.811527,33.218089 -82.809613,33.219222 -82.807257,33.220473 -82.807045,33.220592 -82.804823,33.220762 -82.80374,33.220917 -82.802195,33.221351 -82.799014,33.221685 -82.798866,33.221707 -82.798329,33.222284 -82.794752,33.226003 -82.794568,33.226238 -82.794315,33.22681 -82.794169,33.226979 -82.791519,33.228546 -82.790065,33.22928 -82.78913,33.229729 -82.789114,33.229757 -82.788952,33.229943 -82.78864,33.230213 -82.788341,33.230559 -82.788098,33.23077 -82.788017,33.230973 -82.788037,33.231099 -82.788102,33.231153 -82.788172,33.231209 -82.788097,33.231282 -82.786689,33.23255 -82.785998,33.233162 -82.785306,33.233694 -82.784824,33.234094 -82.784353,33.234454 -82.783869,33.234758 -82.783172,33.235248 -82.782497,33.235689 -82.782018,33.236055 -82.780493,33.236969 -82.778999,33.237834 -82.778252,33.238283 -82.777995,33.238428 -82.769395,33.237164 -82.76886,33.237085 -82.768326,33.237007 -82.767508,33.236887 -82.76408,33.238058 -82.762519,33.238058 -82.761423,33.238056 -82.758609,33.238056 -82.756345,33.238054 -82.756317,33.238062 -82.749857,33.238055 -82.748429,33.238318 -82.748311,33.238348 -82.748486,33.238822 -82.748522,33.238906 -82.748583,33.23908 -82.748628,33.239255 -82.748658,33.239435 -82.748672,33.239615 -82.748669,33.239807 -82.748672,33.239885 -82.748681,33.239975 -82.748696,33.240063 -82.748721,33.240152 -82.748735,33.24024 -82.74874,33.24033 -82.748734,33.24042 -82.748718,33.24051 -82.748628,33.240769 -82.748504,33.241085 -82.748377,33.241459 -82.748357,33.241548 -82.748346,33.241638 -82.748343,33.241728 -82.748348,33.241818 -82.748362,33.241908 -82.748385,33.241996 -82.74842,33.242174 -82.748439,33.242353 -82.748466,33.242855 -82.748441,33.243429 -82.748441,33.243439 -82.74838,33.244861 -82.74839,33.244951 -82.748382,33.245041 -82.748357,33.245129 -82.748315,33.245212 -82.748258,33.245288 -82.748187,33.245356 -82.748104,33.245413 -82.748011,33.245458 -82.747911,33.245489 -82.747807,33.245511 -82.7477,33.245523 -82.747593,33.245525 -82.747486,33.245517 -82.747383,33.245493 -82.747278,33.245475 -82.747171,33.245466 -82.747064,33.245464 -82.746957,33.245469 -82.746746,33.2455 -82.746645,33.245531 -82.74655,33.245573 -82.746465,33.245628 -82.746389,33.245692 -82.746326,33.245764 -82.746278,33.245845 -82.74624,33.245928 -82.74621,33.246015 -82.746191,33.246105 -82.746182,33.246194 -82.746182,33.246284 -82.74619,33.246374 -82.746218,33.24646 -82.746265,33.246541 -82.746328,33.246615 -82.746408,33.246675 -82.746478,33.246743 -82.746492,33.246764 -82.746542,33.246803 -82.746599,33.246879 -82.746636,33.246964 -82.746653,33.247053 -82.746682,33.24714 -82.746721,33.247224 -82.746769,33.247304 -82.746826,33.24738 -82.746893,33.24745 -82.746969,33.247515 -82.747053,33.247571 -82.747144,33.247619 -82.747238,33.247663 -82.747335,33.247701 -82.747434,33.247735 -82.747536,33.247763 -82.747639,33.247788 -82.747841,33.247847 -82.74804,33.247917 -82.748212,33.247985 -82.748357,33.248075 -82.748483,33.248154 -82.748578,33.248196 -82.748669,33.248244 -82.748756,33.248296 -82.74892,33.248413 -82.748996,33.248477 -82.749067,33.248544 -82.749131,33.248616 -82.74921,33.248677 -82.749301,33.248724 -82.749402,33.248756 -82.749829,33.248787 -82.750079,33.248796 -82.750186,33.248786 -82.750293,33.248783 -82.7504,33.248787 -82.750507,33.248797 -82.750612,33.248814 -82.750716,33.248838 -82.750817,33.248868 -82.750915,33.248905 -82.7511,33.248996 -82.751366,33.249148 -82.751443,33.249211 -82.75151,33.249281 -82.751599,33.249429 -82.752047,33.251114 -82.752088,33.251269 -82.752116,33.251354 -82.752154,33.251441 -82.752199,33.251523 -82.752252,33.251601 -82.752313,33.251676 -82.752381,33.251745 -82.752456,33.25181 -82.752619,33.251928 -82.752705,33.251981 -82.752795,33.252029 -82.753344,33.252294 -82.754406,33.252809 -82.754672,33.252961 -82.754947,33.253102 -82.755232,33.253228 -82.755525,33.25334 -82.755726,33.253407 -82.755846,33.25344 -82.755946,33.25346 -82.756124,33.253501 -82.756325,33.253565 -82.75652,33.253641 -82.756614,33.253684 -82.756796,33.25378 -82.756969,33.253886 -82.757136,33.253999 -82.757373,33.254182 -82.757598,33.254376 -82.757761,33.254494 -82.757935,33.254599 -82.75812,33.254691 -82.758216,33.254731 -82.758314,33.254765 -82.758415,33.254797 -82.758518,33.254823 -82.758622,33.254844 -82.758834,33.254872 -82.758941,33.254877 -82.759049,33.254879 -82.759263,33.254869 -82.759583,33.254838 -82.759794,33.254807 -82.759941,33.254779 -82.760108,33.254748 -82.76021,33.25472 -82.76031,33.254686 -82.760406,33.254647 -82.760499,33.254601 -82.760931,33.25434 -82.761254,33.254149 -82.761964,33.253811 -82.762063,33.253776 -82.762164,33.253746 -82.762268,33.253725 -82.762374,33.253709 -82.76248,33.2537 -82.762588,33.253697 -82.762695,33.253701 -82.762801,33.253712 -82.763011,33.253752 -82.76311,33.253785 -82.763203,33.253831 -82.763287,33.253886 -82.763362,33.253951 -82.763425,33.254024 -82.763475,33.254103 -82.76355,33.254272 -82.763635,33.254438 -82.763782,33.254678 -82.763907,33.254849 -82.764022,33.255103 -82.764165,33.255443 -82.764333,33.255888 -82.764426,33.25617 -82.764443,33.25622 -82.764572,33.256656 -82.764681,33.257098 -82.764731,33.257365 -82.764766,33.257635 -82.764791,33.257995 -82.764795,33.258355 -82.764814,33.258535 -82.764849,33.258713 -82.764899,33.258888 -82.764953,33.258966 -82.765029,33.259029 -82.765173,33.259086 -82.765248,33.259107 -82.765377,33.259141 -82.765586,33.259183 -82.765798,33.259213 -82.766012,33.259228 -82.76625,33.259228 -82.76644,33.259216 -82.766652,33.259188 -82.766808,33.259158 -82.76711,33.259065 -82.767316,33.259014 -82.767525,33.258971 -82.767735,33.258937 -82.767971,33.258909 -82.769026,33.258851 -82.769129,33.258828 -82.769236,33.258819 -82.769343,33.258826 -82.769447,33.258847 -82.769545,33.258882 -82.769634,33.258933 -82.769713,33.258994 -82.769776,33.259067 -82.769829,33.259144 -82.769873,33.259228 -82.769907,33.259313 -82.769931,33.2594 -82.769943,33.259493 -82.76998,33.260073 -82.769966,33.260426 -82.770009,33.260509 -82.770069,33.260582 -82.770143,33.260648 -82.770229,33.260702 -82.770327,33.260739 -82.770431,33.260759 -82.770538,33.260762 -82.770644,33.260747 -82.77157,33.260399 -82.771663,33.260354 -82.771854,33.260271 -82.772049,33.260196 -82.772249,33.260131 -82.772453,33.260074 -82.77266,33.260026 -82.772975,33.259971 -82.773294,33.259939 -82.773558,33.259926 -82.773608,33.259937 -82.773707,33.259971 -82.773801,33.260015 -82.773887,33.260069 -82.773962,33.260133 -82.774025,33.260205 -82.774075,33.260286 -82.774135,33.260437 -82.774161,33.260509 -82.774179,33.260592 -82.77423,33.260835 -82.774398,33.262321 -82.774405,33.262501 -82.774435,33.262771 -82.774486,33.263038 -82.774559,33.263302 -82.774653,33.26356 -82.774728,33.26373 -82.774811,33.263896 -82.774905,33.264058 -82.774959,33.264136 -82.775079,33.264285 -82.775215,33.264425 -82.775362,33.264556 -82.775518,33.26468 -82.775681,33.264798 -82.775854,33.264904 -82.775945,33.264952 -82.776134,33.265037 -82.776232,33.265074 -82.776326,33.265116 -82.776416,33.265166 -82.776501,33.26522 -82.776581,33.265282 -82.776724,33.265416 -82.776801,33.265479 -82.776963,33.265597 -82.777066,33.265662 -82.777664,33.265991 -82.777857,33.26607 -82.778227,33.266201 -82.778322,33.266242 -82.778414,33.266289 -82.778502,33.26634 -82.778585,33.266398 -82.779013,33.266669 -82.779192,33.266768 -82.779379,33.266858 -82.779542,33.266925 -82.780755,33.267245 -82.781879,33.267514 -82.781985,33.267525 -82.78209,33.267545 -82.782193,33.26757 -82.782294,33.267601 -82.782391,33.26764 -82.782484,33.267684 -82.782574,33.267733 -82.782659,33.267789 -82.782738,33.26785 -82.782812,33.267915 -82.782878,33.267986 -82.78302,33.268122 -82.783096,33.268185 -82.783258,33.268303 -82.783349,33.268352 -82.783445,33.268391 -82.783547,33.26842 -82.783652,33.268439 -82.783759,33.268445 -82.783866,33.268448 -82.78408,33.26844 -82.784293,33.268417 -82.784395,33.268389 -82.784489,33.268347 -82.784574,33.26829 -82.784645,33.268223 -82.784707,33.26815 -82.78476,33.268071 -82.784802,33.267989 -82.784831,33.267902 -82.784872,33.267819 -82.784925,33.267741 -82.784987,33.267668 -82.785078,33.26762 -82.785183,33.267607 -82.785284,33.267636 -82.785378,33.26768 -82.78546,33.267738 -82.785528,33.267806 -82.785579,33.267885 -82.785619,33.26797 -82.785647,33.268057 -82.785664,33.268146 -82.785664,33.268293 -82.785687,33.268382 -82.78569,33.268472 -82.785675,33.268561 -82.785642,33.268645 -82.785591,33.268726 -82.785525,33.268797 -82.785388,33.268889 -82.784844,33.269225 -82.784749,33.269294 -82.784581,33.269407 -82.784405,33.269509 -82.784221,33.269602 -82.784029,33.269683 -82.783832,33.269755 -82.78363,33.269815 -82.78332,33.269888 -82.782902,33.269972 -82.782384,33.270089 -82.78229,33.270131 -82.782212,33.270193 -82.782153,33.270268 -82.782119,33.270353 -82.782111,33.270533 -82.782091,33.270713 -82.782042,33.270967 -82.782034,33.271057 -82.782035,33.271147 -82.782047,33.271237 -82.782068,33.271324 -82.782099,33.271411 -82.78214,33.271495 -82.782189,33.271575 -82.782247,33.271651 -82.782311,33.271724 -82.78238,33.271793 -82.782454,33.271858 -82.782572,33.271948 -82.782709,33.272087 -82.782784,33.272152 -82.782942,33.272273 -82.783113,33.272382 -82.783203,33.27243 -82.78329,33.272484 -82.783372,33.272542 -82.783451,33.272604 -82.783525,33.272669 -82.783593,33.272739 -82.783653,33.272813 -82.783705,33.272892 -82.783749,33.272973 -82.783959,33.273507 -82.784201,33.27411 -82.784247,33.274285 -82.784283,33.274464 -82.784314,33.27469 -82.784313,33.274732 -82.784294,33.274912 -82.784309,33.275001 -82.784344,33.275086 -82.784399,33.275163 -82.784445,33.275245 -82.784485,33.275328 -82.78455,33.2755 -82.784756,33.276334 -82.784798,33.27648 -82.78486,33.276746 -82.78489,33.276925 -82.784884,33.277015 -82.784863,33.277102 -82.784827,33.277188 -82.784776,33.277267 -82.784741,33.277352 -82.784713,33.27744 -82.784606,33.277881 -82.784572,33.277966 -82.784528,33.278049 -82.784476,33.278128 -82.784416,33.278202 -82.784224,33.278419 -82.784171,33.278498 -82.784129,33.278581 -82.784098,33.278667 -82.783994,33.279013 -82.783934,33.279088 -82.783861,33.279155 -82.783709,33.279282 -82.783628,33.279339 -82.783535,33.279386 -82.783436,33.279418 -82.783331,33.279439 -82.783224,33.279443 -82.783122,33.279473 -82.783026,33.279513 -82.782939,33.279564 -82.782505,33.279912 -82.782415,33.280009 -82.782341,33.280076 -82.782259,33.280133 -82.782169,33.280183 -82.78207,33.280217 -82.781975,33.28026 -82.781884,33.280307 -82.781797,33.28036 -82.781716,33.28042 -82.781547,33.280531 -82.781284,33.280687 -82.78112,33.280804 -82.78097,33.280932 -82.780909,33.281005 -82.780861,33.281087 -82.780827,33.281171 -82.78081,33.281261 -82.780805,33.281351 -82.780812,33.281441 -82.780832,33.281529 -82.780864,33.281616 -82.780909,33.281698 -82.780966,33.281774 -82.781035,33.281843 -82.78112,33.281897 -82.7812,33.281958 -82.781272,33.282024 -82.781337,33.282097 -82.781393,33.282173 -82.781442,33.282254 -82.781513,33.282424 -82.781567,33.282598 -82.781606,33.282776 -82.781627,33.282955 -82.781632,33.283087 -82.781602,33.283478 -82.781646,33.283783 -82.781717,33.284796 -82.781745,33.284883 -82.781759,33.284972 -82.781759,33.285062 -82.781744,33.285151 -82.78172,33.285218 -82.78167,33.285321 -82.78161,33.285396 -82.781483,33.285541 -82.781346,33.28568 -82.780917,33.286082 -82.780856,33.286157 -82.780807,33.286237 -82.780771,33.286323 -82.780749,33.286411 -82.780744,33.286501 -82.780746,33.286591 -82.780757,33.286681 -82.780775,33.286769 -82.780802,33.286859 -82.780835,33.286943 -82.780874,33.287025 -82.780928,33.287104 -82.780995,33.287174 -82.781074,33.287236 -82.781163,33.287286 -82.78126,33.287323 -82.781361,33.287354 -82.781465,33.287377 -82.781571,33.287391 -82.781678,33.287398 -82.781784,33.287388 -82.781891,33.287394 -82.781996,33.287415 -82.782096,33.287447 -82.782183,33.2875 -82.782251,33.287568 -82.782294,33.28765 -82.782318,33.287739 -82.782321,33.287829 -82.782303,33.287917 -82.782263,33.288002 -82.782212,33.288081 -82.782149,33.288154 -82.782076,33.28822 -82.781994,33.288278 -82.78181,33.28837 -82.781524,33.288496 -82.781426,33.288531 -82.781334,33.288578 -82.781251,33.288635 -82.781179,33.288701 -82.781068,33.288856 -82.780971,33.289017 -82.780887,33.289183 -82.780817,33.289353 -82.780762,33.289527 -82.780718,33.289704 -82.780672,33.290692 -82.780695,33.290961 -82.780674,33.291704 -82.780662,33.291793 -82.780651,33.291973 -82.780659,33.292153 -82.780684,33.292333 -82.780727,33.292509 -82.780756,33.292596 -82.780825,33.292766 -82.780954,33.293014 -82.78099,33.293098 -82.781021,33.293186 -82.781059,33.293324 -82.781084,33.29394 -82.781066,33.294035 -82.781042,33.294213 -82.781034,33.294395 -82.781043,33.294575 -82.781067,33.294753 -82.781107,33.294931 -82.781163,33.295105 -82.781264,33.295361 -82.781277,33.295451 -82.781319,33.295535 -82.781326,33.295679 -82.781316,33.295785 -82.781357,33.295932 -82.781422,33.296025 -82.781626,33.296182 -82.781766,33.296264 -82.782006,33.296312 -82.782183,33.29634 -82.782207,33.296371 -82.782279,33.296436 -82.782368,33.296487 -82.782448,33.296548 -82.782515,33.296618 -82.78257,33.296695 -82.78261,33.296779 -82.782634,33.296867 -82.782652,33.296956 -82.782667,33.297134 -82.782664,33.297226 -82.782644,33.297404 -82.782612,33.297491 -82.782561,33.29757 -82.782492,33.297638 -82.782408,33.297694 -82.782312,33.297736 -82.782221,33.297783 -82.782134,33.297835 -82.782052,33.297894 -82.781976,33.297958 -82.781908,33.298026 -82.781848,33.298102 -82.781797,33.298181 -82.781755,33.298264 -82.781721,33.29835 -82.781711,33.298439 -82.781727,33.298527 -82.781767,33.298611 -82.78183,33.298685 -82.782084,33.29885 -82.782357,33.299048 -82.783182,33.299554 -82.783261,33.299615 -82.783331,33.299683 -82.783392,33.299757 -82.783443,33.299836 -82.783482,33.29992 -82.783509,33.300008 -82.783525,33.300097 -82.783529,33.300187 -82.78352,33.300277 -82.783494,33.300364 -82.783454,33.300542 -82.783433,33.300721 -82.78343,33.300901 -82.783443,33.301074 -82.78347,33.301273 -82.783501,33.301437 -82.783546,33.301615 -82.783577,33.301793 -82.783584,33.301972 -82.783575,33.302101 -82.783553,33.30219 -82.783537,33.302236 -82.783488,33.302362 -82.783445,33.302444 -82.783395,33.302524 -82.783339,33.302601 -82.783277,33.302675 -82.783209,33.302743 -82.783135,33.30281 -82.783057,33.302871 -82.782563,33.303219 -82.782489,33.303283 -82.782425,33.303357 -82.782371,33.303435 -82.782339,33.303521 -82.782295,33.303603 -82.782241,33.30368 -82.782177,33.303753 -82.782104,33.303818 -82.78202,33.303876 -82.781864,33.304 -82.781721,33.304133 -82.781662,33.304209 -82.781617,33.304291 -82.781588,33.304377 -82.781574,33.304467 -82.781576,33.304558 -82.781612,33.305075 -82.781605,33.305165 -82.781602,33.305345 -82.781612,33.305525 -82.781635,33.305705 -82.781665,33.305855 -82.781873,33.306454 -82.78195,33.306677 -82.782,33.306756 -82.782066,33.306827 -82.782148,33.306886 -82.78224,33.306931 -82.78234,33.306964 -82.782447,33.306973 -82.782553,33.306961 -82.782651,33.306925 -82.782732,33.306866 -82.782802,33.30682 -82.782826,33.306792 -82.782906,33.306731 -82.782997,33.306683 -82.783097,33.306651 -82.783202,33.306632 -82.783309,33.306624 -82.783416,33.306627 -82.783523,33.30664 -82.783626,33.306663 -82.783719,33.306708 -82.7838,33.306768 -82.783872,33.306834 -82.783936,33.306905 -82.783991,33.306984 -82.784034,33.307066 -82.784067,33.307152 -82.784088,33.30724 -82.784139,33.307383 -82.784159,33.307471 -82.784171,33.307561 -82.784174,33.307651 -82.78417,33.307741 -82.78416,33.307831 -82.784144,33.30792 -82.784121,33.308008 -82.784091,33.308095 -82.784017,33.308264 -82.783929,33.308428 -82.783843,33.30856 -82.783768,33.308625 -82.783701,33.308695 -82.783642,33.308771 -82.783592,33.30885 -82.783514,33.309019 -82.783503,33.309109 -82.783518,33.309198 -82.783561,33.30928 -82.783621,33.309354 -82.783695,33.30942 -82.783781,33.309474 -82.784376,33.309682 -82.784566,33.309765 -82.784747,33.309862 -82.784832,33.309917 -82.784922,33.309967 -82.785016,33.310011 -82.785113,33.310049 -82.785213,33.310082 -82.785315,33.310108 -82.78542,33.310129 -82.785631,33.310162 -82.785951,33.310195 -82.786058,33.310197 -82.786165,33.310192 -82.786272,33.310181 -82.786377,33.310164 -82.786479,33.310135 -82.786584,33.310119 -82.786692,33.310118 -82.786798,33.310132 -82.7869,33.31016 -82.786991,33.310207 -82.787087,33.310249 -82.787185,33.310284 -82.787287,33.310313 -82.787391,33.310335 -82.787515,33.310352 -82.787618,33.310377 -82.787724,33.310392 -82.78783,33.310403 -82.787938,33.310404 -82.788045,33.310398 -82.788151,33.310384 -82.788255,33.310363 -82.788358,33.310336 -82.788459,33.310305 -82.788557,33.310268 -82.788669,33.31022 -82.789519,33.309967 -82.789726,33.309918 -82.789831,33.3099 -82.790044,33.309874 -82.790151,33.309869 -82.790258,33.309869 -82.790473,33.30986 -82.790685,33.309835 -82.790835,33.309809 -82.791923,33.309488 -82.792026,33.309462 -82.79213,33.309441 -82.792236,33.309427 -82.792343,33.309418 -82.79245,33.309413 -82.792557,33.309417 -82.792664,33.309424 -82.792875,33.309458 -82.792978,33.309485 -82.793079,33.309516 -82.793177,33.309551 -82.793273,33.309593 -82.793365,33.309638 -82.793454,33.30969 -82.793539,33.309745 -82.793619,33.309804 -82.793693,33.309869 -82.79376,33.309941 -82.79382,33.310015 -82.793872,33.310094 -82.793917,33.310176 -82.793966,33.310295 -82.793985,33.310347 -82.794008,33.310435 -82.794024,33.310524 -82.794032,33.310614 -82.794033,33.310704 -82.794015,33.310884 -82.793982,33.311062 -82.793933,33.311238 -82.793872,33.3114 -82.793821,33.31148 -82.793777,33.311562 -82.79374,33.311647 -82.793711,33.311734 -82.793691,33.311822 -82.793678,33.311912 -82.793674,33.312002 -82.793678,33.312092 -82.79369,33.312181 -82.79371,33.312269 -82.793774,33.312441 -82.79385,33.31261 -82.793937,33.312776 -82.794036,33.312936 -82.79478,33.313983 -82.795256,33.314526 -82.795323,33.314597 -82.795445,33.314746 -82.795553,33.314901 -82.795646,33.315064 -82.795723,33.315232 -82.795784,33.315405 -82.795828,33.315581 -82.795874,33.315838 -82.79592,33.316117 -82.795874,33.316654 -82.795855,33.317377 -82.795952,33.317799 -82.796004,33.317974 -82.796043,33.318151 -82.796067,33.318331 -82.796077,33.318511 -82.796075,33.318691 -82.796041,33.318776 -82.795978,33.318849 -82.795892,33.318902 -82.79579,33.31893 -82.795685,33.31895 -82.795579,33.318962 -82.795471,33.318965 -82.795284,33.318949 -82.795074,33.318913 -82.794656,33.318827 -82.794348,33.318751 -82.794138,33.318711 -82.793925,33.318688 -82.793711,33.318677 -82.793603,33.318678 -82.793389,33.318694 -82.793179,33.31873 -82.793076,33.318755 -82.792974,33.318785 -82.791208,33.319429 -82.791116,33.319476 -82.791016,33.319508 -82.790911,33.319527 -82.790804,33.319529 -82.790606,33.319491 -82.789804,33.318892 -82.78972,33.318835 -82.789632,33.318784 -82.78945,33.318689 -82.789344,33.318674 -82.78924,33.318693 -82.789145,33.318754 -82.789083,33.318814 -82.789032,33.318893 -82.789007,33.318969 -82.789005,33.319091 -82.789011,33.319181 -82.789026,33.319271 -82.789047,33.31936 -82.789075,33.319446 -82.78911,33.319532 -82.789153,33.319615 -82.78926,33.319769 -82.78931,33.319848 -82.789353,33.319932 -82.789388,33.320017 -82.789416,33.320104 -82.789436,33.320192 -82.789448,33.320282 -82.789451,33.320372 -82.789442,33.320552 -82.789393,33.320722 -82.78933,33.320894 -82.789291,33.320977 -82.789259,33.321064 -82.789234,33.321151 -82.789216,33.321241 -82.789206,33.321331 -82.789202,33.321421 -82.789206,33.321511 -82.789216,33.321601 -82.789242,33.321688 -82.789284,33.321771 -82.789341,33.321847 -82.78941,33.321916 -82.789492,33.321973 -82.789581,33.322024 -82.789674,33.322069 -82.789772,33.322107 -82.790085,33.322165 -82.790869,33.322443 -82.791078,33.322483 -82.791388,33.322557 -82.791489,33.322589 -82.791587,33.322625 -82.791682,33.322667 -82.791773,33.322715 -82.791871,33.322752 -82.791974,33.322777 -82.79208,33.322789 -82.792188,33.322788 -82.792294,33.322798 -82.792399,33.322819 -82.792498,33.322853 -82.792694,33.322927 -82.792884,33.323012 -82.793161,33.323149 -82.79354,33.32332 -82.79363,33.323368 -82.793717,33.323421 -82.793801,33.323478 -82.79388,33.323538 -82.793952,33.323605 -82.794029,33.323667 -82.794112,33.323725 -82.794201,33.323776 -82.794373,33.323855 -82.794826,33.323911 -82.795041,33.323917 -82.795255,33.323937 -82.795466,33.323969 -82.795682,33.324016 -82.795877,33.324072 -82.796075,33.324142 -82.796267,33.324224 -82.79645,33.324317 -82.796623,33.324424 -82.796705,33.324483 -82.796859,33.324607 -82.797,33.324744 -82.797124,33.324891 -82.797179,33.324968 -82.797229,33.325048 -82.797312,33.325215 -82.797345,33.3253 -82.797395,33.325476 -82.797428,33.325654 -82.797445,33.325834 -82.797445,33.326014 -82.797421,33.326284 -82.79737,33.326642 -82.797348,33.326729 -82.797337,33.326819 -82.797336,33.326909 -82.797346,33.327 -82.797385,33.327154 -82.797416,33.32724 -82.797456,33.327323 -82.797504,33.327405 -82.797557,33.327483 -82.797615,33.327559 -82.797678,33.327632 -82.797747,33.3277 -82.79782,33.327767 -82.797957,33.327906 -82.798083,33.328052 -82.798196,33.328206 -82.798352,33.328442 -82.798446,33.328604 -82.798521,33.328773 -82.798579,33.328947 -82.798617,33.329124 -82.798628,33.329214 -82.798635,33.329394 -82.798653,33.329483 -82.798685,33.329569 -82.798732,33.32965 -82.798792,33.329725 -82.798864,33.329791 -82.799063,33.330004 -82.799124,33.330078 -82.799232,33.330233 -82.799279,33.330315 -82.799321,33.330398 -82.799358,33.330483 -82.799441,33.330706 -82.799463,33.330795 -82.799479,33.330883 -82.799487,33.330973 -82.799487,33.331057 -82.799467,33.33117 -82.79946,33.331201 -82.799448,33.331229 -82.799261,33.331679 -82.799166,33.331888 -82.79884,33.332604 -82.798781,33.332679 -82.798717,33.332752 -82.798648,33.332819 -82.798573,33.332884 -82.798478,33.332957 -82.798324,33.333056 -82.798232,33.333103 -82.798149,33.33316 -82.798077,33.333227 -82.798018,33.333302 -82.797972,33.333382 -82.797944,33.33347 -82.797898,33.333647 -82.797864,33.333824 -82.797839,33.334063 -82.797858,33.335003 -82.797885,33.335091 -82.797952,33.335355 -82.797994,33.335576 -82.798014,33.335712 -82.798034,33.335982 -82.798034,33.336163 -82.798016,33.336433 -82.797982,33.336702 -82.797949,33.33688 -82.79794,33.33697 -82.79794,33.33706 -82.797949,33.33715 -82.797966,33.337238 -82.797998,33.337325 -82.798048,33.3375 -82.79808,33.337677 -82.798178,33.338915 -82.798171,33.339005 -82.798153,33.339094 -82.798124,33.339181 -82.798084,33.339264 -82.798035,33.339345 -82.797976,33.339419 -82.797908,33.339489 -82.797832,33.339553 -82.797748,33.33961 -82.7973,33.339858 -82.79713,33.339968 -82.797041,33.340018 -82.796977,33.340089 -82.796947,33.340176 -82.796954,33.340266 -82.796997,33.340348 -82.797391,33.340654 -82.797463,33.340721 -82.797525,33.340794 -82.797578,33.340873 -82.797629,33.340971 -82.797832,33.341498 -82.797871,33.341582 -82.797918,33.341662 -82.797972,33.341741 -82.798034,33.341814 -82.798102,33.341884 -82.798175,33.341949 -82.798351,33.342053 -82.798556,33.342097 -82.798654,33.342132 -82.798735,33.342191 -82.798784,33.342272 -82.798822,33.342357 -82.798847,33.342444 -82.798859,33.342534 -82.798858,33.342624 -82.798845,33.342714 -82.79882,33.342801 -82.798784,33.342886 -82.798728,33.342962 -82.798689,33.343047 -82.798667,33.343134 -82.798664,33.343224 -82.798692,33.343311 -82.798711,33.343401 -82.798723,33.343491 -82.798727,33.343581 -82.798724,33.343671 -82.798713,33.34376 -82.798694,33.343849 -82.798665,33.343936 -82.798629,33.34402 -82.798584,33.344102 -82.7985,33.34422 -82.798269,33.344561 -82.79823,33.344645 -82.798201,33.344732 -82.798183,33.344821 -82.798175,33.344911 -82.798178,33.345001 -82.798191,33.34509 -82.798245,33.345258 -82.798417,33.346279 -82.798402,33.346369 -82.798394,33.346459 -82.798393,33.346549 -82.798398,33.346639 -82.798411,33.346728 -82.798431,33.346817 -82.798457,33.346904 -82.79849,33.346989 -82.79853,33.347074 -82.798576,33.347155 -82.798628,33.347234 -82.798692,33.347306 -82.798769,33.347369 -82.798855,33.347423 -82.799046,33.347495 -82.799653,33.347665 -82.799845,33.347747 -82.800317,33.347962 -82.800779,33.348191 -82.800875,33.348232 -82.801072,33.348304 -82.801175,33.348331 -82.801271,33.34837 -82.80136,33.348419 -82.801439,33.348481 -82.801506,33.348551 -82.801561,33.348629 -82.801594,33.348714 -82.801603,33.348804 -82.801591,33.348892 -82.801548,33.348975 -82.801477,33.349043 -82.801385,33.349089 -82.801281,33.349109 -82.801174,33.3491 -82.801068,33.349111 -82.800966,33.34914 -82.800877,33.34919 -82.800796,33.349249 -82.800725,33.349317 -82.800665,33.34939 -82.800616,33.349472 -82.800583,33.349556 -82.800567,33.349646 -82.800569,33.349736 -82.800588,33.349825 -82.800686,33.350023 -82.800758,33.350194 -82.800812,33.350369 -82.800849,33.350546 -82.800867,33.350726 -82.800867,33.350906 -82.800852,33.350994 -82.800823,33.351081 -82.800781,33.351165 -82.800726,33.351242 -82.800658,33.351312 -82.800584,33.351377 -82.800506,33.351439 -82.800422,33.351495 -82.800334,33.351546 -82.800241,33.351593 -82.800144,33.35163 -82.800048,33.351672 -82.799956,33.351718 -82.799867,33.351768 -82.7997,33.351882 -82.79955,33.35201 -82.799418,33.352153 -82.799321,33.352283 -82.799257,33.352387 -82.799216,33.352469 -82.799182,33.352556 -82.799157,33.352643 -82.79914,33.352733 -82.799132,33.352823 -82.799133,33.352913 -82.799118,33.353001 -82.799089,33.353088 -82.799045,33.353171 -82.798987,33.353247 -82.798531,33.353645 -82.797986,33.354055 -82.797912,33.35412 -82.797844,33.35419 -82.797781,33.354263 -82.797724,33.354339 -82.797672,33.354418 -82.797627,33.3545 -82.797588,33.354584 -82.797555,33.35467 -82.797529,33.354757 -82.79751,33.354846 -82.797497,33.354936 -82.79749,33.355116 -82.797467,33.355386 -82.797428,33.355663 -82.797417,33.355744 -82.79741,33.355924 -82.797419,33.356104 -82.797436,33.356192 -82.797463,33.35628 -82.797501,33.356364 -82.797549,33.356446 -82.797641,33.356558 -82.797735,33.356665 -82.797859,33.356779 -82.79815,33.357042 -82.798215,33.357115 -82.798272,33.357191 -82.798323,33.35727 -82.798413,33.357435 -82.798514,33.357594 -82.798572,33.35767 -82.798636,33.357742 -82.798705,33.35781 -82.798779,33.357875 -82.799019,33.358057 -82.79927,33.358227 -82.799532,33.358384 -82.799804,33.358528 -82.800017,33.358629 -82.80036,33.35879 -82.80054,33.358871 -82.800606,33.358941 -82.800646,33.359025 -82.800664,33.359113 -82.800661,33.359203 -82.800636,33.359291 -82.800329,33.359688 -82.800252,33.359817 -82.800182,33.359989 -82.800091,33.360248 -82.800015,33.360511 -82.799954,33.360777 -82.799864,33.361666 -82.799887,33.361753 -82.799916,33.361841 -82.799951,33.361927 -82.799991,33.362009 -82.800037,33.362091 -82.800089,33.36217 -82.800146,33.362247 -82.800215,33.362316 -82.800296,33.362375 -82.800386,33.362423 -82.800485,33.362455 -82.800588,33.362478 -82.800798,33.362521 -82.801011,33.362541 -82.801226,33.362547 -82.801333,33.362558 -82.801437,33.362581 -82.801537,33.362613 -82.801631,33.362656 -82.801719,33.362707 -82.8018,33.362766 -82.801874,33.362831 -82.80194,33.362903 -82.801997,33.36298 -82.802045,33.363062 -82.802568,33.364246 -82.802672,33.364483 -82.802916,33.365035 -82.802971,33.365111 -82.803002,33.365139 -82.803043,33.36518 -82.803125,33.365237 -82.803218,33.365282 -82.803319,33.365313 -82.803424,33.36533 -82.803746,33.365329 -82.804054,33.365313 -82.804504,33.36517 -82.804684,33.36511 -82.804701,33.365105 -82.805104,33.36497 -82.805301,33.364927 -82.806206,33.364734 -82.806311,33.364716 -82.806524,33.364691 -82.806739,33.364683 -82.806954,33.364689 -82.807167,33.364708 -82.807378,33.364742 -82.807686,33.364821 -82.808614,33.364973 -82.808823,33.365015 -82.808929,33.365028 -82.809143,33.36504 -82.809251,33.365038 -82.809358,33.365031 -82.809464,33.365018 -82.809674,33.364979 -82.809877,33.364922 -82.809974,33.364883 -82.810065,33.364835 -82.810149,33.364778 -82.810225,33.364714 -82.810601,33.364275 -82.810723,33.364127 -82.810791,33.364057 -82.810869,33.363995 -82.810954,33.36394 -82.811046,33.363894 -82.811144,33.363856 -82.811257,33.363826 -82.81187,33.36368 -82.811976,33.363666 -82.812083,33.363666 -82.81219,33.363678 -82.812293,33.363704 -82.81239,33.363743 -82.812479,33.363791 -82.81271,33.363981 -82.812925,33.364182 -82.813077,33.36431 -82.813257,33.364441 -82.81369,33.364719 -82.813772,33.364778 -82.813846,33.364843 -82.813913,33.364914 -82.813971,33.36499 -82.814021,33.36507 -82.814062,33.365153 -82.814093,33.365239 -82.814114,33.365327 -82.814126,33.365417 -82.814127,33.365507 -82.814093,33.365775 -82.813782,33.367927 -82.813775,33.368017 -82.81378,33.368107 -82.813797,33.368195 -82.813824,33.368283 -82.813863,33.368367 -82.813912,33.368447 -82.813971,33.368522 -82.81404,33.368592 -82.814201,33.368712 -82.814511,33.368961 -82.814733,33.369157 -82.814983,33.369397 -82.815059,33.369461 -82.815128,33.369529 -82.81519,33.369604 -82.815243,33.369681 -82.815288,33.369764 -82.815324,33.369849 -82.815351,33.369936 -82.81536,33.370026 -82.815388,33.370113 -82.815435,33.370193 -82.815499,33.370266 -82.815581,33.370328 -82.815993,33.370818 -82.816036,33.370901 -82.816063,33.370987 -82.816075,33.371077 -82.816072,33.371167 -82.816053,33.371257 -82.816019,33.371342 -82.815967,33.37142 -82.815931,33.371505 -82.815912,33.371595 -82.815911,33.371685 -82.815928,33.371774 -82.81603,33.37203 -82.816157,33.372374 -82.816206,33.372455 -82.816271,33.372526 -82.816351,33.372586 -82.816543,33.372667 -82.816727,33.37276 -82.816902,33.372866 -82.817068,33.37298 -82.817224,33.373103 -82.817296,33.373171 -82.817374,33.373233 -82.817457,33.373291 -82.817544,33.373343 -82.817635,33.37339 -82.817732,33.37343 -82.817833,33.37346 -82.817938,33.37348 -82.818045,33.373489 -82.818367,33.373492 -82.818689,33.373508 -82.818795,33.37352 -82.818941,33.373553 -82.819002,33.373569 -82.819102,33.373603 -82.819182,33.373637 -82.819258,33.373677 -82.819354,33.373717 -82.819454,33.373751 -82.819556,33.373779 -82.81966,33.3738 -82.819766,33.373814 -82.819874,33.373821 -82.819981,33.373821 -82.8213,33.373738 -82.821495,33.373706 -82.821599,33.373728 -82.821691,33.373775 -82.821761,33.373842 -82.821803,33.373925 -82.821813,33.374014 -82.821789,33.374102 -82.821755,33.374187 -82.821706,33.374268 -82.821575,33.374411 -82.821504,33.374478 -82.821347,33.374601 -82.821174,33.374708 -82.820124,33.375244 -82.819354,33.375599 -82.819232,33.375675 -82.819067,33.375791 -82.818914,33.375917 -82.818771,33.376052 -82.818531,33.376319 -82.818387,33.376452 -82.818227,33.376573 -82.81814,33.376627 -82.818053,33.376679 -82.817961,33.376725 -82.81777,33.376809 -82.817695,33.376832 -82.81767,33.376841 -82.817576,33.376885 -82.817491,33.376938 -82.817414,33.377001 -82.817348,33.377073 -82.817295,33.37715 -82.817279,33.377184 -82.817231,33.377322 -82.817222,33.377412 -82.817229,33.377502 -82.817254,33.377589 -82.817287,33.377676 -82.817327,33.37776 -82.817374,33.37784 -82.817428,33.377919 -82.817488,33.377994 -82.817592,33.3781 -82.817664,33.378166 -82.817741,33.378228 -82.817904,33.378346 -82.81808,33.37845 -82.818776,33.3788 -82.818856,33.378861 -82.818923,33.378931 -82.818978,33.379008 -82.819019,33.379092 -82.819044,33.379179 -82.819054,33.379269 -82.819046,33.379359 -82.819031,33.379447 -82.819008,33.379536 -82.818977,33.379621 -82.818939,33.379707 -82.818873,33.379821 -82.81869,33.380527 -82.818525,33.381231 -82.818334,33.381873 -82.818266,33.382104 -82.818208,33.382277 -82.818135,33.382447 -82.818048,33.382612 -82.817948,33.382772 -82.817835,33.382925 -82.817659,33.383133 -82.817604,33.38321 -82.817556,33.383291 -82.817514,33.383374 -82.817479,33.383459 -82.817451,33.383546 -82.81743,33.383635 -82.817416,33.383724 -82.81741,33.383814 -82.817411,33.383904 -82.817419,33.383994 -82.817434,33.384082 -82.817457,33.384171 -82.817577,33.384518 -82.817762,33.385095 -82.81799,33.38539 -82.818039,33.385469 -82.818078,33.385554 -82.818107,33.385641 -82.818124,33.38573 -82.81813,33.38582 -82.818125,33.38591 -82.818109,33.385999 -82.81808,33.386085 -82.818012,33.386257 -82.817934,33.386425 -82.817888,33.386505 -82.817853,33.386591 -82.81783,33.386679 -82.817818,33.386769 -82.817828,33.387 -82.817839,33.38709 -82.817859,33.387178 -82.817887,33.387265 -82.817923,33.387349 -82.817967,33.387431 -82.818019,33.387511 -82.818078,33.387587 -82.818144,33.387658 -82.818217,33.387724 -82.818375,33.387847 -82.818521,33.38794 -82.818637,33.388002 -82.818732,33.388046 -82.818829,33.388084 -82.818929,33.388115 -82.819097,33.388157 -82.819984,33.388461 -82.820079,33.388503 -82.820261,33.388599 -82.820348,33.388652 -82.820512,33.388769 -82.820657,33.38889 -82.820802,33.389035 -82.820926,33.389182 -82.821037,33.389336 -82.821136,33.389497 -82.821221,33.389662 -82.821271,33.389742 -82.821332,33.389816 -82.821402,33.389885 -82.821479,33.389947 -82.821565,33.39 -82.821659,33.390045 -82.821759,33.390078 -82.821863,33.390099 -82.822032,33.39011 -82.822965,33.390233 -82.82318,33.390236 -82.823395,33.390228 -82.823609,33.390206 -82.82382,33.390175 -82.823923,33.390149 -82.824029,33.390133 -82.824136,33.390126 -82.824243,33.39013 -82.824349,33.390143 -82.824967,33.390299 -82.825178,33.390333 -82.825285,33.390341 -82.825392,33.390345 -82.825499,33.390355 -82.825605,33.390372 -82.825709,33.390394 -82.825807,33.39043 -82.825899,33.390478 -82.82598,33.390535 -82.82605,33.390605 -82.826111,33.390679 -82.826163,33.390758 -82.826205,33.390841 -82.826237,33.390926 -82.826248,33.391016 -82.826282,33.391101 -82.826337,33.391179 -82.826412,33.391244 -82.826501,33.391292 -82.826942,33.39143 -82.827326,33.391576 -82.827397,33.391644 -82.827453,33.39172 -82.827493,33.391804 -82.827515,33.391893 -82.82753,33.391982 -82.827538,33.392072 -82.82754,33.392162 -82.827527,33.392251 -82.827528,33.392341 -82.827542,33.392431 -82.82757,33.392518 -82.827611,33.392601 -82.827664,33.392679 -82.827729,33.39275 -82.827804,33.392815 -82.827888,33.392871 -82.827981,33.392913 -82.82803,33.392992 -82.828015,33.393082 -82.827957,33.393157 -82.827867,33.393203 -82.82776,33.393213 -82.827652,33.39321 -82.827546,33.393196 -82.827445,33.393167 -82.827351,33.393124 -82.827267,33.393067 -82.827196,33.393 -82.827141,33.392922 -82.827071,33.392854 -82.826988,33.392797 -82.826892,33.392757 -82.826787,33.392736 -82.826522,33.392744 -82.826415,33.392753 -82.82631,33.392772 -82.826206,33.392797 -82.826106,33.392829 -82.82601,33.39287 -82.825919,33.392918 -82.825833,33.392972 -82.825756,33.393034 -82.825672,33.393091 -82.825582,33.39314 -82.825486,33.393181 -82.825386,33.393214 -82.825283,33.39324 -82.825118,33.393262 -82.824768,33.393352 -82.824571,33.393371 -82.824474,33.393409 -82.824389,33.393465 -82.824321,33.393534 -82.82428,33.393617 -82.82427,33.393707 -82.824274,33.393797 -82.824293,33.393886 -82.824325,33.393971 -82.824372,33.394053 -82.824431,33.394128 -82.824577,33.394495 -82.824794,33.395252 -82.824859,33.395411 -82.824925,33.395482 -82.82501,33.395536 -82.825114,33.395556 -82.825219,33.395543 -82.825327,33.395539 -82.825434,33.395542 -82.825541,33.395549 -82.825647,33.395564 -82.825751,33.395587 -82.825852,33.395618 -82.825936,33.395674 -82.826,33.395747 -82.82604,33.395829 -82.826065,33.395918 -82.826071,33.396008 -82.826042,33.396186 -82.826019,33.396274 -82.82599,33.396361 -82.825974,33.39645 -82.825967,33.39654 -82.825967,33.39663 -82.825977,33.39672 -82.826007,33.396805 -82.826055,33.396887 -82.826117,33.39696 -82.826193,33.397025 -82.826468,33.397188 -82.826713,33.397335 -82.826841,33.39739 -82.826943,33.397421 -82.8274,33.397503 -82.827522,33.397534 -82.827814,33.397624 -82.827957,33.397733 -82.827989,33.397819 -82.827994,33.397909 -82.827972,33.397996 -82.827878,33.398153 -82.827813,33.398218 -82.827616,33.398398 -82.827524,33.398445 -82.827348,33.398549 -82.827186,33.398666 -82.82711,33.39873 -82.827043,33.398801 -82.826966,33.398864 -82.826882,33.398919 -82.82679,33.398967 -82.826693,33.399005 -82.826591,33.399034 -82.826384,33.39906 -82.824336,33.399237 -82.824122,33.399231 -82.823907,33.39924 -82.823693,33.399262 -82.823483,33.399296 -82.823275,33.399344 -82.823073,33.399405 -82.822877,33.399478 -82.822785,33.399524 -82.822701,33.39958 -82.822625,33.399645 -82.822554,33.399713 -82.822508,33.399793 -82.822488,33.399881 -82.822496,33.399971 -82.822531,33.400056 -82.822735,33.400266 -82.82293,33.400481 -82.823004,33.400546 -82.823089,33.400601 -82.823183,33.400646 -82.823283,33.400678 -82.823379,33.400717 -82.82356,33.400815 -82.823634,33.40088 -82.823688,33.400958 -82.823719,33.401049 -82.823718,33.401139 -82.823686,33.401252 -82.823504,33.401573 -82.823449,33.401649 -82.823405,33.401732 -82.823374,33.401818 -82.823356,33.401907 -82.823351,33.401997 -82.823359,33.402087 -82.823381,33.402175 -82.823414,33.402261 -82.823466,33.402338 -82.823536,33.402408 -82.82362,33.402462 -82.823715,33.402506 -82.823817,33.402534 -82.823924,33.402538 -82.82403,33.402555 -82.824131,33.402585 -82.824228,33.402624 -82.824309,33.402682 -82.82437,33.402755 -82.824406,33.402841 -82.82442,33.403111 -82.824416,33.403201 -82.824431,33.40329 -82.824465,33.403376 -82.824516,33.403455 -82.824543,33.403481 -82.824615,33.403599 -82.824653,33.403684 -82.824677,33.403771 -82.824687,33.403861 -82.824682,33.403951 -82.824663,33.40404 -82.82463,33.404125 -82.824583,33.404207 -82.824524,33.404283 -82.824452,33.40435 -82.82437,33.404407 -82.824277,33.404452 -82.824217,33.404472 -82.824058,33.404562 -82.82353,33.404944 -82.823453,33.405008 -82.823383,33.405076 -82.823319,33.405147 -82.823261,33.405223 -82.823165,33.405385 -82.823146,33.405472 -82.823155,33.405521 -82.82321,33.405599 -82.823307,33.40576 -82.823361,33.405837 -82.823382,33.405925 -82.823368,33.406014 -82.823312,33.406091 -82.823244,33.40616 -82.823165,33.406222 -82.823077,33.406273 -82.82298,33.406312 -82.822878,33.40634 -82.822781,33.40638 -82.822691,33.406429 -82.822609,33.406487 -82.822536,33.406553 -82.822479,33.406629 -82.822439,33.406713 -82.82242,33.406801 -82.82242,33.406891 -82.822441,33.406979 -82.822462,33.407019 -82.822473,33.407055 -82.822514,33.40714 -82.822569,33.407217 -82.822702,33.407359 -82.822762,33.407432 -82.822873,33.407587 -82.822922,33.407668 -82.82296,33.407752 -82.82299,33.407839 -82.823056,33.408195 -82.823052,33.408229 -82.823112,33.409917 -82.823083,33.410004 -82.82307,33.410093 -82.823076,33.410183 -82.823098,33.410271 -82.823137,33.410355 -82.823192,33.410432 -82.823261,33.4105 -82.823343,33.410559 -82.823658,33.410705 -82.823726,33.410722 -82.823827,33.410753 -82.823924,33.410793 -82.824016,33.41084 -82.824102,33.410894 -82.824181,33.410955 -82.824251,33.411023 -82.824383,33.411166 -82.824504,33.411315 -82.824614,33.41147 -82.824657,33.411552 -82.824712,33.411628 -82.824778,33.411701 -82.824853,33.411765 -82.824937,33.411821 -82.825117,33.411904 -82.825486,33.412087 -82.826162,33.412522 -82.82626,33.412567 -82.826341,33.412626 -82.826406,33.412698 -82.82645,33.412779 -82.826495,33.412956 -82.826518,33.413134 -82.826515,33.413406 -82.826497,33.413584 -82.826466,33.413764 -82.826422,33.413939 -82.826291,33.414338 -82.826251,33.414479 -82.826134,33.414859 -82.826025,33.415174 -82.825825,33.415689 -82.825601,33.416292 -82.825582,33.416381 -82.825575,33.416471 -82.825581,33.416561 -82.825598,33.416649 -82.825631,33.416736 -82.82571,33.416902 -82.825808,33.417064 -82.825924,33.417215 -82.825992,33.417285 -82.826054,33.417358 -82.82611,33.417436 -82.826159,33.417516 -82.826202,33.417599 -82.826237,33.417684 -82.826266,33.417771 -82.826284,33.417859 -82.826291,33.417949 -82.826287,33.418039 -82.826272,33.418129 -82.826246,33.418216 -82.826169,33.418383 -82.826083,33.41855 -82.825103,33.419838 -82.824955,33.420006 -82.824833,33.420153 -82.824764,33.420223 -82.824691,33.420288 -82.824531,33.420409 -82.824445,33.420464 -82.824355,33.420513 -82.824167,33.4206 -82.823992,33.420659 -82.823704,33.420769 -82.823598,33.420797 -82.823502,33.420829 -82.823433,33.420863 -82.823412,33.420875 -82.823338,33.42094 -82.82328,33.421016 -82.823238,33.421098 -82.823238,33.421186 -82.823281,33.42127 -82.823364,33.421326 -82.823421,33.42137 -82.823524,33.421447 -82.823675,33.421576 -82.823745,33.421644 -82.823877,33.421787 -82.823995,33.421937 -82.824095,33.422097 -82.824175,33.422264 -82.824207,33.42235 -82.824259,33.422525 -82.824295,33.422703 -82.824313,33.422883 -82.824315,33.423063 -82.824308,33.423167 -82.824322,33.423831 -82.824319,33.423923 -82.824308,33.424011 -82.824287,33.424101 -82.824258,33.424187 -82.82422,33.424272 -82.824174,33.424353 -82.824119,33.424431 -82.824058,33.424505 -82.823924,33.42463 -82.823418,33.425144 -82.823344,33.425209 -82.823262,33.425268 -82.823173,33.425319 -82.823079,33.425361 -82.82298,33.425396 -82.822877,33.425421 -82.822771,33.425438 -82.82268,33.425485 -82.822616,33.425556 -82.822591,33.425644 -82.822587,33.425734 -82.822606,33.425823 -82.822645,33.425905 -82.82291,33.426191 -82.82297,33.426265 -82.823023,33.426344 -82.823065,33.426426 -82.823121,33.426595 -82.82316,33.426679 -82.823211,33.426758 -82.823273,33.426831 -82.823346,33.426898 -82.823428,33.426955 -82.823519,33.427003 -82.823607,33.427055 -82.823771,33.427172 -82.823845,33.427236 -82.823913,33.427307 -82.823974,33.427382 -82.824027,33.42746 -82.824073,33.42754 -82.824105,33.427627 -82.824152,33.427708 -82.824212,33.427782 -82.824285,33.427849 -82.824368,33.427906 -82.824463,33.427948 -82.824566,33.427974 -82.824781,33.427974 -82.824888,33.427968 -82.824993,33.42795 -82.825106,33.42795 -82.825206,33.427965 -82.825306,33.427998 -82.825397,33.428044 -82.825474,33.428109 -82.825533,33.428184 -82.825602,33.428337 -82.825646,33.428437 -82.825679,33.428527 -82.825734,33.428599 -82.825813,33.428659 -82.82591,33.428699 -82.826015,33.428714 -82.826123,33.428714 -82.826226,33.42869 -82.82654,33.428628 -82.826647,33.428621 -82.826755,33.428627 -82.826859,33.428649 -82.826953,33.428651 -82.827064,33.428633 -82.827167,33.428592 -82.827231,33.428521 -82.827328,33.428483 -82.827434,33.428486 -82.827524,33.428534 -82.827607,33.428593 -82.827682,33.428657 -82.827787,33.428773 -82.827942,33.428972 -82.827968,33.429059 -82.82803,33.429132 -82.828119,33.429181 -82.828224,33.429201 -82.828432,33.429156 -82.82848,33.429122 -82.828562,33.429122 -82.828757,33.429176 -82.828809,33.429254 -82.828871,33.429328 -82.82894,33.429397 -82.829016,33.429461 -82.829106,33.42951 -82.829306,33.429575 -82.829513,33.429626 -82.829618,33.429644 -82.829784,33.429679 -82.830013,33.429741 -82.830103,33.429789 -82.83018,33.429853 -82.830239,33.429927 -82.83031,33.429996 -82.830388,33.430058 -82.830473,33.430112 -82.830565,33.43016 -82.830662,33.430199 -82.831225,33.430456 -82.831325,33.43049 -82.831428,33.430515 -82.831639,33.430548 -82.831746,33.430556 -82.831854,33.430559 -82.832068,33.430574 -82.832281,33.430602 -82.832491,33.430639 -82.832917,33.430767 -82.833021,33.430791 -82.833231,33.430827 -82.833339,33.430833 -82.833444,33.430852 -82.833546,33.430881 -82.833642,33.43092 -82.833775,33.430996 -82.834608,33.431682 -82.834669,33.431756 -82.834721,33.431835 -82.834764,33.431917 -82.834798,33.432003 -82.834823,33.432091 -82.834837,33.43218 -82.834842,33.43227 -82.834837,33.43236 -82.834822,33.432449 -82.834797,33.432537 -82.834762,33.432622 -82.834718,33.432704 -82.834664,33.432783 -82.834602,33.432856 -82.834532,33.432924 -82.834454,33.432986 -82.834383,33.433054 -82.834318,33.433126 -82.834262,33.433203 -82.834213,33.433283 -82.834173,33.433366 -82.834141,33.433453 -82.83412,33.433541 -82.834109,33.433631 -82.83411,33.433721 -82.83413,33.43381 -82.834139,33.433898 -82.834138,33.43399 -82.834126,33.434078 -82.834104,33.434167 -82.834034,33.434329 -82.833965,33.434509 -82.833881,33.43477 -82.833865,33.434859 -82.83386,33.434949 -82.833865,33.435039 -82.833881,33.435128 -82.833913,33.435231 -82.833941,33.435301 -82.833998,33.435377 -82.834075,33.43544 -82.834166,33.435485 -82.83427,33.435512 -82.834374,33.435533 -82.834585,33.435567 -82.834643,33.435584 -82.834753,33.435585 -82.834925,33.435592 -82.835178,33.435605 -82.835208,33.435598 -82.835337,33.43555 -82.835423,33.435496 -82.835498,33.435432 -82.83556,33.435358 -82.835577,33.43527 -82.835556,33.435181 -82.835559,33.435091 -82.835568,33.435001 -82.835599,33.434823 -82.835638,33.434646 -82.835706,33.434576 -82.835893,33.434489 -82.836085,33.434407 -82.83631,33.434216 -82.83653,33.434019 -82.836616,33.433965 -82.836708,33.433918 -82.836806,33.433881 -82.836908,33.433853 -82.837014,33.433836 -82.837121,33.433829 -82.837309,33.433805 -82.837409,33.433762 -82.837483,33.433719 -82.837507,33.433633 -82.837492,33.433539 -82.83745,33.43345 -82.837421,33.433363 -82.837403,33.433273 -82.837417,33.433185 -82.837456,33.433101 -82.837518,33.433028 -82.83759,33.432961 -82.837914,33.432724 -82.837974,33.432648 -82.838015,33.432566 -82.838034,33.432478 -82.838072,33.432392 -82.838119,33.432312 -82.838174,33.432235 -82.838237,33.432162 -82.838307,33.432093 -82.838371,33.43204 -82.838644,33.43186 -82.838719,33.431796 -82.838781,33.431722 -82.838828,33.431641 -82.83886,33.431555 -82.838922,33.431469 -82.839144,33.431462 -82.83924,33.431423 -82.839325,33.431368 -82.839359,33.431331 -82.839392,33.431298 -82.839445,33.431219 -82.83948,33.431134 -82.839497,33.431044 -82.839566,33.430978 -82.839663,33.43094 -82.839878,33.430943 -82.839984,33.430956 -82.840133,33.430995 -82.840188,33.431013 -82.840284,33.431053 -82.840375,33.431101 -82.840546,33.43121 -82.8409,33.431415 -82.840998,33.431452 -82.841101,33.431479 -82.841207,33.431494 -82.841268,33.431496 -82.841359,33.43152 -82.841456,33.431559 -82.841548,33.431606 -82.841632,33.431662 -82.841708,33.431725 -82.841774,33.431797 -82.841893,33.431885 -82.841964,33.431953 -82.842026,33.432026 -82.842134,33.432181 -82.842311,33.432408 -82.842384,33.432474 -82.842468,33.43253 -82.842561,33.432575 -82.842648,33.432628 -82.842812,33.432744 -82.84296,33.432876 -82.843043,33.432964 -82.843134,33.433123 -82.843309,33.433452 -82.843412,33.43361 -82.843531,33.43376 -82.843666,33.433901 -82.843814,33.43403 -82.843976,33.43415 -82.844759,33.434845 -82.845066,33.435105 -82.845832,33.435568 -82.846112,33.435723 -82.846245,33.435788 -82.846329,33.435844 -82.846405,33.435907 -82.846473,33.435978 -82.84653,33.436054 -82.846581,33.436134 -82.846626,33.436216 -82.846663,33.4363 -82.846693,33.436387 -82.846717,33.436475 -82.846735,33.436563 -82.846747,33.436653 -82.846752,33.436743 -82.846751,33.436833 -82.846764,33.436923 -82.846784,33.437011 -82.846812,33.437098 -82.846843,33.437174 -82.84689,33.437266 -82.846939,33.437345 -82.84701,33.437444 -82.847049,33.437528 -82.847072,33.437616 -82.847079,33.437706 -82.847069,33.437796 -82.847043,33.437883 -82.84701,33.438062 -82.846993,33.43824 -82.846994,33.43833 -82.847002,33.438421 -82.847017,33.438511 -82.847038,33.438599 -82.847066,33.438685 -82.8471,33.438772 -82.847141,33.438854 -82.847187,33.438936 -82.847607,33.439732 -82.847944,33.440202 -82.848359,33.440756 -82.848822,33.441234 -82.849108,33.441642 -82.84917,33.44175 -82.849233,33.441823 -82.849309,33.441888 -82.849396,33.441941 -82.849491,33.441982 -82.849591,33.442016 -82.849694,33.442042 -82.8498,33.442058 -82.849907,33.442064 -82.850014,33.442058 -82.850119,33.442039 -82.850221,33.442009 -82.850316,33.441968 -82.850711,33.441825 -82.850818,33.44182 -82.850922,33.441842 -82.851016,33.441885 -82.851589,33.442357 -82.851624,33.442442 -82.851625,33.442532 -82.851612,33.442621 -82.851583,33.442708 -82.851538,33.44279 -82.85151,33.442877 -82.851494,33.442966 -82.851488,33.443056 -82.851505,33.443145 -82.85154,33.44323 -82.851593,33.443308 -82.851663,33.443376 -82.851876,33.443517 -82.851954,33.443543 -82.852009,33.443571 -82.852139,33.443621 -82.852227,33.44366 -82.852318,33.443707 -82.852578,33.443868 -82.852652,33.443933 -82.852716,33.444004 -82.852761,33.444087 -82.852783,33.444175 -82.852854,33.444243 -82.85295,33.444282 -82.853056,33.444291 -82.853154,33.444257 -82.853257,33.444231 -82.853362,33.444211 -82.853455,33.444253 -82.853503,33.444332 -82.853526,33.444511 -82.853528,33.444601 -82.853523,33.444691 -82.853541,33.44478 -82.853574,33.444865 -82.853624,33.444944 -82.85369,33.445017 -82.853769,33.445078 -82.853831,33.445151 -82.853883,33.44523 -82.854007,33.44548 -82.854039,33.445566 -82.854063,33.445653 -82.85408,33.445743 -82.85413,33.446101 -82.854275,33.446993 -82.854309,33.447082 -82.854361,33.447283 -82.854426,33.447473 -82.854508,33.447657 -82.854715,33.447995 -82.85483,33.448152 -82.854929,33.448379 -82.854909,33.448486 -82.854902,33.448677 -82.854972,33.448839 -82.855056,33.448847 -82.855127,33.448804 -82.855236,33.4487 -82.855344,33.44854 -82.855507,33.448369 -82.855656,33.448307 -82.855801,33.448338 -82.855903,33.44842 -82.8559,33.448472 -82.855895,33.448608 -82.855847,33.448698 -82.855794,33.448815 -82.855753,33.448974 -82.855758,33.449188 -82.855795,33.449361 -82.85581,33.449551 -82.85583,33.449705 -82.855793,33.449803 -82.855639,33.449871 -82.855429,33.449939 -82.855248,33.450068 -82.855163,33.450212 -82.855182,33.450327 -82.855261,33.450415 -82.855391,33.450511 -82.855571,33.450581 -82.855852,33.450755 -82.855978,33.450926 -82.856048,33.451092 -82.85612,33.451301 -82.856158,33.451532 -82.856212,33.451971 -82.856208,33.452059 -82.856115,33.452121 -82.855976,33.452133 -82.855865,33.452129 -82.85568,33.452067 -82.855523,33.452008 -82.855356,33.451993 -82.855279,33.452016 -82.855248,33.452146 -82.855261,33.452229 -82.855313,33.452326 -82.855409,33.452404 -82.855545,33.452505 -82.855741,33.452585 -82.856145,33.452765 -82.856416,33.452962 -82.856615,33.453169 -82.856707,33.453293 -82.856743,33.453432 -82.856774,33.453595 -82.85685,33.453733 -82.856993,33.453933 -82.857067,33.454017 -82.857214,33.454158 -82.857377,33.45425 -82.857585,33.454326 -82.857797,33.454397 -82.857977,33.454487 -82.85804,33.454543 -82.858024,33.454599 -82.857981,33.454656 -82.857915,33.454713 -82.857827,33.454732 -82.857721,33.454715 -82.857553,33.454681 -82.857364,33.454684 -82.857282,33.454718 -82.857233,33.454793 -82.857208,33.454895 -82.857243,33.455002 -82.857341,33.455126 -82.857578,33.455291 -82.857796,33.455381 -82.858003,33.455447 -82.858272,33.455546 -82.858502,33.455636 -82.858737,33.455683 -82.859109,33.455708 -82.85956,33.455706 -82.859827,33.45573 -82.860128,33.455767 -82.86034,33.455802 -82.860863,33.455812 -82.86112,33.455888 -82.861221,33.45593 -82.861397,33.456096 -82.86142,33.456159 -82.861476,33.456411 -82.861504,33.456676 -82.86151,33.456974 -82.861476,33.457213 -82.861431,33.457456 -82.861378,33.457822 -82.861331,33.457953 -82.861234,33.458112 -82.861111,33.458334 -82.861004,33.458796 -82.860897,33.458993 -82.860751,33.45915 -82.860687,33.459286 -82.860663,33.459491 -82.860733,33.459621 -82.860891,33.45973 -82.861126,33.459829 -82.861334,33.459933 -82.861509,33.460057 -82.861713,33.460248 -82.86185,33.460414 -82.861998,33.460576 -82.862074,33.460738 -82.862121,33.460867 -82.862107,33.460988 -82.862049,33.46112 -82.861916,33.46136 -82.86195,33.461357 -82.861969,33.461481 -82.862039,33.461627 -82.862203,33.461924 -82.862317,33.462047 -82.862609,33.462314 -82.86275,33.462474 -82.862844,33.462591 -82.863008,33.462891 -82.86309,33.463057 -82.863291,33.463537 -82.86342,33.463906 -82.863492,33.464002 -82.863562,33.464154 -82.86364,33.464292 -82.863701,33.46443 -82.863982,33.464753 -82.864177,33.464948 -82.86443,33.465152 -82.864544,33.465251 -82.864676,33.465384 -82.864853,33.465538 -82.86498,33.465615 -82.86511,33.465684 -82.865235,33.465727 -82.865453,33.465818 -82.86573,33.465977 -82.86624,33.466341 -82.866431,33.466462 -82.866605,33.466599 -82.866412,33.466831 -82.866085,33.466969 -82.865317,33.467111 -82.86449,33.467382 -82.864182,33.467509 -82.86238,33.468592 -82.862206,33.468854 -82.861716,33.46892 -82.861578,33.468998 -82.86154,33.469004 -82.860743,33.469457 -82.859635,33.470211 -82.85899,33.470407 -82.858771,33.470474 -82.857384,33.471138 -82.857114,33.471314 -82.856863,33.471572 -82.856765,33.471829 -82.856649,33.471966 -82.856226,33.472239 -82.85583,33.472641 -82.855057,33.473509 -82.854156,33.474772 -82.853267,33.475899 -82.852996,33.476236 -82.852543,33.476452 -82.851735,33.476837 -82.850085,33.478186 -82.849546,33.478564 -82.849526,33.478581 -82.849284,33.478949 -82.849109,33.479368 -82.848974,33.479557 -82.847521,33.481588 -82.84666,33.482739 -82.846071,33.48335 -82.845899,33.483443 -82.845233,33.483806 -82.844701,33.484377 -82.844599,33.48449 -82.844245,33.484927 -82.844134,33.485053 -82.844093,33.485134 -82.844067,33.485167 -82.843497,33.485566 -82.841615,33.486297 -82.840899,33.486841 -82.840464,33.487193 -82.839938,33.487949 -82.839773,33.488117 -82.839577,33.488183 -82.839529,33.488209 -82.839498,33.488221 -82.83946,33.488242 -82.839329,33.488269 -82.838963,33.488477 -82.83875,33.488815 -82.838686,33.489773 -82.838693,33.489942 -82.838698,33.49004 -82.83872,33.490533 -82.838762,33.491509 -82.838711,33.491993 -82.83836,33.492846 -82.837565,33.494239 -82.837527,33.494332 -82.837079,33.49553 -82.836927,33.496277 -82.836909,33.496364 -82.836839,33.496765 -82.836665,33.497155 -82.836471,33.497611 -82.836129,33.498053 -82.835647,33.498506 -82.83508,33.498767 -82.834712,33.498892 -82.83414,33.499087 -82.832077,33.499291 -82.831163,33.499555 -82.830803,33.499746 -82.830055,33.500144 -82.82949,33.500485 -82.829383,33.500521 -82.829364,33.500522 -82.82851,33.500832 -82.826853,33.50151 -82.825189,33.502119 -82.82514,33.502136 -82.824631,33.502156 -82.823141,33.504075 -82.823032,33.504489 -82.822768,33.505498 -82.822641,33.507087 -82.823107,33.509417 -82.822799,33.511545 -82.822404,33.512439 -82.822438,33.5135 -82.822881,33.51444 -82.823307,33.515288 -82.823371,33.515414 -82.823294,33.515496 -82.821536,33.517358 -82.820678,33.518273 -82.820238,33.518734 -82.820043,33.518939 -82.81986,33.519135 -82.818075,33.51992 -82.815315,33.521137 -82.812781,33.520184 -82.810417,33.519306 -82.8091,33.518811 -82.80796,33.51838 -82.807736,33.518295 -82.807551,33.518223 -82.807473,33.518194 -82.807281,33.518121 -82.803789,33.516802 -82.801276,33.515852 -82.796679,33.514113 -82.792079,33.512376 -82.792047,33.512365 -82.791949,33.512327 -82.791419,33.512127 -82.790801,33.5119 -82.790784,33.511888 -82.790625,33.511828 -82.789576,33.511437 -82.789491,33.511405 -82.78859,33.511069 -82.787605,33.5107 -82.787376,33.510879 -82.786675,33.510784 -82.785477,33.511116 -82.784897,33.5112 -82.783356,33.512214 -82.782639,33.512324 -82.7825,33.512416 -82.782392,33.512453 -82.782252,33.512555 -82.782181,33.512622 -82.78209,33.512669 -82.781952,33.512696 -82.781766,33.512718 -82.781534,33.51276 -82.78148,33.512757 -82.78006,33.512783 -82.779864,33.512845 -82.779761,33.51287 -82.779656,33.512892 -82.77955,33.512908 -82.779431,33.512918 -82.779199,33.512971 -82.779096,33.512998 -82.778992,33.513019 -82.778781,33.513045 -82.778559,33.513029 -82.778395,33.512982 -82.778282,33.512881 -82.778195,33.512831 -82.777996,33.51285 -82.777899,33.51298 -82.777866,33.513064 -82.777796,33.513132 -82.77763,33.513179 -82.777522,33.513182 -82.777416,33.51317 -82.777313,33.513145 -82.777216,33.513105 -82.777128,33.513053 -82.777052,33.512988 -82.776986,33.512912 -82.776661,33.512687 -82.77633,33.512497 -82.776002,33.512394 -82.775867,33.512352 -82.775364,33.512265 -82.775151,33.512237 -82.774938,33.512216 -82.774615,33.5122 -82.7744,33.512199 -82.774185,33.512206 -82.773979,33.51222 -82.773538,33.51232 -82.773445,33.512365 -82.773345,33.512399 -82.773241,33.512421 -82.773134,33.512431 -82.773026,33.512428 -82.772901,33.512408 -82.772609,33.512355 -82.772571,33.512354 -82.772394,33.512352 -82.772179,33.512363 -82.771966,33.512388 -82.771755,33.512425 -82.771652,33.51245 -82.771498,33.512493 -82.771269,33.512571 -82.770997,33.512639 -82.770777,33.512711 -82.770629,33.51285 -82.770526,33.512968 -82.770457,33.513028 -82.770348,33.513106 -82.770249,33.513126 -82.770142,33.513135 -82.770034,33.513133 -82.769928,33.513121 -82.769825,33.513095 -82.769718,33.513084 -82.769611,33.513092 -82.769503,33.513115 -82.769303,33.51318 -82.769109,33.513258 -82.768923,33.51335 -82.768833,33.513399 -82.768654,33.513513 -82.7682,33.513821 -82.767779,33.514176 -82.767677,33.514325 -82.767617,33.514398 -82.767544,33.514465 -82.767385,33.514558 -82.767286,33.51457 -82.76683,33.514513 -82.76651,33.514542 -82.766148,33.514522 -82.765938,33.514505 -82.765794,33.51446 -82.765495,33.514339 -82.765044,33.514122 -82.764943,33.514094 -82.764859,33.514038 -82.764803,33.513962 -82.764783,33.513872 -82.764627,33.513689 -82.764259,33.513323 -82.764056,33.513102 -82.763981,33.513036 -82.763896,33.512983 -82.763801,33.51294 -82.763597,33.512894 -82.763128,33.512877 -82.763021,33.512867 -82.762915,33.51285 -82.762812,33.512825 -82.762712,33.512793 -82.762592,33.512742 -82.762227,33.512611 -82.76197,33.512447 -82.761708,33.512296 -82.761213,33.512084 -82.761115,33.512048 -82.761013,33.512017 -82.76091,33.511992 -82.760805,33.511972 -82.760698,33.51196 -82.760591,33.511952 -82.760483,33.511951 -82.760376,33.511955 -82.76025,33.511969 -82.759845,33.512093 -82.759535,33.512321 -82.759462,33.512386 -82.759362,33.512417 -82.759174,33.512366 -82.758906,33.51234 -82.758531,33.512278 -82.758424,33.512267 -82.758317,33.512261 -82.758146,33.512262 -82.757961,33.512334 -82.757888,33.5124 -82.757791,33.512438 -82.757506,33.512422 -82.757293,33.512397 -82.757084,33.512352 -82.756978,33.512341 -82.756889,33.512292 -82.756834,33.512214 -82.756842,33.512126 -82.756794,33.512045 -82.756717,33.511984 -82.756515,33.511922 -82.756412,33.511899 -82.756325,33.511847 -82.756268,33.511771 -82.756186,33.511713 -82.756084,33.511684 -82.755979,33.511666 -82.755872,33.511659 -82.755764,33.511664 -82.755657,33.511676 -82.755552,33.511694 -82.75545,33.511722 -82.755344,33.511738 -82.755237,33.511743 -82.755129,33.511736 -82.755026,33.511712 -82.754931,33.511668 -82.75484,33.51162 -82.754757,33.511564 -82.754656,33.511533 -82.754442,33.51155 -82.75434,33.511575 -82.754234,33.511563 -82.754063,33.511453 -82.753949,33.51137 -82.753796,33.511274 -82.753619,33.5112 -82.753274,33.511111 -82.753062,33.511046 -82.75299,33.510928 -82.752563,33.510624 -82.752365,33.510576 -82.752076,33.510553 -82.751836,33.510457 -82.751569,33.510328 -82.751275,33.510143 -82.751064,33.510157 -82.75038,33.510278 -82.749865,33.510399 -82.74963,33.510455 -82.74942,33.510513 -82.749223,33.510582 -82.749237,33.510617 -82.749072,33.510685 -82.749045,33.510758 -82.748816,33.510947 -82.748736,33.511045 -82.748575,33.511145 -82.748471,33.511215 -82.748287,33.511296 -82.748125,33.511376 -82.747917,33.511457 -82.747755,33.511528 -82.747512,33.511619 -82.747339,33.51171 -82.747144,33.511878 -82.746745,33.512183 -82.746602,33.512284 -82.746492,33.512344 -82.746389,33.512453 -82.746347,33.51254 -82.746283,33.512611 -82.746201,33.51267 -82.746069,33.512745 -82.745949,33.512869 -82.745974,33.512945 -82.746068,33.512981 -82.746163,33.513024 -82.746262,33.51306 -82.746402,33.513094 -82.746491,33.513145 -82.746545,33.513232 -82.746557,33.51332 -82.746502,33.51352 -82.746532,33.513606 -82.746603,33.513672 -82.746663,33.513745 -82.74665,33.513834 -82.746572,33.513892 -82.746508,33.513965 -82.746436,33.514032 -82.746454,33.514243 -82.746449,33.514424 -82.746424,33.514603 -82.746406,33.514862 -82.746367,33.515033 -82.746318,33.515113 -82.746047,33.515416 -82.745997,33.515549 -82.745967,33.515712 -82.745917,33.515791 -82.745846,33.515859 -82.745703,33.51598 -82.745621,33.516038 -82.745533,33.516091 -82.745441,33.516137 -82.745345,33.516177 -82.745224,33.516236 -82.745047,33.51634 -82.744963,33.516396 -82.744806,33.516519 -82.744732,33.516585 -82.744619,33.51666 -82.744526,33.516705 -82.744427,33.51674 -82.744224,33.516787 -82.744092,33.516861 -82.744034,33.516936 -82.744001,33.517049 -82.743968,33.517142 -82.743848,33.517232 -82.743747,33.517373 -82.743775,33.51746 -82.743854,33.517519 -82.743752,33.517635 -82.743646,33.517635 -82.743442,33.517628 -82.743267,33.51765 -82.743137,33.517696 -82.743101,33.517778 -82.743138,33.517862 -82.743179,33.518025 -82.743125,33.518102 -82.742977,33.518163 -82.742888,33.518115 -82.742782,33.518124 -82.742698,33.518178 -82.742707,33.518349 -82.742761,33.518425 -82.742812,33.518645 -82.742847,33.518912 -82.74281,33.519018 -82.742867,33.519092 -82.742969,33.519112 -82.743027,33.519187 -82.743031,33.519365 -82.743021,33.519456 -82.742944,33.519714 -82.742927,33.519804 -82.742912,33.519983 -82.742915,33.520074 -82.742924,33.520162 -82.74296,33.520248 -82.743018,33.520324 -82.743085,33.520394 -82.743163,33.520457 -82.743199,33.520541 -82.743204,33.520631 -82.743177,33.520718 -82.74317,33.52086 -82.743129,33.520944 -82.743063,33.521015 -82.742978,33.52107 -82.742832,33.521189 -82.742798,33.521274 -82.7428,33.521364 -82.742728,33.52143 -82.742531,33.521487 -82.742425,33.521499 -82.742317,33.521499 -82.742211,33.521486 -82.742077,33.521532 -82.74204,33.521614 -82.74211,33.521678 -82.742304,33.521791 -82.742375,33.521893 -82.74239,33.521982 -82.742368,33.522069 -82.742209,33.522125 -82.742102,33.522137 -82.741995,33.522132 -82.741891,33.522109 -82.741745,33.522112 -82.741575,33.522128 -82.741487,33.522179 -82.741323,33.522382 -82.741214,33.522537 -82.741164,33.522641 -82.741156,33.522733 -82.741184,33.522819 -82.741245,33.522893 -82.741265,33.523023 -82.74128,33.523203 -82.741282,33.523293 -82.741335,33.523462 -82.741372,33.523547 -82.741414,33.523629 -82.741463,33.52371 -82.741517,33.523788 -82.741577,33.523863 -82.741642,33.523935 -82.741799,33.5242 -82.741922,33.524527 -82.741933,33.524617 -82.741898,33.524701 -82.741823,33.524766 -82.741723,33.524797 -82.741325,33.525008 -82.741152,33.525114 -82.741128,33.525239 -82.741178,33.525319 -82.741268,33.525366 -82.74131,33.525464 -82.741301,33.525553 -82.741253,33.525633 -82.741247,33.525723 -82.741265,33.52581 -82.74128,33.525986 -82.741204,33.526082 -82.741158,33.526114 -82.741131,33.526145 -82.741092,33.526179 -82.741023,33.526249 -82.740959,33.526322 -82.7409,33.526398 -82.740847,33.526476 -82.740799,33.526556 -82.740757,33.52664 -82.740722,33.526725 -82.740693,33.526812 -82.740672,33.526899 -82.740657,33.526989 -82.74065,33.527079 -82.74065,33.52717 -82.740657,33.52726 -82.740671,33.527349 -82.740692,33.527437 -82.74072,33.527524 -82.740798,33.527932 -82.740829,33.52805 -82.740827,33.52814 -82.740804,33.528229 -82.740761,33.528311 -82.740699,33.528385 -82.740621,33.528446 -82.740529,33.528494 -82.740334,33.528565 -82.740232,33.528594 -82.740128,33.528618 -82.739916,33.52865 -82.739809,33.528658 -82.739702,33.528661 -82.739594,33.528658 -82.739349,33.528623 -82.739234,33.528601 -82.739135,33.528567 -82.739042,33.52852 -82.73896,33.528463 -82.738889,33.528395 -82.738489,33.528205 -82.738355,33.52818 -82.738248,33.528171 -82.738141,33.528171 -82.738034,33.528182 -82.737827,33.528312 -82.737688,33.528391 -82.737565,33.528657 -82.737582,33.528705 -82.737448,33.528937 -82.737405,33.529018 -82.737361,33.529054 -82.737247,33.529052 -82.737036,33.529038 -82.736933,33.529015 -82.736834,33.528979 -82.736741,33.528933 -82.736657,33.528877 -82.736582,33.528813 -82.736518,33.52874 -82.736223,33.528568 -82.736138,33.528487 -82.736056,33.528427 -82.735966,33.528379 -82.735869,33.52834 -82.735766,33.528314 -82.735558,33.528281 -82.735415,33.528241 -82.735249,33.52826 -82.735145,33.528281 -82.735043,33.528312 -82.734945,33.52835 -82.734852,33.528395 -82.734719,33.528477 -82.734646,33.528543 -82.734586,33.528618 -82.73454,33.528699 -82.734478,33.528883 -82.73446,33.528972 -82.734452,33.529062 -82.734454,33.529152 -82.734467,33.529242 -82.73449,33.52933 -82.734523,33.529415 -82.734493,33.529573 -82.734413,33.529631 -82.734308,33.529649 -82.734208,33.529682 -82.734001,33.529732 -82.733895,33.52975 -82.733789,33.529763 -82.733538,33.529778 -82.733441,33.529815 -82.733363,33.529877 -82.733184,33.529978 -82.733039,33.530023 -82.732936,33.530048 -82.732725,33.530084 -82.732618,33.530095 -82.732214,33.530119 -82.731993,33.530147 -82.731736,33.53014 -82.731586,33.530199 -82.731579,33.530285 -82.731546,33.530465 -82.731499,33.530641 -82.731471,33.530728 -82.731373,33.530956 -82.731276,33.531214 -82.731256,33.531374 -82.731271,33.531512 -82.731256,33.531681 -82.731277,33.531768 -82.731318,33.531852 -82.731324,33.532125 -82.731311,33.532384 -82.731291,33.532542 -82.731224,33.532612 -82.73113,33.532656 -82.731018,33.532686 -82.730911,33.532685 -82.73081,33.532656 -82.73068,33.532519 -82.730635,33.532438 -82.730605,33.532351 -82.730572,33.532127 -82.730575,33.53201 -82.730525,33.531875 -82.730507,33.531785 -82.73052,33.531691 -82.73043,33.53165 -82.730348,33.5317 -82.730288,33.531779 -82.730253,33.531864 -82.730243,33.531953 -82.730166,33.532015 -82.730064,33.532041 -82.72997,33.532085 -82.729887,33.532142 -82.729823,33.532214 -82.72978,33.532297 -82.729761,33.532384 -82.729768,33.532474 -82.729754,33.532565 -82.729732,33.532653 -82.729679,33.532731 -82.729602,33.532794 -82.72952,33.532852 -82.72943,33.532901 -82.729334,33.532942 -82.729233,33.532973 -82.729086,33.532978 -82.72898,33.532989 -82.728873,33.533004 -82.728659,33.533017 -82.728553,33.533 -82.728453,33.532966 -82.728363,33.532916 -82.72821,33.532866 -82.728103,33.532857 -82.727996,33.532867 -82.727897,33.532899 -82.72781,33.532953 -82.727752,33.533029 -82.727726,33.533116 -82.727737,33.533262 -82.727764,33.53335 -82.727805,33.533433 -82.727861,33.53351 -82.727876,33.5336 -82.727865,33.533689 -82.72787,33.533779 -82.727882,33.533869 -82.7279,33.533958 -82.727926,33.534045 -82.728033,33.53432 -82.727968,33.534436 -82.727884,33.534492 -82.72778,33.534514 -82.727657,33.534633 -82.727675,33.53472 -82.727722,33.53479 -82.72772,33.534872 -82.727643,33.534931 -82.727434,33.535021 -82.727207,33.535035 -82.727066,33.534982 -82.726958,33.534981 -82.726857,33.53501 -82.726742,33.535105 -82.726679,33.535176 -82.726628,33.535257 -82.726591,33.535342 -82.726568,33.535429 -82.726601,33.535604 -82.726641,33.535688 -82.726697,33.535764 -82.726766,33.535834 -82.726838,33.53595 -82.726822,33.536094 -82.726797,33.536181 -82.726761,33.536267 -82.726715,33.536347 -82.726658,33.536425 -82.726592,33.536496 -82.726487,33.536599 -82.726424,33.536671 -82.726365,33.536747 -82.726312,33.536825 -82.726265,33.536906 -82.726223,33.536989 -82.726176,33.537098 -82.726117,33.537272 -82.726062,33.537481 -82.72603,33.537568 -82.72599,33.537652 -82.725858,33.537869 -82.725797,33.537943 -82.725727,33.538012 -82.725649,33.538074 -82.725565,33.53813 -82.725474,33.538179 -82.725191,33.53831 -82.724941,33.538348 -82.724743,33.538322 -82.724639,33.538342 -82.724545,33.538387 -82.72441,33.538466 -82.724309,33.538497 -82.724204,33.538514 -82.724096,33.538513 -82.723952,33.538553 -82.72386,33.5386 -82.723778,33.538659 -82.723497,33.538897 -82.723291,33.539091 -82.72319,33.539158 -82.723086,33.539147 -82.723017,33.53908 -82.723033,33.538919 -82.722998,33.538834 -82.722934,33.538762 -82.722848,33.538708 -82.722747,33.538677 -82.722538,33.538686 -82.722453,33.538741 -82.722401,33.538818 -82.72239,33.538908 -82.722248,33.539391 -82.722241,33.53944 -82.722224,33.539473 -82.722191,33.539585 -82.72219,33.539707 -82.722162,33.540087 -82.722041,33.540441 -82.722011,33.540581 -82.721966,33.540661 -82.721901,33.540734 -82.72182,33.540793 -82.721722,33.54083 -82.721617,33.540852 -82.72153,33.540903 -82.721472,33.540979 -82.721464,33.541127 -82.721511,33.541207 -82.721813,33.541452 -82.721992,33.541655 -82.722074,33.541815 -82.722095,33.541902 -82.722102,33.541992 -82.722095,33.542082 -82.722078,33.542171 -82.722037,33.542374 -82.722077,33.542457 -82.7221,33.542544 -82.722116,33.542634 -82.722126,33.542724 -82.722147,33.542811 -82.722174,33.5429 -82.722181,33.54299 -82.722176,33.54308 -82.722159,33.543169 -82.722104,33.543283 -82.722102,33.543373 -82.722163,33.543545 -82.722208,33.543627 -82.722263,33.543704 -82.722238,33.543796 -82.722252,33.543886 -82.7223,33.543965 -82.722378,33.544027 -82.722519,33.544117 -82.722538,33.544204 -82.722499,33.544286 -82.722444,33.544365 -82.722374,33.544432 -82.722284,33.544604 -82.72228,33.544673 -82.722196,33.54481 -82.722091,33.544811 -82.722027,33.544742 -82.721925,33.544717 -82.721863,33.544829 -82.721789,33.544933 -82.72176,33.545048 -82.721805,33.545129 -82.721945,33.545479 -82.722043,33.545512 -82.722147,33.545493 -82.722237,33.545445 -82.722386,33.545481 -82.722422,33.545564 -82.722411,33.545658 -82.72232,33.54573 -82.722172,33.545769 -82.721753,33.545769 -82.721581,33.54571 -82.721474,33.545706 -82.721368,33.545721 -82.721304,33.545792 -82.721306,33.545879 -82.721348,33.545963 -82.721425,33.546025 -82.721507,33.546083 -82.721597,33.546132 -82.721594,33.546278 -82.721563,33.546363 -82.72151,33.546442 -82.721438,33.546509 -82.721359,33.546657 -82.721464,33.546793 -82.721569,33.546802 -82.72167,33.546774 -82.721792,33.546723 -82.721863,33.546792 -82.721868,33.54688 -82.721808,33.546953 -82.721836,33.547123 -82.721779,33.547199 -82.721687,33.547244 -82.721586,33.54722 -82.721295,33.547248 -82.721134,33.547303 -82.721069,33.547375 -82.721011,33.547584 -82.721,33.547674 -82.720997,33.547764 -82.721004,33.547854 -82.72102,33.547942 -82.721163,33.548112 -82.721185,33.548203 -82.721242,33.548279 -82.721328,33.548332 -82.721431,33.548357 -82.721595,33.548409 -82.721623,33.548496 -82.721604,33.548584 -82.721561,33.548743 -82.721501,33.548916 -82.721467,33.549 -82.721428,33.549135 -82.721426,33.549225 -82.72144,33.549315 -82.721472,33.549402 -82.721521,33.549481 -82.721586,33.549554 -82.721686,33.549705 -82.721679,33.549795 -82.721633,33.549875 -82.721547,33.54994 -82.721447,33.549973 -82.72134,33.549976 -82.721238,33.549948 -82.721048,33.54999 -82.720962,33.550044 -82.720897,33.550114 -82.720768,33.550234 -82.720722,33.550316 -82.720698,33.550403 -82.720697,33.550493 -82.720719,33.550582 -82.720762,33.550663 -82.720816,33.55089 -82.720814,33.551076 -82.720822,33.551178 -82.720805,33.551268 -82.720767,33.551352 -82.72071,33.551429 -82.720531,33.551529 -82.720347,33.551648 -82.720132,33.551695 -82.720011,33.551766 -82.719884,33.551892 -82.719678,33.551941 -82.719572,33.551957 -82.71951,33.552079 -82.719525,33.552173 -82.719583,33.552248 -82.719672,33.552298 -82.719875,33.55229 -82.719978,33.552264 -82.720073,33.552221 -82.720179,33.55221 -82.720287,33.552214 -82.720391,33.552236 -82.720505,33.55236 -82.720477,33.552445 -82.72047,33.55267 -82.720449,33.55283 -82.72053,33.552933 -82.720626,33.552973 -82.720733,33.552975 -82.720831,33.552937 -82.721199,33.552964 -82.721414,33.552968 -82.721655,33.553063 -82.721867,33.553173 -82.722031,33.553221 -82.722138,33.553213 -82.722236,33.553178 -82.722315,33.553117 -82.722366,33.553039 -82.722435,33.552855 -82.722562,33.552785 -82.722683,33.552801 -82.722787,33.552824 -82.722888,33.552856 -82.722984,33.552895 -82.723148,33.552918 -82.723312,33.552881 -82.723407,33.552839 -82.723489,33.552782 -82.723611,33.552759 -82.723718,33.55275 -82.723825,33.55275 -82.723932,33.55276 -82.724038,33.552779 -82.724187,33.552765 -82.724293,33.552776 -82.724395,33.552805 -82.724488,33.55285 -82.724552,33.552959 -82.724459,33.55299 -82.724331,33.553099 -82.724235,33.553137 -82.723986,33.553181 -82.723889,33.553221 -82.723805,33.553277 -82.723737,33.553347 -82.723773,33.55344 -82.723825,33.553519 -82.723894,33.553587 -82.723976,33.553646 -82.724002,33.553792 -82.724006,33.553987 -82.724023,33.554113 -82.723997,33.5542 -82.723885,33.55436 -82.723805,33.554588 -82.7238,33.554633 -82.723726,33.554697 -82.723658,33.554825 -82.723698,33.555 -82.72375,33.555078 -82.723822,33.555145 -82.723906,33.555276 -82.723882,33.555416 -82.72382,33.555489 -82.723731,33.555538 -82.723626,33.555558 -82.723444,33.555646 -82.723373,33.555749 -82.723296,33.555811 -82.723203,33.555856 -82.723099,33.55588 -82.72293,33.555942 -82.722855,33.556006 -82.722803,33.556085 -82.722778,33.556173 -82.722755,33.556451 -82.722765,33.556541 -82.722766,33.556631 -82.722758,33.556721 -82.722741,33.55681 -82.722716,33.556898 -82.722682,33.556983 -82.722602,33.557042 -82.722499,33.557068 -82.722425,33.557133 -82.722393,33.557218 -82.722405,33.557307 -82.722426,33.557396 -82.722497,33.557463 -82.722581,33.557519 -82.722677,33.557559 -82.722761,33.557616 -82.722813,33.557695 -82.722779,33.557778 -82.722694,33.557831 -82.722588,33.557835 -82.722501,33.557889 -82.722447,33.557966 -82.722434,33.558055 -82.722359,33.558119 -82.722216,33.558136 -82.722129,33.558188 -82.722073,33.558264 -82.722068,33.558354 -82.722114,33.558434 -82.722172,33.55851 -82.722137,33.558651 -82.722071,33.558721 -82.721981,33.558802 -82.72196,33.55889 -82.72199,33.558975 -82.722065,33.559039 -82.722183,33.559091 -82.722273,33.559241 -82.722255,33.559329 -82.722195,33.559403 -82.722117,33.559484 -82.722064,33.559562 -82.722025,33.559646 -82.722001,33.559734 -82.721993,33.559824 -82.722001,33.559914 -82.721998,33.56007 -82.721831,33.560111 -82.721742,33.560064 -82.721612,33.559982 -82.721415,33.559775 -82.721196,33.559617 -82.721021,33.559581 -82.720846,33.55966 -82.720773,33.559726 -82.720658,33.559864 -82.720572,33.559918 -82.720474,33.559954 -82.720279,33.560014 -82.720217,33.560087 -82.720121,33.56023 -82.719635,33.560791 -82.719561,33.560899 -82.719513,33.560979 -82.719472,33.561063 -82.719437,33.561148 -82.719409,33.561235 -82.719388,33.561323 -82.719374,33.561413 -82.719365,33.561649 -82.719329,33.561909 -82.719311,33.562168 -82.719231,33.562599 -82.719228,33.562731 -82.719242,33.56282 -82.71927,33.562907 -82.719384,33.563081 -82.719428,33.56325 -82.719419,33.563339 -82.719369,33.563467 -82.719238,33.563962 -82.719148,33.564085 -82.718925,33.564323 -82.718787,33.564427 -82.71859,33.564489 -82.718502,33.564575 -82.718471,33.564661 -82.718437,33.564735 -82.718375,33.564809 -82.718289,33.564932 -82.718151,33.565017 -82.718044,33.565055 -82.717944,33.565027 -82.717887,33.564952 -82.717832,33.564834 -82.717815,33.564746 -82.717818,33.564656 -82.717839,33.564567 -82.717824,33.564433 -82.717789,33.564348 -82.717734,33.564271 -82.717663,33.564204 -82.717377,33.564068 -82.717268,33.563979 -82.717208,33.563904 -82.717164,33.563822 -82.717137,33.563735 -82.71706,33.563614 -82.716997,33.563541 -82.716924,33.563475 -82.716843,33.563415 -82.716744,33.56338 -82.716638,33.563367 -82.716532,33.563384 -82.716439,33.563429 -82.716285,33.563576 -82.7162,33.56363 -82.716104,33.563671 -82.715825,33.563733 -82.71575,33.563788 -82.715588,33.563849 -82.715373,33.563857 -82.715238,33.563825 -82.715132,33.563837 -82.715038,33.563879 -82.714966,33.563946 -82.714832,33.563972 -82.714676,33.564037 -82.714399,33.564194 -82.714297,33.564223 -82.714187,33.564233 -82.714083,33.564259 -82.713904,33.564345 -82.713796,33.564402 -82.713714,33.56446 -82.71364,33.564525 -82.713576,33.564598 -82.713509,33.564716 -82.713438,33.564886 -82.713412,33.564974 -82.713436,33.565301 -82.713462,33.565452 -82.713458,33.565559 -82.713436,33.565654 -82.7134,33.565739 -82.713351,33.565819 -82.71329,33.565893 -82.713167,33.566173 -82.712998,33.566483 -82.712924,33.566543 -82.712784,33.566536 -82.712686,33.5665 -82.712607,33.56644 -82.71247,33.566295 -82.712339,33.566332 -82.71216,33.566539 -82.712083,33.566602 -82.711998,33.566658 -82.711889,33.566638 -82.711822,33.566569 -82.71182,33.56648 -82.711731,33.566425 -82.711622,33.566413 -82.711612,33.566437 -82.711462,33.566542 -82.711412,33.566621 -82.71138,33.566708 -82.71137,33.566797 -82.711411,33.56688 -82.711474,33.567052 -82.711517,33.567229 -82.711535,33.567541 -82.711495,33.568022 -82.71149,33.568076 -82.711383,33.568561 -82.711263,33.569002 -82.711277,33.569171 -82.711345,33.56924 -82.711441,33.56928 -82.711545,33.569301 -82.711652,33.569298 -82.711758,33.569317 -82.71186,33.569343 -82.71196,33.569377 -82.712056,33.569419 -82.712119,33.56953 -82.712105,33.569619 -82.712044,33.569692 -82.711995,33.569898 -82.712058,33.570131 -82.712077,33.570257 -82.712029,33.570336 -82.711941,33.570387 -82.711844,33.570461 -82.711771,33.570528 -82.711705,33.570599 -82.711646,33.570674 -82.711594,33.570753 -82.71155,33.570835 -82.71152,33.570925 -82.711487,33.571013 -82.711488,33.571091 -82.711502,33.571211 -82.711524,33.571299 -82.711556,33.571386 -82.711598,33.571469 -82.711629,33.571517 -82.711653,33.571738 -82.711666,33.571807 -82.711609,33.571876 -82.711494,33.57191 -82.711388,33.571925 -82.711281,33.571926 -82.711174,33.571912 -82.711072,33.571883 -82.710651,33.571801 -82.710467,33.571824 -82.710375,33.571871 -82.710303,33.571938 -82.710166,33.572008 -82.710071,33.57197 -82.709942,33.571949 -82.709849,33.571993 -82.709778,33.572223 -82.709632,33.572633 -82.709488,33.573021 -82.709334,33.573233 -82.709281,33.573497 -82.709256,33.573668 -82.709243,33.573848 -82.709243,33.574029 -82.709256,33.574209 -82.709268,33.574298 -82.709228,33.574568 -82.709214,33.574707 -82.709192,33.574795 -82.709162,33.574882 -82.709122,33.574966 -82.709074,33.575046 -82.709017,33.575123 -82.708821,33.575274 -82.708539,33.575368 -82.708323,33.575478 -82.708296,33.575571 -82.708362,33.575722 -82.708451,33.575772 -82.708438,33.575933 -82.708346,33.575959 -82.708231,33.575979 -82.708123,33.575983 -82.708016,33.575974 -82.707912,33.575952 -82.707809,33.57592 -82.707775,33.576041 -82.707778,33.576168 -82.707675,33.576267 -82.707656,33.576341 -82.707621,33.576483 -82.707626,33.576574 -82.707654,33.576661 -82.707701,33.576742 -82.707767,33.576813 -82.707901,33.576834 -82.708008,33.576846 -82.708116,33.576853 -82.708223,33.576855 -82.708297,33.57703 -82.708266,33.577274 -82.708134,33.577379 -82.707843,33.577383 -82.70721,33.577235 -82.706719,33.577174 -82.706568,33.577244 -82.70652,33.577379 -82.706446,33.577549 -82.706218,33.577806 -82.706118,33.578071 -82.706074,33.578166 -82.706018,33.578243 -82.705949,33.578312 -82.705867,33.57837 -82.705775,33.578417 -82.705668,33.578528 -82.705586,33.578587 -82.705496,33.578636 -82.705399,33.578675 -82.705296,33.578702 -82.70519,33.578717 -82.705083,33.57872 -82.704976,33.578711 -82.704785,33.578659 -82.704683,33.578686 -82.704603,33.578746 -82.704435,33.579109 -82.704322,33.579224 -82.704216,33.579233 -82.704122,33.579192 -82.70402,33.579219 -82.703945,33.579282 -82.703914,33.579368 -82.703934,33.579456 -82.70396,33.579493 -82.704093,33.579668 -82.704183,33.57976 -82.704386,33.580006 -82.704444,33.580126 -82.704454,33.580216 -82.704436,33.580304 -82.704393,33.580387 -82.704347,33.580489 -82.704339,33.580579 -82.704359,33.580667 -82.704406,33.580748 -82.704449,33.580844 -82.704456,33.580934 -82.704435,33.581022 -82.704386,33.581102 -82.704369,33.581191 -82.704416,33.581271 -82.704508,33.581315 -82.704646,33.581363 -82.704655,33.58145 -82.704605,33.581529 -82.704389,33.5818 -82.704258,33.581949 -82.70415,33.581949 -82.704068,33.581894 -82.704047,33.581807 -82.703947,33.581776 -82.70384,33.581783 -82.703797,33.581873 -82.703793,33.581963 -82.703824,33.582049 -82.703808,33.582138 -82.703772,33.582223 -82.703703,33.582292 -82.703665,33.582376 -82.703655,33.582466 -82.703673,33.582554 -82.703715,33.582637 -82.703741,33.582724 -82.703761,33.582813 -82.703774,33.582903 -82.703779,33.582993 -82.703707,33.58315 -82.703533,33.583225 -82.703435,33.583191 -82.703328,33.58319 -82.703226,33.583217 -82.703138,33.583269 -82.703074,33.583341 -82.703039,33.583426 -82.703037,33.583516 -82.702857,33.583994 -82.702868,33.584258 -82.702882,33.584366 -82.702912,33.584453 -82.702958,33.584534 -82.703018,33.584609 -82.703092,33.584674 -82.703236,33.584853 -82.703294,33.584957 -82.703315,33.585046 -82.703314,33.585136 -82.70329,33.585223 -82.703204,33.585381 -82.703199,33.585471 -82.703222,33.585559 -82.70327,33.585639 -82.703337,33.585709 -82.703421,33.585766 -82.703513,33.585813 -82.703612,33.585849 -82.703715,33.585873 -82.703822,33.585886 -82.70393,33.585886 -82.704085,33.58591 -82.704181,33.585951 -82.704262,33.58601 -82.704324,33.586083 -82.704343,33.586172 -82.704323,33.58626 -82.704278,33.586341 -82.704208,33.586409 -82.704207,33.586513 -82.704283,33.586574 -82.704385,33.5866 -82.704489,33.586583 -82.704608,33.586585 -82.704654,33.586669 -82.704585,33.586748 -82.704582,33.586895 -82.704611,33.587007 -82.704678,33.587076 -82.704774,33.587117 -82.704857,33.587233 -82.704925,33.587383 -82.704968,33.587513 -82.704973,33.587603 -82.704959,33.587693 -82.704926,33.587778 -82.704876,33.587858 -82.704808,33.588139 -82.704823,33.58817 -82.704791,33.588289 -82.704757,33.588374 -82.704716,33.588457 -82.704667,33.588538 -82.704598,33.588629 -82.704538,33.588646 -82.704308,33.588796 -82.704218,33.58895 -82.704202,33.589039 -82.704207,33.589129 -82.704228,33.589212 -82.704125,33.589296 -82.703944,33.589352 -82.703837,33.589349 -82.703735,33.589321 -82.703616,33.589196 -82.703416,33.58912 -82.703237,33.589113 -82.703159,33.589173 -82.703134,33.58926 -82.703169,33.589343 -82.703325,33.589537 -82.703322,33.589694 -82.703225,33.589727 -82.703129,33.589691 -82.702912,33.589635 -82.702785,33.589661 -82.702634,33.589702 -82.702424,33.589694 -82.702321,33.58972 -82.702228,33.589764 -82.702149,33.589826 -82.702089,33.5899 -82.702091,33.589991 -82.702074,33.59008 -82.702039,33.590165 -82.701985,33.590244 -82.701917,33.590313 -82.701785,33.590381 -82.701719,33.590452 -82.701682,33.590536 -82.701675,33.590626 -82.701578,33.591057 -82.701517,33.5912 -82.701365,33.591188 -82.701287,33.591127 -82.701257,33.591042 -82.701117,33.59095 -82.701011,33.590954 -82.700921,33.591002 -82.700873,33.591081 -82.700676,33.591187 -82.700361,33.591267 -82.700337,33.591283 -82.700301,33.591297 -82.700197,33.591423 -82.700451,33.591595 -82.700745,33.591684 -82.700796,33.591813 -82.700701,33.591845 -82.700438,33.591949 -82.700321,33.591959 -82.700236,33.59192 -82.700188,33.591877 -82.700049,33.591836 -82.699943,33.591846 -82.699779,33.591883 -82.699694,33.591937 -82.699631,33.59202 -82.699512,33.59203 -82.699301,33.592009 -82.699167,33.592025 -82.698965,33.592101 -82.698669,33.592049 -82.698568,33.591933 -82.698539,33.591846 -82.698539,33.591756 -82.698624,33.591496 -82.698656,33.59141 -82.698619,33.591269 -82.698525,33.591195 -82.698426,33.591161 -82.698318,33.591156 -82.698215,33.591181 -82.698128,33.591233 -82.698065,33.591306 -82.697775,33.591378 -82.69753,33.591391 -82.69747,33.591468 -82.697423,33.591549 -82.697386,33.591634 -82.697361,33.591722 -82.697348,33.591811 -82.697348,33.591901 -82.697166,33.591996 -82.696976,33.592079 -82.696778,33.592151 -82.696698,33.592245 -82.696654,33.592392 -82.696489,33.592614 -82.69631,33.592685 -82.696204,33.5927 -82.696097,33.592696 -82.695992,33.592675 -82.695895,33.592637 -82.695733,33.592639 -82.69563,33.592667 -82.695538,33.592712 -82.69546,33.592774 -82.695364,33.592961 -82.695296,33.593069 -82.695166,33.593115 -82.695059,33.593109 -82.694963,33.593069 -82.694893,33.593002 -82.69481,33.592964 -82.694727,33.592908 -82.694705,33.592821 -82.694697,33.592719 -82.694572,33.592618 -82.694468,33.592634 -82.694295,33.592719 -82.694167,33.592755 -82.694067,33.592702 -82.694054,33.592615 -82.694038,33.592411 -82.694023,33.592297 -82.694064,33.592215 -82.694144,33.592155 -82.694189,33.592062 -82.694117,33.591999 -82.693941,33.591943 -82.693777,33.591872 -82.693647,33.591791 -82.69348,33.591603 -82.693391,33.59155 -82.693239,33.591553 -82.693147,33.591598 -82.693039,33.591635 -82.692933,33.591622 -82.692849,33.591567 -82.692754,33.591486 -82.692514,33.591435 -82.692315,33.591414 -82.692216,33.591343 -82.692178,33.591259 -82.692078,33.591198 -82.691917,33.591251 -82.691742,33.591297 -82.691414,33.591286 -82.69128,33.591175 -82.69122,33.591053 -82.691199,33.590979 -82.691144,33.59078 -82.691011,33.590605 -82.690872,33.590555 -82.690713,33.59056 -82.690607,33.590547 -82.690503,33.590522 -82.690405,33.590485 -82.690315,33.590437 -82.690098,33.590274 -82.689993,33.590257 -82.689888,33.590276 -82.689801,33.590328 -82.689744,33.590404 -82.689728,33.590492 -82.689603,33.590525 -82.689475,33.590508 -82.689377,33.59047 -82.689294,33.590413 -82.68923,33.590341 -82.689189,33.590258 -82.689086,33.590174 -82.688988,33.590137 -82.688882,33.590125 -82.688776,33.59014 -82.68868,33.59018 -82.688602,33.590242 -82.688549,33.59032 -82.688152,33.590633 -82.687618,33.591344 -82.687439,33.591607 -82.687367,33.591764 -82.687296,33.591832 -82.687207,33.591883 -82.687107,33.591914 -82.686986,33.592009 -82.686933,33.592088 -82.686903,33.592174 -82.686886,33.59244 -82.686863,33.592528 -82.68683,33.592613 -82.686811,33.592647 -82.686792,33.592665 -82.686653,33.592738 -82.686372,33.592986 -82.686289,33.593043 -82.686263,33.593095 -82.686234,33.593105 -82.686196,33.59324 -82.686187,33.59333 -82.686191,33.59342 -82.686207,33.593509 -82.686236,33.593596 -82.686277,33.59368 -82.686329,33.593758 -82.68646,33.593845 -82.686475,33.593933 -82.686431,33.594014 -82.686341,33.594061 -82.686179,33.594166 -82.686126,33.594254 -82.68605,33.594317 -82.685955,33.594359 -82.685832,33.59435 -82.685725,33.594361 -82.685622,33.594387 -82.685527,33.594429 -82.685442,33.594484 -82.685371,33.594552 -82.685316,33.594629 -82.684928,33.594781 -82.684802,33.59489 -82.684769,33.595008 -82.684825,33.595119 -82.684811,33.595207 -82.684751,33.595282 -82.684659,33.595326 -82.684558,33.595472 -82.684495,33.595545 -82.684427,33.595615 -82.684353,33.595681 -82.684274,33.595742 -82.684191,33.595799 -82.684103,33.595852 -82.683958,33.595907 -82.68378,33.596046 -82.683675,33.596197 -82.683384,33.596259 -82.683262,33.596399 -82.683256,33.596488 -82.683291,33.596573 -82.683405,33.596708 -82.683417,33.596848 -82.683384,33.596933 -82.683323,33.597007 -82.683192,33.59718 -82.683066,33.597269 -82.682961,33.597288 -82.682856,33.597272 -82.682723,33.597278 -82.68266,33.597349 -82.682672,33.597436 -82.682713,33.597565 -82.682611,33.597711 -82.682508,33.597732 -82.682406,33.597706 -82.682196,33.597708 -82.682024,33.597744 -82.681933,33.597792 -82.681859,33.597857 -82.681806,33.597935 -82.681749,33.598115 -82.681904,33.598244 -82.681986,33.598302 -82.682016,33.598405 -82.682019,33.598495 -82.682,33.598584 -82.681961,33.598667 -82.681902,33.598743 -82.681827,33.598807 -82.681563,33.599055 -82.68144,33.599126 -82.681341,33.599161 -82.681235,33.59918 -82.681097,33.599161 -82.680966,33.599172 -82.680696,33.599336 -82.680623,33.599388 -82.680465,33.59942 -82.680425,33.599425 -82.680346,33.59945 -82.68025,33.599489 -82.680199,33.599519 -82.680142,33.599543 -82.680043,33.599674 -82.679975,33.599792 -82.680144,33.599845 -82.680168,33.599885 -82.680204,33.599919 -82.680246,33.599947 -82.680293,33.599969 -82.680382,33.60002 -82.680449,33.600067 -82.680451,33.600086 -82.680829,33.600309 -82.681118,33.600635 -82.681333,33.600793 -82.681544,33.600722 -82.681654,33.600453 -82.681758,33.600305 -82.682354,33.600314 -82.682692,33.600529 -82.68296,33.600821 -82.683322,33.601231 -82.6836,33.601498 -82.683804,33.601617 -82.683888,33.601756 -82.684214,33.601929 -82.68448,33.602086 -82.684656,33.602312 -82.684815,33.602682 -82.684943,33.603026 -82.685664,33.603752 -82.686012,33.603959 -82.686244,33.603947 -82.686463,33.603783 -82.686727,33.60334 -82.686921,33.602923 -82.687178,33.602599 -82.687479,33.60251 -82.687733,33.602574 -82.687908,33.602741 -82.688076,33.60306 -82.688042,33.603382 -82.688006,33.603627 -82.687899,33.603832 -82.687814,33.604137 -82.687862,33.604551 -82.688002,33.604971 -82.688125,33.605169 -82.688131,33.605359 -82.688244,33.605795 -82.688237,33.60593 -82.688246,33.6062 -82.68824,33.60638 -82.688252,33.60647 -82.688284,33.606556 -82.688334,33.606636 -82.688366,33.606672 -82.688413,33.606753 -82.688449,33.606838 -82.688484,33.60697 -82.688528,33.6071 -82.688602,33.607269 -82.688663,33.607442 -82.688743,33.607751 -82.688842,33.608055 -82.688864,33.608189 -82.68887,33.608369 -82.688891,33.608549 -82.688943,33.60877 -82.688979,33.608947 -82.689013,33.609216 -82.689044,33.609349 -82.689106,33.609522 -82.689142,33.609654 -82.689203,33.609965 -82.689292,33.610271 -82.689319,33.61045 -82.689394,33.610805 -82.689429,33.611029 -82.689497,33.611703 -82.689494,33.611883 -82.689463,33.612107 -82.689399,33.612418 -82.689346,33.612593 -82.68924,33.612848 -82.689163,33.613064 -82.689095,33.613328 -82.688974,33.613721 -82.688916,33.613956 -82.688886,33.614014 -82.688831,33.614141 -82.688789,33.614272 -82.68876,33.614405 -82.688741,33.614584 -82.688746,33.614764 -82.688765,33.614899 -82.688797,33.615031 -82.688967,33.615523 -82.68902,33.615663 -82.689037,33.615726 -82.689258,33.615863 -82.689393,33.615917 -82.690103,33.616298 -82.690231,33.616376 -82.690372,33.616442 -82.690556,33.616535 -82.690775,33.616667 -82.691042,33.616819 -82.691273,33.616936 -82.691316,33.616963 -82.691392,33.617026 -82.691435,33.617053 -82.691483,33.617075 -82.691533,33.617091 -82.69158,33.617113 -82.691624,33.617139 -82.691703,33.6172 -82.691761,33.617267 -82.69226,33.617637 -82.6924,33.618066 -82.692398,33.618455 -82.692213,33.618804 -82.692049,33.619212 -82.692014,33.619526 -82.692039,33.619745 -82.692113,33.619905 -82.692266,33.619996 -82.692538,33.619967 -82.692888,33.619776 -82.693265,33.619411 -82.693802,33.618931 -82.694188,33.618528 -82.694563,33.618083 -82.694883,33.617695 -82.695202,33.617512 -82.695503,33.617327 -82.695621,33.61723 -82.695855,33.617143 -82.696007,33.617169 -82.696178,33.617307 -82.696336,33.617577 -82.696497,33.617769 -82.696653,33.617881 -82.69701,33.618138 -82.697701,33.618332 -82.699251,33.61853 -82.700008,33.618528 -82.700834,33.618361 -82.701415,33.618099 -82.701882,33.617721 -82.701998,33.61744 -82.701983,33.61722 -82.701784,33.616834 -82.701693,33.616345 -82.701638,33.616101 -82.70139,33.615834 -82.701193,33.615583 -82.700902,33.61513 -82.700868,33.614945 -82.701167,33.614729 -82.70227,33.614342 -82.702493,33.614347 -82.702841,33.614562 -82.703418,33.615138 -82.703907,33.615883 -82.704228,33.616234 -82.705681,33.617195 -82.706538,33.617572 -82.70731,33.617798 -82.707582,33.61776 -82.707749,33.617513 -82.707861,33.617055 -82.7079,33.616437 -82.707874,33.616167 -82.70792,33.61593 -82.707945,33.615659 -82.707912,33.614505 -82.707947,33.614217 -82.708076,33.613581 -82.708452,33.613187 -82.708944,33.613054 -82.709499,33.612995 -82.709791,33.61294 -82.70998,33.612786 -82.709977,33.612617 -82.709588,33.612402 -82.709234,33.612263 -82.709182,33.612281 -82.708532,33.612104 -82.708306,33.611921 -82.708353,33.61176 -82.708551,33.611571 -82.708782,33.6115 -82.70968,33.611441 -82.710195,33.6114 -82.710809,33.611299 -82.711399,33.610995 -82.711789,33.610761 -82.712396,33.610271 -82.713355,33.609205 -82.713866,33.608505 -82.714422,33.608024 -82.715232,33.60759 -82.716355,33.60716 -82.717099,33.606955 -82.717353,33.607044 -82.71751,33.607279 -82.717617,33.607562 -82.717589,33.607701 -82.717684,33.607945 -82.71777,33.608197 -82.718001,33.609149 -82.718053,33.609698 -82.717959,33.610046 -82.71785,33.610322 -82.717855,33.610359 -82.717853,33.610449 -82.717806,33.610808 -82.717764,33.61103 -82.717752,33.61121 -82.717701,33.611477 -82.717649,33.611698 -82.717606,33.612012 -82.717575,33.612145 -82.717513,33.612546 -82.717419,33.612919 -82.717327,33.61336 -82.717355,33.613732 -82.717544,33.614127 -82.717843,33.614427 -82.718203,33.614743 -82.718591,33.614932 -82.719121,33.615136 -82.719324,33.615218 -82.719506,33.615232 -82.719779,33.61522 -82.71994,33.615175 -82.720089,33.615055 -82.720274,33.614924 -82.720351,33.614835 -82.720425,33.61477 -82.720507,33.614711 -82.720674,33.614613 -82.720769,33.614553 -82.720811,33.614525 -82.720929,33.614433 -82.720999,33.614364 -82.721157,33.614182 -82.721232,33.614117 -82.721613,33.613866 -82.721708,33.613824 -82.721753,33.6138 -82.721838,33.613745 -82.721953,33.61365 -82.722208,33.613483 -82.722255,33.613462 -82.722306,33.613446 -82.722359,33.613437 -82.722412,33.613434 -82.722465,33.613424 -82.722564,33.613389 -82.722609,33.613364 -82.722706,33.613325 -82.722857,33.613277 -82.722962,33.613256 -82.723069,33.613246 -82.723228,33.613221 -82.723536,33.613141 -82.723585,33.613121 -82.723813,33.613001 -82.724003,33.612916 -82.724156,33.612863 -82.724199,33.612843 -82.724285,33.612788 -82.724334,33.61277 -82.724373,33.612763 -82.724409,33.612788 -82.724521,33.61282 -82.724612,33.612853 -82.724766,33.612978 -82.725106,33.613294 -82.725434,33.613518 -82.72578,33.613657 -82.726188,33.613812 -82.72683,33.613973 -82.726942,33.614028 -82.727141,33.614097 -82.727193,33.614109 -82.727247,33.614113 -82.7273,33.61411 -82.727353,33.614099 -82.72746,33.614087 -82.727567,33.614084 -82.727729,33.614092 -82.727944,33.614094 -82.728105,33.614082 -82.72832,33.614072 -82.728697,33.614076 -82.728859,33.614072 -82.729019,33.614058 -82.729336,33.614003 -82.729702,33.613926 -82.729853,33.613879 -82.729961,33.613834 -82.730043,33.613793 -82.730092,33.613774 -82.730194,33.613746 -82.7303,33.613731 -82.730351,33.613717 -82.730399,33.613696 -82.730439,33.613673 -82.730483,33.61364 -82.730528,33.613616 -82.730626,33.613578 -82.73073,33.613556 -82.730832,33.613528 -82.730929,33.613488 -82.731152,33.613362 -82.731522,33.613176 -82.731769,33.613003 -82.732129,33.612804 -82.732227,33.612766 -82.73233,33.612741 -82.732489,33.612715 -82.732592,33.61269 -82.732907,33.612628 -82.733013,33.612612 -82.73312,33.612608 -82.733226,33.61259 -82.733276,33.612574 -82.733381,33.612553 -82.733488,33.612543 -82.733596,33.612544 -82.733811,33.612534 -82.734134,33.612528 -82.734295,33.612537 -82.734614,33.612584 -82.734827,33.612608 -82.734935,33.612607 -82.735095,33.612587 -82.735364,33.612578 -82.735686,33.612594 -82.735738,33.612606 -82.735787,33.612625 -82.735877,33.612675 -82.73596,33.612732 -82.735996,33.612766 -82.736027,33.612802 -82.736245,33.613113 -82.736313,33.613183 -82.736376,33.613256 -82.736427,33.613335 -82.736542,33.613488 -82.736799,33.613778 -82.736839,33.613808 -82.736883,33.613833 -82.736931,33.613854 -82.737031,33.613888 -82.737312,33.614022 -82.7374,33.614073 -82.737483,33.614131 -82.737527,33.614157 -82.737668,33.614223 -82.7378,33.6143 -82.737848,33.614321 -82.737948,33.614355 -82.73809,33.614419 -82.738314,33.614545 -82.738363,33.614563 -82.738467,33.614587 -82.73852,33.61459 -82.738574,33.614585 -82.738626,33.614573 -82.738785,33.61455 -82.738836,33.614536 -82.739123,33.614412 -82.73937,33.614321 -82.739524,33.61428 -82.73963,33.614268 -82.740007,33.614263 -82.740168,33.614275 -82.740221,33.614269 -82.740272,33.614253 -82.740324,33.614242 -82.740431,33.614229 -82.740534,33.614204 -82.740734,33.614136 -82.74103,33.614028 -82.741269,33.613924 -82.741404,33.61385 -82.741481,33.613786 -82.741608,33.613641 -82.74176,33.613514 -82.741935,33.613343 -82.742016,33.613283 -82.742149,33.613207 -82.742225,33.613143 -82.742318,33.613032 -82.742392,33.612967 -82.742434,33.612939 -82.742525,33.61289 -82.742567,33.612862 -82.74264,33.612796 -82.742696,33.612719 -82.742717,33.612677 -82.742749,33.612641 -82.742788,33.612611 -82.742833,33.612586 -82.742883,33.612568 -82.74293,33.612546 -82.743017,33.612494 -82.743137,33.612403 -82.743225,33.612352 -82.743321,33.61231 -82.743366,33.612285 -82.743448,33.612227 -82.743517,33.612158 -82.743545,33.612119 -82.743589,33.612037 -82.743619,33.611951 -82.743651,33.611818 -82.743687,33.611733 -82.743754,33.61161 -82.743784,33.611524 -82.74383,33.611442 -82.74386,33.611405 -82.743895,33.61137 -82.743934,33.611339 -82.743976,33.611312 -82.74407,33.611267 -82.74417,33.611234 -82.744223,33.611224 -82.744276,33.611219 -82.744384,33.611216 -82.744679,33.611177 -82.745078,33.611233 -82.745334,33.611301 -82.745382,33.611322 -82.745426,33.611348 -82.745576,33.611478 -82.745675,33.611584 -82.74585,33.611811 -82.746056,33.61202 -82.746243,33.612241 -82.746442,33.612454 -82.746563,33.612603 -82.746698,33.612798 -82.74689,33.613121 -82.746958,33.613243 -82.747024,33.613415 -82.747031,33.61346 -82.747028,33.613505 -82.747017,33.613549 -82.74696,33.613722 -82.74694,33.613764 -82.746915,33.613804 -82.746885,33.613842 -82.746814,33.61391 -82.746792,33.613943 -82.746588,33.614109 -82.746547,33.614137 -82.74647,33.6142 -82.746403,33.614271 -82.746348,33.614349 -82.746305,33.614431 -82.746276,33.614518 -82.74626,33.614607 -82.746257,33.614697 -82.746269,33.614787 -82.746298,33.614874 -82.746344,33.614955 -82.746405,33.615029 -82.74648,33.615094 -82.746533,33.615129 -82.746828,33.615296 -82.746878,33.61535 -82.746994,33.615443 -82.747103,33.615544 -82.747132,33.615582 -82.747156,33.615622 -82.747217,33.615696 -82.747292,33.615761 -82.747411,33.615911 -82.747434,33.615952 -82.747449,33.615995 -82.747456,33.61604 -82.74753,33.616256 -82.747526,33.616305 -82.74754,33.616346 -82.747567,33.61657 -82.747587,33.616659 -82.747621,33.616744 -82.747641,33.616826 -82.747947,33.617451 -82.748226,33.617734 -82.748681,33.618251 -82.748769,33.618326 -82.748935,33.61843 -82.749039,33.618451 -82.749143,33.618434 -82.749265,33.618376 -82.749421,33.618252 -82.749587,33.618156 -82.749828,33.618088 -82.749914,33.618087 -82.750009,33.618098 -82.750073,33.618109 -82.750176,33.618135 -82.750272,33.618175 -82.750316,33.618201 -82.750409,33.618247 -82.750492,33.618304 -82.750528,33.618338 -82.750559,33.618374 -82.750596,33.618407 -82.750842,33.618583 -82.750882,33.618623 -82.750998,33.618766 -82.751068,33.618834 -82.751147,33.618896 -82.751196,33.618914 -82.751407,33.618952 -82.75146,33.618955 -82.751514,33.618953 -82.751567,33.618946 -82.751675,33.618947 -82.751728,33.618954 -82.751782,33.618953 -82.751835,33.618946 -82.751886,33.618932 -82.751935,33.618913 -82.752138,33.618851 -82.752284,33.618794 -82.752638,33.618684 -82.752846,33.618637 -82.753044,33.618568 -82.753249,33.618512 -82.753408,33.618486 -82.753509,33.618454 -82.753556,33.618432 -82.753609,33.618428 -82.753662,33.618435 -82.753714,33.618423 -82.753758,33.618397 -82.753806,33.618378 -82.753858,33.618364 -82.753911,33.618358 -82.753961,33.618341 -82.754006,33.618316 -82.754044,33.618285 -82.754174,33.618205 -82.754386,33.618066 -82.754422,33.618032 -82.754451,33.617994 -82.754692,33.617492 -82.754785,33.617328 -82.754862,33.617211 -82.755038,33.616984 -82.75511,33.616863 -82.755167,33.616786 -82.755232,33.616715 -82.755287,33.616637 -82.755328,33.616554 -82.755355,33.616466 -82.755381,33.616427 -82.755418,33.616395 -82.755464,33.616371 -82.755592,33.616289 -82.75564,33.616269 -82.755693,33.616261 -82.755724,33.616263 -82.7558,33.616272 -82.755852,33.616282 -82.755903,33.616298 -82.755951,33.616319 -82.755984,33.616354 -82.756038,33.616432 -82.756057,33.616474 -82.756085,33.616512 -82.756118,33.616548 -82.756135,33.616591 -82.756154,33.616679 -82.756172,33.616722 -82.756195,33.616762 -82.756227,33.616848 -82.756235,33.616893 -82.756365,33.61733 -82.756399,33.617463 -82.756479,33.617678 -82.756497,33.617766 -82.756539,33.617897 -82.756581,33.61798 -82.756635,33.618107 -82.756672,33.618239 -82.756701,33.618326 -82.756846,33.618666 -82.756891,33.618747 -82.756946,33.618825 -82.75701,33.618897 -82.757049,33.618928 -82.757092,33.618955 -82.757139,33.618977 -82.757238,33.619013 -82.757324,33.619057 -82.757452,33.619148 -82.75763,33.619318 -82.757723,33.619428 -82.757824,33.619534 -82.757865,33.619562 -82.757912,33.619586 -82.757961,33.619603 -82.75818,33.619663 -82.758266,33.619692 -82.758371,33.619713 -82.75842,33.619731 -82.758607,33.61982 -82.758756,33.619873 -82.758803,33.619894 -82.758846,33.619921 -82.758923,33.619985 -82.758992,33.620054 -82.759036,33.62008 -82.759085,33.620099 -82.759137,33.62011 -82.759184,33.620132 -82.759313,33.620213 -82.759507,33.62037 -82.759616,33.620469 -82.759747,33.62061 -82.760514,33.621481 -82.760642,33.621707 -82.760696,33.621742 -82.761382,33.622354 -82.761688,33.622584 -82.761975,33.622683 -82.763038,33.623165 -82.763375,33.623306 -82.763651,33.623509 -82.763993,33.623856 -82.76412,33.623903 -82.766241,33.62468 -82.767551,33.625156 -82.768018,33.625418 -82.777519,33.631138 -82.777646,33.631214 -82.778067,33.631467 -82.778467,33.631708 -82.778508,33.631733 -82.779801,33.632512 -82.779937,33.632591 -82.780048,33.632658 -82.783821,33.634882 -82.791538,33.639421 -82.791779,33.639567 -82.800166,33.644439 -82.800178,33.644446 -82.800937,33.644921 -82.801145,33.645051 -82.801165,33.645064 -82.80289,33.646144 -82.802948,33.646178 -82.803986,33.64679 -82.804395,33.647031 -82.80444,33.647058 -82.805139,33.64747 -82.808455,33.650398 -82.808501,33.650399 -82.808876,33.650434 -82.808927,33.650447 -82.808976,33.650466 -82.80902,33.650492 -82.809059,33.650523 -82.809091,33.65056 -82.809169,33.650621 -82.80925,33.650669 -82.809295,33.650705 -82.809326,33.650742 -82.809348,33.650783 -82.809378,33.650821 -82.809413,33.650855 -82.809441,33.650894 -82.809462,33.650935 -82.809476,33.650979 -82.809482,33.651023 -82.809503,33.651065 -82.809535,33.651101 -82.809576,33.651184 -82.809587,33.651228 -82.80962,33.651314 -82.809662,33.651397 -82.80967,33.651442 -82.80967,33.651487 -82.809678,33.651531 -82.809706,33.651618 -82.809712,33.651663 -82.809711,33.651708 -82.8097,33.651798 -82.809675,33.651885 -82.809639,33.65197 -82.809591,33.652051 -82.80956,33.652088 -82.809455,33.652191 -82.809427,33.652229 -82.809405,33.65227 -82.809351,33.652398 -82.809339,33.652442 -82.809306,33.652635 -82.809249,33.652713 -82.809263,33.652925 -82.809369,33.653144 -82.809476,33.653397 -82.809686,33.653725 -82.810096,33.653915 -82.810834,33.654218 -82.811407,33.654431 -82.811779,33.65492 -82.812084,33.65532 -82.812325,33.655551 -82.81246,33.655668 -82.812691,33.655792 -82.812958,33.655836 -82.813565,33.655724 -82.814235,33.655499 -82.814442,33.655393 -82.814448,33.655186 -82.814386,33.654988 -82.814464,33.654629 -82.814653,33.65457 -82.814899,33.654511 -82.815241,33.654474 -82.815592,33.654405 -82.815788,33.654243 -82.815897,33.654003 -82.815987,33.653747 -82.816011,33.653564 -82.816113,33.653427 -82.81632,33.653329 -82.81666,33.653204 -82.816881,33.653305 -82.817017,33.653446 -82.817126,33.653651 -82.8173,33.6538 -82.817414,33.653834 -82.817493,33.6539 -82.817875,33.654006 -82.818239,33.654096 -82.818489,33.654235 -82.81873,33.654391 -82.819153,33.654584 -82.820205,33.654882 -82.820712,33.655002 -82.821348,33.654937 -82.821781,33.654748 -82.822045,33.65464 -82.822284,33.654693 -82.822693,33.654702 -82.823023,33.65457 -82.823249,33.654424 -82.823504,33.653899 -82.823594,33.653659 -82.823607,33.653351 -82.823629,33.652798 -82.823754,33.652578 -82.824576,33.651138 -82.825303,33.650595 -82.826225,33.649992 -82.826781,33.64972 -82.826835,33.649694 -82.827501,33.649591 -82.827894,33.649636 -82.827941,33.64965 -82.828088,33.649708 -82.828086,33.649735 -82.828136,33.649728 -82.828324,33.649816 -82.828416,33.649863 -82.828458,33.649892 -82.828546,33.649944 -82.828638,33.64999 -82.828681,33.650018 -82.828757,33.650082 -82.828802,33.650106 -82.828851,33.650124 -82.828903,33.650136 -82.82895,33.650158 -82.828993,33.650185 -82.829032,33.650216 -82.829283,33.650387 -82.829317,33.650422 -82.829344,33.650461 -82.829364,33.650502 -82.829453,33.650615 -82.829501,33.650696 -82.829617,33.650948 -82.829675,33.651025 -82.829717,33.651052 -82.829767,33.651069 -82.82982,33.651078 -82.829874,33.651078 -82.829927,33.651071 -82.829979,33.651059 -82.830028,33.651041 -82.830074,33.651018 -82.830115,33.650988 -82.830149,33.650954 -82.830237,33.65084 -82.830278,33.650811 -82.83051,33.650697 -82.83061,33.650663 -82.830714,33.65064 -82.830821,33.650631 -82.831145,33.650636 -82.831251,33.65065 -82.831406,33.650687 -82.831455,33.650707 -82.831501,33.650731 -82.831542,33.650759 -82.831588,33.650782 -82.83183,33.650882 -82.83193,33.650915 -82.832192,33.65097 -82.832223,33.650972 -82.832299,33.650973 -82.832353,33.650967 -82.832514,33.650966 -82.832603,33.650963 -82.832649,33.650941 -82.836272,33.649266 -82.836362,33.649225 -82.836667,33.649088 -82.836789,33.649035 -82.838218,33.648115 -82.838295,33.648066 -82.83865,33.648021 -82.839049,33.647727 -82.84064,33.646547 -82.840745,33.646484 -82.840866,33.646414 -82.840916,33.646375 -82.841409,33.646059 -82.841568,33.645958 -82.841815,33.645802 -82.841911,33.645737 -82.842127,33.64558 -82.843458,33.644572 -82.843815,33.644304 -82.844043,33.644264 -82.844298,33.644204 -82.844551,33.64401 -82.845327,33.643402 -82.845475,33.643177 -82.845556,33.642985 -82.845966,33.642581 -82.846257,33.642401 -82.846485,33.64239 -82.84671,33.642228 -82.846919,33.641779 -82.847146,33.641744 -82.847346,33.641741 -82.847535,33.641706 -82.847704,33.641576 -82.847812,33.641281 -82.847903,33.641088 -82.847889,33.640913 -82.8478,33.640756 -82.847817,33.640635 -82.847821,33.640614 -82.848997,33.639835 -82.849132,33.639753 -82.849491,33.639768 -82.849891,33.639794 -82.85009,33.639775 -82.850232,33.639725 -82.850315,33.639597 -82.850325,33.639552 -82.853702,33.64005 -82.856924,33.640526 -82.857461,33.640606 -82.859381,33.640889 -82.859577,33.640918 -82.860047,33.640987 -82.861842,33.641252 -82.868221,33.642194 -82.869336,33.642404 -82.869737,33.642065 -82.869813,33.642001 -82.872557,33.639688 -82.874517,33.638037 -82.87475,33.637811 -82.874867,33.637696 -82.876954,33.635998 -82.874852,33.631766 -82.874497,33.631276 -82.87485,33.630897 -82.880417,33.626536 -82.878191,33.625085 -82.874867,33.622937 -82.874004,33.622693 -82.873554,33.622567 -82.873895,33.622461 -82.873967,33.622428 -82.874158,33.62235 -82.874355,33.622291 -82.874403,33.62227 -82.874491,33.622218 -82.874528,33.622186 -82.874561,33.62215 -82.874584,33.62211 -82.874596,33.622058 -82.874597,33.622021 -82.874615,33.621978 -82.87464,33.621939 -82.874672,33.621902 -82.87478,33.621801 -82.874824,33.621776 -82.874874,33.621759 -82.874926,33.621749 -82.87497,33.621723 -82.875001,33.621687 -82.875027,33.621647 -82.875046,33.621605 -82.875058,33.621561 -82.875114,33.621434 -82.875187,33.621314 -82.875275,33.6212 -82.875311,33.621167 -82.875392,33.621108 -82.875438,33.621084 -82.875489,33.621069 -82.875542,33.621064 -82.875721,33.621078 -82.875864,33.621075 -82.875916,33.621064 -82.875967,33.621048 -82.876014,33.621028 -82.876089,33.62103 -82.876141,33.62102 -82.876191,33.621003 -82.876235,33.620977 -82.876481,33.620886 -82.876622,33.620819 -82.876753,33.62074 -82.876887,33.620665 -82.877126,33.620561 -82.87717,33.620534 -82.877209,33.620503 -82.877339,33.62036 -82.877385,33.620279 -82.8774,33.620235 -82.877425,33.620195 -82.877455,33.620158 -82.87749,33.620124 -82.87757,33.620063 -82.877615,33.620038 -82.877663,33.620018 -82.877714,33.620003 -82.877767,33.620003 -82.878026,33.620066 -82.878074,33.620085 -82.878118,33.620111 -82.878154,33.620145 -82.878204,33.620161 -82.878242,33.620193 -82.87832,33.620311 -82.878358,33.620395 -82.878383,33.620435 -82.878413,33.620473 -82.878452,33.620503 -82.878499,33.620526 -82.87855,33.620538 -82.878604,33.62054 -82.878711,33.620536 -82.879029,33.620484 -82.879136,33.620479 -82.879189,33.620469 -82.879238,33.620451 -82.879449,33.62041 -82.8795,33.620463 -82.879571,33.620561 -82.879716,33.620748 -82.879759,33.620895 -82.879757,33.620944 -82.879743,33.621013 -82.87972,33.621067 -82.879658,33.621155 -82.879625,33.621228 -82.87962,33.621265 -82.879621,33.621321 -82.87963,33.621364 -82.879652,33.621399 -82.879736,33.621493 -82.879816,33.621574 -82.8799,33.621643 -82.880099,33.621758 -82.880294,33.621891 -82.880364,33.621944 -82.880492,33.622056 -82.880548,33.622094 -82.880626,33.622133 -82.880702,33.622156 -82.880833,33.622167 -82.880917,33.622198 -82.880967,33.622227 -82.880989,33.622252 -82.881004,33.622282 -82.881006,33.6223 -82.881,33.622318 -82.880956,33.622397 -82.880905,33.622458 -82.880848,33.622537 -82.880823,33.622616 -82.880831,33.622686 -82.880847,33.622765 -82.880885,33.622823 -82.880916,33.622841 -82.881308,33.622904 -82.881498,33.622908 -82.881652,33.622922 -82.881738,33.622936 -82.881791,33.622962 -82.881909,33.623049 -82.882012,33.623163 -82.882101,33.623287 -82.882202,33.623489 -82.882274,33.623543 -82.882346,33.623562 -82.882442,33.623558 -82.882607,33.623525 -82.882726,33.623545 -82.882798,33.623567 -82.882847,33.623598 -82.882866,33.62364 -82.882866,33.623731 -82.882855,33.623769 -82.88281,33.623814 -82.882612,33.623939 -82.882544,33.624007 -82.882505,33.624119 -82.882486,33.624238 -82.882499,33.624438 -82.882573,33.62459 -82.882611,33.624623 -82.882692,33.624647 -82.882769,33.624643 -82.882817,33.624614 -82.8829,33.624534 -82.882966,33.624516 -82.883014,33.624526 -82.883049,33.624551 -82.883103,33.624631 -82.883197,33.624718 -82.883304,33.624755 -82.883456,33.624786 -82.883598,33.624795 -82.883766,33.624781 -82.88396,33.624734 -82.884096,33.624724 -82.884175,33.624731 -82.884233,33.624748 -82.884268,33.624776 -82.884295,33.624839 -82.884311,33.624939 -82.884277,33.625125 -82.88426,33.625397 -82.884278,33.625472 -82.884292,33.625494 -82.884369,33.625555 -82.884507,33.625654 -82.884557,33.625718 -82.884575,33.625793 -82.884563,33.625838 -82.884479,33.625939 -82.884382,33.62601 -82.884177,33.626123 -82.884129,33.626164 -82.884105,33.626235 -82.88412,33.626298 -82.884164,33.626337 -82.884241,33.626346 -82.884502,33.626323 -82.884625,33.626333 -82.88471,33.626359 -82.884757,33.626388 -82.88481,33.626541 -82.884849,33.626587 -82.884915,33.626608 -82.884995,33.626603 -82.885116,33.626569 -82.885307,33.62649 -82.885458,33.626495 -82.885603,33.62652 -82.885674,33.62656 -82.885842,33.626682 -82.885948,33.626767 -82.885988,33.626819 -82.886004,33.626941 -82.885996,33.627007 -82.885833,33.627293 -82.885842,33.627414 -82.885888,33.627479 -82.886001,33.627578 -82.886115,33.627658 -82.886167,33.627728 -82.886171,33.62777 -82.886152,33.62786 -82.886109,33.627919 -82.885983,33.628025 -82.88595,33.628111 -82.885949,33.628166 -82.885984,33.628245 -82.886055,33.628342 -82.886184,33.628482 -82.886362,33.628644 -82.886483,33.628722 -82.886534,33.628779 -82.886551,33.628849 -82.88653,33.628933 -82.886463,33.629019 -82.886281,33.629166 -82.885978,33.629386 -82.885834,33.629465 -82.88565,33.629537 -82.885474,33.629585 -82.885401,33.629622 -82.885324,33.629694 -82.885309,33.629734 -82.885309,33.629779 -82.885344,33.629813 -82.885395,33.629825 -82.885437,33.629853 -82.885615,33.630022 -82.885673,33.630098 -82.885716,33.63018 -82.885742,33.63022 -82.885805,33.630293 -82.885881,33.630357 -82.885929,33.630376 -82.885982,33.630386 -82.886036,33.630385 -82.886141,33.630403 -82.886192,33.630419 -82.886286,33.630461 -82.886589,33.63065 -82.886804,33.630658 -82.887019,33.630598 -82.88714,33.630585 -82.887262,33.630629 -82.887356,33.630697 -82.88743,33.630763 -82.887497,33.630833 -82.887575,33.630896 -82.887662,33.630949 -82.887758,33.630989 -82.887862,33.631014 -82.888014,33.631059 -82.88811,33.631099 -82.888201,33.631148 -82.888376,33.631253 -82.888411,33.631287 -82.888438,33.631326 -82.888454,33.631369 -82.88846,33.631413 -82.888483,33.631501 -82.888516,33.631587 -82.888581,33.631711 -82.888679,33.631872 -82.888714,33.631906 -82.888756,33.631934 -82.888804,33.631955 -82.889058,33.63203 -82.889315,33.632096 -82.889573,33.632171 -82.889764,33.632292 -82.889942,33.632425 -82.890106,33.632524 -82.89035,33.63261 -82.890432,33.632665 -82.890515,33.632743 -82.890599,33.632877 -82.890621,33.633086 -82.890652,33.633197 -82.890713,33.633323 -82.890803,33.633422 -82.890852,33.633508 -82.890857,33.633606 -82.890846,33.633707 -82.890794,33.63381 -82.890598,33.634061 -82.890546,33.63414 -82.890542,33.634262 -82.890548,33.634575 -82.890571,33.6347 -82.8906,33.634821 -82.890651,33.634898 -82.890697,33.634919 -82.89075,33.634914 -82.890802,33.634903 -82.890851,33.634883 -82.890894,33.634857 -82.89093,33.634823 -82.890958,33.634785 -82.890976,33.634742 -82.891068,33.634628 -82.891201,33.634547 -82.891348,33.6345 -82.891524,33.634509 -82.89158,33.63462 -82.891662,33.634858 -82.891704,33.634956 -82.891787,33.63501 -82.899464,33.648092 -82.900944,33.650622 -82.900955,33.650641 -82.902302,33.652943 -82.903828,33.655551 -82.907909,33.662526 -82.908048,33.662764 -82.911437,33.668553 -82.912888,33.671032 -82.91301,33.67124 -82.913025,33.671267 -82.913095,33.671386 -82.913449,33.671991 -82.916658,33.677475 -82.918109,33.679954 -82.922921,33.688177 -82.922932,33.688195 -82.92523,33.692163 -82.927741,33.696455 -82.932603,33.704772 -82.932917,33.705329 -82.937065,33.71268 -82.938246,33.714707 -82.936975,33.714984 -82.936162,33.715125 -82.93575,33.715208 -82.93535,33.715272 -82.93527,33.715302 -82.935156,33.715362 -82.934988,33.715527 -82.934821,33.71577 -82.934333,33.716555 -82.933546,33.717795 -82.932937,33.718721 -82.932224,33.719803 -82.931976,33.720234 -82.931741,33.720506 -82.931492,33.720692 -82.931197,33.72086 -82.930617,33.721118 -82.930219,33.721288 -82.930038,33.721387 -82.929633,33.721796 -82.92922,33.722301 -82.92885,33.722691 -82.928703,33.722883 -82.928506,33.723114 -82.928295,33.723097 -82.92613,33.723018 -82.923952,33.722929 -82.922274,33.722852 -82.921334,33.722741 -82.920756,33.72269 -82.92039,33.722723 -82.920265,33.722756 -82.91999,33.72283 -82.91953,33.722962 -82.919136,33.723084 -82.918933,33.72314 -82.918723,33.723168 -82.918549,33.723176 -82.917974,33.72325 -82.917818,33.723273 -82.916748,33.723518 -82.916545,33.723571 -82.916449,33.723603 -82.914757,33.724254 -82.912768,33.725071 -82.911648,33.72552 -82.911212,33.725635 -82.91099,33.725679 -82.910618,33.725704 -82.910408,33.725703 -82.910077,33.72568 -82.909818,33.725649 -82.909618,33.725612 -82.909461,33.725569 -82.907355,33.724891 -82.906336,33.724764 -82.905458,33.724702 -82.905097,33.724713 -82.904498,33.724777 -82.903917,33.724882 -82.903804,33.724913 -82.903357,33.725091 -82.903131,33.72519 -82.902982,33.725247 -82.902802,33.725268 -82.901458,33.72618 -82.901111,33.726389 -82.900405,33.726839 -82.899369,33.727519 -82.898809,33.727878 -82.89849,33.728126 -82.898209,33.728368 -82.898003,33.728569 -82.897833,33.728765 -82.89748,33.729209 -82.897375,33.729361 -82.896989,33.729876 -82.895499,33.732045 -82.894875,33.732932 -82.894788,33.733069 -82.894673,33.733301 -82.89459,33.733488 -82.894535,33.733742 -82.894482,33.734073 -82.894444,33.734418 -82.893645,33.733572 -82.893644,33.733549 -82.893494,33.733353 -82.893179,33.732957 -82.892697,33.732365 -82.892135,33.731684 -82.891114,33.730472 -82.890007,33.729171 -82.889478,33.728515 -82.88887,33.727782 -82.888266,33.727068 -82.888081,33.726873 -82.887549,33.726437 -82.887009,33.725919 -82.8868,33.725726 -82.886461,33.725341 -82.886267,33.725105 -82.886198,33.725012 -82.885984,33.724679 -82.885918,33.724537 -82.885642,33.723905 -82.885358,33.72327 -82.885072,33.722688 -82.884928,33.722413 -82.88439,33.722415 -82.883258,33.722324 -82.882193,33.722262 -82.880115,33.722327 -82.875449,33.722493 -82.874825,33.72255 -82.87437,33.722622 -82.874011,33.722693 -82.872769,33.723046 -82.87253,33.723125 -82.87228,33.723234 -82.871059,33.723747 -82.86687,33.725385 -82.866203,33.725697 -82.865769,33.725914 -82.865531,33.726021 -82.865828,33.726411 -82.866897,33.727769 -82.867955,33.729131 -82.868079,33.729335 -82.868142,33.72946 -82.868477,33.730482 -82.868737,33.731419 -82.868844,33.73191 -82.868895,33.732286 -82.868968,33.73292 -82.869151,33.734137 -82.869282,33.73464 -82.869637,33.735767 -82.86986,33.736326 -82.869988,33.736706 -82.870043,33.737011 -82.870058,33.737162 -82.87006,33.737546 -82.870003,33.737944 -82.869812,33.738537 -82.869596,33.739117 -82.869457,33.739391 -82.869101,33.739858 -82.868943,33.740059 -82.868778,33.740222 -82.868578,33.740401 -82.868234,33.740642 -82.867475,33.741088 -82.866451,33.741588 -82.86618,33.741813 -82.866003,33.741981 -82.865845,33.74219 -82.865677,33.742476 -82.865547,33.742865 -82.86552,33.742975 -82.86551,33.743357 -82.865772,33.745191 -82.865822,33.745572 -82.865797,33.745574 -82.865184,33.74581 -82.864921,33.74588 -82.864408,33.746043 -82.864043,33.746129 -82.863852,33.746187 -82.863685,33.74626 -82.863253,33.74654 -82.863151,33.746592 -82.86302,33.746639 -82.862505,33.746737 -82.861959,33.746914 -82.861434,33.747169 -82.860823,33.747415 -82.860296,33.747526 -82.859768,33.747658 -82.859413,33.747756 -82.859217,33.747789 -82.85902,33.747792 -82.858809,33.747724 -82.858595,33.747521 -82.858468,33.747348 -82.858398,33.747202 -82.857887,33.7475 -82.857299,33.74783 -82.857044,33.747982 -82.856944,33.748071 -82.856711,33.748303 -82.856092,33.748881 -82.855299,33.749575 -82.854706,33.750121 -82.854588,33.750208 -82.854472,33.750278 -82.85435,33.750327 -82.854165,33.750375 -82.853944,33.750438 -82.85378,33.750498 -82.853643,33.750558 -82.853449,33.750652 -82.853348,33.750697 -82.853064,33.750769 -82.852759,33.750836 -82.852507,33.750881 -82.852162,33.750914 -82.851931,33.750927 -82.85139,33.750897 -82.850943,33.750828 -82.850484,33.750729 -82.84985,33.750586 -82.849684,33.750577 -82.849462,33.750598 -82.848414,33.750931 -82.847887,33.751139 -82.847646,33.751263 -82.847498,33.751355 -82.847388,33.751434 -82.847241,33.751576 -82.846799,33.751987 -82.846673,33.752134 -82.84653,33.752357 -82.84636,33.752706 -82.846258,33.752987 -82.846198,33.753244 -82.846147,33.753668 -82.846129,33.753701 -82.84608,33.753767 -82.84574,33.75405 -82.845663,33.754096 -82.845597,33.754112 -82.84552,33.754158 -82.845347,33.754379 -82.845168,33.754575 -82.845071,33.754694 -82.844989,33.754758 -82.844831,33.754853 -82.844706,33.754902 -82.84462,33.754961 -82.844392,33.754974 -82.843972,33.754976 -82.843825,33.754983 -82.843611,33.755024 -82.843425,33.755074 -82.843302,33.755142 -82.843151,33.755239 -82.842995,33.755374 -82.842879,33.755489 -82.842757,33.755619 -82.842651,33.75571 -82.842288,33.75591 -82.841969,33.756094 -82.841747,33.756255 -82.8416,33.756341 -82.841347,33.756401 -82.840971,33.756442 -82.840593,33.756538 -82.840384,33.756565 -82.840203,33.756567 -82.839931,33.756562 -82.83958,33.756572 -82.838857,33.756543 -82.838637,33.756546 -82.838484,33.756567 -82.838334,33.756576 -82.83818,33.756628 -82.837965,33.756776 -82.837751,33.756971 -82.83765,33.757043 -82.83755,33.757101 -82.837406,33.757139 -82.837143,33.757155 -82.836772,33.757144 -82.836545,33.757123 -82.836329,33.757084 -82.835883,33.756906 -82.835655,33.756843 -82.835305,33.756756 -82.834314,33.756492 -82.833827,33.756374 -82.833719,33.756361 -82.833611,33.756358 -82.83351,33.756383 -82.833364,33.756428 -82.833162,33.756521 -82.832748,33.756792 -82.831882,33.757451 -82.831575,33.757663 -82.831446,33.757722 -82.831288,33.757762 -82.830988,33.757786 -82.830691,33.757792 -82.830323,33.757812 -82.829106,33.757854 -82.828228,33.757848 -82.827968,33.75788 -82.827948,33.758137 -82.827935,33.759028 -82.827957,33.759318 -82.828072,33.759789 -82.828091,33.759897 -82.828013,33.760073 -82.827759,33.760286 -82.827569,33.760437 -82.827443,33.760605 -82.827382,33.760781 -82.827353,33.76093 -82.827379,33.76178 -82.827387,33.762175 -82.827359,33.762344 -82.827251,33.762609 -82.827184,33.762893 -82.827159,33.763217 -82.827172,33.76346 -82.827128,33.763663 -82.827018,33.763827 -82.826821,33.764019 -82.826615,33.764106 -82.82634,33.764201 -82.825462,33.764524 -82.824864,33.764753 -82.824047,33.765082 -82.823543,33.765299 -82.82327,33.765411 -82.823013,33.765455 -82.822456,33.765511 -82.821852,33.765611 -82.821595,33.765696 -82.821227,33.765843 -82.820428,33.76626 -82.820125,33.766473 -82.819875,33.766751 -82.81974,33.766931 -82.81944,33.76733 -82.819228,33.767637 -82.819102,33.767794 -82.818944,33.767959 -82.818711,33.768108 -82.818456,33.768202 -82.817728,33.768543 -82.817505,33.768665 -82.817354,33.768788 -82.817147,33.768967 -82.816839,33.769295 -82.816265,33.77004 -82.815721,33.770682 -82.815433,33.771056 -82.81485,33.772018 -82.8136,33.774193 -82.813278,33.774603 -82.812614,33.775414 -82.812423,33.775635 -82.812204,33.775856 -82.811967,33.776087 -82.812642,33.776496 -82.815498,33.778206 -82.816145,33.778589 -82.816895,33.779034 -82.818629,33.780106 -82.820422,33.781154 -82.821922,33.781973 -82.823353,33.782629 -82.823933,33.782939 -82.823569,33.78356 -82.822877,33.7848 -82.822545,33.785404 -82.822229,33.785923 -82.821882,33.786458 -82.821274,33.787268 -82.820155,33.788811 -82.818982,33.79044 -82.817311,33.792745 -82.816204,33.794202 -82.815905,33.794603 -82.815531,33.795006 -82.815201,33.795291 -82.814723,33.795625 -82.814378,33.795833 -82.81381,33.796386 -82.81368,33.79653 -82.813028,33.797254 -82.812785,33.797678 -82.812615,33.798023 -82.812517,33.798663 -82.812547,33.798726 -82.812616,33.799192 -82.812703,33.799651 -82.812934,33.800988 -82.813069,33.801877 -82.81312,33.802787 -82.813066,33.803657 -82.813007,33.804263 -82.812892,33.805456 -82.812731,33.807224 -82.812629,33.808098 -82.812581,33.808388 -82.812487,33.808729 -82.812398,33.808983 -82.811946,33.809859 -82.811513,33.810525 -82.811201,33.810987 -82.811031,33.811264 -82.810941,33.811426 -82.810837,33.811652 -82.810803,33.811777 -82.810764,33.811982 -82.810754,33.812085 -82.810764,33.81227 -82.810803,33.812469 -82.810897,33.813167 -82.810934,33.813886 -82.810903,33.814694 -82.810894,33.814834 -82.810709,33.817838 -82.810628,33.819029 -82.810564,33.820375 -82.810478,33.821979 -82.810443,33.82325 -82.810876,33.825899 -82.811185,33.82772 -82.811265,33.828287 -82.811362,33.828657 -82.810186,33.829011 -82.809871,33.829131 -82.809639,33.82925 -82.809292,33.829421 -82.808815,33.829698 -82.808006,33.830185 -82.807297,33.83078 -82.806874,33.831216 -82.806707,33.831412 -82.806654,33.831473 -82.806488,33.83173 -82.806013,33.832597 -82.805808,33.832871 -82.80566,33.833077 -82.805589,33.833161 -82.805433,33.833285 -82.805309,33.833358 -82.804729,33.83378 -82.8043,33.834129 -82.803931,33.834482 -82.803675,33.834739 -82.803394,33.834423 -82.802162,33.832742 -82.80191,33.832415 -82.801835,33.8323 -82.801683,33.831977 -82.801355,33.831325 -82.800847,33.830405 -82.800601,33.830039 -82.800138,33.829213 -82.799932,33.82889 -82.799661,33.828563 -82.799424,33.828302 -82.79861,33.827459 -82.797685,33.826453 -82.797234,33.825972 -82.797083,33.825735 -82.796946,33.825496 -82.796767,33.825152 -82.795803,33.822699 -82.795672,33.822414 -82.795192,33.821621 -82.794854,33.821085 -82.794405,33.820463 -82.794029,33.819906 -82.793799,33.819501 -82.793737,33.819364 -82.793695,33.819232 -82.793677,33.819039 -82.793716,33.818691 -82.793978,33.817462 -82.794149,33.81597 -82.794254,33.815141 -82.794257,33.814975 -82.794233,33.814799 -82.794162,33.814552 -82.793927,33.814213 -82.793547,33.813722 -82.793231,33.813175 -82.793099,33.812873 -82.792927,33.812379 -82.792817,33.811851 -82.792589,33.811049 -82.792502,33.81068 -82.792455,33.810521 -82.79204,33.810714 -82.791365,33.811042 -82.790853,33.811383 -82.790642,33.811567 -82.790312,33.811873 -82.790112,33.812051 -82.78978,33.812267 -82.789537,33.812377 -82.789344,33.812455 -82.789013,33.812567 -82.788774,33.812626 -82.78846,33.812673 -82.788295,33.81268 -82.786658,33.812614 -82.784914,33.812561 -82.784082,33.812546 -82.781616,33.812568 -82.780663,33.8126 -82.780111,33.812657 -82.779973,33.812687 -82.779776,33.812742 -82.779609,33.8128 -82.77888,33.813101 -82.778261,33.813472 -82.777986,33.813662 -82.777835,33.813779 -82.777697,33.813929 -82.777515,33.814201 -82.77739,33.814368 -82.777235,33.814663 -82.776943,33.815151 -82.77679,33.815469 -82.776653,33.815718 -82.77647,33.816002 -82.776245,33.816282 -82.775741,33.816793 -82.775532,33.816963 -82.775339,33.817095 -82.775152,33.817196 -82.774936,33.817337 -82.774669,33.817532 -82.774103,33.817967 -82.77362,33.818359 -82.773225,33.81869 -82.772882,33.819016 -82.772645,33.819281 -82.772398,33.81963 -82.771165,33.821485 -82.769006,33.824409 -82.768868,33.824564 -82.768457,33.825005 -82.767981,33.82548 -82.767453,33.825972 -82.766949,33.826493 -82.766664,33.826729 -82.766166,33.82722 -82.765794,33.827561 -82.764946,33.828323 -82.76362,33.829424 -82.76266,33.830257 -82.761177,33.831468 -82.760956,33.831679 -82.760636,33.83194 -82.760089,33.832372 -82.759658,33.832695 -82.75936,33.832882 -82.758567,33.833441 -82.758023,33.833789 -82.757807,33.833891 -82.757595,33.833983 -82.757402,33.834045 -82.757184,33.834093 -82.756948,33.83414 -82.756546,33.834181 -82.756274,33.834194 -82.756073,33.834187 -82.755865,33.834151 -82.755336,33.83401 -82.754967,33.833892 -82.754491,33.833766 -82.754009,33.833659 -82.752858,33.833473 -82.752335,33.833367 -82.750766,33.833038 -82.750598,33.833194 -82.749721,33.834288 -82.749519,33.834562 -82.74938,33.834724 -82.749248,33.834877 -82.749133,33.835066 -82.748981,33.835424 -82.748891,33.835682 -82.748762,33.83599 -82.748717,33.836129 -82.748679,33.836302 -82.748637,33.836841 -82.748543,33.837746 -82.748462,33.839021 -82.748426,33.839283 -82.748346,33.83999 -82.748229,33.840639 -82.748097,33.841083 -82.747954,33.841574 -82.747845,33.841819 -82.747749,33.842077 -82.747664,33.842256 -82.747402,33.842729 -82.747316,33.842874 -82.747,33.843337 -82.74655,33.843916 -82.746372,33.844166 -82.746274,33.84432 -82.74586,33.844914 -82.745742,33.844967 -82.745733,33.845064 -82.7454,33.845552 -82.744937,33.846373 -82.744813,33.846666 -82.744594,33.847252 -82.744335,33.848179 -82.743918,33.84977 -82.743573,33.850957 -82.74347,33.851312 -82.743064,33.852611 -82.742798,33.853424 -82.742701,33.853409 -82.742541,33.853381 -82.742214,33.853412 -82.741742,33.853385 -82.741464,33.853383 -82.741303,33.853336 -82.741286,33.853347 -82.741216,33.853386 -82.74097,33.853408 -82.740477,33.853359 -82.740351,33.853399 -82.739612,33.85353 -82.738491,33.853692 -82.737161,33.854022 -82.736141,33.854314 -82.735217,33.854798 -82.734035,33.855279 -82.733085,33.855847 -82.731992,33.856556 -82.730949,33.857413 -82.730632,33.857582 -82.729885,33.858417 -82.729238,33.859194 -82.72883,33.859706 -82.728675,33.859944 -82.72804,33.860969 -82.72766,33.861643 -82.727354,33.8623 -82.727049,33.862982 -82.726839,33.863666 -82.726638,33.864337 -82.726473,33.865135 -82.726421,33.865732 -82.72633,33.866188 -82.726307,33.866252 -82.726252,33.866736 -82.726092,33.867818 -82.726066,33.868153 -82.726007,33.868492 -82.726023,33.868698 -82.726007,33.870273 -82.726123,33.870786 -82.72618,33.87114 -82.726247,33.871503 -82.726302,33.871823 -82.726404,33.872187 -82.726478,33.872611 -82.726674,33.873175 -82.726819,33.873545 -82.726829,33.873605 -82.726942,33.873859 -82.727189,33.874239 -82.727562,33.874643 -82.727977,33.875122 -82.728399,33.875826 -82.729135,33.876544 -82.730292,33.877504 -82.73164,33.878378 -82.732522,33.878869 -82.733218,33.879256 -82.733444,33.879352 -82.734645,33.879863 -82.735444,33.880176 -82.736243,33.88045 -82.737108,33.880745 -82.737315,33.880797 -82.738496,33.880893 -82.739387,33.880954 -82.740988,33.880917 -82.741377,33.88089 -82.741414,33.881133 -82.741585,33.882294 -82.741684,33.88312 -82.741988,33.885107 -82.742025,33.885379 -82.742113,33.886029 -82.742151,33.886311 -82.742335,33.887475 -82.74254,33.88904 -82.74262,33.889531 -82.742686,33.890465 -82.74268,33.891146 -82.742679,33.891362 -82.742642,33.892327 -82.742654,33.893374 -82.742659,33.89379 -82.742644,33.895291 -82.742641,33.895495 -82.74266,33.896008 -82.742716,33.896379 -82.742804,33.896891 -82.742908,33.897338 -82.742992,33.897633 -82.743072,33.897812 -82.743316,33.898376 -82.744113,33.900297 -82.744377,33.900958 -82.744904,33.902189 -82.745037,33.902513 -82.745385,33.903397 -82.745936,33.904752 -82.746374,33.9058 -82.746474,33.90605 -82.747036,33.907456 -82.747726,33.909199 -82.748749,33.911723 -82.749234,33.912844 -82.750149,33.915149 -82.751476,33.918182 -82.752219,33.919734 -82.752523,33.920407 -82.753146,33.921718 -82.754357,33.924134 -82.755041,33.925626 -82.755268,33.926046 -82.755553,33.92649 -82.755881,33.926946 -82.756328,33.927484 -82.757827,33.929049 -82.760079,33.931196 -82.760963,33.932024 -82.761338,33.932376 -82.763324,33.934297 -82.7654,33.93635 -82.765816,33.936816 -82.766084,33.937151 -82.766323,33.937462 -82.766638,33.93793 -82.767393,33.939174 -82.767526,33.939431 -82.767803,33.940165 -82.767957,33.940587 -82.768393,33.942021 -82.768855,33.943988 -82.769081,33.945086 -82.769448,33.946679 -82.769655,33.947536 -82.769766,33.948696 -82.769707,33.949609 -82.769689,33.949884 -82.769606,33.950781 -82.769549,33.951532 -82.769471,33.952432 -82.769342,33.953485 -82.769093,33.954784 -82.768592,33.956694 -82.767995,33.958466 -82.767267,33.960645 -82.767131,33.961095 -82.767052,33.96146 -82.767015,33.961811 -82.767039,33.962235 -82.767135,33.962657 -82.767228,33.962946 -82.768165,33.965402 -82.768272,33.965667 -82.77082,33.972327 -82.770939,33.972636 -82.770641,33.972651 -82.768871,33.972934 -82.767792,33.973078 -82.766762,33.973344 -82.766647,33.973374 -82.76502,33.97344 -82.763894,33.973167 -82.761954,33.97268 -82.760015,33.972289 -82.758195,33.972058 -82.755179,33.971844 -82.75437,33.971919 -82.753566,33.972253 -82.752393,33.973427 -82.751261,33.97473 -82.749403,33.976397 -82.748145,33.977187 -82.746274,33.978139 -82.746254,33.978149 -82.744663,33.978749 -82.74344,33.979345 -82.74263,33.979566 -82.740629,33.979771 -82.739166,33.979953 -82.736351,33.980153 -82.735373,33.980312 -82.734562,33.98055 -82.734509,33.98058 -82.733336,33.981233 -82.732789,33.981619 -82.73225,33.98214 -82.731915,33.982371 -82.729774,33.983366 -82.729577,33.983414 -82.728928,33.983571 -82.726431,33.984218 -82.72439,33.984472 -82.722808,33.984558 -82.721692,33.984735 -82.720717,33.984833 -82.720702,33.984835 -82.718719,33.984776 -82.717672,33.984566 -82.716395,33.984422 -82.714301,33.984033 -82.712984,33.983827 -82.711625,33.983459 -82.710618,33.983355 -82.710606,33.983351 -82.708015,33.982588 -82.704873,33.981943 -82.702858,33.98149 -82.701658,33.981346 -82.700501,33.981394 -82.699308,33.981636 -82.697679,33.982122 -82.697274,33.982243 -82.695543,33.982588 -82.693847,33.982773 -82.692404,33.982904 -82.69219,33.982924 -82.690077,33.983468 -82.688538,33.983779 -82.687304,33.983892 -82.68634,33.98397 -82.684608,33.984219 -82.682672,33.984574 -82.6826,33.984587 -82.682304,33.984667 -82.68142,33.984786 -82.680257,33.984993 -82.67938,33.985145 -82.678519,33.985214 -82.676184,33.985189 -82.674068,33.985084 -82.672464,33.985211 -82.670285,33.985389 -82.669018,33.985448 -82.668343,33.985556 -82.666846,33.986326 -82.666157,33.986657 -82.666058,33.986696 -82.666003,33.986707 -82.665849,33.986614 -82.665768,33.986561 -82.664992,33.987095 -82.664582,33.987378 -82.664504,33.987414 -82.663657,33.98781 -82.662732,33.988242 -82.661197,33.989274 -82.659458,33.990214 -82.656203,33.991402 -82.655132,33.991291 -82.654876,33.991265 -82.65438,33.990993 -82.653883,33.99072 -82.653893,33.99064 -82.652785,33.989448 -82.652762,33.989423 -82.652609,33.989353 -82.652307,33.989213 -82.651381,33.988385 -82.651321,33.988322 -82.651234,33.988248 -82.649874,33.987097 -82.649342,33.986746 -82.648274,33.986318 -82.647506,33.985618 -82.646618,33.985312 -82.64651,33.985276 -82.646286,33.985198 -82.645963,33.985087 -82.645894,33.984932 -82.645667,33.984426 -82.645451,33.984195 -82.645347,33.984184 -82.643783,33.983768 -82.642105,33.983321 -82.641899,33.983214 -82.641442,33.982829 -82.641114,33.982452 -82.641001,33.982277 -82.640649,33.981727 -82.640572,33.981583 -82.64026,33.981013 -82.640172,33.980806 -82.640116,33.980673 -82.64,33.9804 -82.639863,33.979916 -82.639801,33.979411 -82.639794,33.979042 -82.639855,33.978118 -82.639877,33.977562 -82.63989,33.977221 -82.639892,33.977184 -82.640024,33.97634 -82.640184,33.975759 -82.640337,33.97544 -82.640589,33.975012 -82.640665,33.974817 -82.640717,33.974475 -82.64068,33.974176 -82.640557,33.973921 -82.640244,33.973525 -82.640153,33.973411 -82.639742,33.973018 -82.639567,33.972896 -82.639477,33.972832 -82.639365,33.972751 -82.639146,33.972691 -82.638985,33.972706 -82.638902,33.97275 -82.638635,33.972983 -82.638369,33.973155 -82.637861,33.973541 -82.63778,33.973603 -82.637522,33.973799 -82.63708,33.973956 -82.636698,33.974092 -82.636164,33.974226 -82.635667,33.974327 -82.635327,33.974363 -82.635182,33.974378 -82.63446,33.974454 -82.634345,33.974467 -82.634087,33.974494 -82.633427,33.974564 -82.633404,33.974569 -82.633143,33.974649 -82.632763,33.974824 -82.632577,33.974946 -82.63243,33.9751 -82.632353,33.975219 -82.632296,33.975316 -82.632235,33.975504 -82.632243,33.975819 -82.632287,33.975972 -82.632387,33.976324 -82.632379,33.976923 -82.632329,33.977447 -82.632297,33.977762 -82.632152,33.978097 -82.632091,33.978437 -82.631991,33.978715 -82.631792,33.979067 -82.631759,33.979117 -82.631404,33.979477 -82.631292,33.979594 -82.6311,33.979793 -82.630815,33.980059 -82.630564,33.980295 -82.629999,33.980609 -82.62854,33.981342 -82.627968,33.981594 -82.627396,33.981804 -82.626602,33.98204 -82.625854,33.982197 -82.624992,33.982319 -82.624351,33.982342 -82.623738,33.982298 -82.623181,33.982256 -82.622917,33.982239 -82.622085,33.982121 -82.621239,33.981976 -82.619835,33.981686 -82.619341,33.981557 -82.619039,33.981446 -82.618978,33.981424 -82.61853,33.98135 -82.617981,33.981197 -82.617271,33.981075 -82.616951,33.980965 -82.615688,33.980671 -82.615194,33.980515 -82.614922,33.980465 -82.614647,33.980445 -82.614549,33.980455 -82.614349,33.980473 -82.614149,33.98053 -82.61413,33.980536 -82.613923,33.980595 -82.613512,33.980765 -82.613119,33.981003 -82.612894,33.981099 -82.612726,33.98117 -82.612449,33.981284 -82.612168,33.981364 -82.611996,33.981416 -82.611948,33.981419 -82.611808,33.981442 -82.611603,33.981477 -82.611255,33.981511 -82.610619,33.981572 -82.61055,33.981579 -82.610123,33.981564 -82.609695,33.981506 -82.609591,33.981477 -82.609337,33.981402 -82.60905,33.981283 -82.609013,33.98127 -82.608799,33.981198 -82.608774,33.981175 -82.60836,33.980953 -82.608133,33.980807 -82.607975,33.98071 -82.607543,33.980508 -82.607493,33.980484 -82.607103,33.980303 -82.606926,33.980278 -82.606598,33.980286 -82.606323,33.980247 -82.605812,33.980244 -82.605301,33.980213 -82.603561,33.979984 -82.603195,33.9799 -82.602844,33.979782 -82.602516,33.97963 -82.602173,33.979439 -82.60189,33.979248 -82.601692,33.97908 -82.601509,33.97887 -82.601326,33.978611 -82.601089,33.978111 -82.600677,33.976841 -82.600571,33.976658 -82.600403,33.976482 -82.599541,33.975906 -82.599031,33.97562 -82.598694,33.97543 -82.597832,33.975021 -82.596367,33.974396 -82.595787,33.97411 -82.595621,33.974019 -82.595067,33.973706 -82.594787,33.973469 -82.594574,33.973179 -82.594269,33.972568 -82.594086,33.972263 -82.59378,33.971905 -82.593437,33.971607 -82.59314,33.971458 -82.593109,33.971443 -82.592651,33.971333 -82.592232,33.971298 -82.592149,33.971305 -82.591827,33.971329 -82.591431,33.971317 -82.591003,33.97126 -82.590675,33.971165 -82.590401,33.971012 -82.590202,33.970829 -82.590134,33.970703 -82.589932,33.970187 -82.589918,33.970155 -82.589899,33.970124 -82.589851,33.97004 -82.589592,33.969616 -82.589256,33.969242 -82.588928,33.969017 -82.58815,33.968639 -82.586265,33.968075 -82.585365,33.967865 -82.584373,33.967728 -82.582702,33.967628 -82.582176,33.967587 -82.58165,33.967493 -82.58098,33.967219 -82.580872,33.967185 -82.580192,33.966961 -82.579635,33.966732 -82.579287,33.966573 -82.579124,33.966499 -82.578064,33.9659 -82.577721,33.965565 -82.577423,33.965237 -82.577156,33.964893 -82.576912,33.964535 -82.576622,33.963947 -82.57634,33.963091 -82.576056,33.962348 -82.575783,33.961777 -82.575501,33.9613 -82.575368,33.961076 -82.57514,33.960708 -82.574875,33.960335 -82.574796,33.96021 -82.574684,33.96003 -82.574425,33.959747 -82.573837,33.95927 -82.573613,33.959172 -82.573154,33.958974 -82.572982,33.958919 -82.57241,33.958755 -82.571739,33.958668 -82.57103,33.958523 -82.570595,33.958393 -82.570038,33.958153 -82.569549,33.958015 -82.569397,33.957935 -82.568626,33.957737 -82.567901,33.957485 -82.567749,33.957394 -82.567558,33.957226 -82.567274,33.956918 -82.567064,33.956689 -82.566856,33.956463 -82.566658,33.956318 -82.566406,33.956188 -82.566025,33.956058 -82.565707,33.956015 -82.565635,33.956006 -82.565376,33.955971 -82.564827,33.955799 -82.564491,33.955733 -82.564462,33.955728 -82.564546,33.955819 -82.564874,33.956239 -82.565202,33.956765 -82.565431,33.957253 -82.565576,33.957719 -82.565629,33.958115 -82.565629,33.958504 -82.565659,33.958874 -82.565843,33.959789 -82.565797,33.960712 -82.565789,33.96125 -82.565827,33.961769 -82.565911,33.962368 -82.566079,33.963966 -82.566201,33.964771 -82.566285,33.965065 -82.566667,33.96587 -82.567017,33.966785 -82.567269,33.967323 -82.56759,33.96788 -82.568253,33.968861 -82.56862,33.969353 -82.569077,33.969887 -82.569596,33.970421 -82.570023,33.970795 -82.570504,33.971146 -82.571244,33.971607 -82.571771,33.972073 -82.572076,33.972263 -82.57261,33.972652 -82.573121,33.972958 -82.573655,33.973218 -82.574159,33.97355 -82.574593,33.973912 -82.575059,33.974416 -82.576669,33.9759 -82.576905,33.976148 -82.577973,33.977452 -82.578851,33.978631 -82.579553,33.979688 -82.57998,33.980519 -82.58027,33.981294 -82.580459,33.982133 -82.580529,33.982741 -82.580597,33.983323 -82.580604,33.984334 -82.58036,33.98581 -82.580294,33.985989 -82.580124,33.986447 -82.579895,33.986875 -82.579613,33.98726 -82.579323,33.987599 -82.579033,33.987805 -82.578705,33.988072 -82.578232,33.988519 -82.57801,33.988637 -82.575882,33.989953 -82.575569,33.990235 -82.575333,33.990556 -82.575226,33.990834 -82.575203,33.991132 -82.575249,33.991433 -82.575386,33.991899 -82.575554,33.992211 -82.575752,33.992497 -82.575996,33.992772 -82.576248,33.993009 -82.576717,33.9933 -82.577309,33.993547 -82.57885,33.994023 -82.580826,33.994557 -82.581406,33.994679 -82.582046,33.994855 -82.582756,33.995084 -82.583382,33.995324 -82.584244,33.995729 -82.585029,33.996171 -82.585792,33.996694 -82.586525,33.997304 -82.587303,33.998071 -82.587845,33.998693 -82.588441,33.999562 -82.588552,33.999768 -82.588959,34.000512 -82.589249,34.001184 -82.589832,34.002798 -82.590385,34.00433 -82.591478,34.007282 -82.592306,34.009515 -82.592674,34.010368 -82.593147,34.011246 -82.593595,34.01195 -82.593774,34.01223 -82.594346,34.013237 -82.594631,34.013796 -82.594711,34.013954 -82.594948,34.014408 -82.595314,34.015224 -82.595497,34.015865 -82.595653,34.016869 -82.595729,34.017363 -82.595749,34.017487 -82.595747,34.017546 -82.595722,34.018199 -82.595719,34.018266 -82.595705,34.018618 -82.595688,34.018974 -82.595673,34.019146 -82.595597,34.020072 -82.59543,34.021152 -82.595132,34.022095 -82.594102,34.025065 -82.594007,34.025425 -82.593903,34.025822 -82.593827,34.026294 -82.593789,34.026736 -82.593774,34.027293 -82.593804,34.027717 -82.593887,34.028109 -82.593934,34.028245 -82.594032,34.028519 -82.594091,34.028648 -82.594151,34.028776 -82.594192,34.028866 -82.594459,34.029304 -82.594734,34.029667 -82.595062,34.030045 -82.595528,34.030506 -82.59578,34.030728 -82.596008,34.03093 -82.596883,34.031334 -82.597498,34.031619 -82.597929,34.031818 -82.598361,34.032018 -82.598503,34.03209 -82.598645,34.032161 -82.599365,34.032524 -82.600184,34.032985 -82.600578,34.033207 -82.600921,34.033508 -82.602119,34.034492 -82.603348,34.035408 -82.604974,34.036493 -82.605582,34.036898 -82.605995,34.037174 -82.607414,34.038071 -82.607658,34.038258 -82.608291,34.03878 -82.608909,34.039368 -82.609421,34.039906 -82.60997,34.040558 -82.610611,34.041458 -82.611076,34.042305 -82.611366,34.04298 -82.611832,34.044376 -82.612244,34.045437 -82.612732,34.046509 -82.613014,34.046898 -82.613365,34.04726 -82.613769,34.047585 -82.616394,34.049118 -82.616814,34.049385 -82.617554,34.049915 -82.618332,34.050555 -82.618584,34.050762 -82.619156,34.05135 -82.619659,34.05204 -82.620033,34.052734 -82.620277,34.053417 -82.620384,34.053917 -82.620496,34.054963 -82.620529,34.055275 -82.620743,34.056541 -82.620888,34.057049 -82.621015,34.057334 -82.621065,34.057444 -82.621185,34.057659 -82.621287,34.057829 -82.621406,34.058018 -82.621567,34.058174 -82.621801,34.058294 -82.622619,34.058712 -82.623459,34.059246 -82.623525,34.059296 -82.623723,34.059449 -82.623886,34.059574 -82.624336,34.059959 -82.624641,34.060261 -82.624939,34.060612 -82.625282,34.061111 -82.625666,34.061815 -82.625978,34.062385 -82.626058,34.06253 -82.626137,34.062677 -82.626243,34.06287 -82.626541,34.063259 -82.626632,34.063339 -82.626839,34.063519 -82.627418,34.063911 -82.627907,34.06419 -82.628502,34.064468 -82.62931,34.064812 -82.630168,34.065141 -82.630201,34.065153 -82.630952,34.065411 -82.631394,34.06551 -82.631573,34.065517 -82.63192,34.065532 -82.632591,34.065448 -82.633194,34.065287 -82.633263,34.065269 -82.633995,34.064964 -82.63427,34.064903 -82.634529,34.064892 -82.634987,34.064949 -82.635437,34.06509 -82.635781,34.065283 -82.635809,34.065301 -82.636101,34.065556 -82.636299,34.065754 -82.636551,34.065884 -82.636764,34.065956 -82.6372,34.066072 -82.637425,34.066131 -82.63768,34.066199 -82.638397,34.066478 -82.638985,34.066779 -82.639496,34.067103 -82.639585,34.067172 -82.63976,34.067305 -82.639934,34.067438 -82.640518,34.067883 -82.640907,34.068253 -82.641032,34.068417 -82.641039,34.068424 -82.641488,34.068894 -82.642212,34.069866 -82.642883,34.070843 -82.643661,34.072105 -82.643759,34.072306 -82.643822,34.072437 -82.643967,34.072819 -82.644081,34.073219 -82.64415,34.073563 -82.644187,34.073746 -82.644301,34.074047 -82.644423,34.074242 -82.644522,34.074413 -82.64498,34.074902 -82.645217,34.07523 -82.645405,34.075617 -82.645522,34.076069 -82.64553,34.076313 -82.645484,34.076569 -82.645481,34.076615 -82.645469,34.076833 -82.645472,34.076897 -82.645447,34.077147 -82.645449,34.077338 -82.645451,34.077649 -82.645453,34.077851 -82.645367,34.078257 -82.645281,34.078488 -82.645255,34.078609 -82.645215,34.078713 -82.645095,34.079065 -82.644821,34.079553 -82.644754,34.079641 -82.644561,34.079881 -82.64444,34.080032 -82.64441,34.080056 -82.644161,34.080251 -82.64385,34.080497 -82.643725,34.080581 -82.643179,34.080951 -82.64302,34.081116 -82.643034,34.081191 -82.642955,34.081296 -82.642882,34.081422 -82.642522,34.0822 -82.641864,34.08362 -82.641806,34.083708 -82.641626,34.083978 -82.641289,34.084434 -82.64115,34.084637 -82.640733,34.085318 -82.640601,34.085555 -82.64027,34.086363 -82.640257,34.086582 -82.640217,34.086764 -82.640224,34.08689 -82.640211,34.087217 -82.640169,34.087329 -82.640251,34.087818 -82.640466,34.088324 -82.640726,34.088643 -82.640874,34.088914 -82.641023,34.089186 -82.640995,34.08927 -82.640982,34.089369 -82.640949,34.090084 -82.640949,34.090414 -82.640962,34.090617 -82.640995,34.090699 -82.641014,34.090908 -82.641101,34.091096 -82.641137,34.091175 -82.641246,34.091409 -82.641311,34.091551 -82.641377,34.091645 -82.641405,34.091691 -82.641641,34.09209 -82.641668,34.092151 -82.641965,34.09253 -82.642126,34.092679 -82.642314,34.093006 -82.642416,34.093264 -82.642464,34.093303 -82.642519,34.093359 -82.642581,34.093409 -82.642814,34.093571 -82.642905,34.093648 -82.643198,34.093862 -82.64351,34.094058 -82.643727,34.094233 -82.643902,34.094393 -82.643966,34.094441 -82.644052,34.094518 -82.644126,34.094586 -82.644263,34.094703 -82.644496,34.094962 -82.644613,34.095068 -82.644678,34.09516 -82.644755,34.095247 -82.644945,34.095487 -82.645074,34.095631 -82.645146,34.095721 -82.645228,34.095805 -82.645287,34.095857 -82.645366,34.095943 -82.645486,34.096092 -82.645545,34.096187 -82.645739,34.096425 -82.645791,34.096482 -82.645965,34.09673 -82.646189,34.097037 -82.646387,34.097272 -82.646744,34.097678 -82.646828,34.09776 -82.647163,34.098044 -82.647252,34.09812 -82.647428,34.098258 -82.647463,34.098284 -82.647737,34.098479 -82.647806,34.098523 -82.647836,34.098548 -82.648251,34.09881 -82.648609,34.099015 -82.648831,34.099129 -82.649288,34.099338 -82.64969,34.099478 -82.649856,34.099521 -82.649896,34.099536 -82.649978,34.099558 -82.650263,34.099648 -82.65039,34.099676 -82.650513,34.099713 -82.650683,34.099742 -82.65081,34.099768 -82.650938,34.099785 -82.651019,34.099811 -82.651104,34.099828 -82.65119,34.099838 -82.651232,34.099847 -82.651314,34.099872 -82.651356,34.099881 -82.651442,34.099892 -82.651486,34.099894 -82.651744,34.09993 -82.651831,34.099933 -82.652003,34.099957 -82.652129,34.099986 -82.652476,34.100016 -82.652603,34.10004 -82.652775,34.100063 -82.652986,34.10011 -82.653328,34.100167 -82.653453,34.100198 -82.653558,34.100217 -82.653712,34.10028 -82.653727,34.100297 -82.653845,34.100402 -82.654016,34.100513 -82.654233,34.100634 -82.654655,34.100944 -82.654715,34.100996 -82.654793,34.101082 -82.65488,34.101161 -82.655034,34.101335 -82.655119,34.10146 -82.655181,34.101568 -82.655388,34.101766 -82.655416,34.101792 -82.655628,34.101993 -82.655652,34.102015 -82.655723,34.102174 -82.655795,34.10227 -82.655914,34.102427 -82.656033,34.102531 -82.656416,34.102806 -82.656444,34.10282 -82.656499,34.102893 -82.657037,34.103183 -82.657074,34.103195 -82.657149,34.103231 -82.657313,34.103281 -82.657507,34.103362 -82.657649,34.103416 -82.657902,34.103513 -82.658065,34.103564 -82.658103,34.10358 -82.658139,34.103602 -82.658215,34.103635 -82.658329,34.10367 -82.658384,34.103673 -82.658538,34.103684 -82.658729,34.103772 -82.658813,34.103906 -82.658849,34.103962 -82.659027,34.104289 -82.65911,34.104493 -82.65916,34.10463 -82.65931,34.105129 -82.659433,34.105489 -82.659536,34.105693 -82.659605,34.105862 -82.659677,34.106069 -82.659706,34.106136 -82.659811,34.106333 -82.659933,34.106601 -82.660013,34.106753 -82.660706,34.107087 -82.660736,34.107101 -82.661199,34.107349 -82.661308,34.107407 -82.661644,34.107628 -82.661934,34.107872 -82.662025,34.107968 -82.662178,34.108128 -82.662674,34.108742 -82.663154,34.10944 -82.663751,34.11023 -82.664039,34.110612 -82.664528,34.111259 -82.664802,34.1115 -82.664863,34.111534 -82.665336,34.111794 -82.665733,34.11208 -82.666066,34.112396 -82.666344,34.112751 -82.66645,34.112919 -82.666786,34.113441 -82.667152,34.114178 -82.667343,34.114769 -82.667526,34.115536 -82.667641,34.116219 -82.66769,34.116641 -82.667761,34.117232 -82.667778,34.117377 -82.667794,34.117522 -82.667868,34.118159 -82.66789,34.118276 -82.667968,34.118632 -82.668005,34.118924 -82.668052,34.119258 -82.668158,34.119563 -82.668277,34.119784 -82.668502,34.120201 -82.668559,34.120435 -82.668665,34.120579 -82.668886,34.120875 -82.669108,34.121171 -82.669399,34.12156 -82.670052,34.122435 -82.670551,34.123241 -82.670701,34.123468 -82.670851,34.123694 -82.670946,34.123864 -82.671042,34.124034 -82.671354,34.124548 -82.671648,34.125024 -82.671696,34.125101 -82.671704,34.125111 -82.671869,34.125333 -82.67303,34.126874 -82.673225,34.127133 -82.674194,34.128419 -82.67422,34.128453 -82.67445,34.128758 -82.675219,34.129779 -82.676122,34.130585 -82.676557,34.131065 -82.676581,34.131085 -82.676725,34.131219 -82.676948,34.131391 -82.676985,34.131425 -82.677006,34.131425 -82.67732,34.131657 -82.67873,34.132393 -82.679723,34.132655 -82.68279,34.133551 -82.68334,34.133661 -82.684371,34.133866 -82.685499,34.134127 -82.686252,34.134438 -82.68629,34.134454 -82.689156,34.13712 -82.689861,34.137793 -82.690386,34.138293 -82.692152,34.138986 -82.692801,34.139058 -82.692812,34.139059 -82.69327,34.13911 -82.69454,34.13903 -82.69553,34.138815 -82.696708,34.138898 -82.697244,34.138936 -82.698275,34.139092 -82.69857,34.139138 -82.698865,34.139183 -82.699756,34.13932 -82.70009,34.13945 -82.702049,34.140212 -82.704008,34.140974 -82.704129,34.141021 -82.707785,34.143231 -82.711119,34.145246 -82.711957,34.145834 -82.715333,34.148203 -82.717459,34.150546 -82.717955,34.151953 -82.718773,34.154277 -82.720826,34.160297 -82.720896,34.1605 -82.721168,34.161137 -82.721413,34.161617 -82.721455,34.161732 -82.721603,34.162144 -82.721725,34.162327 -82.721977,34.163082 -82.72229,34.163837 -82.72261,34.164471 -82.722946,34.165047 -82.723062,34.165281 -82.72393,34.167027 -82.724643,34.168445 -82.724769,34.168694 -82.725119,34.16928 -82.725136,34.169308 -82.72527,34.169506 -82.725548,34.169918 -82.725774,34.170217 -82.72596,34.170464 -82.726402,34.170986 -82.726933,34.171577 -82.728111,34.17289 -82.729919,34.17474 -82.730415,34.175327 -82.730832,34.175917 -82.730858,34.175953 -82.731178,34.176495 -82.731453,34.177086 -82.731695,34.177807 -82.731718,34.177874 -82.731773,34.17804 -82.731987,34.178814 -82.732155,34.179619 -82.732223,34.18055 -82.732193,34.181347 -82.73204,34.182312 -82.731987,34.183067 -82.732086,34.185154 -82.732078,34.18565 -82.732063,34.185799 -82.732117,34.18676 -82.732071,34.187923 -82.73201,34.188473 -82.73175,34.189816 -82.731728,34.190195 -82.731698,34.190735 -82.731728,34.191273 -82.731789,34.191803 -82.731941,34.192608 -82.732124,34.193321 -82.732307,34.19389 -82.732544,34.194519 -82.733078,34.195724 -82.733208,34.195983 -82.733307,34.196178 -82.733597,34.196659 -82.734054,34.197281 -82.735535,34.19952 -82.737289,34.202198 -82.738205,34.203663 -82.738256,34.203737 -82.739494,34.205536 -82.740089,34.206524 -82.740168,34.206643 -82.740585,34.207268 -82.740616,34.207375 -82.740608,34.207668 -82.740654,34.208035 -82.740753,34.208355 -82.740883,34.208652 -82.741007,34.208862 -82.741173,34.209129 -82.741653,34.209709 -82.741798,34.209953 -82.741875,34.210209 -82.741882,34.210415 -82.741915,34.210638 -82.742103,34.211903 -82.742248,34.212734 -82.74234,34.213432 -82.74206,34.214156 -82.741999,34.214312 -82.741779,34.21488 -82.740996,34.216905 -82.740945,34.217201 -82.740758,34.217657 -82.740588,34.218069 -82.74057,34.218112 -82.740356,34.218632 -82.740257,34.219025 -82.740257,34.219448 -82.740326,34.219746 -82.740505,34.220012 -82.740997,34.220741 -82.741371,34.221222 -82.743446,34.223721 -82.743652,34.224003 -82.744003,34.224407 -82.744224,34.224834 -82.744363,34.22541 -82.744369,34.225534 -82.744377,34.225677 -82.744354,34.225925 -82.744247,34.226326 -82.744102,34.226604 -82.743837,34.226869 -82.743583,34.227122 -82.742706,34.227997 -82.742264,34.22858 -82.742081,34.228962 -82.742012,34.229328 -82.742035,34.229698 -82.742408,34.230465 -82.742439,34.23053 -82.742462,34.230846 -82.742569,34.231392 -82.742866,34.233551 -82.742966,34.233971 -82.743027,34.234394 -82.743049,34.234621 -82.743074,34.234888 -82.7431,34.235155 -82.743126,34.235432 -82.743126,34.235445 -82.743141,34.236237 -82.743347,34.23925 -82.743492,34.239895 -82.743744,34.24052 -82.744247,34.241379 -82.744286,34.241511 -82.74443,34.242004 -82.744652,34.243145 -82.744736,34.24377 -82.744858,34.244675 -82.744873,34.244919 -82.744705,34.246105 -82.74472,34.246311 -82.744667,34.246456 -82.744507,34.246624 -82.743935,34.246941 -82.743538,34.247272 -82.743271,34.247616 -82.743088,34.247982 -82.743034,34.248154 -82.743019,34.248459 -82.743129,34.248929 -82.743156,34.249054 -82.743111,34.249779 -82.743033,34.250227 -82.742985,34.250498 -82.742935,34.250786 -82.74292,34.251072 -82.743004,34.251381 -82.743172,34.251598 -82.745079,34.253368 -82.745346,34.253696 -82.745567,34.254066 -82.745743,34.254536 -82.745766,34.254673 -82.745755,34.254997 -82.745747,34.255242 -82.745743,34.25538 -82.745667,34.257764 -82.745825,34.258356 -82.745971,34.258665 -82.746161,34.258938 -82.746299,34.259081 -82.746806,34.259605 -82.746819,34.259619 -82.747333,34.260062 -82.747371,34.260124 -82.747496,34.260331 -82.747712,34.260701 -82.74791,34.26112 -82.747994,34.261381 -82.748283,34.262277 -82.748536,34.263126 -82.748589,34.263398 -82.748589,34.263555 -82.748596,34.263814 -82.748523,34.264156 -82.74849,34.264299 -82.748483,34.264325 -82.748323,34.26455 -82.747942,34.26501 -82.747853,34.265101 -82.74764,34.265321 -82.74718,34.265711 -82.747105,34.265784 -82.747042,34.265849 -82.74695,34.266009 -82.746886,34.266122 -82.746873,34.266175 -82.746816,34.266211 -82.746777,34.266387 -82.746811,34.266588 -82.746877,34.266627 -82.746925,34.266731 -82.747182,34.267033 -82.747282,34.267152 -82.747638,34.267612 -82.747692,34.267681 -82.747704,34.267692 -82.747979,34.26796 -82.748109,34.268041 -82.748251,34.268092 -82.748584,34.268277 -82.748849,34.268553 -82.749232,34.269152 -82.749598,34.269911 -82.749924,34.270366 -82.750056,34.270493 -82.75032,34.270745 -82.750354,34.270785 -82.750641,34.27113 -82.750999,34.271507 -82.751724,34.272137 -82.752128,34.272541 -82.752716,34.273186 -82.753052,34.273613 -82.753586,34.274971 -82.753914,34.275452 -82.754242,34.275787 -82.754387,34.275849 -82.755051,34.276131 -82.755882,34.276436 -82.756126,34.276558 -82.757088,34.277237 -82.758568,34.278458 -82.759384,34.27906 -82.759954,34.279456 -82.760109,34.279564 -82.760597,34.279819 -82.760879,34.280067 -82.761108,34.280399 -82.761566,34.281521 -82.761688,34.281685 -82.761848,34.281803 -82.762329,34.281952 -82.762588,34.281994 -82.762878,34.282009 -82.763618,34.281944 -82.764229,34.281845 -82.76461,34.281757 -82.764923,34.281742 -82.765182,34.281788 -82.765633,34.281971 -82.766075,34.282066 -82.766403,34.282169 -82.766754,34.282322 -82.767273,34.282684 -82.768448,34.283691 -82.769653,34.284531 -82.770676,34.285336 -82.771136,34.285729 -82.771448,34.285995 -82.771515,34.286053 -82.771688,34.286331 -82.771861,34.28678 -82.771896,34.287043 -82.772272,34.28768 -82.772681,34.287922 -82.772883,34.288106 -82.773095,34.288509 -82.77341,34.288864 -82.773752,34.289205 -82.773971,34.289397 -82.774094,34.289489 -82.774648,34.289957 -82.776035,34.291129 -82.776311,34.291362 -82.776866,34.291831 -82.776878,34.291962 -82.776897,34.292116 -82.777009,34.292388 -82.777112,34.292624 -82.777373,34.293155 -82.777479,34.293347 -82.777784,34.293489 -82.777907,34.293557 -82.778081,34.293655 -82.778471,34.293872 -82.778608,34.29395 -82.77865,34.293975 -82.77892,34.294158 -82.779197,34.294386 -82.779426,34.294603 -82.779695,34.294885 -82.779797,34.295002 -82.779917,34.295151 -82.780008,34.295274 -82.78009,34.2954 -82.780195,34.295635 -82.780236,34.295737 -82.780327,34.296014 -82.78049,34.296459 -82.780619,34.296646 -82.780722,34.296762 -82.780804,34.296846 -82.781172,34.2972 -82.781423,34.297449 -82.78154,34.297555 -82.781686,34.297758 -82.781886,34.298011 -82.782012,34.298157 -82.782128,34.298278 -82.781963,34.298541 -82.78158,34.299221 -82.781529,34.299319 -82.781469,34.299454 -82.781421,34.299591 -82.781385,34.299731 -82.781361,34.299873 -82.781352,34.29998 -82.781351,34.300052 -82.781358,34.300195 -82.781383,34.300373 -82.781444,34.300726 -82.781515,34.300905 -82.781538,34.300965 -82.781566,34.301069 -82.781639,34.301276 -82.781668,34.30138 -82.781707,34.301556 -82.781712,34.301649 -82.781724,34.301842 -82.781736,34.301938 -82.781743,34.301984 -82.78174,34.302092 -82.781745,34.302199 -82.781768,34.302413 -82.781787,34.302519 -82.781823,34.302659 -82.781884,34.302831 -82.781905,34.3029 -82.781951,34.303042 -82.781993,34.303177 -82.782047,34.303275 -82.782208,34.303529 -82.782395,34.303771 -82.782744,34.304156 -82.78276,34.304174 -82.782898,34.304313 -82.783042,34.304447 -82.783231,34.304644 -82.783277,34.304705 -82.783403,34.304851 -82.783483,34.304953 -82.783536,34.305019 -82.783711,34.305242 -82.78404,34.305706 -82.784287,34.306126 -82.784369,34.306252 -82.784458,34.306416 -82.784622,34.306785 -82.784744,34.307091 -82.784811,34.307224 -82.785034,34.307612 -82.785162,34.3078 -82.785209,34.30786 -82.785339,34.308046 -82.785386,34.308107 -82.785466,34.308192 -82.785645,34.308349 -82.785723,34.308406 -82.785745,34.308512 -82.785763,34.308573 -82.785804,34.308674 -82.785877,34.308805 -82.785938,34.3089 -82.786009,34.30899 -82.786245,34.309248 -82.786447,34.309436 -82.786501,34.309492 -82.786699,34.309728 -82.786896,34.310007 -82.786935,34.310071 -82.786984,34.310171 -82.787061,34.310299 -82.78713,34.310469 -82.787239,34.310778 -82.78733,34.310979 -82.787447,34.311211 -82.787504,34.311303 -82.787479,34.311394 -82.787463,34.311501 -82.787461,34.311573 -82.787469,34.31168 -82.787451,34.311788 -82.78745,34.311859 -82.78747,34.312038 -82.787485,34.312108 -82.787578,34.312421 -82.787604,34.312526 -82.787797,34.312847 -82.787799,34.312918 -82.787821,34.31306 -82.787841,34.31313 -82.787855,34.313164 -82.787914,34.313259 -82.78803,34.313411 -82.788102,34.313542 -82.78819,34.313665 -82.788297,34.313778 -82.78843,34.313889 -82.788439,34.314031 -82.788456,34.314174 -82.788485,34.314351 -82.788519,34.314636 -82.78852,34.314815 -82.788535,34.314963 -82.788546,34.31506 -82.788546,34.315203 -82.788524,34.315525 -82.78853,34.315596 -82.78857,34.315844 -82.788603,34.315985 -82.788651,34.31634 -82.788689,34.31648 -82.788718,34.316657 -82.788748,34.316798 -82.788814,34.317042 -82.788942,34.317385 -82.789003,34.31763 -82.789116,34.317976 -82.789163,34.318076 -82.789307,34.318336 -82.789337,34.318441 -82.789352,34.318511 -82.789415,34.318938 -82.78945,34.319078 -82.789537,34.319318 -82.789566,34.319422 -82.78959,34.319491 -82.789626,34.319668 -82.789667,34.319807 -82.789685,34.319913 -82.789768,34.320264 -82.789792,34.320442 -82.789821,34.320584 -82.7899,34.320898 -82.78996,34.32107 -82.790034,34.321313 -82.790129,34.321844 -82.790137,34.321974 -82.790167,34.322114 -82.790283,34.322459 -82.79042,34.322799 -82.790458,34.322863 -82.790625,34.323114 -82.790751,34.323343 -82.790809,34.323478 -82.790892,34.323643 -82.791032,34.323906 -82.791363,34.32441 -82.791541,34.324714 -82.791604,34.324823 -82.791745,34.325161 -82.791906,34.325755 -82.791936,34.325932 -82.791951,34.326146 -82.79196,34.326218 -82.792058,34.326676 -82.792064,34.326759 -82.792045,34.327116 -82.792045,34.327224 -82.792033,34.327438 -82.792035,34.327581 -82.792156,34.328315 -82.791761,34.327848 -82.791656,34.328171 -82.791252,34.328838 -82.791224,34.328955 -82.791183,34.329132 -82.79114,34.32946 -82.79113,34.329845 -82.791153,34.330147 -82.791178,34.330541 -82.791472,34.332061 -82.791628,34.332717 -82.791593,34.332819 -82.791626,34.332928 -82.791939,34.333614 -82.792132,34.333856 -82.792214,34.333958 -82.79264,34.334307 -82.792823,34.334491 -82.793016,34.334728 -82.793177,34.335301 -82.793303,34.335745 -82.793312,34.335807 -82.793322,34.33585 -82.793334,34.335884 -82.793375,34.336095 -82.793416,34.336234 -82.793455,34.336336 -82.793457,34.336345 -82.793543,34.336649 -82.793568,34.336754 -82.79357,34.33679 -82.793591,34.336895 -82.793646,34.337031 -82.793681,34.337134 -82.793711,34.337311 -82.79372,34.337453 -82.793701,34.337595 -82.793656,34.33777 -82.793622,34.337873 -82.793609,34.337921 -82.793578,34.338047 -82.793558,34.338153 -82.793539,34.338295 -82.793541,34.338402 -82.793576,34.338578 -82.793633,34.338713 -82.793858,34.339102 -82.793965,34.339254 -82.794015,34.339353 -82.794047,34.339457 -82.794053,34.339483 -82.794083,34.339596 -82.794097,34.33963 -82.794171,34.339759 -82.794262,34.33988 -82.794259,34.339916 -82.794264,34.339952 -82.794295,34.340078 -82.794308,34.340126 -82.794392,34.340251 -82.794448,34.340348 -82.79447,34.340379 -82.794558,34.340458 -82.79469,34.34054 -82.794701,34.34058 -82.794796,34.340641 -82.79496,34.340733 -82.795083,34.3408 -82.795109,34.340815 -82.795622,34.341011 -82.796022,34.341087 -82.796345,34.34115 -82.796764,34.341235 -82.796953,34.341253 -82.797003,34.341257 -82.797402,34.341302 -82.79763,34.341327 -82.797944,34.341401 -82.79828,34.34154 -82.798322,34.341557 -82.798658,34.341777 -82.79875,34.341904 -82.799079,34.342284 -82.79916,34.342368 -82.799416,34.342613 -82.799497,34.342698 -82.799618,34.342801 -82.799947,34.343136 -82.800016,34.343228 -82.800142,34.343374 -82.800278,34.343514 -82.800426,34.343645 -82.80072,34.343883 -82.8008,34.34401 -82.800866,34.344103 -82.800987,34.344252 -82.801095,34.344365 -82.801215,34.344469 -82.801316,34.344538 -82.801455,34.344625 -82.801541,34.344669 -82.802346,34.344936 -82.804278,34.345578 -82.804467,34.345727 -82.804743,34.345903 -82.80501,34.346089 -82.805148,34.346177 -82.805473,34.346406 -82.805613,34.346504 -82.805675,34.346554 -82.805759,34.346636 -82.805879,34.34674 -82.805975,34.346814 -82.806077,34.346882 -82.806107,34.346907 -82.806143,34.346972 -82.806184,34.347035 -82.806276,34.347157 -82.806405,34.347302 -82.806524,34.347452 -82.806683,34.347623 -82.807033,34.347943 -82.807225,34.348139 -82.807313,34.348218 -82.807447,34.348311 -82.807601,34.348437 -82.807801,34.348576 -82.808043,34.348731 -82.808152,34.34879 -82.808363,34.348918 -82.808509,34.349014 -82.808602,34.349076 -82.809055,34.349413 -82.80924,34.349566 -82.809394,34.349684 -82.80959,34.349836 -82.809617,34.349864 -82.809702,34.349982 -82.809859,34.350106 -82.80995,34.350184 -82.810107,34.350308 -82.810354,34.350512 -82.810464,34.35057 -82.810619,34.350637 -82.8107,34.350664 -82.810995,34.350731 -82.811465,34.350826 -82.811884,34.350925 -82.812054,34.35096 -82.812305,34.351023 -82.812607,34.351144 -82.812704,34.351493 -82.81285,34.351831 -82.812901,34.35193 -82.812962,34.352024 -82.813078,34.352176 -82.813159,34.352261 -82.8133,34.352398 -82.813403,34.352488 -82.813218,34.352899 -82.813217,34.353273 -82.813443,34.353595 -82.813538,34.353732 -82.81377,34.353935 -82.814043,34.354054 -82.814281,34.354004 -82.814502,34.354 -82.815641,34.353908 -82.819744,34.35686 -82.82104,34.357795 -82.821148,34.357839 -82.82123,34.357874 -82.821398,34.357943 -82.821454,34.357967 -82.822737,34.358781 -82.824079,34.359634 -82.824905,34.360413 -82.825544,34.360535 -82.826728,34.360525 -82.826745,34.360525 -82.828119,34.361134 -82.828529,34.361316 -82.83228,34.363381 -82.833317,34.363952 -82.833571,34.364092 -82.834457,34.365221 -82.834624,34.365739 -82.834799,34.366279 -82.834837,34.366395 -82.834896,34.36658 -82.835136,34.36732 -82.835163,34.367406 -82.835177,34.368872 -82.835206,34.371718 -82.835358,34.373536 -82.835488,34.375088 -82.835883,34.37981 -82.835975,34.380909 -82.836673,34.383142 -82.837614,34.385011 -82.84041,34.388657 -82.841357,34.390135 -82.841774,34.391553 -82.841751,34.392409 -82.841709,34.394042 -82.841369,34.397087 -82.841371,34.397129 -82.841386,34.397497 -82.84145,34.398972 -82.841453,34.399054 -82.841491,34.399123 -82.842596,34.401142 -82.842787,34.40154 -82.843163,34.402319 -82.843462,34.402941 -82.844143,34.404357 -82.845385,34.40694 -82.846019,34.408677 -82.846559,34.410154 -82.846835,34.410911 -82.847511,34.412761 -82.847515,34.41286 -82.847545,34.413549 -82.847585,34.414509 -82.847595,34.414729 -82.847913,34.417374 -82.848028,34.418329 -82.847763,34.418504 -82.847396,34.418748 -82.847177,34.418895 -82.847033,34.419063 -82.846974,34.419178 -82.846906,34.419379 -82.846883,34.419638 -82.846969,34.419876 -82.847133,34.42011 -82.847321,34.420257 -82.847667,34.420425 -82.847795,34.420535 -82.847917,34.420846 -82.848094,34.421295 -82.848182,34.421683 -82.848447,34.422849 -82.848536,34.423238 -82.848677,34.423857 -82.849009,34.424495 -82.849626,34.425678 -82.851929,34.427142 -82.852062,34.427227 -82.852989,34.427984 -82.853088,34.428065 -82.853724,34.428584 -82.854011,34.428818 -82.854378,34.430181 -82.854419,34.430864 -82.854482,34.431877 -82.854616,34.432665 -82.854618,34.432675 -82.854627,34.433688 -82.85463,34.433978 -82.854641,34.434028 -82.854722,34.434383 -82.854965,34.435451 -82.854973,34.435485 -82.854971,34.435816 -82.854967,34.436255 -82.854963,34.436953 -82.854977,34.437572 -82.854988,34.438011 -82.855002,34.438613 -82.855014,34.439112 -82.855263,34.440398 -82.855409,34.44115 -82.855433,34.441277 -82.855481,34.441522 -82.855483,34.441661 -82.855486,34.441791 -82.85581,34.442214 -82.856163,34.442676 -82.856316,34.442875 -82.856396,34.44298 -82.856726,34.443267 -82.856827,34.443422 -82.856964,34.443634 -82.857188,34.444288 -82.857862,34.446251 -82.858087,34.446906 -82.858198,34.44723 -82.858532,34.448203 -82.858644,34.448528 -82.858705,34.448708 -82.858761,34.44887 -82.860124,34.45284 -82.86007,34.452927 -82.859862,34.453313 -82.859093,34.454743 -82.858837,34.45522 -82.859068,34.455435 -82.859521,34.455836 -82.860435,34.456646 -82.860995,34.45715 -82.861872,34.45795 -82.862301,34.458247 -82.862352,34.458282 -82.862505,34.458389 -82.863343,34.45897 -82.86395,34.459383 -82.864075,34.459482 -82.86418,34.459584 -82.8643,34.459702 -82.8644,34.459785 -82.865188,34.460099 -82.866288,34.460546 -82.866618,34.460684 -82.867667,34.460604 -82.86793,34.460571 -82.868017,34.460566 -82.868103,34.460571 -82.86823,34.460593 -82.868356,34.460624 -82.868856,34.460767 -82.869264,34.460903 -82.869347,34.460924 -82.869432,34.46094 -82.869821,34.460991 -82.870256,34.461039 -82.871846,34.461189 -82.871859,34.461204 -82.871983,34.461356 -82.872001,34.461379 -82.872138,34.461548 -82.872223,34.461673 -82.872294,34.461803 -82.872409,34.462035 -82.872678,34.462641 -82.872751,34.462795 -82.872853,34.463008 -82.872941,34.463198 -82.873013,34.463356 -82.873169,34.463693 -82.873323,34.46401 -82.873479,34.464319 -82.873869,34.464467 -82.874217,34.4646 -82.874281,34.464624 -82.874592,34.464743 -82.874992,34.464889 -82.875249,34.464989 -82.875467,34.465075 -82.875858,34.465238 -82.876,34.465321 -82.876404,34.465598 -82.876923,34.465928 -82.877221,34.46611 -82.877764,34.466444 -82.877855,34.466525 -82.878281,34.466901 -82.879075,34.4676 -82.879559,34.468032 -82.879984,34.468411 -82.880146,34.468556 -82.880644,34.469 -82.881174,34.469479 -82.881083,34.46995 -82.880895,34.470892 -82.881023,34.471538 -82.880974,34.471641 -82.880793,34.471886 -82.880917,34.472105 -82.881024,34.472295 -82.881345,34.472867 -82.881434,34.473024 -82.881456,34.473056 -82.881673,34.47338 -82.882025,34.473903 -82.882346,34.474338 -82.882578,34.474653 -82.882813,34.474971 -82.883699,34.476171 -82.883764,34.476264 -82.883837,34.476394 -82.884027,34.476756 -82.884171,34.477018 -82.884264,34.477218 -82.88427,34.477253 -82.88427,34.477361 -82.884334,34.477645 -82.884357,34.477714 -82.884386,34.477781 -82.884423,34.477845 -82.884465,34.477907 -82.88456,34.478027 -82.884632,34.478107 -82.884768,34.47826 -82.884842,34.478347 -82.885154,34.478712 -82.885465,34.479075 -82.885546,34.47917 -82.885678,34.479314 -82.885927,34.479563 -82.886093,34.479742 -82.886245,34.479905 -82.886444,34.480096 -82.88682,34.480445 -82.887085,34.480684 -82.887398,34.480959 -82.887594,34.480994 -82.88817,34.481098 -82.888183,34.4811 -82.888379,34.481142 -82.888977,34.481027 -82.889357,34.48094 -82.889526,34.480897 -82.889612,34.480883 -82.889655,34.480881 -82.889786,34.480885 -82.890443,34.480932 -82.890628,34.480942 -82.890837,34.480955 -82.891055,34.480976 -82.891576,34.481042 -82.8921,34.481086 -82.892231,34.481093 -82.892365,34.481093 -82.892408,34.481097 -82.892448,34.481107 -82.892486,34.481125 -82.892593,34.48119 -82.893147,34.48148 -82.893354,34.481613 -82.894105,34.481982 -82.894365,34.482116 -82.894747,34.482197 -82.895252,34.482483 -82.895554,34.48269 -82.895878,34.482931 -82.896295,34.483193 -82.896432,34.483283 -82.89673,34.483494 -82.896791,34.483539 -82.897053,34.483737 -82.897485,34.484045 -82.897611,34.484144 -82.8977,34.48422 -82.897719,34.484251 -82.897742,34.48436 -82.897811,34.484567 -82.897919,34.48468 -82.898305,34.485166 -82.898829,34.485428 -82.898955,34.485482 -82.899333,34.485646 -82.899752,34.485841 -82.900276,34.486104 -82.900908,34.486431 -82.901551,34.486764 -82.901685,34.486712 -82.901829,34.486657 -82.902093,34.486571 -82.902196,34.486538 -82.902279,34.486507 -82.902319,34.486501 -82.902437,34.486491 -82.902668,34.486473 -82.903369,34.486428 -82.903937,34.486384 -82.904288,34.486367 -82.904375,34.486357 -82.904503,34.486334 -82.904946,34.486227 -82.905009,34.486213 -82.905403,34.486183 -82.905929,34.48616 -82.906016,34.486153 -82.906058,34.486145 -82.906475,34.485947 -82.906616,34.485861 -82.906654,34.485847 -82.907094,34.485852 -82.907449,34.48587 -82.907532,34.485875 -82.907838,34.485862 -82.908011,34.485837 -82.908613,34.485735 -82.90896,34.485693 -82.909179,34.485677 -82.909574,34.485661 -82.909969,34.485658 -82.910012,34.485654 -82.910309,34.485588 -82.910611,34.485542 -82.910829,34.485525 -82.911004,34.485517 -82.911136,34.485521 -82.911267,34.485531 -82.911309,34.485524 -82.911719,34.485396 -82.911886,34.485351 -82.912608,34.485197 -82.91303,34.485099 -82.913242,34.485054 -82.913484,34.484969 -82.913769,34.484877 -82.914053,34.48478 -82.914227,34.484759 -82.914267,34.484746 -82.914468,34.484643 -82.9146,34.484577 -82.914694,34.484529 -82.914956,34.484509 -82.915394,34.484483 -82.916179,34.484417 -82.916527,34.484379 -82.916831,34.484339 -82.917128,34.484252 -82.917736,34.484168 -82.917928,34.484021 -82.918112,34.483923 -82.918256,34.483841 -82.918293,34.483817 -82.918638,34.4836 -82.918851,34.483475 -82.919254,34.483258 -82.919403,34.483182 -82.919593,34.483092 -82.919827,34.482994 -82.920013,34.482842 -82.920339,34.482552 -82.920513,34.482411 -82.920585,34.482351 -82.920604,34.482337 -82.920736,34.482339 -82.920912,34.482348 -82.920956,34.482346 -82.92121,34.482295 -82.92155,34.482211 -82.921758,34.482161 -82.922018,34.482125 -82.922147,34.482103 -82.922402,34.482051 -82.922783,34.481966 -82.923,34.481939 -82.923129,34.481919 -82.923641,34.481818 -82.923943,34.481771 -82.924114,34.48174 -82.924385,34.481679 -82.924665,34.481617 -82.92471,34.481604 -82.924831,34.481572 -82.925202,34.481461 -82.925334,34.481459 -82.925551,34.481487 -82.925792,34.481513 -82.925911,34.481529 -82.926099,34.481621 -82.926156,34.481651 -82.92688,34.482041 -82.927122,34.482172 -82.927175,34.482234 -82.927252,34.48233 -82.927342,34.482444 -82.927646,34.482902 -82.927816,34.48316 -82.927905,34.483294 -82.92793,34.483323 -82.928145,34.483502 -82.928302,34.483627 -82.928807,34.484045 -82.929058,34.484252 -82.929072,34.484264 -82.929295,34.484436 -82.929475,34.484641 -82.929606,34.4848 -82.92985,34.485094 -82.930005,34.485269 -82.930112,34.48538 -82.930224,34.485485 -82.930342,34.485583 -82.930377,34.4856 -82.930415,34.485613 -82.930501,34.485628 -82.930735,34.485638 -82.930823,34.485649 -82.930908,34.485664 -82.931451,34.485761 -82.93157,34.485782 -82.932624,34.48597 -82.933077,34.486105 -82.933117,34.48612 -82.933228,34.486177 -82.934407,34.486279 -82.936324,34.486475 -82.936965,34.486537 -82.936997,34.486512 -82.937088,34.486428 -82.93712,34.486403 -82.937155,34.486382 -82.937192,34.486367 -82.937275,34.486347 -82.937443,34.486315 -82.937615,34.486289 -82.938359,34.486199 -82.938834,34.486127 -82.939094,34.486092 -82.939356,34.486069 -82.940056,34.486032 -82.940494,34.486001 -82.941195,34.485965 -82.941543,34.485925 -82.941673,34.485914 -82.941936,34.48591 -82.942543,34.485916 -82.942595,34.485917 -82.942815,34.485916 -82.942858,34.485911 -82.943019,34.485852 -82.943512,34.48568 -82.943987,34.485515 -82.944475,34.485008 -82.944654,34.484823 -82.945322,34.48414 -82.945858,34.483574 -82.945914,34.483519 -82.945978,34.48347 -82.946005,34.483442 -82.946235,34.483164 -82.946975,34.482658 -82.947806,34.482074 -82.947835,34.482048 -82.947898,34.481914 -82.947973,34.481727 -82.948217,34.480563 -82.948228,34.480492 -82.949503,34.480092 -82.949744,34.480016 -82.949859,34.479988 -82.950081,34.479936 -82.950166,34.479919 -82.950684,34.479843 -82.950809,34.479827 -82.950945,34.479811 -82.951598,34.479741 -82.952553,34.479624 -82.953158,34.479539 -82.953403,34.479501 -82.953547,34.47948 -82.954063,34.479396 -82.954263,34.479361 -82.954792,34.479267 -82.955197,34.479191 -82.955525,34.478967 -82.955645,34.478887 -82.95578,34.478918 -82.956151,34.479006 -82.956532,34.479089 -82.957214,34.479227 -82.95777,34.479331 -82.958052,34.479392 -82.958152,34.479414 -82.958365,34.479456 -82.958479,34.47951 -82.958548,34.479554 -82.958575,34.479581 -82.958989,34.480212 -82.959129,34.48035 -82.95951,34.480743 -82.959929,34.481156 -82.959976,34.481217 -82.96006,34.481342 -82.960212,34.481602 -82.960282,34.481691 -82.96037,34.481771 -82.960597,34.481941 -82.960781,34.482095 -82.961026,34.482246 -82.961521,34.482652 -82.962101,34.48314 -82.962336,34.483352 -82.96298,34.484077 -82.963131,34.484256 -82.963213,34.484339 -82.963242,34.484363 -82.963279,34.484378 -82.96337,34.484389 -82.963626,34.484439 -82.964241,34.484571 -82.965105,34.483761 -82.965635,34.483237 -82.966149,34.482747 -82.966284,34.482606 -82.966308,34.482576 -82.96638,34.482438 -82.966421,34.482376 -82.966448,34.482351 -82.96648,34.482333 -82.966519,34.48232 -82.966561,34.482312 -82.9667,34.482301 -82.966788,34.482289 -82.967601,34.482138 -82.967816,34.482101 -82.968028,34.482054 -82.968153,34.482021 -82.968524,34.481911 -82.968685,34.481854 -82.969041,34.481714 -82.969122,34.481687 -82.969206,34.481665 -82.969449,34.481584 -82.969618,34.481544 -82.969747,34.481522 -82.969874,34.481494 -82.97025,34.481395 -82.970629,34.481306 -82.97088,34.481239 -82.97095,34.481197 -82.971173,34.481024 -82.971806,34.480638 -82.97195,34.480557 -82.972281,34.480381 -82.972584,34.480212 -82.972898,34.480039 -82.972999,34.479886 -82.973334,34.479798 -82.973375,34.479788 -82.974032,34.479585 -82.974331,34.479505 -82.974666,34.479417 -82.974763,34.47939 -82.974828,34.479374 -82.974917,34.47935 -82.977312,34.481669 -82.977663,34.482001 -82.978197,34.482416 -82.978823,34.482797 -82.979136,34.482919 -82.979479,34.482961 -82.979746,34.482938 -82.980364,34.482831 -82.980928,34.482681 -82.982919,34.482018 -82.986207,34.480719 -82.986855,34.480547 -82.986992,34.480521 -82.988037,34.480329 -82.989685,34.48016 -82.9905,34.480004 -82.990684,34.479968 -82.990864,34.479903 -82.991143,34.479805 -82.991461,34.479634 -82.991897,34.479434 -82.992015,34.479381 -82.992232,34.479258 -82.992393,34.479168 -82.992737,34.478947 -82.993095,34.47868 -82.993408,34.478405 -82.993645,34.478157 -82.993889,34.477829 -82.994209,34.477253 -82.994682,34.476547 -82.99485,34.476238 -82.995026,34.47575 -82.995193,34.475475 -82.995224,34.475178 -82.995209,34.474857 -82.995071,34.474583 -82.995018,34.474407 -82.995041,34.473999 -82.995003,34.473713 -82.994919,34.47345 -82.994789,34.473202 -82.994751,34.473053 -82.994774,34.472794 -82.994821,34.472719 -82.994955,34.472537 -82.99514,34.472408 -82.995247,34.472363 -82.995431,34.472274 -82.995658,34.472216 -82.995901,34.472204 -82.996398,34.472234 -82.996771,34.472283 -82.998284,34.472579 -82.998311,34.472585 -82.998394,34.472567 -82.99847,34.472547 -82.998505,34.472536 -82.998636,34.472512 -82.998793,34.472466 -82.999195,34.472447 -82.999403,34.472514 -82.999661,34.472646 -82.999847,34.4727 -83.008583,34.476036 -83.010299,34.4762 -83.01138,34.476297 -83.011419,34.476301 -83.012276,34.476956 -83.012685,34.477061 -83.013556,34.477473 -83.015031,34.477736 -83.01526,34.477778 -83.015489,34.477819 -83.015841,34.477904 -83.016899,34.478161 -83.017252,34.478247 -83.018659,34.479159 -83.019614,34.479912 -83.02008,34.480216 -83.021193,34.480857 -83.02238,34.481371 -83.023939,34.48185 -83.024741,34.48217 -83.026097,34.482723 -83.026618,34.482936 -83.027181,34.483257 -83.027508,34.483443 -83.027852,34.48364 -83.028261,34.483809 -83.028395,34.483876 -83.028497,34.483884 -83.028542,34.483889 -83.028809,34.483986 -83.029129,34.484035 -83.029427,34.484024 -83.029724,34.483982 -83.029792,34.483961 -83.030099,34.483871 -83.030234,34.483907 -83.030346,34.483849 -83.030735,34.483652 -83.031078,34.483532 -83.03133,34.483445 -83.031566,34.483362 -83.032276,34.483114 -83.032513,34.483032 -83.032941,34.483061 -83.03336,34.48309 -83.034166,34.483411 -83.034565,34.483571 -83.034683,34.483657 -83.035037,34.483916 -83.035155,34.484003 -83.037507,34.485565 -83.037544,34.485587 -83.038425,34.486119 -83.03882,34.486357 -83.040003,34.486917 -83.041351,34.487551 -83.042341,34.488072 -83.0433,34.488842 -83.04358,34.489086 -83.044267,34.489899 -83.044608,34.49025 -83.044631,34.490283 -83.045244,34.491183 -83.046091,34.491796 -83.046759,34.4921 -83.047165,34.492405 -83.047881,34.492994 -83.048424,34.493439 -83.048767,34.493599 -83.049026,34.493649 -83.049286,34.493656 -83.049622,34.493633 -83.049675,34.493625 -83.05008,34.49357 -83.050329,34.493534 -83.050395,34.493533 -83.051025,34.493526 -83.051344,34.493582 -83.051369,34.493587 -83.051638,34.493702 -83.051428,34.493919 -83.05138,34.493985 -83.051767,34.494206 -83.05286,34.495326 -83.053274,34.496352 -83.053476,34.497261 -83.053368,34.498207 -83.053229,34.499047 -83.053141,34.499863 -83.053097,34.500228 -83.053062,34.5009 -83.053101,34.501324 -83.053146,34.501541 -83.053261,34.501801 -83.053429,34.502048 -83.053673,34.502312 -83.053955,34.50256 -83.054322,34.502794 -83.05468,34.502983 -83.055092,34.503162 -83.055519,34.503315 -83.056168,34.503483 -83.057136,34.503643 -83.057986,34.50367 -83.058697,34.503583 -83.059219,34.503433 -83.059799,34.503189 -83.062579,34.50221 -83.06398,34.501602 -83.065369,34.501091 -83.065796,34.501041 -83.066254,34.501095 -83.068039,34.501583 -83.068809,34.501865 -83.069557,34.502224 -83.070518,34.502804 -83.071533,34.503349 -83.072098,34.503735 -83.072586,34.504105 -83.072937,34.504398 -83.073524,34.505047 -83.074005,34.505466 -83.074257,34.505787 -83.074509,34.506042 -83.074844,34.506325 -83.075386,34.506836 -83.076012,34.507317 -83.076263,34.507557 -83.076454,34.507793 -83.07666,34.508156 -83.077148,34.508839 -83.07737,34.509224 -83.077507,34.509552 -83.077649,34.510003 -83.077743,34.5103 -83.078308,34.512737 -83.078415,34.513084 -83.078552,34.513378 -83.07872,34.513618 -83.078958,34.513874 -83.079246,34.514122 -83.079373,34.514203 -83.079513,34.514294 -83.079842,34.514454 -83.080165,34.514574 -83.080528,34.514671 -83.080896,34.514753 -83.083687,34.515324 -83.084892,34.51553 -83.086319,34.51572 -83.086616,34.515728 -83.086777,34.515766 -83.087067,34.515965 -83.087173,34.516071 -83.087242,34.516182 -83.08728,34.516422 -83.087219,34.516735 -83.087051,34.517151 -83.086807,34.517555 -83.086365,34.518074 -83.085846,34.518513 -83.085083,34.51907 -83.084846,34.519218 -83.082764,34.520981 -83.082237,34.521404 -83.081779,34.521736 -83.081474,34.521851 -83.081141,34.52203 -83.079758,34.52277 -83.07885,34.52322 -83.078041,34.523666 -83.077911,34.523773 -83.077782,34.524063 -83.077751,34.524185 -83.077766,34.524307 -83.077827,34.524536 -83.077934,34.524765 -83.078148,34.525108 -83.078262,34.525239 -83.078399,34.525372 -83.080438,34.526986 -83.081848,34.528103 -83.083038,34.52914 -83.084465,34.530502 -83.084686,34.530685 -83.084938,34.530846 -83.08551,34.531143 -83.085876,34.531364 -83.086479,34.531628 -83.087257,34.531914 -83.087822,34.532085 -83.08802,34.532104 -83.090004,34.532154 -83.090324,34.532139 -83.090736,34.532234 -83.091728,34.532661 -83.092346,34.532864 -83.092705,34.532894 -83.092873,34.532891 -83.093048,34.532887 -83.09375,34.53278 -83.094342,34.53261 -83.094452,34.532578 -83.09507,34.532307 -83.095474,34.532162 -83.095695,34.532032 -83.095886,34.531879 -83.096062,34.531788 -83.096268,34.531708 -83.096497,34.531654 -83.097488,34.531544 -83.097778,34.531532 -83.09819,34.531578 -83.09861,34.531712 -83.098724,34.531723 -83.099013,34.531735 -83.0998,34.531769 -83.100891,34.531826 -83.101318,34.531887 -83.101566,34.531944 -83.101669,34.531967 -83.102104,34.532104 -83.102524,34.532295 -83.102692,34.532402 -83.102852,34.532574 -83.102974,34.532768 -83.10305,34.532967 -83.103253,34.533847 -83.103302,34.533962 -83.103416,34.534321 -83.103447,34.534443 -83.103493,34.534687 -83.10353,34.535049 -83.103577,34.535252 -83.103683,34.53606 -83.103666,34.536375 -83.103683,34.536537 -83.103673,34.536617</coordinates></LinearRing></outerBoundaryIs></Polygon>
  </Placemark>
</Folder>
</Document></kml>
