<?xml version="1.0" encoding="utf-8" ?>
<kml xmlns="http://www.opengis.net/kml/2.2">
<Document id="root_doc">
<Schema name="shape" id="shape">
	<SimpleField name="District" type="string"></SimpleField>
	<SimpleField name="Code" type="string"></SimpleField>
</Schema>
<Folder><name>shape</name>
  <Placemark>
	<Style><LineStyle><color>ff0000ff</color></LineStyle><PolyStyle><fill>0</fill></PolyStyle></Style>
	<ExtendedData><SchemaData schemaUrl="#shape">
		<SimpleData name="District">North Carolina 4</SimpleData>
		<SimpleData name="Code">NC-4</SimpleData>
	</SchemaData></ExtendedData>
      <Polygon><outerBoundaryIs><LinearRing><coordinates>-79.2579499673409,36.2434441515364 -79.2579529651611,36.2429961515933 -79.2579639623069,36.2424121516525 -79.2579809559876,36.2411161518001 -79.2579939513361,36.240162151908 -79.2580069464138,36.2391521520243 -79.2580069462925,36.2391271520278 -79.2574939471439,36.239126153101 -79.2575189410254,36.2378781532185 -79.2575599309312,36.2358181534146 -79.2576029190299,36.2333861536598 -79.2576199161441,36.2327981537061 -79.2576289138688,36.2323331537519 -79.257654907513,36.2310341538787 -79.2576988968127,36.2288461540937 -79.2577398861814,36.2266701543153 -79.2577428858569,36.2266041543187 -79.2577588820754,36.2258301543953 -79.2577628818228,36.2257791543948 -79.257762879932,36.2253901544488 -79.2578578577796,36.2208521549032 -79.2579398374895,36.2166891553389 -79.2579498353405,36.2162481553832 -79.2579498350978,36.2161981553903 -79.2579568331408,36.2157961554346 -79.257955831011,36.2153571554985 -79.2581277912115,36.207175156366 -79.2581407883356,36.2065831564292 -79.2581437877525,36.2064631564415 -79.2581807776319,36.2043781566803 -79.2582477621796,36.201193157032 -79.2583077476056,36.1981861573741 -79.2583817291151,36.1943671578186 -79.2584607111579,36.1906541582471 -79.2585166966099,36.1876431586116 -79.2585676842756,36.1850881589194 -79.2585676839761,36.1850261589287 -79.258568683184,36.1848621589517 -79.2586086743716,36.1830351591691 -79.2586326684212,36.181801159321 -79.2586746578515,36.1796081595938 -79.258680656802,36.1793901596186 -79.2587666367564,36.1752261601355 -79.2587816321981,36.1742791602601 -79.2588026274955,36.1733011603822 -79.2588106250224,36.1727871604504 -79.2588766092941,36.1695141608689 -79.259019574444,36.1622511618207 -79.2591175512171,36.1574011624683 -79.259248519839,36.1508381633652 -79.2593075052508,36.1477831637921 -79.2593205020628,36.1471151638859 -79.2593215017234,36.1470441638963 -79.2593414974384,36.1461451640206 -79.2593714899688,36.1445791642426 -79.2593794880283,36.1441721643004 -79.2593894855347,36.1436491643749 -79.2594024823843,36.142988164469 -79.2594094808127,36.1426581645156 -79.2594134798118,36.1424481645457 -79.2594434725375,36.1409211647643 -79.2594854624684,36.1388061650687 -79.2595154551972,36.1372781652902 -79.2595174550429,36.1372451652939 -79.2595334510989,36.1364161654148 -79.2595614442795,36.1349821656246 -79.2595644437439,36.1348691656405 -79.2595714416919,36.1344381657049 -79.2595764406572,36.1342201657363 -79.2595774405011,36.1341871657409 -79.259578440393,36.1341641657439 -79.2595804399033,36.134061165759 -79.2595824391165,36.1338961657842 -79.2595834389077,36.1338521657906 -79.2595714389108,36.1338581657988 -79.2595794374655,36.1335531658421 -79.2595834367405,36.1334001658638 -79.2595904353892,36.1331151659048 -79.2595944346739,36.1329641659262 -79.2595964339735,36.1328171659486 -79.2596054329672,36.1326031659766 -79.2596054329144,36.1325921659783 -79.2596064326434,36.1325351659868 -79.2596094318686,36.1323721660111 -79.2596124312903,36.1322501660287 -79.259617430357,36.1320531660569 -79.2596194299923,36.131976166068 -79.2596234294547,36.1318621660836 -79.2596244290495,36.1317771660966 -79.2596354268452,36.1313121661642 -79.2596344267423,36.1312911661684 -79.2596344266656,36.1312751661709 -79.2596364261717,36.1311711661864 -79.2596384257592,36.1310841661991 -79.2596404252988,36.1309871662134 -79.259642424848,36.1308921662275 -79.259646423817,36.1306751662599 -79.2596504229298,36.1304881662874 -79.259680415648,36.1289541665163 -79.259685414505,36.1287131665522 -79.2596924127918,36.1283521666063 -79.2597004108225,36.1279371666686 -79.2597074091911,36.1275931667201 -79.2597434006228,36.1257861669919 -79.2597933884989,36.1232281673802 -79.2597973876283,36.123044167408 -79.2598533744392,36.1202581678339 -79.2598563735332,36.1200671678637 -79.2598623730609,36.1199651678771 -79.259865371423,36.1196211679323 -79.2598693698548,36.1192911679846 -79.2598733686503,36.1190371680244 -79.2598853668598,36.1186561680807 -79.2598983642065,36.1180941681666 -79.2599073614329,36.1175091682587 -79.2599083611199,36.1174431682691 -79.2599143597972,36.1171631683123 -79.2599393538167,36.1158981685092 -79.2599473518356,36.1154791685747 -79.2599553499599,36.1150821686367 -79.2599633480987,36.1146881686982 -79.2599803440979,36.1138411688309 -79.2599883421275,36.1134241688965 -79.260005338071,36.1125651690317 -79.26001333613,36.1121541690966 -79.2600363306162,36.1109861692813 -79.2600473281309,36.1104591693645 -79.2600293280772,36.1104591693729 -79.2600173280414,36.1104591693786 -79.2600013279937,36.1104591693861 -79.2599123277236,36.1104581694279 -79.2598533275476,36.1104581694555 -79.259789327352,36.1104571694856 -79.259737327197,36.11045716951 -79.2597183271403,36.1104571695189 -79.2595733267031,36.1104561695869 -79.2595133265195,36.1104551696152 -79.2595183246444,36.1100611696764 -79.2595173225834,36.109632169746 -79.2596743230611,36.109633169674 -79.2600633242421,36.1096351694956 -79.2600643238725,36.1095571695082 -79.2600693229083,36.1093521695404 -79.260074321562,36.1090671695861 -79.2600813200977,36.1087561696353 -79.2600813200356,36.1087431696375 -79.2600843192279,36.1085721696649 -79.2600873184633,36.1084101696909 -79.2600983158654,36.1078591697789 -79.2601003154321,36.1077671697936 -79.2599983151133,36.107766169838 -79.2599823123441,36.10719716994 -79.2596443113252,36.1072031700834 -79.2595732988492,36.1046471705277 -79.2592802981398,36.1046941706359 -79.2591622954884,36.1042211707567 -79.2591482951356,36.1041571707722 -79.2588042943016,36.1042131708974 -79.2586922917655,36.103762171009 -79.2597632945047,36.1036131706225 -79.2597172925696,36.1032401707012 -79.2600512935619,36.1032211705784 -79.2601052937227,36.1032181705586 -79.2601002933912,36.1031521705716 -79.2600922928781,36.1030501705918 -79.2600852926404,36.103005170602 -79.2599552920265,36.1029651706573 -79.259708290792,36.1028751707643 -79.2595652901922,36.1028471708221 -79.2595542901468,36.1028451708265 -79.2595162899894,36.1028381708418 -79.2594532897266,36.1028261708672 -79.2594002893763,36.1027891708928 -79.2594012893364,36.1027801708938 -79.2594222882095,36.1025311709259 -79.2596472892228,36.1025891708336 -79.2596462872691,36.1021821709003 -79.2596472869704,36.1021191709102 -79.2596602850149,36.1017021709734 -79.2594082841454,36.1016941710649 -79.2594432782708,36.1004461712524 -79.2594462779257,36.1003721712632 -79.2594492777006,36.10032317127 -79.259489270695,36.0988351714958 -79.2595372626232,36.0971181717577 -79.259571262434,36.0970541717578 -79.2596132622297,36.0969811717571 -79.2597132608762,36.0966261717854 -79.2595702602968,36.0966091718302 -79.2595832586208,36.0962501718846 -79.2596052560706,36.0957021719672 -79.25961025477,36.0954271720104 -79.259602254411,36.0953581720239 -79.2596322545168,36.0953581720155 -79.2598622553473,36.095362171951 -79.2598662544859,36.0951791719802 -79.2603492562786,36.0951971718441 -79.2603512558471,36.0951051718593 -79.260367252043,36.0942951719942 -79.260372250998,36.0940721720313 -79.2603752500746,36.0938761720642 -79.2603772496719,36.0937901720785 -79.2603872480255,36.0934371721367 -79.2603882476002,36.0933471721519 -79.2603992458862,36.0929791722126 -79.2604042448322,36.0927541722502 -79.2604092439545,36.0925661722814 -79.2604132430733,36.0923781723128 -79.2604152426518,36.0922881723279 -79.2604482369749,36.0910711725305 -79.2604692331135,36.0902441726691 -79.2604752321738,36.0900421727028 -79.2603332315216,36.0900161727372 -79.2603402304131,36.0897781727766 -79.2604812310532,36.0898021727432 -79.2604942286446,36.08928617283 -79.2605082258975,36.0886981729294 -79.2605432202557,36.0874851731338 -79.260546219515,36.0873271731609 -79.2605472194284,36.087308173164 -79.2605512185632,36.0871231731955 -79.2605552176456,36.086927173229 -79.2605562174781,36.0868911732351 -79.260562216397,36.0866591732745 -79.2605832126709,36.0858591734108 -79.2605852124074,36.0858021734204 -79.2606082081528,36.0848891735765 -79.2606222057529,36.0843731736649 -79.2606262049504,36.0842011736945 -79.2606462013572,36.0834291738272 -79.2606482010607,36.0833651738382 -79.2606502006834,36.0832841738522 -79.2606581992171,36.0829691739065 -79.2606771958594,36.0822471740312 -79.260679195468,36.0821631740457 -79.2606801953627,36.0821401740497 -79.2606811951432,36.0820931740578 -79.2606891936728,36.0817771741126 -79.2606941926421,36.0815561741509 -79.2606371924126,36.0815561741568 -79.2601611904483,36.0815461742078 -79.2601761883131,36.0810861742843 -79.2602751743664,36.0780781747884 -79.2602781739401,36.0779861748039 -79.2602831732073,36.0778281748306 -79.2603571631335,36.0756501752006 -79.2603591628703,36.0755931752104 -79.2608091639811,36.0754251752275 -79.2608541641248,36.0754151752281 -79.2608561638009,36.0753451752405 -79.2608571636057,36.075303175248 -79.2608621626916,36.075106175283 -79.2608661620486,36.0749671753076 -79.2608681617627,36.0749051753187 -79.2608731607775,36.0746931753564 -79.2609001560177,36.0736661755394 -79.2609031553281,36.0735181755659 -79.2609071548185,36.0734071755857 -79.2608491545157,36.0733961755877 -79.2607791541609,36.0733851755897 -79.2608461531872,36.073119175637 -79.2608601529772,36.0730621756472 -79.260909152957,36.0730131756561 -79.260981152956,36.0729471756683 -79.2609971528309,36.0729061756758 -79.26105615193,36.0726621757202 -79.2610801515745,36.0725651757379 -79.2611541518492,36.0725551757405 -79.2610971507574,36.0723771757722 -79.2610321495162,36.0721751758078 -79.2610161491191,36.07210617582 -79.2610001487693,36.0720471758304 -79.2609421476854,36.0718721758608 -79.2608971468571,36.0717391758837 -79.2608851466336,36.0717031758899 -79.2608831465821,36.0716941758914 -79.2609361467954,36.0716901758933 -79.2609271463763,36.0716101759074 -79.2609131456741,36.0714751759312 -79.260901145085,36.0713621759511 -79.2609861454301,36.0713561759543 -79.2610061455085,36.0713541759552 -79.2610291456001,36.0713521759562 -79.2610501456782,36.0713491759572 -79.2610881458026,36.0713401759598 -79.2611011458408,36.0713361759609 -79.2611201458959,36.0713301759625 -79.2611411459503,36.0713221759644 -79.2611581459966,36.071316175966 -79.2611781460372,36.0713061759683 -79.2611911460612,36.0712991759699 -79.2612061460892,36.0712911759718 -79.2612201461082,36.0712821759737 -79.2612311461234,36.0712751759753 -79.2612451461376,36.0712651759775 -79.2612531461397,36.071258175979 -79.2612631461505,36.0712511759805 -79.2612731461472,36.0712411759827 -79.2612831461486,36.0712321759846 -79.2612981461436,36.0712171759878 -79.2613081461308,36.0712051759902 -79.261318146118,36.0711931759927 -79.2613341460749,36.0711691759976 -79.2613411460536,36.0711581759998 -79.2613491460132,36.0711421760029 -79.2613561459778,36.0711281760057 -79.2613601459528,36.0711191760075 -79.2613641459184,36.0711081760096 -79.2613671458843,36.0710981760116 -79.2613691458505,36.0710891760133 -79.2613731458019,36.071075176016 -79.2613761457726,36.0710661760177 -79.2613821457375,36.0710531760203 -79.2613881457261,36.071045176022 -79.2613951457239,36.0710381760234 -79.2614131457465,36.0710261760262 -79.261426145331,36.0709261760451 -79.2614291452544,36.0709071760487 -79.2614341450968,36.0708691760559 -79.261416145041,36.0708741760544 -79.2613941449534,36.0708761760534 -79.2613791448777,36.0708741760533 -79.2613661448061,36.0708711760534 -79.261349144698,36.0708641760542 -79.2613381446116,36.0708561760553 -79.2613251445022,36.0708451760569 -79.261316144401,36.070832176059 -79.2612961441991,36.0708081760628 -79.2612801440527,36.0707921760652 -79.2612551438382,36.0707701760685 -79.2612241435924,36.0707471760716 -79.2611891433383,36.0707261760743 -79.2611591431347,36.0707111760761 -79.2611301429592,36.0707011760769 -79.2611191428964,36.0706981760771 -79.2611001427935,36.0706941760772 -79.2610891427354,36.0706921760772 -79.2610811425862,36.0706681760812 -79.2610861424045,36.0706251760892 -79.2610941421413,36.0705621761009 -79.2610991419454,36.0705161761094 -79.2610751413888,36.0704211761257 -79.2610471406199,36.0702851761492 -79.2610451405588,36.0702741761511 -79.2611001407601,36.0702651761549 -79.2610751400471,36.0701381761769 -79.261067139841,36.0701021761831 -79.2610491392395,36.0699921762022 -79.26103513885,36.0699231762141 -79.2610261386203,36.0698831762209 -79.2610261384733,36.0698521762265 -79.2610251382127,36.0697981762362 -79.2610321380969,36.0697671762421 -79.2611161362577,36.0693001763306 -79.2611721349589,36.068973176393 -79.2611741349063,36.0689601763955 -79.2611851346904,36.0689041764063 -79.261195134451,36.0688441764178 -79.2608261328052,36.0688461763964 -79.2604221309834,36.0688441763738 -79.2603771307815,36.0688441763713 -79.260419129817,36.0686021764155 -79.2605011279857,36.0681401765006 -79.2605731263738,36.0677331765764 -79.2605741261308,36.0676811765855 -79.2605811247587,36.0673861766375 -79.2605811240735,36.0672421766627 -79.2607181244298,36.0671861766831 -79.2607221242056,36.0671351766924 -79.2607321235143,36.0669801767206 -79.2607421228612,36.0668331767474 -79.2607481219571,36.0666371767825 -79.260776121795,36.0665761767957 -79.2606061207806,36.0665261767899 -79.2604601199039,36.0664821767849 -79.2605221191685,36.0662681768275 -79.2605591191523,36.0662291768376 -79.2606841190782,36.0660931768728 -79.2608311193581,36.066010176901 -79.2608821194022,36.0659701769129 -79.2609311194467,36.0659321769242 -79.2610011195025,36.0658761769409 -79.2611041195869,36.0657941769655 -79.2611531196274,36.0657551769772 -79.2612531199546,36.0657271769919 -79.2613171201637,36.0657091770014 -79.2614551206141,36.065670177022 -79.2614551204486,36.0656351770285 -79.2611891181682,36.0654121770432 -79.2611161175379,36.0653501770472 -79.2610171166924,36.0652681770519 -79.2610421167177,36.0652491770579 -79.2610821167411,36.0652151770682 -79.2611201167507,36.0651801770784 -79.2611791167342,36.0651191770956 -79.2612311166667,36.0650541771129 -79.2612771165575,36.0649861771302 -79.2613161164019,36.0649151771474 -79.2613481161999,36.0648411771644 -79.2613721159563,36.0647661771809 -79.2613891156757,36.0646901771967 -79.2613981153627,36.0646151772116 -79.2614031150549,36.0645451772251 -79.2614231136962,36.0642381772842 -79.2614401125934,36.0639881773325 -79.2614421124893,36.0639641773372 -79.2614441123284,36.0639281773441 -79.2614641109895,36.0636251774028 -79.2614841096369,36.0633191774622 -79.2614941089229,36.0631581774934 -79.2615021086344,36.0630891775073 -79.2615161083222,36.0630091775241 -79.2615371080476,36.0629301775415 -79.2615651078155,36.0628531775596 -79.2615991076165,36.0627771775784 -79.2616401074649,36.0627041775975 -79.2616721073607,36.062650177612 -79.2617181072236,36.0625751776324 -79.2617891070065,36.0624581776643 -79.2618501068088,36.0623551776923 -79.2618571067853,36.0623431776956 -79.2619241065929,36.0622351777256 -79.2619741063866,36.0621411777507 -79.2620091061944,36.0620651777703 -79.2620381059645,36.0619871777895 -79.2620941054159,36.061814177831 -79.2621401050038,36.0616801778637 -79.2617431027805,36.0616081778189 -79.2612411001321,36.0615521777547 -79.2612130999944,36.0615511777508 -79.2612560926003,36.0599461780512 -79.2613130827193,36.0578001784554 -79.2613200813245,36.0574981785124 -79.2613280798401,36.0571761785732 -79.2613550751617,36.0561591787663 -79.2614450586215,36.0525661794526 -79.2614760535847,36.051467179665 -79.2614000532339,36.0514751796426 -79.261155050517,36.0511661796312 -79.261485052057,36.0511341797295 -79.2615290441993,36.0494231800611 -79.2615780356886,36.0475671804234 -79.2616380255106,36.0453441808609 -79.261675018285,36.0437711811704 -79.2617090119531,36.042390181444 -79.2617410078776,36.041489181627 -79.2617420077793,36.0414671816316 -79.2612580053233,36.0415081814293 -79.2608929971728,36.0402121815142 -79.260856996371,36.0400851815217 -79.2618040005995,36.0398721819597 -79.2618030001178,36.0397711819785 -79.2619619802096,36.0353561828939 -79.2619729788363,36.0350511829578 -79.2620269722074,36.0335771832682 -79.262052969007,36.0328651834189 -79.2620849649255,36.0319581836109 -79.2620979634442,36.0316271836818 -79.2622139489929,36.0284081843714 -79.2622379460815,36.0277581845121 -79.2623369338082,36.0250181851084 -79.2623809282413,36.0237751853805 -79.2617979250393,36.0238521850012 -79.2620589213225,36.0227231853824 -79.2620969216551,36.0227441854027 -79.2622079225918,36.022798185463 -79.2622929232837,36.0228341855102 -79.2623909240364,36.0228661855663 -79.2624139242154,36.0228741855794 -79.2624179236581,36.0227501856065 -79.2624459202745,36.0219921857746 -79.2624699172757,36.0213211859233 -79.262478916145,36.0210681859794 -79.2625079126115,36.0202761861562 -79.2625659053481,36.01864918652 -79.2626468954369,36.0164241870225 -79.2626788914969,36.0155391872235 -79.2627148870557,36.0145411874509 -79.2627348846244,36.0139941875762 -79.2627368842816,36.013918187593 -79.2627428835762,36.0137591876296 -79.2627568817903,36.0133581877212 -79.2627768794448,36.0128291878434 -79.2628118750322,36.0118371880713 -79.2628168744288,36.0117011881027 -79.2628198741116,36.0116291881197 -79.2628248734802,36.0114871881524 -79.2628298728489,36.0113451881851 -79.2628348722176,36.0112031882179 -79.2628388717387,36.0110951882429 -79.2628408714993,36.0110411882555 -79.2628428712506,36.0109851882685 -79.2628508703071,36.0107721883181 -79.2628618686494,36.010402188402 -79.2629148614129,36.0087791887754 -79.2629668552459,36.0073851891032 -79.2629808535926,36.0070111891915 -79.2630188487665,36.0059231894468 -79.2630258480433,36.0057581894866 -79.2630368433079,36.0047281897078 -79.2630498377558,36.0035201899677 -79.2630628321582,36.00230219023 -79.2630768263633,36.0010401905027 -79.2630888217495,35.9999331905446 -79.2631018246859,35.9987751873302 -79.2631188286418,35.9972131829942 -79.2631298313562,35.9961391800124 -79.2631368328831,35.9955371783419 -79.2631508361375,35.9942511747726 -79.2631588379308,35.993543172808 -79.2631618384522,35.9933391722426 -79.2631678399908,35.9927291705491 -79.2631738414826,35.9921381689086 -79.2631798427704,35.9916301674994 -79.2631808430742,35.9915091671633 -79.2631818434272,35.9913681667715 -79.2631868444429,35.9909681656622 -79.263190845383,35.9905961646299 -79.2631968468421,35.9900181630258 -79.263202848144,35.9895041616001 -79.2632058488734,35.989215160798 -79.2632178516506,35.9881161577489 -79.2632418554043,35.9866511536927 -79.2632498569781,35.986031151974 -79.2632458582963,35.9854831504437 -79.2632648625933,35.9837821457258 -79.2632778655058,35.9826291425282 -79.263277865545,35.9826131424836 -79.2632858674581,35.9818541403782 -79.2632918686813,35.9813711390394 -79.2632918687524,35.9813421389587 -79.2632938692238,35.98115513844 -79.2633038715022,35.9802521359359 -79.2633228759309,35.9784951310634 -79.2633238762485,35.9783681307109 -79.2633428807218,35.976592125786 -79.2633628852581,35.9747921207959 -79.263371887463,35.9739151183639 -79.2633748879741,35.9737141178076 -79.2634028881485,35.9737141178386 -79.264537895144,35.9737441191809 -79.2644938952593,35.9735831186851 -79.2643008957812,35.9728721164958 -79.2641848960929,35.9724471151855 -79.2641318966074,35.9721001141619 -79.2639538976557,35.9712171115075 -79.263862898272,35.9707341100618 -79.2637498990584,35.9701271082456 -79.2636748995804,35.9697251070421 -79.2636268999196,35.9694661062668 -79.2636049000027,35.9693771059941 -79.2635759001116,35.9692601056355 -79.2635699001336,35.9692361055618 -79.263456899787,35.9690961050432 -79.2632758992354,35.96887110421 -79.262920897576,35.9686671032356 -79.2634719014054,35.9684721033234 -79.2635669020659,35.9684381033376 -79.2636599026384,35.9684351034359 -79.2638199043761,35.9681211027459 -79.26398490618,35.967791102018 -79.2639579060383,35.9677821019619 -79.2638649055577,35.9677481017603 -79.2637749051027,35.9677111015538 -79.2636879046783,35.9676691013368 -79.2636469044837,35.9676471012284 -79.263602904276,35.967623101111 -79.2635219039079,35.9675731008785 -79.2634879037804,35.9675411007503 -79.2634389035964,35.9674951005657 -79.2633639033166,35.9674241002816 -79.2632299028177,35.9672970997733 -79.2634589057194,35.9666770983117 -79.2634779059563,35.9666270981945 -79.2634529058032,35.9666280981683 -79.2634709101132,35.9649110934097 -79.2635359245982,35.9591460774407 -79.2635419263446,35.9584460754998 -79.2635449270539,35.9581630747158 -79.2635469275789,35.9579530741338 -79.2635509284748,35.9575960731451 -79.2635539289591,35.9574050726172 -79.2636129420858,35.952171058125 -79.2636169438085,35.9514750561933 -79.263620944571,35.9511720553553 -79.2636359478006,35.9498840517904 -79.2638279495217,35.9496150512872 -79.2641489524103,35.9491580504274 -79.2641829599345,35.946135042071 -79.2641819599849,35.9461120420058 -79.2641209598982,35.9460110416457 -79.2640719598261,35.9459310413595 -79.2640419597018,35.945915041276 -79.2640199596114,35.9459030412139 -79.2638859591117,35.9458090407778 -79.2636799583121,35.9456780401447 -79.2636809585689,35.9455750398595 -79.2636929615019,35.9444000366062 -79.2637729796025,35.9371540165563 -79.2637869825593,35.935971013285 -79.2638179887243,35.9335070064746 -79.2638189888342,35.9334640063565 -79.2638189888952,35.9334390062869 -79.2639229894116,35.9334440064454 -79.2640859901793,35.9334690067416 -79.264375991547,35.933513007267 -79.2640959914375,35.9329720053742 -79.2638249913456,35.9324460035336 -79.2638359938671,35.9314340007345 -79.2640039947309,35.9314260009482 -79.2640269948489,35.9314250009777 -79.2640299950706,35.9313400007457 -79.2640319951827,35.9312980006317 -79.2640359954726,35.9311870003288 -79.2641319960103,35.9311640003999 -79.2641919963478,35.9311490004426 -79.2643209970726,35.9311170005352 -79.2644679979068,35.9310770006309 -79.2643599980698,35.9307859996707 -79.2642799982268,35.930555998919 -79.264188998325,35.9303279981571 -79.2641489983364,35.9302409978589 -79.264018998395,35.9299499968662 -79.263860998146,35.9297289960281 -79.2638770023441,35.9280379913484 -79.2639060096644,35.9250899831926 -79.2639160121522,35.924087980421 -79.2639170122933,35.9240319802668 -79.2639180125002,35.9239489800375 -79.2639290149774,35.9229529772842 -79.2639360167365,35.9222439753231 -79.2639470193489,35.9211919724144 -79.2639510199081,35.9209699718031 -79.2639800268637,35.9181669640533 -79.2640040323449,35.9159589579513 -79.2640130342706,35.9151839558104 -79.2640220367164,35.9141949530749 -79.2640240369248,35.91411295285 -79.2645210391851,35.9141099535999 -79.2646350397044,35.9141089537711 -79.2657580448119,35.914101955465 -79.2659480456232,35.9141229558129 -79.2660660461274,35.9141359560289 -79.2662350470073,35.914087956154 -79.266431048028,35.9140319562984 -79.2666860493531,35.9139599564887 -79.2667870499469,35.9139019564828 -79.2669680510153,35.9137959564668 -79.2671460520689,35.9136899564464 -79.267172052341,35.9136239563041 -79.2671840524655,35.9135939562397 -79.2672170528065,35.913511956064 -79.2672620532788,35.9133969558158 -79.2675870566539,35.912577954057 -79.2677170582239,35.9121539530891 -79.2677340584256,35.9120999529665 -79.2678090593306,35.9118549524074 -79.2679190602005,35.9116919521283 -79.2679680605886,35.911618952003 -79.2684310642459,35.9109289508206 -79.2683260660284,35.9099549479799 -79.2682820667352,35.909564946839 -79.2682720668968,35.9094759465786 -79.2682400674378,35.9091809457174 -79.2679030662405,35.9090589448559 -79.2670830633348,35.9087629427594 -79.2668430624879,35.9086759421441 -79.2659590595604,35.9082789396638 -79.2651680569596,35.907922937438 -79.264826055833,35.9077719364825 -79.2646230551497,35.9076889359335 -79.2640970534418,35.9074499344431 -79.2637680521955,35.9073749337173 -79.2634140511042,35.9071929326538 -79.263060050014,35.9070119315923 -79.2627610490964,35.9068589306947 -79.262461048177,35.9067059297948 -79.2621620472645,35.9065529288959 -79.2618360462831,35.9063819279034 -79.2615090453005,35.9062109269085 -79.2611950443796,35.9060389259306 -79.2608800434549,35.9058679249531 -79.2604160421063,35.9056129235032 -79.2601640414974,35.9054269225818 -79.2600760412855,35.9053619222597 -79.2599120408886,35.9052419216625 -79.2596430402456,35.9050429206761 -79.2593740396081,35.9048429196862 -79.2592620393866,35.9047429192268 -79.2586910384611,35.9041579166703 -79.2583720379735,35.903822915217 -79.2581050375716,35.9035419139977 -79.2577400370314,35.9031569123268 -79.2576260368611,35.9030379118081 -79.2573730366585,35.9027079104699 -79.2570540365043,35.9022559086793 -79.2569130364446,35.902053907881 -79.2566880368163,35.9015559061089 -79.2565130374448,35.9010419043708 -79.2565080380059,35.9008219037396 -79.256528038914,35.9005099028883 -79.2565990399933,35.9002129021624 -79.2566200403047,35.9001279019558 -79.2566740408871,35.8999919016584 -79.2567730419555,35.8997419011116 -79.2569950438501,35.8993699004202 -79.2571360451316,35.8991028998948 -79.2572990466664,35.8987728992278 -79.2574100476896,35.8985558987957 -79.2575250489109,35.8982688981729 -79.257552049199,35.8982008980249 -79.2575800494963,35.8981308978731 -79.2576300500295,35.898004897599 -79.2576390501132,35.8979868975629 -79.2577890514783,35.8976978969927 -79.2578570523387,35.897473896472 -79.2578900531033,35.897231895843 -79.2579460547834,35.8966738943603 -79.2579660554785,35.8964378937272 -79.2579840561185,35.8962198931417 -79.2580010566997,35.8960228926139 -79.2581180585371,35.8954968913233 -79.2581400588824,35.8953978910804 -79.2581530593268,35.895246890676 -79.2582150613272,35.8945718888751 -79.2582570628723,35.8940408874474 -79.2582440645573,35.8933718855391 -79.2581610661888,35.8926178832736 -79.2580800671842,35.8921128817131 -79.2580480675742,35.8919148811007 -79.257943068266,35.8914918797304 -79.2577750686742,35.8910848782984 -79.2573630692198,35.8902668752916 -79.2570200697623,35.8895578727057 -79.2568910699813,35.8892868717199 -79.2567440703315,35.8889408704907 -79.2566150706104,35.8886488694444 -79.2565170710728,35.8883328683825 -79.2564190715369,35.8880168673201 -79.2563350722068,35.8876438661198 -79.2561750733352,35.8869908639951 -79.2561000738313,35.8866978630358 -79.2559590744328,35.8862728615883 -79.2558010747636,35.8859268603348 -79.2556000750203,35.8855498589184 -79.2553990750163,35.8852718577821 -79.2551980750182,35.8849928566422 -79.2549530751806,35.884594855087 -79.2547230751854,35.8842778537869 -79.2545440751793,35.8840358527878 -79.2544800751736,35.8839508524348 -79.2544010751672,35.8838458519986 -79.2542000750713,35.8836088509744 -79.2540660750089,35.8834508502912 -79.2540140749841,35.8833898500269 -79.2538310748776,35.8831828491183 -79.2536480747677,35.8829778482148 -79.2535520747095,35.8828708477423 -79.2532660744031,35.8826018464755 -79.2530080743428,35.882281845111 -79.2527820741939,35.8820378440185 -79.2525550740446,35.8817938429234 -79.2523290738992,35.8815508418323 -79.2521030737598,35.8813068407375 -79.2518600737067,35.8810108394631 -79.251617073655,35.8807158381906 -79.2515880736513,35.8806798380364 -79.2513380736266,35.8803678367016 -79.2510890737358,35.8800108352384 -79.2508240738578,35.8796308336796 -79.250547074064,35.8792078319746 -79.2504320741639,35.8790278312537 -79.2503070742495,35.8788408304946 -79.2499730747669,35.8782838284238 -79.24984007587,35.8779638279543 -79.2497580765436,35.8777688276717 -79.2496910773845,35.8775068271455 -79.2496350781127,35.8772788266798 -79.2495350795911,35.8768088256679 -79.2495300796466,35.876791825636 -79.2495200797577,35.8767578255722 -79.2495030799498,35.8766988254604 -79.2494280807826,35.8764438249821 -79.2494010810886,35.8763498248036 -79.2493810814126,35.8762458245727 -79.2493320821898,35.8759968240235 -79.2493190831484,35.8756648231132 -79.2493180837101,35.8754668225474 -79.2493460841043,35.8753128220093 -79.2494010847386,35.8750598210946 -79.2494310849431,35.8749718207394 -79.2495320854357,35.8747448197425 -79.2496090857177,35.8746048190774 -79.2499780869822,35.873964815978 -79.2501230880852,35.8737158154244 -79.2503310897765,35.8733658147941 -79.2504920912802,35.8730248141054 -79.2505860923139,35.872769813543 -79.2506590933265,35.8724968128911 -79.2507320943436,35.8722218122337 -79.2508120954447,35.8719248115262 -79.2508920965443,35.871627810819 -79.2509510981588,35.8711218094737 -79.2509610991953,35.8707638084641 -79.2509630994009,35.8706928082639 -79.2509531000125,35.8704628075853 -79.250932100762,35.8701708067084 -79.250877101319,35.8699078058524 -79.2508151017642,35.8696768050752 -79.2506931022926,35.8693468039032 -79.2505541026639,35.8690538028056 -79.250414103037,35.8687598017027 -79.2502641032898,35.8684978006729 -79.2500821036197,35.8681727994021 -79.249961103905,35.8679937988537 -79.2497991048402,35.8677477987028 -79.2496851056252,35.8675297984675 -79.249607106159,35.8673817983101 -79.2494241072212,35.8671017981344 -79.2492411082832,35.8668217979591 -79.2490481094193,35.8665207977583 -79.2490051097627,35.8664217976219 -79.2489731100136,35.8663497975252 -79.2489491103121,35.8662567973407 -79.2489251106133,35.8661627971533 -79.248918111362,35.8659017964275 -79.248930112176,35.8656077955414 -79.2489361126538,35.8654357950265 -79.2489451130337,35.8652967945961 -79.2489551131746,35.8652417944036 -79.2489971137493,35.8650167936122 -79.2490511144902,35.8647267925926 -79.2491061152297,35.8644367915693 -79.2491571161279,35.8640927904046 -79.2492091170274,35.8637477892333 -79.2492611179242,35.8634037880648 -79.2493671191603,35.8629117862839 -79.2494251196862,35.8626957854622 -79.2494871201694,35.862492784664 -79.2495861207851,35.8622237835478 -79.2498351216529,35.8617877814315 -79.2502771236422,35.8613007799996 -79.2503971245303,35.8611147796921 -79.2504851252247,35.8609627794221 -79.2504981253316,35.8609387793778 -79.2505781261304,35.8607407789605 -79.2506521268934,35.8605487785493 -79.2507261277652,35.8603177780264 -79.2507721285212,35.8600977774819 -79.2507851292396,35.8598557768115 -79.2507771299401,35.8595977760552 -79.2507501319744,35.8588447738408 -79.2507421324197,35.8586777733458 -79.2506821334368,35.85825277201 -79.2506781334896,35.8582297719362 -79.2506481340198,35.8580097712466 -79.2505911346175,35.8577377703557 -79.2505351352189,35.8574657694665 -79.2504711356402,35.8572497687226 -79.2503901361735,35.856976767782 -79.2502801364489,35.8567657669635 -79.2500901368104,35.8564427656682 -79.2500131369356,35.8563197651657 -79.2499531372226,35.8562247650149 -79.2498581377437,35.8560897649577 -79.2497621382662,35.8559547649041 -79.2496751387416,35.8558317648538 -79.2495941391856,35.8557167648056 -79.2494731397361,35.8555847648482 -79.2491601411419,35.8552497649777 -79.2489651420043,35.8550457650723 -79.2486971429988,35.8548327653963 -79.2484921436578,35.8547057657477 -79.2484731437196,35.8546937657796 -79.2483751440298,35.8546347659526 -79.2482851442717,35.8545957661551 -79.2482161444602,35.8545647663072 -79.248140144659,35.8545337664838 -79.2480861447974,35.8545127666122 -79.2480231449319,35.8544977667893 -79.247684145634,35.8544247677645 -79.2474961459881,35.8543967683413 -79.2472621464264,35.8543627690616 -79.2469911469045,35.8543337699256 -79.2465821476269,35.8542897712291 -79.2463551480294,35.854264771951 -79.2460621485567,35.8542297728749 -79.2458591489354,35.8542007735016 -79.2457751490921,35.8541887737609 -79.2455561495366,35.8541447744006 -79.2454241498058,35.8541177747849 -79.2451731503677,35.8540487754653 -79.2450111507316,35.8540037759031 -79.2449721508197,35.8539927760081 -79.2444751520602,35.8538107772263 -79.2443751523109,35.8537737774705 -79.2441341529116,35.8536857780623 -79.2436101542563,35.8534807793108 -79.2432091552883,35.8533227802637 -79.2430201557734,35.8532487807143 -79.2425821569778,35.853048781678 -79.2423781575439,35.8529537821218 -79.2420411583607,35.8528387829745 -79.2416491591308,35.8527687841481 -79.2411031601596,35.8526867858272 -79.2407481608614,35.852621786886 -79.2407091609409,35.8526137869998 -79.2404201615124,35.8525607878617 -79.2403821615905,35.8525527879721 -79.2402251619439,35.8525087883972 -79.2400091624313,35.8524477889809 -79.2397471631325,35.8523347895784 -79.2396381634214,35.85228878983 -79.2393921640963,35.8521767903747 -79.2391921646449,35.8520857908179 -79.2391401647913,35.8520607909293 -79.2390521650438,35.8520167911132 -79.2387911657941,35.8518857916572 -79.2384461668107,35.8517037923519 -79.2383741670229,35.8516657924969 -79.2382391674228,35.8515937927666 -79.2380771679326,35.8514967930606 -79.2378171687488,35.8513417935344 -79.2377441689962,35.8512917936492 -79.2374991698327,35.8511217940286 -79.237350170453,35.8509787941476 -79.2372531708593,35.8508847942226 -79.2369661720499,35.8506107944566 -79.2368831724189,35.8505227944997 -79.2367661730881,35.8503457944112 -79.2367431732343,35.8503057943792 -79.2367071734587,35.8502447943335 -79.2366821737317,35.8501607941843 -79.2366281743598,35.849965793824 -79.2365971747739,35.8498347935635 -79.23659517516,35.8496987931869 -79.2366011758216,35.8494607924946 -79.2366671765677,35.8491617914191 -79.2367371774038,35.8488287902335 -79.2367881777915,35.8486647895913 -79.2368221780604,35.8485517891529 -79.2368971786075,35.8483187882314 -79.2369751791194,35.8480967873303 -79.2370731797571,35.8478197862033 -79.2371451802552,35.8476057853456 -79.2371651803895,35.8475477851114 -79.2371831805127,35.8474947848983 -79.2372431809212,35.84731878419 -79.2373001816385,35.8470347831872 -79.2373751825973,35.8466557818525 -79.2373981828766,35.8465447814579 -79.2374071833453,35.8463737809433 -79.2374111835677,35.8462927807004 -79.2374161838197,35.8462007804229 -79.2374341851854,35.8457067789643 -79.2374391855755,35.8455657785485 -79.2374291860296,35.8454097781432 -79.2374261861495,35.8453687780381 -79.2374241862651,35.8453287779322 -79.2374071870365,35.8450637772439 -79.237400187351,35.8449557769637 -79.237384187625,35.8448667767689 -79.2373511881998,35.8446797763575 -79.2373041890063,35.844417775784 -79.2373001891755,35.8443597756343 -79.2372991892192,35.8443447755955 -79.2372941894153,35.844277775424 -79.2372921895084,35.8442457753408 -79.2373131894779,35.8442457752665 -79.2373091898359,35.8441207749277 -79.2378241890852,35.8441217731081 -79.237888188998,35.844119772876 -79.2393681868546,35.844117767633 -79.2394901866774,35.8441177672013 -79.2395201866339,35.8441177670951 -79.2415781836541,35.844114759804 -79.2430211815644,35.8441127546919 -79.2433961810256,35.8441107533592 -79.2436961805872,35.8441117523004 -79.2440341800992,35.8441107511015 -79.2443711796099,35.8441107499089 -79.2447091791219,35.84410974871 -79.2450471786311,35.8441097475139 -79.2453841781446,35.8441087463185 -79.2457221776538,35.8441087451224 -79.2460591771673,35.844107743927 -79.2463971766766,35.8441077427309 -79.24673417619,35.8441067415354 -79.2470721756993,35.8441067403393 -79.2474091752128,35.8441057391439 -79.247747174722,35.8441057379478 -79.2480841742355,35.8441047367524 -79.2484221737447,35.8441047355563 -79.2487301733003,35.8441037344635 -79.2487601732568,35.8441037343573 -79.2490971727674,35.8441037331648 -79.2494351722795,35.8441027319658 -79.2497721717901,35.8441027307733 -79.2501101717537,35.8441017302018 -79.2504471726109,35.8441017308808 -79.2507851734734,35.8441007315589 -79.2509011737684,35.8441007317926 -79.2511221743305,35.8441007322379 -79.251460175193,35.844099732916 -79.2517971760501,35.844099733595 -79.253382180076,35.8441017367941 -79.2555111855125,35.8440937410608 -79.2612302000801,35.8440847525583 -79.2614612006701,35.844083753021 -79.2656112112402,35.8440767613633 -79.2657422115733,35.8440767616273 -79.2659752121658,35.8440767620968 -79.2663122130251,35.844075762773 -79.2666502138845,35.8440757634541 -79.2669872147438,35.8440747641304 -79.2673252156056,35.8440737648086 -79.2676622164625,35.8440737654877 -79.2680002173242,35.844072766166 -79.2683372181811,35.844072766845 -79.2686752190428,35.8440717675234 -79.2690122198997,35.8440717682024 -79.2693502207614,35.8440707688807 -79.2695682213202,35.8440687693145 -79.2699412222664,35.8440697700688 -79.2715042262449,35.8440677732128 -79.2717132267785,35.8440667736312 -79.2723882284969,35.8440657749886 -79.2730632302152,35.844064776346 -79.2737382319335,35.8440637777034 -79.2744132336539,35.8440617790581 -79.2750882353722,35.8440607804156 -79.2757632370903,35.8440597817731 -79.2759292375249,35.8440537820914 -79.2764722388949,35.844058783199 -79.2769512401147,35.8440577841615 -79.2769992402368,35.8440577842583 -79.2770952404808,35.8440577844517 -79.2778762424704,35.8440557860201 -79.27876824474,35.8440547878149 -79.2795672467752,35.8440527894196 -79.2800352479669,35.84405179036 -79.2887532701564,35.844035807886 -79.2905492747262,35.8440328114975 -79.2915232772034,35.8440318134578 -79.29378128295,35.8440268179953 -79.2945772849745,35.8440258195969 -79.2954902872979,35.8440238214318 -79.2962412892079,35.8440228229427 -79.2966392902208,35.8440218237422 -79.2979372935237,35.8440188263505 -79.2994092972686,35.8440158293095 -79.3002622994375,35.844014831026 -79.3012263018898,35.8440128329638 -79.3019163036444,35.8440118343519 -79.3024663050433,35.8440108354579 -79.3049853114514,35.8440048405197 -79.3052643121603,35.844004841082 -79.3054103125313,35.8440048413762 -79.3068873162876,35.8440018443456 -79.3074073176099,35.8440008453911 -79.307614318137,35.8439998458059 -79.3077263184216,35.8439998460316 -79.3079013188662,35.8439998463843 -79.3085063204056,35.8439978475987 -79.3086663208121,35.8439978479212 -79.3087433210077,35.8439978480764 -79.3087693210738,35.8439978481288 -79.3089773216034,35.8439968485455 -79.3098023237004,35.8439958502059 -79.3112123272847,35.8439938530428 -79.3119363291272,35.8439908544947 -79.3128973315705,35.8439888564268 -79.3134463329662,35.8439878575309 -79.313827333934,35.8439878582988 -79.3141663347962,35.8439868589796 -79.3145673358158,35.8439858597854 -79.3149493367872,35.843984860553 -79.3153263377458,35.8439838613104 -79.315617338485,35.8439838618969 -79.3170783421989,35.8439808648345 -79.3189823470387,35.8439768686626 -79.319307347865,35.8439758693153 -79.3208093516824,35.8439728723356 -79.3211913526534,35.8439718731032 -79.321913354488,35.8439708745562 -79.3221443550754,35.8439698750194 -79.3260663650417,35.8439618829061 -79.3285853714423,35.8439558879698 -79.3287593718842,35.8439558883206 -79.3289513723723,35.8439548887052 -79.329058372644,35.8439548889209 -79.3293263733246,35.8439548894611 -79.3302613757011,35.8439508913367 -79.3318633797699,35.8439488945614 -79.3330493827822,35.8439468969476 -79.3333363835114,35.8439458975238 -79.3363733912252,35.84393890363 -79.3392623985618,35.8439329094404 -79.3417474048718,35.8439269144366 -79.3462564163191,35.8439159235023 -79.3494504244262,35.8439089299263 -79.3494634244592,35.8439089299525 -79.3500484259439,35.8439069311276 -79.3501914263032,35.843704930976 -79.3502584264709,35.8436049308935 -79.3503214266281,35.8435039308008 -79.3503844267849,35.8434009307038 -79.3504444269338,35.843298930603 -79.3505134271044,35.8431759304748 -79.3506304273916,35.8429339301851 -79.3507544276947,35.842692929912 -79.3508824280062,35.8424539296518 -79.3511364286206,35.8420109292046 -79.3514594293961,35.8415109287757 -79.3517924301871,35.8410139283759 -79.3521764310896,35.8404669279742 -79.3522434312456,35.8403689278988 -79.3523064313911,35.8402659278046 -79.3523364314601,35.8402139277534 -79.3523914315857,35.8401119276451 -79.3524434317034,35.8400059275222 -79.3524674317573,35.8399529274567 -79.3524904318086,35.8398989273869 -79.3525324319013,35.8397909272393 -79.3525714319858,35.8396749270684 -79.3534724336669,35.8351949192579 -79.3535004337155,35.8350559190166 -79.3543984351335,35.8304299109442 -79.3547664356472,35.8285399076653 -79.3547774356626,35.8284879075771 -79.3547954356847,35.8283819073879 -79.3548094356987,35.8282789071966 -79.3548154357018,35.8282159070742 -79.3548184357017,35.8281729069883 -79.3548234356963,35.8280669067716 -79.354823435688,35.8280109066514 -79.3548134356079,35.8276139057784 -79.3547244353067,35.8268189038827 -79.3545904348604,35.8256189010201 -79.3545854348457,35.8255869009407 -79.3545794348242,35.8255209007861 -79.3545744348004,35.8254239005671 -79.3545754347931,35.8253589004297 -79.3545774347927,35.8253279003674 -79.3545784347899,35.8252939002966 -79.354584434793,35.8252309001742 -79.3545934348017,35.825165900054 -79.3546064348181,35.8250978999359 -79.3546214348385,35.8250308998243 -79.3553704359645,35.8227688965889 -79.3556044362965,35.8220618955823 -79.3560704369294,35.8206528935823 -79.3564824374679,35.81945789193 -79.3569914380946,35.8179818898989 -79.3571264382791,35.8177088896142 -79.3573854386502,35.8172888892903 -79.3577834392077,35.8166398887877 -79.3581684397336,35.816014888311 -79.3583094399074,35.8157238880056 -79.3583234399143,35.8156538878881 -79.3583384399166,35.8155588877198 -79.3583444399153,35.8155118876334 -79.3583544399084,35.8154148874498 -79.3583574399018,35.8153678873568 -79.3583604398715,35.8152258870623 -79.358359439858,35.8151788869604 -79.3583564398409,35.815130886852 -79.3583124396643,35.8147248858933 -79.3582484394079,35.8141288844868 -79.3582254393368,35.8139978841578 -79.3582134392983,35.813923883974 -79.3582044392652,35.8138508837991 -79.3581964392336,35.8137768836243 -79.3581904392054,35.8137028834539 -79.3581854391786,35.8136278832836 -79.3581824391555,35.8135538831199 -79.3581804391338,35.8134788829563 -79.3581804391156,35.8134048827993 -79.3581844390858,35.8132558824921 -79.358189439076,35.8131818823462 -79.3582044390644,35.8130328820635 -79.3582134390612,35.8129588819266 -79.3582374390645,35.8128108816662 -79.3582514390699,35.8127388815447 -79.358267439078,35.8126648814235 -79.3583044391028,35.8125188811965 -79.3583244391178,35.8124468810885 -79.3585484393395,35.8118728803728 -79.3587124395116,35.811507879967 -79.3592754400765,35.8102558785824 -79.3600294407775,35.8086028767936 -79.360543441214,35.8074738755797 -79.3612764417802,35.8058658738668 -79.3614154418564,35.8054908733967 -79.3614944418642,35.8051768729182 -79.361585441872,35.8048168723709 -79.362070441746,35.8025148686591 -79.3625184415764,35.8003968652618 -79.3626414415209,35.7998168643345 -79.3626944414935,35.7995608639225 -79.362978441344,35.7982168617763 -79.3632654411694,35.7968548596048 -79.3638154407749,35.7942498554694 -79.3639984406845,35.793526854397 -79.3640224406851,35.7934638543228 -79.3641104406897,35.7932398540652 -79.3642564407344,35.7929628538352 -79.364992441046,35.7918438532598 -79.3650754410647,35.7916868531318 -79.3651254410709,35.7915818530331 -79.3651714410714,35.7914738529187 -79.3651924410694,35.7914198528569 -79.3652264410631,35.7913258527431 -79.3652464410532,35.7912568526477 -79.3652734410358,35.7911548525007 -79.3652874410164,35.7910788523766 -79.3653024409837,35.7909708521886 -79.3653084409527,35.7908878520309 -79.3654774402068,35.7888528482198 -79.3654854401878,35.7887938481169 -79.3655014401626,35.7887038479689 -79.3655154401499,35.7886458478824 -79.3655324401396,35.7885868478011 -79.365561440129,35.7885018476948 -79.3655854401266,35.7884458476365 -79.3655964401239,35.7884168476029 -79.3656144401239,35.7883788475675 -79.3656544401266,35.7883008475023 -79.3657094401348,35.7882038474338 -79.3657294401405,35.7881748474219 -79.3657494401454,35.7881438474059 -79.3657924401578,35.7880818473811 -79.3658374401738,35.7880238473694 -79.3659104402027,35.7879368473651 -79.3665494404792,35.7872558474981 -79.3671824407241,35.7865718476165 -79.3690534412994,35.7845418479847 -79.3694834413612,35.784004847933 -79.3696274413258,35.7837318477261 -79.3696694412977,35.7836218476038 -79.3696914412798,35.7835588475289 -79.3697324412408,35.7834318473696 -79.3697504412177,35.7833658472788 -79.3697824411691,35.7832358470915 -79.3697964411432,35.783170846993 -79.3698204410878,35.7830408467863 -79.3701864401077,35.780863843243 -79.3700974400273,35.7808398429754 -79.3699164398704,35.7808018424532 -79.3697784397545,35.7807788420672 -79.3695934396055,35.7807588415718 -79.3694534394964,35.7807498412094 -79.3693194393957,35.780747840876 -79.3692584393515,35.7807498407302 -79.369078439225,35.7807628403145 -79.369017439183,35.7807688401768 -79.3689584391435,35.7807768400482 -79.3688984391022,35.7807828399131 -79.3688384390636,35.7807938397882 -79.368779439024,35.7808018396596 -79.3686864389641,35.7808188394659 -79.3674694381822,35.7810638369798 -79.3665874376057,35.7812428351837 -79.3662204373426,35.7812738343471 -79.3661474372859,35.7812708341618 -79.3660044371733,35.7812618337923 -79.365861437058,35.7812468334104 -79.365673436902,35.781216832887 -79.3655794368223,35.781197832617 -79.3653514366235,35.7811388319352 -79.3652614365427,35.7811098316541 -79.3652174365024,35.781093831513 -79.3650614363551,35.781025830989 -79.3649804362781,35.7809888307133 -79.3648994362003,35.7809498304335 -79.3647414360471,35.7808688298773 -79.3646634359709,35.7808268295985 -79.3645104358195,35.7807388290397 -79.3643614356702,35.7806468284823 -79.3642884355961,35.7805988282031 -79.3642174355237,35.7805508279287 -79.3630874344039,35.7798048235929 -79.3624274337716,35.7793678210523 -79.3621694335292,35.7791978200598 -79.3610974325359,35.7784528158483 -79.3609374323991,35.7783648152675 -79.3608014322849,35.7782948147837 -79.3606634321703,35.7782258142971 -79.3605254320568,35.7781588138144 -79.3603854319431,35.7780938133309 -79.3602434318292,35.7780308128466 -79.3601004317158,35.7779698123638 -79.3593594311509,35.7777078099747 -79.3553664283573,35.7766617978375 -79.3538534273478,35.7761587929937 -79.3537234272634,35.7761177925818 -79.3535584271578,35.7760757920805 -79.3533904270514,35.7760397915846 -79.3532204269447,35.7760097910965 -79.3530494268385,35.7759877906232 -79.352912426754,35.7759737902518 -79.3527704266668,35.7759627898743 -79.3526284265801,35.7759567895077 -79.3524864264938,35.7759547891496 -79.3522734263648,35.7759587886277 -79.3511854257092,35.7760567861304 -79.3502294251284,35.7761577839698 -79.3492744245426,35.7762737818457 -79.3454674221618,35.7765907730722 -79.3434204208427,35.7768217684965 -79.342719420392,35.7768637668483 -79.34112241937,35.7769137629926 -79.3400364186667,35.7769687604184 -79.3384404176032,35.7771247568068 -79.3381854174345,35.7771417562122 -79.3379914173073,35.7771507557509 -79.3377974171811,35.7771567552829 -79.3376034170554,35.7771607548104 -79.337410416931,35.7771627543358 -79.3372164168077,35.7771597538474 -79.3370224166852,35.7771547533544 -79.3366274164365,35.7771427523466 -79.3356254158083,35.7771087497815 -79.3354074156721,35.777100749222 -79.3340734148393,35.7770557458068 -79.3308064128133,35.7769467374421 -79.3307724127944,35.7769417373461 -79.3307064127563,35.776934737166 -79.3306564127289,35.7769267370232 -79.3306054127003,35.7769197368804 -79.3305554126729,35.7769117367376 -79.3304554126199,35.7768927364452 -79.3302574125208,35.7768447358421 -79.330160412475,35.7768167355362 -79.329838412329,35.7767147344994 -79.3278984115586,35.7759867279786 -79.3276984114762,35.7759237273334 -79.3275484114123,35.7758807268593 -79.3274014113473,35.7758427264042 -79.3273204113105,35.775823726158 -79.3272434112736,35.7758087259311 -79.3271674112386,35.7757917257019 -79.3270894112006,35.7757777254748 -79.3261934107493,35.7756457229323 -79.3257094105013,35.7755847215824 -79.3252234102503,35.7755287202388 -79.3247374099953,35.7754807189137 -79.3246064099168,35.7754817185894 -79.3242404097019,35.7754787176694 -79.3224594085416,35.7756137135474 -79.3219044082111,35.7756127121613 -79.3216294080716,35.7755817114019 -79.3200204073486,35.7753007067187 -79.3173344062006,35.7748296988821 -79.3171074061015,35.774795698233 -79.3162484057319,35.7746656957725 -79.3156604053958,35.7746666943049 -79.3155724053398,35.7746726940995 -79.3154844052819,35.7746806938988 -79.3152214051026,35.774710693314 -79.3149604049132,35.774751692761 -79.3147894047816,35.7747856924161 -79.3146124046404,35.7748256920708 -79.3126984030514,35.7752926884276 -79.3125894029653,35.7753136882068 -79.3125364029257,35.7753216880941 -79.3124814028817,35.7753326879837 -79.3124274028414,35.7753406878685 -79.3122074026863,35.7753646873782 -79.3121514026491,35.7753686872482 -79.3120964026156,35.7753696871134 -79.3120404025782,35.7753736869835 -79.3119304025101,35.7753766867164 -79.3117634024148,35.7753736862924 -79.311560402308,35.7753616857566 -79.3110484020673,35.7753056843418 -79.3105554019148,35.7751816828072 -79.3098344017519,35.7749526804441 -79.3084434014655,35.7745096758756 -79.3083164014335,35.774475675474 -79.3081894013959,35.7744466750847 -79.3080604013598,35.7744156746854 -79.3078024012751,35.7743646739138 -79.3076714012302,35.7743406735266 -79.3075414011835,35.7743186731469 -79.3073074010945,35.7742836724746 -79.3066554008068,35.7742206706866 -79.3038583994077,35.7740976633781 -79.3025053987895,35.7739996597443 -79.301153398211,35.7738786560532 -79.2994773975409,35.7737046514136 -79.299462397537,35.7737016513684 -79.2988773973608,35.7736036496535 -79.2976743971126,35.773331645945 -79.2975323970991,35.7732896454818 -79.2973923970916,35.7732446450159 -79.2972533970878,35.7731976445473 -79.2971153970895,35.7731476440735 -79.2969783970935,35.7730966435995 -79.2967633971066,35.7730126428454 -79.2967063971129,35.772988642641 -79.2964403971491,35.7728726416767 -79.296308397173,35.7728116411893 -79.2960573972302,35.7726886402441 -79.2956773973811,35.7724626387107 -79.2949483978666,35.7719116354645 -79.2939413986378,35.7711106308685 -79.2938043987479,35.7710006302398 -79.2933003989497,35.7707276282639 -79.2928283989916,35.7705676266584 -79.2927043989887,35.7705346262597 -79.2925803989795,35.7705056258713 -79.2925613989758,35.7705026258155 -79.2923903989538,35.7704686252953 -79.2922633989292,35.7704486249225 -79.2920703988799,35.7704256243749 -79.2919413988383,35.7704156240227 -79.2918253987976,35.7704086237112 -79.2872303973759,35.77004661114 -79.2871963977067,35.7698516105434 -79.2871763979144,35.7697296101733 -79.287159398127,35.7696056098056 -79.2871453983375,35.7694836094507 -79.2871343985529,35.7693596090981 -79.2871253987692,35.7692356087506 -79.2871193989868,35.7691116084107 -79.2871143994249,35.7688636077486 -79.2871383999705,35.7685616070188 -79.2874274038064,35.7664546022412 -79.2874364040407,35.7663236019215 -79.2874404041939,35.7662376017067 -79.2874414044874,35.766071601275 -79.2874394046351,35.7659876010501 -79.2874304049271,35.7658206005902 -79.2874134052167,35.7656536001097 -79.2874024053599,35.7655705998643 -79.2873784056122,35.7654235994181 -79.2873664057164,35.7653625992278 -79.2873464058624,35.7652765989514 -79.2873214060228,35.7651815986386 -79.2873034061254,35.7651205984328 -79.2872644063262,35.7650005980186 -79.2872434064245,35.7649415978103 -79.2872204065224,35.7648825975968 -79.2871714067173,35.764764597162 -79.2871444068107,35.7647075969434 -79.286941407411,35.7643375954525 -79.286625408109,35.7638985934888 -79.2864574085095,35.7636505924056 -79.286294408919,35.7633995913269 -79.2861364093338,35.7631475902579 -79.2859574100534,35.7627255886876 -79.2859414101509,35.7626695884992 -79.2859144103492,35.7625565881326 -79.2859024104532,35.7624975879466 -79.2858924105542,35.762440587771 -79.2858744107583,35.7623255874224 -79.2858624109639,35.7622105870892 -79.2858544111704,35.7620955867664 -79.2858524114851,35.7619215863041 -79.285854411587,35.7618655861621 -79.2858674120133,35.761631585581 -79.2859834158008,35.7595485804109 -79.2859804160281,35.7594225800722 -79.2859774161705,35.7593435798568 -79.285972416309,35.7592665796416 -79.2859654164509,35.7591875794158 -79.2859564165889,35.7591105791901 -79.2859454167304,35.7590315789539 -79.2859334168681,35.7589545787203 -79.285920417004,35.7588785784868 -79.2859054171415,35.7588015782453 -79.2858884172789,35.7587245779987 -79.285869417416,35.7586475777468 -79.2858284176867,35.7584955772403 -79.285543418838,35.7578455747866 -79.2841254239101,35.7550485636929 -79.2840354243151,35.75483056288 -79.2839194248424,35.7545475618266 -79.2838174254574,35.7542185606882 -79.2837884256559,35.7541125603316 -79.2837504259352,35.7539635598375 -79.2837144262147,35.7538145593486 -79.2836824264963,35.7536645588676 -79.28365442678,35.7535135583944 -79.28362842706,35.7533645579318 -79.2836064273457,35.7532125574718 -79.2835874276297,35.7530615570223 -79.2835674281051,35.7528085563006 -79.2835584284227,35.75263955583 -79.2835534287363,35.7524725553753 -79.2835514290535,35.7523035549233 -79.2835534293648,35.7521375544898 -79.2835574295465,35.752040554244 -79.2834084295875,35.7520245538056 -79.2832324296438,35.752001553277 -79.2831454296691,35.7519915530193 -79.282895429792,35.7519365522091 -79.2827484298241,35.7519255517891 -79.2825864298288,35.751929551369 -79.2824374298192,35.751940551002 -79.2821334298193,35.7519525502256 -79.2820664298262,35.7519515500448 -79.2819654298243,35.7519565497896 -79.2818844298496,35.7519465495477 -79.281736429882,35.751935549125 -79.281615429955,35.7519025487156 -79.2814934300592,35.751853548261 -79.2813934301542,35.7518085478754 -79.2812374302929,35.7517435472877 -79.2811504303777,35.7517035469498 -79.2810014304855,35.751654546423 -79.2809274305854,35.7516065460984 -79.2807664306891,35.7515605455475 -79.2806644307391,35.7515395452201 -79.280570430865,35.7514795448101 -79.2804964309265,35.7514515445385 -79.2804014310452,35.7513955441364 -79.2803144310826,35.7513805438647 -79.2802334311137,35.751368543617 -79.2801264311453,35.7513575433028 -79.2800314311877,35.7513405430045 -79.2799634312137,35.7513305427967 -79.2798554312218,35.7513315425118 -79.2797744312314,35.7513305422934 -79.2796734312626,35.7513195419951 -79.2795524313396,35.7512865415847 -79.2794514314369,35.7512425411982 -79.2793504315124,35.751209540841 -79.2792294315901,35.7511765404304 -79.279107431592,35.7511815401188 -79.2790144316452,35.7511595398122 -79.2789664317362,35.7511165395693 -79.2787974317851,35.7511005390762 -79.2786294316164,35.7511925388749 -79.2785544317226,35.7511435385439 -79.2784734318417,35.7510885381807 -79.2783874319535,35.7510375378149 -79.2782994321285,35.7509555373606 -79.278198432283,35.7508845369011 -79.2780704324836,35.7507925363131 -79.2779484327126,35.7506865357034 -79.2778884328313,35.7506315353958 -79.2777664330451,35.7505335348074 -79.2777264333193,35.7504015343463 -79.2776184335326,35.7503035337949 -79.2775914336934,35.7502265335161 -79.2775914338448,35.7501525333174 -79.277588434017,35.7500685330838 -79.277535434159,35.750002532765 -79.2774674346222,35.749904532878 -79.2774274349739,35.7498315330086 -79.2773464355353,35.74971553317 -79.2772994359498,35.7496295333248 -79.2772714362669,35.7495635334653 -79.2772384370879,35.7493915339379 -79.2772114373148,35.7493445340194 -79.2771844376129,35.7492825341499 -79.2771384381653,35.7491675344031 -79.2771444384541,35.7491065346179 -79.2771514392557,35.7489375351874 -79.2771514396308,35.7488585354449 -79.2771454399925,35.7487825356769 -79.2771514403573,35.7487055359438 -79.2771524410647,35.7485565364322 -79.2771444414267,35.748480536659 -79.277152441739,35.7484145368952 -79.2771654424066,35.7482735373889 -79.277198442829,35.7481835377684 -79.2772134431924,35.7481065380585 -79.2772404435824,35.7480235383992 -79.2772474439659,35.7479425386813 -79.2772474446685,35.7477945391634 -79.2772614451364,35.7476955395221 -79.2772814457125,35.7475735399713 -79.277261446366,35.7474365403656 -79.2772544467754,35.7473505406276 -79.2772144477787,35.7471405412086 -79.2771954481188,35.747069541391 -79.2771464486205,35.746965541604 -79.2771264489893,35.7468885418038 -79.2770734494918,35.746784542007 -79.2770264499221,35.7466955421771 -79.2769524503997,35.7465975423078 -79.2769054509348,35.7464865425505 -79.2768584513321,35.7464045426986 -79.2768234517038,35.7463275428613 -79.2767914520227,35.7462615429958 -79.2767634524979,35.7461625432485 -79.2767374527637,35.7461075433625 -79.2767104530581,35.7460465434938 -79.276656453381,35.7459805435729 -79.2765814539689,35.7458595437796 -79.2765214544975,35.7457505439854 -79.2764274553553,35.7455735443291 -79.2763464560686,35.7454265446081 -79.2763054565514,35.7453265448338 -79.2762314570544,35.7452235449868 -79.2761454575122,35.7451305450773 -79.2760974579205,35.7450465452338 -79.2760634581883,35.74499154533 -79.2759894585157,35.7449255453626 -79.2759154587623,35.7448765453393 -79.27584845896,35.7448375453008 -79.275773459364,35.7447555453847 -79.2756984599539,35.744634545598 -79.2756534603527,35.7445525457575 -79.2756064609091,35.7444375460215 -79.2755994614058,35.7443335463487 -79.2756134616699,35.7442775465689 -79.275646461921,35.7442235468295 -79.275727462144,35.7441735471955 -79.2757884623659,35.7441245475085 -79.2758354625475,35.744084547757 -79.2758964627693,35.7440355480696 -79.2759704632218,35.7439375485758 -79.27601146379,35.7438165490762 -79.276010464209,35.743728549364 -79.2759984645968,35.7436475496017 -79.2759904649981,35.7435635498593 -79.27597746531,35.7434985500419 -79.2759704656256,35.7434325502425 -79.2758974660063,35.743355550318 -79.2757814662099,35.7433175501598 -79.2757024663063,35.7433005500228 -79.2756064665156,35.7432605499206 -79.2755124666341,35.7432395497604 -79.2754304667312,35.7432225496165 -79.2753504668708,35.7431965495075 -79.2752024670953,35.7431555492825 -79.2751014672726,35.7431225491458 -79.2747034679238,35.7430025485762 -79.2746084680667,35.7429765484318 -79.2745214682225,35.7429475483172 -79.2744134684015,35.742914548165 -79.2743124687082,35.7428545481207 -79.2742384690383,35.7427885481626 -79.2741644693397,35.7427285481846 -79.27409046967,35.7426625482271 -79.274029469926,35.7426115482509 -79.2739684702203,35.7425525483019 -79.2737194713036,35.7423365484287 -79.2736254717915,35.7422385485331 -79.2735644719906,35.742199548518 -79.2734364726198,35.7420735486364 -79.2734094728647,35.7420235487409 -79.2733554732444,35.7419465488721 -79.2732884735885,35.7418775489453 -79.2732744736585,35.7418635489593 -79.2731514741246,35.7417715489769 -79.2730994743223,35.7417325489849 -79.2730324745997,35.7416775490117 -79.2729644749302,35.7416115490736 -79.2728844752105,35.7415565490699 -79.2728514753373,35.7415315490763 -79.2728234754534,35.7415085490878 -79.2726884759565,35.7414095491036 -79.2726214762344,35.7413545491318 -79.2725674764329,35.7413155491366 -79.2725004766055,35.74128254909 -79.2724314768073,35.7412435490594 -79.2723724769542,35.741215549015 -79.2722844771507,35.7411785489328 -79.2722104773777,35.741134548908 -79.2720944776714,35.741078548825 -79.2720224778454,35.7410455487677 -79.2719604779692,35.7410225486999 -79.2719004781406,35.7409895486712 -79.2718334782896,35.7409615486089 -79.2716974785209,35.7409195484318 -79.2715774787393,35.740879548286 -79.2714014790948,35.7408135480981 -79.2712994792758,35.7407805479714 -79.2712254793738,35.7407635478556 -79.2711644794881,35.7407425477844 -79.2710374798045,35.7406825476929 -79.2709154801007,35.7406265475997 -79.2708624802664,35.7405945475861 -79.2707814804238,35.7405655474963 -79.2706924806552,35.7405215474399 -79.2706464808723,35.7404785474815 -79.2705724811198,35.7404305474747 -79.2704644814664,35.7403635474548 -79.2703694817235,35.7403145474029 -79.2702884819872,35.7402635473912 -79.2700524826954,35.7401275473145 -79.2699584829624,35.7400765472734 -79.2698164834957,35.7399725473066 -79.2696284844063,35.7397925475008 -79.2695614847206,35.7397305475629 -79.2694934852088,35.7396325477498 -79.269420485544,35.7395665478129 -79.2693584858044,35.7395155478488 -79.2693114861771,35.7394405480043 -79.269278486426,35.7393905481043 -79.2692304868666,35.7393015483073 -79.2692174871639,35.7392405484926 -79.2692244874228,35.7391865486993 -79.2692114879566,35.7390765490575 -79.2691904882801,35.7390105492422 -79.2691444885757,35.7389515493447 -79.2690904888539,35.738896549415 -79.269049489105,35.7388465494975 -79.2689754895185,35.7387645496178 -79.2689224898305,35.7387025497158 -79.2688214904052,35.7385885498883 -79.2687464908193,35.7385065500076 -79.2686734912137,35.7384285501177 -79.2686044915734,35.7383575502123 -79.268531491968,35.7382795503231 -79.2684564924019,35.7381935504582 -79.2684024926616,35.7381425505169 -79.2683084931342,35.7380495506345 -79.2682684933906,35.7379985507254 -79.2682074937682,35.7379235508545 -79.2680534944157,35.7377975509556 -79.2679794947533,35.7377315510241 -79.2678564951323,35.7376595510039 -79.2677964953601,35.737615551026 -79.2677354955642,35.7375765510282 -79.2676754957341,35.7375445510077 -79.2676004959998,35.7374935510217 -79.2674874964833,35.7373995511048 -79.2673714966433,35.7373725509413 -79.2672974966088,35.7373835507357 -79.2672234963852,35.7374335503897 -79.2671494962973,35.7374555501443 -79.2670144960115,35.7375215496031 -79.2669264959318,35.7375425493293 -79.2668194958472,35.7375655490055 -79.2667104957484,35.7375915486662 -79.2665954956124,35.7376255482842 -79.2664884954596,35.7376625479091 -79.2664074953974,35.7376795476649 -79.2662994952594,35.737713547298 -79.2661974952363,35.7377235470315 -79.2661234952499,35.7377245468609 -79.2660224952799,35.7377235466366 -79.2659284953325,35.7377175464464 -79.2658064954698,35.7376955462513 -79.2656724957996,35.7376345461716 -79.2655704960633,35.7375855461208 -79.265469496356,35.7375305460944 -79.2653414966264,35.7374815459858 -79.2652464968108,35.7374485458931 -79.2651594969932,35.7374155458186 -79.2650654971239,35.7373935456882 -79.2648834973548,35.7373555454192 -79.2648024975165,35.7373265453441 -79.2646744976219,35.7373115451122 -79.2645994976701,35.7373055449662 -79.2644444978701,35.7372725447404 -79.2643504980011,35.737250544611 -79.264249498134,35.737228544466 -79.264128498272,35.7372065442764 -79.2640264984344,35.7371785441518 -79.2639114986295,35.7371445440206 -79.2636874989207,35.7370965436979 -79.2636294989941,35.7370845436128 -79.2635544990718,35.7370725434899 -79.2634734991998,35.7370505433908 -79.2634054993734,35.7370185433581 -79.2633264996085,35.7369745433458 -79.2632644998392,35.7369305433716 -79.263169500264,35.736848543466 -79.2630895006119,35.7367815435382 -79.2630155009534,35.7367155436204 -79.2629685012,35.7366675436955 -79.2628875014702,35.7366165437065 -79.26280650176,35.7365615437328 -79.2627395019583,35.7365245437229 -79.2625765022991,35.7364635435907 -79.2624425024466,35.7364405433806 -79.2623215024538,35.736445543094 -79.2622275021848,35.73650554266 -79.2620185015591,35.7366445416725 -79.2618825012517,35.7367145411062 -79.2617935010839,35.736753540761 -79.2616935008404,35.7368085403305 -79.261591500705,35.7368415399785 -79.2615175005869,35.7368695397076 -79.2614305004819,35.7368955394152 -79.261355500364,35.7369235391418 -79.261288500244,35.7369515388861 -79.2612075002354,35.7369575386826 -79.2610995001406,35.7369825383466 -79.2609845001455,35.736987538071 -79.2608765000898,35.7370045377652 -79.2607485000687,35.7370155374375 -79.2606205000966,35.7370165371479 -79.2605135000994,35.7370215368899 -79.2603165001204,35.737027536427 -79.2602165001165,35.7370335361807 -79.2601005001561,35.7370315359294 -79.2597445003357,35.7370135352037 -79.2596765003728,35.7370095350673 -79.2595615003973,35.7370105348067 -79.2594735005084,35.7369925346797 -79.2593995006307,35.7369715345957 -79.2593265008216,35.7369365345681 -79.2592515010426,35.7368955345594 -79.2591775013914,35.7368285346537 -79.2590815018001,35.736750534742 -79.2589285024848,35.7366195349098 -79.2588675028257,35.7365535350304 -79.258799503193,35.7364825351553 -79.258752503427,35.736437535226 -79.258686503661,35.7363935352509 -79.2586315038922,35.7363495353003 -79.2585505040515,35.7363215352303 -79.2584295041375,35.7363105350058 -79.2583415041015,35.7363225347647 -79.2582475037514,35.7363985342606 -79.2582065028648,35.7365805334597 -79.258131502401,35.7366785329108 -79.2580785022174,35.7367185326368 -79.2579975019671,35.7367735322418 -79.2576055009083,35.7370085304481 -79.257355500355,35.7371335293987 -79.2572815002108,35.7371665291033 -79.2571935001196,35.7371895288159 -79.2571125000908,35.7371995285952 -79.2570045000145,35.7372205282706 -79.2569114999195,35.7372445279677 -79.2568024998681,35.7372605276603 -79.256519499836,35.737281526943 -79.2564044998404,35.7372865266654 -79.2562704998397,35.7372935263372 -79.2561404998826,35.7372915260537 -79.2559124999107,35.7372975255187 -79.2557634999484,35.7372975251846 -79.2556414998654,35.7373205248193 -79.2555614997022,35.7373575244922 -79.2554594995644,35.7373905241315 -79.2553924994425,35.7374185238691 -79.2553324991254,35.7374855234664 -79.2553044987011,35.7375725230554 -79.2552304981195,35.7376935224045 -79.2550674978129,35.7377635217562 -79.2549054978235,35.7377695213664 -79.2547984978253,35.7377745211047 -79.2546504978373,35.7377795207504 -79.2544204976213,35.7378345200093 -79.254359497393,35.7378835196738 -79.2542994971893,35.7379275193606 -79.2542114968582,35.7379985188747 -79.2541304965153,35.7380715183963 -79.2540624962338,35.7381315179995 -79.2539544958775,35.7382085174428 -79.253866495546,35.7382795169553 -79.2537854949639,35.7384005162808 -79.2537724946985,35.7384545160323 -79.2537454944066,35.7385145157275 -79.2536494939323,35.7386145151027 -79.2535964937013,35.7386635147826 -79.2535424935501,35.7386965145251 -79.2534744933225,35.7387455141704 -79.2534214931162,35.7387895138701 -79.253319492837,35.7388505133881 -79.253258492742,35.7388725131586 -79.2531504925486,35.7389165127315 -79.2529614924192,35.7389515121546 -79.2528624924278,35.7389545119149 -79.2527464925401,35.7389375117177 -79.2526244927036,35.7389105115479 -79.2525434928974,35.7388755115051 -79.2524164932518,35.73881051148 -79.2523224935735,35.7387505115105 -79.2522064939555,35.7386795115362 -79.2520844945686,35.7385625117377 -79.2519574951133,35.7384595118712 -79.2518694957137,35.738343512148 -79.2518164961709,35.7382545123938 -79.251755496755,35.7381405127248 -79.2517074972312,35.7380475129992 -79.2516614975272,35.7379905131299 -79.2516144977785,35.7379425132214 -79.2515804981166,35.7378765134168 -79.2515264985945,35.7377835136786 -79.251473499487,35.7376075142858 -79.2514605001247,35.7374805147811 -79.2514265011275,35.7372815155268 -79.2514185016442,35.7371785159345 -79.2513855021772,35.7370735162946 -79.2513735024851,35.7370125165199 -79.2513385030137,35.7369085168718 -79.2513265035115,35.7368095172544 -79.2512985039835,35.7367165175767 -79.2512865043915,35.7366355178851 -79.2512595047283,35.7365695180982 -79.2512385051186,35.7364925183703 -79.2512125055453,35.7364085186604 -79.2511845059375,35.7363315189172 -79.2511645064827,35.7362235193202 -79.2511515070159,35.7361175197304 -79.2510845076386,35.7359965200842 -79.2509845086503,35.7357995206813 -79.250922509112,35.7357105209147 -79.2507945099318,35.7355535212865 -79.2507215103218,35.7354795214347 -79.2506465108324,35.7353815216786 -79.2505855113695,35.7352775219785 -79.2505395117924,35.7351955222197 -79.2504785123097,35.7350955225037 -79.2502775147283,35.7346235240365 -79.2501705159952,35.7343765248373 -79.2501295165277,35.7342725251837 -79.250081516927,35.7341955254026 -79.2500355175211,35.7340795257891 -79.2499885182352,35.7339415263166 -79.2499405187346,35.7338545268496 -79.2499145192099,35.733766527309 -79.2498405201344,35.7336015282589 -79.2498195204928,35.7335355286084 -79.2497795208212,35.7334805289788 -79.2497375213527,35.733385529523 -79.2496685221052,35.7332535303163 -79.2496235225403,35.733178530787 -79.249541523365,35.733035531671 -79.2494745239194,35.7329425322934 -79.2493915247503,35.732798533184 -79.249188526556,35.7324915351715 -79.2490995274698,35.7323325361433 -79.2490115286275,35.7321245373145 -79.248875530129,35.7318605388842 -79.2486375322754,35.7314945412288 -79.2484805337791,35.7312355428457 -79.2483185352591,35.730982544453 -79.2481685363026,35.7308135456696 -79.247931537871,35.7305625475231 -79.2476885392368,35.7303535492211 -79.2476045397977,35.7302635498806 -79.2474825406088,35.7301335508348 -79.2473985411696,35.7300435514933 -79.2473555414563,35.7299975518299 -79.2472945420069,35.7299035524255 -79.2472905422673,35.7298525526489 -79.2472815427695,35.7297545530825 -79.2473135432779,35.7296445534252 -79.2473075434309,35.729615553565 -79.2472995436566,35.7295725537691 -79.2473465445856,35.7293745544226 -79.247367545659,35.7291545552558 -79.2473785461649,35.7290505556461 -79.2473565467142,35.7289465561486 -79.2473445470352,35.7288855564403 -79.2473295483409,35.728628557548 -79.2472325504246,35.7282375594839 -79.2471375519451,35.7279585609511 -79.2470405528878,35.7277955619477 -79.2469815534653,35.727695562557 -79.2468385547833,35.7274695639652 -79.2466815560593,35.7272555653697 -79.2465465571113,35.7270805665392 -79.246444557815,35.7269665673475 -79.2460785603842,35.7265485702793 -79.2458275623524,35.7262205724538 -79.2456645638304,35.7259675740264 -79.2454735657846,35.7256265760476 -79.2453515674487,35.7253255776746 -79.2452765683414,35.7251665785682 -79.2451745693292,35.7249955795989 -79.2450465702909,35.7248365806659 -79.2449545707007,35.7247785812042 -79.2448295710885,35.7247335817982 -79.2446985714041,35.724704582347 -79.2445595716602,35.7246895828654 -79.2444705717361,35.7246975831262 -79.2443575717834,35.7247175834176 -79.244095571625,35.7248175838777 -79.2439335714315,35.7248985840857 -79.2438395712642,35.7249565841624 -79.243637570848,35.7250925842826 -79.2435045706468,35.725167584421 -79.2433225704795,35.7252485846978 -79.2432135704868,35.7252755849501 -79.2430855706287,35.7252805853535 -79.2429805707956,35.7252745857249 -79.2428575710858,35.7252485862357 -79.2426405717333,35.7251755872447 -79.2424595723089,35.7251075881141 -79.2422695730009,35.7250185890962 -79.2420265738069,35.7249205902881 -79.2419715741182,35.7248725906603 -79.241917574463,35.7248175910569 -79.2418695752145,35.7246795917632 -79.2418355764667,35.7244375928362 -79.2418205772948,35.7242755935287 -79.2417255784068,35.7240775946262 -79.2416095791367,35.7239615954664 -79.2413935803111,35.7237825968824 -79.2412375811228,35.7236605978751 -79.2410825818083,35.7235635987647 -79.2409945822122,35.723505599281 -79.2408455828549,35.7234156001222 -79.2406025839191,35.7232656015054 -79.2404275846054,35.7231736024373 -79.2402575851206,35.7231146032224 -79.2399945856718,35.7230726042427 -79.2397795861156,35.7230396050711 -79.239543586507,35.7230226059048 -79.2392345869981,35.7230046069794 -79.2388895871222,35.7230696078474 -79.2385725871104,35.7231546085477 -79.2385055871874,35.7231566087579 -79.2384105874105,35.7231366091446 -79.2382355880216,35.7230596100126 -79.237971589122,35.7229076114595 -79.23782558976,35.7228176122818 -79.237680590601,35.7226866132585 -79.2376295911753,35.7225846138179 -79.2376055917943,35.7224666143515 -79.2376315924979,35.7223186148391 -79.237677593345,35.7221366153938 -79.2377445938809,35.7220116156608 -79.2378455947415,35.721812616105 -79.2379385956374,35.7216086165953 -79.2381125967823,35.7213336171019 -79.2382195974061,35.7211806173521 -79.2383335982503,35.7209816177593 -79.2385806001635,35.7205336187111 -79.2387066014709,35.7202386194574 -79.2387736024909,35.7200166201085 -79.2388066034801,35.7198096208097 -79.2387586038711,35.7197436212187 -79.2386716045068,35.7196386219026 -79.2385826048859,35.7195856223902 -79.2384546056791,35.7194596232845 -79.2383196067853,35.7192726244366 -79.2382906074308,35.7191506250015 -79.2382836085511,35.7189276258888 -79.2382956097616,35.7186816268056 -79.2382816103527,35.7185666272958 -79.238314611287,35.7183706279529 -79.2383686115264,35.7183086280245 -79.238441611537,35.7182876278776 -79.2385166115152,35.7182726277012 -79.2387186113845,35.7182466271704 -79.2387996114098,35.7182206270183 -79.2388876117401,35.7181316270898 -79.2389456129964,35.717864627949 -79.2389786140755,35.7176396287231 -79.2390166163946,35.7171646304568 -79.2390346179119,35.7168556316058 -79.2390476188723,35.71665963233 -79.2390396199494,35.7164456331891 -79.2390246217882,35.7160806346585 -79.2390306227228,35.715891635377 -79.2391046234903,35.7157186358248 -79.2392186246403,35.7154586364907 -79.2393306257333,35.7152106371172 -79.2393296265123,35.7150546377298 -79.2393086275065,35.7148606385515 -79.2392806289034,35.7145876397029 -79.2392256304845,35.7142846410528 -79.2391576317979,35.7140386422185 -79.2391016325027,35.7139116428831 -79.2390696328177,35.7138566431941 -79.2389876335258,35.7137356439131 -79.2388586343187,35.7136096447924 -79.2386486357683,35.7133726463461 -79.2385256367777,35.7132016473801 -79.238316638101,35.7129896488295 -79.2381526395711,35.7127366503013 -79.2380846408288,35.712501651415 -79.2381116415568,35.7123486519275 -79.2382316420716,35.71221465209 -79.2383126422624,35.7121556520781 -79.2384476423196,35.7121096518555 -79.2385946422669,35.7120826515238 -79.2387906421816,35.7120496510701 -79.2388666421695,35.7120326509107 -79.2389246422153,35.712008650832 -79.2390096424809,35.7119336508721 -79.2390596427512,35.7118666509851 -79.239105643565,35.7116916515314 -79.2391716441192,35.7115636518356 -79.2392526444597,35.7114746519436 -79.2393326445773,35.7114306518791 -79.2394076446414,35.7113986517827 -79.2394846446182,35.711383651614 -79.2395626445239,35.7113826513877 -79.239699644185,35.711415650854 -79.2398656435997,35.7114906500698 -79.240022642941,35.7115826492447 -79.240244641965,35.7117216480419 -79.2404546409743,35.7118666468495 -79.2405896404232,35.7119426461499 -79.2407186399446,35.7120056455188 -79.2408256396885,35.7120296451066 -79.2409126395128,35.712042644797 -79.2409976394544,35.7120326445841 -79.2410616394377,35.7120196444454 -79.2411416394556,35.7119956443028 -79.2411956395365,35.7119656442612 -79.2412656396569,35.7119236442197 -79.2413176397903,35.7118836442238 -79.2414026402359,35.7117726444113 -79.241450640624,35.7116826446256 -79.2414906413566,35.7115256451293 -79.2415236422479,35.7113386457728 -79.2415136425201,35.7112866460084 -79.2414886429013,35.7112166463595 -79.2414076432788,35.711161646816 -79.2413006434349,35.7111576471471 -79.2411656436515,35.7111486475805 -79.241070643957,35.7111116480066 -79.2410296442836,35.7110566483446 -79.241013644753,35.7109666487472 -79.2410226451557,35.7108836490486 -79.2411166460342,35.7106836495628 -79.241282646966,35.7104546499818 -79.2413566476454,35.7102996503787 -79.2414356487079,35.7100666510705 -79.2414746498712,35.7098236519194 -79.2415556505469,35.7096676523019 -79.2416296511468,35.7095286526379 -79.2418316519887,35.7093086529247 -79.2421936524733,35.7091196526275 -79.2424766526438,35.7090136522311 -79.2427386531607,35.7088436521525 -79.24285265404,35.7086386526428 -79.2429986551187,35.7083856532342 -79.2431926566362,35.7080326540904 -79.2433676578333,35.7077486547277 -79.2435406590183,35.7074676553612 -79.2436806597456,35.7072866556892 -79.2437406601694,35.7071866559203 -79.2438016606669,35.7070716562092 -79.2439516617365,35.7068196567973 -79.2441346628646,35.7065476573746 -79.2443476647347,35.7061196584992 -79.2444386656594,35.7059116590827 -79.2445956669259,35.7056186598254 -79.2446976681869,35.7053406606636 -79.2447846697268,35.7050106617556 -79.2448086704163,35.7048666622714 -79.2447666723884,35.7044826639421 -79.2447016735897,35.7042586650284 -79.2445746753436,35.7039396666693 -79.2445586757035,35.7038716669883 -79.2445166760761,35.7038076673627 -79.244441676535,35.7037346678643 -79.2443456768654,35.7036926682984 -79.2442446769872,35.7036936685727 -79.244124676988,35.7037236687824 -79.2439836768052,35.7037956688812 -79.2438636767261,35.7038416690271 -79.2437076770268,35.7038206695419 -79.2436076773073,35.7037896699423 -79.2435026780285,35.7036716707054 -79.2434526787606,35.7035376713808 -79.2433946798075,35.7033426723225 -79.243377680648,35.7031786730269 -79.2433676813498,35.7030406736078 -79.2433506823052,35.7028536744042 -79.2433356829583,35.7027266749544 -79.2432496843198,35.702475676195 -79.2431376853341,35.7023006772009 -79.2430746858924,35.7022046777564 -79.2429496870028,35.70201367886 -79.2425616896903,35.7015726816717 -79.2423166907456,35.701422682931 -79.242159691506,35.7013096838041 -79.2420626920016,35.7012346843637 -79.2419876925097,35.7011516848955 -79.2418836932286,35.701033685644 -79.2417786942583,35.7008536866407 -79.2416756951256,35.7007056875041 -79.2415616963759,35.7004836886895 -79.2415326968563,35.7003946891197 -79.2414966976348,35.7002476897983 -79.2414346981564,35.7001586903162 -79.2413576986816,35.7000726908618 -79.241207699682,35.6999096919059 -79.2411167003394,35.6998006925786 -79.2410937010766,35.6996586932009 -79.2411307018289,35.6994986937352 -79.2411747026224,35.6993286942909 -79.2411927032087,35.6992066947257 -79.2412387034509,35.6991466948416 -79.2412837035945,35.6991066948812 -79.2414507041052,35.6989626950111 -79.2415697044113,35.6988716950583 -79.2416767046425,35.6987986950663 -79.2417067048148,35.698756695154 -79.2418067054142,35.6986116954668 -79.2419507064031,35.6983776960187 -79.2420637068417,35.6982616961841 -79.2422137076238,35.6980676965639 -79.2422867080923,35.6979556968193 -79.2423047083695,35.6978956970113 -79.2423957093299,35.697680697631 -79.2424587101954,35.6974916982206 -79.2425497109412,35.6973196986705 -79.2426397119031,35.6971046992954 -79.2427697129004,35.696872699886 -79.2429297145248,35.6965077009327 -79.2429677153118,35.696340701503 -79.2430637164215,35.6960947022411 -79.2431737175589,35.6958397029808 -79.2432167182499,35.6956907034679 -79.2432407191292,35.695508704136 -79.2432707198863,35.6953497046969 -79.243280720788,35.6951667054049 -79.2433057213615,35.6950457058265 -79.2433397225782,35.6947937067507 -79.2433807241559,35.6944677079545 -79.2434157254614,35.6941977089495 -79.2434177266078,35.6939677098671 -79.2434867275218,35.6937677104968 -79.2436237287816,35.693481711303 -79.2436927298506,35.6932507120592 -79.2438177311954,35.6929507129547 -79.2438637316434,35.692849713247 -79.2439057320714,35.6927537135292 -79.244066733787,35.6923707146735 -79.2441047356889,35.6919807161511 -79.244103735915,35.6919357163349 -79.2440987371803,35.6916837173625 -79.244096738297,35.6914607182658 -79.2441027395638,35.6912057192785 -79.2441537404456,35.6910167199161 -79.2441997409139,35.6909117202276 -79.2442567413337,35.6908137204844 -79.2443557419369,35.6906687208294 -79.244460742138,35.6906027208417 -79.244681742347,35.6905067206951 -79.244982742523,35.690397720409 -79.2451037425197,35.6903687202344 -79.2454787426103,35.6902587197762 -79.2457747424827,35.6902117192538 -79.2461377424532,35.6901287187177 -79.2464517424739,35.6900477182929 -79.2467857428854,35.6898837181614 -79.2469637432879,35.6897597182425 -79.2470647437197,35.6896487184559 -79.2471217443654,35.6895057189066 -79.2471597449845,35.689372719362 -79.2471747455515,35.6892557198068 -79.2471827460021,35.6891637201656 -79.24726674667,35.6890097205983 -79.2473657471995,35.6888797208974 -79.2475037475514,35.6887757209977 -79.2476357478306,35.6886877210469 -79.2478587479236,35.6886147208193 -79.24820174774,35.688567720201 -79.2485927472676,35.6885667192793 -79.2488767466404,35.6886227183743 -79.2491897457524,35.6887237172126 -79.2493137454657,35.6887507168061 -79.249434745388,35.6887367165774 -79.2496737455519,35.68864571639 -79.2497387456178,35.688616716357 -79.2498447460344,35.6885077165611 -79.2499587463712,35.6884127166883 -79.2499937465489,35.6883687167894 -79.2500337468686,35.6882987170936 -79.2500617472641,35.6882157174567 -79.25006174775,35.6881187178619 -79.2500687480455,35.6880587181166 -79.2500427483149,35.6880087183106 -79.2500017488107,35.6879157186758 -79.2499687491696,35.6878517190092 -79.2499077495095,35.6877987193739 -79.2498417499306,35.6877307198129 -79.2497387504619,35.6876497203927 -79.2496657507012,35.6876197206889 -79.2495507510067,35.687586721096 -79.2493887513394,35.687559721588 -79.2492787516988,35.6875147220329 -79.2492377521344,35.6874377224492 -79.2492487524816,35.6873657227231 -79.2492737529219,35.6872717230558 -79.2493447535767,35.6871237235062 -79.2494247538699,35.6870457236446 -79.2494837541287,35.6869797237822 -79.2495697545299,35.6868787240032 -79.2496687549654,35.6867677242361 -79.2497387553261,35.686678724445 -79.2497917554269,35.6866457244598 -79.2498807559899,35.6865117248132 -79.2500087569016,35.6862997254341 -79.2500567572014,35.6862327257387 -79.2501097576228,35.6861407261501 -79.2501517578669,35.6860857264011 -79.2501987586231,35.6859277270844 -79.250219759033,35.6858427274496 -79.250233759348,35.6857777277277 -79.2502537597487,35.6856947280839 -79.2502747601385,35.6856137284321 -79.2502747609597,35.6854497291161 -79.2502757613245,35.6853767294211 -79.2502687616653,35.6853097296971 -79.2502567623553,35.6851737302586 -79.2502297626712,35.6851147304919 -79.2501967630817,35.6850377307976 -79.2501477634043,35.6849807310124 -79.2501087637394,35.6849197312488 -79.2499807643301,35.6848227316409 -79.2499207646634,35.6847707319945 -79.2498407650509,35.6847127324184 -79.249739765484,35.6846507329063 -79.2496567661005,35.6845477335241 -79.2496217664184,35.6844927338328 -79.2496127670505,35.6843687343703 -79.2496237673828,35.6842997346331 -79.2496507676005,35.6842497347807 -79.2496957677765,35.6842037348711 -79.24973876806,35.6841367350537 -79.2498627682756,35.684063735079 -79.2499587683747,35.6840207350425 -79.2500127685164,35.6839807351284 -79.2501197687549,35.6839167354424 -79.2501737689338,35.6838727356495 -79.2502347694479,35.6837607361431 -79.2503297704613,35.6835437370885 -79.250343770826,35.683468737407 -79.2503917715399,35.6833187380521 -79.2504117719399,35.6832357384062 -79.2504327723191,35.6831567387438 -79.2504807730778,35.6829977394255 -79.2505007735227,35.6829057398166 -79.2505347741819,35.6827687404003 -79.2505487744763,35.6827077406597 -79.250549774936,35.6826157410429 -79.2505567752908,35.6825437413453 -79.2505767757456,35.6824497417441 -79.250604776084,35.6823777420543 -79.2506257767532,35.6822407426321 -79.250632777168,35.6821567429841 -79.2506387776437,35.6820607433855 -79.2506477780769,35.6819727437547 -79.2506667787275,35.6818397443147 -79.2506667791328,35.6817587446514 -79.2506747795417,35.6816757449994 -79.250674779947,35.6815947453361 -79.2506607805685,35.6814727458383 -79.2506547809485,35.681397746148 -79.2506357812888,35.6813327464117 -79.2506357819343,35.6812037469481 -79.2506497823385,35.681120747298 -79.2506577828275,35.6810217477123 -79.2506977835912,35.6808627483867 -79.2507657843374,35.6807027490738 -79.2508217854482,35.6804717500512 -79.2508417857023,35.6804177502817 -79.2508697868502,35.6801837512617 -79.2508697875705,35.6800397518594 -79.2508777880342,35.6799457522519 -79.2508717885942,35.6798347527108 -79.2508717891694,35.6797197531882 -79.250825790417,35.6794777541795 -79.2507977907899,35.6794077544622 -79.2507717915013,35.6792697550281 -79.2507517921829,35.6791367555751 -79.2507387925787,35.6790597558915 -79.2507127931402,35.6789517563334 -79.2507067935854,35.6788637566974 -79.2506937939012,35.6788027569476 -79.250685794238,35.6787367572198 -79.2506867945173,35.6786807574529 -79.2507137948555,35.678608757759 -79.2507707954691,35.6784767583218 -79.2508287957667,35.6784077586228 -79.2508637960431,35.6783467588847 -79.2509317963173,35.6782807591752 -79.250991796378,35.678258759281 -79.2512287965931,35.6781767596778 -79.2513087966322,35.6781557597838 -79.2513907967396,35.6781207599481 -79.2514647967536,35.6781057600277 -79.2515377967983,35.6780847601317 -79.251645797019,35.678022760413 -79.251814797384,35.6779217608686 -79.2519917978667,35.6777957614277 -79.2520377980533,35.6777507616231 -79.2521397983182,35.6776807619336 -79.2522077984814,35.6776367621294 -79.2523157986463,35.6775857623626 -79.2524627986343,35.677563762485 -79.2526187983953,35.6775857624292 -79.2527457980857,35.6776267622895 -79.2528267978792,35.6776547621931 -79.2529417976744,35.6776767621288 -79.2530157974537,35.6777087620148 -79.2531027971477,35.6777557618428 -79.2533047962937,35.677893761327 -79.2533517960707,35.6779307611874 -79.2534727956374,35.6779977609432 -79.2535527955466,35.6780027609416 -79.2536947954842,35.6779917610194 -79.2537887954763,35.6779777610981 -79.2538497955155,35.6779597611852 -79.253950795636,35.6779187613746 -79.2540127956594,35.6779037614496 -79.254093795697,35.6778827615532 -79.2541607957709,35.6778567616736 -79.2543767962184,35.677730762231 -79.2545387964867,35.6776497625935 -79.2546267966968,35.6775927628424 -79.2547407968506,35.6775427630685 -79.2550057970924,35.6774497634993 -79.2553287974045,35.6773327640368 -79.2556327976772,35.6772267645238 -79.2557877977266,35.6771907646994 -79.2558947978109,35.6771557648608 -79.2560167977886,35.6771397649495 -79.256158797804,35.6771127650858 -79.2564287977621,35.6770757652874 -79.2566507978046,35.6770297655143 -79.2567317977914,35.6770187655741 -79.2568327977863,35.6770027656575 -79.2569737979702,35.6769417659263 -79.2571027980553,35.6769027661055 -79.2571637981081,35.6768817662001 -79.2572507983862,35.6768107664965 -79.2573327986683,35.6767397667915 -79.2573927990478,35.6766527671449 -79.2574337994332,35.6765677674865 -79.2574748000753,35.6764307680321 -79.2574758010127,35.6762407687783 -79.2574638019561,35.6760517695185 -79.2574438027088,35.6759027701004 -79.2574568034336,35.6757537706877 -79.2574778038899,35.6756577710679 -79.2574918044212,35.675547771502 -79.2574988049288,35.6754437719114 -79.2575398053926,35.6753427723138 -79.2575598058298,35.6752507726776 -79.2575878066946,35.6750707733877 -79.2576018071023,35.674985773723 -79.2576098074954,35.6749047740418 -79.2576228078989,35.6748207743729 -79.2576298083027,35.6747377746993 -79.2576298088161,35.6746337751071 -79.2576168091925,35.6745597753957 -79.2575908098171,35.6744377758713 -79.2575648104862,35.6743067763824 -79.2575448112391,35.6741577769649 -79.2575368114583,35.6741147771328 -79.2575188119527,35.6740177775118 -79.2574918127365,35.6738637781137 -79.2574788131822,35.6737757784581 -79.2574588136143,35.6736917787861 -79.2574388139329,35.673630779024 -79.257413814567,35.673506779509 -79.2573988150739,35.6734067799007 -79.2573458162115,35.6731857807654 -79.2573138171778,35.6729957815102 -79.257279817578,35.672920781803 -79.2572328181477,35.6728137822211 -79.2571808187416,35.6727027826551 -79.2571398192222,35.6726127830073 -79.2571068197453,35.6725127833995 -79.2570598203005,35.6724087838071 -79.2570068208413,35.6723087841991 -79.2569728213556,35.6722107845841 -79.2569398217751,35.6721317848945 -79.2568998222058,35.6720517852088 -79.2568598227899,35.6719407856457 -79.2568258231462,35.6718747859053 -79.2567648234671,35.6718207861171 -79.256705823816,35.6717607863528 -79.2566308242088,35.6716947866122 -79.2565638245402,35.6716397868285 -79.2564768250032,35.6715617871358 -79.2564298252378,35.6715227872896 -79.2563368257311,35.6714397876173 -79.2562818260818,35.6713787878587 -79.2562278264911,35.6713057881479 -79.2561618269805,35.6712187884929 -79.2560888275406,35.67111878889 -79.2559948281691,35.6710087893274 -79.2559338286049,35.6709317896339 -79.2558478292563,35.6708157900963 -79.255758829856,35.6707107905156 -79.2556788302794,35.6706397907997 -79.2554908311665,35.6704947913818 -79.255329831658,35.670424791665 -79.2552298320255,35.6703687918914 -79.2550808325016,35.6702997921716 -79.2549858328103,35.6702547923547 -79.2548648331921,35.6701997925789 -79.2547588335654,35.6701437928072 -79.2546238339899,35.670082793057 -79.254535834228,35.6700507931889 -79.2544018346071,35.6699987934032 -79.2543348348315,35.6699657935388 -79.2542798350401,35.66993379367 -79.2542118356232,35.6698287940966 -79.2541638360145,35.6697587943813 -79.2541608364545,35.6696707947369 -79.2541888367174,35.6696127949698 -79.2542278369157,35.6695657951575 -79.2543088370063,35.6695327952865 -79.2546048370062,35.6694787954881 -79.2547208369259,35.6694737955019 -79.254799836894,35.6694657955297 -79.2551848364705,35.6694807954484 -79.2553198364076,35.669468795489 -79.2554488364145,35.6694437955818 -79.2555618364806,35.6694097957111 -79.2556568365579,35.6693767958373 -79.2557998367749,35.6693067961079 -79.2558798368657,35.6692737962344 -79.2559608369506,35.6692417963567 -79.2560348371359,35.6691907965548 -79.2561498374472,35.669106796881 -79.2562118375986,35.6690647970435 -79.2562578378191,35.6690117972507 -79.256318838006,35.6689627974407 -79.2563598382458,35.6689067976598 -79.2564538385856,35.6688207979935 -79.2565288389277,35.6687377983163 -79.2565568394215,35.6686327987296 -79.2565558399715,35.668521799169 -79.256549840353,35.6684457994704 -79.256536840637,35.6683907996893 -79.2565308410778,35.6683028000382 -79.2565098418541,35.668149800646 -79.2565118422777,35.6680638009863 -79.2565108427783,35.6679628013863 -79.2564848437423,35.6677728021415 -79.2564658443288,35.6676578025992 -79.2564388449128,35.66754480305 -79.2563858457042,35.6673948036509 -79.2563328463571,35.6672728041413 -79.2562848469609,35.6671598045959 -79.2562248474819,35.6670658049769 -79.2561318482219,35.666933805514 -79.2560848485677,35.666872805763 -79.2559978490598,35.6667898061055 -79.2559108494134,35.6667348063371 -79.2558428497146,35.6666868065382 -79.2557548501634,35.6666128068463 -79.2557018505597,35.6665428071334 -79.255620851022,35.6664648074571 -79.2555808512775,35.6664208076389 -79.2555548516587,35.6663488079305 -79.2555488521996,35.6662408083626 -79.2555748525668,35.6661618086736 -79.2556098529899,35.6660698090348 -79.2556168533501,35.6659958093289 -79.2556248536894,35.6659258096068 -79.2556238541364,35.665835809966 -79.2556108544311,35.6657788101957 -79.2556038547153,35.6657228104204 -79.2555098557259,35.6655368111803 -79.2553428568704,35.6653378120075 -79.2552898573272,35.6652558123459 -79.2552688578182,35.6651608127302 -79.2552758582133,35.6650798130529 -79.2553048591081,35.664893813791 -79.2553178603602,35.6646388148083 -79.2553128611782,35.6644748154654 -79.2553138622087,35.6642668162971 -79.2553078626508,35.6641788166505 -79.2552748635007,35.6640138173185 -79.2552468638499,35.6639488175853 -79.2552278642847,35.6638648179262 -79.2552008647472,35.6637768182851 -79.2551328654326,35.6636518188027 -79.255086865973,35.6635518192151 -79.2550398664797,35.6634588196 -79.2549738672331,35.6633198201746 -79.2549338676191,35.6632498204661 -79.2548998679348,35.6631928207038 -79.2548198684192,35.6631108210547 -79.2547588688307,35.6630398213565 -79.2545838697153,35.6628958219838 -79.2544968700778,35.6628398222335 -79.2544368703199,35.6628028223994 -79.2543638705646,35.662767822561 -79.2542748707007,35.6627578226264 -79.2540998711541,35.6627008229062 -79.2540198713362,35.6626798230138 -79.2539188715985,35.6626468231762 -79.253837871896,35.6626028233775 -79.2537708721253,35.6625698235306 -79.2536628724493,35.6625258237402 -79.2535618728213,35.6624708239928 -79.2535018730788,35.6624308241728 -79.2534278732903,35.6624028243082 -79.2533128735916,35.6623648244967 -79.2532048740056,35.662302824781 -79.2530848745261,35.6622218251469 -79.2529848750671,35.6621328255399 -79.252931875617,35.6620328259641 -79.2529178759247,35.6619738262091 -79.2529048762612,35.6619088264785 -79.2529048765651,35.6618478267274 -79.2528988769098,35.6617798270069 -79.2528588772978,35.6617098273053 -79.2528368776831,35.6616368276104 -79.2528188781044,35.661555827947 -79.2528188790611,35.6613638287313 -79.2528398795885,35.6612538291736 -79.2528538799882,35.6611708295078 -79.2528808805096,35.6610608299478 -79.253002881211,35.6608958305792 -79.2530378816346,35.6608038309422 -79.2531048822804,35.6606608315016 -79.2531518826123,35.6605848317945 -79.2531928832637,35.6604458323459 -79.2532208835048,35.6603918325556 -79.253288883925,35.6602938329297 -79.2533358842914,35.6602108332501 -79.2533968845642,35.6601438334999 -79.2534508851075,35.6600238339675 -79.2535178855881,35.659913834389 -79.2535588857561,35.659871834544 -79.2536138859549,35.65982083473 -79.2536748860829,35.6597828348609 -79.2537488862477,35.6597348350271 -79.2539238865102,35.6596468353159 -79.2539918866608,35.6596028354675 -79.2540868868937,35.6595368356973 -79.2541608870034,35.6594998358177 -79.2542748872419,35.6594288360595 -79.2543508873842,35.6593848362069 -79.2542928877704,35.6593188364961 -79.2542128884521,35.6591978370166 -79.2541518890651,35.6590868374895 -79.254105889683,35.6589718379729 -79.2540658902651,35.6588628384299 -79.2538048935969,35.6582458410375 -79.2537058950604,35.6579718421916 -79.2537008951451,35.6579558422587 -79.253686895418,35.6579038424757 -79.253639896615,35.6576728434338 -79.2535658978399,35.6574418444051 -79.2535318983374,35.6573488447985 -79.2534339003489,35.6569648464045 -79.2533999015286,35.6567348473557 -79.2534009020004,35.6566398477414 -79.2533819025724,35.6565288482019 -79.2533409031573,35.6564198486654 -79.2533149036222,35.6563318490363 -79.2532879039538,35.656270849298 -79.2532139046078,35.6561548498074 -79.2531669051196,35.6560618502099 -79.253094905986,35.6559028508945 -79.2530339065723,35.655797851354 -79.2529729072085,35.6556828518547 -79.2529269078142,35.6555708523358 -79.2528269095277,35.6552478537075 -79.2528069097977,35.6551978539225 -79.2527409104996,35.6550708544771 -79.2527069108092,35.6550158547204 -79.2526869111591,35.6549498550012 -79.2526669117283,35.654839855462 -79.25265991195,35.6547968556417 -79.2526329122524,35.6547418558816 -79.252606912504,35.6546968560801 -79.2525609127467,35.6546578562653 -79.2525199130091,35.6546138564683 -79.2524529134634,35.6545368568211 -79.2524059138668,35.6544658571385 -79.2523789140647,35.6544318572931 -79.25229191467,35.6543288577647 -79.2522109152541,35.6542288582212 -79.2521639154633,35.6541968583794 -79.2520969156736,35.6541688585328 -79.2520629158242,35.6541458586469 -79.25200991593,35.6541358587184 -79.2519149160601,35.6541298587977 -79.2518339161505,35.6541288588483 -79.2517599161786,35.6541388588496 -79.2516729161305,35.6541668587841 -79.2514229157695,35.654291858411 -79.251226915451,35.654396858088 -79.2510119153522,35.6544618579401 -79.2509109153783,35.6544778579306 -79.2508159153681,35.6544998578927 -79.2505319156416,35.6545048580315 -79.250444915763,35.6544988581054 -79.2503719158347,35.6544998581422 -79.2501359160877,35.6544988582791 -79.2500759161558,35.654497858317 -79.2498269165085,35.6544828586791 -79.2497399166932,35.6544658588802 -79.2495929170317,35.6544318592417 -79.2492749175206,35.6544068598207 -79.2490379177616,35.6544128601496 -79.2486959181678,35.6544098606728 -79.2483989183573,35.6544398609921 -79.2481839183379,35.6544928610942 -79.2480689183093,35.654524861134 -79.2479469183238,35.6545498612133 -79.2478009182756,35.6545928612545 -79.2476799181037,35.6546548611803 -79.2474119176548,35.6548058609609 -79.2472249171282,35.6549538606339 -79.2471249166824,35.6550658603248 -79.2470519162656,35.6551658600245 -79.2468939155311,35.6553488595131 -79.2468249151198,35.6554468592161 -79.2467459148002,35.6555288590002 -79.2466859144437,35.6556138587435 -79.2466339142582,35.6556628586221 -79.2465859141182,35.6557018585357 -79.2464989139728,35.6557508584681 -79.2464519139067,35.6557748584417 -79.2463249139373,35.6557978585418 -79.2462189138888,35.6558318585651 -79.246094913801,35.655877858567 -79.2459279136425,35.6559478585374 -79.245767913241,35.6560648583062 -79.2456079128196,35.6561858580597 -79.2454729124996,35.6562808578813 -79.2453399124573,35.6563198579279 -79.2450309123272,35.6564168580113 -79.2448629123551,35.6564498581372 -79.2447879123763,35.6564628582005 -79.2446679123192,35.6565018582283 -79.2445459123443,35.6565248583241 -79.2443969125155,35.6565248585546 -79.2438649129067,35.6565688592008 -79.2435829131756,35.6565798595933 -79.2433539133188,35.6566038598517 -79.2431589134779,35.6566168601018 -79.2429299136211,35.6566408603607 -79.2427349135904,35.6566918604593 -79.2425399134,35.6567748604308 -79.2424259132464,35.6568318603807 -79.242310913129,35.6568818603604 -79.2422099128906,35.656952860235 -79.2420709124413,35.6570748599664 -79.2420319120968,35.6571528597171 -79.2419049112495,35.6573518591251 -79.2418129107015,35.6574828587493 -79.2417139097423,35.6576978580519 -79.241587908949,35.6578858575053 -79.2415159082833,35.6580358570248 -79.2414689078134,35.6581408566833 -79.2413499070173,35.6583278561322 -79.2413269068542,35.6583658560184 -79.2412909066162,35.6584218558542 -79.241183906051,35.6585598554793 -79.2410039053704,35.6587378550641 -79.2408909050018,35.6588378548507 -79.2408029046942,35.6589198546686 -79.2407779046133,35.6589418546221 -79.2406709042379,35.6590418544002 -79.2405439039455,35.6591298542583 -79.2404369037298,35.6591978541634 -79.2403149036512,35.6592418541876 -79.2401749034188,35.6593208541036 -79.2400069031988,35.6594038540499 -79.2398129031087,35.6594668541174 -79.2395979031626,35.6595058543137 -79.2394589032634,35.6595178544925 -79.2396338995656,35.6602188514641 -79.2397388970206,35.6607048493879 -79.2398038954093,35.6610128480734 -79.2398258948652,35.6611168476292 -79.2398358945045,35.6611868473381 -79.2398388944113,35.6612048472626 -79.2398468939631,35.6612928469043 -79.2398488936716,35.6613508466736 -79.239848893522,35.661380846556 -79.2398468933697,35.6614118464378 -79.23984689327,35.6614318463594 -79.2398448930778,35.6614708462099 -79.2398388927955,35.6615288459925 -79.2398308925106,35.6615878457747 -79.2398258923717,35.6616168456694 -79.2398138920964,35.6616748454622 -79.2398068919599,35.6617038453604 -79.239791891708,35.6617578451739 -79.2397578912887,35.6618498448707 -79.2397218908816,35.6619398445788 -79.2396438900895,35.6621168440173 -79.2396198898731,35.6621658438661 -79.239533889968,35.6621668440077 -79.2381328915401,35.6621778463353 -79.2373698923814,35.6621868475917 -79.2371638926555,35.6621798479673 -79.236911892993,35.6621708484283 -79.2364538940925,35.6620568496402 -79.2358318962284,35.6617728517749 -79.2349908992744,35.6613568547682 -79.2344019014149,35.6610638568602 -79.234248901816,35.6610188572847 -79.233866902388,35.6609928580176 -79.2334669027918,35.6610048586373 -79.2332979029627,35.6610098588994 -79.2331479031166,35.6610138591337 -79.2323249039957,35.6610288604459 -79.2320369043046,35.6610338609062 -79.231317905088,35.6610438620647 -79.2307619056379,35.6610628629193 -79.2294909074284,35.6609988652676 -79.2281179095897,35.6608838679657 -79.2268319113769,35.6608238703143 -79.2258209126074,35.6608118720327 -79.2256219128527,35.6608088723732 -79.2247329140706,35.6607708739805 -79.2241769150116,35.6607108751125 -79.2233269158573,35.6607388764209 -79.22243291667,35.6607838777444 -79.2221769168181,35.6608138780644 -79.2221369176461,35.6606558786784 -79.2217669212202,35.6600198814887 -79.2207619287304,35.6587358875396 -79.2206029299865,35.6585188885383 -79.2205279311012,35.6583108893706 -79.220497931551,35.6582268897061 -79.2203139331124,35.6579538909324 -79.2198769361114,35.657448893346 -79.2197809368297,35.6573258939158 -79.2197759369689,35.6572988940155 -79.219732937977,35.6571048947435 -79.2197089390324,35.6568968954891 -79.2197479402082,35.6566498962695 -79.2197949415774,35.6563618971777 -79.2198699435915,35.6559368985106 -79.2198609447928,35.6556958993457 -79.2197959465426,35.6553569005997 -79.219635948653,35.6549669021695 -79.2191659540376,35.653985906204 -79.2189409559249,35.6536559076545 -79.2186219569708,35.6535179085906 -79.217966958479,35.653363910071 -79.2173049600589,35.6531969116 -79.2168099620746,35.6529029133028 -79.2166599628575,35.6527789139335 -79.2162519646399,35.652511915411 -79.2156049671478,35.65215291753 -79.2154159678759,35.6520489181439 -79.2152479684814,35.651964918661 -79.2151159689325,35.6519039190503 -79.2149799693634,35.6518479194285 -79.2149099695811,35.6518199196204 -79.2148409697878,35.6517939198041 -79.2147709699808,35.6517709199793 -79.2145389705307,35.6517129204998 -79.2136149719564,35.6516369220626 -79.213111973036,35.6515339231112 -79.2120039762953,35.6511279259861 -79.2119109766176,35.6510839262581 -79.2118169769558,35.651036926541 -79.2116799774856,35.6509609269768 -79.2115059782297,35.6508499275758 -79.2114219786205,35.6507899278851 -79.2113819788136,35.6507599280369 -79.2113019792195,35.650695928353 -79.2110549806172,35.6504689294207 -79.2109229813428,35.6503519299765 -79.2107879820471,35.6502399305197 -79.2106509827537,35.650127931065 -79.2105109834587,35.6500169316104 -79.2104579836762,35.649984931785 -79.2101359849859,35.6497929328358 -79.2092099880122,35.6493909353695 -79.2090559885161,35.6493239357895 -79.2087159893141,35.6492399365152 -79.2084849896592,35.6492229368825 -79.2083629898366,35.6492149370734 -79.2074529909257,35.6492029383482 -79.2066519918913,35.6491909394743 -79.2053889929823,35.6492599409817 -79.2050529933528,35.6492619414331 -79.2048369936121,35.6492589417362 -79.2044049941649,35.6492459423634 -79.2041899944672,35.6492339426921 -79.203974994794,35.6492169430357 -79.2038069949842,35.6492169432642 -79.2029699959268,35.6492179443997 -79.2024719960885,35.6492999448341 -79.2020849964777,35.6493099453318 -79.2020429962164,35.6493729452031 -79.2019999959612,35.6494349450788 -79.2019549957034,35.6494979449544 -79.2018619952206,35.6496179447279 -79.201812994982,35.6496779446183 -79.2017129945269,35.6497939444141 -79.2016229941486,35.6498919442496 -79.2000869882111,35.6514599418153 -79.1996179861886,35.6519819409717 -79.1993129851455,35.6522659405896 -79.1989829842194,35.6525319402999 -79.1982959829031,35.6529609400675 -79.1961179777568,35.6545219388677 -79.1960019774789,35.6546059388063 -79.1954009760654,35.6550359385105 -79.1948109746013,35.6554739381891 -79.1942569731557,35.6558999378589 -79.1936569715102,35.6563779374693 -79.1930029696155,35.6569199370044 -79.1928829690458,35.6570649367972 -79.1910309602954,35.6592959337319 -79.1909399599129,35.6593959336124 -79.1908439595508,35.6594929335095 -79.1907939593696,35.6595419334602 -79.1907439591982,35.6595889334163 -79.190691959034,35.6596349333784 -79.1905859587128,35.6597259333089 -79.1905039584809,35.6597929332645 -79.1904119582899,35.6598539332527 -79.1903649582028,35.6598829332525 -79.1903169581072,35.6599139332487 -79.1901699578726,35.6599969332691 -79.190068957731,35.6600499332942 -79.1899129575605,35.6601219333595 -79.1898609575183,35.6601429333893 -79.1898069574638,35.6601669334146 -79.1885099566067,35.6606509342814 -79.1881689561492,35.6608259343907 -79.1878679554363,35.6610439343252 -79.1865229512476,35.6622249335452 -79.1862109505687,35.6624389335286 -79.1860509503946,35.6625129336122 -79.1858889502326,35.662584933705 -79.1857249500827,35.6626549338069 -79.1855599499486,35.6627219339186 -79.1853929498266,35.6627869340393 -79.1852069497024,35.6628569341805 -79.1838249490105,35.6633299353675 -79.1822939482475,35.6638539367214 -79.1815119475953,35.664175937297 -79.1812299470794,35.6643499373677 -79.1811769469374,35.6643919373588 -79.1810729466218,35.6644819373233 -79.1809249461149,35.6646219372449 -79.1807859455637,35.6647689371349 -79.1806989451799,35.6648689370474 -79.1806569449814,35.6649199369987 -79.180616944766,35.6649739369394 -79.1805629444942,35.665042936869 -79.1792299366421,35.666982934629 -79.1792039364786,35.6670229345815 -79.1791629362454,35.6670809345188 -79.1791479361757,35.6670989345034 -79.1791329360963,35.6671189344834 -79.1790869358883,35.6671729344394 -79.1790179356249,35.6672439343972 -79.1789999355733,35.6672589343946 -79.1789819355071,35.6672769343849 -79.1789439354013,35.667307934381 -79.1788439351453,35.6673849343818 -79.1788019350636,35.6674119343949 -79.1787849350205,35.6674249343952 -79.1787519349526,35.6674469344037 -79.1787169348869,35.6674689344159 -79.1786989348644,35.6674779344275 -79.1786809348322,35.6674889344346 -79.1786449347775,35.6675089344533 -79.178625934761,35.6675169344693 -79.178568934697,35.66754393451 -79.1785109346535,35.6675669345621 -79.1784909346431,35.6675739345823 -79.1784719346217,35.6675829345959 -79.1784109346012,35.667601934663 -79.1783839346038,35.6676079346983 -79.1784689305431,35.6684249326242 -79.1785119278211,35.6689759312501 -79.1785429250502,35.6695399298668 -79.1785639222909,35.6701039285015 -79.178570919553,35.6706669271647 -79.1785669168232,35.6712309258466 -79.1782839165226,35.671361926084 -79.1780959162892,35.6714559262265 -79.1779109160523,35.6715499263641 -79.177726915795,35.6716479264914 -79.1775449155208,35.6717489266087 -79.1773659152431,35.6718499267211 -79.1771889149389,35.671955926819 -79.1770889147472,35.6720199268653 -79.1769429144404,35.6721189269205 -79.1768709142688,35.6721719269384 -79.1767999141058,35.6722229269591 -79.1767309139211,35.6722779269669 -79.1766619137461,35.6723309269795 -79.1765959135578,35.6723859269818 -79.1764649131656,35.6724989269782 -79.1764009129509,35.6725589269657 -79.173449900892,35.6757749256051 -79.1731068998307,35.6760789256328 -79.1730008996138,35.6761499256931 -79.1729168994625,35.6762019257506 -79.1728748993821,35.6762289257773 -79.1727878992538,35.67627692585 -79.1727428992011,35.676298925894 -79.1726988991376,35.6763229259315 -79.1726078990335,35.6763669260218 -79.1725158989547,35.6764059261252 -79.1724208988795,35.676444926235 -79.1722768988,35.6764969264175 -79.172227898786,35.6765119264856 -79.1721788987623,35.6765289265493 -79.1721288987592,35.6765419266238 -79.1720788987464,35.676556926694 -79.1719788987401,35.6765829268434 -79.1719278987526,35.6765929269267 -79.1718768987507,35.6766059270035 -79.1718258987633,35.6766159270868 -79.1717748987855,35.6766239271746 -79.1717238987932,35.6766349272558 -79.1716718988263,35.67664092735 -79.1716208988485,35.6766489274378 -79.1714628989502,35.6766669277247 -79.1713058990845,35.6766779280248 -79.1711488992479,35.6766829283379 -79.1710288994008,35.6766809285899 -79.170978899475,35.6766779286995 -79.1709288995396,35.6766769288048 -79.1708798996222,35.6766719289167 -79.1708298996964,35.6766689290263 -79.1706828999493,35.676652929364 -79.1705359002359,35.6766299297166 -79.1704869003379,35.676620929837 -79.1703909005491,35.6766009300777 -79.1702009010077,35.6765529305719 -79.1688459047539,35.6761119342904 -79.1682199064849,35.6759079359986 -79.1681259067465,35.6758769362553 -79.1660649126021,35.6751719418973 -79.1657549134724,35.6750679427354 -79.1655619140299,35.6749999432628 -79.1653689146114,35.6749269437997 -79.1651789151989,35.6748519443339 -79.1649889157959,35.6747749448712 -79.1648019164038,35.6746949454078 -79.1646159170201,35.6746129459457 -79.16396791964,35.6742289480076 -79.1638479201245,35.6741579483879 -79.1626579255859,35.6733169524009 -79.1612589320119,35.6723259570576 -79.1612129322395,35.672289957216 -79.1611829324,35.6722639573241 -79.161153932545,35.6722409574244 -79.1610719330027,35.672165957727 -79.1610459331682,35.6721379578309 -79.1610189333203,35.672112957931 -79.1609449338022,35.6720309582308 -79.1608989341211,35.6719759584247 -79.1608769342914,35.6719459585244 -79.1608549344473,35.6719189586183 -79.1608329346176,35.6718889587179 -79.1607929349486,35.6718299589074 -79.1607239356505,35.6717009592855 -79.1606909359684,35.6716429594591 -79.1606839360391,35.6716299594973 -79.160651936327,35.6715779596576 -79.1606419364254,35.671559959711 -79.1605989368032,35.6714919599226 -79.1605539371881,35.6714229601399 -79.1605079375598,35.6713569603532 -79.1604619379411,35.6712889605702 -79.1604129383163,35.671222960789 -79.1603619386842,35.6711589610077 -79.1603109390617,35.6710929612301 -79.160257939432,35.6710289614523 -79.1601889398115,35.6709669617012 -79.1601729398977,35.6709529617582 -79.1600689404195,35.6708699621134 -79.1600409405391,35.6708519622008 -79.1600129406731,35.6708309622938 -79.159926941039,35.6707759625614 -79.1598979411501,35.6707599626468 -79.1598679412769,35.6707409627397 -79.1597459417333,35.6706759630944 -79.1596179421535,35.6706199634433 -79.159588942255,35.6706059635247 -79.159540942403,35.6705869636517 -79.159516942465,35.6705799637105 -79.1594689426129,35.6705609638375 -79.1593459429263,35.670525964137 -79.1593209429798,35.670520964194 -79.1592959430429,35.6705139642546 -79.1592289431845,35.6705009644064 -79.1591939432594,35.6704939644861 -79.1591679432997,35.6704919645393 -79.1591419433544,35.6704869645981 -79.15903794353,35.6704759648166 -79.1590119435607,35.6704759648661 -79.1589859436057,35.6704729649212 -79.1588809437393,35.6704709651248 -79.1588549437603,35.6704729651707 -79.158828943791,35.6704729652202 -79.1580599443,35.6705559665333 -79.1577539445027,35.6705889670567 -79.1571359446369,35.6707129680121 -79.1570149446358,35.6707429681893 -79.1567969446101,35.6708019685002 -79.156688944584,35.6708339686495 -79.1565819445424,35.6708689687918 -79.1563699444425,35.6709419690675 -79.1562659443878,35.6709789692011 -79.1560579442401,35.6710609694544 -79.1559559441592,35.6711029695758 -79.1557609439386,35.6711969697842 -79.1554609435929,35.6713429701043 -79.1551109430284,35.6715469704217 -79.1550319429109,35.6715909704974 -79.1548129425897,35.6717119707099 -79.1545109421703,35.6718739710137 -79.1542059417786,35.6720309713344 -79.1538969414111,35.6721839716722 -79.1526029402849,35.6727389732578 -79.1524789401828,35.6727909734136 -79.1513869391268,35.6732819747458 -79.1513079389812,35.6733319748193 -79.1510449384796,35.6735019750596 -79.1507429376226,35.6737559752421 -79.1504729366035,35.6740359753223 -79.149948934308,35.6746459753812 -79.1496289333112,35.6749339755612 -79.1485459313494,35.6756139766719 -79.1481429304197,35.6759089770288 -79.1477839290844,35.676277977186 -79.1475959281715,35.6765159772013 -79.1466539235646,35.677715977301 -79.1463569227213,35.6779669775387 -79.1462449224447,35.6780529776425 -79.1461979223338,35.6780879776879 -79.1461489222253,35.6781229777376 -79.1460499220288,35.6781889778453 -79.1460319219978,35.6781999778665 -79.1459999219263,35.6782229778989 -79.1458439216739,35.6783149780878 -79.1457899216049,35.6783429781592 -79.1457369215299,35.678371978227 -79.144584920362,35.6789059798635 -79.1433429275404,35.6777129842254 -79.1429819302657,35.6772319856722 -79.1426919330627,35.6767179870108 -79.1425299354585,35.6762559880049 -79.1423629377979,35.6758069889869 -79.1421849401406,35.6753599899845 -79.1420699415739,35.6750879906031 -79.1420179422124,35.6749669908795 -79.1419969424709,35.6749179909912 -79.1416799455595,35.6743489924311 -79.1413889479207,35.6739259936058 -79.1411639498268,35.6735819945334 -79.1409479517313,35.673235995442 -79.1407389536462,35.6728859963385 -79.140535955568,35.6725329972237 -79.1404579564367,35.6723699976005 -79.1401929593885,35.6718159988759 -79.140139960113,35.6716769991686 -79.1400929607923,35.6715459994385 -79.1400489614681,35.6714149997022 -79.140007962145,35.6712829999613 -79.1399699628137,35.6711520002129 -79.1399339634942,35.6710180004645 -79.1399019641557,35.6708870007041 -79.1398729648231,35.6707540009405 -79.1398449655036,35.6706180011789 -79.1398209661651,35.6704850014054 -79.1397999668374,35.67034900163 -79.1397819674918,35.6702160018448 -79.1397669681522,35.6700810020565 -79.1397579690006,35.6699050023123 -79.1397309715699,35.6693720030862 -79.1397209736524,35.6689370036948 -79.1397209757137,35.6685040042819 -79.1397299777692,35.6680700048538 -79.139678980057,35.6676020055819 -79.1396669803472,35.6675440056824 -79.1396459808146,35.6674510058468 -79.1396209812628,35.6673630060115 -79.1396059814994,35.6673170061012 -79.1395749819642,35.6672270062794 -79.1395579821888,35.6671840063685 -79.1395209826558,35.667095006556 -79.1394809831121,35.6670090067448 -79.1394369835635,35.666925006938 -79.1393639842583,35.6667970072428 -79.1393099847119,35.6667150074509 -79.1392529851546,35.6666360076601 -79.1391929856057,35.6665560078759 -79.1391619858181,35.6665190079815 -79.1378489943666,35.6650450122771 -79.1364970031656,35.6635260165984 -79.136202005087,35.663194017528 -79.1359040070304,35.6628580184627 -79.1357670070994,35.6628770186731 -79.1354640067676,35.6630210190117 -79.1353220066003,35.663091019168 -79.1351660063685,35.6631780193278 -79.1350310062121,35.6632440194782 -79.1349040061794,35.6632820196497 -79.1347090061736,35.663331019925 -79.1346200061965,35.6633480200574 -79.1344050064752,35.663342020435 -79.1341150064282,35.6634230208361 -79.1339470063579,35.6634790210581 -79.1338250062911,35.6635230212156 -79.1336370062252,35.6635830214682 -79.1335280062524,35.6636040216314 -79.1333940063563,35.6636150218499 -79.1332250068094,35.6635610222063 -79.1330170073268,35.6635030226343 -79.1328890075992,35.663477022886 -79.1327280078104,35.6634720231697 -79.1325990079368,35.6634770233863 -79.1324580081342,35.6634700236378 -79.132263008385,35.66346502398 -79.1321150084861,35.6634800242179 -79.1319270086528,35.6634910245296 -79.1316960088412,35.6635080249087 -79.1316030089589,35.6635060250715 -79.1313150095835,35.6634450256382 -79.131192009831,35.6634230258754 -79.1310510100141,35.663419026123 -79.1307950101415,35.6634550265237 -79.1305920102972,35.6634720268548 -79.1304040102839,35.6635210271244 -79.1302430103434,35.6635480273723 -79.1300530102993,35.6636040276384 -79.1299050103437,35.6636310278644 -79.129784010442,35.6636400280637 -79.1295290107153,35.6636450284993 -79.1293060109987,35.6636400288905 -79.1290760112097,35.6636520292753 -79.1287320116151,35.6636510298714 -79.1285650117907,35.663655030156 -79.1283510121961,35.6636220305614 -79.1280470127395,35.6635820311293 -79.1278590130389,35.663565031472 -79.1276900133304,35.663545031785 -79.1275490136365,35.6635150320598 -79.1273880139281,35.6634930323607 -79.1270230149588,35.6633650331225 -79.1267350157624,35.6632660337199 -79.1264730163511,35.6632060342315 -79.1262090168523,35.6631650347266 -79.1259870173187,35.663121035152 -79.1257060178017,35.6630880356672 -79.1255100181101,35.6630710360203 -79.1253680182422,35.6630780362569 -79.1249710187135,35.6630760369398 -79.1248360188138,35.6630880371596 -79.1247370188628,35.6631020373158 -79.1246370189224,35.6631140374758 -79.1245690190063,35.6631130375934 -79.124489019019,35.6631300377143 -79.1244220190403,35.6631420378178 -79.1243350190281,35.663166037944 -79.1242470190737,35.6631780380837 -79.1241400191746,35.6631830382627 -79.1240580191897,35.6632000383873 -79.1239780191505,35.663228038498 -79.1238980191869,35.6632400386242 -79.123790019289,35.6632450388051 -79.1237220193634,35.6632460389211 -79.12356601963,35.6632280392063 -79.1234800197678,35.6632200393616 -79.1233790198806,35.6632210395343 -79.1232370200884,35.6632120397868 -79.1231440201399,35.6632240399355 -79.1230760201388,35.6632410400365 -79.1229360200892,35.6632860402355 -79.1228620200431,35.663314040337 -79.122761020052,35.6633370404896 -79.1225260201084,35.6633830408521 -79.1224460201543,35.6633930409808 -79.1223720201838,35.6634050410974 -79.1221760203505,35.6634180414235 -79.1218810207364,35.6634090419401 -79.1217860208659,35.6634050421074 -79.1217180210253,35.6633880422398 -79.1216300211938,35.663374042404 -79.121537021387,35.6633560425802 -79.1214620215734,35.663335042728 -79.1214020217424,35.6633140428499 -79.1213400219467,35.6632860429814 -79.1211790223794,35.6632340433043 -79.1211180225542,35.6632120434285 -79.1210300227887,35.6631840436043 -79.1209150230688,35.663153043829 -79.1207930234419,35.6631040440811 -79.1207330236344,35.6630780442067 -79.1206710238386,35.6630500443373 -79.1204470246039,35.6629430448136 -79.1204010248413,35.6629040449259 -79.1203120252514,35.662839045134 -79.1202050257673,35.6627560453879 -79.1200880262617,35.6626800456525 -79.1199940266964,35.6626110458715 -79.1198840271072,35.6625510461097 -79.1197980274146,35.6625070462933 -79.1197030277278,35.6624640464911 -79.1195930281055,35.6624110467226 -79.1195200283459,35.6623780468742 -79.1194520285239,35.6623570470072 -79.119229029245,35.662259047467 -79.118797030482,35.6621030483268 -79.1187080307079,35.6620770484985 -79.1186410308846,35.6620560486288 -79.1185400311056,35.6620340488173 -79.1184050313566,35.6620140490615 -79.1183300315238,35.6619970492018 -79.1181820318463,35.6619650494773 -79.1181090320112,35.6619480496141 -79.118020032237,35.6619220497849 -79.1177430329589,35.6618370503192 -79.1176820331334,35.6618150504394 -79.1176280333468,35.6617830505555 -79.1175200338112,35.6617110507938 -79.1174660340764,35.6616680509184 -79.1173970344061,35.6616150510758 -79.1173220347004,35.661571051236 -79.1172750349385,35.6615320513453 -79.1171730354148,35.6614560515754 -79.1169970361322,35.6613470519543 -79.1169090364838,35.6612940521422 -79.1166780373119,35.661175052619 -79.1165980375553,35.6611430527768 -79.1164560379552,35.6610930530513 -79.1162800383099,35.6610610533684 -79.1160710386932,35.6610310537386 -79.1159970388073,35.6610250538661 -79.1157620390419,35.6610330542509 -79.1156810390793,35.6610450543767 -79.115601039092,35.6610620544972 -79.1155260390989,35.6610790546094 -79.1153660390208,35.6611350548347 -79.1152850389547,35.6611690549447 -79.1152250388972,35.6611960550251 -79.1151050387728,35.6612520551844 -79.1150380387188,35.661280055276 -79.1149640386493,35.6613130553757 -79.1148310385071,35.6613760555525 -79.1147430384351,35.6614130556731 -79.1146690383892,35.6614410557768 -79.1144220382241,35.6615370561222 -79.1143480381783,35.6615650562264 -79.1142340380989,35.6616100563858 -79.1141610379955,35.6616500564803 -79.1140860378991,35.6616890565789 -79.1139200377202,35.6617680568028 -79.1138260376036,35.6618160569276 -79.1137660375086,35.6618510570044 -79.1136800374016,35.6618950571189 -79.1135250371584,35.6619850573183 -79.1133910369238,35.6620680574878 -79.1132780366178,35.6621610576156 -79.1132310364844,35.662201057668 -79.113185036331,35.6622450577161 -79.1130910361299,35.6623110578309 -79.112944035873,35.6624020580191 -79.1128770357769,35.6624390581081 -79.1128110356703,35.6624780581943 -79.112724035513,35.6625330583056 -79.112570035269,35.6626230585081 -79.1123290348678,35.6627680588238 -79.1122690348014,35.6627970589073 -79.1121950346807,35.662841059005 -79.1121310346047,35.6628730590936 -79.1118350341316,35.6630470594881 -79.1117550339992,35.6630950595945 -79.1116610338737,35.6631450597239 -79.1116010337556,35.6631850598015 -79.1115410335671,35.6632400598697 -79.1114800333986,35.6632910599423 -79.1114280331961,35.6633470599964 -79.1113670330088,35.6634020600668 -79.1113210328839,35.6634400601222 -79.1112730327332,35.6634840601774 -79.111181032474,35.6635620602874 -79.1111270323537,35.6636010603563 -79.111081032196,35.6636460604078 -79.1110270320851,35.6636830604782 -79.110974031959,35.6637230605452 -79.1109210318658,35.6637560606166 -79.1108730317339,35.663796060675 -79.1108070315338,35.6638550607531 -79.1107280312784,35.6639290608448 -79.110674031116,35.6639770609092 -79.1105610307454,35.6640840610404 -79.1104610303503,35.6641930611484 -79.1103940301186,35.6642590612253 -79.1103210299126,35.6643210613153 -79.110242029587,35.6644100613999 -79.1101550291957,35.6645150614892 -79.1101160289596,35.6645750615217 -79.1099700281678,35.6647800616559 -79.1099370279435,35.6648360616807 -79.1098970277602,35.6648850617221 -79.1098230274853,35.664962061807 -79.109731027175,35.6650510619169 -79.1096760269765,35.6651070619812 -79.1095980265561,35.6652160620553 -79.1095440263283,35.6652780621147 -79.1094920261826,35.6653220621812 -79.1094190258784,35.6654050622625 -79.1093260253397,35.6655430623478 -79.1093060250815,35.6656030623488 -79.1093070247425,35.6656750623055 -79.1092870243859,35.6657560622944 -79.1092750241138,35.6658170622807 -79.1092620235613,35.6659380622342 -79.1092370230182,35.6660600622087 -79.1091340214686,35.6664160621894 -79.1090750207026,35.666594062194 -79.1090430203836,35.6666700622084 -79.1090300201596,35.6667210622028 -79.1089970198417,35.6667970622192 -79.108970019484,35.6668800622209 -79.1089450192084,35.6669450622294 -79.1088410186361,35.6670930623344 -79.1088190182115,35.6671890623202 -79.1087080175866,35.6673500624318 -79.1085870169593,35.667514062561 -79.1084620161727,35.667713062679 -79.1084160158609,35.6677910627202 -79.1083570155409,35.6678740627826 -79.1083030152198,35.6679560628366 -79.1080980142696,35.6682100630752 -79.1080440140939,35.6682610631471 -79.1080040139112,35.6683100631944 -79.1079320136535,35.668383063288 -79.107885013479,35.6684320633485 -79.1078190132987,35.668487063441 -79.1076580127895,35.6686360636598 -79.1075980125694,35.6686980637382 -79.107559012409,35.6687420637873 -79.1074930122054,35.6688020638782 -79.1074120119866,35.6688690639936 -79.1073460117736,35.6689310640839 -79.1072850115688,35.6689900641667 -79.1072460114038,35.6690350642159 -79.1071460110763,35.6691300643531 -79.1070790108927,35.6691860644493 -79.107032010723,35.6692340645124 -79.1068320101478,35.669407064798 -79.1067460099164,35.6694780649232 -79.106692009816,35.6695130650068 -79.1065920095496,35.6695950651532 -79.1065060093088,35.6696680652782 -79.1064540091405,35.6697170653514 -79.1063460087712,35.6698230655019 -79.106299008597,35.6698720655661 -79.1062520083901,35.669928065627 -79.106206008271,35.6699650656955 -79.1061400080349,35.6700320657871 -79.1060530077768,35.6701090659138 -79.1059790075737,35.6701710660236 -79.1059130074126,35.6702220661237 -79.1058530072773,35.6702660662162 -79.1058060071032,35.6703150662815 -79.1057590068964,35.6703710663436 -79.1057000066569,35.6704370664239 -79.1056060062995,35.6705370665546 -79.1054280053482,35.6707850667754 -79.1053490049029,35.6709000668718 -79.1053030046201,35.6709720669257 -79.1052300040789,35.6711060670024 -79.1050450026775,35.6714520671958 -79.1049830022451,35.6715600672651 -79.1049400018137,35.6716630673002 -79.1049010015275,35.6717340673428 -79.104814001195,35.6718270674683 -79.1047340008496,35.6719210675802 -79.1046670007135,35.6719670676892 -79.1045540005196,35.6720370678769 -79.1044670004073,35.6720830680252 -79.1043940003065,35.6721230681492 -79.1043060001766,35.6721730682981 -79.1042530000334,35.6722170683816 -79.1041929998424,35.6722730684736 -79.1041469997237,35.6723100685469 -79.1040929996004,35.6723500686345 -79.1040189994073,35.6724100687525 -79.1039729992559,35.672454068823 -79.1039189991139,35.6724980689093 -79.103779998675,35.672627069125 -79.1037329984687,35.6726830691928 -79.1036999982598,35.6727360692345 -79.1036609980954,35.6727810692916 -79.1035999978777,35.6728430693847 -79.1035609976432,35.6729030694356 -79.103494997029,35.6730510695019 -79.1034499964882,35.6731780695364 -79.1034359962194,35.673239069538 -79.1034109958608,35.673322069552 -79.1033979954972,35.6734030695432 -79.1033929951149,35.6734860695179 -79.1033859948191,35.673551069504 -79.1033669945563,35.6736120695158 -79.1033409942222,35.6736900695343 -79.1033079939573,35.6737550695724 -79.1032549936554,35.6738330696449 -79.1031879933701,35.6739110697454 -79.1031419932143,35.6739560698182 -79.1030859930749,35.6740000699115 -79.1030159928821,35.6740590700266 -79.1029679927287,35.6741040701038 -79.1029229924922,35.674166070168 -79.1028829922591,35.6742260702232 -79.1028499920364,35.6742820702662 -79.1028229916569,35.6743700702841 -79.1028049913228,35.6744460702889 -79.1027919909501,35.674529070281 -79.1027789906803,35.6745900702821 -79.1027809899623,35.6747430702153 -79.1027809896957,35.674800070192 -79.1027829894221,35.6748580701641 -79.1028029891644,35.6749080701033 -79.1028369888901,35.6749580700141 -79.1028779886168,35.6750060699115 -79.1029189883108,35.6750610698059 -79.1029729879705,35.6751200696723 -79.1030209877309,35.6751590695589 -79.1031159873371,35.6752190693415 -79.1031839870784,35.6752570691877 -79.1032579867845,35.6753010690191 -79.1033319864484,35.6753540688466 -79.1034009861089,35.6754090686831 -79.1034679858232,35.6754530685282 -79.1035299855762,35.6754900683864 -79.1036119851978,35.6755500681938 -79.1036789848419,35.6756090680319 -79.1037469844708,35.6756710678666 -79.1038019842087,35.6757130677362 -79.1038479839526,35.6757560676236 -79.1039109835687,35.6758220674661 -79.1039579833255,35.6758620673526 -79.1039999830742,35.6759050672478 -79.1040409828007,35.6759530671427 -79.1040879825106,35.6760030670245 -79.1041559820738,35.6760790668515 -79.1041759817645,35.6761400667834 -79.1042039812771,35.6762370666827 -79.1042299804832,35.6764000665565 -79.1041529805096,35.6764140667086 -79.1040389804631,35.6764530669258 -79.1038509801635,35.6765650672636 -79.1037919800046,35.6766140673639 -79.1037519798465,35.6766580674272 -79.1036789795172,35.6767470675393 -79.1035449791252,35.6768650677653 -79.1034719789878,35.6769130678958 -79.1034129788525,35.6769570679991 -79.1033449787278,35.6770010681212 -79.1032189784012,35.6771030683393 -79.1031659782588,35.6771470684308 -79.1030979781108,35.6771960685514 -79.1030389779989,35.6772350686577 -79.1028979777746,35.677319068916 -79.1028379777154,35.6773470690293 -79.1027239776178,35.677397069246 -79.1025019775185,35.6774750696768 -79.1024279775275,35.6774920698242 -79.1022669775845,35.6775210701483 -79.1020189776894,35.6775620706493 -79.1019379777068,35.6775790708117 -79.1018439777118,35.677602070999 -79.1017439777566,35.6776180712015 -79.1016219778464,35.6776300714516 -79.1015469779549,35.6776260716097 -79.1014749780877,35.6776160717638 -79.1013999782008,35.6776110719222 -79.1012849783571,35.6776070721638 -79.1011839785106,35.6776000723772 -79.1010969786287,35.6775970725599 -79.101022978764,35.6775870727179 -79.1009349788458,35.6775920728997 -79.1008619788537,35.6776090730459 -79.1007479787799,35.6776540732678 -79.1006799787257,35.6776830733995 -79.1005609785644,35.6777480736251 -79.1004799784744,35.6777880737805 -79.1003999783693,35.6778310739328 -79.100285978132,35.6779110741437 -79.1001319778539,35.6780100744325 -79.099997977678,35.6780820746892 -79.0999319775516,35.6781260748129 -79.0998519773578,35.6781880749602 -79.0996919766995,35.6783700752363 -79.0996389765342,35.6784190753318 -79.0995789763679,35.6784700754416 -79.0995189761269,35.6785370755463 -79.0994589758159,35.6786190756463 -79.0993599752669,35.6787620758094 -79.099319975058,35.6788170758764 -79.0992669747014,35.6789070759599 -79.0991889741272,35.6790500760798 -79.0991489739184,35.6791050761473 -79.0991089737377,35.6791540762169 -79.0990689735756,35.6791990762878 -79.0989019731271,35.6793380766 -79.0987829727097,35.6794580768168 -79.098722972469,35.6795250769243 -79.0986149720526,35.6796420771196 -79.0985629718116,35.6797070772112 -79.0984959715841,35.6797730773349 -79.0984279713764,35.679835077462 -79.098369971236,35.679880077573 -79.0981829708447,35.6800120779357 -79.0980689707157,35.6800690781641 -79.0976679696301,35.6804050789326 -79.0972109690695,35.6806430798557 -79.0970959687834,35.6807340800806 -79.0969739684965,35.6808270803207 -79.0969219683865,35.6808640804239 -79.0967879677037,35.6810450806683 -79.0966769673944,35.6811400808857 -79.0964199669252,35.6813070814041 -79.0962089655616,35.6816540817807 -79.0961749653369,35.6817110818414 -79.0958489648815,35.6818930825138 -79.0951759652272,35.6819930839709 -79.0943379665547,35.6819250858273 -79.0937339668314,35.6820220871375 -79.0928899662436,35.6823670889405 -79.0921039652056,35.6827940906186 -79.0912889642506,35.6832110923797 -79.0897539645308,35.683550095778 -79.0892929659945,35.683355096823 -79.0881799688218,35.6830360993214 -79.0871229699599,35.6830661016743 -79.0865899692399,35.6833601028627 -79.0865169691379,35.6834011030261 -79.0860419691185,35.6835291040904 -79.085519970863,35.6832891052514 -79.0854809711931,35.6832281053364 -79.0853069726834,35.6829521057143 -79.0850139746093,35.6826131063507 -79.0842149757456,35.6825761081184 -79.0836469748468,35.6829181094036 -79.0832039728109,35.6834731104392 -79.083054970976,35.683908110814 -79.0828879702472,35.6841091112095 -79.0826649699985,35.6842211117239 -79.0824109700792,35.6842701123026 -79.0821629703518,35.6842761128633 -79.0819289709455,35.6842091133833 -79.0814499726458,35.6839671144311 -79.0813589730336,35.6839071146275 -79.0792909762028,35.6837631192499 -79.0784539776316,35.6836731211098 -79.0786739716336,35.6849131208736 -79.0787349699649,35.6852581208059 -79.0787799690874,35.6854361207396 -79.0789879651041,35.6862431204246 -79.0791239624929,35.6867721202143 -79.0791969611095,35.6870521200991 -79.0802649406111,35.6912021183033 -79.0813159156472,35.6963171164586 -79.081697906559,35.6981781157201 -79.0823638989148,35.6996501141454 -79.0841738786993,35.7035251096037 -79.0858428500765,35.7092441051487 -79.0864768435097,35.7104861033211 -79.0876848371463,35.7115260997583 -79.0928348151842,35.7148360840218 -79.0931358133092,35.7151560830545 -79.0935668106012,35.7156190816599 -79.0941128053742,35.716591079806 -79.0944488025157,35.7171120786669 -79.0946538003375,35.7175230779487 -79.0951737901673,35.7195620758931 -79.0953947854594,35.7205110749849 -79.0956917793609,35.7217370737586 -79.0973407704833,35.7231820680621 -79.1002857547449,35.7257320575956 -79.1005097535649,35.7259220567852 -79.1037687367699,35.7286020447841 -79.1038577361385,35.728712044434 -79.1043357336486,35.7291100426317 -79.1048697308689,35.7295540406071 -79.1052677291098,35.7298180391219 -79.1064757222745,35.7309380344202 -79.1069007198685,35.7313320327496 -79.1069137197951,35.7313440326984 -79.1070737189,35.7314900320683 -79.1067067186246,35.7316520332581 -79.1065847185278,35.7317070336537 -79.106435718415,35.7317730341378 -79.1058677179837,35.7320250359881 -79.1036547163087,35.7330070432666 -79.1022217155748,35.7335690480683 -79.1012647151676,35.7339270513044 -79.099827714842,35.7344040562169 -79.0990837148191,35.7346200587839 -79.0983697148413,35.7348180612578 -79.0973057149177,35.7351040649604 -79.0964017150723,35.7353280681231 -79.0953277154021,35.7355630719008 -79.0943767158074,35.7357470752614 -79.0933537164021,35.7359110788921 -79.0924837169852,35.7360340819891 -79.0913667177156,35.7361960859727 -79.0908477182099,35.7362380878304 -79.0893597194066,35.7364060931592 -79.0872957208041,35.7366961005713 -79.0855457224867,35.7368351068764 -79.0836267245158,35.7369481138016 -79.0814467268469,35.7370711216814 -79.0793347291118,35.7371891293283 -79.0786577298373,35.7372271317822 -79.078238730298,35.7372481333011 -79.0778197307448,35.7372721348211 -79.0772877312636,35.7373131367544 -79.0769837315344,35.737342137861 -79.076484731954,35.7373951396798 -79.0762917320679,35.7374261403864 -79.0760217322104,35.7374731413766 -79.0758297322815,35.7375131420828 -79.0754587323971,35.7375951434502 -79.0754157324036,35.7376061436092 -79.0740897326155,35.7379431485237 -79.0718757328757,35.7385271567886 -79.0703657331821,35.7388981624519 -79.0695997332981,35.7390951653397 -79.0689087334847,35.7392551679432 -79.0684377337321,35.7393381697089 -79.0678837341228,35.7394141717778 -79.067413734507,35.739467173529 -79.0669737349571,35.7394971751596 -79.0664047356117,35.739520177261 -79.0656307365725,35.7395361801124 -79.0648527377316,35.7395101829555 -79.0634937400523,35.7394001878809 -79.0614627436641,35.739204195207 -79.0593477471757,35.7390542028524 -79.0575127503623,35.7388932094494 -79.0556417535957,35.7387322161627 -79.055126754484,35.7386882180081 -79.0538937563257,35.7386452224741 -79.0512327604008,35.738530232083 -79.0510597606635,35.7385232327077 -79.0506377613085,35.7385052342301 -79.0453317694189,35.7382782533389 -79.043868771656,35.7382152585964 -79.0427167734191,35.7381652627325 -79.0409467761282,35.7380882690815 -79.0383957800137,35.7379812782246 -79.0353137847141,35.7378502892499 -79.0305267920136,35.7376463063328 -79.02840179525,35.737556313901 -79.0285537941232,35.737761313656 -79.028613793678,35.737842313559 -79.0287417928401,35.7379903133143 -79.0287317921048,35.7381563135974 -79.0285977822191,35.7403883174101 -79.0280727436303,35.7491043324523 -79.0276447238073,35.7562653475597 -79.0267786873082,35.7706933787002 -79.0243186661314,35.7801104061912 -79.0223736487957,35.7877954282428 -79.0215766461503,35.7892374339966 -79.0190606494863,35.7893074436226 -79.0136076570418,35.7893344642475 -79.0100706619467,35.7893504776219 -79.010017662013,35.7893534778275 -79.0092646630401,35.7893634806869 -79.0088106636646,35.7893674824072 -79.0049656689382,35.7894074969867 -79.0006016749198,35.7894545135356 -79.0003256753007,35.7894565145804 -78.9975706724757,35.7894085069489 -78.9972466720338,35.7894035057675 -78.9961346705273,35.7893825017064 -78.9960396703913,35.7893835013645 -78.9959666702862,35.7893845011021 -78.9958816701538,35.7893895008034 -78.9957986700294,35.7893925005085 -78.9957146698905,35.7894005002188 -78.9956306697595,35.7894054999237 -78.9955476696168,35.7894154996412 -78.9954636694805,35.7894224993496 -78.9952186690395,35.7894594985287 -78.9951436688948,35.7894744982839 -78.9947986682265,35.7895444971593 -78.9945766677098,35.7896224964939 -78.9942376669231,35.7897404954752 -78.9935436651331,35.7900494935068 -78.9932356643091,35.7901974926514 -78.9916396600174,35.7909684882152 -78.9913736593016,35.7910964874732 -78.990630657325,35.7914444853815 -78.9904186567558,35.791545484787 -78.9897116548733,35.7918754827902 -78.9891766534431,35.7921264812791 -78.9886916521864,35.7923384798807 -78.9882176509518,35.7925474785158 -78.987131648128,35.7930224753764 -78.9869576476751,35.7930984748726 -78.9860116452047,35.793513472133 -78.9856456442677,35.7936664710586 -78.9838806397261,35.7944084658733 -78.9824806361141,35.7949954617441 -78.9822986356526,35.7950684612009 -78.9822216354706,35.7950944609628 -78.9821346352577,35.7951264606982 -78.9820466350461,35.7951574604282 -78.9818686346444,35.7952104598656 -78.981778634438,35.7952384595831 -78.9815066338564,35.795307458703 -78.9814146336714,35.795326458398 -78.9813216334795,35.7953474580927 -78.9812296332999,35.7953644577842 -78.9810426329391,35.7953974571547 -78.9809496327662,35.7954114568375 -78.9806616322452,35.7954494558463 -78.9805416320331,35.7954634554302 -78.9802996316141,35.7954884545856 -78.9800576312142,35.7955064537292 -78.9798136308331,35.7955164528522 -78.9796916306508,35.7955184524087 -78.9794476302944,35.7955194515166 -78.979325630123,35.7955174510665 -78.9792046299614,35.795512450615 -78.9789616296448,35.7954994497034 -78.9788086294614,35.7954854491199 -78.9787086293384,35.7954774487404 -78.9785316291038,35.7954694480789 -78.9775666278237,35.795426444474 -78.9766266266549,35.7953564409169 -78.9759266260474,35.7952094381135 -78.9758116259806,35.7951734376338 -78.975658625903,35.7951214369889 -78.9755066258381,35.7950654363412 -78.9753596257944,35.7950044357038 -78.9752126257647,35.7949384350583 -78.975069625752,35.7948684344212 -78.9749996257534,35.7948314341049 -78.9745866259032,35.7945624321571 -78.9740346264518,35.7940784293546 -78.9718586289244,35.7920734181886 -78.9716656290858,35.7919174172363 -78.9713066292299,35.7916834155561 -78.9710796292966,35.7915444145086 -78.9708516293484,35.7914104134659 -78.9706196293921,35.7912774124108 -78.970384629418,35.7911494113531 -78.9701476294331,35.7910244102935 -78.9699066294401,35.7909004092213 -78.9696646294322,35.7907814081539 -78.969507629376,35.7907224074905 -78.969438629346,35.7906984072021 -78.9693686293117,35.7906754069116 -78.9691556291936,35.7906104060358 -78.9690846291468,35.7905914057482 -78.9688676289838,35.7905404048803 -78.9687206288608,35.7905104042998 -78.9685736287236,35.7904854037271 -78.968032628098,35.790436401688 -78.9660306253936,35.7903933943617 -78.9659596252963,35.7903923941027 -78.9638346224339,35.790344386324 -78.9638056180197,35.791876388589 -78.9638706165452,35.7924253896749 -78.964303611555,35.7943923943012 -78.9648596051738,35.7969154002555 -78.9648836047847,35.7970644005753 -78.9649016043869,35.7972134008732 -78.9649126039703,35.7973654011499 -78.9649176035478,35.7975164014032 -78.9649156030069,35.7977054016897 -78.964907602591,35.7978474018811 -78.9649016023829,35.7979174019679 -78.9648846019481,35.7980614021292 -78.9648616015186,35.7982004022606 -78.964832601066,35.7983444023777 -78.9639665896227,35.8019084047058 -78.9637585868703,35.8027634052568 -78.9636365848648,35.8034014057897 -78.9636185844406,35.8035404059376 -78.9636025840252,35.8036774060898 -78.9635905836072,35.8038174062615 -78.9635805831951,35.8039564064391 -78.9635745827861,35.8040964066331 -78.9635705823801,35.8042364068346 -78.9635695819816,35.8043754070456 -78.9635725815863,35.8045154072732 -78.9635785811441,35.8046734075397 -78.9637515769213,35.8062444106146 -78.9637555767133,35.8063194107455 -78.9637675763776,35.8064434109822 -78.9637845760496,35.8065674112376 -78.9638055757335,35.806689411505 -78.9638335754253,35.8068124118001 -78.9638495752758,35.8068734119544 -78.9638655750948,35.8069454121257 -78.9638995747988,35.8070674124419 -78.9639375745061,35.8071904127747 -78.9639815742313,35.8073104131253 -78.9640055740942,35.8073714133097 -78.9641845732173,35.8077754146068 -78.9649795693821,35.8095534203548 -78.9651655681237,35.8100974219019 -78.9653175665976,35.8107174234406 -78.9655995618614,35.8125394273468 -78.9659115566325,35.814554431676 -78.9659185562916,35.8146784318963 -78.9659215559813,35.8147894320811 -78.9659205553608,35.8150074324179 -78.9659165550393,35.8151184325761 -78.9659105547231,35.815226432722 -78.9659015543964,35.8153364328596 -78.9658905540665,35.8154464329896 -78.9658775537391,35.8155544331088 -78.9658615534012,35.8156644332196 -78.9658435530658,35.8157724333198 -78.9658235527271,35.8158804334122 -78.9657035511147,35.8163804337354 -78.9656275502001,35.8166594338809 -78.9655465492799,35.8169374340054 -78.9654585483567,35.8172124340981 -78.9651145438225,35.8186114349617 -78.962846540217,35.8185864262373 -78.962184539204,35.8185654236698 -78.9614275380373,35.8185444207388 -78.9601515361306,35.8184884157675 -78.9600105359223,35.818481415217 -78.9588415344879,35.8183224105008 -78.9584445340101,35.8182654088952 -78.9580585334084,35.8182574074059 -78.9579515332294,35.8182594069994 -78.9579015331427,35.818261406811 -78.9578025329622,35.8182684064426 -78.9577535328655,35.8182744062641 -78.9576555326807,35.8182834059025 -78.9576065325753,35.8182924057285 -78.9575575324785,35.81829840555 -78.9575095323776,35.8183064053783 -78.9574615322709,35.8183164052096 -78.9574125321683,35.818324405034 -78.9573165319519,35.8183454046981 -78.9571285314994,35.8183964040549 -78.9569895311435,35.8184414035902 -78.9569445310212,35.8184584034433 -78.9568995309047,35.8184734032935 -78.9568545307795,35.8184914031481 -78.956810530653,35.8185104030081 -78.9567665305322,35.8185274028651 -78.9567225304028,35.8185474027265 -78.9566795302691,35.8185694025947 -78.9566365301442,35.8185884024585 -78.95655252988,35.8186324022025 -78.9565085297389,35.8186564020699 -78.9564705296191,35.8186764019542 -78.9564295294827,35.818700401833 -78.9562315287191,35.8188524013014 -78.9560315280363,35.8189754007185 -78.9558345273463,35.8191024001526 -78.9556395266504,35.8192323995986 -78.955448525949,35.8193663990654 -78.9551385247967,35.819588398206 -78.9546905233774,35.8198243968366 -78.9515405138379,35.8213193869253 -78.950965512307,35.8215183850013 -78.9500445102261,35.8217103817326 -78.9485075066599,35.8220603763145 -78.9457274993882,35.8229613668743 -78.9452994980342,35.8231773655269 -78.9450124968434,35.8234163647555 -78.9448984962622,35.8235473644997 -78.9447684954384,35.8237503642833 -78.9446344946166,35.8239503640468 -78.9444954937921,35.8241483637877 -78.9443524929665,35.82434436351 -78.9440724914051,35.8247093629385 -78.944048491293,35.8247333628793 -78.9439724909652,35.8248003626789 -78.9439194907447,35.8248443625353 -78.943891490638,35.8248643624548 -78.9438644905269,35.8248863623811 -78.9437794902079,35.8249453621344 -78.9436964899192,35.8249953618828 -78.9436714898294,35.8250113618083 -78.9435664894979,35.8250633614742 -78.9435404894215,35.8250743613888 -78.9435134893374,35.8250873613023 -78.9434584891794,35.8251093611199 -78.9434024890288,35.8251283609294 -78.9433744889489,35.8251393608362 -78.9433464888781,35.8251473607389 -78.9433174887966,35.8251583606418 -78.9432894887228,35.8251673605458 -78.9432594886547,35.8251733604379 -78.9431724884402,35.8251963601327 -78.943142488372,35.8252023600248 -78.9431134883025,35.8252093599222 -78.9430834882404,35.8252133598114 -78.9430534881722,35.8252193597035 -78.9429014878581,35.825239359142 -78.9427494875801,35.8252473585637 -78.9425964873305,35.8252453579676 -78.9425044872039,35.8252363575983 -78.9424444871188,35.8252313573587 -78.9424144870837,35.8252263572354 -78.9423844870426,35.8252233571149 -78.9423334869786,35.8252163569074 -78.9422494868714,35.8252053565664 -78.942208486812,35.8252023564032 -78.9421244867109,35.8251893560595 -78.9419584865211,35.8251603553756 -78.9418374864096,35.8251303548647 -78.941678486286,35.8250833541831 -78.941601486239,35.8250563538472 -78.9408914858857,35.8247813507151 -78.9401294857277,35.8244143472579 -78.939764485651,35.8242393456045 -78.9386504854955,35.8236813405311 -78.9372994854088,35.8229753343506 -78.9372084854079,35.8229263339329 -78.9371174854009,35.8228793335179 -78.9370274854018,35.8228303331041 -78.9368524854242,35.8227283322907 -78.9367664854441,35.8226753318872 -78.9365154855402,35.8225083306931 -78.9364334855792,35.8224513302998 -78.9363534856307,35.8223913299103 -78.9362244857239,35.822291329278 -78.9357374861525,35.8218893268597 -78.9352414865447,35.8214953244203 -78.9345664870241,35.8209783211307 -78.9335474878486,35.8201683161349 -78.9326024885464,35.8194423115459 -78.9323534886786,35.8192683103612 -78.9321664887453,35.819148309486 -78.9320704887624,35.8190923090442 -78.9319744887857,35.8190343085998 -78.9317784887982,35.8189273077078 -78.9307994889168,35.8183763032354 -78.9304574889183,35.8181973016925 -78.9302964889185,35.8181133009668 -78.9302074889205,35.818066300565 -78.9280154889613,35.8169172906988 -78.9278834889175,35.8168632901254 -78.9278184888973,35.8168362898425 -78.9275054888033,35.8167052884796 -78.9273984887688,35.8166612880148 -78.9273144887433,35.8166262876493 -78.9272294887161,35.8165912872801 -78.926931488494,35.8165092860382 -78.9264674881499,35.8163812841048 -78.925793487517,35.8162382813526 -78.9251074868726,35.8160932785534 -78.9240354858698,35.8158662741816 -78.9234434850956,35.8158112718571 -78.9230744844924,35.8158152704563 -78.9230754841024,35.8159392706154 -78.9239544853147,35.8160012740429 -78.925096486415,35.8162332786888 -78.925758487053,35.8163682813844 -78.9264354876882,35.81651228415 -78.9271864882499,35.8167182872789 -78.927374488474,35.8167432880284 -78.927532488528,35.8168072887136 -78.927763488584,35.8169082897252 -78.9278134885957,35.8169302899443 -78.9277784864067,35.8176132906893 -78.9277814861555,35.8176952908063 -78.9277644861281,35.8176952907413 -78.9277164860475,35.817696290559 -78.9276844859958,35.8176962904367 -78.9276674859684,35.8176962903717 -78.9276284859054,35.8176962902226 -78.9276294857821,35.8177362902778 -78.9276314856197,35.8177892903536 -78.9276334854668,35.8178392904255 -78.9276354853263,35.8178852904923 -78.9276374851921,35.8179292905565 -78.9276404850533,35.8179752906271 -78.9276424849441,35.818011290681 -78.9276454848302,35.8180492907413 -78.9276484847008,35.8180922908081 -78.9276504846072,35.8181232908556 -78.9276534845027,35.8181582909121 -78.9276564844107,35.8181892909634 -78.9276594843031,35.8182252910212 -78.9276624842049,35.818258291075 -78.9276664841146,35.8182892911302 -78.9276694840226,35.8183202911815 -78.9276724839338,35.8183502912316 -78.927675483848,35.8183792912803 -78.9276834837704,35.8184082913483 -78.9276824836782,35.8184372913817 -78.9276864835941,35.8184662914343 -78.92769048351,35.8184952914869 -78.927694483426,35.8185242915395 -78.9276984833387,35.8185542915934 -78.9277034832532,35.8185842916511 -78.927707483166,35.818614291705 -78.9277124830804,35.8186442917627 -78.9277164830057,35.8186702918115 -78.9277224829092,35.8187042918782 -78.9277274828236,35.8187342919359 -78.9277334827397,35.8187642919975 -78.9277384826572,35.818793292054 -78.9277434825748,35.8188222921104 -78.9277484824923,35.8188512921669 -78.9277544824115,35.8188802922271 -78.9277594823291,35.8189092922836 -78.9277654822482,35.8189382923439 -78.9277714821674,35.8189672924042 -78.9277774820835,35.8189972924658 -78.9277844820012,35.8190272925312 -78.9277904819297,35.8190532925876 -78.9278004818211,35.8190932926774 -78.9278094817171,35.8191312927608 -78.9278214816054,35.8191732928608 -78.9278344814767,35.8192212929725 -78.9278494813294,35.8192762931007 -78.9278674811682,35.8193372932483 -78.9278784811893,35.8193362932892 -78.9279304812863,35.8193322934835 -78.9295764643698,35.8256343079844 -78.9295664635757,35.8258843082704 -78.9296524627344,35.8262013090164 -78.9297014617069,35.8265583096709 -78.9296944601628,35.8270513102847 -78.9296914597971,35.8271673104238 -78.9289864586155,35.8271653076776 -78.9289484587477,35.8271023074481 -78.9287384594688,35.8267573061848 -78.9283074610392,35.8260213035592 -78.9279644621527,35.8254803015306 -78.9277144596797,35.8261383014068 -78.9277354593901,35.8262423016221 -78.9277554590146,35.8263733018683 -78.9277764585628,35.8265293021506 -78.9278164583583,35.826616302418 -78.9279104582229,35.8267103029045 -78.9280054580269,35.8268243034207 -78.9281274578515,35.8269463040524 -78.9282144576579,35.8270553045314 -78.9283494576109,35.8271433051702 -78.928389457485,35.8272053054059 -78.9284244572758,35.8272913056531 -78.9284374570358,35.8273753058122 -78.9284304567871,35.8274513058831 -78.9284504564748,35.8275623061043 -78.9284704563059,35.8276273062661 -78.9284924561373,35.827693306437 -78.9285864560935,35.8277583068872 -78.9286404560631,35.827797307148 -78.9287014559107,35.8278793074917 -78.9287554556749,35.8279843078379 -78.9287954553812,35.8281003081439 -78.9288504550289,35.8282433085434 -78.9288984547021,35.8283743089001 -78.9289444545123,35.8284603091909 -78.9289694541654,35.8285853094503 -78.9290544542006,35.8286203098273 -78.9291694542431,35.8286693103396 -78.929277454308,35.8287073108104 -78.9293994544092,35.8287413113306 -78.9295104544794,35.8287793118132 -78.9293904541358,35.8288243114032 -78.9292754537851,35.8288743110192 -78.9291474533779,35.8289353105985 -78.9290334530349,35.8289833102156 -78.9288704525992,35.8290343096451 -78.9287094521388,35.829094309094 -78.9284184512515,35.8292203081201 -78.9282704508127,35.8292803076193 -78.9278524492308,35.8295593063452 -78.9276884485924,35.829674305852 -78.9276844483545,35.8297483059315 -78.9276434479066,35.8298693059267 -78.9276164475389,35.8299723059535 -78.92756244695,35.8301313059465 -78.9275494466654,35.8302153060036 -78.9275084462892,35.830313305969 -78.9274884460675,35.8303733059677 -78.9274814458306,35.8304453060328 -78.927475445511,35.8305443061364 -78.9274884450739,35.8306913063761 -78.927481444765,35.8307863064707 -78.9274074439539,35.8310053064619 -78.9273684434933,35.8311313064707 -78.9273204429984,35.8312633064519 -78.9272874426135,35.8313683064572 -78.9272674421696,35.8314993065468 -78.9272404418169,35.8315973065666 -78.9271724403554,35.832027306851 -78.9271464398979,35.8321593069181 -78.9271454395209,35.832279307068 -78.9271594392511,35.8323733072435 -78.9271664389379,35.8324773074043 -78.9271734384684,35.8326313076292 -78.9271804381584,35.8327343077888 -78.9271804378832,35.8328223079016 -78.927182437599,35.8329143080275 -78.9273614379145,35.8329123087289 -78.9275114381799,35.8329103093163 -78.9280104390857,35.832896311261 -78.9285414400466,35.8328823133314 -78.9286374402218,35.8328793137051 -78.9286714402836,35.8328783138375 -78.9288724406495,35.8328723146203 -78.9288994406993,35.8328713147252 -78.929016442402,35.832389314561 -78.9291334441039,35.831907314396 -78.9292314442164,35.8319253148041 -78.9292544445516,35.8318303147712 -78.9295364446043,35.8319693160587 -78.929959444686,35.8321773179905 -78.9303554447628,35.8323723198004 -78.9306454452751,35.8323683209347 -78.9321804480042,35.8323413269306 -78.9343124463789,35.8340653376066 -78.9343624463397,35.8341063378584 -78.9330514400764,35.8353993344032 -78.9329654400403,35.8353623340144 -78.9325224391619,35.835396332309 -78.9324774390741,35.8353993321351 -78.931930438861,35.8351593296579 -78.9308974356799,35.8356043261605 -78.9300664334357,35.835859323208 -78.9299524331182,35.8358973228067 -78.929444431769,35.8360453209898 -78.929222431567,35.8359853200338 -78.9289944313983,35.835911319036 -78.9287854314313,35.8357833180439 -78.92840243141,35.835575316261 -78.9280934313505,35.8354213148412 -78.9278874312999,35.8353223138998 -78.9278644312722,35.8353183138038 -78.9277224288164,35.8360253141519 -78.9274874261271,35.8367543141586 -78.9274534257424,35.8368583141574 -78.9271284220221,35.8378653141604 -78.9268334186161,35.8387873141693 -78.9267934180601,35.8389423142085 -78.9266314155906,35.839639314455 -78.926552414542,35.839929314511 -78.9265514135631,35.8402413149056 -78.9264894122186,35.8406353151615 -78.9264424113109,35.8408983153098 -78.9263804100879,35.8412533155154 -78.9263334089635,35.8415853157513 -78.926271407859,35.8419023159079 -78.9262704072054,35.8421103161692 -78.9261614050254,35.84274331654 -78.9257193936549,35.8461133190549 -78.9256003905908,35.8470203197279 -78.9255633905419,35.847014319571 -78.9254943904374,35.8470073192836 -78.9253883902872,35.8469933188381 -78.9251953900058,35.8469703180302 -78.9250673898341,35.8469503174884 -78.9250033897514,35.8469393172162 -78.9249403896738,35.8469273169468 -78.9248773896055,35.8469123166737 -78.9248143895279,35.8469003164043 -78.9247513894659,35.8468833161287 -78.9246903893983,35.8468693158648 -78.9245663892781,35.8468353153217 -78.9245013892252,35.846814315033 -78.9242873891041,35.8467283140613 -78.9242063890566,35.8466963136942 -78.9240003889978,35.8465953127363 -78.9227403886394,35.8459793068857 -78.9225393885856,35.8458803059525 -78.9224953885623,35.8458623057528 -78.922450388534,35.8458453055504 -78.9224053884962,35.8458313053517 -78.9223603884679,35.8458143051494 -78.9222243883559,35.8457713045481 -78.9220843882146,35.8457353039396 -78.9218943879917,35.8456963031262 -78.9218473879314,35.845688302927 -78.9217983878643,35.8456813027211 -78.9217313877675,35.8456733024414 -78.921610387547,35.8456733019543 -78.921303386997,35.8456703007147 -78.9209943862942,35.8457142995253 -78.9210073867653,35.8455732994031 -78.9210193867935,35.845571299449 -78.9210313869137,35.8455402994589 -78.9211193883714,35.8451312993067 -78.9211483888523,35.8449962992561 -78.9211673891659,35.8449082992235 -78.9211193891105,35.8448982990182 -78.921127389642,35.8447352988485 -78.9212013898303,35.8447182991248 -78.9216543974545,35.8425712982786 -78.9217233986082,35.842246298151 -78.9217933997537,35.8419242980308 -78.9218073999752,35.8418622980097 -78.9219054016075,35.8414022978294 -78.9219744027536,35.8410792977031 -78.9220274035891,35.8408452976234 -78.9222564073801,35.8397762972049 -78.9223634091613,35.8392732970037 -78.9223174088835,35.839335296898 -78.922181408101,35.8395062965698 -78.9220594072575,35.8397042963306 -78.921945406504,35.8398782960931 -78.9218294056832,35.8400722958722 -78.9217434050644,35.8402192957122 -78.9216354043841,35.8403732954729 -78.9215534037657,35.8405222953309 -78.9214804033027,35.84062729517 -78.9214204027772,35.8407592950944 -78.9213654022446,35.8408962950448 -78.9213444016681,35.8410662951718 -78.9213114010447,35.8412442952607 -78.9212304003829,35.8414072951392 -78.9211353996323,35.8415902949863 -78.9210253993844,35.8416062945665 -78.9209363992058,35.8416122942183 -78.9200973980868,35.8414912907165 -78.9189493965596,35.841325285927 -78.9188563949198,35.8417872861199 -78.918794393536,35.8421862863594 -78.9186953912719,35.8428402867617 -78.9180533903007,35.8427822841199 -78.9180353902746,35.8427802840454 -78.9173483892645,35.8427092812082 -78.9172613870722,35.8433452816296 -78.9172023861622,35.8435962816967 -78.9168023855355,35.8435662800563 -78.9160473842195,35.8435512770105 -78.9156923835782,35.8435512755868 -78.9156383834806,35.8435512753703 -78.9153833830199,35.8435512743477 -78.9149003822212,35.8435282723833 -78.9147793820026,35.843528271898 -78.9145983818431,35.8434762711103 -78.9143493817833,35.843355269968 -78.9140923818062,35.8432042687584 -78.9140583818094,35.8431842685984 -78.9140283816295,35.8432232685245 -78.9138053804851,35.8434532679033 -78.9134053786421,35.8438002667098 -78.9130883773836,35.8440122656882 -78.9129993770092,35.8440782654088 -78.9128593764129,35.8441842649717 -78.9126203768017,35.8439302637134 -78.9125453768796,35.8438642633347 -78.9125073769241,35.8438292631411 -78.9124273769865,35.8437652627449 -78.912345377039,35.8437032623431 -78.9123033770602,35.8436732621394 -78.9122603770731,35.8436452619341 -78.9122183770943,35.8436152617304 -78.9121293771149,35.8435592613077 -78.9120913771207,35.8435362611284 -78.9117743770181,35.8433912596875 -78.9115843768923,35.8433242588474 -78.9113943767569,35.843260258011 -78.9112023766117,35.8431982571691 -78.9110093764486,35.8431412563292 -78.9108153762774,35.8430862554878 -78.9106133759164,35.8430852546773 -78.9101503753157,35.8430132527387 -78.9100593751614,35.8430102523706 -78.9097983747203,35.8430012513146 -78.9097783744367,35.8430772513223 -78.9097653742765,35.8431192513187 -78.9096433723594,35.8436402514317 -78.9096103719512,35.843747251423 -78.909544370913,35.8440292514837 -78.9094923700923,35.8442522515323 -78.9094363692021,35.8444942515867 -78.9093803684715,35.8446872515843 -78.9093433678958,35.8448432516155 -78.9093133674534,35.844962251632 -78.9093103671709,35.8450472517179 -78.9093393669074,35.8451442519464 -78.9093763667954,35.8451992521586 -78.9093843665655,35.8452742522773 -78.9096983670033,35.8453152535878 -78.910808368588,35.8454492582092 -78.9106823657881,35.8462402586219 -78.9105733642758,35.846644258652 -78.9104723631059,35.8469472585966 -78.910264361427,35.84734625822 -78.9101953610141,35.8474342580434 -78.9099933603927,35.8475112573168 -78.9098163599863,35.8475362566309 -78.9091853588275,35.8475362540822 -78.9088093581403,35.8475352525624 -78.9088133582488,35.8475042525429 -78.9088233585152,35.8474282524959 -78.9089643622257,35.8463702518485 -78.9090693649911,35.8455812513635 -78.9090793652572,35.8455052513163 -78.9090873654674,35.8454452512794 -78.9091343667074,35.8450912510609 -78.9091403668325,35.8450562510447 -78.9091893681378,35.8446832508122 -78.9092083686582,35.8445342507169 -78.9092593699961,35.8441522504815 -78.9093323718951,35.8436102501498 -78.9093603726465,35.8433952500141 -78.9094063738376,35.8430552498064 -78.9094133740295,35.843000249771 -78.9094223742543,35.8429362497332 -78.9094423744598,35.8428842497534 -78.9099293793445,35.8416532502795 -78.9099573796258,35.8415822503092 -78.9100273803273,35.841405250384 -78.9100403804612,35.8413712503965 -78.9100713807705,35.84129325043 -78.9101153812105,35.8411822504771 -78.9101263812204,35.8411852505246 -78.9101453814822,35.8411152505193 -78.9101513815677,35.8410922505166 -78.9101993820505,35.8409702505668 -78.9103533835941,35.840580250729 -78.9103693837527,35.8405402507465 -78.9104213842747,35.8404082508006 -78.9104513845786,35.8403312508308 -78.9104863849531,35.8402352508589 -78.9105033851232,35.8401922508767 -78.9106703868278,35.839759251039 -78.9107423874888,35.839595251135 -78.9108063881256,35.8394342512025 -78.9108693887604,35.8392732512659 -78.9111133911998,35.8386552515164 -78.9112163922228,35.8383962516236 -78.9112333924054,35.8383492516364 -78.9113773938345,35.8379872517857 -78.9119853998909,35.8364492523968 -78.9121554015817,35.8360192525653 -78.9122594026122,35.8357572526691 -78.9123314033273,35.83557525274 -78.9124384043849,35.8353062528468 -78.9124894048914,35.8351772528966 -78.9125374053764,35.8350532529403 -78.9125974059727,35.8349012529984 -78.9126704067049,35.8347142530665 -78.9129224091772,35.8340852533195 -78.9130034100063,35.8338722533875 -78.9130734106966,35.8336962534556 -78.9131614115793,35.8334702535355 -78.9132954128968,35.8331342536661 -78.9134724146526,35.8326852538314 -78.9136034159536,35.8323522539523 -78.9138084179782,35.8318342541438 -78.9138864187511,35.8316362542152 -78.9140464203287,35.8312322543635 -78.9143764235885,35.8303962546631 -78.9144874246834,35.8301152547633 -78.9145094249013,35.8300592547827 -78.9145864256543,35.8298662548541 -78.9146054258445,35.8298172548701 -78.9146974267515,35.8295842549522 -78.9148824285728,35.8291162551171 -78.9149744294724,35.8288852552007 -78.9150054297857,35.828804255225 -78.9150654303733,35.8286532552788 -78.9152364320589,35.8282192554273 -78.9152784324709,35.8281132554643 -78.9153764334339,35.8278652555496 -78.9154154338213,35.8277652555819 -78.9155794354254,35.827352255726 -78.9157204368292,35.8269892558397 -78.915752437124,35.8269142558742 -78.9158724383021,35.8266102559761 -78.9164494439602,35.8251482564585 -78.9166894463128,35.8245392566545 -78.917098450308,35.823504256987 -78.9172404516893,35.8231462571027 -78.9172914521578,35.8230262571544 -78.9173374526339,35.8229012571807 -78.917366452925,35.8228252572006 -78.9174374536119,35.822647257259 -78.9176134553321,35.8222002573961 -78.9176814560005,35.8220262574472 -78.9177114562865,35.821952257473 -78.917776456921,35.8217872575232 -78.9178754578861,35.8215362575997 -78.9179504586101,35.8213482576601 -78.9180934600013,35.8209862577703 -78.9182464614943,35.8205972578853 -78.9182754617716,35.8205252579092 -78.9183004620137,35.8204622579285 -78.9184504634495,35.8200892580503 -78.918580464686,35.8197682581581 -78.9186294651519,35.8196472581985 -78.9188234668712,35.8192072584054 -78.9192214703985,35.8183032588245 -78.9196794744469,35.8172642593019 -78.9200084773559,35.8165162596386 -78.9200564777796,35.8164072596876 -78.9201504786108,35.8161932597826 -78.920163478727,35.8161632597952 -78.9201904789642,35.816102259823 -78.9201964790151,35.8160892598299 -78.9202984799159,35.8158572599328 -78.9204754814732,35.8154562601125 -78.9205324819804,35.8153252601679 -78.9205964825462,35.8151792602312 -78.920604482613,35.8151622602407 -78.9206464829817,35.8150672602832 -78.9207614839969,35.8148052603969 -78.9207734840986,35.8147792604104 -78.9207764841446,35.8147662604058 -78.9208194845083,35.8146732604543 -78.9216424917303,35.8128072612653 -78.9220814955848,35.8118082616843 -78.9221874965139,35.8115672617847 -78.9222124967303,35.8115112618094 -78.9228095019573,35.8101532623671 -78.9228335021053,35.8101182624138 -78.922980503446,35.8097662625271 -78.9232685059865,35.8091032627805 -78.923353506702,35.8089182628681 -78.9237525101731,35.8080132632304 -78.9237645102799,35.8079852632403 -78.9239295117129,35.8076112633888 -78.9243765155993,35.8065952637832 -78.9245035166844,35.8063122639013 -78.9246555179613,35.8059802640503 -78.9246625180821,35.8059452640322 -78.9249095202199,35.8053852642468 -78.9260755303071,35.8027342652233 -78.9263185323989,35.8021832654231 -78.9264575336002,35.8018662655342 -78.926576534627,35.8015952656292 -78.9266065348847,35.8015272656535 -78.9266635353456,35.8014072657114 -78.9266955356438,35.8013272657277 -78.9267085357415,35.8013022657439 -78.9267495360406,35.8012262657986 -78.9270245378773,35.8007702662331 -78.9273605401154,35.800214266763 -78.928710549033,35.7979952688841 -78.9303945601937,35.7951952714275 -78.9307785627181,35.7945602720025 -78.930888563447,35.7943762721638 -78.9309865647658,35.7939962720243 -78.9310185652239,35.793863271967 -78.931172567443,35.7932182716836 -78.9312055679114,35.7930822716256 -78.9312335683201,35.7929632715716 -78.9313425698878,35.7925072713705 -78.9313795704204,35.7923522713018 -78.9315675731114,35.7915692709574 -78.9317785761451,35.7906852705615 -78.9318305768866,35.7904692704659 -78.9318895777367,35.7902212703535 -78.9324055851193,35.7880662693795 -78.9324175852997,35.7880132693528 -78.9324235853822,35.7879892693428 -78.9324965864256,35.7876842692034 -78.9325395870411,35.7875042691208 -78.9326945892748,35.786850268815 -78.932929592629,35.7858682683611 -78.9331545958243,35.7849322679291 -78.9331845962785,35.7847982678591 -78.9332375970075,35.7845852677667 -78.9334516000696,35.7836862673403 -78.9334726003723,35.7835972672972 -78.9335186010324,35.7834032672041 -78.933641602773,35.7828922669648 -78.933653602937,35.7828442669439 -78.9338086051415,35.7821962666356 -78.9341446099282,35.7807872659565 -78.9342036107698,35.7805392658358 -78.9343936134582,35.7797472654544 -78.9345976163564,35.7788922650363 -78.9348306196556,35.7779182645591 -78.9351416240508,35.7766192639184 -78.9354246280541,35.7754342633264 -78.9362686399727,35.771897261528 -78.9363096403767,35.7717822615161 -78.9374196514641,35.7686112610909 -78.937434651614,35.7685682610846 -78.9378306555588,35.7674362609193 -78.9381856590901,35.7664212607654 -78.9382236594658,35.7663132607494 -78.9383096603207,35.7660672607111 -78.9384726619332,35.7656032606406 -78.9385206624151,35.7654642606164 -78.9385396625996,35.7654112606096 -78.9386036632408,35.7652262605776 -78.9386496636956,35.7650952605572 -78.9389566667276,35.7642212604191 -78.9390846680016,35.7638532603554 -78.9391836689815,35.763570260308 -78.9392346694837,35.7634252602845 -78.9394056711754,35.7629362602009 -78.93962667336,35.7623042600911 -78.9397096741819,35.7620662600485 -78.9397626747005,35.7619162600238 -78.9397866749356,35.7618482600125 -78.9398056751252,35.7617932600019 -78.9398316753838,35.7617182599878 -78.9399876769138,35.761275259912 -78.9399956769961,35.7612512599063 -78.9400536775656,35.7610862598775 -78.9401176781996,35.7609022598428 -78.9401356783787,35.7608502598327 -78.9401636786575,35.7607692598168 -78.9406026829977,35.7595082595753 -78.9409376862671,35.7585582594025 -78.9409716866004,35.7584612593839 -78.9410586874585,35.7582112593336 -78.9410896877579,35.7581242593185 -78.9413196900157,35.7574662591878 -78.9418886955862,35.7558402588576 -78.9424227008016,35.7543142585356 -78.9425507020536,35.7539472584549 -78.9425857023917,35.7538482584346 -78.9426287028112,35.7537252584077 -78.9432117084861,35.7520592580376 -78.9443937202279,35.7486802574705 -78.9446357227249,35.747989257416 -78.9457547343832,35.7447892570807 -78.9465637429092,35.7424762567597 -78.9465967432576,35.7423822567456 -78.9467347447191,35.7419882566844 -78.9468437457309,35.7417212566912 -78.946920746353,35.741561256732 -78.9469857470776,35.7413652566881 -78.9470527478283,35.7411622566411 -78.9473427508531,35.740354256523 -78.9476327539048,35.7395412563901 -78.9476707542938,35.7394382563767 -78.9482657607947,35.7377082559949 -78.9483387619077,35.737401255822 -78.9483557620896,35.7373532558122 -78.9483857624183,35.737266255792 -78.948409762676,35.7371982557778 -78.9484277628759,35.7371452557645 -78.9484497631079,35.7370842557532 -78.9484727633611,35.7370172557371 -78.9485237639111,35.7368722557058 -78.9488177671048,35.7360312555135 -78.9494047735105,35.7343532551047 -78.9495357749444,35.7339792550093 -78.9501257814415,35.7322912545535 -78.9501857821124,35.732117254502 -78.9505817865045,35.7309832541723 -78.9506717874897,35.7307302541015 -78.951516796932,35.7283122533394 -78.9523598064382,35.7259012525085 -78.9525158082067,35.7254552523471 -78.9525418085006,35.7253812523204 -78.9526738099985,35.725004252182 -78.9528258117292,35.7245692520193 -78.953244816559,35.7233572515405 -78.953284816995,35.7232492515046 -78.9533178173545,35.723160251475 -78.9533358175556,35.7231102514568 -78.9533388175948,35.7231002514514 -78.9536118205909,35.7223592511953 -78.9537878225384,35.7218782510217 -78.9544188295121,35.7201652503909 -78.9550178361899,35.7185352497511 -78.9550228362403,35.7185232497479 -78.9551308374425,35.7182312496315 -78.9551638378059,35.7181432495974 -78.9555008415601,35.717234249229 -78.9555158417225,35.7171952492144 -78.9555278418586,35.7171622492002 -78.9555388419791,35.7171332491889 -78.9556858436164,35.7167382490264 -78.9557748446188,35.7164962489229 -78.9558418453665,35.7163162488476 -78.955909846127,35.7161332487704 -78.9559308463532,35.71607924875 -78.9559908470267,35.7159172486806 -78.9574128630849,35.712086246946 -78.9577118664974,35.7112792465544 -78.9577528669779,35.7111652464952 -78.9580248700749,35.710436246138 -78.9596548888945,35.7060462438179 -78.9601638948405,35.7046742430396 -78.9603778973502,35.7040972427046 -78.9604078976886,35.7040202426632 -78.9605468993337,35.7036422424381 -78.9607119012656,35.7032002421786 -78.9612349074427,35.7017902413251 -78.9615689114067,35.7008892407655 -78.9616289121171,35.7007282406651 -78.9617029129954,35.7005292405402 -78.9620799174918,35.6995122398909 -78.9620999177238,35.6994602398591 -78.9621039177724,35.6994492398519 -78.9621069178151,35.6994392398436 -78.9621109178601,35.6994292398379 -78.9621149179086,35.6994182398306 -78.9621199179666,35.6994052398226 -78.9621309180957,35.6993762398045 -78.9621509183314,35.699323239771 -78.9621709185744,35.6992682397345 -78.9621849187427,35.6992302397096 -78.9624429218329,35.6985342392547 -78.9625129226661,35.6983472391331 -78.9625289228647,35.6983022391017 -78.962552923143,35.6982402390631 -78.9626029237257,35.6981102389813 -78.9628509265708,35.6974792385937 -78.9638379379908,35.6949602369837 -78.9644819454959,35.6933182358881 -78.964935950813,35.692161235094 -78.9651769536479,35.6915462346636 -78.9656119587778,35.6904372338751 -78.9656799595803,35.6902642337508 -78.9656839596342,35.6902522337406 -78.9657249601172,35.690148233666 -78.9657429603269,35.6901032336342 -78.9657569604937,35.6900672336079 -78.9658189612311,35.6899082334917 -78.9658229612777,35.6898982334846 -78.9658279613341,35.6898862334766 -78.9658499615981,35.6898292334344 -78.965942962696,35.6895932332633 -78.9659559628496,35.6895602332393 -78.9660579640594,35.6893002330489 -78.9660659641566,35.6892792330329 -78.9661279648925,35.6891212329167 -78.9663229672173,35.6886222325454 -78.9665419698208,35.68806523213 -78.9667339721213,35.6875732317562 -78.9668129730564,35.6873742316071 -78.9669189743343,35.6871012313963 -78.9670239755814,35.6868362311953 -78.9671449770408,35.6865252309533 -78.9672649784771,35.6862202307176 -78.9674179803186,35.6858292304117 -78.9674799810565,35.6856732302911 -78.9674949812473,35.6856322302566 -78.9675829823014,35.6854092300821 -78.9676749834076,35.6851752298976 -78.9677619844647,35.684951229718 -78.9677989848911,35.6848622296517 -78.9680169875435,35.6843012291982 -78.9682539904113,35.68369722871 -78.9686229948911,35.6827562279389 -78.9688429975729,35.6821942274716 -78.9689489988416,35.6819302272562 -78.968996999452,35.6818012271425 -78.9690399999707,35.6816932270532 -78.9693840041837,35.6808142263072 -78.9694620051397,35.680615226137 -78.9695110057557,35.6804862260232 -78.9697960092369,35.6797642254042 -78.9701720138719,35.6788042245638 -78.9701970141851,35.6787392245054 -78.9702940153774,35.6784932242891 -78.9703480160494,35.6783542241648 -78.9707600211476,35.6773042232259 -78.9708390221299,35.6771022230429 -78.9710600248736,35.6765392225317 -78.9711090254909,35.676412222414 -78.9712510272586,35.6760502220822 -78.9713660286911,35.6757572218123 -78.9715530310259,35.6752802213701 -78.9718260344401,35.6745842207194 -78.9718970352378,35.6744272205904 -78.9720920377858,35.6739032200739 -78.9721300382595,35.6738072199834 -78.9722310395302,35.6735492197373 -78.972284040196,35.6734142196084 -78.9723940415935,35.6731302193336 -78.9724460422344,35.6730012192124 -78.9729300483425,35.6717672180148 -78.9734780552935,35.6703692166317 -78.9739720615956,35.6691072153586 -78.9742100646339,35.6685012147408 -78.9744760680517,35.6678202140377 -78.9747370714044,35.6671542133455 -78.9748610729946,35.6668392130169 -78.9749790744286,35.6665602127399 -78.975046075378,35.6663672125206 -78.9755780822604,35.6650082110729 -78.975829085514,35.6643682103831 -78.9761190892883,35.6636272095762 -78.976252091023,35.6632872092033 -78.9765010942662,35.6626532085054 -78.9765970954265,35.6624322082772 -78.9767870980149,35.66192120769 -78.976938099992,35.6615362072592 -78.9769621003726,35.6614582071601 -78.97708510192,35.6611612068374 -78.9771101022688,35.661092206756 -78.9771291025282,35.6610412066967 -78.977311105017,35.6605522061261 -78.977389106189,35.6603162058325 -78.9775251081221,35.6599332053709 -78.977579108886,35.6597822051891 -78.9776991105828,35.6594472047849 -78.9777971119676,35.659174204455 -78.9778371125354,35.659062204319 -78.9778571128194,35.6590062042509 -78.9779001134364,35.6588842041015 -78.9779271138176,35.6588092040105 -78.9779831146104,35.6586532038207 -78.9780481155425,35.6584692035948 -78.9781281166769,35.6582462033224 -78.9781401168453,35.6582132032823 -78.9781541170517,35.658172203231 -78.9782241180368,35.6579792029958 -78.9782531184531,35.6578972028946 -78.9783111192861,35.6577332026917 -78.9785511227073,35.6570622018627 -78.9786701243955,35.6567322014546 -78.9787171250813,35.6565972012844 -78.9787611257141,35.6564732011293 -78.978803126313,35.6563562009835 -78.9788461269311,35.6562352008319 -78.978908127817,35.6560622006156 -78.9789811288699,35.6558562003563 -78.9789861289376,35.6558432003405 -78.9790271295145,35.6557312002014 -78.9791021305908,35.655521199937 -78.9791701315736,35.655329199694 -78.9791981319782,35.6552501995938 -78.9793001334458,35.6549641992317 -78.9795791374578,35.6541841982401 -78.9796901390554,35.6538741978441 -78.9797281396021,35.6537681977084 -78.9801111451454,35.6526941963229 -78.9803961492734,35.6518971952866 -78.9809011566158,35.6504841934289 -78.9813221627693,35.6493041918569 -78.9814231642444,35.6490221914792 -78.9822081757781,35.6468241884975 -78.98290218605,35.6448781858048 -78.9829991874336,35.6446201854515 -78.9830571883172,35.6444521852134 -78.9831181892524,35.6442741849602 -78.9832241908245,35.6439781845448 -78.9837431985527,35.6425261824895 -78.9847962143563,35.6395751782273 -78.984948216649,35.639149177603 -78.985020217667,35.6389641773392 -78.9852982219313,35.6381701761601 -78.9853262223945,35.6380821760252 -78.9854392240703,35.6377741755723 -78.9857642289944,35.6368651742173 -78.9858952309854,35.6364981736669 -78.9861712351862,35.6357251725022 -78.9862352361648,35.6355451722296 -78.9865182404818,35.6347531710269 -78.9865532410125,35.6346561708795 -78.9865922416285,35.6345421707034 -78.9868822461666,35.633706169412 -78.987016248266,35.6333201688129 -78.9870912494419,35.6331041684769 -78.987398254266,35.6322191670938 -78.9874082544241,35.6321901670482 -78.9874152545334,35.6321701670169 -78.9874242546753,35.6321441669761 -78.9874282547402,35.6321321669571 -78.987452255113,35.6320641668508 -78.9874622552753,35.6320341668033 -78.9874662553361,35.6320231667862 -78.9874702553968,35.6320121667691 -78.9874792555429,35.6319851667263 -78.9874982558388,35.6319311666417 -78.9876602583956,35.6314631659043 -78.987699259013,35.6313501657257 -78.9877682600936,35.6311531654153 -78.987780260293,35.6311161653558 -78.9878422612687,35.6309381650743 -78.9879262625949,35.6306961646906 -78.988090265189,35.6302231639385 -78.9882512677291,35.6297611632022 -78.9883552693825,35.6294601627199 -78.9884572710045,35.6291651622463 -78.988471271221,35.6291261621842 -78.9884922715395,35.6290691620941 -78.9887232752268,35.6283991610129 -78.9888562773372,35.6280171603955 -78.9892772840609,35.6268011584154 -78.989919294344,35.6249501553676 -78.99007329681,35.6245081546344 -78.9902733000339,35.6239301536704 -78.9905543045634,35.6231201523132 -78.9912863164184,35.6210081487359 -78.9914913197445,35.6204181477272 -78.9915133201004,35.6203551476194 -78.9915333204271,35.6202971475198 -78.9915653209466,35.620205147362 -78.9917293236171,35.6197321465487 -78.9917903246073,35.6195571462474 -78.9918893262324,35.6192691457493 -78.992194331203,35.6183921442299 -78.9923673340386,35.6178921433586 -78.9927863409095,35.6166841412416 -78.9929623438092,35.6161751403437 -78.993545353425,35.6144931373552 -78.993794357535,35.6137771360732 -78.9938883590917,35.6135061355861 -78.9938943591984,35.6134871355514 -78.9939073594117,35.613450135485 -78.9939183595909,35.6134191354294 -78.9939463600518,35.6133391352856 -78.9939543601884,35.6133151352421 -78.9940103611149,35.613154134952 -78.9940993625973,35.6128961344859 -78.994865375348,35.6106871304649 -78.9950263780319,35.6102241296148 -78.9950413782815,35.6101811295358 -78.995046378372,35.6101651295059 -78.9811683373846,35.6058041095145 -78.9792333314957,35.6051861068796 -78.9791043310964,35.6051461067077 -78.9789683306865,35.6051011065213 -78.9743463163443,35.6036361004334 -78.9741863158358,35.60358710023 -78.9741123156096,35.6035621001319 -78.9737223143819,35.6034390996313 -78.9713983070379,35.6027020966767 -78.9712633066096,35.6026590965067 -78.9711393062142,35.6026200963515 -78.9709453055988,35.6025580961074 -78.9705933044751,35.602447095668 -78.9705193042791,35.6024130955577 -78.9703053035476,35.6023580953127 -78.9699233023344,35.6022350948344 -78.969600301303,35.6021320944331 -78.9690402995056,35.6019550937426 -78.968652298259,35.6018320932656 -78.9674942945255,35.6014650918524 -78.9663582908445,35.6011050904807 -78.9661562901326,35.6010560902627 -78.9660062896355,35.6010110900871 -78.9637712823546,35.6002960874285 -78.9637232821962,35.6002810873725 -78.9635072814919,35.6002110871173 -78.9622662774137,35.5998140856694 -78.9608882728496,35.5993760840865 -78.957412261225,35.5982690801857 -78.9535952482712,35.5970510760565 -78.95304324637,35.5968780754774 -78.9519362425685,35.5965240743167 -78.9499722357776,35.5958970722929 -78.9484942307569,35.595387070749 -78.9461262226786,35.5945590683176 -78.9450562189928,35.5941870672444 -78.9438002146448,35.5937500660023 -78.9433432130567,35.5935910655552 -78.9432122126118,35.5935420654234 -78.9431352123317,35.593519065353 -78.9425802103966,35.5933260648151 -78.9418592078576,35.5930810641287 -78.9403322025264,35.592539062669 -78.9390661980373,35.5921030614963 -78.9384981960196,35.591906060975 -78.9380191943198,35.5917380605363 -78.9371061910602,35.5914210597118 -78.9361161875121,35.5910770588289 -78.9349891834557,35.5906850578383 -78.9323221737997,35.589750055549 -78.9312111697169,35.5893700546311 -78.9304411668897,35.5891020539991 -78.9296681640421,35.5888330533721 -78.9279461576646,35.588234052002 -78.9270321542611,35.5879160512897 -78.9261341509006,35.5876050506012 -78.9254301482663,35.5873580500655 -78.9224871371469,35.5863340479004 -78.9168551154901,35.584376044057 -78.9159991121567,35.5840780435068 -78.9147301070799,35.5836810427396 -78.9141591047892,35.5835020423999 -78.9136481027626,35.5833310420917 -78.9132021009372,35.5832030418395 -78.9063080728269,35.5810430380998 -78.9050530676473,35.5806460374739 -78.900714049525,35.5792930354555 -78.9000020465285,35.5790700351438 -78.8937680199983,35.5771140326546 -78.8818439677284,35.5733810291022 -78.8792249559847,35.5725600285338 -78.8780969508996,35.5722050283125 -78.8757849404137,35.5714820279034 -78.8704649160052,35.569817027188 -78.8670539001549,35.5687450268957 -78.8619558761565,35.5671470267001 -78.8592168631219,35.5662820267165 -78.8565258501908,35.5654500268087 -78.8557658465319,35.5652060268522 -78.8545808408051,35.5648300269317 -78.8509678232036,35.5637000272647 -78.8495308161564,35.5632470274391 -78.8466398018823,35.5623440278559 -78.8456827971348,35.5620420280159 -78.8452447949554,35.5619060280914 -78.8446967922268,35.5617340281899 -78.8446687920875,35.5617250281951 -78.8443177903373,35.5616150282599 -78.8436887871965,35.5614180283794 -78.8430797841506,35.5612270284995 -78.8410647740366,35.560594028927 -78.838468760924,35.5597770295455 -78.8381207591561,35.5596710296318 -78.8379457582679,35.5596160296768 -78.8377357571805,35.5595750297147 -78.8371967544611,35.5593810298731 -78.82477069015,35.5555090340193 -78.8238736854245,35.5552300343844 -78.8236246841106,35.5551530344868 -78.8189976595425,35.5537140365237 -78.8163506453542,35.5528920377942 -78.8150306382434,35.5524800384588 -78.81351163003,35.5520080392453 -78.8121376225748,35.5515750399855 -78.8108916157919,35.5511800406776 -78.8075625975566,35.5501580425727 -78.805319585186,35.5494600439295 -78.8010805616169,35.548142046644 -78.7979675441504,35.5471740487642 -78.7941335224542,35.5459810515238 -78.7922795118899,35.5454050529152 -78.7839234636852,35.5428030596674 -78.7824874553054,35.5423600608988 -78.7817804511685,35.5421400615165 -78.7817574510339,35.5421330615364 -78.7805814441371,35.5417670625766 -78.7800494410106,35.5416010630529 -78.7797284391224,35.5415010633415 -78.7788644340352,35.5412370641152 -78.7781564298553,35.5410130647685 -78.7764494197495,35.540475066363 -78.7764634198507,35.5405140662892 -78.7765014201241,35.5406180660923 -78.776765422018,35.5413390647305 -78.7770224238516,35.542037063418 -78.7771464247178,35.5423430628406 -78.7772374253426,35.5425480624517 -78.7773414260378,35.5427470620694 -78.7774104264894,35.5428610618474 -78.7774774269228,35.5429620616489 -78.7776164278168,35.5431630612526 -78.7777834288716,35.5433690608392 -78.7777964289526,35.5433830608106 -78.7779564299493,35.5435550604595 -78.7782344316603,35.5438170599151 -78.778351432373,35.5439140597096 -78.7785884338031,35.5440850593382 -78.7789824361764,35.5443690587245 -78.7792984380796,35.5446040582228 -78.7795344394985,35.5447790578507 -78.7796634402758,35.5448800576389 -78.7798544414316,35.5450430573034 -78.7799074417537,35.5450920572041 -78.7802894440722,35.5454450564916 -78.7804674451568,35.5456240561368 -78.7807024465984,35.5458880556237 -78.7808764476736,35.5461060552075 -78.7809104478849,35.5461520551207 -78.7812044497063,35.546542054385 -78.7817774532422,35.5473040529596 -78.7818494536852,35.5474000527812 -78.7819754544622,35.5475740524596 -78.7821014552445,35.5477640521124 -78.7822034558807,35.5479270518168 -78.7822814563724,35.5480660515675 -78.7824564574881,35.5484150509484 -78.7826114584818,35.5487440503692 -78.7830994616147,35.549831048474 -78.7834904641079,35.5507020469691 -78.7839724671663,35.5517920451041 -78.7840874678911,35.5520480446685 -78.784210468665,35.5523220442034 -78.7845274706524,35.5530280430105 -78.7845544708216,35.5530890429079 -78.7854094761466,35.5550440396512 -78.7856014773322,35.555483038928 -78.7858734790013,35.5560920379292 -78.7861744808389,35.5567630368353 -78.7861944809611,35.5568090367607 -78.7862234811377,35.5568740366552 -78.7864754826684,35.557437035744 -78.7867074840772,35.5579730348818 -78.7869004852448,35.5584180341693 -78.7871014864525,35.5588670334531 -78.7871124865186,35.5588920334134 -78.7872674874439,35.5592270328809 -78.787422488371,35.559577032327 -78.7874994888446,35.5598010319746 -78.7875124889328,35.5598690318682 -78.787524489039,35.5600210316313 -78.7875214890466,35.5601060314992 -78.787516489031,35.5601460314372 -78.7874984889742,35.5602870312186 -78.7874544887845,35.5604470309714 -78.7873914884987,35.560624030698 -78.7871354872984,35.561189029824 -78.7871024871444,35.5612630297091 -78.7867814856679,35.562034028507 -78.7866514850786,35.5623650279882 -78.7865114844676,35.5627930273153 -78.7864954843982,35.5628430272365 -78.7863754839057,35.5633050265079 -78.7862804835343,35.5637260258425 -78.7861424830099,35.5643760248128 -78.7860784827701,35.5646840243238 -78.7860474826637,35.5648640240379 -78.7860094825612,35.5651730235475 -78.7859984825495,35.5653200233143 -78.7859984825997,35.5654810230597 -78.7859984826251,35.5655630229299 -78.7860114827386,35.5657100226981 -78.7860214828248,35.5658200225246 -78.7860444829916,35.5659720222856 -78.7860684831669,35.5661350220294 -78.7861214835213,35.5663910216283 -78.7861754838532,35.5665590213668 -78.7861974839826,35.5666090212895 -78.7862044840239,35.5666250212647 -78.7862254841477,35.5666740211889 -78.7862344841996,35.5666910211628 -78.7864304853322,35.5670770205696 -78.7866034863044,35.5673350201782 -78.7870244886763,35.5680120191556 -78.7871754895197,35.5682400188145 -78.7871854895752,35.5682540187936 -78.7874544910642,35.5686260182422 -78.7874914912689,35.5686780181654 -78.7875664916832,35.5687820180119 -78.7879044935462,35.569252017322 -78.7880184941728,35.5694100170913 -78.7882254953096,35.5697010166679 -78.7884874967441,35.5700670161385 -78.7885334969954,35.5701310160464 -78.7888524987354,35.5705770154066 -78.7890614998719,35.5708690149905 -78.7890694999155,35.5708810149734 -78.789096500062,35.5709180149209 -78.7891055001109,35.5709310149024 -78.7894155017934,35.5713750142733 -78.7895635025942,35.5715860139762 -78.7895885027297,35.571623013924 -78.7898305040369,35.5719730134334 -78.7899085044615,35.5721040132483 -78.789998504958,35.5722870129872 -78.7900905054744,35.5725180126545 -78.7901345057273,35.5726570124526 -78.7901745059606,35.5728000122442 -78.7902155061984,35.5729420120377 -78.7903095067554,35.573326011477 -78.7903655070797,35.5735230111914 -78.7903705071087,35.5735410111653 -78.7903995072727,35.5736260110432 -78.7904485075432,35.573739010883 -78.7905115078853,35.5738590107153 -78.7905755082264,35.5739520105887 -78.7907025088949,35.5741000103928 -78.7907135089522,35.5741100103801 -78.7908765098018,35.5742650101819 -78.7909075099622,35.5742890101525 -78.7910005104434,35.5743630100615 -78.7910315106038,35.5743880100307 -78.7910585107434,35.5744090100051 -78.7911395111622,35.5744740099253 -78.7911675113069,35.5744960098985 -78.7911995114721,35.5745210098681 -78.7914145125851,35.5747080096362 -78.7914515127774,35.5747450095893 -78.7916045135721,35.5749000093927 -78.7917785144819,35.5751160091116 -78.7918535148763,35.5752240089687 -78.7921225162957,35.5756570083917 -78.7923225173477,35.5759790079652 -78.7924545180429,35.5762060076637 -78.7926575191094,35.5765550072023 -78.7928615201745,35.5768840067729 -78.79288752031,35.5769260067182 -78.7930085209374,35.5771030064913 -78.7931155214914,35.5772600062905 -78.7931315215739,35.5772820062627 -78.7932875223787,35.5775010059855 -78.7935265236038,35.5778030056119 -78.7936625242995,35.5779750054001 -78.7936985244835,35.578020005345 -78.7938065250352,35.5781580051756 -78.7938435252239,35.5782040051196 -78.7940305261765,35.5784370048364 -78.7945945290377,35.5791390039928 -78.7947825299875,35.5793730037147 -78.7949295307282,35.5795510035054 -78.7953715329484,35.5800850028835 -78.7955195336895,35.5802640026768 -78.7958025351035,35.5806080022819 -78.7966515393195,35.581642001115 -78.7969355407211,35.5819870007329 -78.7969885409841,35.5820810006209 -78.7969915410021,35.5821330005499 -78.7970215411792,35.5826139998936 -78.7970325412429,35.5827749996744 -78.797028541244,35.5830839992446 -78.7970165412475,35.5840099979564 -78.7970135412537,35.5843199975255 -78.7972655424615,35.5843199976233 -78.7980245460993,35.5843209979164 -78.7982775473119,35.5843219980131 -78.7985835487786,35.5843239981291 -78.799503553188,35.584332998474 -78.7998105546594,35.5843359985892 -78.7998185546989,35.5846179982154 -78.7998415548115,35.5853679972223 -78.7998455548309,35.5854649970944 -78.7998585548938,35.5857479967216 -78.7998615549086,35.5859239964878 -78.7998635549183,35.5859969963911 -78.7998815550051,35.586454995787 -78.7998895550435,35.5866319955541 -78.799893555063,35.5868559952567 -78.7999025551066,35.5873139946492 -78.7998995550928,35.5874829944223 -78.7998965550787,35.5875289943595 -78.7998835550179,35.5877529940546 -78.7998635549241,35.5879429937918 -78.799851554868,35.5880699936167 -78.7998275547556,35.5882499933653 -78.7998025546385,35.5883709931921 -78.7997745545074,35.5884759930388 -78.7997635544559,35.5885079929909 -78.7997055541844,35.5886909927191 -78.7997015541658,35.5887059926972 -78.799468553077,35.5891519919898 -78.7994195528482,35.5892189918765 -78.7993045523121,35.5893809916039 -78.7990185509812,35.5897359909877 -78.798906550461,35.5898659907577 -78.7988815503451,35.5898969907035 -78.7987725498394,35.5900159904892 -78.7987195495935,35.5900679903927 -78.7985655488799,35.5902189901121 -78.7984405483011,35.5903329898953 -78.7983235477597,35.5904319897025 -78.7982515474265,35.5904859895931 -78.798162547015,35.5905559894531 -78.7981355468902,35.5905779894096 -78.7973685433484,35.5910519883726 -78.7970705419741,35.5911949880232 -78.7966105398504,35.5913389875879 -78.7962425381491,35.5913999873138 -78.7961385376681,35.5914119872435 -78.7958215362022,35.5914499870271 -78.7953995342458,35.5914429868198 -78.7951615331428,35.5914429866974 -78.7948045314884,35.5914439865122 -78.7944495298441,35.5914519863181 -78.7942125287465,35.5914579861875 -78.793981527676,35.5914579860686 -78.7932895244697,35.5914619857065 -78.7930595234041,35.5914639855851 -78.7927475219586,35.5914659854216 -78.7919975184841,35.5914719850265 -78.7918115176226,35.5914739849277 -78.7915005161824,35.5914789847601 -78.7903205107177,35.5914939841296 -78.7897565081063,35.5915019838268 -78.7893225061002,35.5915219835725 -78.7889005041511,35.591545983318 -78.7867864944007,35.5916899820006 -78.7864354927831,35.5917139817806 -78.7856094889766,35.591765981269 -78.7853974879978,35.5917729811476 -78.7849394858839,35.5917889808836 -78.7847644850745,35.5917899807908 -78.7845534840993,35.5917929806762 -78.7846774846979,35.5918659806235 -78.7847904852486,35.5919489805494 -78.7848934857597,35.5920529804367 -78.7849244859153,35.5920899803938 -78.7851014867712,35.5922049803031 -78.7852054872576,35.5922239803277 -78.7852774875888,35.5922199803721 -78.7853454879021,35.5922179804112 -78.7854964885984,35.5922149804958 -78.7855694889354,35.5922149805343 -78.7858704903243,35.5922119806981 -78.785884490389,35.5922119807055 -78.7864534930172,35.5922149810013 -78.7868324947702,35.5922249811859 -78.787148496232,35.5922349813373 -78.7878854996423,35.5922629816835 -78.7882765014512,35.5922779818673 -78.789812508555,35.5923379825896 -78.7900975098728,35.5923499827226 -78.7908355132848,35.5923819830664 -78.7909215136822,35.5923849831076 -78.7911795148746,35.5923959832283 -78.7912665152768,35.5923999832686 -78.7912955154108,35.5924009832825 -78.7913835158173,35.5924039833248 -78.7914135159559,35.5924049833393 -78.791736517448,35.5924159834948 -78.7917935177113,35.5924179835221 -78.7923165201281,35.5924429837635 -78.7925835213635,35.5924669838705 -78.7927065219334,35.5924829839127 -78.7928325225173,35.5925009839535 -78.7930255234136,35.5925419839967 -78.793102523773,35.5925709839956 -78.7931795241333,35.5926059839859 -78.7933115247524,35.5926789839505 -78.7936165261837,35.592862983848 -78.7937615268632,35.5929499838006 -78.7939645278133,35.5930699837376 -78.7945755306663,35.593429983555 -78.7947795316167,35.593549983496 -78.7950905330629,35.5937279834148 -78.7954015345085,35.5939239833101 -78.7955625352565,35.5940329832462 -78.7955845353588,35.5940489832359 -78.7957165359721,35.5941459831732 -78.7960655375927,35.5944219829823 -78.7967245406453,35.594999982552 -78.7973285434311,35.5955779821029 -78.7975685445346,35.5958219819081 -78.7976995451353,35.595946981814 -78.7977095451812,35.5959569818062 -78.7980935469389,35.5963479815 -78.7983555481349,35.5966319812707 -78.798892550575,35.59716898087 -78.7989905510189,35.597266980798 -78.7991435517112,35.5974259806782 -78.7992955523977,35.5975699805788 -78.7999535553583,35.5982099801352 -78.8005265579213,35.5987599797708 -78.8005385579748,35.598770979764 -78.8007685589996,35.5989859796286 -78.8010855604086,35.5992789794492 -78.801185560852,35.5993779793846 -78.8013515615871,35.5995439792761 -78.8014835621705,35.599680979184 -78.801513562303,35.5997119791634 -78.8017125631803,35.5999339790058 -78.8017325632641,35.6000669788459 -78.8019275641173,35.6003729785786 -78.8021585651216,35.6007989781825 -78.8026075670567,35.6017039773236 -78.8026775673566,35.6018479771872 -78.8026875673995,35.6018659771711 -78.8029045683285,35.6022759767975 -78.802980568653,35.6024179766694 -78.8031405693341,35.6027249763907 -78.8036185713552,35.6036489755601 -78.8037735720065,35.6039469752961 -78.8037785720275,35.6039569752871 -78.8039785728635,35.6043559749308 -78.804128573488,35.6046569746632 -78.804181573708,35.6047649745669 -78.8042165738535,35.6048329745077 -78.8042375739406,35.6048749744706 -78.8042515739987,35.604902974446 -78.8042565740193,35.6049139744359 -78.8042625740442,35.6049259744253 -78.8042745740935,35.6049539743992 -78.8042815741225,35.6049689743856 -78.8042855741389,35.6049779743773 -78.8043015742048,35.6050139743442 -78.8043085742335,35.6050309743281 -78.8043155742623,35.6050469743133 -78.8043445743822,35.6051069742598 -78.8043565744316,35.6051329742363 -78.8045625752793,35.6055699738452 -78.8046635756959,35.6057609736837 -78.8047355759886,35.6059329735243 -78.8048115762992,35.6060929733833 -78.8048375764038,35.6061619733174 -78.804862576504,35.6062319732495 -78.8049165767215,35.6063689731208 -78.8049435768302,35.6064369730572 -78.8049575768873,35.6064649730332 -78.8050005770629,35.6065489729623 -78.8050155771242,35.606577972938 -78.8053215783688,35.6071749724383 -78.8054535789052,35.6074159722452 -78.805694579881,35.6078549718967 -78.8057615801516,35.6079759718018 -78.8059555809293,35.6083549714935 -78.8064545829049,35.6093969706306 -78.8067265839741,35.609950970185 -78.806831584385,35.6101649700142 -78.8071275855318,35.6108079694892 -78.8073745864777,35.6113729690221 -78.8075835872733,35.611849968632 -78.8077185877897,35.6121299684155 -78.8078235881966,35.6123109682921 -78.8079255885953,35.6124629682011 -78.8080305890082,35.6126009681301 -78.8081295893992,35.612718968078 -78.8083335902076,35.6129379680006 -78.8083455902551,35.6129509679959 -78.8084895908283,35.6130849679667 -78.8086225913583,35.6132019679483 -78.80880059207,35.6133409679451 -78.8089865928126,35.613485967943 -78.8091745935627,35.6136289679461 -78.8094305945818,35.6138249679504 -78.8103015980333,35.6144889679814 -78.8105335989482,35.614665967993 -78.8106785995195,35.6147749680028 -78.8108436001688,35.6148989680147 -78.811088601131,35.6150839680328 -78.811334602093,35.6152779680432 -78.8114976027291,35.6154069680505 -78.8115246028345,35.6154279680522 -78.8116056031507,35.6154899680585 -78.8116326032557,35.6155119680592 -78.8117716037976,35.6156189680699 -78.8121896054228,35.615941968104 -78.8122646057137,35.6159999681106 -78.8123296059661,35.6160489681178 -78.8123996062379,35.6161009681266 -78.8126116070597,35.6162599681523 -78.8126826073344,35.6163139681603 -78.813198609325,35.6167079682211 -78.8137676115025,35.6171659682709 -78.8137876115782,35.6171839682708 -78.8142706134082,35.6176009682902 -78.8142996135175,35.6176269682905 -78.814516614333,35.6178249682903 -78.8146656148857,35.6179799682705 -78.8148146154301,35.6181569682282 -78.8150236161875,35.6184179681567 -78.8155066179231,35.6190369679822 -78.8157546188126,35.619344967907 -78.8165506216348,35.6203599676569 -78.8174126246452,35.6214729674041 -78.8173486243805,35.6215009673083 -78.8173016241856,35.6215229672364 -78.8171736236634,35.6215609670631 -78.8170656232185,35.6216049669044 -78.8169986229404,35.6216379667999 -78.8169516227435,35.6216659667216 -78.8169246226328,35.6216759666829 -78.8168166221801,35.621741966501 -78.8167496219043,35.6217699664015 -78.8165946212561,35.6218629661416 -78.8164676207292,35.6219289659389 -78.8164296205704,35.6219519658748 -78.8155876171631,35.6221709647535 -78.8147206137805,35.6220379639763 -78.8139206105991,35.6220949630676 -78.8130256070249,35.6222189619828 -78.8122536039153,35.6224379609189 -78.8114346006303,35.6226479598089 -78.8108155981497,35.6228189589519 -78.8106635974858,35.6230949584732 -78.8100355945858,35.6250279555643 -78.8100075944747,35.6250379555216 -78.8099535942575,35.6250709554234 -78.8098725939244,35.6251539552372 -78.8098685939049,35.6251719552119 -78.8098455938135,35.6251809551759 -78.8096765931308,35.6253029548459 -78.8096555930443,35.6253259547957 -78.8096155928843,35.6253479547254 -78.8094735922985,35.6255129543746 -78.8094005919995,35.6255889542042 -78.8093325917165,35.6256829540182 -78.8092995915771,35.6257389539157 -78.8092525913784,35.6258199537682 -78.8092315912824,35.6258919536603 -78.8092315912768,35.6259189536288 -78.8092455913252,35.6259469536118 -78.8092725914105,35.6260399535336 -78.8092835914402,35.6261019534736 -78.8092855914461,35.6261109534654 -78.8092855914221,35.6262269533299 -78.8092795913911,35.6262649532787 -78.8092585912975,35.6263259531836 -78.8091915910167,35.62643495298 -78.8091315907696,35.6265119528216 -78.808997590222,35.6266669524873 -78.8089895901892,35.6266769524664 -78.8088745897125,35.6268479521342 -78.8087735892898,35.6270229518127 -78.8086665888328,35.6272599514104 -78.8085655883908,35.6275449509576 -78.8085195881943,35.6276519507779 -78.8085115881599,35.627671950745 -78.8083835876207,35.6279349502853 -78.8083095873041,35.6281169499834 -78.8082625870943,35.6282819497328 -78.8082555870566,35.6283419496534 -78.8082555870455,35.6284019495822 -78.8082695870857,35.6284739495132 -78.808282587113,35.628594949385 -78.808276587064,35.6287369492095 -78.8080835862583,35.6291329485111 -78.8080425860873,35.6292189483602 -78.80759958433,35.6296689472956 -78.8075305840134,35.6299999468162 -78.8074875838162,35.6302089465137 -78.807265582913,35.6306149457576 -78.807258582865,35.6307489455878 -78.8072545828385,35.6308199454974 -78.8072315826812,35.6312609449382 -78.8071635822157,35.6325829432608 -78.8071415820637,35.6330249427002 -78.8071185819813,35.6330059426943 -78.8070975819024,35.6330119426607 -78.8070715818034,35.6330279426088 -78.807057581749,35.633043942572 -78.8070165815797,35.6331539423876 -78.8069835814359,35.6332919421793 -78.8069165811599,35.6334729418759 -78.8068425808418,35.6337639414299 -78.8068255807699,35.6338239413357 -78.8068135807189,35.6338679412671 -78.8067995806606,35.633911941196 -78.8067545804714,35.6340659409521 -78.8067345803909,35.634110940872 -78.8066605800922,35.6342859405652 -78.8065865797979,35.6344349402895 -78.8064115791125,35.6347259397109 -78.8063375788176,35.6348899394157 -78.80616257811,35.6353679386056 -78.8061555780761,35.6354289385218 -78.8061625780935,35.6354889384574 -78.806175578135,35.6355329384205 -78.8061965782063,35.6355719384001 -78.8062625784384,35.6356369384064 -78.8064045789399,35.6357579384434 -78.8066465797955,35.6359449385314 -78.8067745802463,35.6360499385712 -78.8068225804112,35.636115938554 -78.8068555805222,35.6361759385245 -78.8068755805808,35.636268938438 -78.8068485804642,35.636389938256 -78.8068015802767,35.6364999380609 -78.8067745801636,35.6365989379053 -78.8067615801016,35.6366979377681 -78.8068085802538,35.6368189376834 -78.8068555804125,35.6368959376522 -78.8068615804301,35.6369229376275 -78.8068485803739,35.6369829375376 -78.8068285802939,35.6370329374505 -78.8067405799603,35.6371319372138 -78.8066585796485,35.637233936981 -78.806491579014,35.6374449365022 -78.806390578635,35.6375439362469 -78.8063505784806,35.6376149361069 -78.8061285776369,35.6379279354272 -78.8061015775314,35.6379889353163 -78.8060735774038,35.6381869350361 -78.8060745773966,35.6382669349394 -78.8060675773453,35.6384609346922 -78.8060815773769,35.6385989345421 -78.8061075774515,35.6387359344095 -78.8061215774838,35.6388679342668 -78.8061075774187,35.6389779341131 -78.8061015773838,35.6390769339837 -78.8060675772503,35.6391649338295 -78.8060075770213,35.6392739336141 -78.8059535768233,35.6393129334925 -78.805913576679,35.6393239334244 -78.8058595764856,35.6393289333445 -78.8058115763156,35.6393179332925 -78.8056095756025,35.639251933098 -78.8055825755067,35.6392469330673 -78.8055025752203,35.639251932952 -78.8054285749547,35.6392629328374 -78.8052605743461,35.6393349325189 -78.8051725740282,35.6393679323577 -78.8050845737122,35.6393839322175 -78.8050175734724,35.6393899321185 -78.8048965730412,35.6393839319606 -78.8047685725867,35.6393619318131 -78.8046605722017,35.6393569316718 -78.8046335721048,35.6393619316286 -78.8046005719852,35.6393789315623 -78.8044925715899,35.6394779312906 -78.804277570799,35.6397299306795 -78.8041695704062,35.6398179304204 -78.8040885701138,35.6398619302536 -78.8040085698272,35.6398839301158 -78.8038265691764,35.6399219298174 -78.8036855686712,35.6399659295675 -78.8035905683303,35.6400049293872 -78.8034695678946,35.6400759291302 -78.8034155676976,35.6401419289717 -78.803389567602,35.6401859288798 -78.803348567449,35.6402849286971 -78.8033285673719,35.6403669285649 -78.8033245673557,35.640393928525 -78.803314567315,35.6404659284194 -78.8033155673083,35.6406039282449 -78.8033085672819,35.6406259282072 -78.8032945672312,35.6406419281673 -78.8032545670875,35.640669928076 -78.8032005668928,35.6407189279385 -78.8030725664337,35.6408069276479 -78.8030185662405,35.6408399275305 -78.8029845661184,35.6408669274486 -78.8028905657797,35.6409659271907 -78.8028775657326,35.6409839271495 -78.8027095651244,35.6412249266054 -78.8025605645846,35.6414719260788 -78.8025005643659,35.6416039258244 -78.8024865643127,35.6416749257132 -78.8025075643835,35.6417299256719 -78.8025275644523,35.6417569256653 -78.802681564985,35.6419059256907 -78.8027835653385,35.6419839257346 -78.8027965653832,35.6419989257337 -78.802695565024,35.6420759254919 -78.8026695649318,35.6420919254346 -78.8022715635227,35.6423399245508 -78.8021295630215,35.6424159242508 -78.8022185633297,35.6424859242867 -78.8023135636589,35.6425519243365 -78.80232256369,35.6425589243403 -78.8025225643823,35.6426909244548 -78.8026355647736,35.6427549245336 -78.8027605652064,35.6428199246285 -78.8029105657258,35.642889924753 -78.8030855663311,35.6429719248982 -78.8031195664487,35.6429869249277 -78.803211566767,35.6430259250096 -78.8034875677207,35.643142925256 -78.8035795680382,35.6431829253371 -78.8037845687452,35.643269925521 -78.804049569658,35.6433829257589 -78.8043995708615,35.6435329260739 -78.8046045715652,35.6436209262592 -78.80486257245,35.6437299264953 -78.8056385751034,35.6440599272091 -78.8058975759865,35.6441699274495 -78.8062485771812,35.6443199277758 -78.8070635799457,35.6446699285386 -78.8073125807933,35.6447429288145 -78.807506581453,35.6448009290285 -78.8076825820537,35.6448379292418 -78.8078945827767,35.6448829294984 -78.8082485839829,35.6449599299255 -78.8085335849553,35.6450099302842 -78.8087485856884,35.6450479305549 -78.8089665864315,35.6450859308302 -78.8090015865508,35.6450919308745 -78.8093735878178,35.6451569313449 -78.8095485884136,35.6451869315671 -78.8100865902434,35.6452809322495 -78.8105515918232,35.6453619328411 -78.8108965929942,35.6454219332809 -78.8112505941944,35.6454849337314 -78.811545595194,35.6455369341079 -78.8115615952482,35.6455399341282 -78.8118765963151,35.6455939345326 -78.8126265988523,35.6457229354975 -78.8131836007335,35.6458199362151 -78.8133676013544,35.6458519364525 -78.8138626030143,35.6459679370599 -78.8144166048603,35.6461249377129 -78.8148506063063,35.6462399382352 -78.8148876064295,35.6462499382796 -78.8151016071371,35.6463199385237 -78.815529608547,35.6464699390029 -78.8155716086844,35.6464869390476 -78.8156076088024,35.6465009390866 -78.8156856090569,35.6465339391683 -78.815715609155,35.6465459392005 -78.8157516092722,35.6465619392374 -78.8159076097794,35.646631939397 -78.8161266104903,35.6467309396209 -78.8163736112871,35.6468529398636 -78.8165286117863,35.6469299400161 -78.8170396134238,35.647195940509 -78.8171626138167,35.6472609406273 -78.817663615408,35.647538941099 -78.8181016167886,35.6477959415012 -78.8185326181347,35.6480669418827 -78.8185506181909,35.6480779418991 -78.8188166190032,35.648282942099 -78.8189816194979,35.6484289422052 -78.8191656200419,35.6486069423097 -78.8193236204991,35.6487799423803 -78.8193776206547,35.6488399424038 -78.8202736231837,35.649906942741 -78.8205896240652,35.6502839428674 -78.8208206247051,35.6505619429602 -78.8209636250994,35.6507349430179 -78.8215206266317,35.6513939432651 -78.8217546272706,35.6516709433727 -78.821856627546,35.6517959434163 -78.8221626283686,35.6521719435489 -78.8222656286446,35.652297943595 -78.8223586288967,35.6524049436433 -78.8225516294174,35.6526289437429 -78.8226426296677,35.6527239438003 -78.8227416299391,35.6528279438625 -78.822899630378,35.6529809439745 -78.8229956306441,35.653073944043 -78.8230576308152,35.6531349440865 -78.8230746308625,35.6531509440991 -78.8232776314298,35.6533349442571 -78.8234336318585,35.6534879443688 -78.8235416321421,35.6536179444245 -78.8236266323546,35.6537399444508 -78.8237066325403,35.653880944452 -78.8238386328222,35.6541579444145 -78.8238796328977,35.6542659443832 -78.8238936329234,35.6543029443724 -78.8239316329762,35.6544349443146 -78.823962632995,35.6545879442264 -78.8239766329699,35.6547199441296 -78.8239776329631,35.654738944114 -78.8239836329515,35.6547969440713 -78.8239866329505,35.654816944058 -78.8239486328279,35.6548169439957 -78.8238356324633,35.6548169438102 -78.823798632344,35.6548169437495 -78.8236316318052,35.6548169434754 -78.8234756313019,35.6548169432194 -78.8232796306675,35.654820942894 -78.8231326301891,35.6548289426454 -78.82307463,35.6548329425465 -78.8229676296497,35.6548429423616 -78.8228796293623,35.6548499422107 -78.8227506289381,35.654865941984 -78.8226676286643,35.6548779418365 -78.8221056268077,35.654967940829 -78.8218886260972,35.6549909404505 -78.8218626260071,35.6550039403955 -78.8218476259553,35.6550109403642 -78.821686625425,35.6550349400766 -78.8210746234109,35.6551259389827 -78.8208706227398,35.6551569386169 -78.8207766224312,35.6551699384495 -78.8206576220395,35.6551889382351 -78.8205816217899,35.6551999380992 -78.8204976215128,35.6552149379463 -78.820405621209,35.6552319377781 -78.820237620656,35.6552599374739 -78.8197366190077,35.6553439365652 -78.8195696184583,35.655372936261 -78.8195226183042,35.6553799361765 -78.8193846178508,35.6554029359258 -78.8193386176995,35.655410935842 -78.8192276173352,35.6554289356408 -78.8191146169641,35.6554479354352 -78.8188956162455,35.6554839350374 -78.8187856158843,35.6555029348366 -78.8183956146058,35.6555669341274 -78.8175836119469,35.6557019326461 -78.8172276107835,35.6557589319977 -78.8168386095127,35.6558229312866 -78.8167746093039,35.65583293117 -78.8165846086841,35.6558629308236 -78.8165216084783,35.6558739307076 -78.8163306078557,35.6559039303593 -78.8160026067862,35.655957929758 -78.8157576059883,35.6559969293098 -78.8155676053696,35.6560279289613 -78.8152366042927,35.6560809283546 -78.8142456010726,35.6562409265331 -78.8139156000017,35.6562949259245 -78.813632599084,35.6563409254024 -78.8132395978105,35.6564049246765 -78.8132115977197,35.6564099246242 -78.8128055964043,35.656479923869 -78.8127845963365,35.6564829238306 -78.8125015954217,35.6565269233089 -78.812116594177,35.6565909225938 -78.811991593773,35.6566119223612 -78.8114635920656,35.6567099213671 -78.8110775908173,35.6567879206319 -78.8109675904614,35.6568119204202 -78.8106525894425,35.656881919812 -78.8105875892318,35.6568989196835 -78.8104425887624,35.6569349193988 -78.8103095883315,35.6569699191353 -78.8100105873622,35.6570549185349 -78.8098675868988,35.6570969182459 -78.80978158662,35.6571229180711 -78.8095395858345,35.6572039175698 -78.8093395851826,35.6572869171362 -78.8091705846322,35.6573579167683 -78.8087135831398,35.6575839157313 -78.8081775813831,35.6579159144309 -78.8079085804923,35.6581519136931 -78.8078535803104,35.6582009135411 -78.8075515792947,35.6585829125692 -78.8075375792478,35.6585999125249 -78.8074965791103,35.6586519123925 -78.8074835790665,35.6586699123486 -78.8074745790366,35.6586799123213 -78.8074495789527,35.6587119122401 -78.8074415789258,35.6587229122132 -78.8073925787618,35.6587849120548 -78.8072465782738,35.6589699115821 -78.8071985781133,35.6590329114238 -78.8068125768331,35.6595019101929 -78.8067285765595,35.6595779099558 -78.8066845764171,35.6596119098385 -78.8066405762745,35.6596479097188 -78.8065815760841,35.6596919095634 -78.8064355756148,35.6597899091917 -78.8062635750661,35.6598819087818 -78.8060195742918,35.6599909082257 -78.8055905729356,35.6601639072687 -78.805470572556,35.6602189069924 -78.8052385718204,35.6603469064306 -78.8049115707832,35.6605519056063 -78.804652569962,35.6607319049298 -78.8040745681365,35.6611369034097 -78.8040165679541,35.6611759032588 -78.8038295673664,35.6613019027713 -78.8037215670268,35.6613839024777 -78.8032075654152,35.6617799010687 -78.8029185645111,35.6620329002345 -78.8028835644016,35.6620679001276 -78.8027375639449,35.6622188996752 -78.802635563626,35.6623308993503 -78.8023615627708,35.6626548984457 -78.8017975610226,35.6633258965682 -78.801597560407,35.6635528959135 -78.8015355602167,35.6636208957133 -78.8012515593473,35.6639358947898 -78.8011685590939,35.6640278945194 -78.8011225589537,35.6640778943707 -78.8007415577957,35.6645088931137 -78.8006145574114,35.6646528926929 -78.8005945573509,35.6646738926288 -78.8005565572361,35.6647168925029 -78.8005365571757,35.6647398924361 -78.8005185571214,35.6647618923743 -78.8003605566451,35.6649398918508 -78.8002985564585,35.6650118916423 -78.800124555936,35.6652158910537 -78.7996545545326,35.665776889444 -78.799603554381,35.6658388892672 -78.7994445539094,35.6660358887106 -78.7992955534687,35.6662208881873 -78.7992575533565,35.666267888054 -78.7989595524796,35.6666468869919 -78.7987145517631,35.6669808860853 -78.7985395512537,35.6672228854313 -78.7980025496423,35.6666158852624 -78.7968935462686,35.6653608849523 -78.7967855459365,35.66523488493 -78.7966705455822,35.6651008849065 -78.7964085447715,35.6647838848715 -78.7962075441469,35.6645388848492 -78.7958855431436,35.6641668847883 -78.7957795428123,35.6640458847671 -78.7954635418212,35.663684884707 -78.7953585414908,35.6635648846881 -78.7952575411725,35.6634498846696 -78.7949565402206,35.6631058846189 -78.7948565399033,35.6629918846025 -78.7947615396015,35.6628838845868 -78.7944775386964,35.6625598845438 -78.794383538396,35.6624528845299 -78.7943105381746,35.6624668843801 -78.7941965378273,35.662474884166 -78.7940985375271,35.662469883999 -78.7940525373862,35.6624678839202 -78.793570535904,35.6624038831562 -78.7932465349051,35.6623488826607 -78.7931885347263,35.6623398825708 -78.7931155345015,35.6623298824558 -78.7930635343413,35.6623228823737 -78.7929635340331,35.6623088822167 -78.7926145329573,35.6622598816691 -78.7924825325515,35.6622498814497 -78.792432532398,35.6622468813654 -78.7922735319101,35.6622398810938 -78.7921225314478,35.662239880826 -78.7918335305646,35.6622478803017 -78.7918005304637,35.6622488802417 -78.7912685288507,35.6623288791793 -78.7910395281577,35.6623668787161 -78.7909735279582,35.662378878581 -78.7905685267406,35.6624788777118 -78.790447526377,35.6625078774531 -78.7902295257229,35.6625628769827 -78.78921352268,35.6628138747925 -78.7888755216706,35.6628988740596 -78.7886045208619,35.6629658734729 -78.7877915184407,35.6631668717092 -78.7875215176386,35.6632348711203 -78.7871355164877,35.6633128703072 -78.7865125146341,35.6634418689877 -78.7859785130426,35.6635348678822 -78.7859215128731,35.6635458677624 -78.7857555123808,35.6635808674087 -78.7855935119006,35.6636148670636 -78.7852695109334,35.6636598664093 -78.7848925098086,35.663711865648 -78.784786509493,35.6637278654316 -78.7842975080248,35.6637638644936 -78.7842585079077,35.6637668644185 -78.7841295075175,35.6637678641847 -78.7840475072693,35.663767864037 -78.7839715070378,35.6637638639067 -78.782878503706,35.6637038620373 -78.7827575033368,35.663696861831 -78.7822305017299,35.6636698609274 -78.7818995007247,35.663663860342 -78.7808414974972,35.6636118585263 -78.7797894942796,35.6635468567453 -78.7791194922224,35.6634918556354 -78.7787714911536,35.6634638550585 -78.7779114884991,35.6633718536737 -78.7780934896548,35.6646108518656 -78.7782054903579,35.665366850768 -78.7782524906826,35.6657478501986 -78.7782804909572,35.6661438495692 -78.7783324915755,35.6671068480101 -78.7783604918169,35.6674368474952 -78.7783824919758,35.6676328471996 -78.7784114921345,35.6677858469911 -78.7785464927934,35.6683358463007 -78.7786344932203,35.6686928458547 -78.7788624942876,35.6695488448222 -78.7789164945467,35.6697678445509 -78.7790804953268,35.6704248437433 -78.7791354955871,35.6706448434739 -78.7792214959858,35.6709728430808 -78.7794824971827,35.6719568419132 -78.7795074972958,35.6720488418057 -78.7795484975218,35.6722898414766 -78.7795634976025,35.6723738413634 -78.7795184978099,35.6731098400261 -78.7794934979371,35.6735438392401 -78.7794904980326,35.6737718388471 -78.7794974980955,35.6738668386996 -78.7795204982328,35.6740268384736 -78.7795414983302,35.674111838371 -78.7795944985605,35.6742928381692 -78.7797134990498,35.6746408378162 -78.7800005002315,35.675500836936 -78.7802615012961,35.676281836145 -78.7804605021011,35.6768758355492 -78.7805035022751,35.6770058354182 -78.7807815033893,35.6778358345939 -78.7810615044962,35.678659833792 -78.781209505076,35.6790928333757 -78.7812645052908,35.6792538332214 -78.7813625056722,35.6795398329487 -78.7815565064329,35.6801288323739 -78.7822995092958,35.6823758302247 -78.782369509583,35.6826418299359 -78.7823775096544,35.6827708297405 -78.7823975098289,35.6830838292681 -78.7823825099128,35.6833978287189 -78.7823255098794,35.683688828117 -78.7823155098807,35.6837578279818 -78.7822875098894,35.6839638275818 -78.7822785098938,35.684033827447 -78.7822315099622,35.6845138265539 -78.7822235099732,35.6845938264046 -78.7821745100626,35.6851368254022 -78.7821365102248,35.6857898242413 -78.7821265103575,35.6861878235623 -78.7821315104071,35.6862808234197 -78.7821435105255,35.6865028230797 -78.7822135108341,35.6868368226831 -78.7822485109978,35.6870288224439 -78.7822535110206,35.6870548224121 -78.7823855114666,35.6873478222219 -78.7824985118311,35.6875578221274 -78.7825925121325,35.6877298220538 -78.7825345120056,35.6877758218491 -78.7823625116319,35.6879168212339 -78.7823055115085,35.6879638210293 -78.782006510836,35.6881438200648 -78.7815425097987,35.6884268185582 -78.7811225088732,35.6887028171573 -78.7808315082352,35.688894816183 -78.7806395078154,35.6890208155402 -78.7804925074949,35.6891178150466 -78.780209506882,35.689309814086 -78.7800945066336,35.6893878136952 -78.7800685065777,35.6894058136061 -78.7798815061776,35.6895388129593 -78.7798315060705,35.6895738127872 -78.7796845057567,35.6896778122789 -78.7796355056529,35.6897138121071 -78.7793945051406,35.6898848112714 -78.7792585048525,35.6899818107983 -78.7788495039902,35.6902748093705 -78.778134502498,35.6907918068561 -78.7777605017248,35.6910638055329 -78.7777005015989,35.6911028053283 -78.7775225012276,35.6912218047151 -78.777463501105,35.6912618045107 -78.77719150054,35.6914438035716 -78.777079500307,35.6915168031878 -78.7759244979292,35.6922767992001 -78.7756374973444,35.6924657982041 -78.775540497148,35.692530797865 -78.7751094963056,35.6928687962685 -78.7748864958651,35.6930307954633 -78.7745084951241,35.6933087940895 -78.7730634923822,35.6944517886578 -78.7729434921615,35.6945527881931 -78.7727214917559,35.6947417873282 -78.7725484914452,35.694895786641 -78.7723834911629,35.6950637859462 -78.7723404910921,35.6951117857573 -78.7723204910584,35.6951327856718 -78.772263490965,35.6951967854205 -78.7722444909343,35.6952187853355 -78.7722224908967,35.6952407852434 -78.7721594907915,35.6953077849722 -78.7721384907569,35.6953307848806 -78.7717374900898,35.6957537831571 -78.7717104900423,35.6957777830491 -78.7716264898988,35.6958587827012 -78.771534489734,35.6959347823433 -78.7714364895537,35.6960077819764 -78.771249489204,35.6961367812947 -78.770567487919,35.6965787788538 -78.7704164876403,35.6966827783005 -78.7702204872909,35.6968347775498 -78.770200487257,35.6968527774685 -78.7701274871361,35.6969227771637 -78.7700514870159,35.6970037768309 -78.7698924867751,35.6971877761069 -78.7697924866332,35.6973167756261 -78.7696384864167,35.6975167748825 -78.7695004862313,35.6977067741949 -78.7694054861227,35.6978647736699 -78.7691404858257,35.6983087721966 -78.7687944854196,35.6988507703379 -78.7686544852965,35.6991257694786 -78.768545485229,35.6993787687351 -78.7684564852101,35.6996357680318 -78.7684304852195,35.6997317677865 -78.7683184852501,35.7001297667585 -78.7682814852772,35.7002847663738 -78.7682484853022,35.7004237660292 -78.7680054856581,35.7016807630425 -78.7678664857743,35.7022687615786 -78.7678524857896,35.702332761422 -78.7677284858532,35.7027967602288 -78.767666485863,35.7029967596926 -78.7675274858462,35.7033887585965 -78.7673584857771,35.7037937573982 -78.7671824856619,35.7041517562699 -78.7670994855955,35.7043027557712 -78.7668884853926,35.7046367545974 -78.7667844852821,35.7047857540479 -78.7666054850807,35.7050247531346 -78.7663574847838,35.705327751921 -78.7661084844505,35.705580750799 -78.7659394842064,35.7057267500861 -78.7657694839393,35.705843749426 -78.7656464837384,35.7059177489687 -78.7654784834577,35.7060097483612 -78.7652964831385,35.7060887477428 -78.7650884827673,35.7061697470536 -78.7648534823398,35.7062497462967 -78.7644334815675,35.7063797449678 -78.7641884811127,35.7064487442052 -78.764042480842,35.7064897437507 -78.7630454790051,35.7067757406294 -78.7626874783539,35.7068847394935 -78.762351477759,35.7070047383907 -78.7622214775424,35.7070667379324 -78.7621234773905,35.7071267375602 -78.7620634773063,35.7071737373115 -78.7620074772355,35.707226737061 -78.7619554771807,35.7072887368026 -78.7618894771336,35.7073937364216 -78.7618354771107,35.7074977360733 -78.7618024770989,35.7075637358554 -78.7616884771133,35.7078557349732 -78.7613204771952,35.7088277320579 -78.7613054772009,35.708869731934 -78.7611464772252,35.7092707307086 -78.7608244773028,35.7101057281736 -78.7606514772353,35.7104237270732 -78.7605284771395,35.7105937264038 -78.7603884769978,35.7107487257194 -78.7602414768132,35.7108697250851 -78.7600684765735,35.7109857243918 -78.7598194762131,35.7111337234314 -78.7596974760465,35.7112167229389 -78.7595714758931,35.7113227223883 -78.7594824757879,35.7114007219926 -78.7593944756959,35.7114907215747 -78.7593524756576,35.7115397213627 -78.7591794755061,35.7117477204761 -78.7590214753593,35.7119267196878 -78.7588894752133,35.7120497190832 -78.7587144749933,35.712182718343 -78.7586974749693,35.7121927182771 -78.7585414747561,35.712291717657 -78.7584334746019,35.712352717243 -78.7583164744269,35.712409716813 -78.7581864742268,35.7124667163482 -78.7580564740196,35.7125157158998 -78.7579574738579,35.7125487155671 -78.7579084737786,35.712565715401 -78.75751847312,35.7126707141412 -78.7573894729094,35.712712713709 -78.7572344726696,35.7127767131611 -78.7570984724737,35.7128477126489 -78.7568304721129,35.713012711586 -78.7566724719105,35.7131197109381 -78.7565704717879,35.7131967105029 -78.756545471758,35.7132157103959 -78.7564484716513,35.7132987099611 -78.7563724715766,35.7133727096013 -78.756206471439,35.7135597087611 -78.755990471297,35.7138387075907 -78.7559804712895,35.7138507075385 -78.7557764711712,35.7141277064025 -78.7556024710848,35.7143767054049 -78.7553814710609,35.7147767039576 -78.7552684710517,35.7149827032132 -78.755197471031,35.7150967027779 -78.7551314710012,35.7151917023965 -78.7550924709676,35.7152317022053 -78.7550364709111,35.7152807019488 -78.7549824708495,35.7153207017167 -78.7549724708396,35.7153297016704 -78.7543904701094,35.7156896993172 -78.7541884698674,35.7158236984793 -78.754177469855,35.7158316984321 -78.7541054697805,35.715890698109 -78.7540384697216,35.7159556977866 -78.7539634696685,35.7160406973991 -78.753864469613,35.7161666968575 -78.7536464695406,35.716490695563 -78.7535834695248,35.7165886951789 -78.7525054693092,35.7182776885479 -78.7519894692469,35.7190976853257 -78.750849469231,35.7209596780424 -78.7504224696301,35.7220026745296 -78.749571470145,35.7242136677684 -78.7499224712334,35.7242996681069 -78.7505124724781,35.7244506693672 -78.7506134726751,35.7244756696027 -78.7520144754038,35.7248296728631 -78.752608476533,35.7249596742944 -78.7528414769655,35.7250016748761 -78.7531174774682,35.7250426755847 -78.7532474776962,35.7250536759365 -78.7534874781062,35.7250636766085 -78.7537724785839,35.7250666774257 -78.754847480389,35.7250816805005 -78.7551594809104,35.725083681398 -78.7560984824804,35.7250906840973 -78.7564114830044,35.7250936849957 -78.756516483182,35.7250966852929 -78.7568314837169,35.7251076861804 -78.7569374838971,35.7251116864784 -78.7571084841865,35.7251166869622 -78.7576214850571,35.7251346884078 -78.7577494852738,35.7251386887695 -78.7577934853489,35.7251406888926 -78.7578814854981,35.7251436891408 -78.7579084855439,35.7251446892168 -78.7582554861406,35.7251656901765 -78.7583714863409,35.7251736904954 -78.7583914863751,35.7251746905511 -78.7584534864809,35.7251776907242 -78.7584744865177,35.7251796907808 -78.7585904867179,35.7251876910997 -78.7589404873226,35.7252126920605 -78.7590574875252,35.7252216923804 -78.7591374876636,35.7252276925994 -78.7593014879533,35.7252466930348 -78.7593534880469,35.7252546931688 -78.7594394882033,35.7252696933868 -78.759594488493,35.7253056937615 -78.7597504887957,35.7253546941126 -78.7599034891083,35.7254206944205 -78.7600244893604,35.7254786946524 -78.7601424896125,35.7255426948636 -78.7601834897042,35.7255696949274 -78.7602424898371,35.7256096950168 -78.7603284900375,35.7256756951316 -78.7604584903568,35.7257946952665 -78.7605344905715,35.7258966952795 -78.7607304911194,35.7261546953248 -78.7610504919674,35.7265276955002 -78.7612744925998,35.7268376955267 -78.7614334927838,35.7267506961668 -78.7615934929845,35.7266806967752 -78.7617494931825,35.7266146973634 -78.761893493375,35.726564697884 -78.7620424935794,35.726518698411 -78.7622134938267,35.7264806989858 -78.7623794940753,35.7264536995238 -78.7624524941871,35.7264446997546 -78.7625604943528,35.7264317000954 -78.7627494946477,35.7264147006801 -78.7630624951571,35.7264117015982 -78.7632504954646,35.726411702146 -78.7647564979296,35.7264147065286 -78.7652594987529,35.7264157079924 -78.7655154991715,35.7264157087384 -78.7662835004288,35.7264177109726 -78.7665405008498,35.7264187117196 -78.7666685010591,35.7264187120926 -78.7668205013113,35.726423712526 -78.7668475013562,35.7264247126027 -78.766938501513,35.7264357128468 -78.7670405016937,35.7264547131076 -78.7671455018857,35.7264827133599 -78.7672365020599,35.7265177135582 -78.7673225022286,35.7265567137343 -78.7675195026382,35.7266787140758 -78.7675925027939,35.7267297141914 -78.7678225032842,35.7268917145543 -78.768096503864,35.727081714994 -78.7683055043055,35.7272277153286 -78.7685255047508,35.7273557157306 -78.7686835050594,35.7274327160481 -78.7688355053468,35.7274937163787 -78.768981505613,35.7275387167221 -78.7690145056738,35.7275497167982 -78.7693075061884,35.7276127175396 -78.7695215065388,35.7276217181508 -78.7696365067244,35.7276227184866 -78.7698215070186,35.727617719039 -78.7702735077397,35.7276087203826 -78.7704575080396,35.7276147209115 -78.7705475081948,35.727630721146 -78.7707255085123,35.7276787215796 -78.7710905091773,35.727800722426 -78.7712405094474,35.727846722782 -78.7713285096012,35.7278667230038 -78.7713845096992,35.7278797231445 -78.7718385104631,35.7279377243729 -78.7721855110385,35.727969725335 -78.772827512103,35.7280307271128 -78.7730305124474,35.7280637276504 -78.7731435126436,35.7280897279359 -78.7732215127807,35.7281107281275 -78.7733975130902,35.728158728559 -78.7734925132637,35.728195728772 -78.7736005134601,35.7282367290162 -78.7737695137727,35.728310729381 -78.7738755139689,35.728357729609 -78.773891513999,35.7283657296418 -78.7743385148331,35.7285807305751 -78.774471515076,35.7286367308677 -78.774620515341,35.7286877312168 -78.7749205158599,35.7287657319644 -78.7750405160676,35.7287977322622 -78.7752785164771,35.7288577328595 -78.7755875170074,35.7289347336373 -78.7756535171192,35.7289487338078 -78.7763435182885,35.729100735583 -78.7767915190346,35.7291787367737 -78.7771875196664,35.7291957379176 -78.7771585196695,35.7292917376647 -78.7770655196885,35.7296157368248 -78.7770175196997,35.7297847363878 -78.7769845197173,35.7299197360545 -78.7769655197404,35.7300227358184 -78.776949519779,35.7301467355546 -78.776939519825,35.7302667353156 -78.7769285199156,35.7304767349167 -78.7769215200381,35.7307367344425 -78.7769235200515,35.7307567344136 -78.7769495202098,35.7309877340887 -78.7769775203294,35.7311377339112 -78.7770465205554,35.7313737337071 -78.7770925206948,35.7315097336085 -78.7771405208394,35.7316507335074 -78.7772205210531,35.7318327334316 -78.7775685219505,35.7325757331923 -78.7777045222975,35.7328647331037 -78.7777645224532,35.7329987330537 -78.7779045228163,35.7333137329344 -78.7784165241289,35.7344687325061 -78.7784455242028,35.7345347324814 -78.7786045245824,35.734846732433 -78.7787515249378,35.7351487323667 -78.7791945259956,35.7360557321816 -78.7793425263449,35.736358732123 -78.7794735266501,35.7366217320813 -78.7797225272252,35.7371197320086 -78.7798565275449,35.7374157319239 -78.7799055276608,35.7375227318954 -78.7799635278157,35.7376897317937 -78.7800145279587,35.7378527316773 -78.7800725281402,35.7380817314717 -78.7800915281995,35.7381567314044 -78.7801095282835,35.7382907312346 -78.7801135283349,35.7383947310717 -78.7800985284192,35.738631730625 -78.7800315285035,35.7390277297466 -78.7799695285357,35.7392887291111 -78.7799185285655,35.7395097285772 -78.7799085285886,35.7395917284072 -78.7799045286275,35.7396907282272 -78.7799055287168,35.7398877278973 -78.779907528765,35.7399897277312 -78.7799235289014,35.7402477273456 -78.7799395289967,35.7404137271157 -78.7799495290384,35.7404777270391 -78.7799585290726,35.7405277269831 -78.7799915291798,35.7406707268461 -78.7800385293331,35.7408767266472 -78.7800435293477,35.7408947266326 -78.7800905294797,35.7410537265134 -78.7801375295907,35.7411657264737 -78.7801985297255,35.7412907264568 -78.7803235299904,35.741523726462 -78.7804325302208,35.7417277264659 -78.7805305304272,35.7419117264692 -78.7806035305801,35.7420477264738 -78.7806595307033,35.742166726453 -78.7807715309468,35.7423997264204 -78.7807995310164,35.7424787263776 -78.7808705311913,35.7426767262735 -78.7809205313275,35.7428477261477 -78.7810735317384,35.7433627257783 -78.7811245318747,35.7435347256552 -78.7811335318998,35.7435677256291 -78.7811635319797,35.7436687255572 -78.7811735320064,35.7437027255327 -78.7812205321282,35.7438537254324 -78.7812815322842,35.7440457253092 -78.7813195323862,35.744177725212 -78.7813585324893,35.7443097251182 -78.7814035326082,35.7444627250091 -78.7815315329463,35.7449017246937 -78.7815975331195,35.7451277245325 -78.7816835333436,35.7454207243256 -78.7818225336807,35.7458377240869 -78.781973534007,35.7461987239821 -78.7819965340569,35.7462547239646 -78.782150534386,35.7466207238636 -78.7821765344422,35.746684723843 -78.7822575346138,35.7468767237917 -78.7822745346496,35.7469167237815 -78.7822845346713,35.7469417237731 -78.7823065347192,35.7469977237529 -78.7823725348627,35.7471657236928 -78.7823945349109,35.7472227236712 -78.7824625350717,35.7474307235523 -78.7825145352062,35.7476207234109 -78.782531535254,35.7476927233484 -78.7826365355392,35.7481157229996 -78.7827655359108,35.748697722471 -78.7828535361753,35.7491287220562 -78.782855536181,35.7491377220481 -78.782898536333,35.7494097217455 -78.7829165364314,35.7496157214681 -78.78292153647,35.7497027213423 -78.7829225365451,35.7498977210264 -78.7829275334477,35.750746721056 -78.7829295322573,35.7510307211303 -78.7829305313303,35.7512517211863 -78.7829365285485,35.7519157213647 -78.7829385276185,35.7521377214243 -78.7829425261784,35.7524817215197 -78.7829315254646,35.7526487215226 -78.7828345189159,35.7541817215616 -78.7828025167329,35.7546927215753 -78.7827835154509,35.7549927215825 -78.7827595137514,35.755390721596 -78.7827625126206,35.7556607216701 -78.7827705116427,35.7558957217528 -78.782781510391,35.7561967218613 -78.7828035092403,35.7564767220021 -78.7828115089682,35.7565437220451 -78.7828315083781,35.7566897221474 -78.7828685074382,35.7569237223281 -78.7829915048476,35.7575747228997 -78.7830575034846,35.7579177232054 -78.7833515040216,35.7578717241911 -78.7836295045271,35.7578287251232 -78.7838685049826,35.7577867259231 -78.7841065054662,35.7577377267177 -78.7842285057261,35.7577097271243 -78.7845195063383,35.7576447280943 -78.7851065076054,35.7575057300482 -78.7858145091252,35.7573397324036 -78.7863015101395,35.7572327340246 -78.7867035109249,35.7571567353655 -78.786877511215,35.7571357359489 -78.7869175112783,35.7571317360832 -78.7871715116698,35.7571087369368 -78.7874795120783,35.7570967379761 -78.7877145123102,35.7571067387742 -78.7878815124713,35.7571147393417 -78.7882405127269,35.7571537405676 -78.7884185128177,35.7571817411779 -78.7886525129323,35.7572197419807 -78.7895135133209,35.757367744938 -78.7898785134809,35.7574317461926 -78.7902505137117,35.7574807474669 -78.7904055138428,35.7574927479955 -78.7905615139959,35.757499748526 -78.7908995143985,35.7574977496704 -78.7910825146742,35.7574827502859 -78.7914405152821,35.7574367514848 -78.7917035158081,35.7573837523596 -78.7920145164847,35.7573077533898 -78.7921035167124,35.757277753682 -78.7921715168783,35.7572567539059 -78.7923075172392,35.7572077543514 -78.7924535176776,35.7571427548257 -78.7929035190926,35.7569267562819 -78.7930885196788,35.7568367568798 -78.7933185204531,35.7567137576193 -78.793486521052,35.7566157581566 -78.793849522334,35.7564067593176 -78.7940615230037,35.7563037600013 -78.7942345235085,35.7562297605622 -78.7944155239896,35.7561637611525 -78.7946915246543,35.7560797620576 -78.7949665252066,35.7560227629678 -78.7951365255387,35.7559897635311 -78.7953375259352,35.7559497641967 -78.795986527202,35.7558237663461 -78.7960985274215,35.7558017667168 -78.7964225280374,35.7557427677906 -78.7966105283649,35.7557157684159 -78.7967315285741,35.7556987688185 -78.7970885291333,35.755662770011 -78.7979765304599,35.7555887729817 -78.7985045313054,35.7555307747427 -78.7985595313892,35.7555257749265 -78.7988425318989,35.7554807758652 -78.7991305324427,35.7554287768181 -78.7994115329742,35.7553777777476 -78.8002565345616,35.7552267805423 -78.8005385350893,35.7551767814747 -78.8010905361182,35.7550797832995 -78.8013975366699,35.7550307843159 -78.8017065371832,35.7549917853426 -78.8017305372188,35.7549897854226 -78.8019615375774,35.7549667861923 -78.8022105379241,35.7549517870256 -78.8025065382923,35.7549447880202 -78.8039045399375,35.7549347927264 -78.8043775404723,35.7549367943207 -78.8052545414265,35.7549497972806 -78.8064385427092,35.7549688012774 -78.8068475431868,35.7549668026546 -78.8080755446126,35.7549628067904 -78.8084855450873,35.7549618081714 -78.8088245454485,35.7549688093165 -78.8089345455467,35.7549758096902 -78.8091905457806,35.7549908105592 -78.8092755458461,35.754998810849 -78.8095305460429,35.7550228117185 -78.809894546273,35.7550698129655 -78.8116105468731,35.7554138189018 -78.8123865471456,35.7555698215893 -78.812424547667,35.7554498216633 -78.8125425492355,35.7550898218984 -78.8125815497538,35.7549708219759 -78.8126065500769,35.7548968220266 -78.8126845510456,35.7546758221891 -78.8127105513659,35.7546028222435 -78.8128985514062,35.7546468228965 -78.8132575514837,35.7547308241437 -78.8134705516722,35.7547448248674 -78.813664551843,35.7547578255267 -78.8139005521334,35.7547528263192 -78.8146085530046,35.7547378286965 -78.8148455532921,35.7547338294928 -78.8151745537168,35.7547218305951 -78.8152835538536,35.7547188309607 -78.815375553959,35.7547188312705 -78.8154465540167,35.7547248315125 -78.8155165540534,35.7547358317534 -78.8156055540683,35.7547578320636 -78.8157235540336,35.7548008324814 -78.815791553981,35.7548338327262 -78.8158515539075,35.7548698329454 -78.815958553702,35.7549528333454 -78.8160665534267,35.7550538337576 -78.8163085528117,35.7552798346816 -78.8163885526232,35.7553508349854 -78.8164085525633,35.7553718350629 -78.8164305524938,35.7553958351487 -78.8164885522169,35.7554828353861 -78.8165165519687,35.7555538355147 -78.8165275518195,35.7555948355716 -78.8165385514016,35.7557038356612 -78.8165375512307,35.7557468356785 -78.8165345506861,35.7558838357343 -78.8165395501587,35.7560188358162 -78.816547550002,35.7560608358635 -78.8165595497868,35.7561188359319 -78.8165705496258,35.7561628359902 -78.8165875494835,35.7562038360674 -78.8166365492401,35.7562798362696 -78.8167135489462,35.7563768365766 -78.8168275485612,35.7565078370252 -78.8169455481652,35.7566428374895 -78.8168015476586,35.7567288370441 -78.8167465474605,35.7567628368746 -78.8166855472278,35.756803836688 -78.8165685467403,35.7568928363351 -78.8164035459994,35.7570318358437 -78.8163325456758,35.7570928356327 -78.8162055450537,35.7572128352603 -78.8168945438314,35.7577258378412 -78.8176365424479,35.7582968406355 -78.818478541086,35.7588938437885 -78.8192205397982,35.7594438465851 -78.8195085393451,35.7596458476664 -78.819977538495,35.7600038494437 -78.8202875379448,35.7602378506185 -78.8205515375095,35.7604288516156 -78.8209435365066,35.7608038531443 -78.8211405357194,35.7610648539508 -78.8214335344412,35.7614808551659 -78.8215405336732,35.76170985565 -78.8216405330107,35.7619098560955 -78.8217105324493,35.7620748564205 -78.8218285317229,35.7622968569395 -78.8220475301922,35.7627558579283 -78.8222075291972,35.7630598586352 -78.8223515283282,35.7633268592686 -78.8225755272053,35.7636838602243 -78.822735526482,35.7639188608972 -78.8228375260322,35.7640658613249 -78.8229165257887,35.7641528616422 -78.823124525168,35.7643768624754 -78.8233485246064,35.7645908633589 -78.8235515242109,35.7647558641448 -78.8239145238245,35.7649688655075 -78.8242765235392,35.7651558668539 -78.8244635234334,35.7652418675441 -78.8247185233956,35.7653318684709 -78.8249965233203,35.7654388694864 -78.8252585233735,35.7655078704266 -78.8255995234578,35.7655938716486 -78.8261815237803,35.7656948737099 -78.8266875240296,35.7657908755073 -78.8270505241852,35.7658658768006 -78.8274135243644,35.7659348780909 -78.8277595244806,35.7660148793292 -78.8280635244218,35.766126880441 -78.8284055242443,35.7662818817088 -78.8285495241747,35.7663458822422 -78.8287895239766,35.7664738831436 -78.8290295236363,35.7666388840665 -78.8291305234101,35.7667298844674 -78.8292665231117,35.7668508850066 -78.8293545228466,35.7669478853664 -78.8295895222127,35.7671878863168 -78.8298105212734,35.7675028872628 -78.8299025207408,35.7676708876783 -78.8299975200697,35.7678758881258 -78.8300935192384,35.7681228886013 -78.8301305185494,35.7683138888403 -78.8302105171292,35.7687088893468 -78.8302705160461,35.7690098897297 -78.8303225153418,35.7692098900264 -78.8303865145181,35.7694448903854 -78.8304775137324,35.7696788908377 -78.8305685131278,35.7698658912631 -78.8299885116893,35.7700498893529 -78.8299565116066,35.7700608892479 -78.8297725111359,35.7701228886437 -78.8295655106091,35.7701918879633 -78.8288855087754,35.7704448857416 -78.8285975079368,35.770567884809 -78.8280245062504,35.7708168829543 -78.8275985049917,35.7710028815745 -78.8273765043854,35.7710868808478 -78.8272115039556,35.7711438803045 -78.8270465035605,35.771191879756 -78.8269435033407,35.7712148794097 -78.8268725031887,35.771230879171 -78.8266295027253,35.7712708783459 -78.8263735023074,35.7712948774664 -78.8260365018834,35.7712938762906 -78.8257975016344,35.7712798754494 -78.825596501484,35.7712528747337 -78.825149501146,35.7711938731429 -78.8249535009906,35.7711698724465 -78.8245015006273,35.7711158708414 -78.8243655005249,35.7710978703576 -78.8241705003789,35.7710718696639 -78.8241635016858,35.7707338694582 -78.8241445055199,35.7697428688603 -78.8241375055889,35.7697228688253 -78.8240275066888,35.7694048682725 -78.824073508051,35.7690698682528 -78.8240845083801,35.7689888682475 -78.8241215094699,35.7687208682322 -78.8241655107512,35.7684058682158 -78.8242145121397,35.7680648682026 -78.8242185122692,35.7680328681992 -78.8242625134995,35.7677308681893 -78.8237005128438,35.7677198662381 -78.8226165115707,35.7677008624757 -78.8225295114587,35.7677018621751 -78.8224625113403,35.7677108619479 -78.8224035112123,35.767724861751 -78.8223415110571,35.7677448615469 -78.8222735108475,35.7677768613282 -78.8222175106255,35.7678158611547 -78.8221425102274,35.7678938609358 -78.8221095099597,35.7679518608518 -78.8221005098781,35.76796986083 -78.8220715094746,35.7680638607786 -78.8220495077157,35.7685068609333 -78.8217635073976,35.7684968599365 -78.8209045064347,35.7684688569438 -78.8206195061142,35.7684598559511 -78.8206195055459,35.7686048560252 -78.8206225054595,35.7686278560474 -78.8206385050053,35.7687488561647 -78.8206785035661,35.7691288564978 -78.8206965029303,35.7692968566463 -78.8201655022916,35.7692898547986 -78.8201085022515,35.7692818545965 -78.8200605022344,35.7692708544242 -78.8199335022517,35.7692258539604 -78.8198915022932,35.7692018538025 -78.8198325024037,35.7691548535739 -78.8197875025632,35.7690998533898 -78.8197385028237,35.7690178531784 -78.8197155030462,35.7689538530662 -78.8197125032152,35.7689098530336 -78.8197555066923,35.7680378527427 -78.8197685069715,35.767970852754 -78.8198055073512,35.7678858528392 -78.8198565076894,35.7678158529804 -78.8199345080336,35.7677528532185 -78.8199895082276,35.7677208533927 -78.8200445083862,35.7676978535715 -78.8200745084588,35.7676888536707 -78.8201505086277,35.7676698539241 -78.8202735088159,35.7676608543453 -78.8207095093341,35.7676668558574 -78.8207135099229,35.767517855795 -78.8207215110261,35.7672388556799 -78.8207185112654,35.7671768556379 -78.820706511658,35.7670728555432 -78.820689512213,35.7669258554092 -78.820852512493,35.7669058559622 -78.8209445126264,35.7669008562776 -78.8210265127239,35.7669018565615 -78.8211765129016,35.7669038570808 -78.8212695130323,35.7668998574001 -78.8214615133597,35.7668768580517 -78.8216275136785,35.7668478586103 -78.8217125138618,35.7668278588936 -78.8219035143286,35.7667688595228 -78.8220185146583,35.7667208598951 -78.8220945148695,35.766690860142 -78.822223515275,35.7666278605547 -78.8223195156279,35.7665678608548 -78.8222365158771,35.7664778605212 -78.822152516133,35.7663858601831 -78.8221055163486,35.7663158599843 -78.8220675166262,35.7662328598099 -78.8220565167807,35.7661898597495 -78.8220535168513,35.7661708597293 -78.8220445171178,35.7660998596612 -78.822047517313,35.766050859646 -78.8220555174596,35.7660158596554 -78.8220965178892,35.7659188597462 -78.8221125180417,35.7658848597836 -78.8221565184045,35.7658058598941 -78.8222205188661,35.7657078600635 -78.8222505191139,35.7656538601387 -78.8222825194189,35.7655858602134 -78.8222895195837,35.7655458602166 -78.8222995197992,35.7654938602239 -78.8222985201378,35.7654068601749 -78.8222885203053,35.7653608601165 -78.8222685204605,35.7653148600235 -78.8222615205223,35.76529685999 -78.8222195207365,35.7652288598098 -78.8221845208304,35.765193859671 -78.822074521028,35.7651088592479 -78.821999521163,35.7650508589595 -78.8219295213119,35.7649908586873 -78.8218655214488,35.7649358584384 -78.8218065216074,35.7648768582047 -78.821759521765,35.7648218580144 -78.8217395218462,35.7647948579316 -78.8216855220658,35.764721857708 -78.8215915217515,35.764772857411 -78.8213095208005,35.7649278565208 -78.8212165204833,35.7649798562276 -78.8211025200894,35.7650448558687 -78.8208795193074,35.7651748551677 -78.8207615188848,35.7652458547978 -78.8207345187851,35.7652628547135 -78.8206565184506,35.7653238544761 -78.8205705180198,35.7654068542223 -78.8205315177643,35.765459854115 -78.820509517608,35.765492854056 -78.8204525171617,35.7655888539086 -78.8204265168985,35.7656478538491 -78.8203925163862,35.765767853793 -78.8203815161413,35.7658268537851 -78.8203765159039,35.7658858537979 -78.8203815155336,35.765981853864 -78.8203825154956,35.7659918538726 -78.8204055151004,35.7660998540069 -78.8204245148768,35.7661628541046 -78.8202275144303,35.7662148534513 -78.8201765143243,35.7662258532809 -78.8201265142196,35.7662368531139 -78.8199485138787,35.7662678525154 -78.8197535135913,35.7662798518485 -78.8195665133844,35.7662738512001 -78.8194145132757,35.7662538506655 -78.8193975132626,35.7662518506058 -78.819232513193,35.7662178500194 -78.8191665131981,35.7661958497806 -78.8190595132118,35.766158849393 -78.8190345132125,35.7661508493027 -78.8187465133377,35.7660288482484 -78.818642513379,35.7659858478683 -78.818425513482,35.7658918470733 -78.8181955135891,35.7657928462313 -78.8180705136048,35.7657498457792 -78.8178965135605,35.7657068451582 -78.8178065135052,35.7656928448411 -78.8177525134625,35.7656868446521 -78.8176675133936,35.7656778443547 -78.8175175132331,35.7656718438347 -78.8173145129248,35.7656868431423 -78.8172135127416,35.7657018428015 -78.8170395123622,35.7657438422221 -78.815878509398,35.7661328384053 -78.8157775091391,35.766166838073 -78.8154735083532,35.7662708370734 -78.8153735080915,35.7663058367448 -78.8153055079166,35.766328836521 -78.8151005073907,35.7663978358459 -78.815033507213,35.766421835626 -78.8150145071658,35.7664278355632 -78.814956507015,35.7664478353724 -78.8149385069651,35.7664548353135 -78.8148955068566,35.7664688351716 -78.8147675065283,35.7665118347499 -78.814725506417,35.7665268346119 -78.814648506219,35.7665528343582 -78.8144205056283,35.7666308336072 -78.8143445054273,35.7666578333573 -78.8143245053788,35.766663833291 -78.8142635052202,35.7666848330901 -78.814244505169,35.7666918330277 -78.8141255059623,35.7664548325067 -78.8139475071597,35.766097831727 -78.8137665083265,35.7657478309411 -78.8136465091123,35.7655128304192 -78.8131245077765,35.7656878287005 -78.8130325075363,35.765719828398 -78.811555503781,35.7662068235235 -78.8114655035506,35.7662368232263 -78.8110315024572,35.7663768217905 -78.8100625000152,35.7666888185813 -78.8099944998393,35.7667118183564 -78.8096404989058,35.7668358171871 -78.8092454977288,35.7670078158961 -78.8089684967531,35.7671658150061 -78.8088594963416,35.7672348146586 -78.8087454958837,35.7673138142979 -78.8085534950282,35.7674678136991 -78.808361494048,35.767652813113 -78.8082694935166,35.7677568128384 -78.8081134925041,35.7679608123841 -78.8079544912587,35.7682218119429 -78.8079104908506,35.7683098118273 -78.8078354900425,35.7684878116419 -78.8078114896994,35.7685658115913 -78.8077944894333,35.7686268115579 -78.807758488758,35.7687838114986 -78.8077364882004,35.7689158114775 -78.8077224876328,35.7690528114861 -78.8077164870672,35.7691918115233 -78.8077174855346,35.7695738116863 -78.8077174852817,35.7696368117126 -78.8077254841956,35.7699098118545 -78.8077274839572,35.7699698118865 -78.8077154825407,35.7703188119905 -78.8076484811149,35.7706528118966 -78.807596480278,35.7708448117956 -78.8075764800238,35.7709018117496 -78.807470478604,35.7712218115133 -78.8077724789913,35.771220812566 -78.8078364790886,35.7712168127874 -78.8080194793529,35.7712088134222 -78.8082954797993,35.7711848143744 -78.8085184802065,35.7711538151388 -78.808909481031,35.771071816467 -78.8089254810713,35.7710668165207 -78.8092804819017,35.7709718177173 -78.8093874821613,35.7709408180769 -78.8097104829266,35.7708518191641 -78.8098184831793,35.7708228195278 -78.8099794835231,35.7707878200736 -78.810058483691,35.7707708203414 -78.8102404840213,35.7707458209645 -78.810439484337,35.7707298216508 -78.810469484379,35.7707288217548 -78.8106344845997,35.7707258223283 -78.8108234848189,35.7707308229888 -78.8109314849076,35.7707428233703 -78.8109904849543,35.7707498235789 -78.8111904850877,35.7707798242889 -78.8113804851567,35.7708228249699 -78.8115724851845,35.7708768256629 -78.8117334851652,35.7709328262488 -78.8117984851439,35.770958826487 -78.8118694851223,35.770986826747 -78.8119614850716,35.7710288270865 -78.8120684849762,35.7710868274854 -78.8121324848821,35.7711308277283 -78.8123334845877,35.7712688284913 -78.8123904844889,35.7713118287095 -78.8124414843984,35.771350828905 -78.8124664843545,35.7713698290008 -78.8125924841087,35.7714718294864 -78.8126434840104,35.7715128296829 -78.8126704839611,35.7715338297866 -78.8127514838135,35.7715968300979 -78.8127784837603,35.7716188302021 -78.8129434844473,35.7714988307232 -78.8129834845698,35.7714808308546 -78.8129974846074,35.7714758309012 -78.8130504847424,35.7714588310783 -78.8131124848768,35.7714448312882 -78.8131864850026,35.7714368315427 -78.813287485127,35.7714378318955 -78.8133514851805,35.771444832122 -78.813457485204,35.7714728325046 -78.8135194851874,35.7714968327319 -78.8136254850759,35.7715588331303 -78.8136804849671,35.7716038333429 -78.8138744845946,35.771759834092 -78.8139694844099,35.7718368344593 -78.813929484232,35.7718688343345 -78.8138994840152,35.7719138342505 -78.8138724836989,35.771984834189 -78.8138854836282,35.7720068342447 -78.8139124836387,35.7720128343417 -78.8139334836655,35.7720128344151 -78.8139474836953,35.7720098344625 -78.8139934837857,35.7720018346195 -78.814081484009,35.7719738349139 -78.8141894843648,35.7719188352655 -78.8142364845556,35.7718858354143 -78.8143034847916,35.7718478356306 -78.8143844851565,35.7717818358826 -78.8144244852947,35.771759836012 -78.814458485449,35.7717318361176 -78.8145054856159,35.7717048362691 -78.8146004858041,35.7716878365927 -78.8146274858385,35.771687836687 -78.8146544858491,35.771693836784 -78.8146814858834,35.7716938368782 -78.8147284858798,35.7717098370498 -78.8147624858993,35.7717158371713 -78.8148624858324,35.7717648375433 -78.8148834858354,35.7717708376194 -78.8149164857467,35.7718038377501 -78.8149914856916,35.7718418380298 -78.8150644857173,35.7718588382927 -78.8150854857678,35.7718528383632 -78.815108485801,35.771851838443 -78.8151334858725,35.7718418385256 -78.8152274862099,35.7717868388278 -78.8152544862641,35.7717818389197 -78.8152744863331,35.7717708389844 -78.8153014863912,35.7717648390758 -78.8153284864692,35.7717538391648 -78.8154304866861,35.7717318395104 -78.8155044867803,35.7717318397687 -78.8155374867985,35.7717378398868 -78.8156114868927,35.7717378401451 -78.8156654870049,35.7717268403284 -78.8157594872551,35.7716938406408 -78.8158674875033,35.7716658410044 -78.8159084875554,35.7716658411475 -78.8159284874939,35.7716878412278 -78.8159084873379,35.7717208411737 -78.8158904872201,35.7717448411223 -78.8158734871391,35.7717598410701 -78.8158614870606,35.7717758410359 -78.8158644869932,35.7717938410549 -78.8158744869229,35.7718148410999 -78.8158954869062,35.7718258411784 -78.8159354869571,35.7718258413181 -78.8159824870604,35.7718148414769 -78.8160434872053,35.7717978416817 -78.8160704872397,35.771797841776 -78.8160964872056,35.7718148418749 -78.8161104871602,35.7718308419314 -78.8161104870297,35.7718638419472 -78.8160964869012,35.7718918419117 -78.8160834868214,35.771907841874 -78.8160364865876,35.7719518417309 -78.815969486348,35.7719908415155 -78.8159354862612,35.772001841402 -78.8159014861546,35.7720178412909 -78.8158474859354,35.7720558411204 -78.8158204857033,35.7721058410499 -78.8158204854224,35.7721768410837 -78.8158274852771,35.7722158411267 -78.8158404851632,35.7722488411879 -78.8158744849693,35.7723088413353 -78.8159084848388,35.7723528414751 -78.8159344848048,35.7723698415741 -78.8159554848553,35.7723638416446 -78.8159964849947,35.7723418417774 -78.8160494852126,35.7723038419445 -78.816144485575,35.7722428422473 -78.8161784857251,35.7722158423532 -78.8162794860951,35.7721548426768 -78.816326486242,35.7721328428305 -78.8163864864923,35.7720888430189 -78.8164274866947,35.7720508431439 -78.8165144871533,35.7719628434054 -78.8165414872746,35.7719408434891 -78.8166004874524,35.7719148436826 -78.8166224874647,35.7719188437614 -78.8166364874391,35.7719298438156 -78.8166424874033,35.7719408438418 -78.8166404873296,35.7719588438435 -78.8166164869792,35.7720398437987 -78.8166024868744,35.7720618437605 -78.8166024867718,35.772087843773 -78.816596486693,35.7721058437607 -78.8166104865253,35.7721528438323 -78.8166154864803,35.772165843856 -78.8166764863173,35.7722268440985 -78.8169934858774,35.7724408453099 -78.8170944856593,35.7725288457057 -78.8171824854246,35.7726168460562 -78.8172774852661,35.772687846423 -78.817316485249,35.7727048465676 -78.8173374852995,35.7726988466382 -78.8173644854209,35.7726768467219 -78.8175534861397,35.7725558473237 -78.817593486321,35.7725228474475 -78.8176474865201,35.7724898476201 -78.8176814866502,35.7724678477282 -78.8177084867714,35.7724458478118 -78.8177844870222,35.7724068480583 -78.8178024868916,35.7724458481404 -78.8179584865434,35.7725848487541 -78.8180254863967,35.7726438490174 -78.8180724863269,35.7726768491981 -78.8181124862245,35.7727158493572 -78.8181804861619,35.7727538496137 -78.8183154860986,35.7728138501156 -78.8183834860755,35.7728418503674 -78.8184364860568,35.7728638505637 -78.8185104860217,35.772896850839 -78.8185784859593,35.7729348510957 -78.8186094858928,35.7729618512176 -78.8187394856229,35.7730728517278 -78.8187604855633,35.7730948518122 -78.818793485523,35.7731158519382 -78.8188034855044,35.7731238519772 -78.8188344854459,35.7731488520982 -78.8189484853327,35.7732148525302 -78.8189744853228,35.7732258526267 -78.8190634852837,35.7732648529578 -78.8192854852663,35.7733418537738 -78.8194674853076,35.7733908544358 -78.819545485345,35.7734068547171 -78.8197034854146,35.7734408552877 -78.8197424854372,35.7734478554278 -78.81987848551,35.7734738559173 -78.8199594855278,35.7734958562123 -78.8201214855243,35.7735498568072 -78.8201954855292,35.7735728570782 -78.8202764856334,35.773572857362 -78.8203374856923,35.7735778575783 -78.8203554856723,35.7735888576469 -78.8204254857428,35.7735938578948 -78.8205254857421,35.773626858262 -78.8205474857782,35.7736248583381 -78.8206064857601,35.7736488585571 -78.8208024855813,35.7737588593003 -78.8208904854126,35.7738308596457 -78.8209234853063,35.7738688597809 -78.8209574851347,35.7739238599284 -78.8209724850992,35.7739378599881 -78.8209974849277,35.7739898601025 -78.8210044847879,35.7740278601466 -78.8210054843584,35.7741378602066 -78.8210184840932,35.7742098602892 -78.8210384840133,35.7742368603733 -78.8210854839213,35.7742758605582 -78.8211124838269,35.77430886067 -78.8211534837507,35.7743418608308 -78.8213084836065,35.7744298614202 -78.8213954835937,35.7744618617421 -78.8216314834451,35.7745778626307 -78.8217464833358,35.7746438630687 -78.821827483163,35.7747148633901 -78.8218674829998,35.7747698635592 -78.8219014827662,35.7748408637155 -78.8219014826372,35.7748738637327 -78.821914482525,35.7749068637955 -78.8219424821078,35.7750228639543 -78.8220094817022,35.7751488642554 -78.8220634815378,35.7752088644765 -78.8221574813355,35.7752918648503 -78.8221784813393,35.7752978649273 -78.8222314812831,35.7753298651304 -78.8223664812007,35.7753958656397 -78.8223974811903,35.7754088657556 -78.8224674811602,35.775439866018 -78.8225214811015,35.7754728662253 -78.8226164809244,35.7755498665999 -78.8226434808307,35.7755828667123 -78.8226974807292,35.7756268669254 -78.8227104806837,35.7756428669796 -78.822737480633,35.7756648670862 -78.8227914805745,35.7756978672936 -78.8228384805927,35.7757088674648 -78.8228924805772,35.7757308676664 -78.82303448061,35.7757698681868 -78.8231014805919,35.7757968684369 -78.8231724806221,35.7758128686953 -78.8232974806757,35.7758408691502 -78.8233724807306,35.77585186942 -78.8233984807645,35.7758518695115 -78.8235124808702,35.7758628699187 -78.823694480936,35.7759068705829 -78.8237824809884,35.7759228709013 -78.8238634810901,35.775923871187 -78.8239044811241,35.775928871334 -78.8239514811854,35.7759288714995 -78.8239794812102,35.7759318715997 -78.823991481218,35.775933871643 -78.8240654812483,35.7759508719127 -78.8241124812473,35.7759668720868 -78.8241734812179,35.7759948723166 -78.8246344815353,35.7760678739794 -78.8247734816272,35.7760908744814 -78.8254624805149,35.776608877191 -78.8257794800023,35.7768478784397 -78.8261534794027,35.7771288799139 -78.8264294788891,35.777354881013 -78.826373477416,35.7777158810148 -78.8265514769956,35.7778848817374 -78.8267044766278,35.7780318823599 -78.8267034740076,35.7787078827316 -78.8267764738719,35.7787678830234 -78.8269244736033,35.7788878836143 -78.8271994722224,35.7793388848404 -78.827475471715,35.7795648859457 -78.8275304700438,35.7800158863938 -78.8276404696685,35.7801508868602 -78.8276264688067,35.7803688869329 -78.8275834659337,35.7810968871888 -78.8277744656333,35.7812408879495 -78.8279164651245,35.781421888557 -78.8279434649908,35.7814658886779 -78.8280234646926,35.7815708890221 -78.8281314643937,35.7816858894718 -78.8282794639132,35.7818618900987 -78.8284084636431,35.7819768906237 -78.8284174636282,35.7819838906598 -78.8284884634961,35.7820428909464 -78.8285634634082,35.7820918912416 -78.8286644633747,35.7821358916268 -78.8287784633781,35.7821748920556 -78.8288934634486,35.7821968924782 -78.8289334635026,35.7821968926209 -78.8291094635937,35.7822348932703 -78.8291634635818,35.7822568934754 -78.8292034635086,35.782289893637 -78.8292234634933,35.7823008937147 -78.8292844633213,35.7823668939701 -78.8292974632116,35.7823998940355 -78.8293394629948,35.7824708942261 -78.8293654626676,35.7825648943728 -78.8293864622104,35.7826908945201 -78.8293994616576,35.7828388946516 -78.8293994613377,35.7829218946993 -78.829413460848,35.7830538948251 -78.8294334606015,35.7831248949374 -78.8295004600991,35.7832788952653 -78.8296014595582,35.7834548957277 -78.8296564591669,35.7835758959941 -78.8296824589057,35.7836528961315 -78.8296964586089,35.7837348962289 -78.829696458293,35.7838168962761 -78.8296824576808,35.7839708963148 -78.8296684574267,35.7840318962999 -78.8296564566938,35.7842178963642 -78.829660456499,35.7842698964085 -78.829675455934,35.7844218965498 -78.8296904557657,35.7844708966318 -78.8296964555813,35.7845208966821 -78.82971645542,35.784569896782 -78.8297434553529,35.7845968968944 -78.8297904553749,35.7846078970691 -78.8298374553737,35.7846248972474 -78.8298924553027,35.7846628974665 -78.8299394551553,35.7847178976668 -78.8299524550037,35.7847618977388 -78.8299524544762,35.7848988978181 -78.829959454378,35.7849268978594 -78.8299724542919,35.7849538979216 -78.830047454056,35.7850418982416 -78.8300734539416,35.7850808983574 -78.8300874538568,35.7851078984233 -78.8300734534989,35.785195898424 -78.8300744531385,35.7852898984821 -78.8300874528215,35.7853768985792 -78.8300804527041,35.7854048985702 -78.830060452615,35.7854208985077 -78.8300064524985,35.7854318983202 -78.8298924522763,35.7854488979209 -78.8298654521968,35.7854598978303 -78.8298244520134,35.7854928977022 -78.8298114519339,35.7855088976647 -78.8298104517399,35.78555889769 -78.8298244516706,35.7855818977536 -78.8298384515051,35.7856298978316 -78.8298314513876,35.7856578978226 -78.8297774510822,35.7857178976633 -78.8297704509647,35.7857458976543 -78.8297914508242,35.7857898977552 -78.8298514506989,35.7858438980019 -78.8299124505057,35.7859158982627 -78.8299194503883,35.7859488983069 -78.8299124502324,35.7859868983037 -78.8298924500546,35.7860258982544 -78.8298114495848,35.786118898017 -78.8298044494288,35.7861568980138 -78.8298174493158,35.7861908980802 -78.829844449226,35.7862238981963 -78.8302564488867,35.7864598998147 -78.8303504487858,35.7865199001877 -78.8303974487046,35.7865579003789 -78.8304244486342,35.7865859004923 -78.8304854483802,35.786673900763 -78.8305124481445,35.7867449009016 -78.8305254478433,35.7868279009967 -78.8305464475993,35.7868989011137 -78.8305604473419,35.7869709012061 -78.8306074469033,35.7871019014517 -78.8306524465812,35.7872019016721 -78.8306954462834,35.7872949018814 -78.8307694456481,35.7874869022602 -78.8308164452061,35.7876189025068 -78.8308524447297,35.7877559027168 -78.830890444233,35.7878989029375 -78.8308984440827,35.787940902991 -78.8309104438381,35.7880089030741 -78.8309844428039,35.7883049035145 -78.8310324423408,35.7884429037688 -78.8310794420492,35.7885359039931 -78.8311944407543,35.7889149046311 -78.8312144402945,35.789041904778 -78.8312134400012,35.7891179048191 -78.8312344392703,35.7893159050114 -78.8312544390218,35.7893879051261 -78.8312954387223,35.7894809053292 -78.8314094380801,35.7896899058649 -78.831471437768,35.7897939061506 -78.8315654371826,35.7899809066014 -78.8315924369251,35.7900579067447 -78.8315964368348,35.7900829067739 -78.8316124365542,35.7901619068786 -78.8316664350686,35.7905689073148 -78.8316844347257,35.7906649074368 -78.832339435456,35.7907159098432 -78.8338144370906,35.790833915266 -78.8339684372397,35.7908519158358 -78.8341284373592,35.7908799164334 -78.8342714374432,35.7909109169713 -78.8342974374571,35.7909169170693 -78.8344114375077,35.7909459175008 -78.8345614375407,35.790992918074 -78.8347214375422,35.7910519186909 -78.8349174375033,35.7911349194535 -78.8355934371855,35.7914699221155 -78.8374804363129,35.7924059295642 -78.8376234362552,35.7924749301285 -78.8378034361822,35.7925619308391 -78.83800143612,35.792652931618 -78.8383154360949,35.7927779328415 -78.8384744361367,35.792826933452 -78.8385504361544,35.7928509337443 -78.8387974362843,35.7929099346821 -78.8389404364056,35.7929319352174 -78.8389634364309,35.7929339353025 -78.8391304366131,35.7929489359207 -78.8392344367316,35.7929569363049 -78.8393154368172,35.7929649366052 -78.8394954370899,35.7929609372585 -78.8395464371741,35.7929579374425 -78.839651437347,35.7929519378212 -78.8397814375745,35.7929409382878 -78.8398694377419,35.7929299386013 -78.8400744381371,35.7929029393308 -78.8405254391026,35.7928179409184 -78.8410924403125,35.7927119429142 -78.8411714404818,35.7926969431921 -78.8412824407195,35.7926759435825 -78.8424164431058,35.7924719475762 -78.8426634436273,35.7924269484453 -78.8431894446778,35.7923469503062 -78.8434584452076,35.7923079512589 -78.84354344537,35.7922969515608 -78.8453984487877,35.792089958169 -78.8455964492041,35.7920539588643 -78.8457794496288,35.7920099594996 -78.8458044496943,35.792001959585 -78.8459514500528,35.7919619600919 -78.8463254511107,35.7918209613538 -78.8466684521089,35.7916839625051 -78.8468394526312,35.7916089630741 -78.8472164538329,35.7914299643184 -78.8473784543121,35.7913629648597 -78.8476694551599,35.7912459658341 -78.8478664557552,35.7911609664894 -78.8480284562411,35.7910919670287 -78.8481904567306,35.7910219675672 -78.8485194577793,35.7908649686495 -78.8485454578606,35.7908529687353 -78.8488784589661,35.7906819698214 -78.8491094597301,35.7905639705748 -78.8495304610879,35.7903579719534 -78.8496514614624,35.7903029723524 -78.8497834618449,35.7902499727926 -78.849986462405,35.7901759734749 -78.8500344625319,35.7901599736372 -78.8502774631482,35.7900859744642 -78.8505054637024,35.7900229752445 -78.8507884643634,35.789951976218 -78.8511174650889,35.7898809773578 -78.851381465645,35.7898309782773 -78.8515944660923,35.7897909790193 -78.8518334665798,35.7897499798546 -78.8523134674871,35.789686981546 -78.8527444682256,35.7896509830796 -78.8528284683695,35.7896439833785 -78.8540604703255,35.7895829877927 -78.8549574717474,35.7895389910062 -78.8552414722013,35.7895239920227 -78.8553394723537,35.7895199923743 -78.8559394732808,35.7894969945283 -78.856009473401,35.789490994777 -78.856094473546,35.7894839950792 -78.8563794740231,35.7894629960945 -78.8566224742585,35.7894919969962 -78.8567814745439,35.7894749975586 -78.8572404755643,35.7893719991397 -78.8572734756325,35.7893659992545 -78.8573764758318,35.7893509996155 -78.8574104758941,35.7893469997354 -78.857479476042,35.7893329999742 -78.8576874764724,35.7892950006971 -78.8577574766143,35.789283000941 -78.8578134764743,35.7893430011903 -78.8579844760589,35.7895230019497 -78.8580414759169,35.7895840022037 -78.8581774756276,35.7897160027993 -78.8585864747552,35.7901140045928 -78.8587234744611,35.7902480051947 -78.8590024738698,35.7905190064197 -78.8592924732552,35.7908010076944 -78.8596264725046,35.7911380091737 -78.8598314720441,35.7913450100825 -78.8601064714299,35.7916220113021 -78.8603724708475,35.7918870124805 -78.8611714691007,35.7926840160271 -78.8614384685203,35.7929500172141 -78.8615294683287,35.7930390176175 -78.8618024677475,35.7933080188302 -78.8618944675543,35.7933980192385 -78.8629344651632,35.7944750239118 -78.8638434625664,35.7955610281289 -78.8641694617806,35.7959110296122 -78.8650544598612,35.7968040335996 -78.8652454595874,35.7969580344294 -78.8664864578034,35.7979630398348 -78.8666004575594,35.7980780403514 -78.8682914540324,35.7997640480194 -78.8686164534237,35.8000700494824 -78.8687384530989,35.8002120500553 -78.8690864520816,35.8006430517131 -78.8693634510425,35.8010510530903 -78.8695104504189,35.8012880538395 -78.8696304497803,35.8015180544832 -78.8696434496967,35.8015470545565 -78.8697404490526,35.8017690551083 -78.8698494481177,35.8020780557805 -78.8698774477866,35.8021830559754 -78.8699224472572,35.8023510562882 -78.8699884464682,35.8026010567502 -78.8700194458612,35.8027850570251 -78.8700564448477,35.8030860574241 -78.8701924416758,35.8040370587568 -78.870382437303,35.8053500606081 -78.8706014321695,35.8068910627705 -78.8706174317967,35.8070030629281 -78.8706754300377,35.8075240636003 -78.8707024289335,35.8078470639837 -78.870771427295,35.8083390646725 -78.8707934267616,35.8084990648949 -78.870908424018,35.8093230660478 -78.8709444231592,35.8095810664091 -78.8710574202265,35.8104580676027 -78.8710864194992,35.810676067903 -78.8711554180691,35.8111100685438 -78.8712134163918,35.8116090692004 -78.8712234161135,35.811692069311 -78.8713754117546,35.8129900710255 -78.8714214102301,35.813441071596 -78.8714434095176,35.8136520718648 -78.871459408987,35.8138090720635 -78.8714824082586,35.8140250723407 -78.8714984078697,35.8141420725043 -78.8715394069292,35.8144260729098 -78.8715494067008,35.8144950730084 -78.8715664063101,35.8146130731768 -78.8715994054811,35.8148620735213 -78.8716114051851,35.8149510736453 -78.8716184050405,35.8149950737106 -78.8716544037988,35.8153620741706 -78.8716574036797,35.8153970742128 -78.8716744029458,35.8156120744668 -78.8716954020874,35.8158640747687 -78.8717084015985,35.816008074945 -78.8717194013365,35.8160870750565 -78.8718253989551,35.8168080760961 -78.8718343987679,35.8168650761807 -78.8718463984758,35.8169530763041 -78.8720973928922,35.8186460787581 -78.8722183895634,35.8196430801032 -78.8722443888456,35.8198580803931 -78.8722973875286,35.8202550809479 -78.8723503864346,35.8205890814472 -78.8722743862219,35.8206140811772 -78.8722213860715,35.8206320809893 -78.8721853859702,35.8206440808615 -78.8720543855436,35.8207040804109 -78.8719833853071,35.8207380801679 -78.8719343851384,35.8207630800016 -78.8718823849542,35.8207910798263 -78.8717903846125,35.8208450795201 -78.8717433844329,35.8208740793649 -78.8717323843901,35.8208810793287 -78.8715463836676,35.8209990787171 -78.8714923834551,35.8210340785402 -78.8714203831742,35.8210800783036 -78.87097338147,35.8213540768235 -78.8709523813894,35.821367076754 -78.8709093812195,35.821395076613 -78.8707823807167,35.8214780761966 -78.8707573806189,35.8214940761143 -78.8706853803339,35.8215410758781 -78.8704703794803,35.821682075173 -78.8703993791931,35.8217300749414 -78.8702443785939,35.8218270744287 -78.8702213785028,35.8218420743531 -78.8700023775741,35.8220020736482 -78.8698973770921,35.822089073319 -78.8698163766851,35.8221660730735 -78.8696843760197,35.8222920726736 -78.8695153750726,35.8224800721845 -78.8693993743264,35.8226360718718 -78.8693663741083,35.8226820717841 -78.8692283731439,35.8228890714301 -78.8691003721956,35.8230960711144 -78.8688993707842,35.8233990705987 -78.8687583698989,35.8235820702111 -78.8686683693863,35.8236840699508 -78.8686263691635,35.8237270698253 -78.8684823683936,35.8238760693962 -78.8683933679607,35.8239560691205 -78.8682993675407,35.8240300688202 -78.8682263672305,35.8240830685831 -78.8681743670014,35.8241230684161 -78.8680623665442,35.8241990680476 -78.8680033663177,35.82423506785 -78.8679273660165,35.8242840675977 -78.867898365904,35.8243020675008 -78.8677603654103,35.8243760670296 -78.8676203648739,35.82446106656 -78.8674473643359,35.8245310659496 -78.8672923639063,35.82457906539 -78.8669973630861,35.8246710643254 -78.8666153618951,35.8248260629765 -78.8662523610893,35.8248820616171 -78.8659923605554,35.824910060633 -78.8657143600916,35.8249100595557 -78.8654733597936,35.8248810585975 -78.8652383595559,35.824838057651 -78.8646643589758,35.8247330553397 -78.8645473588563,35.824712054869 -78.8644003587047,35.824686054278 -78.8639593582504,35.8246080525054 -78.8638133580971,35.8245830519193 -78.8634543577296,35.8245190504764 -78.8634043576751,35.8245110502762 -78.8624663567555,35.824333046499 -78.8623813566826,35.8243140461545 -78.8622613565732,35.8242890456696 -78.8620273563862,35.8242330447185 -78.86197135634,35.8242200444912 -78.8619163563028,35.8242050442662 -78.8615873560629,35.8241200429242 -78.861478355983,35.8240920424798 -78.8613423558908,35.8240550419238 -78.861161355789,35.8240000411792 -78.860895355633,35.8239210400868 -78.860218355288,35.8237060372965 -78.8599053551278,35.8236070360075 -78.8593633548571,35.8234340337753 -78.8589863546685,35.8233140322237 -78.857737354028,35.8229220270922 -78.8571953537483,35.8227530248685 -78.8567963535527,35.8226260232303 -78.8564713533923,35.8225230218968 -78.8558063530922,35.8223050191643 -78.8556063530186,35.8222350183395 -78.8552123528673,35.8220990167167 -78.8548583527313,35.8219770152595 -78.8538833523526,35.8216430112506 -78.8537953523144,35.8216140108899 -78.8534403521573,35.8214980094358 -78.8531483520232,35.8214040082412 -78.8528193518694,35.8212990068964 -78.8522673515455,35.8211410046548 -78.8520423514124,35.8210770037417 -78.8519723513676,35.8210580034584 -78.8518083512684,35.8210120027935 -78.8517513512302,35.8209970025631 -78.8510883507751,35.8208259998875 -78.8510233507277,35.8208099996258 -78.85086735062,35.8207699989967 -78.8507593505466,35.820741998561 -78.8505843504265,35.8206969978553 -78.8501843501528,35.8205939962427 -78.849736349842,35.8204799944383 -78.8494543496439,35.8204089933033 -78.8492733495186,35.8203629925748 -78.8489703493089,35.8202859913554 -78.8487313491336,35.8202279903957 -78.8485503489976,35.8201849896697 -78.8485263489807,35.8201789895733 -78.8483843488788,35.8201439890029 -78.8483243488328,35.8201299887625 -78.8478863484634,35.8200369870144 -78.8477203483226,35.8200019863522 -78.8474123480916,35.819928985118 -78.8464913473982,35.8197119814305 -78.8462293472024,35.8196499803818 -78.8461853471718,35.8196389802054 -78.8460843471005,35.8196139798004 -78.8459423469998,35.8195789792313 -78.8457833468902,35.8195389785935 -78.8456833468207,35.8195139781926 -78.8454203466353,35.8194489771387 -78.8452743465396,35.8194109765525 -78.8440523457459,35.8190919716483 -78.843958345683,35.8190679712717 -78.8436453454856,35.8189849700157 -78.8435173454052,35.8189509695021 -78.8431053451076,35.8188519678565 -78.8429703450086,35.8188199673178 -78.8426103449277,35.8186859658487 -78.841943344489,35.8185149631801 -78.8411303439211,35.8183159599359 -78.8409253436645,35.818295959138 -78.8406823433427,35.8182769581955 -78.840332342795,35.8182719568526 -78.8399083420181,35.8182959552455 -78.8395823413807,35.8183249540165 -78.8392123406871,35.8183499526164 -78.838985340119,35.8184029517816 -78.8387153396325,35.8184159507563 -78.8384923392031,35.8184339499141 -78.8377583377828,35.8184949471427 -78.8372883367934,35.818554945381 -78.837020336173,35.8186039443856 -78.8367803356167,35.8186479434941 -78.8366693353569,35.8186689430821 -78.8365373350174,35.8187019425972 -78.8363193344585,35.8187559417958 -78.8361413340024,35.8187999411414 -78.8360023336475,35.81883394063 -78.8355883325833,35.8189369391076 -78.8354503322259,35.8189719386004 -78.8353293319151,35.8190019381552 -78.8349653309808,35.8190919368155 -78.8348453306676,35.8191229363745 -78.8347203303462,35.8191539359144 -78.8346093300628,35.8191809355053 -78.8339013282357,35.8193579328984 -78.833666327624,35.8194179320334 -78.8335273272679,35.8194519315208 -78.8331113262043,35.8195529299859 -78.8329733258457,35.8195879294774 -78.8329273257286,35.8195989293075 -78.8327883253759,35.819631928794 -78.8327433252567,35.8196439286285 -78.832679325095,35.8196589283919 -78.8324863246005,35.8197059276793 -78.8324233244365,35.8197219274471 -78.8318793230322,35.8198569254393 -78.8303793191439,35.8202319198992 -78.8303043189444,35.8202519196227 -78.8302503187947,35.8202679194246 -78.8300773183081,35.8203209187906 -78.8298843177116,35.8203939180913 -78.8297283171716,35.8204679175345 -78.8296353168539,35.8205109172019 -78.8295663166139,35.8205439169557 -78.8294453161501,35.8206129165303 -78.8293693158292,35.8206639162673 -78.8293563157694,35.8206739162231 -78.8292883154538,35.8207269159921 -78.8292623153303,35.8207479159042 -78.8292373152084,35.8207689158201 -78.8291293146652,35.8208639154592 -78.8290873144576,35.8208999153182 -78.8290383142038,35.8209449151555 -78.8287073123029,35.8212969140827 -78.8286453119541,35.8213609138805 -78.8282713105638,35.8215619125545 -78.8281433100367,35.821643912108 -78.8277593084428,35.821892910769 -78.8276323079089,35.8219769103268 -78.8275453075529,35.8220319100223 -78.8272873064818,35.8221989091213 -78.8272013061195,35.8222559088215 -78.8270763055999,35.8223369083847 -78.8267003040384,35.8225799070694 -78.826576303516,35.8226619066364 -78.8264783031797,35.8227069062831 -78.8261863021584,35.8228459052328 -78.8260893018197,35.8228919048836 -78.8260243015997,35.8229209046486 -78.8258293009397,35.8230079039435 -78.8257643007197,35.8230369037084 -78.8257393006395,35.8230469036173 -78.8256653003851,35.8230809033502 -78.8256413003027,35.8230919032635 -78.8255903001329,35.8231139030785 -78.8255002998286,35.8231539027528 -78.8254402996245,35.8231809025358 -78.8253902994524,35.8232039023552 -78.8253692993827,35.823212902279 -78.8253062991696,35.8232409020508 -78.8252862990977,35.823250901979 -78.8250552982682,35.823365901149 -78.8243652957748,35.8237128986695 -78.8241352949377,35.8238298978429 -78.8240282945537,35.8238828974575 -78.8237062933878,35.8240448962984 -78.8236002930012,35.824098895917 -78.8235412927862,35.8241288957047 -78.8235102926723,35.8241448955932 -78.8233352920383,35.8242328949627 -78.8232932918826,35.8242548948118 -78.8232472917125,35.8242788946465 -78.8228902902601,35.8244988933806 -78.8228342900186,35.8245368931838 -78.8226752893126,35.8246498926275 -78.8225312886471,35.8247588921269 -78.8224742883802,35.8248028919292 -78.8223122876061,35.824931891369 -78.8222742874216,35.8249628912379 -78.822207287091,35.8250188910075 -78.822168286893,35.8250528908741 -78.8218332852116,35.8253398897247 -78.8213792829304,35.8257288881648 -78.8211162816052,35.8259548872603 -78.8211032815442,35.825964887215 -78.8210412812288,35.826018887002 -78.8210062810527,35.8260488868814 -78.8207512797513,35.8262718860053 -78.8207102795454,35.8263068858639 -78.8206232790976,35.8263838855652 -78.8205872789156,35.8264148854412 -78.8205472787073,35.8264508853041 -78.8205202785718,35.8264738852109 -78.8204402781591,35.8265448849362 -78.8204142780213,35.8265688848473 -78.8203572777294,35.8266188846512 -78.8202222770358,35.8267378841868 -78.8202132769853,35.8267468841564 -78.8201892768548,35.8267698840747 -78.820135276556,35.8268228838916 -78.8201202764759,35.8268368838404 -78.8200742762258,35.8268808836838 -78.8200602761434,35.826895883637 -78.819936275456,35.8270178832164 -78.8199112753197,35.8270418831313 -78.8198062747307,35.8271468827757 -78.8197522744277,35.8272008825929 -78.8197012741376,35.8272528824206 -78.8196432738004,35.8273138822256 -78.8196142736297,35.8273448821283 -78.8196062735848,35.8273528821012 -78.8195822734462,35.8273778820203 -78.819575273399,35.8273868819976 -78.819539273193,35.8274238818761 -78.8194622727449,35.827504881617 -78.8194322725765,35.8275348815152 -78.8193972723681,35.827572881398 -78.8193762722502,35.8275938813268 -78.8193152718997,35.8276568811208 -78.8192952717795,35.8276788810539 -78.8192332714233,35.8277428808445 -78.8190462703409,35.8279378802134 -78.8189852699822,35.8280028800081 -78.8189202696049,35.8280708797887 -78.8189022695037,35.8280888797275 -78.8186862682492,35.8283148789977 -78.8186472680179,35.8283568788665 -78.8185662675188,35.8284488785962 -78.8184422668128,35.8285748781749 -78.8182982659782,35.8287248776871 -78.8182612657619,35.828763877562 -78.8180752646862,35.8289568769311 -78.8179822641462,35.8290538766156 -78.8179532639748,35.8290848765176 -78.8178822635587,35.8291598762772 -78.8176722623031,35.8293878755685 -78.8176032618862,35.8294638753361 -78.8173532604196,35.8297278744877 -78.8166042560156,35.8305198719406 -78.8163552545428,35.8307848710928 -78.8159922523478,35.8311828698606 -78.8159502521018,35.831226869717 -78.8157022506361,35.8314898688696 -78.8156272501947,35.8315688686129 -78.8149182455936,35.8324228662322 -78.8147892446777,35.8325978658073 -78.8144732424157,35.8330308647672 -78.8144222420777,35.8330938645959 -78.8143762417325,35.8331608644461 -78.8143212412407,35.8332608642762 -78.8143072411332,35.8332818642309 -78.8142652408027,35.8333468640958 -78.814252240693,35.8333688640549 -78.8141292397183,35.8335608636598 -78.8137612367819,35.8341398624777 -78.8136392358036,35.8343328620857 -78.8134232340853,35.834670861389 -78.8134122339907,35.8346898613543 -78.8130342310546,35.835262860124 -78.8127862289074,35.8356938593402 -78.8127392284991,35.8357758591915 -78.8126352271674,35.8360648589113 -78.8121502225906,35.8370008574135 -78.8121162222401,35.8370738573116 -78.8117872187525,35.837803856334 -78.8112802152775,35.8384508546088 -78.8109182128809,35.8388908533644 -78.8102792096785,35.8394088510494 -78.809948208263,35.8396158498217 -78.8089872041393,35.8402188462526 -78.808745203171,35.8403528453449 -78.8085162022496,35.8404808444861 -78.808021200275,35.8407528426262 -78.8077801993066,35.8408868417206 -78.8076691988673,35.8409468413027 -78.8073391975462,35.841128840061 -78.8072291971043,35.8411898396471 -78.8065601944266,35.8415578371263 -78.8045531863674,35.8426628295429 -78.8042751852446,35.8428168284903 -78.8038831836853,35.8430278270027 -78.8036461827483,35.843153826102 -78.8033161814284,35.8433328248487 -78.8031071805409,35.8434588240593 -78.8029531798537,35.8435598234805 -78.802875179498,35.843612823188 -78.8027361788254,35.8437168226702 -78.8026301783095,35.8437968222754 -78.8024461773483,35.843951821596 -78.8023611768944,35.844025821283 -78.8022581763226,35.8441208209055 -78.8020651751576,35.8443218202064 -78.8018831739308,35.8445428195585 -78.8017211727478,35.8447618189897 -78.8017051726213,35.8447858189343 -78.8015711715373,35.844992818473 -78.8015081709761,35.8451028182607 -78.8014981708889,35.8451198182268 -78.8014681706272,35.8451708181251 -78.8014591705377,35.8451888180957 -78.8014101700911,35.8452768179313 -78.8012651687464,35.8455428174467 -78.8012181682992,35.8456318172905 -78.8010241666002,35.8459628166318 -78.800443161491,35.8469578146549 -78.8002501597859,35.847289813997 -78.8000501580752,35.847619813309 -78.7994991533249,35.8485368114116 -78.7994541529281,35.848613811257 -78.7994141525811,35.8486808111191 -78.7992601512082,35.848947810591 -78.7991211499847,35.8491848101124 -78.7987111463325,35.8498938087014 -78.7985701450788,35.8501368082149 -78.798549144901,35.8501708081416 -78.7984891443772,35.8502718079335 -78.7984691441971,35.8503068078647 -78.7993701433504,35.8509248117427 -78.8020761408617,35.8527798234377 -78.802978140046,35.8533988273525 -78.8030031402185,35.8533678274427 -78.8030801407399,35.8532748277212 -78.8031061409103,35.8532448278158 -78.8035641405205,35.8535538298043 -78.804351139811,35.8540958332305 -78.8059881383533,35.8552238403771 -78.8080821365643,35.8566578495541 -78.8093271355202,35.8575108550311 -78.8094011354574,35.8575618553573 -78.8094471354213,35.8575928555597 -78.8098101351271,35.8578398571592 -78.8099321350286,35.8579228576971 -78.810021134959,35.8579828580893 -78.8101071348838,35.8580428584693 -78.8106331344411,35.8584058607931 -78.8109111341997,35.8585998620233 -78.8116841326696,35.8593558655448 -78.8145941303171,35.8613618784849 -78.8146191302982,35.8613788785964 -78.8154551296556,35.8619508823277 -78.8175721280542,35.8634008918082 -78.8177631279112,35.8635318926658 -78.8179651277626,35.8636698935729 -78.8188021271465,35.8642428973366 -78.8188201271346,35.8642548974174 -78.8188721270675,35.8642978976552 -78.8188971270772,35.8643078977642 -78.8190741269447,35.8644298985616 -78.8196081265434,35.8647989009696 -78.8197861264103,35.8649219017728 -78.820237126077,35.8652329038093 -78.820655125767,35.8655219056989 -78.8206961257341,35.8655509058847 -78.8215861250465,35.8661749099187 -78.8220361247001,35.8664909119617 -78.8246211229813,35.8682469237053 -78.8246651229405,35.8682799239075 -78.8247221228829,35.86832392417 -78.8255041224089,35.8688469277319 -78.8264571217403,35.8695099320949 -78.8270361213998,35.8698969347413 -78.8281091205002,35.8706859396947 -78.8283471202483,35.870874940803 -78.8281721182663,35.8712969403054 -78.8279871161355,35.8717519397831 -78.8277751137673,35.8722539391722 -78.8276671125398,35.8725149388633 -78.8273431088666,35.8732949379326 -78.8272911082349,35.873430937789 -78.8270191051857,35.8740759369988 -78.8264800990433,35.8753779354388 -78.8263640977209,35.8756579351016 -78.8262640965819,35.8758989348103 -78.8262130960044,35.8760209346611 -78.8261560953525,35.8761589344952 -78.8257240904267,35.8771999332313 -78.8256040890695,35.8774859328773 -78.8255910889185,35.8775179328395 -78.8252920854904,35.8782419319614 -78.8246110777014,35.8798829299454 -78.8244870762767,35.8801829295772 -78.8244820762118,35.8801969295634 -78.8243950752138,35.8804069293045 -78.8243070742056,35.8806189290421 -78.8241540724699,35.8809829285828 -78.8240950717707,35.8811309284096 -78.8239970706511,35.8813659281157 -78.8237350676612,35.8819929273279 -78.8236520667003,35.8821949270796 -78.8235650656919,35.8824069268192 -78.8230100593047,35.8837459251449 -78.8228100569983,35.8842289245392 -78.8227820566739,35.8842969244544 -78.82274705628,35.8843789243469 -78.8227000557358,35.8844929242046 -78.8222290503026,35.8856289227699 -78.8219980476435,35.8861839220623 -78.8219350469037,35.886338921871 -78.821498041851,35.8873929205285 -78.8208730346145,35.8888999185966 -78.8206230317152,35.8895029178202 -78.820076025369,35.890820916113 -78.8197480215558,35.8916119150847 -78.8195110187963,35.8921839143396 -78.8193900170215,35.892568914005 -78.8191560147999,35.8930049132019 -78.8191420146398,35.8930379131572 -78.8187420098484,35.8940349119058 -78.8186850091379,35.8941839117305 -78.8175889962794,35.8968389082322 -78.8175479958974,35.8969129080881 -78.8171699914667,35.8978249068696 -78.8170309898336,35.8981609064205 -78.8169229885645,35.8984219060711 -78.8168139872888,35.8986839057174 -78.8164889834676,35.8994689046621 -78.8164209826686,35.8996329044407 -78.8163139813954,35.8998949040939 -78.8161629796443,35.9002529035982 -78.8159489770678,35.9007839029056 -78.8158679761633,35.9009669026344 -78.8154319710455,35.9020139012006 -78.8154029707035,35.9020839011051 -78.8152949694241,35.9023459007501 -78.8149689655829,35.9031308996731 -78.814818963823,35.9034898991753 -78.8145349604596,35.904176898234 -78.8143179578954,35.904699897512 -78.8142109566339,35.904956897155 -78.8139039529979,35.9056978961301 -78.8138509523735,35.9058248959524 -78.8137749514744,35.9060078956978 -78.813575949124,35.9064858950297 -78.8131739443621,35.907453893677 -78.8131669442785,35.9074708936535 -78.8130129424441,35.9078438931348 -78.8128679407249,35.9081928926446 -78.812846940474,35.9082438925737 -78.8106179139285,35.913613884947 -78.810555913185,35.9137638847326 -78.809446899916,35.9164338808704 -78.8093478987187,35.9166748805247 -78.8093118982858,35.9167618803986 -78.8090938956706,35.9172868796334 -78.8084408878253,35.9188598773315 -78.8083608868218,35.9190628770528 -78.8083008861142,35.9192038768389 -78.8072938740078,35.9216228732522 -78.8069678700692,35.9224088720847 -78.8067528674831,35.9229238713113 -78.8049718458891,35.9272168648539 -78.8048328442032,35.9275508643449 -78.8046878440001,35.9275138636606 -78.804216843235,35.9274198614488 -78.8032908417334,35.927234857102 -78.802334840194,35.9270418526163 -78.8019688395936,35.9269708509008 -78.8017548392488,35.9269278498973 -78.8012148383773,35.926819847366 -78.8010248380708,35.9267818464755 -78.8008708378233,35.9267508457538 -78.8006848375227,35.9267138448824 -78.8005308372753,35.9266828441608 -78.8003898370474,35.9266548435003 -78.8002278367889,35.9266218427413 -78.8000498365,35.9265868419077 -78.7998528361854,35.9265468409849 -78.7997108359552,35.9265188403202 -78.7996298358241,35.926502839941 -78.7995818357486,35.9264928397161 -78.799543835685,35.9264858395383 -78.7994558355451,35.9264678391262 -78.7994038354599,35.9264578388829 -78.7992798352614,35.9264328383023 -78.7991908351191,35.9264148378857 -78.7990968349689,35.9263958374456 -78.799025834854,35.9263818371133 -78.7989948348034,35.9263758369683 -78.7989478347262,35.9263668367484 -78.7988898346347,35.9263548364769 -78.7988288345359,35.9263428361915 -78.7987618344308,35.9263288358777 -78.7986758342919,35.9263118354753 -78.7985978341642,35.9262968351105 -78.798552834092,35.9262878349 -78.7984918339973,35.9262748346143 -78.7984008338504,35.9262568341886 -78.7983248337277,35.9262418338331 -78.798258833621,35.9262288335244 -78.7982278335704,35.9262228333794 -78.7982028335303,35.9262178332625 -78.7981348334228,35.9262038329442 -78.7980928333538,35.9261958327479 -78.7980058332168,35.9261778323407 -78.7979328330973,35.9261638319995 -78.7978978330411,35.9261568318357 -78.7978838330195,35.9261538317702 -78.7978708330003,35.9261508317093 -78.7977258327679,35.9261218310311 -78.7975988325627,35.9260968304373 -78.7974608323433,35.9260688297919 -78.7973598321807,35.9260488293197 -78.7972748320445,35.9260318289223 -78.79720383193,35.9260178285903 -78.7955498293686,35.9256668208548 -78.7950838285421,35.9255938186854 -78.7937488264155,35.9253268124547 -78.792748824826,35.9251268077909 -78.7916658230932,35.9249138027443 -78.7907778217011,35.9247327986071 -78.7903718210582,35.9246517967168 -78.7869998157426,35.9239777810351 -78.7856028135452,35.9236997745482 -78.7850788127296,35.923593772116 -78.784417811699,35.9234607690494 -78.7829178093576,35.9231607620953 -78.7828368092305,35.92314476172 -78.7814788071185,35.92287275543 -78.7811108065484,35.9227987537264 -78.780987806359,35.922773753157 -78.7804538055267,35.9226677506861 -78.7801318050257,35.9226037491965 -78.7792548036696,35.9224277451406 -78.7782758021608,35.9222307406156 -78.7779818017033,35.9221727392574 -78.7756847981628,35.9217137286539 -78.7754097977402,35.9216587273855 -78.7753667976758,35.9216497271871 -78.7750317971613,35.9215827256422 -78.7738597953666,35.9213477202399 -78.7725117933019,35.9210787140315 -78.7723887931028,35.9210567134656 -78.7721097926819,35.9209997121812 -78.7696187888833,35.9205027007253 -78.7689717879165,35.9203696977521 -78.7678457862134,35.9201436925816 -78.7668897847666,35.9199526881946 -78.7653687824709,35.9196486812204 -78.7644037810228,35.919454676799 -78.7643067808796,35.9194346763546 -78.7628947787581,35.9191526698906 -78.7628607787079,35.919145669735 -78.7616677769234,35.9189066642781 -78.760402775034,35.9186536584964 -78.7594797736602,35.9184686542806 -78.7592977733918,35.9184316534496 -78.7591367731514,35.9183996527146 -78.7591007730969,35.9183926525503 -78.7590737726129,35.9184886524337 -78.7590467721245,35.9185856523171 -78.7589607704721,35.918916651947 -78.7587277663688,35.9197276509368 -78.7586217644571,35.920106650477 -78.7585417630141,35.9203926501295 -78.7585007624259,35.9205046499492 -78.7584617615751,35.9206776497817 -78.7583777600561,35.9209786494162 -78.7583397593783,35.9211126492506 -78.7583017586873,35.9212496490851 -78.7582227572497,35.9215346487409 -78.7582067571151,35.921556648669 -78.758032755687,35.9217876478864 -78.7578437541259,35.9220406470359 -78.7577567534047,35.9221576466441 -78.757631752373,35.922324646081 -78.7575597517795,35.9224206457564 -78.7574977512625,35.922504645477 -78.757414750581,35.9226146451026 -78.7573677501963,35.9226766448906 -78.7573097497149,35.9227546446289 -78.7572027488307,35.922897644146 -78.7571147481016,35.9230156437486 -78.7570877478787,35.9230516436267 -78.7570257473655,35.9231346433466 -78.7569757469513,35.9232016431207 -78.7568987463185,35.9233036427726 -78.7568507459221,35.9233676425556 -78.7567097447531,35.9235566419179 -78.7565937439295,35.9236806413914 -78.7565107435015,35.923732641013 -78.7564427429468,35.9238216407049 -78.75642274278,35.9238486406144 -78.7564217421797,35.9239846406161 -78.7563857417941,35.9240526404539 -78.7563107411871,35.9241496401139 -78.7562587408685,35.924193639877 -78.7562027405183,35.924242639622 -78.7561227399694,35.9243236392581 -78.7560347392868,35.9244306388584 -78.7559657388302,35.9244966385441 -78.7559157384986,35.9245446383164 -78.7558277375428,35.9247136379191 -78.7557987369624,35.9248296377906 -78.7557627365499,35.9249036376282 -78.7556397357822,35.9250106370669 -78.755503735137,35.9250826364442 -78.7554717346018,35.9251866363011 -78.7554037340678,35.9252706359915 -78.7553777338993,35.9252946358729 -78.755304733397,35.9253686355398 -78.7552377329841,35.9254256352336 -78.7552247329086,35.9254356351741 -78.7551817326462,35.9254716349775 -78.7551437324266,35.9255006348037 -78.7551027321953,35.9255306346161 -78.7550597319504,35.9255626344193 -78.7550327317882,35.9255846342958 -78.7549767314678,35.9256266340395 -78.7549347312208,35.9256596338473 -78.7549057310317,35.9256866337147 -78.7548187304731,35.9257656333169 -78.7547237299127,35.925840632882 -78.7546947297455,35.9258626327492 -78.7546797296475,35.9258766326806 -78.7546577295061,35.9258966325799 -78.7546357293603,35.9259176324793 -78.7545467287877,35.925998632072 -78.7544767282831,35.926074631752 -78.7544057277715,35.9261516314273 -78.7542997272281,35.9262166309409 -78.7542527267701,35.9262946307267 -78.7542117263001,35.9263786305403 -78.7541317258106,35.9264456301736 -78.7540807253604,35.9265196299406 -78.7540677249272,35.9266106298834 -78.7540077239827,35.926791629612 -78.7539597232216,35.9269376293948 -78.7538817222729,35.9271096290397 -78.7538397217558,35.9272036288485 -78.7538067213621,35.9272746286982 -78.7537597207886,35.927378628484 -78.7536577197236,35.927563628018 -78.7536197193352,35.9276306278443 -78.7534177180132,35.927818626916 -78.7533487175625,35.9278826265988 -78.7533017171475,35.9279506263832 -78.7532887170761,35.9279596263234 -78.7532297165921,35.9280366260525 -78.7531717161281,35.9281096257862 -78.7530887154485,35.9282176254049 -78.7529657144457,35.9283766248397 -78.7528527135377,35.9285196243202 -78.752773712885,35.9286236239569 -78.7526187116263,35.9288226232437 -78.7520067066377,35.9296116204233 -78.751902705577,35.929793619944 -78.7515757022498,35.9303636184351 -78.7514317007882,35.9306136177698 -78.7512876993261,35.9308636171039 -78.7511606983533,35.9310126165156 -78.7510246966482,35.9313216158865 -78.7508886949469,35.9316296152567 -78.7507426935932,35.9318536145794 -78.7504276911562,35.932227613116 -78.7501646889792,35.932571611893 -78.7501126885486,35.9326396116511 -78.7498956869108,35.9329236109147 -78.7497726863047,35.9330356106755 -78.7494526849178,35.9332846100527 -78.7489926836541,35.9334786091569 -78.7488826834647,35.9334996089427 -78.7488456833969,35.9335076088707 -78.7487566832438,35.9335246086973 -78.7487106831636,35.9335336086077 -78.7485716830155,35.9335396083371 -78.7483396827771,35.9335476078854 -78.7481076827112,35.9335166074341 -78.7477856826192,35.9334736068077 -78.7474926825347,35.9334346062378 -78.7472406825254,35.9333866057479 -78.7470496825165,35.9333506053767 -78.7468766825101,35.9333176050405 -78.7468216825058,35.9333076049336 -78.7464326821687,35.9333066041767 -78.7462746818761,35.9333416038688 -78.746099681604,35.9333686035278 -78.7459966814258,35.9333886033271 -78.7455486798751,35.9336526024504 -78.7450896790493,35.9337496015547 -78.744400678396,35.9337616002125 -78.743994677863,35.9338025994208 -78.7435846772659,35.9338575986208 -78.7434066770063,35.9338815982734 -78.7431756766702,35.9339125978225 -78.7421436757898,35.9339085958121 -78.7419236756114,35.9339055953836 -78.7417036754243,35.9339045949551 -78.7413016731477,35.9343495941559 -78.7386256581011,35.9373145887979 -78.7382876562133,35.9376895881164 -78.7380866550923,35.9379125877107 -78.7378856539724,35.9381355873045 -78.7371846500835,35.9389115858854 -78.737005649102,35.9391075855224 -78.7368316481254,35.9393035851689 -78.7365046463195,35.9396655845043 -78.7355376409655,35.9407435825327 -78.7354946407534,35.9407855824452 -78.7353986402278,35.940891582249 -78.7348466372003,35.9415035811192 -78.7341396333351,35.942287579668 -78.7336946309159,35.9427795787524 -78.7333886292529,35.9431185781216 -78.7329136266524,35.9436505771404 -78.732782625969,35.94378957687 -78.7320986222683,35.9445485754531 -78.7309456160714,35.9458255730551 -78.7305076137279,35.946310572141 -78.7300656113663,35.9468005712167 -78.7296056089144,35.9473105702528 -78.7290856061523,35.9478865691609 -78.7281456011552,35.9489335671803 -78.7277675990785,35.9493725663799 -78.7276065982118,35.9495555660389 -78.7271095954497,35.9501425649827 -78.7267025933413,35.9505875641194 -78.7263525917621,35.9509145633813 -78.7243475813659,35.9531305590981 -78.7240025795613,35.9535185583566 -78.72349357694,35.9540825572617 -78.7226195724583,35.955050555376 -78.7216535675304,35.9561205532836 -78.7205285618343,35.9573645508363 -78.7192695554839,35.9587615480831 -78.7184995516284,35.9596145463922 -78.7183925510922,35.9597335461568 -78.7183755510066,35.9597525461193 -78.7181185497113,35.960040545553 -78.7180385493272,35.9601255453773 -78.717010544224,35.9612635431071 -78.716486538112,35.9627235418239 -78.7156225281114,35.9651225396956 -78.7152895242301,35.9660575388691 -78.7149885204188,35.9669805381086 -78.7134235120226,35.9689275345499 -78.7134075119368,35.9689475345133 -78.7134065118571,35.9689675345082 -78.7132965106278,35.9692665342324 -78.7129725066386,35.970241533404 -78.7127815042899,35.9708165329144 -78.7125605015693,35.9714835323465 -78.7123594991165,35.9720855318296 -78.7122294975214,35.9724775314944 -78.7120144948915,35.9731245309393 -78.71183949276,35.9736495304868 -78.711575489545,35.9744425298026 -78.7113764871086,35.9750445292851 -78.7111094838591,35.9758485285898 -78.7108234804877,35.9766835278472 -78.710697478945,35.977066527517 -78.7093664627837,35.9810975240066 -78.7086244538674,35.9833365220318 -78.708297449904,35.984335521155 -78.7082454493286,35.9844805210177 -78.7080864474315,35.9849595205913 -78.7076494422103,35.9862805194155 -78.7069364337292,35.988434517487 -78.7068804330771,35.9886005173356 -78.7065854295743,35.9894935165332 -78.7059644222458,35.9913675148381 -78.7055694176042,35.992558513755 -78.7052554139068,35.9935095128905 -78.7049884107909,35.9943125121545 -78.7047894084587,35.9949145116041 -78.7041274007371,35.9969135097667 -78.703617394816,35.998452508344 -78.7031453893558,35.9998765070215 -78.7026863919101,36.0012615053544 -78.7024603935458,36.0019455045264 -78.702284394813,36.0024755038887 -78.7013014019055,36.0054435004151 -78.700386408605,36.0082494973038 -78.7001104104851,36.0090374964172 -78.6997234132689,36.010204495168 -78.6993124162305,36.0114464938667 -78.6998434161872,36.0114254948923 -78.7003564161389,36.0114024958849 -78.7007614161035,36.0113854966684 -78.7014084160472,36.0113584979209 -78.7023464159636,36.0113184997387 -78.7062324156227,36.0111555072895 -78.7074334155155,36.0111045096304 -78.7075944161146,36.0113535097845 -78.707737416596,36.0115535099329 -78.70897842101,36.0133865110916 -78.7092174218582,36.0137385113014 -78.7094334226295,36.0140585114859 -78.7107954274801,36.0160695125684 -78.7110784284915,36.016488512774 -78.7113114293221,36.0168325129393 -78.7123574330547,36.0183775136276 -78.713805438226,36.0205155144378 -78.7164944478543,36.0244885154994 -78.7178724527952,36.0265235158221 -78.7190694570931,36.0282915159799 -78.7196344591222,36.0291255160154 -78.7198164597793,36.0293955160202 -78.719947460249,36.0295885160233 -78.7215664591398,36.0291065188174 -78.7303154531097,36.0264995346443 -78.7322874517449,36.0259125383799 -78.7344664502425,36.0252675425751 -78.7349104499225,36.0251305434467 -78.7353034496495,36.0250135442151 -78.7365494487805,36.0246415466691 -78.7400034463718,36.0236125535986 -78.7401834462475,36.023559553964 -78.745358453733,36.0265705572569 -78.7483304580472,36.0282995587703 -78.7483844581272,36.0283315587942 -78.750524462723,36.029576561715 -78.751390466412,36.0300805653548 -78.7536074758672,36.0313825746636 -78.7537644912211,36.0375205647279 -78.7537744921503,36.0378915641302 -78.7538004940302,36.0386355629629 -78.7538955030192,36.0422275571681 -78.753903503923,36.0425905565742 -78.7539155049933,36.0430175558892 -78.7539515083156,36.0443445537538 -78.7540295157307,36.0473095489707 -78.7540415165261,36.047623548484 -78.7540225169277,36.0478105480561 -78.7540855204856,36.0492045459469 -78.7541135230849,36.050243544275 -78.754163527657,36.0520705413395 -78.7541745286483,36.0524665407041 -78.7542545359369,36.0553795360265 -78.7542805383302,36.0563365344885 -78.754206539301,36.0568195332501 -78.7535265458518,36.0602765235819 -78.7521835575528,36.0665715053834 -78.7516665617398,36.0688564986081 -78.7512695655021,36.0708324930113 -78.7516175664494,36.0708414948555 -78.7530115702435,36.0708775022432 -78.7589345863547,36.0710285336398 -78.7609165917453,36.0710795441463 -78.7620975949561,36.0711095504077 -78.7635995990411,36.0711485583698 -78.7640796003453,36.0711605609151 -78.7644396013234,36.0711695628241 -78.7648886025452,36.0711815652038 -78.7663976066502,36.0712215732022 -78.7672176088765,36.0712415775517 -78.7702496171145,36.0713185936299 -78.7733266254747,36.0713976099466 -78.7762406333811,36.0714686254067 -78.7769976354407,36.0714896294188 -78.7770536355941,36.0714916297148 -78.777280636211,36.0714976309185 -78.7774536366821,36.0715026318351 -78.7791376412545,36.0715456407669 -78.7794536430874,36.0719746417363 -78.7795476435962,36.072086642051 -78.7797386444618,36.0722416428125 -78.7799596451939,36.0723046438889 -78.7801596457545,36.0723176449369 -78.7804106464318,36.0723226462712 -78.7805866468801,36.0723146472261 -78.7807566472871,36.0722956481673 -78.7808786475645,36.0722756488534 -78.7810286478539,36.0722286497344 -78.7811176480184,36.0721976502624 -78.7812546482226,36.0721286511107 -78.7813726483257,36.0720376518941 -78.7815196483166,36.0718646529698 -78.7816616481285,36.071619654139 -78.7817236479264,36.0714606547365 -78.7817706477699,36.0713386551918 -78.7818176474106,36.0711286557943 -78.7818706471341,36.0709476563802 -78.7819726467391,36.0706586574086 -78.7820446466033,36.0705166580308 -78.7821706465767,36.0703596589665 -78.782351646676,36.0701936602111 -78.7824406467886,36.0701396607768 -78.7825916470201,36.0700656617072 -78.7827096472238,36.0700176624178 -78.7828386474614,36.0699716631838 -78.7829946478078,36.0699416640673 -78.7831646482421,36.0699336649888 -78.7833676488033,36.0699426660583 -78.7836566496602,36.0699806675389 -78.7837916501024,36.0700166682002 -78.7839916508691,36.0701186690987 -78.7841576515842,36.0702376697875 -78.7844146527821,36.0704616707878 -78.7845466534292,36.0705906712784 -78.7846656540164,36.0707086717181 -78.7847706545524,36.0708206720929 -78.7849686554525,36.0709836728801 -78.7851426561946,36.0711056736073 -78.7854476574128,36.071283674942 -78.7857016583623,36.0714036761006 -78.7859426592519,36.0715126772081 -78.7861176597853,36.071542678094 -78.786462660729,36.0715546799189 -78.7867936616218,36.0715606816787 -78.7869696621463,36.0715856825784 -78.7872176629418,36.0716456838051 -78.7874056635984,36.0717146846961 -78.7875516641822,36.0718006853344 -78.787631664536,36.0718626856596 -78.7877956654158,36.0720576862139 -78.7878726659483,36.0722016863874 -78.7879686666747,36.0724086865584 -78.7880126670512,36.0725226866052 -78.7880796678212,36.0727826865335 -78.7881096682014,36.0729146864756 -78.7881546690792,36.0732476861656 -78.7881416695164,36.0734546857536 -78.7880876699339,36.0737006850576 -78.7880066701525,36.0738906843096 -78.7879436702479,36.0740056837821 -78.7878936702888,36.0740816833886 -78.7876976703131,36.0743196819452 -78.7874876702233,36.0745236804828 -78.7871206700295,36.0748636779539 -78.7868436698254,36.0750946760872 -78.786553669551,36.075309674177 -78.7863066692648,36.0754696725881 -78.7860986689836,36.0755866712794 -78.7858796686736,36.0757036699116 -78.7856736683225,36.0757876686681 -78.7854686679627,36.0758666674382 -78.7851996675009,36.075974665817 -78.7849606671435,36.0760936643381 -78.7848296670183,36.0761896634762 -78.7847456670469,36.0762986628446 -78.7847096671125,36.0763686625351 -78.7847266674737,36.0765066623966 -78.7848826683959,36.076729662862 -78.7851616695819,36.0769266640304 -78.7854756706854,36.0770476655131 -78.7862606733251,36.0772986693064 -78.7863686736892,36.0773336698275 -78.7864756740644,36.0773746703334 -78.7867626751185,36.0775056716556 -78.7870556762657,36.0776706729538 -78.7872486770446,36.077789673792 -78.7874546779464,36.0779476746355 -78.7876796789208,36.0781156755646 -78.7879516800728,36.0783076767064 -78.7882646813207,36.0784946780768 -78.7885856825026,36.0786436795533 -78.7887196829726,36.0786956801866 -78.7888336833514,36.0787306807406 -78.7889546837372,36.0787606813406 -78.7890896841597,36.0787906820157 -78.7892236845658,36.0788146826953 -78.7893316848788,36.0788276832536 -78.7895746855641,36.0788486845233 -78.7897166859435,36.0788516852806 -78.7898166861877,36.0788436858306 -78.7898936863783,36.0788386862522 -78.7900506866586,36.0787806871905 -78.7902306868269,36.0786466883776 -78.7902996868492,36.0785766888633 -78.7904366868415,36.0784146898655 -78.7905226868383,36.0783136904934 -78.7906636868231,36.0781436915301 -78.7908736868241,36.077900693057 -78.7909436868495,36.0778306935478 -78.7910336869138,36.0777546941557 -78.791116687012,36.0777016946882 -78.7913086872767,36.0775956958926 -78.7915006875982,36.0775146970557 -78.7916716879212,36.0774586980651 -78.7917666881122,36.0774326986174 -78.7918756883559,36.0774136992333 -78.792072688831,36.0773947003211 -78.7923846896155,36.0773787020209 -78.7925536900668,36.0773817029224 -78.7926886904647,36.0774007036153 -78.7927896908184,36.0774397040931 -78.7928696910853,36.0774647044812 -78.7929826915607,36.0775437049577 -78.7930866921614,36.0776887052778 -78.7931426927056,36.0778647052896 -78.7931346928764,36.0779497051073 -78.7930566930392,36.0781127044215 -78.792948693076,36.0782547036091 -78.7925866930784,36.0786767009738 -78.7923046930795,36.0790046989215 -78.7918976930952,36.0794836959494 -78.791683693109,36.0797376943827 -78.7915056931564,36.0799646930535 -78.7913376932009,36.0801786917991 -78.791128693254,36.0804436902403 -78.7909716933031,36.0806466890627 -78.7908646935013,36.0808576881404 -78.7908106939063,36.0810986874534 -78.7907946952425,36.0817066863663 -78.7908246956585,36.0818556862823 -78.7908806961559,36.0820106863282 -78.7909696968639,36.082220686461 -78.7910276972554,36.0823266865985 -78.7910926976265,36.0824156868016 -78.791177698077,36.0825166870925 -78.7912896986724,36.0826506874745 -78.7914076992698,36.0827786878986 -78.7915697000406,36.0829326885168 -78.7915987001727,36.0829576886317 -78.7916577004781,36.0830246888389 -78.7917237008265,36.0831026890658 -78.7917887011858,36.0831866892774 -78.7918527015108,36.0832566895067 -78.7919277019301,36.0833556897476 -78.7919587020967,36.0833936898519 -78.7920177024629,36.083487690015 -78.7920557027246,36.0835596901012 -78.7920877030362,36.0836606901074 -78.7921027032177,36.0837236900846 -78.7921117033202,36.0837586900756 -78.7921187036707,36.0839056898718 -78.7921197037389,36.0839346898295 -78.7920937041415,36.0841426893479 -78.7920357046373,36.0844286885658 -78.7919887052432,36.0847506877836 -78.792020705912,36.0850096875304 -78.7920827067693,36.0853176873583 -78.7921167070135,36.0853866874281 -78.7921847074408,36.085497687612 -78.7922457078861,36.085624687732 -78.7923257083332,36.085730687989 -78.7923857086628,36.0858076881858 -78.7925747095143,36.0859676889415 -78.7928527106074,36.0861326901687 -78.7932297120131,36.0863226918887 -78.7934257127059,36.0864046928106 -78.7935937132245,36.0864416936554 -78.7938067137334,36.0864226948346 -78.7939977141899,36.0864056958918 -78.7942067146278,36.0863596970935 -78.7943587149473,36.0863266979667 -78.7947557157263,36.0862157002878 -78.7954747169112,36.0859137046557 -78.7964177180941,36.0853507106546 -78.796750718452,36.0851247128166 -78.7972457190769,36.0848297159629 -78.7976067196523,36.0846677181705 -78.7978077200471,36.0846107193455 -78.7981187208217,36.0845957210444 -78.7983087213445,36.0846087220463 -78.7985037219427,36.0846497230297 -78.7986997226126,36.0847217239681 -78.7990687239415,36.0848877256857 -78.7994797254524,36.0850867275763 -78.7998127266421,36.0852327291331 -78.8001837278899,36.085360730924 -78.8003507284346,36.0854107317427 -78.800765729816,36.0855477337565 -78.801208731265,36.0856827359247 -78.8015887324903,36.0857907377974 -78.8021447342646,36.085940740551 -78.8024117351031,36.0860067418831 -78.8027247360274,36.0860577434874 -78.8033397378714,36.0861707466194 -78.8036327387545,36.0862267481081 -78.8041617403528,36.0863297507933 -78.804365740985,36.0863767518172 -78.8046467418762,36.0864507532127 -78.8049277427761,36.0865287546019 -78.8050287430972,36.0865557551029 -78.8051827435863,36.0865967558671 -78.8052757438889,36.0866247563235 -78.8054027443014,36.0866627569471 -78.8057427453887,36.086756758629 -78.8059507460174,36.0867977596845 -78.8061487466026,36.086830760699 -78.8063067470754,36.0868597615042 -78.8064457474769,36.0868787622231 -78.8066027479492,36.0869087630215 -78.8068407487102,36.0869747641989 -78.8069347490171,36.0870037646592 -78.806999749238,36.0870277649713 -78.8071317496872,36.0870767656045 -78.8072287500303,36.0871187660603 -78.8073207503825,36.0871707664732 -78.8074017507149,36.0872267668204 -78.8074807510662,36.0872937671392 -78.8075337513612,36.0873657673099 -78.8075717516414,36.0874487673821 -78.8076087520046,36.0875707673866 -78.8076197522874,36.0876867672605 -78.8076167523323,36.087710767206 -78.8076147523929,36.0877407671473 -78.8076097525005,36.0877957670324 -78.8076057525406,36.087818766974 -78.8076027525636,36.0878327669355 -78.8075927526452,36.0878817668032 -78.8075717527576,36.0879577665684 -78.8075367528206,36.0880277662678 -78.8075067528681,36.0880847660148 -78.8074857528994,36.0881237658392 -78.8074437529291,36.0881867655119 -78.8074217529293,36.0882127653516 -78.8073997529251,36.0882367651945 -78.8073797529217,36.0882587650515 -78.8072897528561,36.0883347644444 -78.8071197525993,36.0884177633945 -78.8070027523762,36.0884537627056 -78.8068097520076,36.0885127615698 -78.8067777519381,36.0885187613876 -78.8067207518151,36.0885297610624 -78.8065797514995,36.0885517602664 -78.8064887512844,36.088560759761 -78.8064467511848,36.088564759528 -78.8063267508927,36.0885727588677 -78.8063017508325,36.0885747587295 -78.8061647504591,36.0885657580048 -78.8059817499098,36.0885307570735 -78.8058867495942,36.0884987566122 -78.8058247493769,36.0884727563194 -78.8057567491376,36.088443755999 -78.8056607488501,36.0884257555099 -78.8055157484868,36.0884307547195 -78.8054727483801,36.0884327544843 -78.8053037479791,36.0884487535468 -78.8050627474076,36.0884717522096 -78.8048997470199,36.088486751306 -78.8047937467727,36.0884987507149 -78.8047667467118,36.0885027505627 -78.804630746427,36.0885327497808 -78.8044877461527,36.0885757489401 -78.8043237458287,36.0886207479828 -78.8042687457287,36.0886397476555 -78.8042347456675,36.0886517474527 -78.8041737455652,36.0886767470834 -78.8040917454265,36.0887097465878 -78.8040427453442,36.0887297462912 -78.803989745256,36.0887517459698 -78.803920745142,36.0887807455508 -78.8038297449801,36.0888137450067 -78.8037457448319,36.0888447445035 -78.8036207446266,36.0888977437436 -78.8035997445923,36.0889067436158 -78.803496744435,36.088955742981 -78.8033797442857,36.0890247422384 -78.8032817441789,36.0890907416032 -78.8032187441469,36.0891497411681 -78.8031267442216,36.0892907404444 -78.8030837443321,36.0893907400511 -78.8030647444977,36.0894877397923 -78.8030517446213,36.0895587396077 -78.8030637449752,36.0897047394372 -78.8030707451083,36.0897567393912 -78.8030997454795,36.0898907393318 -78.8031147456752,36.0899617392984 -78.8031397459342,36.0900497392917 -78.8031767462175,36.0901347393545 -78.8032157464683,36.0902027394555 -78.8032757467997,36.0902827396507 -78.8033467471571,36.0903617399069 -78.8034727477798,36.09049674037 -78.8035407481205,36.0905717406166 -78.8035517481775,36.0905847406551 -78.8036307485288,36.0906517409739 -78.8037517490256,36.0907357414923 -78.8038687495032,36.0908157419956 -78.8039957500506,36.0909157425208 -78.8040147501326,36.0909307425993 -78.8041487506956,36.091029743164 -78.8043377515919,36.0912157438861 -78.8044707522337,36.0913517443861 -78.8045497526241,36.0914367446764 -78.8046547531431,36.0915497450623 -78.8046997534262,36.0916257451833 -78.8047517538089,36.0917387452828 -78.8048357543266,36.0918757455168 -78.8048977547062,36.0919757456912 -78.8049677554434,36.0922287456633 -78.8049817556469,36.092304745617 -78.8050347563933,36.0925817454587 -78.8050797570463,36.0928257453103 -78.8051247576971,36.0930687451635 -78.8051787584699,36.0933567449932 -78.8052377593105,36.0936697448099 -78.8052677596054,36.0937687448133 -78.8053037599574,36.0938867448187 -78.8053077599984,36.0939007448178 -78.8053127600421,36.0939147448224 -78.8051057597726,36.0940327435129 -78.8049837595841,36.0940887427628 -78.8048677595234,36.0941957419632 -78.8048417595385,36.094232741763 -78.8047937595724,36.0943037413892 -78.8047627596365,36.094368741117 -78.8047427596758,36.0944097409429 -78.8047237597264,36.0944547407677 -78.8046867598414,36.0945497404148 -78.8046767607289,36.0949637396954 -78.8046267670132,36.0978707347533 -78.8043817945621,36.1106367129013 -78.8043447989855,36.1126827094098 -78.8043268011215,36.1136707077229 -78.8043068034667,36.114755705869 -78.8042888056339,36.1157577041593 -78.8042708077527,36.116737702485 -78.8042558096075,36.1175947010248 -78.8042368118565,36.1186346992483 -78.8042178140351,36.1196426975231 -78.8042008160554,36.1205766959278 -78.8041838181399,36.1215396942858 -78.8041668201229,36.1224566927176 -78.8041418231133,36.1238386903576 -78.8041338239924,36.124245689659 -78.8041098267516,36.1255216874747 -78.8041068271285,36.1256956871783 -78.8040828297555,36.1269116850903 -78.8039598435915,36.1333106741179 -78.803951844573,36.1337636733449 -78.8039168485096,36.1355836702231 -78.8038978502559,36.1363946688131 -78.8038738526421,36.1375006669006 -78.8038778532944,36.1377916664545 -78.8038508559852,36.1390386642983 -78.8037908615791,36.141634659788 -78.8037968623377,36.141971659279 -78.8037618660161,36.1436736563455 -78.8037388686977,36.1449116542252 -78.8037238703995,36.1456976528767 -78.8036748759072,36.1482416485092 -78.8036338814035,36.1507716442082 -78.8036238817981,36.1509606438482 -78.8036018842935,36.1521126418709 -78.8035708878448,36.1537516390593 -78.8035198935702,36.156394634519 -78.8034908969659,36.1579606318353 -78.8034898970277,36.157989631783 -78.8034599004392,36.1595636290805 -78.8034219047417,36.1615486256711 -78.8033839091488,36.1635806221855 -78.8033429138396,36.1657436184716 -78.8033089177108,36.1675286154055 -78.8032279269676,36.1717956080761 -78.8031149385863,36.1771605987949 -78.803082942545,36.1789815956797 -78.8030659454151,36.1802955934662 -78.8030259499879,36.1824015898459 -78.8030189508534,36.1827995891649 -78.8030029526686,36.1836355877269 -78.802982954971,36.1846955859052 -78.8029629572448,36.1857425841043 -78.8029469590782,36.1865865826532 -78.8029399598554,36.1869445820364 -78.8029289614805,36.1876895807731 -78.8029189632031,36.1884775794462 -78.8029029658844,36.1897045773775 -78.8028889682382,36.1907815755618 -78.8028349771433,36.1948565686854 -78.8028299778897,36.1951985681055 -78.802812980809,36.1965335658563 -78.8027109970824,36.2039805532665 -78.8027049986552,36.2046965520776 -78.8026380065127,36.2083075458705 -78.8025160177353,36.213487536815 -78.8025020189052,36.2140285358618 -78.8024140269478,36.2177395293684 -78.8023770305157,36.2193835265027 -78.8023580323697,36.2202375250151 -78.8023480334442,36.2207315241603 -78.8023360434154,36.2252425168124 -78.8023420459443,36.2263785150142 -78.8023400494965,36.2279835124129 -78.8023340548313,36.2303965084847 -78.8023380556723,36.2307725079012 -78.8023330611376,36.2332435038851 -78.8023330629345,36.2340545025766 -78.8023320667836,36.2357924997664 -78.8035200691791,36.2358365066063 -78.8064490750846,36.2359455234704 -78.8074020770044,36.2359805289586 -78.8105660833779,36.2360975471796 -78.8120840864342,36.2361535559225 -78.8132340887504,36.2361965625454 -78.8159920943032,36.23629957843 -78.8161960947103,36.2363055796075 -78.8169330961926,36.2363325838534 -78.8185370994313,36.2363975930847 -78.819099100562,36.236418596322 -78.8193621010786,36.2364225978461 -78.8196081015731,36.2364315992635 -78.8233051090038,36.2365676205649 -78.8259431142947,36.2366606357725 -78.8268291160897,36.2367006408669 -78.828065118558,36.2367396480001 -78.8292891210089,36.236781655059 -78.8313841251531,36.2368296671783 -78.8319671262512,36.2368166705913 -78.8320511264175,36.2368186710771 -78.8321341265797,36.2368196715587 -78.8328121279154,36.2368326754848 -78.8333951290635,36.2368436788612 -78.8357651337286,36.2368876925881 -78.8386851394767,36.2369427095002 -78.8426711473106,36.2370127325955 -78.8438101495609,36.2370387391863 -78.8469751557877,36.2370987575196 -78.8509021635106,36.237172780269 -78.8518111652956,36.2371887855368 -78.8565411745953,36.2372788129394 -78.8579161773075,36.2373098208987 -78.8600711815623,36.2373608333701 -78.8618721851181,36.2374038437927 -78.8635781884863,36.2374448536656 -78.8638521890261,36.2374508552522 -78.8671271954868,36.2375278742088 -78.8683751979514,36.2375588814306 -78.8688671989205,36.2375698842795 -78.8704062019568,36.2376068931874 -78.8719742050484,36.2376439022644 -78.8726072062965,36.2376589059288 -78.8745972102193,36.2377059174494 -78.8747262104772,36.2377109181935 -78.8749432109028,36.2377149194514 -78.8753932117885,36.2377249220575 -78.8757432124778,36.2377329240842 -78.8758122126145,36.2377349244832 -78.8761082131979,36.2377419261968 -78.8767452144531,36.2377569298849 -78.8774292158006,36.2377729338453 -78.8780572170384,36.237787937481 -78.8786922182895,36.2378029411576 -78.8791842192595,36.2378149440057 -78.8793802196463,36.2378199451401 -78.8797392203526,36.2378279472193 -78.8802312213226,36.2378399500676 -78.880987222812,36.2378579544447 -78.8810502229352,36.2378589548102 -78.8814632237491,36.2378689572012 -78.8823242254442,36.2378889621872 -78.8828992265774,36.2379029655161 -78.8829442266659,36.2379039657768 -78.8833712275066,36.2379139682495 -78.8838342284185,36.2379249709304 -78.8845222297727,36.2379409749147 -78.8849972307076,36.2379519776656 -78.8856692320308,36.2379679815569 -78.8884762375557,36.2380339978128 -78.8886072378152,36.2380379985702 -78.8886752379461,36.2380379989662 -78.8887112380191,36.2380399991731 -78.889053238692,36.2380480011539 -78.8892012389842,36.2380520020103 -78.8895982397648,36.23806100431 -78.8900132405818,36.2380710067131 -78.8904432414277,36.2380810092037 -78.8907832420967,36.2380890111729 -78.8910362425945,36.2380950126381 -78.8913022431174,36.238101014179 -78.891557243619,36.2381070156559 -78.8917972440901,36.2381120170469 -78.8918292441534,36.2381130172319 -78.893048246552,36.2381420242918 -78.9052252704903,36.2384290948301 -78.9054862709869,36.2384260963543 -78.9057082714385,36.2384400976289 -78.9058692717534,36.2384430985627 -78.9061392722955,36.2384561001183 -78.9064602729145,36.2384571019867 -78.9085232769514,36.2384971139508 -78.9116082829889,36.2385581318411 -78.9131872860781,36.2385891409987 -78.9182002958854,36.2386891700718 -78.9188682971897,36.2387011739478 -78.9196542987223,36.23871417851 -78.9212563018586,36.2387481877991 -78.9228203049095,36.2387751968761 -78.9245783083514,36.2388132070696 -78.9273563137705,36.238862223192 -78.9290743171391,36.2389032331496 -78.9300233189885,36.2389192386585 -78.9325243238732,36.2389682531687 -78.9325843239917,36.2389702535158 -78.932936324676,36.2389752555605 -78.9339223266123,36.2390012612729 -78.9339703267143,36.2390072615452 -78.9346003279569,36.239027265191 -78.9366083318928,36.2390762768302 -78.9370813328189,36.2390872795726 -78.9384243354332,36.2391092873707 -78.9386713359123,36.2391122888062 -78.9393833372955,36.2391222929426 -78.9403363391446,36.2391342984807 -78.9413533411293,36.2391543043822 -78.9420833425436,36.239162308626 -78.9440783464134,36.2391873202202 -78.9446483475283,36.2392003235258 -78.9452173486158,36.2391973268449 -78.9458173498152,36.2392273303049 -78.9485473551374,36.2392793461503 -78.9492493565067,36.2392933502243 -78.9505943591287,36.2393193580308 -78.9507173593679,36.2393213587452 -78.9520323619211,36.2393403663855 -78.9629303830507,36.2394834297261 -78.9654683879676,36.23951544448 -78.9662543894933,36.2395274490469 -78.9737294039767,36.2396264924986 -78.9789034139972,36.2396945225777 -78.9822544204854,36.23973854206 -78.9832764224633,36.2397515480024 -78.9842964244373,36.2397645539332 -78.9858944275319,36.2397865632232 -78.9874844306081,36.2398065724689 -78.9888374332256,36.2398235803366 -78.9906434367209,36.2398475908374 -78.9937114426566,36.2398876086773 -78.9940954434036,36.239895610907 -78.9991704532167,36.2399596404213 -79.0069404690852,36.2400586319077 -79.0083424719691,36.2400766292178 -79.0099204752155,36.2400966261907 -79.0119014792861,36.2401176223951 -79.0159114875275,36.2401586147143 -79.0231865024826,36.2402276007883 -79.0243425048742,36.2402465985682 -79.0291035147305,36.2403245894267 -79.0303435172862,36.2403375870531 -79.0321195209775,36.2403725836386 -79.0322165211793,36.240374583452 -79.0352895275493,36.2404235775557 -79.0416595407669,36.2405245653376 -79.0420815416478,36.2405335645263 -79.0425025425248,36.2405415637179 -79.0474285527554,36.2406165542763 -79.0512005606024,36.2406765470464 -79.0560835707693,36.2407535376903 -79.0659215912873,36.2409085188494 -79.068807597314,36.2409535133251 -79.0713456026158,36.2409925084683 -79.0715226029863,36.2409955081294 -79.0766716137494,36.2410734982793 -79.0973416567479,36.2412694588468 -79.1122066874875,36.2413254305594 -79.1125476881921,36.2413264299107 -79.1132516896618,36.2413334285686 -79.1133516898707,36.241334428378 -79.1142486917408,36.2413424266686 -79.1152676938808,36.2413564247239 -79.1162836959932,36.241363422789 -79.1182157000727,36.2413964190988 -79.1242657127844,36.2414764075588 -79.1283507213856,36.2415333997675 -79.1318517287565,36.2415803930926 -79.1337347327221,36.2416053895032 -79.1346317346119,36.2416173877934 -79.1421037503569,36.2417143735556 -79.1450877566625,36.2417563678698 -79.1463627593581,36.2417743654407 -79.1496607663392,36.2418223591575 -79.1529697733184,36.2418623528581 -79.1539947754797,36.2418743509072 -79.1553457783259,36.2418893483363 -79.1564747807177,36.2419053461865 -79.1650577989825,36.2420433298419 -79.1683498059899,36.2420943235761 -79.170528810628,36.2421273194298 -79.1762098227344,36.2422143086221 -79.1799788307757,36.2422723014539 -79.1815638341577,36.2422962984401 -79.1855698427163,36.2423582908238 -79.1901328524672,36.2424272821514 -79.1917758559855,36.242453279029 -79.1960238650785,36.2425182709583 -79.1968168667762,36.2425302694519 -79.2000188736369,36.2425792633702 -79.2029448799114,36.2426242578138 -79.2108458968719,36.2427452428154 -79.2117808988886,36.2427612410407 -79.2167279095075,36.242833231655 -79.2237819246837,36.2429392182762 -79.2290819360982,36.2430182082282 -79.2317849419279,36.243059203105 -79.2338059462808,36.2430881992751 -79.2357579504916,36.2431171955764 -79.2401819600428,36.2431831871952 -79.2422649645375,36.24321318325 -79.246964974698,36.2432831743497 -79.2489779790529,36.2433131705385 -79.2511019793354,36.2433451662389 -79.2569799690479,36.2434311536199 -79.2579499673409,36.2434441515364</coordinates></LinearRing></outerBoundaryIs></Polygon>
  </Placemark>
</Folder>
</Document></kml>
