<?xml version="1.0" encoding="utf-8" ?>
<kml xmlns="http://www.opengis.net/kml/2.2">
<Document id="root_doc">
<Schema name="shape" id="shape">
	<SimpleField name="District" type="string"></SimpleField>
	<SimpleField name="Code" type="string"></SimpleField>
</Schema>
<Folder><name>shape</name>
  <Placemark>
	<Style><LineStyle><color>ff0000ff</color></LineStyle><PolyStyle><fill>0</fill></PolyStyle></Style>
	<ExtendedData><SchemaData schemaUrl="#shape">
		<SimpleData name="District">North Carolina 13</SimpleData>
		<SimpleData name="Code">NC-13</SimpleData>
	</SchemaData></ExtendedData>
      <Polygon><outerBoundaryIs><LinearRing><coordinates>-78.3065782491983,35.2876019613564 -78.3064212482807,35.2878429610823 -78.3062392473643,35.2880789607443 -78.3055592437048,35.2890309595251 -78.3050502409603,35.2897459586233 -78.3043702373049,35.29069895743 -78.3040782354094,35.2912049569721 -78.3032022297184,35.2927259556197 -78.3029092278227,35.2932329551732 -78.30101121553,35.2965279523669 -78.3005722126997,35.2972879517367 -78.2998422079873,35.2985549507071 -78.2993122040409,35.2996319500621 -78.2990462020702,35.3001699497417 -78.298384197146,35.3015159489626 -78.2982511961622,35.3017849488076 -78.2976241924887,35.3027669479194 -78.2968411879013,35.3039949468306 -78.2963701851538,35.3047309461845 -78.2951171778323,35.3066959445078 -78.2944901741789,35.3076779436887 -78.2940191714427,35.3084139430814 -78.2938631705295,35.3086599428834 -78.2933921677964,35.3093959422865 -78.2931721665098,35.3097429420124 -78.2922951614235,35.3111149409295 -78.2915121568788,35.3123429399876 -78.2909811538096,35.3131729393592 -78.290795152731,35.3134649391423 -78.2897091467568,35.3150749378358 -78.2890371463852,35.3150749363643 -78.2875931456865,35.3150449331813 -78.2875091455436,35.3150739330177 -78.2863481448982,35.3150749304762 -78.2856751445294,35.3150739290018 -78.2813051421129,35.3150739194328 -78.2796241411867,35.3150729157511 -78.2789001407863,35.3150729141658 -78.277098139836,35.3150589102084 -78.2760321389997,35.3151339079364 -78.2749371350231,35.3161599064048 -78.2737001286625,35.3178909051953 -78.273097124976,35.3189149047788 -78.2726471222183,35.3196819044794 -78.2722851204111,35.3201739041351 -78.2722351197125,35.3203789042076 -78.2719811181251,35.3208219040549 -78.2717881171638,35.321083903875 -78.2717401168991,35.3211569038373 -78.2716531167086,35.3212009036915 -78.2715481165544,35.3212309034953 -78.2714461163265,35.3212839033257 -78.2713531160838,35.3213429031807 -78.2712731159069,35.3213839030474 -78.2710411154627,35.3214819026428 -78.2708731151802,35.3215409023394 -78.270702114906,35.3215969020273 -78.2705531145945,35.3216679017753 -78.2704811144057,35.3217139016641 -78.2703111138902,35.3218439014209 -78.2702231136015,35.3219179013012 -78.2700951131477,35.3220359011367 -78.2700421129103,35.3220999010823 -78.2699501125771,35.3221869009664 -78.2697941121708,35.3222859007264 -78.2696831118636,35.322361900561 -78.2694701113783,35.3224759002151 -78.2694141112017,35.3225209001379 -78.2691901105605,35.3226808998114 -78.2691031101781,35.3227838997219 -78.2690191099868,35.3228288995862 -78.2688601097592,35.322872899292 -78.2687481095825,35.3229088990894 -78.2686491093964,35.3229498989188 -78.2684251089421,35.3230528985425 -78.2682871087127,35.3231008982968 -78.2681801085714,35.323126898096 -78.2680611084435,35.3231468978646 -78.2679351082825,35.3231758976269 -78.2676431077439,35.3232938971232 -78.267549107665,35.3233028969344 -78.2674551076189,35.3233018967363 -78.2673971075688,35.3233078966202 -78.2673001074362,35.32333289644 -78.2671401072478,35.3233648961343 -78.2668471069372,35.3234128955648 -78.2666871067488,35.3234448952594 -78.2664721064761,35.3234938948548 -78.2661351059147,35.3236118942599 -78.2660141057795,35.3236338940273 -78.2658901056135,35.323664893797 -78.2658141054629,35.32369889367 -78.2656161051539,35.3237618933154 -78.2652931047826,35.3238238926986 -78.2649291042111,35.3239408920491 -78.2647931038569,35.3240278918481 -78.2646831036236,35.32408189167 -78.26435310322,35.3241528910491 -78.262500100936,35.3245578875785 -78.2603480982777,35.3250318835727 -78.2597730975545,35.3251628825107 -78.2583700957843,35.3254848799288 -78.2581680950365,35.3256838797154 -78.258001094895,35.3257008793872 -78.257754094838,35.325678878853 -78.257389094778,35.3256388780556 -78.2570360946821,35.3256118772963 -78.2567490946462,35.3255768766651 -78.2566300946845,35.325545876386 -78.2564360949032,35.32544687588 -78.2562020953299,35.3252768752157 -78.2560290955689,35.325174874749 -78.2558550959748,35.3250208742249 -78.2557610961032,35.3249658739713 -78.2556270964395,35.3248398735592 -78.2552920971123,35.3245768725825 -78.2550470976543,35.3243688718503 -78.254908098039,35.3242268714087 -78.2547570985106,35.3240558709106 -78.2544970995559,35.3236888699738 -78.2543860999161,35.3235588696019 -78.2542490999536,35.3235248692783 -78.2541481000518,35.3234778690161 -78.2539761001383,35.3234228685964 -78.2537441001064,35.3233948680799 -78.253597100132,35.323362867737 -78.2533381002563,35.323281867106 -78.2531131003565,35.3232138665601 -78.2529261004541,35.3231528661012 -78.2527141005449,35.3230898655873 -78.2525701006843,35.3230228652116 -78.2524491007426,35.3229848649158 -78.2523441008736,35.3229268646316 -78.2522251010453,35.3228538643013 -78.2519511013663,35.3227088635656 -78.2515281018009,35.3225038624488 -78.2513901018659,35.3224608621105 -78.251201101859,35.3224318616801 -78.2508701020239,35.3223258608646 -78.2507631023425,35.3222088605086 -78.250603102402,35.3221638601208 -78.2499521024438,35.3220278586379 -78.249908102556,35.3219708585227 -78.2494681036253,35.3214168573831 -78.2492691045438,35.3210298567099 -78.2491661053502,35.3207258562423 -78.2487851056886,35.3204278554494 -78.2485501054246,35.3203918551282 -78.2481111046593,35.3204098546258 -78.2477191039349,35.3204388541926 -78.2474461034215,35.3204618538944 -78.2473561032287,35.3204768538048 -78.2466321019252,35.320519852994 -78.2465471016168,35.3205738529568 -78.2464021013008,35.3205998528154 -78.2462641010436,35.3206108526645 -78.2461181007419,35.3206318525162 -78.2459351004883,35.3206188522833 -78.245640099953,35.3206378519558 -78.2455200997883,35.3206288518025 -78.2453490993673,35.3206748516549 -78.2449510985495,35.3207308512505 -78.2447620982643,35.3207248510191 -78.2446420983963,35.3206218507514 -78.2443520984213,35.3204658502161 -78.2438890985067,35.3202018493399 -78.2437120984697,35.3201228490309 -78.243469098373,35.3200288486237 -78.2430960981695,35.3199018480186 -78.2428720980241,35.3198328476635 -78.2426280977424,35.3197968473252 -78.242085096378,35.3199518468682 -78.2417020948227,35.3202508467886 -78.2413540938419,35.3203848465441 -78.2412230934993,35.3204268464417 -78.2410250930332,35.3204738462661 -78.2409070928118,35.3204838461385 -78.2407070921678,35.3205868460332 -78.240444091089,35.3207968459921 -78.2402720904598,35.3209098459348 -78.2401090899639,35.3209848458394 -78.2398930894579,35.3210358456507 -78.2397260889747,35.3211048455436 -78.2394120882121,35.3211878452822 -78.238843086724,35.3213728448565 -78.2384880857667,35.3214978446056 -78.238030084447,35.3216868443211 -78.2377260835206,35.3218288441562 -78.237432082611,35.3219708440044 -78.2372020818754,35.3220898438974 -78.2370600814446,35.3221558438217 -78.2367290800239,35.3224448438301 -78.2365740795453,35.3225198437531 -78.2363850790097,35.3225958436387 -78.2362880787472,35.3226308435747 -78.2360570782252,35.3226808433771 -78.2358540777973,35.3227148431901 -78.2356130773336,35.3227408429487 -78.2353690768283,35.3227788427206 -78.2350130762341,35.3227878423239 -78.2348640759908,35.3227898421555 -78.2345950754247,35.3228348419092 -78.2344070748373,35.3229288418247 -78.2343060743947,35.3230208418379 -78.234230073949,35.3231268418995 -78.2341640736297,35.3231968419223 -78.2340530728193,35.3234038420865 -78.2339570722567,35.3235378421658 -78.2338810716647,35.3236918422964 -78.233653070193,35.3240548425508 -78.2335480695682,35.3242048426447 -78.2334790690739,35.3243308427455 -78.2332860682192,35.3245108427844 -78.2331260676218,35.3246238427661 -78.232927066661,35.3248358428461 -78.23283406624,35.324925842871 -78.2327280658231,35.3250078428704 -78.2325910653515,35.3250918428386 -78.2323850646772,35.3252068427753 -78.2321370639985,35.3253018426377 -78.2319970635717,35.3253698425811 -78.2314510619643,35.3256168423371 -78.230900060743,35.3257348419039 -78.2306670599991,35.3258598418315 -78.2302910585807,35.3261338418232 -78.230055057876,35.3262448417298 -78.229690057019,35.3263398414736 -78.2293550563846,35.3263768411647 -78.2290790555736,35.3265028410533 -78.2285930531036,35.32707084138 -78.2279280508909,35.3274628412597 -78.2278080505966,35.3274988411863 -78.227756050489,35.3275078411445 -78.2275640499299,35.3275948410721 -78.2273060491999,35.3277048409654 -78.2272070487764,35.3277948409976 -78.2271860486268,35.3278338410349 -78.2271760483892,35.3279078411373 -78.2271180480683,35.3279848411936 -78.227068047871,35.3280248412019 -78.2269780475699,35.3280788411895 -78.2268320470564,35.3281748411826 -78.2266830464697,35.3282938412083 -78.2265620461091,35.3283518411703 -78.226460045835,35.3283908411232 -78.2264090457264,35.328400841085 -78.226353045688,35.3283848410016 -78.2261860450593,35.3285088410178 -78.226049044498,35.3286258410552 -78.2259800442602,35.3286698410512 -78.2258380438621,35.3287298409958 -78.2257430435545,35.3287838409805 -78.2255430429898,35.3288698409058 -78.2253610425248,35.3289318408128 -78.2252060421463,35.328978840725 -78.2251670419252,35.3290328407689 -78.2251670416655,35.3291198409048 -78.2251450415362,35.3291518409321 -78.2250430411648,35.329223840939 -78.2249790409503,35.3292628409338 -78.2247970404385,35.3293408408679 -78.2246780401458,35.3293778408031 -78.2244790396917,35.3294278406764 -78.2242890393082,35.3294588405293 -78.2241820391056,35.3294718404395 -78.2240250387877,35.3294978403188 -78.2239920387014,35.3295098403038 -78.2239560385243,35.3295508403317 -78.2239420383453,35.3296038404013 -78.2239340380237,35.3297078405579 -78.2239160378683,35.3297508406075 -78.2238680376849,35.329787840617 -78.2238090375322,35.3298088405898 -78.2237480374062,35.3298198405447 -78.2236500373217,35.3297978404093 -78.2235630371352,35.3298158403488 -78.2234970369481,35.3298448403273 -78.2233840365824,35.3299098403152 -78.2231210357532,35.3300538402764 -78.2229860353158,35.3301318402635 -78.222901035023,35.3301868402651 -78.2227850345851,35.3302748402882 -78.2226860341646,35.3303658403338 -78.2226010337625,35.3304578403955 -78.2225060332831,35.3305708404811 -78.2224230329466,35.3306418405116 -78.2223180326328,35.3306938404894 -78.2222130324346,35.3307068404044 -78.2220610320969,35.3307428403093 -78.2219430318081,35.3307798402503 -78.221859031571,35.3308168402256 -78.22172203115,35.3308888402045 -78.2216230308164,35.3309508402057 -78.221533030473,35.3310208402292 -78.2213540299208,35.3311158402044 -78.2211740294294,35.3311898401451 -78.2209330287484,35.3312968400792 -78.2208170284016,35.3313548400584 -78.2207160280777,35.3314128400529 -78.2206030276916,35.3314858400603 -78.2205200273863,35.331546840078 -78.2203940268925,35.3316498401224 -78.2202940265441,35.3317168401337 -78.2201500260999,35.3317938401182 -78.2201000258215,35.3318628401827 -78.2200440254165,35.3319718403076 -78.2200050252312,35.3320148403402 -78.2199170248956,35.3320838403677 -78.2198010245355,35.332146840358 -78.2197000241071,35.3322408404146 -78.2195830236577,35.3323338404543 -78.2194960233652,35.3323888404605 -78.2192840226851,35.3325118404579 -78.2190840220089,35.3326398404763 -78.2189730217305,35.3326778404317 -78.2188800215936,35.3326768403394 -78.2187810215062,35.3326558402078 -78.2185660212648,35.3326278399512 -78.2184340211364,35.3326038397821 -78.21838402107,35.3326008397283 -78.2183260209564,35.3326098396869 -78.218289020848,35.3326278396811 -78.2182180204957,35.3327118397535 -78.2181830203905,35.3327298397498 -78.2181130202969,35.3327258396749 -78.2180270202319,35.332703839554 -78.2180030201899,35.3327058395341 -78.2179620199647,35.3327618395888 -78.2179210198417,35.3327828395845 -78.217881019767,35.332787839554 -78.2177960196743,35.3327758394511 -78.2176950194933,35.3327858393698 -78.2175830191995,35.3328288393339 -78.2175310190047,35.3328688393513 -78.2174380185938,35.3329618394191 -78.2173260182303,35.3330288394245 -78.2172940181444,35.3330418394157 -78.217226018054,35.3330378393431 -78.2171240180553,35.332984839154 -78.2170860180128,35.3329798391086 -78.2169700177397,35.3330138390543 -78.2168340175094,35.3330228389381 -78.2167150174122,35.3329948387749 -78.216633017263,35.3330038387109 -78.2166030171161,35.3330388387419 -78.2165890169206,35.3330988388312 -78.216569016812,35.3331258388582 -78.2164810165928,35.3331558388247 -78.2164270164275,35.3331848388223 -78.2163440161054,35.3332528388591 -78.2162880159372,35.333281838855 -78.2162010157342,35.3333068388142 -78.2160070153419,35.3333418386878 -78.2158310149244,35.33339483861 -78.2156690145077,35.3334548385581 -78.2156220143243,35.3334938385805 -78.2155750140103,35.3335778386809 -78.2155660137359,35.3336678388283 -78.2155630134356,35.3337698390021 -78.2155900133165,35.3338248391232 -78.2156370133026,35.3338538392182 -78.2156760133434,35.3338598392658 -78.2157530135164,35.3338398393046 -78.2158350136709,35.3338288393638 -78.2159340137839,35.333840839479 -78.2159890137993,35.3338638395711 -78.2160340136051,35.3339538397692 -78.2160380134485,35.3340098398696 -78.2159900127613,35.3342218401897 -78.2159310120696,35.3344298404929 -78.2159110117379,35.3345338406537 -78.2159100115854,35.3345858407425 -78.2159230114219,35.3346488408635 -78.2159220111417,35.3347448410283 -78.2158520106634,35.3348738411856 -78.2157880100838,35.3350408414144 -78.2157960097387,35.3351638416345 -78.2158160094956,35.3352578418156 -78.2158390094077,35.3352998419095 -78.2158780093639,35.3353348420062 -78.2159250093609,35.3353598420929 -78.2160140094346,35.3353798422099 -78.2161840095438,35.3354288424518 -78.2162720096188,35.3354478425659 -78.2163240096289,35.3354708426536 -78.2163810095882,35.3355138427801 -78.2164500094518,35.3355958429847 -78.2165130091378,35.3357358432831 -78.2165390089232,35.3358228434563 -78.2165080084034,35.3359858437075 -78.2165200081651,35.3360738438695 -78.2165470080101,35.3361408440091 -78.2166660076297,35.336331844445 -78.2166930074745,35.3363988445843 -78.2166680068878,35.3365878448854 -78.2166760066813,35.3366628450212 -78.2167210062993,35.3368168453256 -78.2167100058059,35.3369808455965 -78.2166830053066,35.3371388458429 -78.2163200025574,35.3379018468299 -78.2160780013363,35.338200847132 -78.2165439989082,35.3392688493726 -78.2159519951753,35.3402598505755 -78.2156039915954,35.3413218521228 -78.2154759908242,35.3415248523698 -78.2153509909937,35.3414048520591 -78.2152649911462,35.3413098518235 -78.2151879913694,35.3411948515602 -78.2151029915231,35.3410998513248 -78.2149699915153,35.3410368511053 -78.214752991555,35.3409158507146 -78.2145249915612,35.3408008503243 -78.214344991523,35.3407248500415 -78.2142259914593,35.3406878498775 -78.2140349913097,35.3406448496429 -78.2139189912761,35.3405988494652 -78.2137739912787,35.3405258492155 -78.2136299912423,35.3404668489909 -78.2135569911779,35.3404528489051 -78.2134679909839,35.3404758488714 -78.2133319905842,35.3405468488835 -78.2128979891478,35.3408298490249 -78.2124689876115,35.3411508492428 -78.2123919872948,35.3412228493081 -78.2123759870938,35.3412848494059 -78.2123829870378,35.3413078494528 -78.212535986989,35.3414008497446 -78.2125809870015,35.3414188498136 -78.2127309871753,35.3414328499615 -78.2128959873991,35.3414368501038 -78.2130759875954,35.3414578502886 -78.2131589875526,35.3415138504559 -78.2131659873352,35.3415928506019 -78.2131049870497,35.3416618506747 -78.2129309864711,35.3417768507375 -78.2125129854796,35.3419148506443 -78.2123749851111,35.3419748506397 -78.2122059843169,35.3421678508488 -78.2120289837271,35.342285850918 -78.2119539835519,35.3423098509008 -78.2117959832732,35.3423288508081 -78.2115379833627,35.3421698503139 -78.2113419833191,35.3420878500077 -78.2110499831187,35.3420128496359 -78.2107519828866,35.3419458492731 -78.2105499827107,35.3419068490384 -78.2104279826371,35.3418718488756 -78.2102429826078,35.3417898485757 -78.2101389829589,35.3416148481711 -78.2100779833224,35.3414568478322 -78.2100279837386,35.3412858474782 -78.2099559840405,35.3411438471588 -78.2099009843381,35.3410118468715 -78.2098239849516,35.3407578463419 -78.2098199854501,35.3405808460139 -78.2097449870458,35.3399828448534 -78.2097179873658,35.3398568445992 -78.2096849875119,35.3397888444464 -78.2096149876758,35.339695844216 -78.2095609876606,35.3396738441297 -78.2094829875311,35.3396798440744 -78.2093749872615,35.3397198440563 -78.2093099870171,35.3397728440988 -78.2091479863088,35.3399398442696 -78.2090539859319,35.3400248443473 -78.2089909857049,35.3400728443828 -78.2089329855447,35.3400998443839 -78.2088559853715,35.3401218443597 -78.2087079851047,35.3401408442703 -78.2086569850314,35.3401408442273 -78.208324984622,35.3401168439032 -78.208180984466,35.3400988437483 -78.208040984344,35.340070843578 -78.2079189842648,35.3400368434116 -78.2078499842617,35.3400028432898 -78.2077389843228,35.3399248430501 -78.2076349842211,35.3399078429303 -78.207548984086,35.339911842865 -78.2074719839299,35.3399278428299 -78.2073419835844,35.3399838428251 -78.2072789834343,35.3400048428114 -78.2071119830952,35.3400398427363 -78.207044982979,35.3400468426929 -78.2069759828995,35.3400398426215 -78.2069209828683,35.340022842543 -78.2068169828739,35.3399678423514 -78.2067039830075,35.3398628420575 -78.2066369830436,35.3398158419119 -78.2065549830524,35.3397708417572 -78.2064899830348,35.3397438416509 -78.2064149829661,35.3397298415607 -78.2061109826237,35.3396958412379 -78.2059909824422,35.3396988411416 -78.2056339817841,35.3397498409356 -78.2055469816137,35.3397658408923 -78.2054229813507,35.3397958408444 -78.205300981071,35.3398328408117 -78.2051919808016,35.339872840796 -78.2050709804842,35.3399238407914 -78.2049539801502,35.3399828408058 -78.2046589792378,35.3401568408917 -78.2044779786498,35.340273840965 -78.2041519775545,35.3404978411247 -78.2040259771863,35.3405648411492 -78.2038749767852,35.3406308411512 -78.203558975997,35.3407508411213 -78.2034559757042,35.3408028411369 -78.2032819751229,35.3409218412245 -78.2031239747127,35.3409878412226 -78.2030079744464,35.3410238411971 -78.2027849740021,35.3410688411009 -78.202555973566,35.3411078409884 -78.2023839732506,35.3411328408957 -78.2021629729098,35.3411418407312 -78.2018959725477,35.3411348404973 -78.2016479722266,35.341122840269 -78.2014539718938,35.3411428401487 -78.2013709717225,35.341161840118 -78.2011779712499,35.3412328401001 -78.2010929710786,35.341250840066 -78.2009609708458,35.3412668399893 -78.2007589705213,35.3412798398491 -78.2005909702704,35.3412838397191 -78.2003609699779,35.341270839504 -78.2001169697705,35.3412198392011 -78.1999949697067,35.3411798390204 -78.1998739696884,35.3411238388081 -78.1997809697321,35.3410598386026 -78.1997099697934,35.3410008384252 -78.1996119698022,35.3409468382353 -78.1995179697891,35.3409028380688 -78.1993909698444,35.3408168377899 -78.199210969909,35.3406998374039 -78.1990899699807,35.340610837123 -78.1989829700861,35.3405168368433 -78.1988689702941,35.3403818364743 -78.1987379705984,35.340202836001 -78.1986929706602,35.3401568358697 -78.1986149707158,35.34009583568 -78.1985589706848,35.3400778355962 -78.1984359705546,35.3400608354579 -78.1982539702845,35.3400638353105 -78.1980529699706,35.3400728351594 -78.1979509698212,35.3400738350754 -78.1977839696056,35.3400648349161 -78.1976039693165,35.3400758347869 -78.197279968897,35.3400588344788 -78.1968209672743,35.3404108348184 -78.1967429667962,35.3405448350299 -78.1967709662732,35.3407508354788 -78.196933965998,35.340936835998 -78.1967139645983,35.3413338366362 -78.1966189641758,35.3414388367754 -78.1964869630727,35.3417738373609 -78.1964909626878,35.3419168376603 -78.1967369625867,35.3420818382006 -78.1969649626316,35.3421838385951 -78.1970479625662,35.3422508388001 -78.1972519624806,35.342387839246 -78.1973409622673,35.3425118395723 -78.1973959620028,35.3426368398731 -78.1973949616125,35.342778840164 -78.1973749613459,35.3428658403269 -78.1972589607439,35.3430258405639 -78.1969179596579,35.3432468407501 -78.1966199587977,35.3434078408486 -78.196436958245,35.3435158409288 -78.1962719578762,35.3435658409034 -78.1961069577203,35.3435378407164 -78.1960379576832,35.3435158406167 -78.1958309576342,35.3434268402694 -78.1957449576329,35.3433828401103 -78.1954959577584,35.3432078395495 -78.1952709576178,35.3431428392363 -78.1950919574467,35.3431128390322 -78.1949109570391,35.3431688390068 -78.194814956833,35.3431948389858 -78.1947019566872,35.3431898388862 -78.194609956628,35.343163838759 -78.1945179566473,35.3431088385707 -78.1945659570788,35.3429748383265 -78.1949709582461,35.3427558381879 -78.1949529584299,35.342678838012 -78.194809958309,35.3426488378351 -78.1946379580573,35.3426518377042 -78.1944889576103,35.3427388377685 -78.1943179572409,35.3427858377315 -78.1941859570732,35.3427788376118 -78.1939869571249,35.3426558371934 -78.1938539569393,35.3426548370852 -78.193740956644,35.342704837101 -78.1936679562593,35.3428088372634 -78.1936849559992,35.3429138374995 -78.1937599556477,35.3430828379171 -78.1936969552773,35.3431868380878 -78.1935529549281,35.3432408380889 -78.1934209546337,35.34328083807 -78.1929119538431,35.3433078377273 -78.1922419526157,35.343412837426 -78.1919759523809,35.3433608371056 -78.1914629517895,35.3433118365971 -78.1912389513744,35.3433488365011 -78.1906249505116,35.3433478360168 -78.1901059499673,35.3432778354563 -78.189233948599,35.3433298348849 -78.1890439482778,35.3433498347797 -78.1888639479495,35.3433778347001 -78.18860794765,35.3433548344483 -78.1884959477183,35.3432698341724 -78.1884509478782,35.3431858339511 -78.1884689486298,35.3429128333612 -78.1883799489428,35.3427478329253 -78.1882309490349,35.3426338325541 -78.1880879490131,35.342565832289 -78.1879469488373,35.3425568321564 -78.1874489480179,35.3425998318542 -78.1870029474393,35.3425798314533 -78.1865479463508,35.3427478314672 -78.18632594577,35.3428488315179 -78.18617494534,35.3429308315827 -78.185988944758,35.3430518317083 -78.1859419444595,35.3431398318698 -78.1860439439491,35.3433878325096 -78.1860639436553,35.3435098328005 -78.1857489427083,35.3437008329858 -78.1855929419594,35.3439018333192 -78.1853809410798,35.3441228336559 -78.1852659404343,35.3443068339847 -78.184972939101,35.3446578345579 -78.1846649384104,35.3447568345489 -78.1845509380779,35.3448228346128 -78.1846059378659,35.3449328349054 -78.1848869379005,35.3450688354278 -78.1849939377947,35.3451658357291 -78.1849929374936,35.3452798359876 -78.1849089370533,35.3454028362044 -78.1848029368664,35.3454178361592 -78.1845929367633,35.3453458358377 -78.1843229367443,35.3452098353243 -78.1839819368117,35.3450028345934 -78.1837809368036,35.3448988342027 -78.1835129366807,35.3448028337788 -78.183365936648,35.3447368335151 -78.1825869367826,35.344267831836 -78.1823369366408,35.3441878314581 -78.1821269364921,35.3441318311662 -78.1818389362365,35.3440748308112 -78.1815849363895,35.3438788301575 -78.18142593607,35.3439158301206 -78.1811129355811,35.3439348299224 -78.1810599351928,35.3440558301649 -78.1809639347391,35.3441788303792 -78.1808679345863,35.3441858303217 -78.1807619343366,35.3442248303316 -78.1806359337377,35.3443878306179 -78.1805869334463,35.3444738307826 -78.1804169330505,35.3445348307961 -78.1802499327341,35.344566830744 -78.1801019327029,35.3444988304704 -78.1800779329848,35.344376830164 -78.1800479331599,35.3442928299426 -78.1800999334707,35.3442008297654 -78.1802039338752,35.3441008296096 -78.1802049341275,35.3440038293816 -78.1801849343607,35.3439028291278 -78.1801819348557,35.3437098286702 -78.1800229346451,35.3437048285345 -78.1797809339947,35.34382482863 -78.1795189334149,35.3439068286209 -78.1792919328717,35.3439938286515 -78.1789739323249,35.3440328284982 -78.1787989317883,35.3441458286323 -78.178631931127,35.3443118288997 -78.1783839300058,35.3446128294289 -78.1783089294486,35.3447888297927 -78.1783599290854,35.3449578302356 -78.1785039287488,35.3451668308439 -78.1784929284917,35.3452608310602 -78.1784509282301,35.3453398312175 -78.1783179279627,35.3453718311942 -78.1780929280811,35.345203830623 -78.1780689282762,35.3451148303917 -78.1778989280316,35.3451178302707 -78.1778259276065,35.3452438305182 -78.1779269268925,35.3455768313931 -78.1779599264429,35.3457698318806 -78.1778969260115,35.3459038321554 -78.1777239254305,35.3460368323469 -78.1775589251506,35.3460568322733 -78.1773859250543,35.3460008320109 -78.1771879257399,35.3456258309601 -78.1770929259535,35.3454908305635 -78.1769959259184,35.3454518303967 -78.1768369256231,35.345480830348 -78.1767029251811,35.3455808304898 -78.1766299247501,35.3457098307479 -78.176682924103,35.3459918314701 -78.1767099236445,35.3461858319596 -78.1766879232614,35.3463238322775 -78.1765839228084,35.3464448324945 -78.1764859225555,35.3464908325345 -78.1763829223953,35.3464978324763 -78.1762569222518,35.3464858323552 -78.1760719222691,35.34637883196 -78.1759279220853,35.34637283184 -78.1758509218284,35.3464318319274 -78.1757189212614,35.3465828321991 -78.1756759209422,35.3466848324167 -78.1756179207679,35.3467218324648 -78.1754749205096,35.3467458324197 -78.1751859201414,35.3467338321807 -78.1751009199861,35.3467488321558 -78.1750549198489,35.3467778321935 -78.1750379197213,35.3468188322816 -78.1750369194429,35.346927832548 -78.1750289193684,35.3469528326035 -78.1748759190535,35.3469938325937 -78.1747579190331,35.3469378323711 -78.1746689187912,35.3469848324224 -78.1746169187399,35.3469768323652 -78.1744819183764,35.3470468324401 -78.1741549175817,35.3471828325401 -78.1740219172139,35.3472558326249 -78.1737919168394,35.347278832517 -78.1733879164786,35.347201832037 -78.1733439164459,35.3471908319781 -78.1730999163879,35.3470808315298 -78.1729049163288,35.3469978311831 -78.1727659163466,35.3469148308762 -78.1726779163892,35.3468498306506 -78.1725739164096,35.3467848304134 -78.1724389163216,35.3467458302182 -78.1723059161885,35.3467258300718 -78.1722069161148,35.3467008299374 -78.1720529160205,35.346653829708 -78.1718409158007,35.3466248294812 -78.1717099156777,35.3466018293282 -78.1715929155814,35.3465758291778 -78.1713239154156,35.3464938287756 -78.1712269153719,35.3464578286142 -78.1710029153003,35.3463628282111 -78.1709279152492,35.3463418281032 -78.1707229150408,35.3463118278773 -78.1705329147954,35.3463048277203 -78.1703119144472,35.3463218276015 -78.170159914237,35.3463218274901 -78.1699859139189,35.3463528274413 -78.1698219136048,35.3463878274103 -78.16965191327,35.3464278273877 -78.169203912347,35.3465498273719 -78.1691329120872,35.3466148274862 -78.1690149115262,35.3467748278095 -78.1689679112774,35.3468488279647 -78.168746910319,35.3471118284786 -78.1687349099048,35.3472718288798 -78.1686619088702,35.3476478297914 -78.1685129081493,35.3478558302194 -78.1681379072885,35.347995830315 -78.1678969069934,35.3479818301095 -78.1676509067459,35.3479458298435 -78.1673629066262,35.3478348293538 -78.1671539066637,35.347703828867 -78.1669149068595,35.3474918281478 -78.1666879072979,35.3471878271963 -78.1665709081234,35.3467878260724 -78.1664049085699,35.3465138252389 -78.1663159087426,35.3463938248614 -78.1661529086354,35.346345824617 -78.1658759082499,35.3463468244168 -78.1655549077617,35.3463648242289 -78.1650489067186,35.3465048242264 -78.1644059053066,35.346718824322 -78.1639209038558,35.3470388248172 -78.163324902438,35.3472838250392 -78.1627489012254,35.3474568250886 -78.1625349007468,35.3475328251392 -78.1621348998362,35.3476818252538 -78.1618128989947,35.3478468254685 -78.1613588975573,35.3481838260555 -78.1611898968402,35.3483848264791 -78.1610748962577,35.3485608268738 -78.1609588947318,35.3491268283213 -78.1608598940731,35.3493438288399 -78.1605698931875,35.349547829195 -78.1603548927564,35.349605829207 -78.1600668923519,35.349611829029 -78.1598118921727,35.3495428286694 -78.1596428921482,35.3494578283238 -78.1594458923498,35.3492628276588 -78.1592728926121,35.349055826976 -78.1591648929503,35.3488538263504 -78.1590798933794,35.3486268256716 -78.1590318938994,35.3483828249714 -78.1590928948347,35.3480278240438 -78.1591288953208,35.3478458235719 -78.1591388956682,35.3477068231992 -78.1590668957831,35.347617822905 -78.1587868957154,35.3474858223449 -78.1585868953235,35.3475348223368 -78.1583238946155,35.347679822548 -78.1576078927816,35.3480368230256 -78.1571358915283,35.3482918233997 -78.1567508906194,35.3484528235777 -78.1560748890682,35.3487178238462 -78.155844888468,35.348838824025 -78.1555818877334,35.3489978242884 -78.1553878870436,35.3491778246592 -78.155001886023,35.3493878249849 -78.15471188503,35.349641825502 -78.154499884231,35.3498588259697 -78.1543578832184,35.3502068268547 -78.1542988829313,35.3502948270635 -78.1541548823484,35.3504598274334 -78.1540418820173,35.3505358275734 -78.1538248814616,35.350647827747 -78.1536118810905,35.3506838277091 -78.1532408806269,35.3506688274235 -78.153203879645,35.3510658285254 -78.1531868791151,35.3512818291272 -78.1532168787091,35.3514718296855 -78.1534278782652,35.3517808306962 -78.1537278778682,35.3521198318455 -78.1540158773238,35.352513833139 -78.1540948772026,35.352609833459 -78.1541808771023,35.352700833769 -78.1542298768256,35.3528458342081 -78.154271876728,35.3529108344172 -78.154312876589,35.3529928346735 -78.1543258764247,35.3530698348984 -78.15433487609,35.353216835318 -78.1543528757978,35.3533508357063 -78.1543568756168,35.3534298359313 -78.1543438752742,35.3535678363121 -78.1542918750901,35.3536168364187 -78.1541608745804,35.3537598367429 -78.154113874363,35.3538258369008 -78.1541228742405,35.353882837067 -78.154165874177,35.3539338372365 -78.1541958740515,35.3540038374518 -78.1541748737906,35.3541028377184 -78.1541468736477,35.3541478378287 -78.1539658729437,35.3543458382801 -78.1537748722389,35.3545388387129 -78.153661871778,35.3546718390228 -78.153621871641,35.3547078391013 -78.1535098711865,35.3548388394067 -78.1534768709341,35.3549278396396 -78.1534288706199,35.3550348399148 -78.1533928703027,35.3551498402199 -78.1533488700033,35.3552528404864 -78.1533018694277,35.3554718410803 -78.1532748691506,35.355574841357 -78.1532688688797,35.3556868416711 -78.1532818686735,35.3557818419479 -78.1533348683337,35.355955842471 -78.1533708682277,35.3560208426755 -78.153463868031,35.35615584311 -78.153534867928,35.3562388433846 -78.1536468677861,35.3563608437921 -78.1537728677069,35.3564638441532 -78.1538348676529,35.3565208443486 -78.1539118676347,35.3565708445323 -78.1540838677039,35.3566358448104 -78.1541558677051,35.35667484496 -78.1542128676726,35.3567198451182 -78.1543308675609,35.3568318454984 -78.1543948675397,35.3568758456573 -78.1545008674664,35.3569648459656 -78.1546348674763,35.3570338462325 -78.1547148675109,35.3570628463574 -78.1548088675753,35.3570868464758 -78.1549688677152,35.3571148466411 -78.1550958679307,35.3570928466482 -78.1551718676762,35.3572418471069 -78.1551648681142,35.3570528465735 -78.1553038684897,35.3569698464166 -78.1554098688346,35.356881846228 -78.1556318694693,35.3567348459385 -78.1557568698013,35.3566628458061 -78.1558198699823,35.3566208457235 -78.1560328706253,35.3564658454088 -78.1562638713563,35.3562838450301 -78.1563598716375,35.3562178448999 -78.1564198718364,35.3561668447916 -78.1565228722908,35.3560318444741 -78.1565838724675,35.3559908443944 -78.1566458725764,35.3559788443959 -78.1567488727196,35.3559748444427 -78.1568018727694,35.3559828444946 -78.1573318730327,35.3561608452842 -78.1575548731833,35.3562188455688 -78.1576188732042,35.3562448456762 -78.1578348731902,35.3563678461354 -78.1579528731971,35.3564288463688 -78.1580458732194,35.3564698465331 -78.1581498732894,35.3564968466648 -78.1582438734157,35.3564948467112 -78.1583078735344,35.3564798467054 -78.1584248738437,35.356413846589 -78.158536874173,35.3563368464398 -78.1586538745305,35.3562508462692 -78.1587398747115,35.3562218462376 -78.158822874855,35.3562068462428 -78.1588878749464,35.3562038462709 -78.1589818750346,35.3562178463616 -78.1591558751544,35.3562618465787 -78.1593778753435,35.3563028468141 -78.1595488753605,35.3563878471408 -78.1596108753229,35.3564368473086 -78.1596438752766,35.3564738474276 -78.1597398753022,35.3565148475922 -78.1599078754544,35.3565418477584 -78.159982875496,35.3565648478623 -78.1600758754693,35.3566258480792 -78.1600978753315,35.3566948482786 -78.1600748750055,35.3568178485999 -78.1600538748531,35.3568698487297 -78.1600088746,35.3569508489251 -78.1599858744355,35.3570068490647 -78.1598878739554,35.3571538494111 -78.1597918732471,35.3573968500202 -78.1597568729423,35.3575048502952 -78.1597468727322,35.357586850513 -78.1597408723997,35.3577218508772 -78.1597318722318,35.3577868510492 -78.1597158717037,35.357997851615 -78.1597408710982,35.3582628523493 -78.1597648708618,35.3583738526638 -78.1597958707233,35.3584478528812 -78.1598368706144,35.3585148530846 -78.1599658704514,35.3586508535208 -78.1600358701625,35.3588078539832 -78.1600828701019,35.358857854143 -78.1601018699671,35.3589238543319 -78.1600808698054,35.3589798544732 -78.160040869627,35.3590328545968 -78.1598498690112,35.3591878549213 -78.1598718689308,35.3592328550548 -78.1599398690123,35.3592348550945 -78.1599658690116,35.3592488551456 -78.1599348688904,35.3592828552224 -78.1598788687472,35.3593128552758 -78.1598088685405,35.3593618553739 -78.1597118682876,35.3594158554722 -78.1595858679956,35.3594708555589 -78.1595088678356,35.3594968555913 -78.1593708676488,35.359501855536 -78.1592538676591,35.3594358552974 -78.159180867713,35.3593748550942 -78.1591358677736,35.3593258549378 -78.1590408677035,35.3593048548327 -78.1588418673361,35.359352854864 -78.1587168670937,35.3593878548971 -78.1585678668354,35.3594168549019 -78.1584548665653,35.3594698549908 -78.158257866074,35.3595708551698 -78.1581018656207,35.3596778553864 -78.1578838651442,35.3597618555095 -78.1577258646483,35.3598858557732 -78.1576698643675,35.3599738559883 -78.1576528642291,35.3600228561151 -78.1576578640325,35.3601078563519 -78.1576858639149,35.3601718565421 -78.1577418638972,35.3602088566714 -78.1578338639128,35.3602508568319 -78.1580468640712,35.360296857062 -78.1581968641621,35.3603378572475 -78.1582568641778,35.3603628573452 -78.1583398641435,35.3604208575446 -78.1583778641027,35.3604578576646 -78.1584318639911,35.3605328578964 -78.1584568638621,35.3605998580923 -78.1584268635993,35.3606938583358 -78.158341863057,35.3608758587949 -78.1583598629168,35.3609438589902 -78.1583958628327,35.3609978591555 -78.1583878626766,35.3610588593192 -78.1583198622612,35.361196859666 -78.1583138621843,35.3612258597429 -78.158354861934,35.3613518601081 -78.1583828618708,35.3613928602337 -78.158466861825,35.3614558604456 -78.1585688617392,35.3615448607371 -78.1586658615752,35.3616638611081 -78.1587218615252,35.3617138612708 -78.1588648615836,35.3617638614735 -78.1589198615946,35.3617878615644 -78.1590198615801,35.3618458617688 -78.1590678615559,35.3618808618865 -78.1591338614844,35.3619448620915 -78.1592038613219,35.3620488624074 -78.1592168612348,35.3620918625307 -78.1592028610469,35.3621628627182 -78.1592118609525,35.3622068628424 -78.1592378608911,35.3622458629606 -78.1593078608628,35.3622938631231 -78.159446860884,35.3623568633574 -78.1596508609737,35.3624248636342 -78.1598348610191,35.3625008639232 -78.1599488609751,35.3625778641833 -78.1600248609729,35.3626178643257 -78.1600598606406,35.3627738647649 -78.1600478603824,35.3628748650339 -78.1600558601611,35.3629708652981 -78.1600988600095,35.3630558655477 -78.1601028599494,35.3630828656227 -78.1600668596641,35.3631828658785 -78.160060859541,35.3632308660063 -78.1600608592616,35.3633468663213 -78.1600808591129,35.3634188665254 -78.1601018588497,35.3635388668602 -78.1601558585716,35.3636818672713 -78.1602728584623,35.3637868676058 -78.1603148584658,35.3638068676778 -78.1603928585157,35.3638258677623 -78.1605568586858,35.3638388678668 -78.1606608588184,35.3638368679053 -78.1607528588734,35.3638608680091 -78.1608438588934,35.3638988681502 -78.1609828588368,35.3639928684625 -78.1610098587926,35.3640248685602 -78.1610898584193,35.3642198691197 -78.1611618582801,35.364313869403 -78.1613778580822,35.3645048700067 -78.1616558577873,35.3647668708249 -78.161711857543,35.3648958711942 -78.1618368568978,35.3652248721277 -78.1618358565838,35.3653538724735 -78.1618278562832,35.3654738727924 -78.161903855808,35.3657078734501 -78.1620818555529,35.3659018740393 -78.1622078553825,35.366034874444 -78.1623088550141,35.3662368750233 -78.1623258545804,35.36642387553 -78.1622858540028,35.3666418760983 -78.1622858534201,35.3668818767406 -78.1623448530125,35.3670788772893 -78.1624408527729,35.3672248777146 -78.1624058523714,35.3673728780977 -78.1623158519358,35.3675078784265 -78.1621908515582,35.3676018786335 -78.1621008511036,35.3677448789846 -78.1620438506256,35.3679138794174 -78.1620528503233,35.3680428797663 -78.1620718500596,35.3681608800891 -78.1619848492793,35.3684398808071 -78.1618508488002,35.3685718811157 -78.1618158485429,35.3686608813427 -78.1618118483661,35.368731881532 -78.161792848186,35.3687968817001 -78.1618068479771,35.3688898819545 -78.1617968477714,35.3689698821659 -78.1616588470824,35.3691868827032 -78.1613148455414,35.3696558838536 -78.1611268447616,35.3698868844164 -78.1610328444264,35.3699798846377 -78.160898844042,35.3700738848495 -78.1607448436633,35.3701558850231 -78.1606508433673,35.3702328852022 -78.1606168431827,35.370292885354 -78.1605898429773,35.3703648855405 -78.160569842756,35.3704468857563 -78.1605438426194,35.3704908858675 -78.1604888424224,35.3705458859996 -78.1603888421873,35.370594886102 -78.1602208417259,35.3707048863495 -78.1601748415518,35.3707548864713 -78.1601338413184,35.3708318866679 -78.1600868410131,35.3709358869363 -78.1600208406857,35.3710398871992 -78.1598928402719,35.3711498874604 -78.1598458397936,35.3713258879252 -78.1598248393746,35.3714898883652 -78.159804839166,35.3715668885688 -78.1595638383047,35.3718088891593 -78.1591878368803,35.3722208901785 -78.1591078364711,35.3723528905173 -78.158858835105,35.3728028916811 -78.1586848339441,35.3732038927338 -78.158519832984,35.3735258935746 -78.1585108327509,35.3736188938275 -78.158447832284,35.3737838942645 -78.1583648319571,35.3738808945104 -78.1582148314872,35.3740058948171 -78.1581588310575,35.3741588952242 -78.1580808301654,35.3744948961296 -78.158028829767,35.3746368965082 -78.1579668293383,35.3747868969067 -78.1579048289766,35.3749088972285 -78.1578358286478,35.3750138975021 -78.1577498284623,35.3750508975847 -78.1576218282176,35.3750928976719 -78.1573278276044,35.3752108979324 -78.1571848273454,35.3752518980142 -78.1570088270589,35.3752888980778 -78.1568728267867,35.3753388981865 -78.1567428264999,35.3753978983217 -78.1566288261432,35.3754938985634 -78.1564868256007,35.3756548989801 -78.1563718252838,35.3757338991752 -78.1562448248586,35.3758528994794 -78.1560828244205,35.3759608997463 -78.1559588240206,35.3760709000272 -78.1558168235841,35.3761879003245 -78.1556498231248,35.3763029006117 -78.1554288227049,35.3763759007712 -78.1553478224818,35.3764319009117 -78.1552138219111,35.3766099013836 -78.1551248215801,35.3767079016408 -78.1550278213112,35.3767759018126 -78.1548778210426,35.3768189019043 -78.1546998207641,35.3768529019655 -78.1544988203399,35.3769379021661 -78.1543418199129,35.3770449024375 -78.1542218195203,35.3771549027249 -78.1540728190628,35.377278903047 -78.1539288186982,35.3773659032661 -78.1536558182309,35.3774359034141 -78.1534158178429,35.3774879035178 -78.153293817541,35.377558903697 -78.1531838171962,35.3776539039468 -78.1530178167757,35.3777549042041 -78.1529078164712,35.3778329044063 -78.1528368161747,35.3779259046584 -78.1527208158194,35.3780229049143 -78.1525758155822,35.3780559049834 -78.1523918153208,35.3780809050232 -78.1522158151105,35.3780879050132 -78.1519148147063,35.3781189050506 -78.1517368144331,35.3781519051149 -78.1516108141986,35.378192905211 -78.1515318139833,35.3782479053554 -78.1514478137976,35.378287905456 -78.1513068135166,35.3783419055875 -78.151097813119,35.3784139057598 -78.1509048127113,35.3784979059697 -78.1507208123626,35.3785609061212 -78.1506598120701,35.3786579063909 -78.1505738116945,35.378778906726 -78.1504838112589,35.3789239071301 -78.1504138108524,35.3790659075291 -78.1503658105513,35.3791729078306 -78.1502208099959,35.3793439083029 -78.1501388096419,35.3794579086203 -78.1500308093548,35.3795309088157 -78.1498228088965,35.3796309090752 -78.1496718084078,35.3797709094596 -78.1495548077503,35.3799999101076 -78.149334807102,35.3801769105918 -78.1492388068824,35.3802269107243 -78.1490348062916,35.380386911163 -78.1488888059835,35.3804519113334 -78.1487508053842,35.3806469118843 -78.1487008051456,35.3807269121113 -78.1486088045895,35.3809249126778 -78.1485528043008,35.38102391296 -78.1484678039903,35.3811189132274 -78.1483948036628,35.3812269135345 -78.1482408032416,35.3813379138415 -78.1481068029757,35.3813909139815 -78.1478228024778,35.381474914196 -78.1477218022752,35.3815159143051 -78.1476128019378,35.381611914575 -78.1473598012282,35.3818029151093 -78.147204800833,35.3819029153874 -78.1470928005276,35.3819839156144 -78.1468007998057,35.3821629161129 -78.1464797988685,35.3824229168499 -78.1463597985281,35.3825159171138 -78.1461247977916,35.3827289177231 -78.1460007974384,35.3828259179998 -78.1459107972243,35.3828779181462 -78.145814796892,35.3829789184377 -78.1457237964739,35.3831199188487 -78.1456707960848,35.3832659192781 -78.1456197956364,35.3834389197881 -78.1455227950872,35.3836349203634 -78.1454327946938,35.3837659207465 -78.1453677943315,35.3838949211259 -78.1452667938769,35.3840479215746 -78.1451707934802,35.3841779219556 -78.1450627931303,35.3842819222589 -78.1449327927257,35.384399922603 -78.1448197923256,35.3845239229666 -78.1447217919209,35.3846569233583 -78.1445987910882,35.3849669242783 -78.1445697907104,35.3851199247343 -78.144512790256,35.385293925252 -78.144497789918,35.3854359256761 -78.1444947895901,35.3855789261037 -78.1445107892388,35.3857409265888 -78.1444317887416,35.3859239271336 -78.1443657882241,35.3861219277242 -78.144308787809,35.3862789281927 -78.1442297872672,35.3864819287988 -78.1441957867536,35.3866929294303 -78.1441997863064,35.3868919300266 -78.1442377859392,35.3870709305634 -78.1442907857052,35.3871979309443 -78.1443247852611,35.3874089315763 -78.1443667849453,35.3875669320494 -78.1444947842536,35.3879289331325 -78.1446137839496,35.388115933691 -78.1446827837422,35.388237934055 -78.1448367835661,35.3883839344893 -78.1450187835362,35.3884779347674 -78.1454067836342,35.3886069351459 -78.1456747838088,35.3886489352664 -78.1460867837514,35.3888559358728 -78.1463337835861,35.3890369364033 -78.1465547834008,35.389214936924 -78.1467667832791,35.3893609373491 -78.1469597831447,35.3895039377649 -78.147166783033,35.3896429381675 -78.1473517828735,35.3897929386022 -78.1475687827248,35.3899519390611 -78.1477127825557,35.3900879394544 -78.1478637822597,35.3902819400167 -78.1480727821106,35.390436940461 -78.1482497820629,35.3905339407362 -78.1484827818835,35.3907119412443 -78.1487307818798,35.390819941546 -78.1489357817454,35.39096594196 -78.1491137816647,35.3910769422726 -78.1493067814735,35.3912419427406 -78.1494537811739,35.3914339432888 -78.1496257808961,35.3916269438372 -78.1497577807431,35.3917489441816 -78.1498787807111,35.3918139443611 -78.1500737808907,35.3918189443614 -78.1505067812316,35.3918549444337 -78.1509157816628,35.3918419443663 -78.1511037818402,35.3918449443612 -78.1513197822781,35.3917479440669 -78.15162578273,35.3916829438588 -78.1517367828624,35.3916729438224 -78.1519877827302,35.3918349442678 -78.1521667827233,35.3919129444775 -78.1524107829389,35.3919229444878 -78.1528907835569,35.3918599442729 -78.1530827837874,35.3918419442077 -78.1532407838648,35.3918749442898 -78.1534567839214,35.3919409444608 -78.1536697840265,35.3919849445692 -78.153893771833,35.3972579594463 -78.1539137708441,35.3976859606517 -78.1540057668695,35.3994099655017 -78.1545777396279,35.4111739984692 -78.1546487364063,35.4125630023445 -78.1547037338411,35.4136680054256 -78.1548267279967,35.4161830124314 -78.1549077242188,35.4178080169514 -78.1544537219224,35.4186370195266 -78.1543177212578,35.4188760202744 -78.1539987196343,35.4194650221129 -78.1524607119232,35.422275030986 -78.1519717091216,35.4233250342867 -78.1512077054047,35.4246900386889 -78.1504637016453,35.4260870432067 -78.1500256994464,35.4269070458766 -78.1479186892647,35.4307180585062 -78.1470696851624,35.4322710637268 -78.1459336797007,35.4343530707972 -78.1454556774106,35.435231073803 -78.1453826770366,35.4353760742958 -78.1436476688382,35.4385420852767 -78.1408496558814,35.4436211033134 -78.1399676517132,35.4452831092906 -78.1386126453876,35.4478241185363 -78.1383606442546,35.4482801202178 -78.1374486401785,35.4499271263273 -78.1364146354779,35.4518451334772 -78.13596663345,35.4526771365999 -78.1351366297353,35.4542071423841 -78.1348746285652,35.4546911442226 -78.1346336274846,35.4551391459265 -78.1337986237693,35.45668515184 -78.1333826219251,35.4574561548056 -78.1322706170297,35.4595141627794 -78.1297526060882,35.4641771811438 -78.1288986024234,35.4657591874683 -78.1280365987545,35.4673531938913 -78.1271425949734,35.4690072006069 -78.1269505941546,35.4693672020718 -78.1264815921901,35.4702322056127 -78.1248055847529,35.4735502191416 -78.1247115843306,35.4737402199193 -78.12442358307,35.4743072222552 -78.1237855802693,35.4755722274806 -78.1233605784317,35.4764052309448 -78.1224915747752,35.4780692379343 -78.1209935688447,35.4807862495873 -78.1202895660802,35.4820642551173 -78.1196415635421,35.4832442602482 -78.1192665620055,35.483963263354 -78.1190245610307,35.4844202653392 -78.1183085581972,35.4857532711699 -78.1173545544623,35.4875222789666 -78.115991549181,35.4900482902047 -78.1138105408567,35.4940903084409 -78.1134635395449,35.4947343113743 -78.1129925377748,35.4956063153611 -78.1115615324621,35.498245327526 -78.1106425290909,35.4999373353989 -78.1098285250789,35.5014373370194 -78.1096835241424,35.5017853372509 -78.1095125231483,35.5021553375281 -78.1091945213901,35.502811338043 -78.1086735185104,35.5038903388706 -78.1082095161906,35.5047643396072 -78.1076115132074,35.5058943405357 -78.1072355113502,35.5066013411085 -78.1066775085813,35.5076603419401 -78.1062655066447,35.5084053425492 -78.1061065058243,35.5087213427754 -78.1060045053481,35.5089053429236 -78.1058635049132,35.5090753431458 -78.1057035045784,35.5092083434101 -78.1056775045098,35.5092353434518 -78.1054735034825,35.5096333437366 -78.1050525014201,35.51043534432 -78.1044824987676,35.5114733451032 -78.1034434939345,35.5133803464757 -78.1021554879887,35.5157553480816 -78.1018844867396,35.5162583484054 -78.1017444860824,35.5165233485694 -78.1013144841165,35.5173193490706 -78.1003464796961,35.5191223501533 -78.1002724793802,35.519252350236 -78.1001234786905,35.5195353503951 -78.0994064754761,35.5208623511519 -78.0992514747817,35.5211503513109 -78.0978604686886,35.5237013526825 -78.0966144631937,35.5260333537922 -78.0961534611899,35.5268923541794 -78.0957894596485,35.5275573544808 -78.0947724552716,35.5294573552628 -78.0940294520996,35.5308483557918 -78.0935714501493,35.531709356099 -78.0927004463352,35.5334013566226 -78.0920714436567,35.5346023569793 -78.0910994396793,35.5364083575037 -78.0907634388956,35.5367943577835 -78.0906774385491,35.536953357826 -78.0905564378059,35.537282357835 -78.0904754372951,35.5375083578375 -78.0903074365571,35.5378453579038 -78.0897844343061,35.5388793581056 -78.0888194302725,35.5407533584469 -78.0874354249443,35.5432853589124 -78.08661742215,35.5446513592027 -78.0857634184977,35.5464013592856 -78.0852104164261,35.5474193593775 -78.0842444128535,35.5491933594951 -78.084009411988,35.5496263595142 -78.0816244033367,35.5540303595075 -78.0814894028445,35.5542843594936 -78.0802673984456,35.5565773593191 -78.0796653963396,35.5576923592081 -78.0794923956953,35.5580313591597 -78.0783853916738,35.5601723588225 -78.0772673880111,35.5621863585046 -78.0763533851009,35.5638153582009 -78.0758943836659,35.5646283580331 -78.0753103817017,35.5657313577512 -78.0748363801718,35.5666033575238 -78.0742553783402,35.5676593572355 -78.073967377404,35.5681983570733 -78.0738093769047,35.5684883569863 -78.0727383734648,35.5704943563252 -78.0725173727357,35.5709203561704 -78.0688513615321,35.5777433533445 -78.0687693612798,35.577900353268 -78.0677093580271,35.5799403522306 -78.065947353102,35.5831633504945 -78.0647813499993,35.5852613492721 -78.0673533454838,35.5860303471867 -78.0676463449673,35.5861173469539 -78.069238342142,35.5865933457012 -78.0698803410054,35.5867813452064 -78.0711643387268,35.5871553442308 -78.0718063375805,35.5873433437483 -78.0769473282786,35.5888513400291 -78.0775993270846,35.5890423395763 -78.0776783269423,35.5890643395225 -78.0783833256414,35.5892733390364 -78.0793633238071,35.5895723383633 -78.0796423233021,35.5896493381788 -78.0846933138375,35.5911373349105 -78.086137311086,35.5915663340207 -78.0868293097677,35.591769333603 -78.0876163082492,35.5920063331306 -78.0896943042369,35.5926233319176 -78.0915183007002,35.5931593308911 -78.0941922954055,35.5939703294353 -78.0954702928559,35.5943573287655 -78.0967572902717,35.5947483281074 -78.099017285723,35.5954263269957 -78.1012832811307,35.5961023259338 -78.103526276537,35.5967743249329 -78.1060752712509,35.5975443238557 -78.1105382618717,35.5988913221289 -78.112035258689,35.5993433215951 -78.1125162576604,35.5994893214283 -78.1156382509541,35.6004313204036 -78.1158522504931,35.600495320337 -78.1160762500185,35.6005593202679 -78.1172782475192,35.6008833199061 -78.1183992451821,35.6011843195804 -78.1205812406012,35.6017723189792 -78.1215722385123,35.6020383187203 -78.1242302328673,35.6027543180701 -78.1255362300772,35.603105317774 -78.1255842300003,35.6031093177624 -78.1256952292189,35.6033263177598 -78.1260852257919,35.6043213177859 -78.1266132211942,35.6056483178394 -78.1271202169465,35.6068593179041 -78.1273092153981,35.6072973179315 -78.1274322143542,35.6075943179527 -78.1275952131206,35.6079363179749 -78.128017208867,35.609180318097 -78.1287312021528,35.6111103183145 -78.1288252011721,35.611396318352 -78.1300551901909,35.614491318803 -78.1302491882365,35.6150513188998 -78.1315391764305,35.618351319545 -78.133326159789,35.6229553206836 -78.1342101515008,35.6252243213471 -78.1344921488631,35.6259423215714 -78.135169142447,35.6276863221434 -78.1352791413936,35.6279723222408 -78.1362921318619,35.6305373231675 -78.1368431264898,35.6319843237241 -78.13688912611,35.6320823237648 -78.1429900659435,35.6478603316452 -78.1435130607176,35.6491963324648 -78.1478640164933,35.660317340198 -78.1481290137556,35.6609953407219 -78.1482640124855,35.6613013409716 -78.1504249899066,35.6668473455032 -78.1506119879438,35.6673253459133 -78.1508959849387,35.6680573465451 -78.1513469801792,35.6692123475588 -78.1519639735348,35.670826348993 -78.1533729583262,35.6744923523823 -78.1548109427058,35.6782203560125 -78.1553269368467,35.6796243574 -78.1555669344158,35.6801863579972 -78.1575179128398,35.68525936335 -78.1576399121125,35.6853873635719 -78.1578349109712,35.6855853639234 -78.1584329020782,35.6878033660854 -78.1585079009676,35.6880793663582 -78.1586648989582,35.688562366868 -78.1588158967475,35.6891093674163 -78.1597998823055,35.6926683710535 -78.1604368731218,35.6949083734261 -78.160751868572,35.696014374616 -78.160821867542,35.6962653748857 -78.1613388598114,35.6981513769191 -78.1613228591838,35.6983493770394 -78.1612068541951,35.6999153780018 -78.1610248469016,35.7022173793892 -78.1608128389211,35.7047503808824 -78.160555829157,35.7078533826911 -78.1603308200555,35.710739384371 -78.160308819184,35.7110163845305 -78.1604578188193,35.7110003847526 -78.1606328185232,35.7109423849856 -78.1607608183189,35.7108963851533 -78.1608538181928,35.7108563852704 -78.1610088178285,35.7108353854978 -78.161120817629,35.7108013856485 -78.1612748172407,35.7107883858798 -78.1613928169264,35.7107833860605 -78.1616068163325,35.7107813863933 -78.1617568157963,35.7108153866522 -78.1618478152629,35.7108973868538 -78.1619218147363,35.7109913870379 -78.1619728142539,35.7110913871905 -78.1620198137622,35.7111973873413 -78.1619898134735,35.7113073873744 -78.1619278132919,35.7114123873533 -78.1617848133556,35.7115123872009 -78.1616258136951,35.7115443869737 -78.161308814172,35.7116673865627 -78.1610898143297,35.7118033863143 -78.1608578145113,35.7119433860473 -78.1608258143045,35.712031386059 -78.1608598138506,35.7121373861879 -78.1609778130646,35.7122713864702 -78.1610648122847,35.7124293867208 -78.1610948117132,35.7125733868712 -78.1611708109403,35.71273838711 -78.1612518102678,35.7128693873329 -78.1613638097067,35.7129413875634 -78.1615108090291,35.7130183878538 -78.1616448084729,35.7130703881057 -78.1618458077093,35.7131273884687 -78.1621908065366,35.7131843890628 -78.1625028055489,35.7132143895848 -78.1625958053494,35.7131953897198 -78.1627428048913,35.7132073899643 -78.1628668045902,35.7131923901519 -78.1629738040243,35.7132693903807 -78.1630678029296,35.7135123907127 -78.1632758017552,35.7136833911754 -78.1633168014681,35.7137333912789 -78.1632788010956,35.7138743913234 -78.1632468008765,35.7139653913399 -78.1633797999723,35.7141193916705 -78.1636157990707,35.7141863921029 -78.163869798206,35.7142273925453 -78.1640397977381,35.7142223928169 -78.164343796953,35.7141983932908 -78.1644617969246,35.7141083934127 -78.164471797266,35.7140003933457 -78.1643767978996,35.7138943931108 -78.1642687985529,35.7137933928591 -78.1641637993206,35.713656392585 -78.1640748002235,35.7134663922967 -78.1640188009776,35.7132923920741 -78.1639488017507,35.713124391834 -78.1638788022842,35.7130263916474 -78.1638378027729,35.7129173914991 -78.1639188029465,35.7127993915388 -78.1641678020972,35.7128413919682 -78.1645328006653,35.7129573926404 -78.1649997991795,35.7130043934235 -78.1651237988141,35.7130083936249 -78.1652437984805,35.7130063938153 -78.1653847981459,35.7129873940258 -78.1655767975222,35.7130103943509 -78.1657367970304,35.7130213946155 -78.1660827957731,35.7131013952327 -78.1662357951734,35.713149395516 -78.1663577946511,35.7132003957523 -78.1665547937016,35.713313396159 -78.1667587928076,35.7134043965599 -78.1669857917717,35.7135173970161 -78.1671007916211,35.7134663971596 -78.1672897912674,35.71341339742 -78.1675257907318,35.713374397767 -78.1677087903297,35.7133403980328 -78.16782779012,35.7133033981932 -78.1679707896999,35.7133073984259 -78.1681097891939,35.7133393986755 -78.1682347885955,35.7134093989344 -78.1681907879908,35.7136193990386 -78.1681347872885,35.7138673991546 -78.1680477865361,35.7141553992532 -78.1679407857407,35.7144723993426 -78.1679457850634,35.7146633995089 -78.1680397844647,35.7147583997407 -78.1682697833584,35.7148874002229 -78.1685027825281,35.7149344006422 -78.1687687816204,35.7149764011116 -78.1690297806988,35.71502640158 -78.1692137801823,35.715023401878 -78.1694247795606,35.7150284022269 -78.169842777895,35.7151624030249 -78.1700407767256,35.7153344034973 -78.1701397757519,35.71553140383 -78.1701827749842,35.7157154040599 -78.1701877742275,35.7159274042517 -78.1702207730609,35.7162334045713 -78.1702257724441,35.7164054047286 -78.1702677717871,35.7165584049309 -78.1704067708324,35.7167164052989 -78.1706317689623,35.7170644059768 -78.1708517678804,35.7171914064551 -78.1711127668266,35.7172764069658 -78.1713527657979,35.717371407451 -78.171574764944,35.7174314078757 -78.1718447639717,35.7174854083759 -78.1721017631673,35.7175024088216 -78.1723357624435,35.7175154092253 -78.1725647616846,35.7175424096333 -78.1727497611309,35.7175474099479 -78.1729837603148,35.7175864103756 -78.1731257598041,35.7176144106393 -78.1732787580674,35.717979411231 -78.1734247572996,35.718076411566 -78.1735787568913,35.7180654118153 -78.1736777568557,35.7179944119164 -78.1737557568847,35.717922411981 -78.1737797571701,35.7178224119287 -78.1737697575718,35.7177174118147 -78.1737637581075,35.7175714116694 -78.1738077583812,35.7174584116384 -78.1738607585508,35.7173674116426 -78.1740277582947,35.7173034118624 -78.1741437579199,35.7173144120666 -78.1743457572,35.7173524124399 -78.1744267568908,35.717373412595 -78.1745557563357,35.7174244128587 -78.1746767557538,35.7174894131225 -78.1748287551246,35.717542413427 -78.1749807544345,35.717612413748 -78.1750697538162,35.7177134139931 -78.1751327533231,35.7178004141814 -78.175182752707,35.7179324143908 -78.1752277518125,35.71814641467 -78.1752927511773,35.7182714148986 -78.17539675065,35.7183344151342 -78.1755297501774,35.7183584153818 -78.1757187497743,35.7183174156617 -78.1758247494339,35.7183264158494 -78.1759927486231,35.7184164162199 -78.1760687477002,35.7186124165375 -78.1760857468092,35.7188474167931 -78.1760597465663,35.7189364168349 -78.1760347458444,35.7191584170065 -78.1760677454007,35.7192554171563 -78.1761727443418,35.7194654175383 -78.1762347437843,35.7195704177458 -78.1763117432509,35.7196564179608 -78.1764227426895,35.7197224182149 -78.1766037419588,35.7197784185794 -78.1766997413476,35.7198704188336 -78.1767167409245,35.7199744189643 -78.1767657403249,35.7201014191724 -78.1769217394329,35.7202224195591 -78.1770077388896,35.7203034197865 -78.1770957381065,35.7204494200815 -78.1771077377406,35.7205414201926 -78.1770797375245,35.7206244202257 -78.1770807371298,35.7207334203345 -78.1771077367377,35.7208204204667 -78.1771797363425,35.7208714206415 -78.1773537357226,35.7209014209724 -78.1774867350324,35.7209844212849 -78.1774927346152,35.7210954214051 -78.1774317342298,35.7212524214543 -78.1772637341675,35.721407421315 -78.1771787341665,35.7214774212359 -78.177086734269,35.7215244211218 -78.1769257346687,35.7215454208618 -78.1766027356148,35.7215474203008 -78.1764657359725,35.7215604200746 -78.1762947362872,35.7216134198278 -78.1762237361565,35.7217084197959 -78.1763247357542,35.7217374200003 -78.1764997351656,35.7217574203254 -78.1769137335295,35.7218724211611 -78.1772537321289,35.721982421864 -78.1774427315088,35.7219994222116 -78.1774917310147,35.7220964223933 -78.1774457309241,35.722159422375 -78.1772527312075,35.7222394221154 -78.1768377320483,35.7223474214928 -78.1766267325478,35.7223824211562 -78.1764207330648,35.7224084208195 -78.1762327336577,35.7223984204794 -78.1760657342814,35.7223624201512 -78.1759147344388,35.7224434199638 -78.1758047338562,35.7226974200144 -78.1757177330736,35.7229884201402 -78.1759027315114,35.7232714207395 -78.1759917305522,35.7234654210842 -78.1760077295773,35.7237244213623 -78.1762577261555,35.7244714225305 -78.1764147242913,35.7248604231896 -78.1771557222583,35.7248084244714 -78.1774547194983,35.725326425521 -78.1784507174584,35.7250634270561 -78.1793527142172,35.7252114288329 -78.1797987126757,35.7252674296954 -78.1801997112249,35.7253354304898 -78.1802527110258,35.725346430597 -78.1803667104761,35.7254034308621 -78.1804697096354,35.7255494312001 -78.1804957093389,35.7256094313095 -78.1805027090302,35.7256884314044 -78.1804827088866,35.7257444314263 -78.1803907079843,35.7260684315957 -78.1801227083117,35.7262004312445 -78.1799237085337,35.7263044309892 -78.1802807064861,35.7265714319167 -78.1804277051143,35.7268264324502 -78.180341703355,35.7273814328681 -78.1805587017218,35.7276494335466 -78.1807597008425,35.7277234339949 -78.1809567009266,35.7275364341629 -78.1807037019341,35.7274704336275 -78.1806047032247,35.7271984331618 -78.1810287043411,35.7265404332513 -78.1812707042604,35.7263624335061 -78.1815527025256,35.7266044342764 -78.181590701022,35.7269844347479 -78.181581699284,35.7274674352424 -78.1818226977122,35.7276974359308 -78.1818086973999,35.7277944360079 -78.1818096970749,35.7278824361032 -78.181872696441,35.7280034363483 -78.1819786958554,35.7280754366212 -78.1820666953317,35.7281454368589 -78.1821486947491,35.7282364371081 -78.1822526940628,35.7283374374091 -78.182261693691,35.7284314375263 -78.1822396927175,35.728715437789 -78.1823016919643,35.7288694380694 -78.1826266906503,35.7289574387706 -78.1827926899383,35.729013439141 -78.1838486861446,35.7291684412844 -78.1841016854532,35.7291464417337 -78.1844486846669,35.7290724423011 -78.1849166828722,35.7291714432865 -78.1852606816476,35.7292184439829 -78.1867666763029,35.7294184470316 -78.1873236745405,35.7294344480948 -78.1875416737283,35.7294734485489 -78.1876446732116,35.7295274488049 -78.1877276720982,35.7297574492278 -78.1878036711104,35.7299594496057 -78.1879226702633,35.7300884499802 -78.1880666695749,35.7301544503289 -78.1882146689375,35.7302034506657 -78.1883516684011,35.7302344509608 -78.1887846681944,35.7299354514263 -78.1889366677474,35.7299304517068 -78.1891486670152,35.7299524521324 -78.1895666651325,35.7301124531109 -78.1898266637441,35.7302694537895 -78.1899886631227,35.7303024541353 -78.1910626589795,35.7305264564385 -78.191689656682,35.7306244577465 -78.1919306561727,35.7305634581283 -78.1921136556864,35.7305434584504 -78.1922926564128,35.7302074583735 -78.1925856560426,35.7300684587541 -78.1930876552844,35.7298634594446 -78.1933956541275,35.729919460095 -78.1935546541593,35.7297834602233 -78.1935636550246,35.7295494599455 -78.1933606580476,35.7289194587728 -78.1936766584923,35.7285504588974 -78.1938016587035,35.7283954589341 -78.194089657613,35.7284514595404 -78.1942276572962,35.7284244597626 -78.1943076578637,35.7282124596417 -78.1944526578783,35.728093459759 -78.1948016572391,35.727983460265 -78.1951696559716,35.7280224609965 -78.195385654651,35.7281954616198 -78.195716653683,35.7281854622208 -78.1959266528213,35.7282434626858 -78.1960706523718,35.7282464629569 -78.1962796513626,35.7283434634714 -78.1963326511589,35.7283544635842 -78.1964696508076,35.7283374638165 -78.196550650727,35.7282944639106 -78.1965926507882,35.7282454639244 -78.1966126509317,35.728192463892 -78.1966466508554,35.7281854639459 -78.1967426508181,35.7281194640373 -78.1968866506391,35.7280524642161 -78.1969636504823,35.7280324643324 -78.1970196503083,35.7280334644374 -78.1970846501572,35.728021464542 -78.1971456500684,35.727996464622 -78.1973166500129,35.7278764647799 -78.197342650019,35.7278544647989 -78.1973976499139,35.7278384648794 -78.197527649438,35.7278594651476 -78.1976166490207,35.7278974653627 -78.1977986482202,35.7279614657846 -78.1979226477118,35.7279954660595 -78.1980476472275,35.728022466327 -78.1982626464462,35.7280554667694 -78.198412645874,35.7280854670875 -78.198494645586,35.7280954672529 -78.1986356451419,35.7280994675196 -78.1987526448135,35.728092467727 -78.198835644604,35.728081467866 -78.1989166447427,35.7279824678825 -78.1989566449322,35.7279024678485 -78.1990466448884,35.7278434679353 -78.1991946447193,35.7277714681114 -78.1993896440457,35.7277924685003 -78.1995896433802,35.7278074688903 -78.1997646428568,35.7278054692111 -78.2001786412722,35.7278894700916 -78.2004246405057,35.7278944705535 -78.2008076392409,35.727920471298 -78.2008736389818,35.7279354714408 -78.2009726386498,35.7279434716351 -78.2010646384291,35.7279284717846 -78.2011146383556,35.7279084718494 -78.2014866373044,35.7278884725098 -78.2016316369151,35.7278754727599 -78.2017556366171,35.7278554729613 -78.2018476364163,35.7278354731035 -78.2020866359423,35.7277714734556 -78.2021966356674,35.7277564736378 -78.2023696351542,35.7277534739532 -78.2024536348679,35.7277614741197 -78.202777633597,35.7278344748216 -78.2028656332432,35.7278564750155 -78.2030086327065,35.7278824753169 -78.2031826321466,35.7278904756501 -78.2033196317701,35.7278804758893 -78.2035436311018,35.7278774762993 -78.2037986303592,35.7278694767596 -78.2039946296414,35.7279004771666 -78.2040116293485,35.7279614772856 -78.2040466290998,35.7279974774021 -78.2041446279314,35.7282174778999 -78.2041966274249,35.728305478123 -78.2043086264466,35.7284664785629 -78.2043726257805,35.7285854788535 -78.2044896243226,35.7288634794726 -78.2045756234103,35.7290274798701 -78.2046456227408,35.7291424801673 -78.2047646213463,35.7294024807665 -78.2048286208015,35.7294904810141 -78.2048716201463,35.7296224812862 -78.2049556191155,35.729817481727 -78.2050816183723,35.729907482095 -78.2051106179698,35.7299864822646 -78.2051696172608,35.7301194825693 -78.2052766164201,35.7302484829592 -78.2054746153873,35.7303554834896 -78.205551614972,35.730400483701 -78.2056616143319,35.7304764840204 -78.2058296130278,35.7306744846288 -78.2060056119093,35.7308194851757 -78.2063766097793,35.7310674862462 -78.2065226089746,35.7311564866556 -78.2066986079056,35.7312884871864 -78.2067686074103,35.7313584874236 -78.2069166064866,35.7314754878797 -78.2070876058552,35.7315014882451 -78.2072216054618,35.7314964884937 -78.2073276052508,35.731467488653 -78.2074406051384,35.7314084887807 -78.2075266052095,35.7313244888193 -78.2075746053938,35.7312414887868 -78.2075946056164,35.7311704887186 -78.207781606066,35.7309144886911 -78.2078256063113,35.7308194886323 -78.2079756066197,35.7306274886287 -78.2080506066338,35.7305664886792 -78.2081646065684,35.7304954887883 -78.2082636066135,35.7304084888447 -78.2084576062748,35.7303444891152 -78.2086996053914,35.7303794896258 -78.2088756047706,35.7303994899892 -78.2090316041106,35.7304444903528 -78.2091686034404,35.7305064907065 -78.2093656023036,35.730638491281 -78.209464601677,35.7307184915909 -78.2095666008435,35.7308474919817 -78.2096276001801,35.7309654922781 -78.2096635994686,35.7311144925747 -78.2096765988278,35.7312634928276 -78.2096825982892,35.7313924930365 -78.2096975979082,35.7314754931923 -78.2097395972786,35.7315994934625 -78.2099015956085,35.7318894942174 -78.2099315952737,35.731949494367 -78.209985594804,35.7320244945858 -78.2100895940949,35.7321204949331 -78.2105365917296,35.7323634961674 -78.2108985898314,35.7325554971623 -78.2116175842998,35.7333694998217 -78.2120065828909,35.7334185006541 -78.2124935802487,35.7336955020376 -78.2125945792868,35.7338545024856 -78.2126535759105,35.7346385038403 -78.2131165725786,35.7351005054835 -78.2137315690906,35.7354825073068 -78.214504565669,35.7357255092274 -78.2154685621884,35.7358355113171 -78.2155975611497,35.7359895118241 -78.2156055597636,35.7363205123798 -78.215491558491,35.7367175127994 -78.2153305578898,35.7369875129167 -78.215439556247,35.7373035136495 -78.2153295559171,35.7374685136969 -78.2148225580878,35.737330512454 -78.2147105580731,35.7374205123744 -78.2147325574705,35.7375505126288 -78.2149665550843,35.7379515137494 -78.2155005496422,35.7388635163134 -78.2155685490023,35.7389665166197 -78.2156765478234,35.7391695171709 -78.2157105475135,35.7392185173203 -78.2157295470704,35.7393115175109 -78.2156325465862,35.7395045176277 -78.2155335462157,35.7396715176973 -78.2152935454915,35.7400345177958 -78.2151895454178,35.7401335177429 -78.2149545455176,35.7402925175173 -78.2147845454716,35.7404365174001 -78.2146985451569,35.7405805174555 -78.2144375450724,35.7408055172794 -78.2143695442751,35.7410535175382 -78.2145415430177,35.7412255181719 -78.2143945424829,35.7414715182631 -78.2142265424015,35.7416235181583 -78.2141095419601,35.7418235182359 -78.2140855411701,35.7420355185262 -78.2139385405853,35.7422945186344 -78.2139715393213,35.7425775191571 -78.214077537964,35.7428255197775 -78.2138465377102,35.7430705196844 -78.2136845368378,35.74341251989 -78.2133575353562,35.744035520192 -78.213069534026,35.744591520464 -78.2130295332228,35.7448205207422 -78.2131095324193,35.7449535211244 -78.2133485317286,35.7449315216001 -78.213559531297,35.7448685219504 -78.2138915299637,35.7449295227573 -78.2141665292745,35.7448785232629 -78.2144625281075,35.7449275239742 -78.2147395273547,35.7448905245063 -78.214870526968,35.7448805247699 -78.2150125264429,35.7448955250976 -78.2151855255332,35.7449795256036 -78.2155905217231,35.7455845274558 -78.2158035200136,35.7458305283154 -78.2158865190173,35.7460065287818 -78.215903518303,35.7461665290802 -78.2158645177315,35.746336529274 -78.2158635173644,35.746426529419 -78.2159465164949,35.7465715298358 -78.2159635159656,35.7466865300608 -78.215887515623,35.7468305301317 -78.2158215156221,35.7468835300752 -78.2156605154324,35.7470585300114 -78.2156405149966,35.747180530167 -78.2156625143278,35.7473255304514 -78.215661513706,35.7474775306973 -78.2154785123083,35.7479645310916 -78.215455510346,35.7484605318489 -78.2155095093163,35.7486675323048 -78.2156285079801,35.7488965329401 -78.2158785061052,35.7491505339065 -78.2165445025813,35.7494685359006 -78.2169545000158,35.7497595372892 -78.21717649845,35.7499595381131 -78.2172494981231,35.7500825383222 -78.2172164983735,35.7502345382168 -78.2170584991603,35.7505165378072 -78.2169914995588,35.7507065376191 -78.2169355001466,35.7511415374047 -78.21689550049,35.751369537269 -78.2167915010047,35.7515525370019 -78.2166495016161,35.7517035366579 -78.216563502043,35.7518565364374 -78.2165625021862,35.7520085364042 -78.21661650219,35.7522075364824 -78.2166895020885,35.7523605366114 -78.216856501732,35.7525755369334 -78.2169855014309,35.7527135371876 -78.2171985007708,35.7527645376435 -78.2174994998195,35.7528165382917 -78.2180994981609,35.7531755395262 -78.2181224982024,35.7533025395483 -78.217995498749,35.7534375392412 -78.2180814987514,35.7537475393604 -78.2185774976662,35.7543485403051 -78.2188014973676,35.7548245406825 -78.2188254973329,35.7548725407235 -78.2189134971479,35.7549865408878 -78.2190554967526,35.7550665411767 -78.2193074960074,35.7551615416997 -78.219693494851,35.7552905425036 -78.2197724945185,35.7552145426927 -78.2197654944041,35.7550675427129 -78.2200654932379,35.7548825434072 -78.2202634924831,35.7547765438621 -78.2204854915659,35.7545825443915 -78.2206544909282,35.754499544779 -78.220814490356,35.7544545451376 -78.2209924897467,35.7544335455294 -78.2210844893666,35.7543535457495 -78.2211694890378,35.754303545947 -78.2213434883359,35.7541705463595 -78.2214384878928,35.7540345466013 -78.2216984868099,35.7538005472285 -78.2218124863033,35.7536645475127 -78.22205848532,35.7534875480962 -78.2221444849334,35.7533805483125 -78.2222714843964,35.7532585486226 -78.2223944838518,35.7531145489303 -78.2224294835686,35.7529385490545 -78.2224584833784,35.7528395491448 -78.223108481172,35.7527885505823 -78.2234554799876,35.7527545513519 -78.2237594789744,35.752750552019 -78.224080478012,35.7528585526908 -78.2245204765102,35.7528155536668 -78.2246994758362,35.7527325540835 -78.2248314753106,35.7526415543998 -78.225010474571,35.7524905548375 -78.2250584743164,35.7523915549726 -78.225180473787,35.7522625552794 -78.2252424734713,35.7521485554502 -78.2252444733395,35.752018555494 -78.2251704734749,35.751903555366 -78.2250124739184,35.7518185550439 -78.2249474740317,35.7517115549329 -78.22495747391,35.7516195549826 -78.225033473614,35.7515745551636 -78.225210473034,35.751583555551 -78.2254254723864,35.7516535560035 -78.2256294719076,35.7518605563892 -78.2258614712782,35.7520075568542 -78.2261044705527,35.7520925573619 -78.2262534700508,35.7520855576917 -78.226395469484,35.7519875580349 -78.226545468876,35.7518745584007 -78.2266774683635,35.7517985587155 -78.2268384676818,35.7516475591185 -78.2269044673507,35.751532559301 -78.2269804669504,35.7513805595177 -78.2270354666344,35.7512435596834 -78.227039466488,35.7511065597366 -78.2269284667526,35.7509985595262 -78.2267054673834,35.75088355907 -78.2265844676816,35.7507755588368 -78.2265724675365,35.7505845588711 -78.2266564672054,35.7505315590741 -78.2268164666511,35.7505095594358 -78.2269844661372,35.7505565597929 -78.2271844655439,35.7506315602117 -78.2273394650238,35.7506275605563 -78.2276584639059,35.7505705612817 -78.2278454632997,35.7505875616904 -78.2281644624813,35.7508375623129 -78.2282784621633,35.7509005625438 -78.2284754614958,35.7508885629837 -78.2286094607963,35.7506295633686 -78.2286964604556,35.7505775635792 -78.2287894601234,35.7505545637931 -78.2291944588186,35.7505995646749 -78.2294264581206,35.7506755651621 -78.2295764576644,35.7507195654788 -78.2296574574477,35.7507735656389 -78.2297134573429,35.7508565657335 -78.2298804568628,35.7509335660755 -78.2300354563813,35.7509685664057 -78.23007045639,35.7510955664376 -78.2302124560357,35.7512155667081 -78.2303264556149,35.751173566975 -78.230803453632,35.7507735681754 -78.23088945331,35.750737568379 -78.2309704531007,35.7507985685358 -78.2310594529331,35.7509285686846 -78.2311724526858,35.7510585688863 -78.231383452044,35.7511195693298 -78.2318134506448,35.7511515702677 -78.2321484495698,35.7511915709924 -78.2325064484413,35.7512545717587 -78.2327354477493,35.751324572237 -78.2328724473944,35.7514255724998 -78.2329934471748,35.751608572695 -78.2330734470727,35.7517725728068 -78.2331574469295,35.7519085729381 -78.2333884463729,35.7521195733626 -78.2337364455154,35.752417574008 -78.2339774452742,35.752974574312 -78.2338904461081,35.753517573903 -78.233942446257,35.7538375738874 -78.2340574460747,35.7540355740578 -78.2342194456685,35.7541655743574 -78.2343734453515,35.7543575746139 -78.2344984451146,35.7545335748133 -78.2346124448076,35.7546035750319 -78.2348894441204,35.7548315755384 -78.2351354436413,35.755163575933 -78.2351344437991,35.755316575867 -78.2352254437608,35.755576575955 -78.2352144439356,35.755713575874 -78.2351204443846,35.7558505756142 -78.2348904457128,35.7564135748854 -78.2348284462694,35.7567625746079 -78.2347544466468,35.7568945743947 -78.234769446695,35.7569915743868 -78.2348704464122,35.7570415745825 -78.2350174459322,35.7570465748951 -78.2351554455344,35.7571035751669 -78.2352194455152,35.7572935752245 -78.2352884453382,35.757343575351 -78.2353824449988,35.7573145755642 -78.2355084445832,35.7573145758336 -78.23564844433,35.7575205760458 -78.2357854441437,35.7577825762272 -78.2357414444072,35.7578995760838 -78.2358334443057,35.7580985761953 -78.2357944445192,35.7581825760766 -78.2356104453602,35.758414575587 -78.2355184457259,35.7584765753653 -78.2352654470096,35.7589225746411 -78.2351514475624,35.759098574326 -78.2349924482227,35.7592345739329 -78.2348424489803,35.7594965735071 -78.2348314491395,35.7596185734334 -78.2348494492185,35.7597555734147 -78.2352094485546,35.7602695739596 -78.2353754481873,35.760445574235 -78.2356124475884,35.7606225746585 -78.2361154462194,35.7609005755958 -78.23621644609,35.7610995757221 -78.2363464457804,35.7612145759449 -78.2364884454,35.7612985762058 -78.2366634448516,35.7613235765611 -78.2369054442078,35.761470577003 -78.2371474435867,35.7616395774345 -78.2373134432467,35.7618395776928 -78.2375734426144,35.7620545781396 -78.2377024423953,35.7622535783195 -78.2377004426901,35.7625355781895 -78.2379224422305,35.7627965785336 -78.2381424416602,35.7629425789242 -78.2382184416001,35.7631265789985 -78.2382344418532,35.7634245788968 -78.2382224422049,35.763729578734 -78.2382294424167,35.7639585786448 -78.2382924424456,35.7641875786709 -78.238504442131,35.7645555789398 -78.238531442207,35.7647155789223 -78.238519442474,35.7649375787964 -78.2384424429744,35.765180578528 -78.2385134431194,35.7655475785061 -78.2385194434918,35.7659295783442 -78.2385174437723,35.7661965782184 -78.2384354443839,35.7665325778986 -78.2383384449405,35.7667675775948 -78.2382804453003,35.7669345774015 -78.2382694455472,35.7671405772858 -78.2383154455473,35.7672865773128 -78.2384264452778,35.7673755774969 -78.2386404446727,35.7674635778895 -78.238728444474,35.7675485780284 -78.2389234438712,35.7675785784086 -78.2393894428095,35.7680175791455 -78.2396414421212,35.7681435795942 -78.2397994417187,35.7682505798621 -78.239951441245,35.768269580159 -78.2403924398157,35.7682715810454 -78.2409354379589,35.7681805821821 -78.2411884371459,35.7681885826875 -78.2414344364586,35.7682955831304 -78.2416234359358,35.7683825834679 -78.2420184348865,35.7686055841516 -78.2422044343645,35.7686835844862 -78.2423704338459,35.76870258481 -78.2425004333939,35.7686735850855 -78.2426514328487,35.7686205854153 -78.2428484321552,35.7685685858372 -78.2431294314102,35.7687275863208 -78.2433264308048,35.7687595866998 -78.2435584301983,35.7688985870939 -78.2438374295354,35.7691285875344 -78.2443954280746,35.769458588479 -78.244740427264,35.769749589015 -78.2449124269194,35.7699505892518 -78.2449824270574,35.7702955892084 -78.2450074272736,35.7705765891091 -78.2450214277791,35.7710975888604 -78.2450944277536,35.7712965888992 -78.245232427567,35.7715415890415 -78.2453894272707,35.7717405892451 -78.2457354267463,35.7722995896263 -78.2458554264982,35.7724305897915 -78.2460324260579,35.7725535900725 -78.2462184255568,35.7726465903869 -78.2463964250243,35.7726855907149 -78.2466774241118,35.7726795912694 -78.2469304232565,35.7726425917861 -78.2474084215879,35.7725235927903 -78.2476054209216,35.7724945931933 -78.2478674200615,35.7724805937157 -78.2484844179833,35.7723985949741 -78.2490994159907,35.7723905961871 -78.2493804151942,35.77249259668 -78.2496904143487,35.7726355972052 -78.2498804140029,35.7728825974331 -78.2501504139338,35.773029597385 -78.2504394143401,35.7731525969581 -78.2506434146579,35.7732685966394 -78.2508104150456,35.7734825963084 -78.2508454153073,35.7736955961399 -78.250923415488,35.7737955959851 -78.2509374156095,35.7738965959084 -78.2507844155087,35.7739365960728 -78.2505164153183,35.7739935963685 -78.2503424152746,35.7741045965169 -78.2503984154553,35.7742235963781 -78.250484415663,35.7743415962029 -78.2503464156599,35.7744585963037 -78.2501354155437,35.7745335965191 -78.2497684163544,35.7747255961352 -78.2495994169452,35.7747695957821 -78.2492074181676,35.7747345950428 -78.2485854201822,35.7747485938294 -78.2484544206462,35.7747885935528 -78.2484524209254,35.7750425934041 -78.2485084209205,35.7752055934194 -78.2484404215781,35.7756145930549 -78.2484514218778,35.7759265928982 -78.2484654220293,35.7761095928209 -78.2482954227775,35.7762985923867 -78.2480954237287,35.7765875918392 -78.2480194241353,35.7767395916076 -78.2480554242246,35.7769305915685 -78.2482764239521,35.7773365917606 -78.2484044238793,35.7776505918261 -78.2484754240708,35.7780405917389 -78.2484644244668,35.7783765915264 -78.2484474248625,35.7786945913129 -78.2484024252017,35.7788765911241 -78.2483634255893,35.779121590911 -78.2483544258101,35.7793005907921 -78.248306426296,35.7796105905254 -78.2481824269448,35.7798465901583 -78.2480744278865,35.7804035896402 -78.2480004285134,35.7807685892955 -78.2479044290881,35.7810195889746 -78.2477424299379,35.7813315884971 -78.247522431175,35.7818335878066 -78.2473444320007,35.7820765873408 -78.2471824326941,35.7822435869478 -78.2470294335379,35.7825785864789 -78.2467394349941,35.7830805856668 -78.246548436038,35.7834915850897 -78.2464334366944,35.7837655847286 -78.2463754371134,35.7839865845015 -78.2463924372383,35.7841545844409 -78.2464744371901,35.784353584482 -78.2464674374092,35.784538584368 -78.2462834381207,35.7846595839662 -78.2461314387572,35.7848055836096 -78.2461374388636,35.7849235835564 -78.2463024383668,35.7849475838437 -78.2464664380243,35.7851135840515 -78.2463654384492,35.7852125838138 -78.2462274389476,35.7852705835314 -78.2461044394197,35.7853485832655 -78.2460964395416,35.7854395832016 -78.2462064392617,35.7855035833664 -78.2463374388484,35.7855045836035 -78.2465914379087,35.7853765841346 -78.2466854375708,35.7853385843261 -78.2469194368646,35.7853705847334 -78.2469844367326,35.7854395848132 -78.2470204367574,35.7855695848066 -78.2470944366461,35.785684584877 -78.247195436458,35.7858075849917 -78.2472414364428,35.7859295850071 -78.2472034366772,35.7860365848789 -78.2471274369825,35.7860975847077 -78.24699643742,35.7861195844588 -78.2468754377682,35.7860875842578 -78.2466424383406,35.7859335839212 -78.2464734388982,35.7859555836034 -78.2463694393567,35.7860775833487 -78.2463304397394,35.786321583145 -78.2463284399159,35.7864815830541 -78.2462904401242,35.7865645829404 -78.2461344407539,35.7866935825892 -78.2458204423512,35.7872645817156 -78.2457434428688,35.7875235814379 -78.2456294434054,35.7876905811439 -78.245469444038,35.7878115807929 -78.2452994446776,35.7879095804367 -78.245214445082,35.7880385802161 -78.2451854453024,35.7881605800994 -78.2452294453818,35.788366580068 -78.2453774451349,35.788573580221 -78.2455964446086,35.7887275805278 -78.2457254444221,35.7889345806455 -78.2458074444485,35.7892025806465 -78.2457764448452,35.7894845804395 -78.2456984454372,35.7898115801255 -78.2455494461799,35.7900705797236 -78.2454994463804,35.7901115796135 -78.2451934475055,35.790266578992 -78.2449024484901,35.7903335784446 -78.2447144491923,35.7904395780581 -78.2445634498183,35.7905835777171 -78.2445154501377,35.7907435775488 -78.2445404503325,35.7910025774567 -78.2444924506761,35.7911855772766 -78.2442034519984,35.7915805765654 -78.2440024528557,35.7917965761027 -78.2438724534217,35.7919475757981 -78.2438614536139,35.7920975757014 -78.2438874536367,35.7921965756953 -78.2439814534391,35.7922885758109 -78.2440914531706,35.7923605759644 -78.2441114530732,35.7923275760163 -78.2442434526453,35.7923135762527 -78.2444124520129,35.7922155765974 -78.2445904514324,35.7921935769182 -78.2446644512651,35.7922545770146 -78.2446724513942,35.7924005769516 -78.2446134518923,35.7926975766931 -78.2446224520013,35.7928275766402 -78.2446774519422,35.7929345766791 -78.2447984516282,35.792995576856 -78.2449474511803,35.7930125771045 -78.2450884507076,35.7929825773641 -78.2452204501985,35.7928915776407 -78.2453704497061,35.7928695779118 -78.2455574491223,35.7928705782347 -78.245929448273,35.793166578718 -78.2462624476232,35.7935345790922 -78.2463994475866,35.793902579127 -78.2465384473963,35.7941315792403 -78.2467054470231,35.7942705794502 -78.2470414460736,35.7943635799744 -78.2473494450997,35.7943515805085 -78.2474714446431,35.7942805807571 -78.2476404441306,35.7942945810388 -78.2479134434639,35.7944675814089 -78.2483794423663,35.7947995820173 -78.248588441808,35.7948865823245 -78.2487574412886,35.7948935826088 -78.2490274405479,35.7949875830153 -78.2494044396809,35.795273583492 -78.2494354397267,35.795405583468 -78.2493604402148,35.7956415832034 -78.2493594403677,35.7957805831211 -78.2495914398439,35.7959645834072 -78.2496984397192,35.7961575834757 -78.2496804399955,35.7963615833261 -78.2497114401344,35.7965795832511 -78.2498564397267,35.7966195834722 -78.2501384394402,35.796660583504 -78.2502354396044,35.7967465833303 -78.2504024399201,35.7969255830129 -78.2503364400485,35.7970895830002 -78.250246440153,35.7972475830216 -78.2502274403873,35.7974775829104 -78.2504374405748,35.7975095826247 -78.2505404408307,35.7976775823949 -78.2504254410229,35.7979335823904 -78.2504604411624,35.7980395822835 -78.2508154415418,35.7981535817649 -78.250901441721,35.7982625815912 -78.2508284417735,35.7983605816263 -78.2506164418088,35.798535581793 -78.2502614418188,35.7987815821002 -78.2502074418858,35.7988795821113 -78.2502194420055,35.7989825820354 -78.2501934421596,35.7991425819744 -78.2501644422663,35.799260581942 -78.2500244423762,35.7994545820063 -78.2500114425215,35.7995975819388 -78.2500074426527,35.799721581871 -78.2499914427696,35.7998225818174 -78.2498974432215,35.7999715815749 -78.249546444877,35.8004995806889 -78.2494844453135,35.800726580455 -78.2494124456514,35.8008335802749 -78.2492224464076,35.8009905798727 -78.2491304468124,35.8011025796575 -78.2490824470424,35.8011785795352 -78.2490984470706,35.8012505795197 -78.2491854469808,35.8014165795658 -78.2491684471248,35.8015015794889 -78.2492644469212,35.8015875795956 -78.249442446291,35.8015125799292 -78.2495644458702,35.801471580152 -78.2500104448028,35.8017085806992 -78.2499974449386,35.8018425806371 -78.2499154453586,35.8020005804139 -78.2498894456235,35.8021715802713 -78.250040445513,35.8023465802858 -78.2500984456651,35.8024505801504 -78.2501934458499,35.8025615799636 -78.2503134460182,35.8026415797629 -78.250562446355,35.8027965793529 -78.2507074466064,35.8029385790836 -78.2509004468504,35.8030435787746 -78.2509614471213,35.8032575785703 -78.2510414473106,35.8033835783935 -78.2511934475621,35.8035225781167 -78.2516364485725,35.804189577155 -78.2516634488464,35.8044295769785 -78.25168144898,35.8045435768881 -78.2516834491124,35.8046665768128 -78.2516694493163,35.8048665767126 -78.2515784494427,35.8050415767261 -78.2514494495059,35.8051805768097 -78.2512844495168,35.8052925769557 -78.2510134495086,35.8054515772101 -78.2508184495199,35.8055815773841 -78.2510274497858,35.8057015770447 -78.2510184499632,35.8058725769554 -78.250847449963,35.805976577114 -78.250862450093,35.8060885770287 -78.2511834505656,35.8063345764707 -78.2512654507409,35.8064485762979 -78.251154450868,35.8066345763311 -78.2511484509455,35.806710576294 -78.2513984512322,35.8068275759031 -78.251761451834,35.8071725752318 -78.25183445213,35.8074065749994 -78.2518984523008,35.8075285748448 -78.2518604524809,35.8077205747803 -78.2520864529511,35.8080275743074 -78.2522154532368,35.8082195740274 -78.2522704534572,35.8083945738529 -78.2522294538123,35.8087535736933 -78.2521724539219,35.8088905736858 -78.2521334540674,35.8090505736415 -78.251954454317,35.8093905736717 -78.2518174546715,35.8098035736046 -78.2517474551727,35.8103145733931 -78.2516524552444,35.810436573444 -78.2513954556147,35.810930573485 -78.2513654557835,35.8111055734205 -78.2514114559258,35.8112125732978 -78.2514944560423,35.8112745731537 -78.2517194561722,35.8112685728657 -78.2519774563593,35.8112975725143 -78.25227845683,35.8115695719633 -78.2524344572726,35.8118985715663 -78.2526114575333,35.8120445712503 -78.2528544577368,35.8120995709025 -78.2530864580779,35.8122915704877 -78.2532404582508,35.8123685702421 -78.2533804583111,35.8123465700736 -78.2535494584129,35.8123475698537 -78.2537264586001,35.8124255695777 -78.2540884591603,35.8127555689115 -78.2543394595571,35.8129935684439 -78.2544604596775,35.8130405682588 -78.2546194597723,35.8130415680517 -78.2547514597951,35.8129885679118 -78.254864459728,35.8128595678421 -78.2549504596129,35.8126995678259 -78.254989459407,35.8124785679071 -78.2550574592351,35.8122735679412 -78.2551614591626,35.8121435678839 -78.2554424592852,35.8120995675457 -78.2557884596281,35.812231567018 -78.2560214598864,35.8123475666463 -78.2565284605926,35.8127425657516 -78.2570174613426,35.8131945648454 -78.2571604616912,35.8134545645035 -78.2571294618175,35.8135965644585 -78.2569524619748,35.8138525645349 -78.2568584618997,35.8138325646691 -78.25661046189,35.8139645649124 -78.2564534620863,35.8142455649481 -78.2563674621379,35.8143445650007 -78.2561334620323,35.8143735652878 -78.2559954621478,35.8145635653536 -78.2561724623996,35.8147095650358 -78.2563254626341,35.814852564751 -78.256277462747,35.8149895647314 -78.2560314628711,35.8152475648973 -78.2557584629173,35.8154435651357 -78.2556054631685,35.815771565139 -78.2555934634999,35.8160995649585 -78.2557214639416,35.8164585645769 -78.2558214642342,35.8166885643088 -78.256023464693,35.8170255638434 -78.2561604649321,35.8171845635693 -78.2561954651217,35.8173505634241 -78.2562034652738,35.8174945633275 -78.2559694657864,35.8181185632598 -78.2555434663095,35.8188505633794 -78.245325495724,35.8362025546902 -78.2448984977379,35.8369285537802 -78.2409385162634,35.8436515456849 -78.2407685170523,35.8439395453514 -78.2371735333309,35.8497405386892 -78.2352515419495,35.8528395353251 -78.2337585486056,35.8552475328061 -78.2323895546797,35.8574565305685 -78.2291905687582,35.8626165256115 -78.2263845809748,35.8671405215766 -78.2228375962445,35.8728605168932 -78.2221325992564,35.8739975160179 -78.2199256086361,35.8775575133967 -78.2183586152513,35.880086511645 -78.2169076213551,35.8824415101014 -78.2158966255878,35.8840815090724 -78.2146376308372,35.8861245078443 -78.2136506349365,35.8877275069226 -78.2133466361954,35.8882205066461 -78.2131926368274,35.8884645065084 -78.2129636377784,35.888840506303 -78.2106506472994,35.8925955043449 -78.2104686480446,35.8928905041994 -78.2088606546104,35.8955015029667 -78.2024966801895,35.9058214990352 -78.200225689166,35.9095054979977 -78.1975186997641,35.9139004970123 -78.1967437027762,35.9151574967806 -78.1907577257124,35.9248484957431 -78.1899897286233,35.9261024957077 -78.184406749449,35.9351434961025 -78.1841937502332,35.9354874961404 -78.1841367504406,35.9355764961503 -78.1821787576284,35.938756496585 -78.1812947607941,35.940112496812 -78.179793766148,35.9424214972621 -78.1794137674991,35.943007497389 -78.1783237713617,35.944686497781 -78.1775957739299,35.9458054980656 -78.177262775097,35.9463104982003 -78.1769237762973,35.9468434983462 -78.1767377769469,35.9471244984251 -78.1765687775414,35.9473864984996 -78.1762747785712,35.9478374986303 -78.1758937799058,35.9484244988049 -78.174573784508,35.9504514994476 -78.1741927858222,35.9510234996408 -78.1717407943076,35.9548145010386 -78.1715827948504,35.9550575011356 -78.1636688215695,35.9672315071241 -78.1619788271346,35.9697995086765 -78.1605028319989,35.9721005101395 -78.156702844321,35.9779435142261 -78.1518948595949,35.9853175201179 -78.147526873205,35.9920655262059 -78.1410688917853,36.0019775450947 -78.1364029021824,36.0091375839007 -78.1333049090851,36.0137216084516 -78.1312249137237,36.0167966247625 -78.124543928647,36.0266796763184 -78.1226079329803,36.0295766911729 -78.1220019343368,36.0304766957665 -78.1214089356647,36.0313587002573 -78.1174249445945,36.0373087302748 -78.1172859449063,36.0375157313107 -78.1130559544019,36.0438307626344 -78.1084689647149,36.0506727959702 -78.1065689689918,36.0535088096038 -78.1038769750564,36.0575258287308 -78.1012979808721,36.0613758468597 -78.0994529850355,36.0641258596875 -78.0993359852996,36.0642988604911 -78.0984069873973,36.0656868669239 -78.0970819903902,36.0676618760327 -78.0960979926126,36.0691128826911 -78.0938279977466,36.0725168982023 -78.0918090023151,36.0755269117882 -78.0877460115191,36.0815889387817 -78.0866700139592,36.0831999458732 -78.0839900200392,36.0871899632845 -78.0781280333588,36.0959230006485 -78.0745440415159,36.1012610229829 -78.0732880443774,36.1031370307428 -78.0708470499418,36.1067770456633 -78.0689830541943,36.1095580569435 -78.0602380741803,36.122580108375 -78.0597560752829,36.1232881111024 -78.0594920758874,36.1236821126196 -78.0585600780227,36.1250831180019 -78.0526700915269,36.1338571510795 -78.0522370925199,36.1344921534288 -78.0516640938355,36.1353471565902 -78.047523103349,36.1415061790642 -78.0456291077052,36.1443261891858 -78.0430481136457,36.148164202787 -78.0385221240756,36.1548932261549 -78.0345081333403,36.1608702464069 -78.0276281492475,36.1710842798839 -78.0274501496617,36.1713712808205 -78.0137251815126,36.1917633433942 -78.0131781827851,36.1925763457733 -78.0126901839205,36.1933003478833 -78.0123661846747,36.193783349289 -78.0122031850539,36.1940243499875 -78.0107461884459,36.1961903562406 -78.007991194877,36.2004173683816 -78.0065891981523,36.2025703744777 -78.006548198248,36.2026323746515 -78.0067641978028,36.2029203760175 -78.0070041973038,36.2031973773771 -78.0071951969071,36.2034213784732 -78.0073741965384,36.2036633796205 -78.0075281962285,36.2039493808978 -78.0076461959947,36.2042063820179 -78.0077181958485,36.204325382561 -78.007814195643,36.2043753828807 -78.0079601953177,36.2043173828676 -78.0080331951469,36.2042023825406 -78.0081101949584,36.2039943818724 -78.0081601948348,36.2038463813902 -78.0082221946878,36.20372938104 -78.0083201944686,36.2036803809929 -78.0083831943369,36.2037463813262 -78.0085961938861,36.2039093822294 -78.0087651935265,36.2040193828743 -78.0086901937085,36.2042053834645 -78.0085421940455,36.2043413837663 -78.0084681942208,36.2044793841781 -78.0084661942392,36.2046263847237 -78.0085061941665,36.2047823853614 -78.0085931939862,36.204889385882 -78.0087171937235,36.2049823864023 -78.00889819333,36.2050133867709 -78.0091291928243,36.2050153871011 -78.0093351923697,36.2049783872506 -78.0095551918823,36.2049203873409 -78.0098631911986,36.2048233874078 -78.0101201906276,36.2047373874442 -78.0103461901292,36.2047003876206 -78.010618189533,36.2046953879811 -78.0107581892282,36.2047143882475 -78.0110831885373,36.2049333895233 -78.0112391881994,36.2049733898914 -78.0115191875911,36.2050253904781 -78.0116641872793,36.2050853909064 -78.0117471871078,36.2051943914326 -78.0117581870939,36.2053023918544 -78.0116951872504,36.2054983925036 -78.0115701875521,36.2057933934379 -78.0115681875685,36.2059203939128 -78.0115911875285,36.2060293943551 -78.0116631873768,36.2060933946972 -78.0117971870825,36.2060853948558 -78.0120411865362,36.2059593947248 -78.012458185605,36.2057703945989 -78.0128341847684,36.2056313946025 -78.0131641840291,36.2054563944046 -78.013371183563,36.2053203941808 -78.0135431831753,36.2052033939793 -78.0136651829035,36.2051553939684 -78.013859182477,36.2051373941717 -78.0140891819754,36.2051593945766 -78.0142341816661,36.2052483951165 -78.0143541814136,36.2053573956974 -78.0144701811966,36.205752397357 -78.0143811814219,36.2060763984598 -78.0142531817567,36.2066554004728 -78.0142381818085,36.2068574012167 -78.0142851817213,36.2070254019197 -78.0144691813362,36.2072164029044 -78.0147901806505,36.2074034040693 -78.0150071801882,36.2075424049053 -78.0151371799062,36.2075724052041 -78.0152491796582,36.2075444052572 -78.0153731793646,36.2073094045407 -78.0154501791701,36.2070344036051 -78.0154761790957,36.2068474029313 -78.0155671788631,36.2064924017107 -78.0156401786924,36.2063764013728 -78.0157141785203,36.2062694010703 -78.0158111783023,36.2062104009826 -78.0160171778577,36.2062814015431 -78.0160761777368,36.206370401965 -78.0161231776486,36.2065284026328 -78.0162641773461,36.2065964030909 -78.0164351769939,36.2068354042431 -78.0164691769332,36.2069834048551 -78.0164071770827,36.2071304053272 -78.0163091773075,36.2072384055995 -78.0162451774679,36.2074544063312 -78.016158177673,36.2076104068014 -78.0160721778706,36.2077084070521 -78.0161561776967,36.2078174075866 -78.0167131764768,36.2078214083957 -78.0168721761259,36.2077934085156 -78.0169951758474,36.2076964083207 -78.0171541754854,36.207549407986 -78.0172281753114,36.2074224076065 -78.0172911751607,36.2072854071729 -78.0173921749092,36.2069614060788 -78.0173931748942,36.2068234055532 -78.0174551747493,36.2067254052666 -78.0175651745029,36.2066674052005 -78.0178331739106,36.2066104053615 -78.0180401734537,36.2065734055124 -78.0181371732386,36.2065444055385 -78.0182601729537,36.2063784050768 -78.01840717262,36.2062514047978 -78.018493172428,36.2062124047697 -78.0184981724005,36.2060344040949 -78.0183171727677,36.2057194026342 -78.0182231729525,36.2054924016333 -78.0182981727718,36.2053154010608 -78.0184311724681,36.2051814007339 -78.0185551721855,36.2050624004514 -78.0186411719936,36.2050234004222 -78.018738171783,36.2050434006344 -78.0188831714711,36.2051044010709 -78.0190511711106,36.2051844016126 -78.0191721708493,36.2052244019354 -78.0193431704703,36.2051764019904 -78.0195141700823,36.2050304016689 -78.0196621697447,36.2048844013148 -78.0198331693621,36.2047964012152 -78.0202581684272,36.204751401635 -78.0205741677335,36.2047334020063 -78.0207551673409,36.2047744024167 -78.0210081667988,36.2049044032708 -78.0212381663026,36.2049854039044 -78.0214191659098,36.2050254043116 -78.0215401656522,36.2051054047895 -78.0216111655067,36.2052144053097 -78.0216451654495,36.2054014060795 -78.0217291652773,36.2055304066955 -78.0218131650961,36.2055604069291 -78.0219711647502,36.2055614071546 -78.0221301643921,36.2054544069639 -78.0223351639422,36.2054444072125 -78.0223131640061,36.2056154078432 -78.0223451639475,36.2057414083756 -78.0225371635407,36.205890409222 -78.0227441631052,36.2060854102683 -78.0228361629185,36.2062474110253 -78.0228581628874,36.2064344117808 -78.0227361631645,36.206541412023 -78.0226251634138,36.2066094121294 -78.0226731633151,36.2066794124683 -78.0228541629286,36.2067884131465 -78.0230471625159,36.2068984138459 -78.0231181623676,36.2069774142527 -78.0230931624296,36.2070564145235 -78.0230191626007,36.2071544147984 -78.0231881622404,36.2072634154608 -78.0233851618129,36.2073074159111 -78.023454161667,36.2073644162303 -78.0235371614942,36.2074634167324 -78.0236801612035,36.2077104178946 -78.0237901609807,36.207909418824 -78.0237351611279,36.2082024198832 -78.0238301609307,36.2083214204812 -78.0239401606853,36.208273420452 -78.0241371602331,36.2080484198592 -78.0243081598478,36.2079314196483 -78.0244551595188,36.2078544195585 -78.024639159115,36.2078474197936 -78.0250221582949,36.2080554211498 -78.0251671579836,36.2081254216296 -78.0252271578611,36.2082244221012 -78.0251411580585,36.2083224223601 -78.0249941583866,36.2083894224109 -78.0248711586713,36.2085564228852 -78.0247221590201,36.2088014236254 -78.0246701591591,36.2090764246211 -78.0246661591973,36.2094004258764 -78.0246901591519,36.2094794262184 -78.0250181584281,36.2094234264732 -78.0251871580623,36.2094734269116 -78.0253081578045,36.2095534273979 -78.0254761574455,36.2096534280303 -78.0256461570721,36.2096444282406 -78.0258051567193,36.2095964282828 -78.0259621563746,36.2095884284781 -78.0260951560868,36.2096284288262 -78.0261671559353,36.2096984292036 -78.0262511557602,36.2097974297118 -78.0264321553709,36.2098774302861 -78.0267101547698,36.2099674310402 -78.0268911543832,36.2100774317326 -78.0270721539937,36.2101574323079 -78.0272901535206,36.2102084328236 -78.0274231532337,36.2102584332123 -78.0275431529779,36.2103384336999 -78.0276021528594,36.2104574342521 -78.0276241528253,36.2106144348997 -78.0277201526292,36.210772435659 -78.0278641523217,36.2108624362216 -78.0280691518733,36.2108714365554 -78.0282041515751,36.2108454366498 -78.028351151246,36.2107684365612 -78.0285221508598,36.2106414363108 -78.0283791511527,36.210414435211 -78.0283441512205,36.2103154347713 -78.0285031508642,36.2102284346599 -78.0286121506262,36.2102384348572 -78.0287571503122,36.2102794352287 -78.0288651500871,36.2104084358927 -78.0290191497727,36.2106654371276 -78.0291001496185,36.2109244382649 -78.0290321498318,36.2116394409799 -78.0289891499747,36.2121804430459 -78.0290341499026,36.212475444273 -78.0291811496086,36.2127894457256 -78.0293171493443,36.213166447411 -78.0295361489075,36.2136484496342 -78.0297071485624,36.2139814512007 -78.0299231481084,36.2141994523818 -78.0301521476215,36.2143684533898 -78.0303441472122,36.2144984541893 -78.0304651469504,36.2145384545278 -78.0306231466006,36.2145004546135 -78.0307821462433,36.2144034544672 -78.0309951457445,36.2140484533807 -78.0311401454111,36.2138744529079 -78.0312751451038,36.2137474526059 -78.0314341447456,36.2136404524182 -78.0315331445182,36.2135234521017 -78.0315591444445,36.2133364513995 -78.0315371444813,36.21320845086 -78.031393144782,36.2130404499818 -78.0313461448745,36.2129224494453 -78.0313721448086,36.2128234490917 -78.0313121449305,36.2127154485756 -78.0311791452167,36.2126554481422 -78.0311081453652,36.2125754477211 -78.0310841454091,36.212477447298 -78.0311711452052,36.2123304468444 -78.0312451450342,36.2122324465653 -78.0312961449084,36.2120754460188 -78.031285144922,36.2119574455356 -78.0312251450456,36.2118684450954 -78.0310421454429,36.211826444661 -78.030838145883,36.2117474440498 -78.030622146343,36.2115974431407 -78.0303831468421,36.2113204416971 -78.0302871470383,36.2111624409331 -78.0302521471036,36.2110344403767 -78.0303021469869,36.2109554401377 -78.0304241467118,36.2108684399718 -78.0306441462236,36.2108014400273 -78.0308141458441,36.2107234399663 -78.0309131456175,36.2106164396872 -78.0309261455802,36.2105174393145 -78.0308551457243,36.2103894387053 -78.0308081458159,36.2102614381311 -78.0308961455967,36.2099664370921 -78.0309711454201,36.2098294366588 -78.0310941451374,36.209682436255 -78.0311081450883,36.2094764354602 -78.0311241450251,36.209161434237 -78.0311751448994,36.2090044336891 -78.0312851446506,36.2089174335028 -78.0314681442444,36.2088594335359 -78.0317351436587,36.2088514338875 -78.0320131430542,36.2089034344928 -78.032171142709,36.2089144347634 -78.0323171423857,36.2088764348223 -78.0324151421657,36.2088174347288 -78.0324531420685,36.20866043416 -78.0324801419858,36.2083954331467 -78.032543141832,36.208218432534 -78.0326551415683,36.2080124318759 -78.0326701415145,36.2077764309599 -78.0326971414361,36.2075604301404 -78.03279714119,36.2072564290748 -78.0328961409653,36.2071684288655 -78.0330411406461,36.2071504289997 -78.0330761405779,36.2072464294311 -78.0331501404251,36.2073504299497 -78.0332441402251,36.2074174303497 -78.0334151398471,36.2073794304416 -78.0337321391433,36.2072734304698 -78.0341821381465,36.2071494306143 -78.0345951372351,36.2070734308968 -78.0349101365487,36.2071154315112 -78.0351421360337,36.2070384315325 -78.0354341353891,36.2069814317184 -78.0355921350423,36.2069734319102 -78.0357511347012,36.2070554324637 -78.0359161343527,36.2072024332863 -78.0361081339513,36.2074204344321 -78.036276133598,36.2075884353443 -78.0364941331329,36.2077304362239 -78.0365671329817,36.207830436729 -78.036549133035,36.207987437333 -78.0365361330805,36.2081814380925 -78.036558133047,36.2083484387938 -78.036750132642,36.2085274397867 -78.037122131854,36.2088354415566 -78.0372191316428,36.2088504417561 -78.0372931314747,36.2087824415891 -78.0373311313811,36.2086644411695 -78.0373201313957,36.2085564407197 -78.0373821312495,36.2084384403342 -78.0374681310534,36.2083504401036 -78.0376381306794,36.2083324402744 -78.037746130448,36.2083924406703 -78.0378191302989,36.2085164412736 -78.0378531302361,36.2086494418575 -78.0379371300589,36.2087284422958 -78.0380211298784,36.2087684425773 -78.038155129578,36.2086904424555 -78.0383031292427,36.2085644421601 -78.0383641291021,36.2084854419293 -78.0384861288324,36.2084574419911 -78.0388251281081,36.2086684433275 -78.0389431278634,36.2088274441382 -78.0389651278268,36.2089604447064 -78.0389141279575,36.2091784455126 -78.0387911282381,36.2093054458479 -78.0384241290635,36.2095484462985 -78.0380941298054,36.2097624466841 -78.0377271306309,36.2100054471314 -78.0373971313754,36.2102494476345 -78.0372501317078,36.2103664478915 -78.0371991318316,36.2105034483679 -78.037308131598,36.2105634487673 -78.0374651312566,36.21059444912 -78.0376621308188,36.2105254491287 -78.0378801303293,36.210390448902 -78.0380751298995,36.2103624490722 -78.0380851298914,36.2105204497228 -78.038071129934,36.2106574502541 -78.038069129954,36.2108354509678 -78.0380801299393,36.2109434514186 -78.0381641297587,36.210983451702 -78.0382861294888,36.210954451763 -78.038432129163,36.2108874517056 -78.0385061289939,36.210808451495 -78.0385571288642,36.2106024507388 -78.0386931285525,36.2104464503075 -78.038863128174,36.2103784502799 -78.0389871279024,36.2103804504679 -78.0391291275972,36.2104494509524 -78.0391771274989,36.210528451341 -78.0391641275368,36.2106364517581 -78.0391381276032,36.2107444521563 -78.0391491275877,36.2108434525719 -78.0391461276149,36.2110794535202 -78.0393401271881,36.2110614537303 -78.0395481267247,36.210974453682 -78.0397301263208,36.2109164537126 -78.039961125813,36.2108994539802 -78.040326125009,36.2108524543214 -78.0405321245568,36.2108444545888 -78.0406771242451,36.2109144550835 -78.0406641242821,36.2110124554617 -78.040699124214,36.2111114559138 -78.0407831240325,36.2111414561579 -78.0409421236799,36.2110934561952 -78.0411361232523,36.2110654563644 -78.0413671227462,36.2110674567093 -78.0416211221948,36.2111284573273 -78.0417421219339,36.2111784577069 -78.0418621216803,36.2112874583249 -78.0419331215333,36.211386458831 -78.0419561214956,36.2115344594661 -78.04199112143,36.2116624600376 -78.042124121142,36.211703460399 -78.0422691208234,36.2116944605747 -78.0424641203885,36.2116074605061 -78.0426601199523,36.2115304604793 -78.0428911194427,36.2114924606623 -78.0430731190439,36.2114944609365 -78.0433991183355,36.2115654617027 -78.0435691179647,36.2115864620371 -78.0437881174823,36.2115584622432 -78.0439451171391,36.2115694625177 -78.04413911672,36.2116404630916 -78.0444641160222,36.2118094642584 -78.0446321156659,36.2119494650774 -78.0449811149222,36.2121974666047 -78.0452821142829,36.2124364680263 -78.0454261139765,36.212545468685 -78.0454491139396,36.2127034693667 -78.0454461139672,36.2129494703707 -78.0453471141951,36.2130764707451 -78.045237114442,36.2131444708612 -78.0450171149334,36.21325047097 -78.0448351153373,36.2133084709382 -78.0446521157409,36.2133364707819 -78.0444461161916,36.213325470432 -78.0443011165093,36.2133234702091 -78.0441911167555,36.2133824702874 -78.0440851169954,36.2134704704901 -78.0439701172542,36.2135474706342 -78.0436781179043,36.2136634706748 -78.0434461184212,36.2137594707223 -78.0433351186747,36.2138774710387 -78.0432971187724,36.2140444716633 -78.0433071187631,36.2141914722777 -78.0437491178442,36.2147754753201 -78.0438941175357,36.2148854759861 -78.0440711171534,36.2149534765287 -78.0441841169051,36.2149464766692 -78.0443311165777,36.2148884766521 -78.0444881162327,36.2148794768501 -78.0445731160498,36.2149194771409 -78.0445841160341,36.2150184775624 -78.0445221161785,36.2151164778704 -78.0443511165642,36.2152424781294 -78.0443861164977,36.2153614786684 -78.0445181162125,36.215411479071 -78.0447121157906,36.21545247953 -78.0449061153662,36.2154634798664 -78.0450641150181,36.2154454800299 -78.0451501148245,36.2153864799173 -78.0452991144735,36.2151024789771 -78.0453861142643,36.214886478222 -78.0454601140971,36.2148284780949 -78.0456301137235,36.2148194783122 -78.0457021135716,36.214889478707 -78.045736113513,36.215076479525 -78.0457831134193,36.2151854800427 -78.0458431132928,36.2152444803747 -78.0459521130538,36.2152454805423 -78.0460861127568,36.2152074805871 -78.0461601125861,36.2151094802956 -78.046212112452,36.2148734794042 -78.0463481121329,36.214628478601 -78.0464461119089,36.2145214783076 -78.046532111717,36.2144824782756 -78.0466771113983,36.2144734784549 -78.0468461110346,36.2145534790361 -78.0470151106759,36.2146924798604 -78.0471361104132,36.2147234801687 -78.0473551099239,36.2146164800552 -78.0475021095909,36.2144904797556 -78.0476611092382,36.214442479795 -78.0478411088578,36.2146104807562 -78.0478641088149,36.2146994811576 -78.0478381088844,36.2148464817249 -78.0478851087897,36.2149454822034 -78.0479821085804,36.2149854825136 -78.0480461084331,36.2149034822711 -78.0481071082823,36.2147014815289 -78.048158108153,36.2144954807549 -78.0481711081136,36.2143674802461 -78.0482341079639,36.2142304797745 -78.0484781074124,36.2140354793326 -78.0487481068056,36.213860479011 -78.0489311063929,36.2137234787164 -78.0490061062169,36.2135864782612 -78.0490431061212,36.2134144776047 -78.0491301059202,36.2132924772289 -78.0492281057013,36.2132444771754 -78.0493251054895,36.2132544773603 -78.0494821051537,36.2133544780066 -78.0496261048472,36.2134634786712 -78.0497711045336,36.2135144790973 -78.049918104204,36.2134264789505 -78.0501501036847,36.2133004787716 -78.0503441032571,36.2132724789426 -78.0505261028574,36.2132644791787 -78.0507001024837,36.2133564798182 -78.0507901022911,36.213412480184 -78.0508511021674,36.2135324807728 -78.0508121022653,36.2136794813255 -78.0508351022289,36.2138464820532 -78.0508941021087,36.2139554825937 -78.0509901019041,36.2140254830272 -78.0511121016359,36.2140164831713 -78.0512101014128,36.2139184829096 -78.0513191011613,36.213769482452 -78.0514171009347,36.2136294820152 -78.0515661006037,36.2135774820199 -78.0517841001258,36.2135784823473 -78.0519420997771,36.213550482465 -78.0520280995837,36.2134924823508 -78.0520660994897,36.213364481874 -78.051958099719,36.2132754813434 -78.0518610999209,36.2131474806669 -78.0520210995637,36.2130694805785 -78.0523250988941,36.2130324808735 -78.0525670983654,36.2130534813187 -78.0527990978512,36.2129864813818 -78.0530410973225,36.2130084818311 -78.0532710968209,36.2130394823003 -78.0534780963656,36.2130214825309 -78.053770095715,36.2128954824352 -78.0541480948736,36.2127414823484 -78.0544540941891,36.2125764821083 -78.0547470935291,36.2123624816426 -78.0549190931398,36.212215481279 -78.0550550928263,36.2120294806984 -78.0551300926417,36.2117844797803 -78.0552410923902,36.2116864795316 -78.0553510921427,36.2116094793693 -78.0555690916642,36.2116004796505 -78.0558110911373,36.2116424801811 -78.0560050907138,36.2116634805533 -78.0561390904201,36.2116644807536 -78.0562360902035,36.2116154806894 -78.0562740901097,36.2114884802106 -78.0562290901872,36.2112324790677 -78.0562670900934,36.2111044785846 -78.0563530898985,36.2110264783818 -78.0565470894693,36.2109784784623 -78.0566690891988,36.21094047848 -78.0567970889166,36.2109204785822 -78.0569420886012,36.2109484789113 -78.0570320884083,36.2110024792701 -78.057068088336,36.2110814796555 -78.0569690885674,36.211257480253 -78.0568820887726,36.2114334808677 -78.0568430888726,36.2116104815565 -78.0568290889155,36.2117584821596 -78.056877088816,36.2118274825206 -78.0569730886114,36.2118974829563 -78.057095088344,36.2118984831394 -78.0571800881528,36.2118394830152 -78.0572910878991,36.2117124826422 -78.0573650877313,36.2116444824636 -78.0574990874328,36.211586482415 -78.0576080871916,36.211557482452 -78.0577070869658,36.2114504821451 -78.0577320869005,36.2113224816411 -78.0577950867512,36.2111854811546 -78.0578810865538,36.2110774808239 -78.05800308628,36.2109994806721 -78.0582340857731,36.2109914809749 -78.0583550855113,36.2110324813246 -78.0584750852556,36.2111214818759 -78.0585220851647,36.2112694825705 -78.0585330851486,36.2113674830012 -78.0585680850792,36.2114564834288 -78.0586280849534,36.2115264838127 -78.0586140849977,36.2116934844989 -78.0584170854447,36.2118784849929 -78.0581230861148,36.2121914858848 -78.0579750864512,36.2123374862842 -78.0580350863294,36.2124564868752 -78.0581420861095,36.212634487785 -78.0582260859318,36.2127134882427 -78.058334085704,36.2128224888628 -78.0584920853553,36.2127944889775 -78.0585540852089,36.2126664885274 -78.0586160850643,36.212559488166 -78.0587130848453,36.2124814879788 -78.0588470845564,36.21254148843 -78.0588460845658,36.2126294888011 -78.0589410843681,36.2127584894873 -78.0590850840638,36.2128974902884 -78.0591930838327,36.2129664907401 -78.059290083621,36.21297749093 -78.0594010833697,36.2128794906785 -78.0595970829249,36.2126944901832 -78.0597430825922,36.2125394897408 -78.0599640821029,36.2124804898157 -78.059913082226,36.2126184903264 -78.0598280824178,36.2126864904897 -78.0598150824528,36.2127654908058 -78.0599230822217,36.2128344912579 -78.0600920818545,36.2128754916813 -78.0601650816986,36.2129254920014 -78.0601510817381,36.2130334924393 -78.0601730817074,36.2132494933891 -78.0603380813803,36.2136744954388 -78.060516081015,36.2139804970035 -78.0606970806311,36.2141394979487 -78.0609140801634,36.2142394986971 -78.0611080797398,36.2142604990754 -78.061278079364,36.2142224991669 -78.0615210788274,36.2141754993285 -78.0617510783256,36.214206499803 -78.0618850780335,36.2142275000921 -78.0620310777103,36.2141895001475 -78.0622380772462,36.2140624999137 -78.0624220768326,36.2139364996495 -78.0625560765356,36.2138974996821 -78.0627850760418,36.213998500454 -78.062991075591,36.2140095008073 -78.0631980751357,36.2139915010381 -78.0634180746448,36.2138845009074 -78.0636120742188,36.2138765011614 -78.0637330739559,36.2139065014696 -78.0637800738608,36.2140055019635 -78.0636200742289,36.214220502646 -78.0634490746133,36.2143375028921 -78.0633620748143,36.2144645033058 -78.0634580746118,36.214564503877 -78.0636760741378,36.2146145044164 -78.0640880732396,36.2146775053016 -78.0642690728459,36.2147175057435 -78.0642920728066,36.2148555063696 -78.0641820730556,36.2149535066252 -78.0639500735729,36.2150595067322 -78.0638640737685,36.2151475069803 -78.063838073835,36.2152655074468 -78.0639340736325,36.2153645080149 -78.0640800733237,36.2155055088383 -78.0641980730766,36.2156515096415 -78.064405072615,36.2155555095409 -78.0645270723451,36.2155265095998 -78.0645870722199,36.2156055100289 -78.0646740720344,36.2156705104386 -78.064767071834,36.2157155107717 -78.064841071667,36.2156565106297 -78.0648540716315,36.2155695102757 -78.0648770715773,36.2155225101084 -78.0649180714831,36.2154695099424 -78.0649850713331,36.2154305098756 -78.0650400712116,36.2154195099109 -78.0651480709757,36.2154305101203 -78.0652360707906,36.2155295106778 -78.0653110706367,36.2156615113578 -78.0654260703934,36.2157715120036 -78.0654600703227,36.2158205122655 -78.0655070702232,36.2158645125255 -78.0655680700929,36.2159085128065 -78.0656700698776,36.2160125134075 -78.0657580696903,36.2160845138499 -78.0658460695021,36.2161445142408 -78.0659440692954,36.2162465148277 -78.066043069089,36.2163805155541 -78.0661440688741,36.2164635160641 -78.0662190687114,36.2164855162722 -78.0663000685324,36.2164685163214 -78.0663680683806,36.216435516282 -78.0664830681231,36.2163695161714 -78.0665780679117,36.2163315161511 -78.066679067688,36.2163035161829 -78.0667680674898,36.2162655161534 -78.0668490673104,36.2162435161808 -78.0669840670087,36.2161725160782 -78.0670130669424,36.2161385159753 -78.0670560668471,36.2161265159883 -78.0672780663369,36.2158325150537 -78.0674750658889,36.215631514482 -78.0676460655012,36.2154715140477 -78.0679230648796,36.2152925136896 -78.0681720643223,36.2151505134487 -78.0685130635662,36.215045513505 -78.0687680630049,36.2150175137655 -78.0693070618246,36.2150375146592 -78.0695760612387,36.2150875152791 -78.0698940605509,36.215208516281 -78.0700630601889,36.215317517008 -78.0701940599165,36.2155055180217 -78.0703630595538,36.2156055187105 -78.070617059,36.2156465192706 -78.0707860586349,36.2157165198294 -78.0708460585088,36.2157865202244 -78.0708450585179,36.215874520606 -78.0707580587226,36.2160515212454 -78.0707070588514,36.2162675221085 -78.0707540587615,36.2164345229064 -78.0708980584566,36.2165735237292 -78.0710070582184,36.216584523942 -78.0711410579222,36.2165555240183 -78.0712020577839,36.2164975238579 -78.0712640576387,36.2163795234375 -78.0714100573124,36.2163025233224 -78.0715450570103,36.2162245231861 -78.0717640565247,36.2161575232243 -78.0718370563608,36.2161085231207 -78.0718390563441,36.2159515224386 -78.0716870566668,36.2158155216164 -78.0714900570892,36.2156925207837 -78.0712490576075,36.2155625198548 -78.0711900577292,36.2154645193392 -78.0712150576659,36.2153565189061 -78.0713250574185,36.2152785187312 -78.0714830570713,36.215269518929 -78.0716400567333,36.2153495195133 -78.0718680562466,36.2155185205929 -78.0720850557848,36.2156975217003 -78.0721680556143,36.2158455224714 -78.0722520554348,36.2159055228599 -78.0726560545283,36.2156425223186 -78.0728400541119,36.2154765218693 -78.0731330534557,36.2153015215435 -78.0732670531597,36.2152735216219 -78.0734720527148,36.2153335221921 -78.0737990520056,36.2154345231254 -78.0739320517156,36.2154555234172 -78.0740170515262,36.2154165233737 -78.0740790513842,36.2153385231247 -78.0740560514263,36.2152305226166 -78.0738640518356,36.2150805216712 -78.0737560520609,36.2149325208608 -78.0736490522832,36.2147745200085 -78.0736380523004,36.2146855196021 -78.0737730519938,36.2145485192033 -78.0738460518292,36.2144905190581 -78.0739430516188,36.2145205193343 -78.0740390514146,36.2146005198284 -78.0742450509675,36.2146605203992 -78.0743170508135,36.2147105207261 -78.0744240505943,36.214908521755 -78.0745080504163,36.2149875222275 -78.0747150499548,36.2148905221113 -78.0748500496498,36.2147735217992 -78.0749980493116,36.2145975212469 -78.0750730491328,36.2144115205413 -78.0750740491206,36.2142835199802 -78.0749780493211,36.2141545192703 -78.0749190494421,36.2140465187078 -78.0749320494052,36.2139375182482 -78.0750800490671,36.2137615176945 -78.075167048865,36.2136145171774 -78.0752660486359,36.2134585166382 -78.0752430486748,36.2133105159533 -78.0753900483458,36.2132235157882 -78.0754870481324,36.2132135158877 -78.0756080478711,36.2132645162911 -78.0758110474429,36.2134825175514 -78.0759320471822,36.2135425179949 -78.0761020468104,36.2135535182954 -78.0762840464077,36.2135055183536 -78.0763820461884,36.2134475182432 -78.0764570460119,36.213290517662 -78.0765080458819,36.2130545166967 -78.0765470457782,36.2128185157135 -78.0766470455417,36.2125935148685 -78.0768310451195,36.2123485140582 -78.0768450450789,36.2122205135139 -78.0768350450888,36.2120635128063 -78.0768620450122,36.2118375118485 -78.0769010449093,36.2116115109081 -78.0769500447951,36.2115225105869 -78.0770110446569,36.21146451042 -78.0772550441184,36.2114165105647 -78.0774480437039,36.2115265113328 -78.0775670434537,36.2116655121213 -78.0776510432794,36.2117935128101 -78.0777470430759,36.2118835133488 -78.0779290426755,36.2118645135315 -78.0781970420755,36.2116995131939 -78.0785030413922,36.2115345129109 -78.0787720407899,36.2113695125729 -78.0788700405684,36.2112815123259 -78.0790020402897,36.2114205131351 -78.0790970400928,36.2115685139304 -78.0791810399147,36.2116475144037 -78.079418039397,36.2116695148483 -78.0796790388243,36.2116615151947 -78.0798730384007,36.211682515572 -78.0799320382804,36.2118015161872 -78.0799420382697,36.2119485168552 -78.0800320380763,36.2119995172139 -78.0801240378754,36.2120095173933 -78.0804030372603,36.2119625175936 -78.0805480369507,36.2120715182913 -78.0805970368521,36.2121865188751 -78.0806300367867,36.212278519333 -78.0807390365508,36.2123185196714 -78.080873036255,36.2122905197436 -78.0810310359035,36.2122225196729 -78.0812140354995,36.2121845197725 -78.0813600351728,36.212097519599 -78.0814700349288,36.2120585195866 -78.081614034611,36.212030519673 -78.0817370343444,36.212070520032 -78.0817760342632,36.2121265203391 -78.081868034073,36.2122785211526 -78.0820610336589,36.2123975219677 -78.0821680334341,36.2125265227013 -78.0821910333949,36.2126745233962 -78.082238033303,36.2128225241266 -78.0823350330926,36.2128525244038 -78.0825410326382,36.2128145245379 -78.082785032099,36.2127575246429 -78.0832230311287,36.2126225246843 -78.0832860309759,36.2124265238995 -78.0833120309085,36.2122885233198 -78.083386030736,36.212151522815 -78.0834840305139,36.2120545225244 -78.0836430301588,36.2119665223634 -78.0838740296467,36.2118895223569 -78.0839720294283,36.2118415222853 -78.0840460292616,36.2117825221291 -78.0840640292156,36.2116945217608 -78.0839430294446,36.2112115194178 -78.0839210294795,36.211034518592 -78.0839800293417,36.2109215181712 -78.084152028966,36.2109375184934 -78.0844040284315,36.2111755199288 -78.0845010282204,36.2111955201601 -78.0845390281261,36.2110485195555 -78.0844560282969,36.2109005187701 -78.0843600284999,36.210801518186 -78.0842890286429,36.2106335173287 -78.0842790286511,36.2104505164929 -78.0842810286336,36.210274515706 -78.084463028233,36.2102515158666 -78.0845850279606,36.2101835157381 -78.0847080276852,36.2101055155659 -78.0848170274449,36.2100865156384 -78.0850840268614,36.2101085161239 -78.0852050265941,36.2100795161687 -78.0853270263224,36.2100215160845 -78.0854250260997,36.2099145157449 -78.0854510260368,36.209835515427 -78.0853910261624,36.2097565149849 -78.0852580264462,36.209654514334 -78.0850630268682,36.2095835137334 -78.0848610273029,36.2094765129611 -78.0847890274525,36.2093675123676 -78.0848260273663,36.2092995121154 -78.0849120271728,36.2092315119336 -78.0850940267741,36.2092325122001 -78.0853240262717,36.2092535126256 -78.0856980254656,36.2094335139743 -78.0859280249669,36.2095045146256 -78.0860980245959,36.2095255149654 -78.0862800241972,36.2095265152324 -78.086377023984,36.2095175153317 -78.0864620237941,36.2094685152334 -78.0865120236787,36.2093905149537 -78.0865250236415,36.2092725144402 -78.0866240234122,36.2091065138339 -78.0867230231837,36.2089495132679 -78.0868210229616,36.2088515129664 -78.0869560226579,36.2087445126772 -78.0872970219022,36.2086295126468 -78.0876980210195,36.2085735129683 -78.0880220203069,36.2085365132651 -78.0882930197133,36.2085385136624 -78.0884480193709,36.2085005137123 -78.0887430187189,36.2084235137857 -78.0889620182377,36.2084055140176 -78.0892390176245,36.2083195140238 -78.0894360171908,36.2082905141739 -78.0896030168264,36.208311514508 -78.0899070161707,36.208451515579 -78.0901840155776,36.2086405168348 -78.0904130150897,36.2088295180228 -78.0905460148005,36.2088595183502 -78.0906560145552,36.2088015182442 -78.0907170144166,36.2087335180222 -78.090685014482,36.208669517685 -78.0905760147113,36.2085385169326 -78.0905130148424,36.2084445164146 -78.0904800149026,36.2082785156122 -78.0904320150012,36.2081895151387 -78.0904570149407,36.2081115148195 -78.090531014775,36.2080625147023 -78.0906520145107,36.2080735149251 -78.090894013985,36.2081345155484 -78.0910880135586,36.2081165157435 -78.0912100132885,36.20807751574 -78.0913820129003,36.2079215152744 -78.091493012645,36.2077555146759 -78.0916030123991,36.2076875145224 -78.091748012085,36.207737514957 -78.0916970122111,36.2079335157785 -78.0916710122809,36.2081105165488 -78.0916560123274,36.2082975173803 -78.0917020122461,36.2085635186595 -78.0916750123232,36.208809519743 -78.091661012366,36.2089765204847 -78.0917440121949,36.2091245212791 -78.0918520119669,36.2092435219775 -78.0922260111634,36.209462523516 -78.0923100109865,36.2095615240893 -78.0924910105957,36.209641524716 -78.0927570100159,36.209683525292 -78.0933380087551,36.2098545269138 -78.0936640080466,36.2099355277561 -78.0937970077588,36.2099855281776 -78.0939410074526,36.2101145289773 -78.0941090070959,36.2102735299498 -78.0942670067526,36.2103145303669 -78.0944850062736,36.2102965306004 -78.0946800058414,36.210228530571 -78.0948390054859,36.2101315303559 -78.0950710049663,36.209975529975 -78.0952060046606,36.2098385295406 -78.095316004414,36.2097615293455 -78.0954260041702,36.2097225293251 -78.0955960037991,36.2097435296672 -78.0959590030074,36.209795530431 -78.0966130015697,36.2097315310809 -78.0969190008937,36.2096545311676 -78.0970900005113,36.2095475309206 -78.0971160004459,36.2094295304134 -78.0971180004261,36.2092135294192 -78.097132000387,36.2090955288947 -78.0971940002434,36.2089875284852 -78.0972790000538,36.2089395283857 -78.0974249997325,36.2089205285077 -78.0975819993956,36.2090205291952 -78.0976529992499,36.209158529935 -78.0976709992199,36.209290530571 -78.0976289993188,36.2093875309587 -78.0975029996038,36.20951153135 -78.0974049998283,36.2096485318414 -78.0974029998446,36.2098155326099 -78.0974369997848,36.2100225336152 -78.0975809994806,36.2101815345583 -78.0979529986887,36.2105085366093 -78.0982409980759,36.2107665382214 -78.098361997815,36.2108265386751 -78.0984589976011,36.2108075387282 -78.0986059972706,36.2106905384003 -78.0987629969322,36.2107705389992 -78.0989329965631,36.2108205394782 -78.099040996328,36.2108415397327 -78.0991269961374,36.2108125397235 -78.0991999959726,36.2107445395144 -78.0992249959122,36.2106655391844 -78.0992379958781,36.210586538837 -78.09927599579,36.2105185385768 -78.0993609956017,36.2104895385658 -78.0994959953066,36.2105005388128 -78.099748994753,36.2105115392313 -78.0998579945134,36.2105025393477 -78.0997269947893,36.2103445384241 -78.099594995066,36.2101665374066 -78.0994629953469,36.2100475366633 -78.0993779955303,36.2100075363547 -78.0992949957031,36.2098785356363 -78.0994179954252,36.2097615352714 -78.0996119949974,36.2097235353753 -78.0997579946741,36.2096755353634 -78.0999049943479,36.2096175353063 -78.1001709937673,36.2096495358388 -78.1003769933181,36.2096805362803 -78.1005719928874,36.2096325363386 -78.100749992493,36.2095705363071 -78.1011079916979,36.2094195361206 -78.1014239910042,36.2094025364969 -78.1017639902546,36.2093365366791 -78.1020679895831,36.2092595367577 -78.102311989041,36.2091535366142 -78.1024709886851,36.2090465363433 -78.1025809884386,36.2089685361371 -78.1026789882219,36.2089395361425 -78.1030049875147,36.2090405370829 -78.103198987091,36.20906153746 -78.1032709869409,36.2091705380733 -78.1033529867735,36.2093475390193 -78.1034609865466,36.2094865398253 -78.1035929862656,36.2096055405727 -78.1037259859798,36.2096855411391 -78.1038339857513,36.2098035418477 -78.1038809856566,36.2099225424729 -78.1038429857508,36.2100795431532 -78.1039379855516,36.210208543895 -78.1041669850608,36.210367544972 -78.1047349838334,36.210617546969 -78.1049039834674,36.2106805475103 -78.1050499831453,36.210649547577 -78.1051849828406,36.2105225471767 -78.1053489824741,36.210419546931 -78.1054659822106,36.2103175466214 -78.1055879819366,36.2102205463424 -78.1057229816367,36.2101625462654 -78.1058809812892,36.2101435464049 -78.106049980921,36.2101745467955 -78.1061839806246,36.2101355468061 -78.1062939803769,36.2100385465088 -78.1064399800563,36.2100295466778 -78.1065729797656,36.2100405469221 -78.1068409791723,36.2099535468999 -78.1069889788373,36.2097975463786 -78.1072059783679,36.2098875471166 -78.107399977945,36.2099185475434 -78.1077159772493,36.2098715477785 -78.1082739760268,36.2098755486041 -78.1083579758461,36.209925548962 -78.1082959759907,36.2100525494727 -78.1081619762897,36.2101305496474 -78.1080879764606,36.2102585501451 -78.108085976473,36.2103765506998 -78.1081579763193,36.2104355510831 -78.1084619756492,36.2103785512547 -78.1086089753211,36.2102915510564 -78.1091189741983,36.2102165514407 -78.1097749727571,36.2101625521353 -78.1100659721222,36.2102035527514 -78.1101859718653,36.2102935533525 -78.1103169715956,36.2105495547578 -78.1103999714265,36.2107375557711 -78.1103489715509,36.2109235565801 -78.110152971995,36.2111385573151 -78.11005397222,36.2112565577307 -78.1100779721728,36.2113355581406 -78.1101499720197,36.2114045585732 -78.11034697159,36.2114355590082 -78.1105379711721,36.2114465593396 -78.1106699708909,36.2115655600979 -78.1107289707689,36.2116745607022 -78.1107629707097,36.2119005618259 -78.1106999708605,36.2120875626221 -78.1105779711372,36.2122245630939 -78.1104069715186,36.2123215633032 -78.1099199725938,36.212435563128 -78.109748972976,36.2125425633838 -78.1095159735027,36.2127775641546 -78.1093799738161,36.2130025650202 -78.1093649738625,36.2131995659315 -78.1094339737316,36.2134995674552 -78.1095309735281,36.2136335682341 -78.1097789729832,36.2136155685166 -78.1098839727535,36.2136225687055 -78.109986972531,36.2136715690908 -78.1104099716235,36.2139655711145 -78.1103749717082,36.214082571618 -78.1102049720828,36.214110571498 -78.1100589724043,36.2141295713709 -78.1099609726231,36.2141875715002 -78.1099479726576,36.2142765719031 -78.1100079725301,36.2143355722724 -78.1101049723181,36.2143465724692 -78.1102989718955,36.2143865729482 -78.1104999714572,36.2144225734189 -78.1106249711882,36.2144975739616 -78.1106359711695,36.2145765743533 -78.1105869712842,36.2146845747932 -78.1104999714836,36.2148115752665 -78.1103169718915,36.2149085754534 -78.1102429720604,36.2150065758079 -78.1102659720213,36.2151735766351 -78.1102859720001,36.2155085782555 -78.1103799718161,36.2158335799399 -78.110546971466,36.2160715813218 -78.1107399710494,36.2161705820833 -78.1108239708699,36.2162405825427 -78.110847970824,36.2163395830495 -78.1109319706451,36.2164185835519 -78.111027970436,36.216438583792 -78.1111139702454,36.2164095837841 -78.111150970159,36.2163315834691 -78.1111529701452,36.2161935828158 -78.1111299701857,36.2160455820772 -78.1112039700181,36.2159675818177 -78.1113009698022,36.2159195817355 -78.1114469694794,36.2158805817698 -78.111543969268,36.2159015820158 -78.1116649690068,36.2159615824837 -78.1116759689906,36.2160795830621 -78.1116009691669,36.2162555837869 -78.1115989691833,36.2164325846265 -78.111828968679,36.2164345849837 -78.11196196839,36.2164745853752 -78.1122289678092,36.2165455861173 -78.1123489675528,36.2166455867755 -78.1123349675947,36.2168125875506 -78.1122129678675,36.2168895877328 -78.1120419682464,36.21694758775 -78.1119199685207,36.2170455880318 -78.1118699686369,36.2171435884228 -78.1119409684925,36.2173115893309 -78.111975968423,36.2174195898987 -78.1120239683231,36.2174985903481 -78.1122189678909,36.2174315903255 -78.1122559678037,36.2173425899575 -78.1123419676112,36.2172845898117 -78.1124749673188,36.217275589971 -78.1127289667672,36.2173565907435 -78.1130069661661,36.2174865917869 -78.1132009657414,36.2174975921346 -78.1133469654166,36.217429592032 -78.1134579651653,36.2173125916416 -78.1135679649188,36.217234591436 -78.1137149645878,36.2171075910521 -78.1136069648161,36.2169785902714 -78.113473965107,36.2169675900171 -78.1133169654467,36.2168975894446 -78.1133669653279,36.2167605888657 -78.1135129650024,36.216682588714 -78.1136599646768,36.216634588707 -78.1137929643826,36.2165965887266 -78.1139039641326,36.2164985884258 -78.1139779639631,36.2163915880257 -78.1140519637943,36.2162935876686 -78.1142109634384,36.2161865873965 -78.1143429631542,36.2162655879739 -78.1143049632487,36.2164325887161 -78.1143649631218,36.2165025891419 -78.1145339627558,36.2165725897327 -78.1147519622811,36.2166235903069 -78.1148359621015,36.2166925907647 -78.1148829620083,36.2168405915453 -78.1149289619231,36.2170765927464 -78.1150229617366,36.2173725943083 -78.1151289615213,36.217629595702 -78.1153329610883,36.2178475970587 -78.1157179602636,36.2181455990769 -78.1159829596948,36.2183346003899 -78.1162249591699,36.2184246011929 -78.1163929588073,36.2185146018829 -78.1164899586004,36.2186036024596 -78.116439958716,36.2186916028061 -78.1163539589137,36.2188286033329 -78.1163399589535,36.2189666039749 -78.1164089588104,36.2190906046772 -78.1165309585529,36.2192436056007 -78.1167239581386,36.2193826065667 -78.116782958019,36.2195306073698 -78.1167939580027,36.2196486079546 -78.1167549581032,36.219874608982 -78.1168269579649,36.2201736105323 -78.1170159575664,36.2204176119998 -78.1170739574521,36.2206146130384 -78.1170479575202,36.2207816138021 -78.1169369577728,36.220918614289 -78.1168629579462,36.2210856149777 -78.1169099578503,36.2211946155756 -78.1170669575104,36.2212646161574 -78.1172479571178,36.2213346167769 -78.1174409567022,36.2214536176515 -78.1176069563607,36.2217996195786 -78.1175929564024,36.2219666203617 -78.1174329567671,36.2221716210989 -78.117321957021,36.2223286216812 -78.1173089570573,36.2224466222293 -78.1173439569896,36.2225846229491 -78.1175599565279,36.222772624195 -78.1177649560859,36.2228926250965 -78.1181039553485,36.2229936261181 -78.1182969549295,36.2230636267604 -78.1186129542354,36.223056627225 -78.1188419537406,36.2231756281614 -78.1189859534343,36.2233246291091 -78.1190439533176,36.2234876299888 -78.1190069534107,36.2236686308053 -78.1188949536727,36.223914631817 -78.1188569537644,36.2240416323705 -78.118903953669,36.2241606330203 -78.1191089532275,36.2242896339697 -78.1193389527271,36.2243596346741 -78.1195199523338,36.2244206352572 -78.1196759519895,36.2243926353698 -78.1200839510818,36.2242076351225 -78.1204449502875,36.2241806355652 -78.1207129496961,36.224133635763 -78.1209429491939,36.2241746363273 -78.1211129488214,36.2241856366507 -78.121233948554,36.224157636707 -78.1215999477411,36.2240126365836 -78.121696947527,36.2239936366452 -78.1218419472119,36.2240436371184 -78.1219989468724,36.2241236377568 -78.1219459469978,36.2242626383487 -78.1218389472363,36.2243186384509 -78.1217409474572,36.224406638723 -78.1217999473392,36.2245846396823 -78.1218959471361,36.224703640414 -78.1219799469549,36.2247526407863 -78.1222099464532,36.2248036414011 -78.1222809463101,36.2250006424733 -78.1223519461638,36.225149643312 -78.1224359459851,36.2252386438796 -78.1225399457731,36.2254906452731 -78.1226319455849,36.2257046464628 -78.1227619453141,36.2259306477724 -78.1229109450004,36.2261406490352 -78.1230219447643,36.2262586497889 -78.123139944506,36.2262706500374 -78.1232969441639,36.2263116504901 -78.1234049439264,36.2263066506395 -78.1235759435618,36.2264766517445 -78.1236599433825,36.2265556522655 -78.1237929430911,36.2265666525336 -78.1238709429148,36.2264886522785 -78.1240169425894,36.2264126521426 -78.1242689420291,36.2263046520208 -78.1243579418091,36.2259216502919 -78.1245049414801,36.2258236500488 -78.1245429413898,36.2257156495817 -78.1246379411768,36.2256476494015 -78.1248069408088,36.2256946499024 -78.1250129403631,36.2257986507419 -78.1251939399762,36.2259626518354 -78.1253809395731,36.2260816527187 -78.1255339392441,36.2261896534939 -78.125700938886,36.2263246544242 -78.1256939389107,36.2264706551285 -78.1255619392037,36.2265206551608 -78.1255139393159,36.2266276556077 -78.1253749396227,36.2266526555059 -78.1252729398538,36.226763655885 -78.1252209399777,36.2269156565453 -78.1252379399524,36.2271046574983 -78.1253629396889,36.227276658543 -78.1255869392053,36.2274076595477 -78.1257829387848,36.2275626606253 -78.1259369384677,36.2278946625032 -78.1260969381332,36.2281606640682 -78.1262209378745,36.2283756653251 -78.1262249378761,36.2285386661314 -78.1262049379287,36.2286756667709 -78.1260939381794,36.2287826671145 -78.1259419385154,36.2288166670327 -78.1257669388984,36.2287956666437 -78.1255779393109,36.2287536661289 -78.1254029396948,36.2287466658086 -78.1252639400007,36.2287556656254 -78.1251309403013,36.2288876660543 -78.1252049401478,36.2290306668756 -78.1253039399344,36.2290926673413 -78.1254679395719,36.2290586674433 -78.1257429389774,36.229207668624 -78.1260229383628,36.2292146691172 -78.1261979379833,36.2292926697868 -78.126503937322,36.2294626711232 -78.1266979369043,36.2295966720997 -78.1267989366935,36.2297706731204 -78.1268419366094,36.2299346739969 -78.1267829367516,36.2301326748724 -78.1267929367458,36.2303876761415 -78.1268119367196,36.2306326773764 -78.1267239369323,36.230937678729 -78.1263659377553,36.2315126809583 -78.1261859381691,36.2317996820673 -78.1261359382964,36.2320746833331 -78.126136938325,36.2325586857092 -78.1261789382464,36.2327736868343 -78.1263279379329,36.2329936881635 -78.1265869373709,36.2331076891576 -78.126616937316,36.2332806900574 -78.1265659374332,36.2333616903695 -78.1263929378279,36.2335896911979 -78.1261719383277,36.2338116919152 -78.1260259386528,36.2338776919929 -78.1257729392179,36.2340186922576 -78.1255909396145,36.2339666916958 -78.125414940002,36.2339756914431 -78.1251189406739,36.234309692579 -78.1251869405316,36.2344226932472 -78.1251909405335,36.2345906940766 -78.1250079409454,36.2347406945009 -78.1249669410675,36.2352416968835 -78.1250309409311,36.2353086973202 -78.1251039407745,36.2353696977429 -78.125682939515,36.2355776997469 -78.1260399387378,36.2356977009433 -78.1265099377177,36.2359047027604 -78.1267659371618,36.2360137037325 -78.1268749369366,36.2362407050339 -78.1270419365838,36.236467706435 -78.1271539363535,36.2367197078655 -78.1274039358282,36.2371047101876 -78.1277399351151,36.2375107127631 -78.1279439346809,36.237738714237 -78.1281729341837,36.2378387151244 -78.1284019336914,36.2380177164017 -78.1287029330463,36.2382847182382 -78.1288709326875,36.2384537193625 -78.1290019324124,36.2386607206107 -78.1290839322463,36.2388877218732 -78.1291789320498,36.2390857230154 -78.1293239317371,36.2391847237562 -78.1295049313453,36.2392847245649 -78.1295769311925,36.2393737251298 -78.1297919307407,36.2397097271646 -78.1298359306551,36.2398877281212 -78.1298089307256,36.2400657289538 -78.1298669306051,36.2401787296137 -78.1300549301968,36.2402617303529 -78.1302679297331,36.2403397311114 -78.1305129291962,36.2403717316986 -78.1306569288792,36.2403677319308 -78.1307569286628,36.2404247323881 -78.1308849284055,36.2408127345341 -78.1310519280908,36.2416597390241 -78.1311869278107,36.2419307406052 -78.1311629278782,36.2421677417374 -78.1312869276497,36.2428797454863 -78.1313279275706,36.2430577464416 -78.1312829276804,36.2432317472241 -78.1313179276119,36.2433687479656 -78.1314139274082,36.2434897487365 -78.1315399271379,36.2436027495215 -78.1317139267606,36.2436927502782 -78.1319269262955,36.243750750946 -78.1320649259917,36.2437487511823 -78.1321689257604,36.2437087511692 -78.1322509255819,36.2437397514695 -78.1323629253413,36.2438347521412 -78.1325409249621,36.2440377534679 -78.1326859246601,36.2443137550991 -78.1327659245014,36.2445947566394 -78.1326599247479,36.2448077575082 -78.1325499249927,36.2448527575344 -78.1324299252561,36.2448417572643 -78.132269925607,36.2448207568728 -78.1322939255619,36.2449457575368 -78.1324099253109,36.245014758088 -78.1324639251957,36.2450737584782 -78.1324629252062,36.2452087591472 -78.1324229253116,36.2454887604665 -78.132372925447,36.2458987624133 -78.1324429252986,36.2459907629969 -78.1324889252027,36.2460757635023 -78.1326199249214,36.2461907643108 -78.1327359246716,36.246280764968 -78.1328259244765,36.2463297653745 -78.1329579241892,36.2463817658721 -78.1331679237256,36.2463607661478 -78.1332999234373,36.2463977665709 -78.1333959232251,36.2463827666701 -78.1334719230533,36.2463097664442 -78.1335809228053,36.2461777659841 -78.1337559224245,36.2462497666593 -78.1338749221649,36.2462887670689 -78.1340729217266,36.2462477672228 -78.1342469213371,36.246141767009 -78.1339629219545,36.2460167658725 -78.1339809219079,36.2459027653368 -78.1342499213093,36.245797765299 -78.1343669210462,36.2457067650562 -78.1343979209882,36.2458727659402 -78.1344029209824,36.2459587663782 -78.1345149207422,36.2460617670944 -78.1347169202958,36.2460327673147 -78.1348609199762,36.2459887673553 -78.1350469195687,36.2460197678461 -78.1351409193582,36.2459617677262 -78.1352799190453,36.2458477674076 -78.1354129187486,36.2457827673228 -78.1355289184933,36.2457837675371 -78.1356799181645,36.2458417680997 -78.1357979179081,36.2458977685928 -78.1359299176203,36.2459417690513 -78.1360649173229,36.2459377692751 -78.1362539169057,36.2459187695214 -78.1364499164783,36.2459837702009 -78.1365759162118,36.2461627713253 -78.1363569166973,36.2462187712097 -78.1363499167186,36.2463167716879 -78.1364289165499,36.2464017722566 -78.1367309158931,36.246533773465 -78.1364589165027,36.2467127738687 -78.136928915475,36.2468257752877 -78.1371299150345,36.246857775813 -78.1372439147767,36.2467457754581 -78.1373509145421,36.2467617757325 -78.1374769142776,36.2469737770252 -78.1375839140642,36.2473397790569 -78.1374819142973,36.247481779584 -78.1376379139592,36.24756978031 -78.1379269133228,36.2475667808216 -78.1382739125531,36.2474717809763 -78.1386299117637,36.2473777811519 -78.1389259111097,36.2473387814945 -78.1391099106991,36.2472477813711 -78.1392169104613,36.2472087813693 -78.1393549101596,36.2472447818017 -78.1395999096213,36.247261782333 -78.1399209089105,36.2471927825691 -78.1401029085096,36.2471887828798 -78.1403689079178,36.2470847828386 -78.1406489073038,36.2471257835546 -78.1410609063731,36.2467267822867 -78.1416299051017,36.2464097817146 -78.1419579043711,36.2462647815743 -78.1421999038261,36.2460577809634 -78.1423379035212,36.2460377811115 -78.1424689032365,36.2460997816625 -78.1427429026371,36.2461627824773 -78.1432649014982,36.2463347842945 -78.1437989003376,36.2465877865469 -78.1441608995484,36.2467177878642 -78.1445978985919,36.2468107891303 -78.1453528969351,36.2469007909592 -78.1457568960488,36.2469527919581 -78.1459938955321,36.2470397928326 -78.1462958948671,36.247036793366 -78.1469688933825,36.246984794323 -78.1473638925108,36.246946794846 -78.1475458921102,36.2469477951817 -78.1478248914973,36.2469697958011 -78.1481158908562,36.2469617962887 -78.1487238895152,36.2469167971621 -78.1493718880842,36.246838797938 -78.1494808878384,36.2467367976117 -78.1494958877908,36.2464827963335 -78.1498548869926,36.2463427962639 -78.150139886355,36.2461637958587 -78.1506898851285,36.2458847954161 -78.1507798849226,36.2457477948727 -78.1510008844298,36.2456367946994 -78.1510148843924,36.2455197941216 -78.151090884222,36.245464793975 -78.1513138837324,36.2454867944901 -78.1515348832397,36.2453757943155 -78.1517548827541,36.2453517945878 -78.1526868806942,36.2451977954692 -78.1535258788402,36.2450657962946 -78.1542198773037,36.2449037967018 -78.1547548761209,36.2448087971693 -78.1553018749129,36.2447337977613 -78.155872873654,36.2446937985776 -78.1562008729301,36.2446567989733 -78.1564438723921,36.244598799107 -78.1566508719329,36.2445317991289 -78.1568098715786,36.2444537990073 -78.1569798712024,36.2444157991137 -78.1571128709131,36.2444757996648 -78.1575718699155,36.2447048016824 -78.1580328689031,36.2447448027183 -78.1582418684487,36.2448458036212 -78.1583348682563,36.2450698049591 -78.158379868164,36.245192805683 -78.1585648677581,36.2452158061361 -78.1588268671774,36.2451408062149 -78.159070866638,36.2450978064286 -78.159172866413,36.2450878065596 -78.1592728661973,36.2451688071635 -78.1594208658839,36.2453948086136 -78.1594058659294,36.2456238097861 -78.1595558656052,36.2457318106225 -78.1597948650792,36.2457338110641 -78.1601528642908,36.245725811668 -78.1604128637109,36.245584811397 -78.1606178632564,36.2455248114515 -78.1608708627038,36.2456028123172 -78.1609698624978,36.2458228136514 -78.1610308623691,36.2459258143027 -78.1609678625216,36.246181815534 -78.1610538623466,36.2464458170767 -78.1611348621741,36.2465528177858 -78.1611718620971,36.2466348182838 -78.1612778618684,36.2467218189333 -78.1614528614849,36.246753819419 -78.1615598612503,36.2467698196973 -78.1616408610775,36.2468728203862 -78.1617338608775,36.2469598210127 -78.1617958607479,36.2470878217989 -78.1618378606634,36.2472358226541 -78.161874860588,36.2473478233108 -78.1619418604491,36.2475078242749 -78.1619408604589,36.2476488250153 -78.1619518604394,36.2477358254933 -78.1619448604613,36.2478578261227 -78.1621368600424,36.2479278268417 -78.1624168594347,36.248091828217 -78.1625698591033,36.2481928290289 -78.1630558580474,36.2484568313101 -78.1634668571521,36.2486368330129 -78.1636958566543,36.2487568340664 -78.1638648562874,36.2488558348994 -78.1643118553154,36.2490858369358 -78.1645038549021,36.2492638382301 -78.1646238546473,36.2494418393925 -78.1648648541282,36.24965984099 -78.1651418535282,36.2498488425015 -78.1652608533403,36.2500858438008 -78.1654428531404,36.2503458449829 -78.1656978527589,36.250575846202 -78.1659088524774,36.2508078473461 -78.1661368521267,36.2509968483815 -78.1661728521257,36.2510958487699 -78.1662078521577,36.2512338492833 -78.1664598517883,36.2514618504894 -78.1668828510423,36.251680851981 -78.1670548507734,36.2518118527238 -78.1672838504036,36.2519698536592 -78.1674138501613,36.2520188540579 -78.16756484989,36.2520878545602 -78.1676248498112,36.2521508548755 -78.1676838497792,36.2522688553675 -78.1676828498812,36.2523918557653 -78.1677918496823,36.2524368561122 -78.1679178495074,36.2525558567307 -78.1680088493438,36.2525958570282 -78.1681548490691,36.2526448574561 -78.168292848844,36.2527328579958 -78.1683818487446,36.2528448585233 -78.1685038484986,36.2528648588127 -78.1686868481645,36.2529368593832 -78.1687478481363,36.253060859898 -78.1689008478885,36.2531578604944 -78.1690828475463,36.2532158610174 -78.1692208473291,36.2533098615762 -78.1694388469629,36.2534298623666 -78.1695898467029,36.2535048628875 -78.1697948463566,36.253613863618 -78.1699158461243,36.253644863941 -78.1700428458912,36.2536898643204 -78.1702228455177,36.2537028646934 -78.1703458452961,36.2537508650752 -78.1704238451725,36.2538008653807 -78.170556844923,36.2538408657548 -78.1706958446912,36.2539158662534 -78.1707928445016,36.2539358664964 -78.1709258442319,36.2539518667927 -78.1710478439892,36.2539718670817 -78.171253843515,36.2539318673305 -78.1713938431954,36.25390786751 -78.17152184294,36.25392786781 -78.1716178427925,36.253992868197 -78.1716468427941,36.2540648684836 -78.1716708428444,36.2541798689002 -78.1717478428157,36.2543328695374 -78.1718778427917,36.2546178706993 -78.1719618427289,36.2547478712746 -78.1720888424893,36.2547808716146 -78.1722158423353,36.2549098722655 -78.172196842454,36.2549978725156 -78.172304842332,36.2551168730991 -78.172412842188,36.2552108736016 -78.1726238418462,36.255325874361 -78.1728418414011,36.2553418748127 -78.172951841152,36.255322874953 -78.1729938411169,36.2553818752209 -78.1731688408481,36.2554918758979 -78.1732658406439,36.2554918760758 -78.1733688404143,36.2554778762193 -78.1734608401896,36.2554438762781 -78.1735768398922,36.2553858763032 -78.1737408394576,36.2552888762901 -78.1738568391596,36.2552308763153 -78.1739968388236,36.2551868764298 -78.1742288382858,36.2551348766873 -78.1743808379155,36.2550818767948 -78.1744848376279,36.2550088767496 -78.1747908367525,36.2547648765223 -78.1748768364858,36.2546748763893 -78.175398834841,36.2541068755123 -78.1755888342509,36.2539118752314 -78.1758398334814,36.2536668749012 -78.1760118329498,36.2534958746651 -78.1761948324321,36.2533648745785 -78.1763838319287,36.2532628745967 -78.1765978313991,36.2531898747546 -78.1764948315842,36.2531528744457 -78.1766288312404,36.253094874505 -78.1767748309084,36.2530758747122 -78.176938830524,36.2530428749074 -78.1770128302927,36.2529688748047 -78.1770798301018,36.252920874773 -78.1773048295708,36.2528728750321 -78.1774328292334,36.2528098750644 -78.177561828869,36.2527218750178 -78.1777318284504,36.2526688751598 -78.1779198280561,36.2526798755412 -78.178107827653,36.2526818758937 -78.1782178273472,36.2526128758736 -78.1782918270607,36.2524858756004 -78.1782868269826,36.2523968753042 -78.178365826778,36.25236287534 -78.1785298264849,36.2524238758386 -78.1785958264066,36.2524878761664 -78.1786668264324,36.2526658768709 -78.1788358261832,36.2527798775494 -78.1789688259525,36.2528348779713 -78.1792598253526,36.2528608785906 -78.179374825151,36.2529058789471 -78.179519824833,36.2528998791946 -78.1798188240483,36.2527618793003 -78.1799418236827,36.252663879211 -78.1800278233357,36.2525068788637 -78.1801138230397,36.2523998786775 -78.1802238227061,36.2523068785806 -78.1803708222827,36.2522048785228 -78.1805968216524,36.2520688785012 -78.1806768213302,36.2519258781883 -78.1806978210649,36.2517148775479 -78.1807468208365,36.2515978772616 -78.1808218205649,36.2514938770651 -78.1809128202958,36.251425877014 -78.1811188199009,36.2514768775578 -78.181215819757,36.2515408779425 -78.1813548194874,36.2515718782984 -78.1815258190131,36.2514748783016 -78.1816228187502,36.2514258783227 -78.1817688184122,36.2514068785308 -78.1819758178955,36.251344878713 -78.1821708174664,36.2513408790596 -78.1823218171385,36.2513418793412 -78.1824378168708,36.25132787951 -78.1825718165219,36.2512748795867 -78.1828278158117,36.2511338796056 -78.1829588154966,36.2511068797604 -78.1830778151665,36.251041879771 -78.1833958142629,36.2508498797407 -78.1834938139525,36.2507618796388 -78.1836288134755,36.2505958793546 -78.1837148132016,36.2505178792628 -78.1838428128408,36.2504448792646 -78.1840048124006,36.2503678793164 -78.1842938116743,36.2502848795834 -78.1845178111788,36.2502818799872 -78.1846088109844,36.2502868801713 -78.1848048103688,36.2501208800004 -78.1848848100576,36.2499968797433 -78.1849528099023,36.2498788792207 -78.1850208097483,36.2497908788627 -78.1850938095848,36.2497318786732 -78.1853988089067,36.2495968784933 -78.1855148086492,36.2495528784652 -78.1856978082413,36.2494508782412 -78.1858338079389,36.2493878781449 -78.1871908049236,36.2488118774654 -78.1873078046636,36.2487608773988 -78.1877248037318,36.2484708765625 -78.1880378030329,36.2482638759922 -78.1883388023611,36.248068875465 -78.1887428014603,36.2478258748592 -78.188938801024,36.2477238746524 -78.1891208006199,36.2476508745803 -78.1895957995682,36.2475208747262 -78.1900767985048,36.2474258750758 -78.1903867978179,36.2473298751077 -78.1907947969146,36.247218875234 -78.1910807962817,36.2471468753542 -78.1913657956532,36.2471248757501 -78.1916637949948,36.2470728760027 -78.1919137944411,36.246999876051 -78.1920537941314,36.2469668761217 -78.1923027935838,36.2469778766352 -78.1925457930471,36.2469408768705 -78.1929287922023,36.2469038773599 -78.19352379089,36.2468488781334 -78.193918790017,36.2467728784261 -78.1940997896194,36.2467898788494 -78.1942767892319,36.2468388794444 -78.1945357886687,36.2469928807752 -78.1947947881068,36.2471768822746 -78.1949647877344,36.2472168828075 -78.1951817872629,36.2473568839856 -78.195379786835,36.2475348853424 -78.195541786487,36.2477278867182 -78.1961007852776,36.2482038904057 -78.1963967846328,36.2483608918275 -78.19643178456,36.2484558924243 -78.1965447843126,36.2484868928051 -78.1967877837858,36.2486718942883 -78.1969357834623,36.2487258948628 -78.1970527832132,36.2489188961609 -78.1972657827477,36.2489968969901 -78.1974017824579,36.2492168984758 -78.1974507823561,36.2493548993412 -78.1975637821071,36.2493498995211 -78.1976637818889,36.2493968999692 -78.1976807818614,36.2496209012595 -78.1978737814423,36.2497549023686 -78.1980097811887,36.25002590408 -78.1979817814727,36.2501909045527 -78.1980477814948,36.2503149050686 -78.1981007815902,36.2504719056654 -78.1981287817286,36.2506199061874 -78.1981197821465,36.2509149071083 -78.1980837827096,36.2512739081828 -78.198211782678,36.2514569090003 -78.1983807824781,36.2515809097058 -78.1984777823079,36.2516109099799 -78.19860478204,36.251616910233 -78.1987137818371,36.2516419105133 -78.1987927817335,36.2516919108177 -78.1989017815049,36.2516979110376 -78.1990417811338,36.25164891114 -78.199299780336,36.2514759110661 -78.1994497799876,36.2514599112918 -78.1995647796149,36.2513709112212 -78.1997167791654,36.2512849112285 -78.1998297788501,36.2512349112781 -78.200158777868,36.2510439112786 -78.2003417774198,36.251008911505 -78.2004247770201,36.2508519111601 -78.2006527763527,36.2507309111968 -78.2007717761355,36.2507619115147 -78.2010297755806,36.2507689120129 -78.2014937746271,36.2508129130084 -78.2024547726644,36.2509109150916 -78.2029987714507,36.2508939160412 -78.203205771073,36.2509459165877 -78.2034127706668,36.2509779170708 -78.2035387704667,36.2510299174678 -78.2039117696927,36.2510579182443 -78.2042137691252,36.2511209190006 -78.204393768836,36.2511919195571 -78.2045177685392,36.2511739197288 -78.204668768226,36.251184920042 -78.2047757681026,36.2512599204765 -78.2049197678534,36.2513039208811 -78.2050447675899,36.2513099211305 -78.2051567674549,36.251383921571 -78.20538776698,36.2514029220568 -78.2055937664662,36.2513589222975 -78.2057827660263,36.2513399225859 -78.2060027655426,36.251336922982 -78.2061347653161,36.2513779233549 -78.2062857650037,36.251388923668 -78.2064047647162,36.2513699238274 -78.2065307643968,36.2513399239648 -78.2067007641015,36.2513899244362 -78.206828763904,36.2514439248426 -78.2071197634034,36.2515319256568 -78.2073327630657,36.2516149263114 -78.2077217624101,36.2517399274227 -78.2079787620106,36.2518439282244 -78.208153761695,36.2518859286793 -78.2083827613408,36.2519789293945 -78.2086707608519,36.2520669302025 -78.2091347601112,36.2522379315961 -78.2093927595563,36.2522399320775 -78.2097737591167,36.2524869335573 -78.2100377585579,36.2524939340653 -78.2103357580056,36.2525519347965 -78.2105427575292,36.2525329351178 -78.2108567569022,36.2525649357965 -78.2110397565423,36.2525869362026 -78.2112287560081,36.2525069362987 -78.2115047554951,36.2525589369704 -78.2116307551597,36.2525189370765 -78.2118327546618,36.2524799373256 -78.2120527542221,36.2525019377998 -78.2122097538033,36.2524519379315 -78.2124987532067,36.252468938517 -78.2126317528473,36.2524239386204 -78.2129837520985,36.2524309392904 -78.2131127516908,36.2523509392765 -78.2136597505056,36.2523489402773 -78.2143157488019,36.2521739409356 -78.2149717470924,36.2519979415913 -78.2152637463257,36.251916941875 -78.2154337459257,36.2518979421286 -78.2156037455504,36.2518939424292 -78.2157257452958,36.2518999426727 -78.215840745088,36.251924942963 -78.2159307449927,36.251984943317 -78.2161117448574,36.2521389441333 -78.2163097447749,36.252345945147 -78.2163997447795,36.2524649456858 -78.2165217447156,36.2525839462835 -78.2166037447048,36.2526829467447 -78.2166697447773,36.2528109472674 -78.2169097446527,36.2530439484393 -78.2171567444071,36.2532129494232 -78.2172507443845,36.2533189499282 -78.2173457442957,36.2533869503159 -78.2174347441829,36.2534329506237 -78.2175537440077,36.2534799509897 -78.2177107437072,36.2535009513441 -78.2178487434747,36.2535379517137 -78.2180177431233,36.2535439520432 -78.2181997428192,36.2535939525344 -78.2183377426948,36.2536939531011 -78.2185737426733,36.2539759544176 -78.2187447426277,36.2541619553139 -78.2189077424525,36.2542619559263 -78.2190647421788,36.2542969563241 -78.2192827417429,36.2543129567746 -78.2197017408158,36.2542919574784 -78.2199087403426,36.2542729577992 -78.2200177401039,36.2542689579869 -78.2202307396875,36.2542899584437 -78.2203567395503,36.2543649589096 -78.2204787393836,36.2544179592993 -78.2206347392113,36.2545089598702 -78.220935738981,36.2547419611509 -78.2212557387219,36.2549799624818 -78.2214847385798,36.2551739635079 -78.221653738398,36.2552729641271 -78.2218837380546,36.2553529647988 -78.2221267377572,36.2554739656223 -78.222293737546,36.2555529661751 -78.2225307371543,36.2556129667969 -78.2229727363715,36.2556949678632 -78.2234447356224,36.2558299691495 -78.2236157353481,36.2558769696095 -78.2237177352584,36.2559459700117 -78.224254734609,36.2562089718156 -78.2245557343227,36.256397972956 -78.2247007342273,36.2565119735768 -78.2247857341137,36.2565469738415 -78.2248767339348,36.2565529740269 -78.2250657334162,36.2564849741612 -78.225260732828,36.25638597421 -78.2253887324268,36.2563129742172 -78.2254927321287,36.2562689742706 -78.2256987317181,36.2562799746823 -78.2259287313127,36.2563209752313 -78.226229730713,36.2563369758325 -78.2263597304339,36.2563329760581 -78.2265057300491,36.2562899761918 -78.2267187294701,36.256217976358 -78.2268707290982,36.2561889765463 -78.227004728801,36.2561799767638 -78.2271617285396,36.2562159771634 -78.2273137282682,36.2562409775197 -78.2274887280236,36.2563059780424 -78.2277067276634,36.2563569786003 -78.2278227274304,36.2563619788283 -78.2281397264388,36.2561869788651 -78.2283037259769,36.2561239789698 -78.2284807254968,36.256065979114 -78.2287597248972,36.2560579796004 -78.2290087243793,36.2560599800629 -78.2291607241008,36.2560809804066 -78.2293127237653,36.2560719806572 -78.2295427233044,36.2560829811128 -78.2296887229719,36.2560689813369 -78.2298467225874,36.2560409815395 -78.2299927222068,36.2560019816861 -78.2301567217903,36.2559639818687 -78.2302547215291,36.2559349819583 -78.2303827212914,36.2559509822426 -78.2304847211621,36.255994982566 -78.2307567209081,36.2561589835731 -78.2308287208731,36.2562189838912 -78.2309847208152,36.256357984608 -78.231219720746,36.2565759857144 -78.231309720845,36.2567239863381 -78.231404720934,36.2568719869709 -78.2315177212637,36.2571629880798 -78.2316737211907,36.2572919887651 -78.2317887211059,36.2573709892203 -78.2319517209338,36.2574559897819 -78.2321337206742,36.2575159903008 -78.2323267203726,36.2575659908087 -78.2326717198669,36.2576719917679 -78.2329397194074,36.2577199924067 -78.2332597187977,36.2577459930723 -78.2335027183294,36.2577629935693 -78.2338177177801,36.2578139943031 -78.234555716566,36.2579689961319 -78.2352377155696,36.2581729980092 -78.2354017153226,36.258217998448 -78.2355377151093,36.2582509987985 -78.2357017148325,36.2582809991909 -78.2359017144335,36.2582869995749 -78.2360537140644,36.2582589997661 -78.2361907137847,36.2582600000196 -78.2363867134932,36.2583150005476 -78.2365017133583,36.2583650009121 -78.2367887128664,36.2584130015847 -78.237041712406,36.2584420021365 -78.2373207118067,36.2584290026061 -78.2379657103592,36.2583690035994 -78.2382447097799,36.2583660040999 -78.2383897094738,36.2583620043525 -78.2385907089514,36.2583090045563 -78.2388617081087,36.2581710046261 -78.2390537076286,36.2581300048506 -78.2392427070879,36.2580570049711 -78.2394737064934,36.2580000052176 -78.2396867059544,36.2579520054591 -78.2398327056033,36.2579280056521 -78.2399427053264,36.2579040057793 -78.2401307048277,36.2578510059597 -78.2402347045628,36.257827006076 -78.240422704158,36.2578190063951 -78.2405317039856,36.2578440066714 -78.2407367037709,36.2579430073509 -78.2409787036072,36.2581020082827 -78.2410757035678,36.2581780086939 -78.2411877034725,36.2582420090955 -78.2414017030748,36.2582620095481 -78.2421927016423,36.2583530112733 -78.2426797007594,36.2584080123322 -78.2471906926363,36.2589220221484 -78.2483116906311,36.2590500245868 -78.2486686899963,36.259092025367 -78.2493606887597,36.2591700268688 -78.2497066881444,36.2592100276226 -78.2507176885922,36.2593330264671 -78.2510546890451,36.2593760256352 -78.2513916894912,36.2594160247941 -78.2528006913672,36.2595880212909 -78.2608647021053,36.2605720012131 -78.2610237023184,36.2605920008186 -78.2632467052856,36.2608659952837 -78.2646147071011,36.2610299918619 -78.2650397076676,36.2610819908017 -78.285378734783,36.2635679399092 -78.2864947362638,36.2637009370982 -78.2921507437878,36.2643829228617 -78.2921887438416,36.2643889227702 -78.2962357492446,36.2648849125932 -78.2999017541276,36.2653289033488 -78.3035987590625,36.2657808940291 -78.3066307631065,36.2661498863735 -78.3069617635496,36.2661908855394 -78.307356763337,36.2659148836049 -78.3082187627687,36.2652668792535 -78.3085477623356,36.2649248773202 -78.3095187602204,36.2635488705608 -78.3098347595428,36.2631058683766 -78.3099307592949,36.2629528676601 -78.3119507548315,36.2600638535541 -78.312044754627,36.2599308529026 -78.3120427545952,36.2599178528709 -78.312154754348,36.2597578520904 -78.314797748944,36.2561708342433 -78.3156657481709,36.2554318296523 -78.3156747481964,36.2554388296467 -78.3159527479388,36.2551978281648 -78.3173247468716,36.2540978211124 -78.320034744859,36.2519678073301 -78.3202757446511,36.2517658060702 -78.320418744564,36.251661805368 -78.3207157442711,36.2513968037701 -78.3217507434774,36.2505727984886 -78.3222597430714,36.2501607958738 -78.3227157430584,36.2498077930117 -78.3242147438233,36.248586781702 -78.3248687441464,36.2480527767657 -78.3254967444549,36.2475457720622 -78.326147744768,36.2470187671814 -78.328048745648,36.2454787529412 -78.3280597456522,36.2454687528526 -78.32907374609,36.2446317451787 -78.3295737462855,36.244197741275 -78.3301267465188,36.2437477371329 -78.3303197465799,36.2435637355327 -78.3306727467344,36.2432887329609 -78.3323947473774,36.2418287197477 -78.3325637474317,36.2416767184021 -78.3331297475642,36.2411047135359 -78.3333407475826,36.2408517114942 -78.3340327475642,36.2399247042434 -78.3351907474999,36.2383616920561 -78.336154747449,36.2370946821195 -78.3371917473624,36.2357206713803 -78.337994747263,36.234636662959 -78.3381317472413,36.2344476614998 -78.3389347479916,36.234462659372 -78.3442717529815,36.2345606452171 -78.3567047645743,36.2347186118267 -78.3676477748356,36.2348865825837 -78.371211778174,36.2349315730018 -78.3751467818711,36.2349885624612 -78.3781367847196,36.2350645546313 -78.3795627829176,36.2323165355185 -78.3799197824572,36.2316295307448 -78.3835107775799,36.2247084827991 -78.3880877707539,36.2158914220574 -78.3905277668277,36.2111863898084 -78.3930887625053,36.2062553561184 -78.3966267561604,36.1994283096939 -78.4082317324798,36.1770531591381 -78.4114087252066,36.1709151182876 -78.4120917236003,36.1695961095328 -78.4122477237437,36.1696571094786 -78.4123947238613,36.1697021093604 -78.4125587239456,36.1697191090503 -78.4127077239932,36.1697141086589 -78.4129787240586,36.1696901078671 -78.4131607240756,36.1696551072342 -78.413546724066,36.1695491057216 -78.4138367240278,36.169448104471 -78.4141347240264,36.1693711033297 -78.4143647240342,36.1693181024834 -78.4146177240846,36.1692891017095 -78.4149217241362,36.1692481007468 -78.4152077242429,36.1692501000583 -78.4154967244186,36.1692990996141 -78.4159857246875,36.1693620987555 -78.4162157247987,36.1693810982947 -78.4164087248444,36.1693640977319 -78.4165497248537,36.1693350972321 -78.4167137248175,36.1692690964784 -78.4168327247648,36.1692030958347 -78.4169677246668,36.1691020949649 -78.4171397244494,36.1689100935187 -78.4173197240857,36.1686160915083 -78.4173647239166,36.16848909072 -78.4173887236364,36.1682910896036 -78.4174537233254,36.1680620882218 -78.4175287231066,36.1678940871415 -78.417618722928,36.1677500861529 -78.4177237227982,36.1676360852882 -78.417841722718,36.1675530845574 -78.417939722682,36.1675050840624 -78.4181257226779,36.1674580833584 -78.4182967227022,36.1674340828136 -78.4185417227888,36.1674350822222 -78.4188377229388,36.1674670816719 -78.4193607231518,36.1674880805098 -78.4197017233341,36.1675310799083 -78.4201467236359,36.1676300793517 -78.420686724043,36.1677770788188 -78.421064724402,36.1679290787067 -78.4213387246536,36.1680330785922 -78.42152372481,36.1680940784657 -78.421678724929,36.1681370783165 -78.4218717249988,36.168138077851 -78.4220057249743,36.1680900772688 -78.4220877249133,36.1680300767496 -78.4221627248139,36.1679460761199 -78.4222007246473,36.167826075389 -78.4221877242814,36.1675850741388 -78.4221707230836,36.1667900699515 -78.4221947227139,36.1665380685526 -78.422247722384,36.1663060671898 -78.4222527221802,36.166169066449 -78.4222247219158,36.1659990656128 -78.4221227215519,36.1657790646903 -78.4219457211664,36.1655610639602 -78.42159572049,36.1651860628139 -78.4214117201056,36.1649690621051 -78.421331719881,36.164836061591 -78.4213107196221,36.1646670607423 -78.4213337194863,36.1645710601755 -78.4214007193825,36.1644870595661 -78.4215197193134,36.1644150588947 -78.4216387192814,36.1643680583564 -78.4218767192682,36.1643080574609 -78.4221817193151,36.1642740565417 -78.4229837194593,36.1641990542016 -78.4231917194822,36.1641700535441 -78.4234437194465,36.164093052525 -78.4238457193962,36.1639750509255 -78.4242887192837,36.1638080489671 -78.4244857192383,36.1637370481138 -78.4246747192068,36.1636770473383 -78.4248087191958,36.1636420468286 -78.4249277192242,36.1636360465091 -78.4250757192907,36.1636490462202 -78.4252977194538,36.163710046007 -78.4260087199878,36.1639120453585 -78.4264687202952,36.1640170448021 -78.4268457205661,36.164115044409 -78.4270607206918,36.1641520440847 -78.4277837210405,36.1642280427371 -78.4285317215193,36.164382041741 -78.4289397217377,36.1644380410491 -78.4292217218395,36.1644450404033 -78.4294887218802,36.1644160396035 -78.4297457219379,36.1644000388966 -78.4299607220368,36.1644190384764 -78.4301227221752,36.1644740383746 -78.4303747224181,36.1645770383081 -78.4306267225671,36.1646200379247 -78.4308117226663,36.1646450376085 -78.4310287227287,36.1646400370564 -78.4313237227801,36.1646120361941 -78.431591722821,36.1645830353919 -78.4318277227755,36.1645060344143 -78.4320007227553,36.1644580337422 -78.4322457226932,36.1643690326798 -78.432353722739,36.1643760324552 -78.4325017228628,36.1644240323498 -78.432612723024,36.1645030324973 -78.4326407232539,36.1646420331619 -78.4326107233585,36.1647140336139 -78.4325207235008,36.1648220344011 -78.432297723693,36.1649890358217 -78.4320207240015,36.1652410378218 -78.4316587244607,36.16560704063 -78.4314867247052,36.1657980420549 -78.4313587249748,36.1659960434102 -78.4313137251884,36.1661410442844 -78.4313127253679,36.1662550448883 -78.431348725552,36.1663640453758 -78.4314887258189,36.1665030457686 -78.4316587260394,36.1666060458985 -78.4318137262171,36.1666850459381 -78.4320657263522,36.1667160454886 -78.4323257265108,36.1667600450881 -78.4325897265423,36.1667230442508 -78.4328457265581,36.1666780433911 -78.4331277265318,36.1666010422996 -78.433439726563,36.1665540412934 -78.4336557266093,36.1665370406787 -78.4341897267749,36.1665270393276 -78.4344787268844,36.1665340386617 -78.4347647269462,36.1665120378506 -78.4350177269373,36.1664530369252 -78.4354487269319,36.1663590353833 -78.4356697269002,36.1662930344993 -78.4357677269252,36.1662880342348 -78.4359237269796,36.1662890338609 -78.4361757271538,36.1663440335374 -78.4364097273415,36.1664110333204 -78.4369457278304,36.1666000330094 -78.4371307280414,36.166691033037 -78.4372787281717,36.1667400329341 -78.4375007283486,36.1668020327193 -78.4376417284458,36.1668320325336 -78.43812372866,36.1668620315182 -78.4384127287656,36.166866030836 -78.4386057288531,36.1668790304345 -78.438783728965,36.1669100301638 -78.4389617291263,36.1669710300502 -78.4391317293343,36.1670620301131 -78.4393387296344,36.1672010303372 -78.4395297299607,36.1673590306995 -78.4397297302593,36.1674980309401 -78.439943730494,36.1675950309264 -78.4401287306792,36.1676680308577 -78.4404027308875,36.1677360305457 -78.440758731115,36.1677980300023 -78.441099731296,36.1678350293645 -78.4415117314939,36.1678670285274 -78.4418747317049,36.1679170279036 -78.4423127319425,36.1679670270968 -78.442653732086,36.1679810263384 -78.4429647321872,36.1679760255539 -78.4435217323179,36.1679370239922 -78.4437227323903,36.1679380235073 -78.4440447325593,36.1679710228943 -78.4443007327254,36.1680160225047 -78.4444787328287,36.1680400221956 -78.4448527330944,36.1681190216952 -78.4450267332068,36.1681490214271 -78.4452827334076,36.1682140211411 -78.445616733616,36.1682670206023 -78.4460937338993,36.1683340197872 -78.4462717340461,36.1683830196078 -78.4463977341114,36.1683950193627 -78.4465287341564,36.1683940190378 -78.4466577341852,36.168384018671 -78.4468587341661,36.1683310179048 -78.4470517340926,36.1682480170022 -78.4472747340706,36.1681890161514 -78.447423734041,36.1681410155384 -78.4475797340567,36.1681180150383 -78.4477507341172,36.1681180146212 -78.4479257342031,36.1681320142671 -78.4480767343081,36.1681620140547 -78.4482577345185,36.1682470140546 -78.4484467347631,36.1683500141284 -78.4489707355576,36.1687020146769 -78.4492367359367,36.1688660148785 -78.4494447362246,36.1689890150086 -78.449703736488,36.1690870148841 -78.4498547365808,36.1691090146292 -78.4501067366529,36.1690980139563 -78.4504857367309,36.1690640128539 -78.4508867367956,36.1690180116356 -78.4512137368526,36.1689830106553 -78.4514777369076,36.1689600098911 -78.4516657369159,36.1689260092557 -78.4520527368764,36.1688240077823 -78.452328736735,36.1686870063992 -78.4525667366321,36.1685800052644 -78.4528197365747,36.1684960042123 -78.4531617365203,36.1683960028604 -78.4534067364274,36.1682940017351 -78.453615736323,36.1681930007031 -78.4537757362771,36.1681350000131 -78.4540097361137,36.1679959987241 -78.4541077359463,36.1678819978962 -78.4542867357326,36.1677259966539 -78.4544067354339,36.1675339953698 -78.4545717349374,36.1672219933566 -78.4547377343106,36.1668369909645 -78.4549037337699,36.166500988826 -78.4550237332537,36.1661879869186 -78.455130732476,36.1657309842998 -78.455207731946,36.1654189825026 -78.4552677316861,36.1652619815468 -78.4554177314145,36.1650819802542 -78.4556707311565,36.1648909786554 -78.456044730851,36.1646519765164 -78.4565347305383,36.1643889739736 -78.4568787301534,36.1641129717185 -78.4572367296653,36.1637779691264 -78.4574297295985,36.163706968294 -78.4576527295608,36.1636469674458 -78.4579057296641,36.163659966901 -78.4581127298414,36.1637219667196 -78.4583337302167,36.1638909670549 -78.4585497307485,36.1641469678496 -78.4587757314077,36.1644709689692 -78.4590407321062,36.1648089700658 -78.4593347327522,36.1651119709111 -78.4596007331704,36.1652939712016 -78.4599857336288,36.1654759712029 -78.4601927339836,36.1656329715071 -78.4603397343409,36.1658019720183 -78.46041273463,36.1659469725859 -78.4604847352713,36.1662849741469 -78.4605897360559,36.1666949759972 -78.4606617365429,36.1669479771212 -78.4607347369867,36.1671769781194 -78.4608297375042,36.1674419792486 -78.4609167380871,36.1677439805871 -78.4609667384798,36.1679489815176 -78.4609897388814,36.1681639825651 -78.4609797391671,36.1683219834006 -78.460963739414,36.1684599841481 -78.4609097398577,36.1687129855788 -78.4607597403689,36.1690219875316 -78.4606427407853,36.1692729891064 -78.4606047411095,36.1694579901493 -78.4605807414096,36.1696269910759 -78.4605817416986,36.1697849918848 -78.4606017418686,36.1698739922929 -78.4606827420629,36.1699639925568 -78.460808742254,36.170042992654 -78.460963742379,36.1700799924644 -78.4612377425592,36.1701229920142 -78.4615197427335,36.1701609915185 -78.4618317429503,36.1702159910366 -78.4622837432544,36.170289990309 -78.4626577435965,36.1703999899566 -78.4629477439097,36.1705109898149 -78.4632197442352,36.1706319897682 -78.4634117445312,36.1707529899172 -78.4637077449353,36.1709109900005 -78.463958745468,36.1711469905931 -78.4642577460535,36.1714009911593 -78.4644787464522,36.1715699914815 -78.4647007467867,36.1717039916219 -78.4649887471565,36.1718429916253 -78.4655487478265,36.1720859914915 -78.4660617484712,36.1723239914464 -78.466433748862,36.1724549912006 -78.4666277490467,36.1725129910196 -78.4667987491944,36.1725559908184 -78.4669247492775,36.1725739906003 -78.4671177493098,36.172550990008 -78.4673777493456,36.1725159891897 -78.4676157493839,36.1724869884562 -78.4682617495285,36.1724299865764 -78.4687957497407,36.172431985273 -78.4690407497813,36.1724029845226 -78.4691897497368,36.1723489838811 -78.4693907496914,36.1722839830556 -78.4695347496808,36.1722489825233 -78.4696617497188,36.1722429821805 -78.4698907498898,36.1722859818363 -78.470194750218,36.1723959816485 -78.4705207504867,36.1724699812232 -78.4708247506877,36.1725129806941 -78.4710847508143,36.1725259801205 -78.4716037509981,36.1725159787928 -78.472019751153,36.172511977749 -78.4723197513205,36.172537977143 -78.472653751511,36.1725689764787 -78.4730467517035,36.1725889756132 -78.4733667517882,36.1725679747193 -78.4735287518264,36.1725549742547 -78.4737367519214,36.1725619737784 -78.4739597520455,36.1725809733261 -78.4741447522481,36.1726479732107 -78.4743667525355,36.1727509731865 -78.4746767530468,36.172950973437 -78.4749577535359,36.173144973728 -78.4752167539587,36.1733089739207 -78.4755347543569,36.1734479738411 -78.4757747546112,36.1735289736596 -78.4762037550473,36.1736639732853 -78.4764267552171,36.1737049729428 -78.4768417555173,36.1737729722634 -78.4771687557589,36.1738289717401 -78.4774867560307,36.1739019713247 -78.4778057562697,36.1739579708207 -78.4780207563822,36.173970970356 -78.4782837565021,36.1739779697425 -78.4788207568179,36.17402796867 -78.4790257569027,36.1740289681692 -78.4794637570359,36.1740069669775 -78.4800127572137,36.1739849655119 -78.4805547573646,36.1739509640033 -78.4809397575018,36.1739419630081 -78.4813237576827,36.1739549621262 -78.481519757848,36.1739979618592 -78.4818747581881,36.1740959614766 -78.4824037589276,36.1743569614842 -78.4827447593364,36.1744909613162 -78.4830257596105,36.1745699610194 -78.4832487597643,36.1746009606244 -78.4835867599247,36.1746119598448 -78.4839087601009,36.1746339591598 -78.4840867602244,36.1746589588457 -78.4843607604239,36.1747019583847 -78.4846647606602,36.1747569579097 -78.4849087609475,36.1748489577685 -78.4852197612994,36.1749589575518 -78.4854427615278,36.1750259573367 -78.4856047617314,36.1750929572722 -78.4856767619509,36.1751859575607 -78.4857367623147,36.1753519582448 -78.4856617626264,36.1755199592729 -78.4855787628979,36.1756699602306 -78.4853427637185,36.1761209630774 -78.4849247653511,36.1770099685747 -78.4846997661591,36.1774549713669 -78.4844887668963,36.1778629739395 -78.4843827674854,36.1781759757747 -78.4843517679854,36.1784289771223 -78.4843947686154,36.1787299785267 -78.4845267692367,36.1790069795888 -78.4847327697963,36.1792369802301 -78.484954770193,36.1793829804095 -78.4853247706569,36.1795289802196 -78.4857987711443,36.1796629797094 -78.4861537715297,36.1797729793753 -78.4863617716996,36.1798099790418 -78.4870147720511,36.1798369775477 -78.4872817722482,36.1798739770668 -78.4875777726088,36.1799839768788 -78.4879467734483,36.1803099775892 -78.488780775331,36.1810359791365 -78.4895187770275,36.1816889805537 -78.4898877778301,36.1819919811432 -78.4901837783482,36.1821739813103 -78.4905447790169,36.1824129815986 -78.4908407795935,36.1826219818993 -78.4911517801469,36.182815982087 -78.4915657809538,36.1831069824993 -78.4917517814222,36.1832879829348 -78.491963781931,36.1834819833694 -78.4922437827503,36.1838079842905 -78.4923467830796,36.1839409846944 -78.4924947832295,36.1839779845065 -78.4926437832772,36.183965984072 -78.4927917833012,36.1839429835852 -78.4929557831541,36.1838349826349 -78.4931117829903,36.1837209816749 -78.4933747825242,36.1834389796099 -78.4937177818295,36.1830309767176 -78.4940397811984,36.1826589740584 -78.4942937807636,36.182395972113 -78.4946077802522,36.1820839697743 -78.4949217795611,36.1816879670189 -78.4953347784235,36.1810609628691 -78.4954717778878,36.1807789611254 -78.4957317768487,36.1802339577684 -78.4959287757105,36.179656954411 -78.4959747751671,36.1793919529803 -78.4959917745849,36.1791149515624 -78.4959637739571,36.178825950197 -78.4959097734031,36.1785769490949 -78.4958367730644,36.1784329485614 -78.4956857723981,36.1781509475364 -78.4954367711606,36.1776199455174 -78.4953347704771,36.1773189442752 -78.4953517699217,36.1770539429162 -78.4953977693531,36.1767769414257 -78.4954887685739,36.1763919392872 -78.4954907681391,36.1761869382638 -78.4954617676149,36.1759459371382 -78.4954567672707,36.1757849363507 -78.4954867669986,36.1756509356107 -78.4955467667431,36.1755189348064 -78.4956437665283,36.1753989339703 -78.4957707663258,36.17527893306 -78.4958597662096,36.1752069324823 -78.4960317660912,36.175117931615 -78.4962097661413,36.1751069311202 -78.4964097663285,36.175155930869 -78.4966107665012,36.1751979305804 -78.4969057667687,36.1752659301882 -78.4972167668847,36.1752599293892 -78.4974247671165,36.175327929212 -78.4977327674309,36.1754149288813 -78.4979587676536,36.1754749286196 -78.4982547679079,36.1755359281894 -78.4984917681271,36.1755919278804 -78.4987037682672,36.1756159274745 -78.4988817683954,36.1756409271578 -78.4991037685808,36.1756839268211 -78.4992967688449,36.1757689267642 -78.499465769179,36.1758909269495 -78.49965076957,36.1760359272089 -78.4999237701823,36.1762659276705 -78.5005147713636,36.1767499285775 -78.50089877199,36.1770039288594 -78.5015497730121,36.1774159292342 -78.501992773731,36.177706929533 -78.5023777742544,36.1779129295581 -78.5026727748119,36.1781429299262 -78.5029237754128,36.1783969305203 -78.5031147760016,36.1786509312654 -78.5032767767126,36.1789639323694 -78.5034087771857,36.1791699330288 -78.503704777666,36.1793639332035 -78.5041927781334,36.1795339327604 -78.5044007783859,36.1796309326887 -78.5047257789506,36.1798609329525 -78.5051237799489,36.1802839339499 -78.505491781178,36.1808159355401 -78.5061557824942,36.1813599363942 -78.5065407831266,36.1816149365923 -78.5069537839451,36.1819529371058 -78.5073967849048,36.182352937826 -78.5078697857906,36.182715938281 -78.5081067861285,36.1828489382743 -78.5083287863329,36.1829219380229 -78.5083277864044,36.1829549381815 -78.5083367881271,36.1837469418978 -78.5083417893297,36.1842999444958 -78.5083507911154,36.1851209483485 -78.5083917994653,36.1889599663611 -78.5084328078744,36.1928259844928 -78.5084628139063,36.1955989974911 -78.5085048225118,36.1995550160296 -78.5085468311849,36.2035420347054 -78.5086318485304,36.2115150720219 -78.5086698563063,36.215089088738 -78.5087138652769,36.2192121080123 -78.5087278682685,36.2205871144405 -78.5087888808299,36.2263601414097 -78.5088098846864,36.2281321496751 -78.5088188868142,36.2291101542462 -78.5088328898039,36.2304841606621 -78.5088418916057,36.2313121645257 -78.5088578945744,36.2326761708848 -78.5088979023764,36.2362611876012 -78.5089089052591,36.2375861937933 -78.5089179071546,36.2384571978559 -78.5089279101805,36.2398482043615 -78.5089389117983,36.2405912078122 -78.5091019464678,36.2559112654987 -78.5091109481252,36.2566012671088 -78.5091429553902,36.2596262742013 -78.5091889659549,36.2640242845175 -78.5092069699652,36.2656932884308 -78.5104559708465,36.2658512833345 -78.5109989715329,36.266045281421 -78.5111279717177,36.266100280988 -78.5112789720949,36.2662312806416 -78.5115419725132,36.2663602798001 -78.5119719731499,36.2665512783773 -78.5120559732471,36.2665772780722 -78.5121529733181,36.2665902776789 -78.5122529733637,36.2665922772459 -78.5123519733895,36.266586276798 -78.5124739734005,36.2665702762253 -78.5125939733816,36.2665422756323 -78.5127029733266,36.2665012750561 -78.5127819732471,36.266455274599 -78.5128549731434,36.2664002741465 -78.5129809728888,36.2662742732902 -78.5130509726914,36.2661812727587 -78.513105972466,36.2660792722712 -78.5132709716483,36.2657152706677 -78.5133349714966,36.2656422702106 -78.5133909714291,36.2656052698755 -78.5135229713385,36.265546269154 -78.5137949711942,36.2654422677093 -78.5139209711886,36.265419267101 -78.514085971247,36.2654162663701 -78.5144829714639,36.2654402646872 -78.5147189715752,36.2654472636692 -78.5149549716572,36.2654422626221 -78.515117971688,36.2654282618731 -78.5152779716932,36.265404261113 -78.5154789716633,36.265359260122 -78.5156729715938,36.265299259125 -78.5158189715025,36.265238258336 -78.515957971379,36.2651652575483 -78.5163519709296,36.2649182552172 -78.5169669701528,36.2645032515039 -78.5172159698594,36.2643442500216 -78.5173319697128,36.2642662493212 -78.517464969558,36.2641822485314 -78.5175969694346,36.2641112477776 -78.5177379693441,36.2640522470135 -78.5179069692767,36.2639982461385 -78.5179939692686,36.2639812457145 -78.5181389693026,36.2639722450552 -78.5182709693983,36.2639902445191 -78.5183519695013,36.2640192442342 -78.5185089697301,36.2640872437111 -78.5186409699371,36.2641502432856 -78.5187689701599,36.264220242895 -78.5189029703604,36.2642802424536 -78.5190179704968,36.2643172420393 -78.5191359706196,36.2643482415971 -78.5192799707526,36.2643792410408 -78.5194269708596,36.2643992404443 -78.5195439709054,36.2643992399303 -78.5197789709626,36.2643852388636 -78.5199479710237,36.2643832381164 -78.5201049711273,36.2644002374686 -78.5202049712161,36.2644202370787 -78.5203699713924,36.2644652364649 -78.5205299715992,36.2645232359053 -78.5206849718215,36.264588235385 -78.5207939720035,36.2646442350446 -78.5210039723896,36.2647662344238 -78.5211179725515,36.2648132340395 -78.5212659727045,36.2648512334838 -78.5217259730954,36.2649352316725 -78.5223389735651,36.2650262292077 -78.5227089738816,36.2650942277528 -78.5228889740756,36.2651432270845 -78.5230379742674,36.2651962265624 -78.5231809744845,36.2652602260941 -78.5233139747428,36.2653422257144 -78.5235569753135,36.2655312251186 -78.5238569760633,36.2657822244279 -78.524014976423,36.2659002240291 -78.5241459766917,36.2659862236693 -78.5242829769505,36.2660672232707 -78.5244299771808,36.2661352227962 -78.524571977359,36.2661832222938 -78.5247059774962,36.2662162217891 -78.5248419776142,36.2662412212558 -78.5249799777104,36.2662572206912 -78.5251039777783,36.2662642201656 -78.5252279778311,36.2662652196249 -78.5253929778753,36.2662562188797 -78.5255569778938,36.2662372181139 -78.526041977863,36.2661472157641 -78.5263559778332,36.2660852142331 -78.5266659777762,36.2660132126944 -78.5272709776273,36.2658582096541 -78.5273859776127,36.2658342090897 -78.5279349775794,36.2657342064319 -78.5283969775359,36.2656442041799 -78.5284909775405,36.265631203735 -78.5287139775916,36.2656162027195 -78.528917977686,36.2656212018377 -78.5290459777755,36.2656362013144 -78.5291819779192,36.2656712008064 -78.5292479780018,36.2656932005727 -78.5294979783419,36.2657871997142 -78.5300279792015,36.2660401980311 -78.5306379801161,36.2663011960196 -78.531038980789,36.266500194768 -78.5311699810552,36.266583194405 -78.5312929813568,36.2666811941153 -78.5314049816823,36.2667901939018 -78.531444981863,36.2668541938892 -78.5314839824412,36.2670731942747 -78.5314839829854,36.2672851948131 -78.5314609838615,36.2676301957897 -78.5319519839731,36.267594193552 -78.5320189840755,36.2676231933329 -78.5322389850932,36.2679831932872 -78.5324289857854,36.268221193063 -78.532958987225,36.2686931919517 -78.5332869880763,36.2689691912244 -78.5341879884936,36.2689821873273 -78.5364909894536,36.2689741772607 -78.5366859895393,36.2689751764126 -78.5439669927996,36.2690351448088 -78.5441919929248,36.2690461438563 -78.5444169930207,36.2690461428749 -78.5446409930842,36.2690341418663 -78.5448669931192,36.2690111408201 -78.5450899931155,36.2689741397501 -78.5452799930788,36.2689301388055 -78.5454639930074,36.2688741378554 -78.5456529928818,36.2687971368281 -78.5458319927089,36.2687041358021 -78.5459479925574,36.2686291350982 -78.5460579923843,36.2685471344019 -78.5462699920185,36.2683771330282 -78.5463969917692,36.2682641321756 -78.5466179913096,36.2680581306667 -78.5473679896593,36.2673271254573 -78.5475519892944,36.2671631242188 -78.5477469889578,36.2670081229555 -78.5479409886795,36.2668751217545 -78.5481439884233,36.2667491205323 -78.5483509881819,36.2666281193054 -78.5486439878727,36.2664691176009 -78.5489419875809,36.2663161158899 -78.5493729871828,36.2661041134387 -78.5504759861674,36.2655651071697 -78.5508539858708,36.2654001050721 -78.5510409857119,36.2653141040224 -78.5512199855223,36.2652181029809 -78.5513819853013,36.2651131019897 -78.5516219850892,36.2650001006347 -78.5520309846956,36.2647960982939 -78.5529019839063,36.2643810933577 -78.553157983676,36.2642600919085 -78.5540479828404,36.2638280868368 -78.5551819818262,36.2632990804251 -78.5556149814228,36.2630920779613 -78.5562929807033,36.2627370740176 -78.5566019803791,36.2625770722239 -78.5569789800273,36.2623980700787 -78.5573619796934,36.2622250679223 -78.5574289796549,36.2622020675647 -78.5582469812714,36.2626750652447 -78.5589509826033,36.2630590631893 -78.559308983248,36.2632420621121 -78.5596479838365,36.2634070610702 -78.5599929844002,36.2635620599754 -78.5603099848815,36.2636910589334 -78.5606329853407,36.263811057841 -78.5609609857745,36.2639210566998 -78.5613519862529,36.2640380553013 -78.561953987231,36.2643040533848 -78.5622599877704,36.264454052452 -78.5624219880748,36.2645400519764 -78.5628989890165,36.2648090506207 -78.5640679912361,36.265434047211 -78.5646269922736,36.2657230455568 -78.5650659930422,36.2659330442122 -78.5652819934369,36.2660420435669 -78.5654909938489,36.2661580429718 -78.565689994294,36.2662870424568 -78.5658429946784,36.2664010421021 -78.5663529960152,36.266800040974 -78.566522996504,36.2669480406402 -78.5667079970844,36.2671260403242 -78.5668779976846,36.2673130400992 -78.5669889981445,36.2674590400189 -78.5670869986191,36.267612040015 -78.567274999577,36.2679220400538 -78.5675140007561,36.2683020400652 -78.5679230027136,36.2689300400255 -78.5680930034998,36.2691810399821 -78.5682710042731,36.2694260398877 -78.5684640050336,36.269664039709 -78.5687170059005,36.2699300393476 -78.5694230082214,36.2706360382425 -78.5698620096941,36.2710840375837 -78.5701490107103,36.2713950372051 -78.5704300117338,36.2717090368622 -78.5707700130343,36.2721100365078 -78.5714340156601,36.272921035899 -78.5717210167414,36.2732520355832 -78.5718510172951,36.2734240355026 -78.5719350177245,36.2735600355204 -78.5720780185176,36.2738130356114 -78.572132018876,36.2739290357034 -78.5721510190688,36.2739930358009 -78.5722400204444,36.274457036719 -78.5722530208359,36.2745910370392 -78.572249021205,36.274720037419 -78.5722220219342,36.2749780382605 -78.5722010230399,36.2753660394411 -78.5722070236006,36.2755600399601 -78.5722230240597,36.275717040332 -78.5722500245212,36.2758730406537 -78.5722890249626,36.2760200408984 -78.5723850258227,36.2763030412793 -78.5725440270764,36.2767120417432 -78.5726270278132,36.2769540420659 -78.5727040285474,36.2771960424146 -78.5727640292016,36.2774130427665 -78.573057032907,36.2786490449836 -78.5732020346573,36.279231045999 -78.5732830355632,36.279531046496 -78.5733740364658,36.279828046942 -78.5734800373015,36.2800990472507 -78.5737770394452,36.2807890479223 -78.5738420402382,36.2810520483855 -78.5736570420216,36.2817030510126 -78.5735320431249,36.2821080526886 -78.5730660481426,36.2839340598204 -78.5730150487289,36.2841470606373 -78.5729720493107,36.2843570614115 -78.5729430499028,36.2845680621288 -78.5729270504819,36.2847720627709 -78.5729240510679,36.2849760633577 -78.5729370517693,36.2852170639805 -78.5729690528097,36.2855720648433 -78.5729980533588,36.2857570652406 -78.57307405447,36.2861280659618 -78.5731070547305,36.286212066058 -78.5729690547689,36.2862520667568 -78.5728140548295,36.2863030675587 -78.5726540549419,36.2863730684352 -78.5725040550943,36.2864550693027 -78.5724480552069,36.2865050696811 -78.5723990553377,36.2865600700437 -78.5723220556082,36.2866690706769 -78.572243056027,36.2868300714645 -78.5722060563254,36.2869410719334 -78.5720970577245,36.2874490738225 -78.5720790581196,36.2875900742947 -78.5720770586502,36.2877750748227 -78.5720960595378,36.2880800755987 -78.5722640645973,36.289806079736 -78.5722930654397,36.2900930804199 -78.572367067957,36.2909530825241 -78.5724730678989,36.290911081959 -78.573184068092,36.2908320787383 -78.5732320691699,36.2911960795608 -78.573259069999,36.2914780802411 -78.5733200715523,36.2920040814655 -78.5736700717652,36.2920050799949 -78.5743140721373,36.2920000772697 -78.5751140726058,36.2919960738905 -78.575076071766,36.291714073253 -78.5763690703676,36.2909670656883 -78.5768610726645,36.2916560655703 -78.5778500771483,36.2929900652016 -78.5779370775222,36.2931000651491 -78.5792780836132,36.2949010646567 -78.5799570866235,36.295783064334 -78.5801720876276,36.2960790642813 -78.580800090388,36.2968830639587 -78.581277092582,36.2975250638079 -78.5835570904979,36.2963270508377 -78.5838200908866,36.2964020499545 -78.5842800915963,36.2965430484387 -78.5865480951152,36.297240040983 -78.5872720962391,36.297461038603 -78.5893580994975,36.2981000317642 -78.5890500969142,36.2973060307296 -78.5889470960346,36.2970350303683 -78.5894730960547,36.2969300278645 -78.5893410949188,36.2965800273931 -78.589586094936,36.2965340262346 -78.5903000950275,36.2964140228987 -78.5906050950248,36.2963490214332 -78.5909540950405,36.2962810197745 -78.5919700950751,36.2960800149353 -78.5928600951001,36.2959030106911 -78.594635095155,36.2955540022324 -78.5954080951698,36.2953999985402 -78.5972750952134,36.2950329896307 -78.5966700883418,36.2929109858613 -78.5970080884398,36.2928759843363 -78.5982030888238,36.2927649789816 -78.5987380889265,36.2926929765172 -78.5993210890946,36.2926329738862 -78.5999080893139,36.2925889712859 -78.6001230894069,36.2925769703457 -78.6004210922559,36.2934409716806 -78.6007390931149,36.2936559709894 -78.6014170943756,36.2939289689622 -78.6018240951372,36.2940939677498 -78.6018540949635,36.2940319674376 -78.6020390938214,36.2936269654437 -78.6023860916905,36.292871961715 -78.6033280926509,36.2929969581317 -78.6034110922066,36.2928379573034 -78.6036170909804,36.292403955128 -78.6036920904807,36.2922289542844 -78.6046070916649,36.2924319510475 -78.6052940925608,36.2925859486237 -78.6046310961328,36.2938589552612 -78.604341097854,36.2944679583186 -78.6039631001034,36.29526496231 -78.6039461002579,36.2953179625413 -78.6036181015814,36.2958089653961 -78.6023111068573,36.2977739767765 -78.6017961087232,36.2984829810553 -78.6048421122587,36.2989819698723 -78.6049621134178,36.2993279704196 -78.6045171137999,36.2995439729243 -78.6043061139887,36.2996489741193 -78.6036101143433,36.2999099778015 -78.6041391169835,36.3006449778221 -78.6042921175998,36.3008099776853 -78.6044221179922,36.3009079774418 -78.6047111186596,36.3010599767018 -78.6055091205474,36.3014929747019 -78.6060131217347,36.3017639734337 -78.6064461230735,36.3020979726527 -78.607280126141,36.3028949716212 -78.6081141282745,36.3033919696845 -78.6081191284416,36.3034439698222 -78.6085901296535,36.3037259687351 -78.6086521298822,36.3037849686589 -78.6084111301853,36.3039339701089 -78.6082141304522,36.3040619713127 -78.6082281310884,36.3042609718613 -78.6079361316285,36.3044969737856 -78.6067191344027,36.3056509823135 -78.6065671347128,36.3057839833435 -78.6065671348194,36.3058179834467 -78.6067221349161,36.3058139827962 -78.6074851354632,36.305816979663 -78.6078631357642,36.3058279781397 -78.6086591362433,36.3058019747823 -78.6086921364651,36.3058649748385 -78.6087991371237,36.3060499749623 -78.6088881376217,36.3061879750171 -78.6089851381129,36.3063219750269 -78.6091421388078,36.3065069749457 -78.609312139484,36.3066829747839 -78.6094921401615,36.3068569745753 -78.609683140822,36.3070229742975 -78.6098931414776,36.3071829739237 -78.6101201420953,36.3073269734314 -78.6102031423034,36.3073739732343 -78.6110981450336,36.3080329715783 -78.6112121454361,36.3081339714203 -78.6114761479301,36.3088599725651 -78.6076931453751,36.3089229882605 -78.6076741427676,36.3080979858273 -78.6065781420453,36.3081199903913 -78.6065991485703,36.3101959966091 -78.6077921554382,36.3120999975271 -78.6079111555749,36.3121149970876 -78.6079491556349,36.3121249969632 -78.6082521558755,36.3121289957401 -78.6107291578312,36.3121579857312 -78.6103571565197,36.3118319862496 -78.6116951578124,36.3119229810719 -78.6122311581799,36.3119119788522 -78.6141111594734,36.3118749710713 -78.6141571601975,36.3120909715504 -78.6142191610553,36.3123449720818 -78.6142581622696,36.3127159730682 -78.6138261629508,36.3130319758023 -78.6134791630061,36.313131977523 -78.6128771627205,36.3131859801394 -78.6125931625744,36.3132079813628 -78.612550166206,36.3143599850813 -78.6125141694956,36.3154029884355 -78.6124971720744,36.3162179910111 -78.6112831712248,36.3162499960254 -78.6112841730268,36.3168179977637 -78.6112871755947,36.3176270002333 -78.6098201745025,36.3176500062307 -78.6092941741068,36.3176570083771 -78.6080631731888,36.3176760134083 -78.6069751730149,36.3178960184723 -78.606038172867,36.3180870228356 -78.6062631771604,36.3194000259113 -78.6063201782374,36.3197290266801 -78.6060741778565,36.3196710274947 -78.6059181776362,36.3196410280319 -78.6055141771341,36.3195850294891 -78.6054281802352,36.3205990329067 -78.6054081810131,36.3208530337564 -78.6053531833034,36.3216000362396 -78.6052441879456,36.3231140412609 -78.6067231891752,36.323112035333 -78.6074291897589,36.3231100325002 -78.6096431915994,36.3231070236263 -78.6097721933186,36.3236170246691 -78.6099211958207,36.3243690263731 -78.6091071956091,36.3245200300865 -78.6089881946159,36.3242370296981 -78.6061301928894,36.3244560417844 -78.6061101928787,36.3244580418703 -78.6059091962525,36.3255900461056 -78.606323197891,36.326000045699 -78.6058161987676,36.3264190489894 -78.604977200207,36.3271110544243 -78.5999731989227,36.3280990772843 -78.5988641986312,36.3283190823449 -78.5988822000933,36.3287890836766 -78.5988612004072,36.3288970840823 -78.5986552002352,36.3289000849082 -78.5978321995606,36.3289160882196 -78.5978742043126,36.3304520926285 -78.5979872169903,36.334548104386 -78.5979952178421,36.3348231051739 -78.596641220104,36.3359711139007 -78.5966252208725,36.3362271147238 -78.5962392213249,36.3364931170253 -78.5959282216934,36.3367091188837 -78.5951152228328,36.3373331239131 -78.5947442233541,36.3376191262097 -78.5946432235144,36.3377031268528 -78.5942952240858,36.3379991290873 -78.5942782242157,36.3380471292956 -78.5937192275561,36.3393211352385 -78.5920662373913,36.3430951527768 -78.5919872378669,36.3432781536206 -78.5917912411746,36.3444361577821 -78.5915462409727,36.3444501587696 -78.5908962404693,36.3444981614211 -78.5899992398154,36.3445781651199 -78.5900012409552,36.3449561662184 -78.5900122455237,36.3464701706072 -78.5900142482138,36.3473631732131 -78.5900212544974,36.3494481792888 -78.5900252562896,36.350042181012 -78.5900382606592,36.3514891851976 -78.5900452636138,36.3524681880365 -78.5900512653572,36.3530451897025 -78.5900592660762,36.3532811903629 -78.5900582682939,36.354018192524 -78.5900582704765,36.3547431946462 -78.5900612715154,36.3550871956417 -78.5900682732932,36.3556751973363 -78.5900652756713,36.3564661996631 -78.5900862769346,36.3568782007897 -78.5901512799897,36.3578692034453 -78.5902312820534,36.3585252050644 -78.5904212856982,36.3596652076878 -78.5904882870175,36.3600782086458 -78.5905452881119,36.3604202094337 -78.5906792905292,36.3611722111345 -78.5907642923106,36.3617312124545 -78.5905612918585,36.3616572129986 -78.5876842865503,36.3609672217751 -78.5807172738287,36.3592992431459 -78.5790492708687,36.3589202483432 -78.5761652657799,36.3582672573558 -78.5679552510656,36.356273282773 -78.5668342492381,36.3560582864191 -78.5618342401632,36.3547533017725 -78.5613182376589,36.3540553018201 -78.558086231801,36.3531883117446 -78.5573492301885,36.3528883137357 -78.5560772273851,36.3523603171512 -78.5560462279883,36.3525913178935 -78.5558902283543,36.352784319009 -78.5557002285462,36.3529273201185 -78.5556302289229,36.3530913208276 -78.5555222301965,36.3535963226014 -78.5553322307357,36.3538663240521 -78.5553192309636,36.3539543243389 -78.5553122315579,36.3541733249561 -78.5552502321261,36.3544043258146 -78.5552512331546,36.3547783268194 -78.5552982339607,36.3550533273827 -78.555271234231,36.3551623277791 -78.5551492347174,36.3553873288483 -78.5551282350408,36.3555133292676 -78.5551622363298,36.3559693303682 -78.5551832368662,36.3561563307929 -78.5551832382231,36.3566503321249 -78.5550602392505,36.3570733337303 -78.5549252397672,36.3573153348926 -78.5548082398065,36.3573763354989 -78.5545372396907,36.3574423367002 -78.5543602397516,36.3575353376189 -78.5541572399947,36.3577053388427 -78.5535802417049,36.3585623433225 -78.5531582425419,36.3590393461929 -78.5529892426714,36.3591553471405 -78.5523292429862,36.3595393506538 -78.5519762429996,36.3596883523807 -78.5516452431535,36.359880354139 -78.5513252435878,36.3601713561196 -78.5511352440466,36.3604183574932 -78.5509382442878,36.3605883586869 -78.5506522443556,36.3607313601424 -78.5500822455611,36.3614123640959 -78.5498462461886,36.3617423658592 -78.5497222465248,36.3619183667921 -78.5494032477511,36.3625053695478 -78.5493202483974,36.3627793705866 -78.5493482499885,36.3633563720154 -78.5493952505935,36.3635603723819 -78.5494502521539,36.3641143736492 -78.5494432530379,36.3644443745525 -78.5491992543865,36.3650473770648 -78.5490292559563,36.365701379435 -78.5489532572936,36.3662293811198 -78.5489122585199,36.3667013825253 -78.5489402592355,36.366954383093 -78.5489472607419,36.3675093845406 -78.5489052618451,36.36793638583 -78.5488022630058,36.3684113874725 -78.5485942627796,36.3684183882615 -78.5484992626946,36.3684283886399 -78.5483872626192,36.3684493891105 -78.5482772625676,36.3684783895948 -78.5481032625052,36.3685313903797 -78.5479082624663,36.3686023912898 -78.5475562624517,36.3687513929875 -78.5468642625012,36.3690743964023 -78.5467112625052,36.3691433971506 -78.5465972624882,36.3691873976884 -78.5464802624515,36.3692253982215 -78.5463462623892,36.3692613988121 -78.5462092623126,36.3692933994032 -78.5460702622122,36.3693173999805 -78.5459422621006,36.3693324004934 -78.5458132619691,36.3693404009915 -78.545487261596,36.3693454022102 -78.5452902613384,36.369336402915 -78.545114261087,36.3693204035238 -78.5448412606727,36.3692864044441 -78.5441752595851,36.3691744066133 -78.5439872592933,36.3691484072406 -78.5438272590666,36.3691344077958 -78.5435672587242,36.3691214087236 -78.5434672586031,36.3691204090909 -78.5428712579241,36.3691304113219 -78.5421832570937,36.3691244138514 -78.5411672559463,36.3691454176647 -78.5402802549119,36.3691514209616 -78.53928025372,36.3691484246531 -78.5386522529397,36.3691344269401 -78.5387522542591,36.3695924277552 -78.5388362552847,36.3699454283583 -78.5389292563188,36.370297428926 -78.539031257359,36.3706474294558 -78.539151258479,36.3710194299766 -78.5392572594096,36.3713254303786 -78.5394332608952,36.3718104309872 -78.5395962621929,36.3722294314737 -78.5399712650034,36.3731254324198 -78.5401882666861,36.3736644330226 -78.5403282678102,36.3740264334493 -78.5405272695081,36.3745784341545 -78.5408082721498,36.3754494353907 -78.5409392735039,36.3759014360877 -78.5410372745039,36.3762344365962 -78.538523268937,36.3752974433551 -78.5343742598312,36.3737524545816 -78.5309962523735,36.3724494636701 -78.5284942468955,36.371485470442 -78.5275502448603,36.3711304730273 -78.5273142443542,36.3710424736762 -78.5270672445877,36.3712514751114 -78.525586245926,36.3724864836575 -78.525001246465,36.3729814870444 -78.5242962471526,36.3735954911646 -78.5241912472584,36.3736884917816 -78.5237932476742,36.3740474941354 -78.5234062480938,36.3744034964395 -78.5230242485274,36.3747634987334 -78.5218542499134,36.3758945058181 -78.5213642505187,36.3763805088105 -78.5211732501477,36.3763265093745 -78.521028249881,36.3762915098176 -78.52074824942,36.3762455107266 -78.5206142492243,36.3762335111863 -78.5203442488579,36.3762205121405 -78.520176248645,36.3762185127491 -78.5198392482552,36.3762295140071 -78.5190702474296,36.3762805169412 -78.5187772470915,36.3762905180358 -78.5184402466669,36.3762875192591 -78.5179212459874,36.3762725211178 -78.5171772450196,36.3762535237886 -78.5167282444172,36.376234525382 -78.5157462430549,36.3761745288225 -78.5152412423836,36.376155530621 -78.5144812413947,36.3761355333486 -78.5137102404191,36.3761265361433 -78.513197239753,36.3761135379859 -78.5123482386013,36.3760715409861 -78.511517237453,36.3760215439018 -78.5103812360344,36.3760155480381 -78.5104262464316,36.3803105581823 -78.5104502513792,36.3823525629966 -78.5104592537555,36.3833345653212 -78.5104822590809,36.385533570517 -78.510498262712,36.3870325740581 -78.510510264657,36.387833575938 -78.5105072668592,36.3887495781478 -78.5105292697378,36.3899325809094 -78.5105552757321,36.3924065867568 -78.5105822817287,36.3948805926016 -78.5105932843939,36.3959805952041 -78.5106112882832,36.3975845989925 -78.5106032888815,36.3978375996281 -78.5106182900686,36.3983216007378 -78.5106542982924,36.4017136087579 -78.5106963077221,36.4056016179502 -78.5107633230607,36.4119246329086 -78.5108113344081,36.416601643982 -78.5108433410756,36.4193466504696 -78.5108753484172,36.4223706576288 -78.5108973547555,36.4249846638373 -78.5109073557578,36.4253936647869 -78.5109253597659,36.4270436686927 -78.510957368761,36.4307516774993 -78.5109833731214,36.4325416817165 -78.5110133798027,36.4352906882268 -78.5110453871978,36.4383336954384 -78.5110513884867,36.4388636966932 -78.5110653918281,36.4402386999539 -78.5110803951691,36.4416127032092 -78.5110903978647,36.442722705846 -78.5110983991792,36.4432617071164 -78.5111094018527,36.4443617097262 -78.5111424092082,36.4473857168929 -78.511156412549,36.4487597201527 -78.5111864192375,36.4515087266693 -78.5111984222594,36.4527517296212 -78.5112034232508,36.4531587305844 -78.511221427264,36.4548077344943 -78.5107064301931,36.4564147399675 -78.510621430682,36.4566827408764 -78.509677436018,36.4596297508803 -78.5094204374675,36.4604337536014 -78.5080484451402,36.4647207680699 -78.5077904465655,36.4655237707744 -78.50736144894,36.4668637752768 -78.5072054498055,36.4673527769163 -78.5039304676154,36.4775798110094 -78.503157471736,36.4799898189827 -78.5030544722944,36.4803158200547 -78.5018814784898,36.4839738321038 -78.5016384797773,36.484736834605 -78.5015274803538,36.4850808357361 -78.5013564812551,36.4856168374918 -78.500926483497,36.486956841883 -78.5010084838028,36.4870148417791 -78.5012034844227,36.4871068414251 -78.5015214854179,36.4872498408318 -78.5015944859066,36.487393840956 -78.5016124862297,36.4875158411891 -78.501694486707,36.4876468412569 -78.5017654871522,36.4877738413474 -78.5019234876616,36.4878508410675 -78.5020834880722,36.4878838406787 -78.5022894884824,36.4878758400597 -78.5024534887278,36.4878348394856 -78.5026494889034,36.487735838682 -78.5028464890032,36.4876038377976 -78.503041489216,36.4875218370364 -78.5031964894231,36.4874728364691 -78.5033584898401,36.4875068360767 -78.5035274903683,36.4875818357605 -78.5036884910402,36.487724835628 -78.5039104923302,36.4880758358082 -78.5040584931223,36.4882808358606 -78.5041894942501,36.4886428363332 -78.5042754959079,36.48926883756 -78.5042594963018,36.4894498380335 -78.5041844964563,36.4895818385627 -78.5040194964196,36.4897128393504 -78.5037344963878,36.4899528407427 -78.503151496009,36.4903118432777 -78.502657495758,36.4906468454958 -78.5024184956496,36.4908148465821 -78.5023434957733,36.4909348470808 -78.5023424961373,36.4910908474497 -78.5024304965785,36.491199847451 -78.5025494971417,36.4913328474192 -78.5027724978117,36.4914178469743 -78.5032634990499,36.4915038457576 -78.5037245001688,36.4915658445716 -78.5041495011838,36.4916158434616 -78.5043675019274,36.491735843115 -78.5044755024154,36.4918458430628 -78.5044965028875,36.4920268434295 -78.5044625032976,36.4922308440092 -78.5043785038049,36.4925208449359 -78.5043455045781,36.4928778458736 -78.5042395055882,36.4934008474128 -78.5042335062695,36.4936948481236 -78.5042005096602,36.4951608516767 -78.5041535097839,36.4952558520354 -78.5037085113801,36.4963368558567 -78.5035205116691,36.4966308570861 -78.5034475118631,36.4967798576453 -78.5033845121374,36.4969538582346 -78.5032345121182,36.4970828589662 -78.5028945117344,36.4972308602839 -78.5026285115138,36.4973808613947 -78.5025555119131,36.4976178621593 -78.502466512179,36.4978128628706 -78.5023675125684,36.4980698637557 -78.5023125126303,36.4981468640929 -78.5021815125607,36.4982378646791 -78.5020595123604,36.4982648650895 -78.5017735116275,36.4982158657883 -78.5014045105727,36.4981058665807 -78.5011225096808,36.4979848671003 -78.5009285091474,36.497935867538 -78.5008095089442,36.4979588679306 -78.5007045089416,36.4980548684537 -78.5005965090094,36.4981838690623 -78.5005555091214,36.4982698693798 -78.5005825096325,36.498463869756 -78.5006915110213,36.4989578705998 -78.5007485119315,36.4992948712252 -78.5008515128322,36.4995848716106 -78.500953513897,36.4999458721651 -78.5013065155239,36.5006338711483 -78.5014275163196,36.5010948707028 -78.5014905167915,36.5013848704602 -78.5015325171866,36.501647870283 -78.5015105174174,36.5018888702911 -78.5014625175526,36.50209587038 -78.5014005175859,36.5022408705218 -78.5011445175531,36.5026918711394 -78.5006345172139,36.5033518724184 -78.5004455171531,36.5036518728779 -78.5002205170717,36.5040008734253 -78.5000105168677,36.5042158739612 -78.4996205167866,36.5045398752546 -78.498498516406,36.5053178790357 -78.4983245162913,36.505390879633 -78.4982295162414,36.5054418799564 -78.4980735161516,36.5055188804891 -78.4979305160892,36.5056068809729 -78.4978625160872,36.505672881197 -78.4978285161494,36.5057608812955 -78.4977745162771,36.5059258814457 -78.497720516322,36.5060188816136 -78.4976385163485,36.5061238818773 -78.4974885164345,36.5063488823515 -78.4973465164858,36.5065358828066 -78.4973055165326,36.506617882931 -78.4972575165599,36.5066898830826 -78.4972035165608,36.5067448832596 -78.4971085165271,36.5068108835785 -78.4970065164657,36.5068598839263 -78.496911516401,36.5068988842519 -78.4968225163488,36.506942884555 -78.496700516302,36.507024884965 -78.4966055162805,36.507101885281 -78.4965785162825,36.507130885369 -78.4963095162426,36.5073678862584 -78.4959655160768,36.5075708874204 -78.4955615158134,36.5077498887997 -78.4950385154512,36.5079638905889 -78.4949015154093,36.5080668910453 -78.4948545155236,36.5082158911726 -78.4948945156923,36.5083238910037 -78.4949505158615,36.5084158907827 -78.4950425160669,36.5085028904361 -78.4952135163652,36.508590889811 -78.4954225166635,36.5086398890622 -78.4956125168682,36.5086258883965 -78.4957955170158,36.5085688877663 -78.4960795171416,36.5083898868111 -78.4962595171862,36.5082458862131 -78.4964535173574,36.5081988855412 -78.4966615175858,36.5081878848109 -78.4968105178283,36.5082488842705 -78.4968845180376,36.5083568839827 -78.4968785181461,36.5084578839786 -78.4968105182685,36.5086338841741 -78.4967695183283,36.508727884295 -78.4967085183889,36.5088428844811 -78.4965655184865,36.5090738849267 -78.4964235185655,36.5092878853728 -78.4963145186951,36.5095128856997 -78.4962805187627,36.5096068857956 -78.4962535188749,36.5097328858589 -78.4961995190307,36.5099248860003 -78.4961855191022,36.5100018860301 -78.4961925192859,36.5101558859666 -78.4961785194131,36.510281885984 -78.4961785195203,36.5103758859602 -78.4962135197357,36.5105288857985 -78.4962405198552,36.5106058856842 -78.4963965203016,36.5108368850776 -78.4964715204901,36.5109248847919 -78.4965465207152,36.5110448844982 -78.4966285209497,36.5111658841798 -78.4966765211135,36.5112598839876 -78.4967175212863,36.5113688838162 -78.4967785216222,36.5115998835441 -78.4968195218271,36.5117368833659 -78.4968675220221,36.5118578831671 -78.496928522245,36.51198988292 -78.4970585226308,36.5121928824132 -78.4971195228414,36.512313882169 -78.4971465229489,36.5123798820579 -78.497282523575,36.5127858814799 -78.4973645238922,36.5129778811447 -78.4974055240669,36.5130878809737 -78.4974875244854,36.5133678806169 -78.497548524886,36.5136538803324 -78.4976305253107,36.5139388799747 -78.4976515254436,36.514032879878 -78.4977055256848,36.5141868796509 -78.4977465258083,36.5142518794913 -78.4977805259569,36.5143458793491 -78.4977805261074,36.5144768793168 -78.4977535262394,36.5146198793761 -78.497726526268,36.5146728794575 -78.4976115262225,36.5147528798401 -78.4974175260307,36.5147878805102 -78.497134525705,36.5147988814976 -78.4969555255459,36.5148468821119 -78.4965965252663,36.5149778833349 -78.4957175244967,36.5152258863464 -78.4942725233632,36.5157548912617 -78.494021523231,36.5159048920998 -78.4937945231249,36.5160528928542 -78.4937425231559,36.5161358930141 -78.4937505234471,36.5163858929205 -78.4938005239006,36.5167348926545 -78.4938285243648,36.5171168924566 -78.4938575247278,36.5174078922793 -78.4938155249012,36.5176068923736 -78.4937155250471,36.5178438926601 -78.4936015251508,36.5180588930011 -78.493487525152,36.5181828933658 -78.493322525091,36.5183068939082 -78.4930745248357,36.5183478947616 -78.492746524389,36.518304895916 -78.492528524123,36.5183038966759 -78.4922265237371,36.5182868977329 -78.4917275231364,36.5182918994705 -78.491347522618,36.5182409008086 -78.4910495221438,36.5181399018748 -78.4906905215127,36.5179639031743 -78.4904135210371,36.5178379041747 -78.4902495207364,36.5177459047719 -78.490209520523,36.5175969049525 -78.4901795203296,36.5174549050964 -78.4900775200955,36.5173549054798 -78.4899545198638,36.5172799059297 -78.4898105196974,36.5172869064302 -78.4896785196504,36.5173889068623 -78.4896205197314,36.5175259070265 -78.4895995199344,36.5177329070421 -78.4894315199656,36.5179459075684 -78.4889825196707,36.51817290907 -78.4887855194898,36.5182259097416 -78.488579519245,36.5182309104582 -78.4880885186071,36.5181929121802 -78.4876555181184,36.5182269136796 -78.4871635175449,36.5182489153879 -78.4866275168786,36.51823491726 -78.4862545163713,36.5181849185745 -78.4860315160215,36.5181119193731 -78.4858385156432,36.5179789200848 -78.4856605152445,36.517809920755 -78.4856025150044,36.5176529210035 -78.4856405148688,36.5174849209204 -78.4858055148737,36.5173049203976 -78.485940514868,36.5171489199724 -78.4859255147416,36.517048920054 -78.4858675145189,36.5169079202978 -78.4856745141539,36.5167859210073 -78.4854665138759,36.5167609217407 -78.4850865135437,36.5168779230326 -78.484899513346,36.5169039236776 -78.484556512904,36.5168779248825 -78.4842585125303,36.5168649259265 -78.4839445122146,36.5169239270048 -78.4837655120488,36.5169709276154 -78.4835715119686,36.517114928249 -78.483570512083,36.5172229282198 -78.4836585123702,36.5173919278618 -78.4837615127144,36.5175969274406 -78.4838195130428,36.5178379271657 -78.4837745131554,36.5179939272756 -78.4836395131072,36.5181019277136 -78.4834745129711,36.5181619282706 -78.4830425124828,36.5181959297659 -78.4825055118541,36.5182179316308 -78.4820285113491,36.5182879332716 -78.4818195110814,36.518274934004 -78.4814175105021,36.5181889354317 -78.4809715098191,36.518054937028 -78.4805245091987,36.5179809386094 -78.4802415088417,36.5179679396 -78.4799875086586,36.5180869404479 -78.4797325086511,36.5183749412453 -78.4795965087247,36.5186029416468 -78.479669509129,36.5189039412969 -78.4797715095438,36.5191809408538 -78.4798605098297,36.5193499404904 -78.4798295098936,36.5194469405676 -78.4796655097426,36.5194939411234 -78.4794125094074,36.5194689420119 -78.4788165086262,36.5194179441025 -78.4786225084393,36.5194659447623 -78.4779325081678,36.5200159469852 -78.4774915079252,36.5203029484255 -78.4770725076721,36.5205549497998 -78.476712507514,36.5208299509606 -78.4762095074844,36.5214019525191 -78.4757915074345,36.5218549538199 -78.4756265073446,36.5219659543556 -78.4754565072279,36.5220569549152 -78.4752215070194,36.5221369557039 -78.4749485067616,36.5222149566249 -78.4744665062838,36.522330958258 -78.4741275057779,36.5222459594628 -78.4738205052367,36.5220869605821 -78.4736155048473,36.5219529613391 -78.473502504581,36.521827961774 -78.4734935044695,36.5217289618391 -78.4735555044273,36.5216119616638 -78.4735455043227,36.5215209617296 -78.4734845041633,36.5214379619698 -78.4734495039803,36.5212999621386 -78.4733575038001,36.5212339624807 -78.4732035036014,36.5212249630186 -78.4730485034176,36.5212319635546 -78.4729045032404,36.5212319640548 -78.4727855032524,36.521388964414 -78.4728465034832,36.5215429641491 -78.4729065037209,36.5217049638851 -78.4728625038242,36.5218609639841 -78.4728715039779,36.5220019639043 -78.472824504037,36.5221179640275 -78.4727515040305,36.5222009642522 -78.4726095039236,36.5222689647214 -78.4725525039237,36.522338964895 -78.4724805038931,36.5223969651246 -78.4723155037261,36.5224339656842 -78.4719455032661,36.5224319669683 -78.4715125027662,36.5224679684576 -78.4712715024418,36.5224419693026 -78.4711015022053,36.5224159699014 -78.4708905019522,36.5224239706305 -78.4707665019016,36.5225269710243 -78.4704985017133,36.5226709719029 -78.4703865017878,36.5228849722155 -78.4702925021773,36.5233929723614 -78.4701255020702,36.5234939729042 -78.4700885021068,36.5235769730028 -78.4701385024009,36.523809972747 -78.4703425028832,36.5240389719594 -78.470644503648,36.5244279707764 -78.4707505039542,36.5246019703483 -78.4707915041203,36.5247169701659 -78.4708195043961,36.5249579699841 -78.4707595044818,36.5251189701349 -78.4706835045264,36.5252589703482 -78.4703975045626,36.525654971197 -78.4702035044733,36.5258099718124 -78.4700835043345,36.5258219722228 -78.4699505040948,36.5257489727083 -78.469921503938,36.5256279728516 -78.4699975037948,36.5253879726743 -78.4700505036463,36.5251719725678 -78.4700225034073,36.5249669727375 -78.4698745030421,36.5247859733138 -78.4695775024295,36.524542974428 -78.4689995013482,36.5241799765586 -78.4686435005813,36.523852977909 -78.4684355001438,36.5236719786947 -78.4682874998758,36.5235869792382 -78.4681544996985,36.5235749797032 -78.4681044996412,36.5235799798746 -78.4678544993704,36.5236209807257 -78.4669144984441,36.5238699838903 -78.4665704981199,36.5239769850421 -78.46634649798,36.5241199857649 -78.4662024979007,36.5242229862253 -78.4661214978862,36.5243119864727 -78.4658804979119,36.5246479871819 -78.4655504977428,36.5248989882301 -78.4652164975571,36.5251389892955 -78.4651284975513,36.5252469895594 -78.465100497613,36.5253469896187 -78.4650844977399,36.5254989896171 -78.4651214978599,36.5255749894607 -78.4651974980201,36.5256419891729 -78.4654114983732,36.5257289884009 -78.4656114986603,36.5257659876959 -78.46589949906,36.5258049866863 -78.4661714994184,36.5258219857401 -78.4665284998758,36.5258309845032 -78.4668565003007,36.5258439833651 -78.4672885008456,36.5258459818717 -78.467616501247,36.5258349807424 -78.4679595016328,36.525788979574 -78.4681865018432,36.5257129788171 -78.4683615020305,36.5256799782243 -78.4684545021355,36.5256679779072 -78.4686265023752,36.5256919773042 -78.4687645026117,36.5257559768042 -78.4690325031404,36.5259499758084 -78.4692085036478,36.5262389750967 -78.4693105042181,36.5266849745847 -78.4692635045402,36.5270699746089 -78.469186504729,36.5273589747709 -78.4689755048774,36.5277789753477 -78.4687765049294,36.5280869759228 -78.4683805050339,36.5287029770647 -78.4682105051218,36.5290119775382 -78.4679965053624,36.5295339780853 -78.4678055056303,36.5300549785528 -78.4677045059978,36.5305609787157 -78.4675885062523,36.5309719789643 -78.4675065064048,36.5312349791499 -78.467427506657,36.5315959792892 -78.4673485067669,36.5318119794814 -78.467277506787,36.5319259796833 -78.4670755067758,36.5321809802829 -78.4668745066715,36.5323399809139 -78.4667455065408,36.5323769813427 -78.4665755063278,36.5323839819231 -78.4663905061042,36.5323999825517 -78.466232505933,36.532433983081 -78.4660755058408,36.5325479835771 -78.4656635056629,36.5329139848535 -78.4653175054508,36.5331579859482 -78.4650495052462,36.533305986811 -78.464564504795,36.5334909884029 -78.464164504384,36.5336039897302 -78.4639945041861,36.5336279903033 -78.4637475038516,36.5336139911545 -78.4635215035329,36.5335879919384 -78.4631525029366,36.5334659932489 -78.4625595019002,36.5331869953874 -78.4622365013612,36.5330609965428 -78.4620955010852,36.5329629970639 -78.4619625008121,36.5328569975607 -78.461865500656,36.5328249979056 -78.4617105004628,36.5328329984338 -78.4614275001217,36.5328599993934 -78.4610034995459,36.5328320008577 -78.4604944988177,36.5327590026311 -78.4599114979528,36.5326420046759 -78.4594644972206,36.5324780062736 -78.4593234969578,36.5323920067913 -78.4591704966347,36.5322580073693 -78.4591564964699,36.5321010074798 -78.4590954962547,36.5319550077473 -78.4590284960945,36.5318760080086 -78.4588544958112,36.5318130086309 -78.4586584956385,36.5318990092691 -78.4585164955651,36.5320170097091 -78.4584124955229,36.5321160100263 -78.4583554955767,36.5322530101668 -78.4583804956974,36.532348010043 -78.4585484961017,36.5325490093863 -78.4586424963799,36.5327170089968 -78.4587074966737,36.532942008684 -78.4587374969214,36.5331660084916 -78.4587004969899,36.5332910085684 -78.4585964970095,36.5334570088582 -78.4584524969015,36.5335420093174 -78.458250496705,36.5336130099808 -78.4579874964429,36.5336990108469 -78.4576594961905,36.5338870118942 -78.4575564961092,36.5339440122237 -78.4573864959258,36.5339850127891 -78.4572834957686,36.5339600131519 -78.4570884954446,36.5338840138503 -78.4568734950495,36.5337590146373 -78.4566014945411,36.5335910156372 -78.4563864941615,36.5334820164181 -78.4562094938609,36.5334050170559 -78.4560094935617,36.5333620177587 -78.455854493409,36.5334150182679 -78.4555124933131,36.5337960192823 -78.4553374933712,36.5341090197522 -78.4553264934747,36.5342380197366 -78.4552524936466,36.5345320198683 -78.455165493887,36.5349200200054 -78.4551024939788,36.5351110201418 -78.4549354940737,36.5354550205701 -78.4549084941522,36.5355800206106 -78.4549074942647,36.5357050205621 -78.4549584944492,36.5358340203344 -78.4551974950548,36.5361540193856 -78.4554504957135,36.5365110183744 -78.4555564960166,36.5366900179388 -78.4557044964861,36.5369900173102 -78.4558184968627,36.5372370168198 -78.4559594973925,36.5376120161849 -78.4559994976508,36.5378360159566 -78.4560244978334,36.5379990158045 -78.4560154979902,36.5381830157597 -78.4559934980793,36.5383120157817 -78.4559364981329,36.5384530159179 -78.4557304981672,36.5387890164812 -78.455581498143,36.5389790169102 -78.4555254981252,36.5390410170753 -78.4553654980256,36.5391650175686 -78.4552004978398,36.5392020181148 -78.4550614976275,36.5391720186002 -78.4546614969769,36.5390420200154 -78.4544404966666,36.5390240207751 -78.4543114965132,36.5390440212058 -78.4541254963139,36.5390970218167 -78.4539604961659,36.5391760223451 -78.4538214960515,36.5392540227855 -78.4536914959869,36.5393740231775 -78.4535404959917,36.5396020235954 -78.4534414960313,36.5397920238522 -78.4533944961039,36.539942023949 -78.4533884962006,36.5400580239206 -78.4534184963381,36.5401660237732 -78.4534744965222,36.540287023532 -78.4535484966979,36.5403720232448 -78.4536454969036,36.5404560228799 -78.4537784971457,36.5405270223982 -78.4539534974298,36.5405820217806 -78.4544104981114,36.5406590201959 -78.4546524984855,36.540714019351 -78.454862498835,36.5407890186065 -78.4551394993028,36.5408950176218 -78.4552634995183,36.5409490171783 -78.4554584998108,36.5409830165021 -78.4558785004298,36.5410440150508 -78.4562525009764,36.5410930137607 -78.4564785013182,36.5411350129762 -78.4567355017404,36.5412190120694 -78.4570225022271,36.5413290110504 -78.4571865025091,36.5413960104665 -78.4572995027228,36.5414630100558 -78.4574175029775,36.5415670096132 -78.4574885031544,36.5416550093366 -78.4575395033072,36.5417460091268 -78.4575545034088,36.5418340090403 -78.4575335034768,36.5419380090695 -78.4574865035125,36.5420450091856 -78.4573955034611,36.5421220094631 -78.4571735032951,36.5422660101575 -78.4570695032425,36.5423610104716 -78.4569925032116,36.5424400107005 -78.4569105031941,36.5425410109374 -78.4597225069588,36.5425090014182 -78.4601095074763,36.5425040001083 -78.4633095117595,36.5424679892745 -78.4647325136628,36.5424509844569 -78.4654155145658,36.5424319821486 -78.466783516372,36.5423919775256 -78.4678085177268,36.5423639740607 -78.4687735190005,36.5423359707991 -78.4690535193691,36.542326969853 -78.4702025208864,36.5422949659686 -78.4715695226892,36.5422549613475 -78.4732785249431,36.5422059555693 -78.4736205253949,36.5421969544127 -78.475330527648,36.5421469486307 -78.4756715280982,36.5421379474772 -78.4787485321508,36.5420489370708 -78.479090532602,36.5420399359137 -78.4796145332909,36.5420239341416 -78.4809235350135,36.5419859297137 -78.4821735366604,36.5419519254842 -78.4851105405248,36.5418689155464 -78.4863015420917,36.5418359115158 -78.4880215443525,36.5417869056947 -78.4893965461604,36.5417489010403 -78.490085547065,36.5417288987082 -78.4904285475164,36.5417198975469 -78.4911165484194,36.5416998952181 -78.491460548872,36.5416908940533 -78.4921485497749,36.5416708917242 -78.4924925502274,36.5416618905594 -78.49318055113,36.5416418882302 -78.4938855520564,36.5416228858429 -78.4945565529359,36.5416028835712 -78.4949005533881,36.5415938824062 -78.4955885542902,36.5415738800766 -78.4959325547424,36.5415648789115 -78.4983265578817,36.541496870804 -78.501140562337,36.5414058623658 -78.5018115636675,36.5413808607341 -78.5021615643628,36.5413688598827 -78.5035585671335,36.5413168564843 -78.5039075678269,36.5413048556349 -78.5053055706003,36.5412528522323 -78.5056545712938,36.5412408513825 -78.5070515740658,36.5411888479807 -78.5074015747616,36.541176847128 -78.5087985775342,36.5411248437245 -78.5091475782281,36.5411128428738 -78.5105455810034,36.5410608394661 -78.5108945816974,36.5410488386151 -78.5154325909047,36.5410558275269 -78.5171515943916,36.5410578233268 -78.5192375986247,36.5410618182301 -78.5195845993281,36.5410618173823 -78.5209756021501,36.5410638139838 -78.5223656049711,36.5410668105878 -78.5227136056765,36.5410668097376 -78.5241036084964,36.5410688063417 -78.5247936098973,36.5410708046559 -78.5251356105906,36.5410708038204 -78.5261616126736,36.5410738013138 -78.5265036133669,36.5410738004783 -78.5275296154499,36.5410767979718 -78.5278716161432,36.5410767971363 -78.5288976182261,36.5410797946299 -78.5292396189194,36.5410797937944 -78.5306076216967,36.5410837904526 -78.53094962239,36.5410837896171 -78.5319756244729,36.5410867871108 -78.5323176251662,36.5410867862754 -78.5330396266318,36.5410887845118 -78.5349416304914,36.5410927798657 -78.535737632107,36.5410947779214 -78.5360796328003,36.541094777086 -78.5372806352389,36.5410987741526 -78.5401846411305,36.5411037670594 -78.540868642519,36.5411057653889 -78.5412106432122,36.5411057645534 -78.542236645295,36.5411087620477 -78.5425786459882,36.5411087612123 -78.5436046480709,36.5411117587066 -78.5439466487641,36.5411117578712 -78.5449726508458,36.5411137553654 -78.5456566522343,36.541115753695 -78.546682654316,36.5411177511893 -78.5494186598676,36.5411237445077 -78.5524966661124,36.541129736991 -78.5531806674998,36.5411307353206 -78.5545486702756,36.5411337319801 -78.555575672361,36.5411377294729 -78.5586556786124,36.5411467219531 -78.5600226813879,36.541151718616 -78.5620746855526,36.5411577136065 -78.5645996906777,36.5411657074429 -78.5648116911074,36.5411657069251 -78.5657936931005,36.5411687045281 -78.5661806938867,36.5411707035838 -78.5665226945799,36.5411707027486 -78.5668646952749,36.5411727019142 -78.5716537049938,36.5411866902252 -78.5784957188782,36.5412066735274 -78.578837719573,36.5412086726934 -78.5843137306847,36.5412246593313 -78.5846577313818,36.5412246584914 -78.5894767411597,36.5412386467339 -78.5936137495533,36.5412506366413 -78.5960507544968,36.5412566306958 -78.6053227733058,36.5412816080791 -78.605989774659,36.5412836064525 -78.6076917781109,36.541287602301 -78.6093947815657,36.541292598148 -78.6121177870887,36.541299591507 -78.620629804352,36.5413205707492 -78.6209698050409,36.5413205699194 -78.6230248092092,36.5413265649094 -78.6247218126669,36.5413535607932 -78.6260058152834,36.5413745576799 -78.6305938246301,36.5414485465586 -78.6306448247334,36.5414485464342 -78.6330888297179,36.5414975405224 -78.6372408381844,36.5415815304852 -78.6374828386772,36.5415855298994 -78.6496418634513,36.5418235005355 -78.6548658740785,36.5419084879152 -78.657438879311,36.5419494817012 -78.6588528821854,36.5419704782852 -78.6609758865014,36.5420034731594 -78.6620368886585,36.5420204705989 -78.6623838893624,36.5420234697582 -78.6630768907695,36.5420314680819 -78.6635318916926,36.5420354669797 -78.6641348929443,36.5420904655848 -78.6644918936793,36.5421124647452 -78.6648268943617,36.5421204639407 -78.6651788950819,36.5421344631029 -78.6666128979889,36.5421444596275 -78.6671248990243,36.5421434583806 -78.6679069005992,36.5421304564604 -78.6689489027026,36.5421214539129 -78.6692999034072,36.5421114530452 -78.67036190555,36.542100450446 -78.671141907159,36.5421564486257 -78.6718449085857,36.5421644469267 -78.6724659098404,36.5421614454118 -78.6745819141168,36.5421524402514 -78.6750089149791,36.5421494392083 -78.6756079161905,36.5421484377497 -78.6759499168814,36.5421464369148 -78.6823489298141,36.5421184213051 -78.682835930799,36.5421174201187 -78.683476932094,36.5421134185531 -78.6839109329747,36.5421184175046 -78.68450393417,36.5421094160481 -78.685462936108,36.5421044137071 -78.6858719369351,36.5421034127104 -78.6875829403933,36.5420954085347 -78.6877099406503,36.5420954082257 -78.6896359445431,36.542086403525 -78.6912679478421,36.5420793995426 -78.6913459479995,36.5420783993512 -78.6933989521496,36.5420693943409 -78.6951099556082,36.5420613901641 -78.6964789583762,36.5420563868243 -78.6971659597664,36.5420563851523 -78.6999119653223,36.5420543784661 -78.703344972268,36.5420513701061 -78.7036889729637,36.5420503692671 -78.7050619757418,36.5420493659239 -78.705748977132,36.5420493642519 -78.7060919778257,36.5420483634154 -78.7067779792139,36.5420483617458 -78.7071219799096,36.5420473609068 -78.7078079812978,36.5420473592373 -78.7081519819935,36.5420463583983 -78.7088379833817,36.5420463567287 -78.7102109861594,36.5420443533836 -78.7108979875496,36.5420443517116 -78.7164509987807,36.5420283381675 -78.7174930008875,36.5420233356222 -78.7185360029949,36.542014333067 -78.7199270058062,36.5420043296626 -78.7209700079137,36.541995327107 -78.7213170086152,36.5419933262586 -78.7220130100216,36.5419873245531 -78.7227080114264,36.5419823228518 -78.7242760145948,36.5419683190082 -78.7299530260788,36.5419513051542 -78.7330510323462,36.5419422975937 -78.7337390337377,36.5419392959127 -78.737984042326,36.5419272855526 -78.7397460458903,36.541920281248 -78.7404340472817,36.5419162795645 -78.7414660493685,36.5419092770372 -78.7438730542363,36.5418942711447 -78.7442170549317,36.5418912703007 -78.745249057019,36.541885267775 -78.7485160636264,36.5418642597742 -78.7490330646719,36.5418602585065 -78.753528073844,36.5418342587136 -78.7545540759428,36.5418292594626 -78.7549120766749,36.5418262597212 -78.758027083047,36.5418082619896 -78.7587190844625,36.5418032624916 -78.759145085339,36.5418242628507 -78.760015087114,36.5417962634367 -78.7601030872939,36.5417952634998 -78.7651430976059,36.5417662671725 -78.7671061016226,36.5417542686021 -78.7697941071232,36.541738270561 -78.7746361170385,36.5417522741759 -78.7758311194853,36.541754275065 -78.7775641230339,36.5417602763605 -78.7822441326163,36.5417732798521 -78.7850551383715,36.5417802819474 -78.7860491404066,36.5417832826892 -78.7881361446796,36.5417942842556 -78.7888321461045,36.5417972847767 -78.791295151147,36.5418112866267 -78.7916181518082,36.5418122868677 -78.7930101546579,36.5418202879132 -78.7941061569007,36.5417932886744 -78.7944601576251,36.5417852889217 -78.7962721613339,36.5417402901806 -78.7990221669642,36.5417642922617 -78.8034901761103,36.5418032956412 -78.810020189474,36.5418603005763 -78.8103631901759,36.5418623008337 -78.8165502028337,36.541916305505 -78.8168942035375,36.5419183057629 -78.8185882070025,36.5419333070415 -78.8189562077555,36.5419343073154 -78.8199872098647,36.5419393080863 -78.8206742112702,36.5419413085978 -78.8210182119739,36.5419433088556 -78.8217062133815,36.5419453093677 -78.8220492140831,36.5419473096248 -78.8227372154907,36.5419493101369 -78.8230812161943,36.5419513103946 -78.8237682175998,36.541953310906 -78.8241122183034,36.5419553111637 -78.8247992197089,36.541957311675 -78.8251432204125,36.5419593119327 -78.8261742225217,36.5419623127001 -78.8272052246307,36.541966313469 -78.8275492253343,36.5419683137266 -78.8282372267417,36.5419703142386 -78.8285802274432,36.5419723144955 -78.8292682288506,36.5419743150074 -78.8296122295541,36.541976315265 -78.8302992309594,36.5419783157762 -78.830643231663,36.5419803160338 -78.8313302330683,36.5419823165449 -78.8316742337718,36.5419843168025 -78.8327052358807,36.5419873175695 -78.8330492365841,36.5419893178271 -78.8337362379894,36.5419913183381 -78.8340802386928,36.5419933185956 -78.8347682401001,36.5419953191074 -78.8351112408015,36.5419973193642 -78.8361432429123,36.5420003201318 -78.8364862436137,36.5420023203885 -78.8371742450209,36.5420043209002 -78.8375172457223,36.5420063211569 -78.8382052471294,36.5420083216686 -78.8385492478328,36.542010321926 -78.8395802499415,36.5420133226927 -78.8399242506448,36.5420153229501 -78.8406112520499,36.542017323461 -78.8409552527532,36.5420193237183 -78.8419862548618,36.542022324485 -78.8423302555651,36.5420243247423 -78.8433612576736,36.5420273255089 -78.8437052583769,36.5420293257662 -78.8443922597819,36.542031326277 -78.8447362604852,36.5420333265342 -78.8457672625936,36.5420363273007 -78.8461112632968,36.542038327558 -78.8471422654052,36.5420413283244 -78.8474862661084,36.5420433285816 -78.8481732675133,36.5420453290922 -78.8488542689067,36.5420443295939 -78.8495352702999,36.5420443300971 -78.8498752709957,36.5420433303468 -78.8512372737826,36.5420413313502 -78.8519182751757,36.5420413318534 -78.8522582758716,36.5420403321032 -78.8536202786585,36.5420383331066 -78.8543002800496,36.5420383336091 -78.8546412807475,36.5420373338596 -78.8566832849259,36.5420343353641 -78.8573642863191,36.5420343358674 -78.8583852884084,36.5420323366189 -78.8597472911955,36.5420303376225 -78.8604282925887,36.5420303381258 -78.8607682932846,36.5420293383756 -78.8634912988567,36.5420253403822 -78.86417230025,36.5420253408855 -78.8651933023395,36.5420233416372 -78.8685973093054,36.5420183441459 -78.8692783106987,36.5420183446493 -78.8696193113967,36.5420173448999 -78.8743843211482,36.5420103484121 -78.8754103232468,36.5420113491718 -78.8760943246454,36.54201334968 -78.8764373253471,36.5420133499335 -78.877464327447,36.5420163506965 -78.8778063281467,36.5420163509493 -78.8788333302465,36.5420193517123 -78.8791763309482,36.5420193519658 -78.880203333048,36.5420223527287 -78.8805453337477,36.5420223529815 -78.8812303351482,36.5420243534903 -78.8815723358479,36.5420243537431 -78.8825993379476,36.5420273545059 -78.8829423386493,36.5420273547594 -78.883969340749,36.5420303555223 -78.8843113414487,36.542030355775 -78.8849963428491,36.5420323562838 -78.8853383435488,36.5420323565365 -78.8863653456484,36.5420353572992 -78.8867083463501,36.5420353575527 -78.8873923477484,36.5420373580606 -78.8877353484501,36.5420373583141 -78.8887623505497,36.5420403590768 -78.8891043512493,36.5420403593295 -78.8897893526497,36.5420423598382 -78.8901313533493,36.5420423600909 -78.8908163547497,36.5420443605995 -78.8911583554493,36.5420443608522 -78.8921853575488,36.5420473616148 -78.8925283582504,36.5420473618682 -78.8932123596487,36.5420493623761 -78.8935553603503,36.5420493626295 -78.8942403617506,36.5420513631381 -78.8945823624503,36.5420513633908 -78.8952673638505,36.5420533638993 -78.8956093645501,36.542053364152 -78.8966363666495,36.5420563649144 -78.8969783673491,36.542056365167 -78.8976633687493,36.5420583656756 -78.898006369451,36.542058365929 -78.8986903708491,36.5420603664367 -78.8990333715508,36.5420603666901 -78.8997173729489,36.5420623671978 -78.9000603736505,36.5420623674512 -78.9007443750486,36.5420643679589 -78.9010873757503,36.5420643682123 -78.90211437785,36.5420663689734 -78.9027993792501,36.5420683694818 -78.9031413799497,36.5420683697344 -78.9038263813498,36.5420703702428 -78.9041683820494,36.5420703704954 -78.9048533834495,36.5420723710037 -78.9051953841491,36.5420723712564 -78.9058803855492,36.5420743717647 -78.9062223862487,36.5420743720173 -78.9069073876488,36.5420763725257 -78.9072493883484,36.5420763727783 -78.9079343897484,36.5420783732866 -78.908276390448,36.5420783735392 -78.908961391848,36.5420803740475 -78.9093043925496,36.5420803743008 -78.9099883939475,36.5420823748083 -78.9110153960477,36.542083375568 -78.9117003974476,36.5420853760763 -78.9120423981472,36.5420853763289 -78.9127273995472,36.542087376837 -78.9130704002488,36.5420873770904 -78.9137544016466,36.5420893775978 -78.9147814037467,36.5420903783575 -78.9164864072279,36.5421003796276 -78.9168274079248,36.5421013798805 -78.9185324114057,36.5421113811504 -78.9188734121025,36.5421123814033 -78.9202374148872,36.542120382419 -78.9205784155839,36.5421213826719 -78.9219424183684,36.5421293836874 -78.9222834190652,36.5421303839403 -78.9236474218495,36.5421383849557 -78.9239884225463,36.5421393852085 -78.9253524253305,36.5421473862237 -78.9256934260272,36.5421483864765 -78.9270574288112,36.5421563874915 -78.9273984295079,36.5421573877442 -78.9287624322918,36.5421653887592 -78.9291034329885,36.5421663890119 -78.9301264350763,36.542172389773 -78.930467435773,36.5421733900256 -78.9318314385567,36.5421813910403 -78.9321724392533,36.5421823912929 -78.9331944413389,36.542188392053 -78.9335354420355,36.5421893923056 -78.9369784490762,36.5421893948465 -78.9373234497825,36.5421883951002 -78.9404214561177,36.5421883973864 -78.940766456824,36.5421873976401 -78.9435204624559,36.5421873996725 -78.9438644631601,36.5421863999255 -78.9466194687939,36.5421864019587 -78.9469634694982,36.5421854022116 -78.9494434745697,36.5421854040419 -78.9497174751309,36.5421844042432 -78.9521274800592,36.5421844060218 -78.9524724807656,36.5421834062756 -78.9545374849885,36.5421834077996 -78.9548804856908,36.5421824080519 -78.9569374898973,36.54218240957 -78.9572804905996,36.5421814098223 -78.9593364948041,36.5421814113397 -78.9596794955064,36.542180411592 -78.9617364997129,36.5421804131102 -78.961940500131,36.54217941326 -78.9637935039204,36.5421794146275 -78.9641355046206,36.5421784148792 -78.9658495081258,36.5421784161442 -78.9661925088281,36.5421774163966 -78.9679065123333,36.5421774176616 -78.9682495130356,36.542176417914 -78.9699635165408,36.542176419179 -78.9703065172432,36.5421754194314 -78.9716775200469,36.5421754204433 -78.9720205207493,36.5421744206957 -78.9737345242545,36.5421744219608 -78.9739425246808,36.5421734221136 -78.9754485277606,36.5421734232252 -78.9757905284609,36.5421724234769 -78.9771625312667,36.5421724244895 -78.9775045319671,36.5421714247413 -78.9788765347729,36.5421714257539 -78.9813255397881,36.5421644275568 -78.9816755405039,36.5421644278152 -78.9848245469529,36.5421554301337 -78.9851745476687,36.5421554303921 -78.9883195541099,36.5421464327081 -78.9886685548236,36.5421464329657 -78.990773559135,36.5421404345161 -78.9928335633513,36.5421374360351 -78.9945505668661,36.5421344373011 -79.0000455781084,36.5421264411568 -79.000388578773,36.5421264399733 -79.0010695800948,36.5421244376223 -79.0038225854337,36.5421204281205 -79.0041655860983,36.542120426937 -79.0048525874316,36.5421184245654 -79.0069105914223,36.5421154174624 -79.0072565920927,36.5421154162685 -79.0079425934239,36.5421134139004 -79.0100035974202,36.5421104067873 -79.0103465980848,36.5421104056037 -79.0110335994178,36.5421084032322 -79.0113766000823,36.5421084020487 -79.012403602074,36.542106398504 -79.0127476027405,36.542106397317 -79.0134346040734,36.5421043949455 -79.0141236054092,36.5421033925676 -79.0148086067364,36.542103390204 -79.0151506073999,36.5421023890234 -79.0158336087232,36.5421023866667 -79.0161746093847,36.5421013854896 -79.0173286116205,36.5421013815077 -79.0175406120321,36.5421003807758 -79.0185656140179,36.542100377239 -79.0189066146794,36.5420993760619 -79.0199316166653,36.5420993725251 -79.0202726173267,36.542098371348 -79.02095561865,36.5420983689914 -79.0212976193134,36.5420973678109 -79.0223216212972,36.5420973642776 -79.0226636219606,36.5420963630971 -79.0233466232838,36.5420963607404 -79.0236876239452,36.5420953595633 -79.0247116259291,36.54209535603 -79.0250536265924,36.5420943548496 -79.0257366279156,36.5420943524929 -79.0260776285769,36.5420933513158 -79.0271026305627,36.5420933477791 -79.027443631224,36.5420923466021 -79.0281266325472,36.5420923442454 -79.0284686332104,36.542091343065 -79.0294926351942,36.5420913395317 -79.0298346358574,36.5420903383512 -79.0305176371806,36.5420903359946 -79.0308586378419,36.5420893348176 -79.031541639165,36.5420893324609 -79.0318836398282,36.5420883312805 -79.032907641812,36.5420883277472 -79.0332496424751,36.5420873265668 -79.0339326437982,36.5420873242101 -79.0342736444594,36.5420863230332 -79.0349566457826,36.5420863206765 -79.0352976464437,36.5420853194996 -79.0359806477669,36.5420853171429 -79.0363226484299,36.5420843159625 -79.0370056497531,36.5420843136059 -79.0373466504142,36.5420833124289 -79.0383656523882,36.542083308913 -79.0387126530609,36.5420823077153 -79.039395654384,36.5420823053587 -79.039737655047,36.5420813041783 -79.0404206563701,36.5420813018216 -79.0407616570312,36.5420803006447 -79.0414446583542,36.5420802982881 -79.0417866590172,36.5420792971077 -79.0424696603403,36.5420792947511 -79.0428106610013,36.5420782935742 -79.0434936623244,36.5420782912176 -79.0438356629873,36.5420772900372 -79.0445186643103,36.5420772876806 -79.0448596649713,36.5420762865038 -79.0455426662944,36.5420762841471 -79.0465676682807,36.5420742806099 -79.0472496696018,36.5420742782567 -79.0475916702646,36.5420732770764 -79.0482746715876,36.5420732747198 -79.0486156722485,36.542072273543 -79.0492986735715,36.5420722711864 -79.0496406742344,36.5420712700061 -79.0503236755574,36.5420712676495 -79.0506646762182,36.5420702664726 -79.0513476775412,36.542070264116 -79.0523726795273,36.5420682605789 -79.0530556808502,36.5420682582223 -79.053396681511,36.5420672570455 -79.054079682834,36.5420672546889 -79.0544216834967,36.5420662535086 -79.0551046848196,36.5420662511521 -79.0561286868036,36.5420642476184 -79.0568116881265,36.5420642452619 -79.0571536887892,36.5420632440816 -79.0578366901121,36.542063241725 -79.0588606920959,36.5420612381915 -79.0595436934188,36.5420612358349 -79.0598846940795,36.5420602346581 -79.0605676954024,36.5420602323016 -79.061592697388,36.5420582287646 -79.0622756987109,36.542058226408 -79.0632997006945,36.5420562228745 -79.0639827020174,36.542056220518 -79.0650077040029,36.5420542169811 -79.0656907053257,36.5420542146245 -79.0667147073091,36.5420522110911 -79.0673977086319,36.5420522087346 -79.0684227106173,36.5420502051977 -79.0687637112777,36.5420502040212 -79.0691047119383,36.5420482028442 -79.0692927123023,36.5420492021958 -79.0700617137917,36.5420481995424 -79.0708127152461,36.5420481969513 -79.0718367172294,36.5420461934179 -79.0725197185521,36.5420461910614 -79.0728617192145,36.5420451898813 -79.0742277218599,36.542043185168 -79.0749107231826,36.5420431828115 -79.075251723843,36.5420421816349 -79.076276725828,36.5420411780983 -79.0769587271486,36.5420361757445 -79.0776417284709,36.5420301733873 -79.0779827291312,36.5420281722106 -79.0786647304515,36.5420221698568 -79.0790067311135,36.5420201686767 -79.0803717337556,36.5420091639661 -79.0807127344157,36.5420071627894 -79.0813907357278,36.5420011604496 -79.0817367363974,36.5419991592557 -79.0824187377171,36.5419931569022 -79.082759738377,36.5419911557256 -79.0834427396984,36.5419851533687 -79.0844667416796,36.5419781498354 -79.0851487429989,36.5419721474821 -79.0854897436586,36.5419701463055 -79.0861727449796,36.5419641439488 -79.0865137456392,36.5419621427722 -79.08719674696,36.5419561404156 -79.0875377476196,36.5419541392391 -79.0882197489383,36.5419481368859 -79.0885617495997,36.541946135706 -79.0892437509183,36.5419401333529 -79.0895847515777,36.5419381321765 -79.090267752898,36.54193212982 -79.0906087535574,36.5419301286436 -79.0912917548775,36.5419241262872 -79.0916327555368,36.5419221251108 -79.0923147568549,36.5419161227579 -79.0926567575161,36.5419141215781 -79.0933387588339,36.5419081192253 -79.0936797594931,36.5419061180489 -79.0943627608127,36.5419001156927 -79.0947037614718,36.5418981145164 -79.0953867627913,36.5418921121602 -79.0957277634503,36.5418901109839 -79.0964097647676,36.5418841086313 -79.0967517654285,36.5418821074516 -79.0974337667457,36.541876105099 -79.0977747674046,36.5418741039228 -79.0998227713595,36.5418570968585 -79.1001637720182,36.5418550956823 -79.1008467733368,36.5418490933265 -79.1011877739954,36.5418470921503 -79.1018697753119,36.541841089798 -79.1022117759724,36.5418390886184 -79.1032347779468,36.5418300850901 -79.1035767786072,36.5418280839106 -79.1042587799233,36.5418220815584 -79.1045997805817,36.5418200803824 -79.1052827818995,36.5418140780268 -79.1056237825578,36.5418120768508 -79.1061497835724,36.5418070750368 -79.1069887851916,36.5418010721433 -79.107670786507,36.5417950697914 -79.1080127871672,36.541793068612 -79.1090357891401,36.5417840650841 -79.1093777898001,36.5417820639047 -79.1100597911152,36.541776061553 -79.1104007917732,36.541774060377 -79.1114247937475,36.541765056846 -79.1117657944054,36.5417630556701 -79.1127897963794,36.5417540521392 -79.1131307970372,36.5417520509634 -79.1138137983536,36.5417460486084 -79.1141547990113,36.5417440474326 -79.1151788009847,36.5417350439019 -79.1155198016423,36.5417330427261 -79.1165438036153,36.5417240391956 -79.1173958052576,36.541718036258 -79.1179088062456,36.5417130344894 -79.1182498069031,36.5417110333137 -79.1192738088753,36.5417020297834 -79.1196148095327,36.5417000286077 -79.1206388115047,36.5416910250776 -79.120979812162,36.5416890239019 -79.1220038141336,36.5416800203719 -79.1223448147908,36.5416780191963 -79.1233688167621,36.5416690156664 -79.1237098174192,36.5416670144908 -79.1247338193901,36.5416580109611 -79.1250818200687,36.5416670097599 -79.1282168261788,36.5417389989394 -79.1285648268582,36.541747997738 -79.1317008329776,36.5418199869113 -79.1320488336579,36.5418289857096 -79.135531840463,36.5419089736816 -79.1358808411462,36.5419179724761 -79.138318845915,36.5419739640549 -79.1400718492863,36.5419509580122 -79.1407728506333,36.5419409555961 -79.1414738519811,36.5419319531798 -79.1467718621593,36.5418619349212 -79.1498368680924,36.541866924348 -79.1525948734321,36.5418719148336 -79.1550088781057,36.5418759065059 -79.1563878807753,36.5418779017487 -79.1584558847802,36.5418818946143 -79.1615588907885,36.5418868839094 -79.1651838977965,36.5418838714065 -79.1697659066442,36.5418728556058 -79.1725229119666,36.5418658460988 -79.1759149185121,36.5418558344031 -79.1776929219431,36.5418508282725 -79.1794159252689,36.5418468223313 -79.1818289299242,36.5418398140116 -79.1836289333968,36.5418348078055 -79.185440936886,36.5418258015598 -79.1863619386618,36.5418227983847 -79.1876989412369,36.5418167937762 -79.1881179420453,36.5418157923316 -79.1909279474559,36.5418027826463 -79.1923099501189,36.5417977778824 -79.1963609579213,36.5417817639193 -79.1982939616466,36.541775757256 -79.199525964015,36.5417687530109 -79.2050229745969,36.5417467340658 -79.2069289782644,36.5417387274973 -79.2088169818929,36.5417287209923 -79.2121339882634,36.5417097095652 -79.2130019899281,36.5417037065756 -79.2139059916582,36.5416957034632 -79.2146839931446,36.5416877007854 -79.2162089960612,36.5416736955355 -79.2184550003528,36.5416516878049 -79.2205120042843,36.5416326807246 -79.2218860069049,36.5416176759969 -79.224303011488,36.5415796676888 -79.2256840141048,36.5415576629425 -79.2274100173752,36.5415306570105 -79.2287900199903,36.5415096522677 -79.2329330278318,36.5414446380321 -79.2348170313941,36.5414146315599 -79.2379670373492,36.541365620739 -79.2401810415283,36.5413296131356 -79.2422480454147,36.541290606042 -79.2443150493013,36.5412525989486 -79.2449760505416,36.541239596681 -79.2456930518894,36.5412265942206 -79.2470710544764,36.5412005894929 -79.2481050564182,36.5411815859454 -79.2494830590035,36.5411555812184 -79.2503630593941,36.5411395791586 -79.2507040588659,36.5411385788831 -79.252963055465,36.5411705770269 -79.257506048621,36.5412335732976 -79.2606520438792,36.5412765707175 -79.2617000423012,36.5412915698579 -79.262749040719,36.5413055689983 -79.2630570402517,36.5413085687468 -79.2645000380317,36.5413105675773 -79.2662560353818,36.5413335661395 -79.2690620311101,36.5413555638531 -79.2693730306431,36.541360563598 -79.2711710279355,36.5413865621252 -79.2749720222134,36.5414425590129 -79.276938019251,36.5414705574046 -79.2770510190817,36.5414725573119 -79.2792570156719,36.5414695555303 -79.2805030137427,36.5414665545247 -79.2838290085957,36.5414595518398 -79.2855880058729,36.54145555042 -79.2940229928906,36.5414665435932 -79.2951619911364,36.5414675426717 -79.2978939869325,36.5414715404606 -79.2990259851891,36.5414725395448 -79.3069289730242,36.5414825331503 -79.3111659665037,36.5414885297221 -79.3146309611666,36.5414915269197 -79.3190719543289,36.5414965233274 -79.3223569492741,36.54150152067 -79.3245919458601,36.541515518858 -79.3270389421237,36.5415315168743 -79.3305349367832,36.5415535140412 -79.334143931261,36.5415725111188 -79.3375119260798,36.5415785083958 -79.3427369180432,36.5415885041717 -79.3431549173984,36.541588503834 -79.3434289169803,36.5415905036121 -79.3472669110738,36.5415965005101 -79.3531529017213,36.5414784957811 -79.3629098862266,36.5412834879243 -79.3642488841848,36.5412934868387 -79.3666988804436,36.5413094848531 -79.3726008714359,36.5413504800714 -79.3746698682793,36.5413654783957 -79.3863708504364,36.5414554689257 -79.3880088479414,36.5414694676009 -79.38931084596,36.5414814665481 -79.3915138426044,36.5415004647671 -79.3935708394716,36.5415184631046 -79.3956278363364,36.5415354614424 -79.3971538340112,36.5415484602096 -79.3980268326823,36.5415564595045 -79.4000748295628,36.5415744578506 -79.4007888284724,36.541579457274 -79.4073348183332,36.5415604519837 -79.4094078151203,36.541553450308 -79.4105408133661,36.5415504493921 -79.4110828125257,36.5415484489539 -79.4138998081631,36.5415404466766 -79.4180338017713,36.5415334433347 -79.4214567964979,36.5415364405688 -79.4254307903767,36.5415404373581 -79.4280397863416,36.5415354352486 -79.4298877834826,36.5415314337543 -79.4343067766156,36.5415074301769 -79.4381137707013,36.5414874270943 -79.4391517690877,36.5414814262535 -79.4402727673145,36.5414604253413 -79.4420327645538,36.5414384239117 -79.4431127628524,36.5414214230333 -79.4454187592332,36.5413914211587 -79.4460467582418,36.5413804206473 -79.4482537547026,36.5413154188404 -79.4503497513435,36.541254417123 -79.4518907488719,36.5412084158592 -79.4567237410526,36.5410304118771 -79.4580777388603,36.5409794107593 -79.4601277356988,36.5409784090957 -79.4629017314195,36.5409764068442 -79.4642377293564,36.5409744057594 -79.4651587279411,36.540976405013 -79.465511727395,36.5409754047261 -79.4657247270565,36.5409704045512 -79.4662917261867,36.5409724040919 -79.4680217235185,36.5409714026878 -79.4683447230186,36.5409704024253 -79.4696167210583,36.5409704013932 -79.4700557203797,36.5409694010365 -79.4713377184019,36.5409683999958 -79.4738197145707,36.5409653979805 -79.4766687101759,36.5409633956678 -79.4779267082331,36.540961394646 -79.4799797050651,36.5409593929791 -79.4823757013685,36.5409573910338 -79.4847796976557,36.5409533890808 -79.4898336898489,36.5409443849744 -79.4916486870459,36.5409413834998 -79.4940536833297,36.540936381545 -79.4955946809549,36.5409363802943 -79.496457679617,36.5409323795915 -79.4978316774937,36.5409293784745 -79.500506674661,36.5409253766657 -79.5022966764664,36.5409213764959 -79.5077146819272,36.5409083759813 -79.508087682305,36.5409083759464 -79.5096986839277,36.5409043757934 -79.511536685789,36.5409043756216 -79.5136366879065,36.5409003754228 -79.5136846862107,36.5401363749461 -79.513871679619,36.5371733730977 -79.5139996750628,36.5351323718248 -79.5141596692435,36.5325343702053 -79.5142926645928,36.5304623689135 -79.514465658405,36.5277153672016 -79.5145736544686,36.5259733661165 -79.5146896503279,36.5241443649771 -79.5148106459656,36.5222223637802 -79.5150176384572,36.5189253617276 -79.5150346378317,36.518651361557 -79.515258629661,36.5150803593347 -79.5153446265073,36.5137063584799 -79.5154026243951,36.5127873579082 -79.51555161892,36.5104103564299 -79.5157586113014,36.5071143543805 -79.5160246014497,36.5028723517441 -79.5160865991734,36.5018953511371 -79.5162755899212,36.4988743510361 -79.516379582845,36.4972253526153 -79.5165515710649,36.4944793552417 -79.5167965543678,36.4905853589583 -79.5168615498627,36.4895343599601 -79.5169655428001,36.4878863615292 -79.5171235319734,36.4853593639324 -79.5171895275017,36.484315364924 -79.5173245182261,36.4821493669796 -79.517344516916,36.4818433672696 -79.5174765079348,36.4797453692574 -79.5175515028076,36.4785473703914 -79.5176024992813,36.4777233711709 -79.517723491054,36.4758003729883 -79.5178884797924,36.4731673754733 -79.5179124781289,36.4727783758401 -79.5179294770645,36.4725293760745 -79.5179984722584,36.471405377134 -79.5180474689411,36.4706293778646 -79.5182584547314,36.4673043809913 -79.518360447609,36.4656373825572 -79.5185154370468,36.4631643848763 -79.5185674335284,36.4623403856481 -79.5186564274402,36.4609143869832 -79.5187914182848,36.4587693889888 -79.5189284089101,36.4565723910406 -79.5192733854802,36.4510783961582 -79.5193903774023,36.4491833979198 -79.5194453737719,36.4483313987104 -79.519579364671,36.4461954006918 -79.5196663587073,36.4447954019893 -79.5198183483247,36.4423574042458 -79.5198933433527,36.4411894053249 -79.5200133351672,36.4392664071009 -79.5201343269843,36.4373434088743 -79.5202343201218,36.4357304103608 -79.5203233141333,36.4343224116564 -79.5204433059558,36.4323994134246 -79.5206332931098,36.4293774161983 -79.520753284938,36.4274544179609 -79.5209602709373,36.4241584209762 -79.5211322592734,36.4214114234847 -79.5212002546079,36.4203124244873 -79.521304247614,36.4186644259887 -79.5215622301355,36.4145444297357 -79.5216872216075,36.4125334315615 -79.5217512173215,36.4115224324779 -79.5218022138283,36.410698433225 -79.5218882080047,36.4093244344693 -79.522164189385,36.4049294384414 -79.5222321847303,36.4038304394334 -79.5223011800811,36.4027324404232 -79.5225291646477,36.3990864437056 -79.5225941603108,36.3980614446264 -79.5227661486899,36.3953144470924 -79.5230521292646,36.3907204512073 -79.5231441231285,36.3892684525044 -79.523281113841,36.3870704544669 -79.5234021057185,36.3851474561807 -79.5235570952715,36.3826734583828 -79.5237030853507,36.380323460472 -79.5237630813546,36.3793764613123 -79.5238490755568,36.3780024625311 -79.52390007208,36.3771784632618 -79.5240040651247,36.3755294647218 -79.5240570615099,36.3746724654806 -79.5241070581703,36.3738804661808 -79.524175053536,36.3727814671527 -79.5243650407983,36.3697594698196 -79.5244160373213,36.3689344705473 -79.5245540280612,36.3667364724826 -79.5246050245857,36.3659114732089 -79.5247600141715,36.3634384753819 -79.5248110107019,36.3626144761056 -79.5249320026076,36.3606914777916 -79.5250179968253,36.3593174789952 -79.5250859921962,36.3582174799586 -79.5251379887299,36.3573934806791 -79.5251889852632,36.3565694813998 -79.5252939782525,36.3549024828554 -79.5253499744252,36.3539924836503 -79.5255449613514,36.3508824863605 -79.5257049506064,36.3483254885847 -79.5258419413726,36.346127490494 -79.525910936753,36.3450274914481 -79.5259689329624,36.3441244922297 -79.5259969309878,36.3436544926381 -79.5260659263698,36.3425544935906 -79.526133921756,36.3414554945422 -79.5263229090701,36.3384324971547 -79.5263619065329,36.3378274976759 -79.526442901003,36.3365094988139 -79.5266148894792,36.3337615011808 -79.526666886025,36.3329375018892 -79.5267518802646,36.3315635030711 -79.5268728722021,36.3296395047226 -79.5269258686235,36.3287855054556 -79.5269588664453,36.328265505901 -79.5270438606887,36.3268915070791 -79.5271468537824,36.3252425084907 -79.5271938506717,36.3244995091257 -79.5272328480292,36.3238685096656 -79.5273378410386,36.3221985110916 -79.5273918375665,36.3213685117979 -79.5274208354803,36.3208705122248 -79.5275248284791,36.3191975136514 -79.5275768250321,36.3183735143528 -79.5276278215804,36.3175485150555 -79.5276798181342,36.316724515756 -79.5277648123871,36.3153505169249 -79.5279028031934,36.3131515187913 -79.5279348010022,36.3126275192365 -79.5280057963049,36.3115035201887 -79.5280917905503,36.310126521355 -79.5281767848213,36.3087555225158 -79.5282117825243,36.3082055229803 -79.5282967767841,36.3068315241422 -79.5283317744919,36.3062825246052 -79.5283997698976,36.3051825255343 -79.5284347676059,36.3046335259967 -79.5284857641609,36.3038085266928 -79.5285207618697,36.3032595271548 -79.5286227549857,36.3016105285444 -79.5286747515474,36.3007865292371 -79.5287257481043,36.2999615299314 -79.5287867441,36.299001530737 -79.528811742372,36.2985875310856 -79.5288637389352,36.2977635317769 -79.5289487332036,36.2963895329304 -79.5290347274742,36.2950155340818 -79.5290697251817,36.2944655345417 -79.5291547194528,36.2930915356926 -79.5292067160187,36.2922675363812 -79.5292577125798,36.2914425370713 -79.5292927102927,36.2908935375292 -79.5293947034208,36.2892445389068 -79.5294297011345,36.288695539364 -79.5294806976973,36.2878705400524 -79.5295156954114,36.2873215405091 -79.529617688543,36.2856725418833 -79.5296526862536,36.2851225423402 -79.5297386805335,36.2837485434824 -79.5298406736686,36.282099544853 -79.5298756713846,36.2815505453079 -79.5299436668107,36.2804515462201 -79.5299946634791,36.279650546883 -79.5300466599502,36.2788025475866 -79.5300816576631,36.2782525480412 -79.5301836508036,36.2766035494065 -79.5302526462341,36.2755045503145 -79.5302706451762,36.2752495505228 -79.5303036428076,36.2746805509956 -79.5303386405219,36.2741305514489 -79.5304066359528,36.2730315523563 -79.5304416336676,36.2724815528091 -79.5305436268138,36.2708325541688 -79.5305786245335,36.27028355462 -79.5306636188244,36.2689095557513 -79.5306986165406,36.2683595562027 -79.5307496131176,36.2675355568804 -79.5307846108342,36.2669855573314 -79.5308696051278,36.26561155846 -79.5309046028493,36.2650625589094 -79.5309555994237,36.2642375595864 -79.5310585925792,36.262588560937 -79.5311095891591,36.2617645616118 -79.5311615857406,36.2609405622851 -79.5312295811759,36.2598405631849 -79.5313155754766,36.2584665643066 -79.5313665720585,36.2576425649794 -79.5314415671329,36.256454565947 -79.5315035629439,36.2554445667711 -79.5315215618048,36.255169566994 -79.5315895572482,36.2540705678893 -79.5316415538292,36.2532455685596 -79.5317135490044,36.2520815695065 -79.5318385405405,36.2500395711672 -79.5318625415954,36.2496715721839 -79.5316295413153,36.2496675724886 -79.5257045343148,36.2495335803379 -79.525583534173,36.249530580499 -79.5235595317777,36.2494865831761 -79.5218795298036,36.2494465854095 -79.5196065271262,36.2493945884252 -79.5184915258116,36.2493695899033 -79.5175705247348,36.2493465911316 -79.5097585155413,36.2491706014964 -79.5072335125783,36.2491126048519 -79.5071125124334,36.2491106050103 -79.5057035107796,36.249078606882 -79.5036435083521,36.2490346096103 -79.5024815070034,36.249004611166 -79.4957955129409,36.2488566240657 -79.4951785142548,36.2488386254884 -79.4910255229807,36.248744634974 -79.4894465262919,36.2487086385786 -79.4884535283769,36.2486846408489 -79.4840305376165,36.2485856509304 -79.481970541912,36.2485386556247 -79.4806815445949,36.2485096585596 -79.4783395494666,36.2484556638934 -79.4756445550579,36.248394670024 -79.466981572953,36.248197689705 -79.4646935776586,36.2481456948957 -79.4608505855422,36.2480587036065 -79.4586825899811,36.2480087085194 -79.4555025964749,36.2479367157171 -79.4459486158925,36.2477167373163 -79.4449716178687,36.2476947395208 -79.4426776224977,36.2476457446883 -79.4394736289589,36.2475717519145 -79.4382186314835,36.247543754741 -79.4321846435922,36.2474047683285 -79.4275036529404,36.2472997788482 -79.4244556590091,36.2472307856927 -79.4240796597573,36.2472217865378 -79.4105226865583,36.2469128169184 -79.4039036995331,36.2467628317111 -79.4027837017225,36.2467348342169 -79.402334702598,36.2467278352129 -79.3985507099737,36.2466418436556 -79.3945467177527,36.246549852582 -79.3942047184158,36.2465428533425 -79.3878907306254,36.2463988673968 -79.3792827471661,36.2462048865165 -79.3773837507976,36.2461598907325 -79.3762087530403,36.2461298933435 -79.3744097564749,36.246092897325 -79.3735577580981,36.246072899214 -79.3680157686311,36.2459479114833 -79.3653647736496,36.2458859173494 -79.3651107741317,36.2458819179083 -79.3589457857583,36.2457409315288 -79.3492198039734,36.2455189529715 -79.3469848081354,36.2454669578925 -79.3454048110824,36.2454359613624 -79.3447988122031,36.2454189626992 -79.342959815618,36.2453779667416 -79.3428868157528,36.2453759669025 -79.3406598198782,36.2453249717968 -79.3400198210653,36.2453119732008 -79.3387328234414,36.2452809760293 -79.3371858262982,36.2452459794252 -79.3327918343899,36.245145989064 -79.3253668479909,36.2449770053266 -79.3244758495956,36.2449480072844 -79.3233398516886,36.2449310097605 -79.3230028523018,36.2449230104978 -79.3155458658431,36.2447540267877 -79.3113098734919,36.244657036028 -79.3106768746338,36.2446430374075 -79.3053758841595,36.2445220489541 -79.3008808922025,36.244420058732 -79.2984448965483,36.244365064026 -79.293937904591,36.2442710738072 -79.2933519056066,36.2442510750827 -79.2909979097744,36.2441970801889 -79.2890799131597,36.2441520843476 -79.2874449160495,36.2441160878897 -79.2823809249552,36.244000098853 -79.2750339378015,36.2438321147325 -79.2727049418476,36.2437771197604 -79.2721859427621,36.2437681208794 -79.2690179482566,36.2436951277119 -79.2685629490465,36.2436851286927 -79.2659039536491,36.2436251344219 -79.2647929555645,36.2435991368148 -79.2610479620371,36.2435181448742 -79.2583859665935,36.2434541505992 -79.2579499673409,36.2434441515364 -79.2569799690479,36.2434311536199 -79.2511019793354,36.2433451662389 -79.2489779790529,36.2433131705385 -79.2422649645375,36.24321318325 -79.2401819600428,36.2431831871952 -79.2357579504916,36.2431171955764 -79.2338059462808,36.2430881992751 -79.2317849419279,36.243059203105 -79.2290819360982,36.2430182082282 -79.2237819246837,36.2429392182762 -79.2167279095075,36.242833231655 -79.2117808988886,36.2427612410407 -79.2108458968719,36.2427452428154 -79.2029448799114,36.2426242578138 -79.2000188736369,36.2425792633702 -79.1960238650785,36.2425182709583 -79.1917758559855,36.242453279029 -79.1901328524672,36.2424272821514 -79.1855698427163,36.2423582908238 -79.1815638341577,36.2422962984401 -79.1799788307757,36.2422723014539 -79.1762098227344,36.2422143086221 -79.170528810628,36.2421273194298 -79.1683498059899,36.2420943235761 -79.1650577989825,36.2420433298419 -79.1564747807177,36.2419053461865 -79.1553457783259,36.2418893483363 -79.1539947754797,36.2418743509072 -79.1529697733184,36.2418623528581 -79.1496607663392,36.2418223591575 -79.1463627593581,36.2417743654407 -79.1421037503569,36.2417143735556 -79.1346317346119,36.2416173877934 -79.1318517287565,36.2415803930926 -79.1283507213856,36.2415333997675 -79.1242657127844,36.2414764075588 -79.1182157000727,36.2413964190988 -79.1162836959932,36.241363422789 -79.1152676938808,36.2413564247239 -79.1142486917408,36.2413424266686 -79.1133516898707,36.241334428378 -79.1125476881921,36.2413264299107 -79.1122066874875,36.2413254305594 -79.0973416567479,36.2412694588468 -79.0766716137494,36.2410734982793 -79.0715226029863,36.2409955081294 -79.0713456026158,36.2409925084683 -79.068807597314,36.2409535133251 -79.0659215912873,36.2409085188494 -79.0560835707693,36.2407535376903 -79.0512005606024,36.2406765470464 -79.0474285527554,36.2406165542763 -79.0425025425248,36.2405415637179 -79.0416595407669,36.2405245653376 -79.0352895275493,36.2404235775557 -79.0322165211793,36.240374583452 -79.0303435172862,36.2403375870531 -79.0291035147305,36.2403245894267 -79.0231865024826,36.2402276007883 -79.0159114875275,36.2401586147143 -79.0119014792861,36.2401176223951 -79.0099204752155,36.2400966261907 -79.0069404690852,36.2400586319077 -78.9991704532167,36.2399596404213 -78.9940954434036,36.239895610907 -78.9937114426566,36.2398876086773 -78.9906434367209,36.2398475908374 -78.9888374332256,36.2398235803366 -78.9858944275319,36.2397865632232 -78.9842964244373,36.2397645539332 -78.9822544204854,36.23973854206 -78.9789034139972,36.2396945225777 -78.9737294039767,36.2396264924986 -78.9662543894933,36.2395274490469 -78.9654683879676,36.23951544448 -78.9629303830507,36.2394834297261 -78.9520323619211,36.2393403663855 -78.9505943591287,36.2393193580308 -78.9485473551374,36.2392793461503 -78.9458173498152,36.2392273303049 -78.9452173486158,36.2391973268449 -78.9446483475283,36.2392003235258 -78.9440783464134,36.2391873202202 -78.9420833425436,36.239162308626 -78.9413533411293,36.2391543043822 -78.9403363391446,36.2391342984807 -78.9393833372955,36.2391222929426 -78.9384243354332,36.2391092873707 -78.9370813328189,36.2390872795726 -78.9366083318928,36.2390762768302 -78.9346003279569,36.239027265191 -78.9339703267143,36.2390072615452 -78.9339223266123,36.2390012612729 -78.932936324676,36.2389752555605 -78.9325243238732,36.2389682531687 -78.9300233189885,36.2389192386585 -78.9290743171391,36.2389032331496 -78.9273563137705,36.238862223192 -78.9245783083514,36.2388132070696 -78.9228203049095,36.2387751968761 -78.9212563018586,36.2387481877991 -78.9196542987223,36.23871417851 -78.9188682971897,36.2387011739478 -78.9182002958854,36.2386891700718 -78.9131872860781,36.2385891409987 -78.9085232769514,36.2384971139508 -78.9064602729145,36.2384571019867 -78.9061392722955,36.2384561001183 -78.9058692717534,36.2384430985627 -78.9057082714385,36.2384400976289 -78.9054862709869,36.2384260963543 -78.9052252704903,36.2384290948301 -78.893048246552,36.2381420242918 -78.8918292441534,36.2381130172319 -78.8910362425945,36.2380950126381 -78.8886072378152,36.2380379985702 -78.8884762375557,36.2380339978128 -78.8849972307076,36.2379519776656 -78.8828992265774,36.2379029655161 -78.8823242254442,36.2378889621872 -78.880987222812,36.2378579544447 -78.8786922182895,36.2378029411576 -78.8758122126145,36.2377349244832 -78.8749432109028,36.2377149194514 -78.8745972102193,36.2377059174494 -78.8704062019568,36.2376068931874 -78.8688671989205,36.2375698842795 -78.8683751979514,36.2375588814306 -78.8671271954868,36.2375278742088 -78.8638521890261,36.2374508552522 -78.8635781884863,36.2374448536656 -78.8600711815623,36.2373608333701 -78.8579161773075,36.2373098208987 -78.8565411745953,36.2372788129394 -78.8518111652956,36.2371887855368 -78.8509021635106,36.237172780269 -78.8469751557877,36.2370987575196 -78.8438101495609,36.2370387391863 -78.8426711473106,36.2370127325955 -78.8386851394767,36.2369427095002 -78.8357651337286,36.2368876925881 -78.8333951290635,36.2368436788612 -78.8319671262512,36.2368166705913 -78.8313841251531,36.2368296671783 -78.8292891210089,36.236781655059 -78.828065118558,36.2367396480001 -78.8268291160897,36.2367006408669 -78.8259431142947,36.2366606357725 -78.8233051090038,36.2365676205649 -78.8193621010786,36.2364225978461 -78.819099100562,36.236418596322 -78.8185370994313,36.2363975930847 -78.8169330961926,36.2363325838534 -78.8161960947103,36.2363055796075 -78.8159920943032,36.23629957843 -78.8120840864342,36.2361535559225 -78.8074020770044,36.2359805289586 -78.8064490750846,36.2359455234704 -78.8035200691791,36.2358365066063 -78.8023320667836,36.2357924997664 -78.8023330629345,36.2340545025766 -78.8023330611376,36.2332435038851 -78.8023380556723,36.2307725079012 -78.8023340548313,36.2303965084847 -78.8023400494965,36.2279835124129 -78.8023420459443,36.2263785150142 -78.8023360434154,36.2252425168124 -78.8023480334442,36.2207315241603 -78.8023580323697,36.2202375250151 -78.8024140269478,36.2177395293684 -78.8025020189052,36.2140285358618 -78.8025160177353,36.213487536815 -78.8026380065127,36.2083075458705 -78.8027049986552,36.2046965520776 -78.8027109970824,36.2039805532665 -78.802812980809,36.1965335658563 -78.8028299778897,36.1951985681055 -78.8028349771433,36.1948565686854 -78.8028889682382,36.1907815755618 -78.8029289614805,36.1876895807731 -78.8029399598554,36.1869445820364 -78.8029469590782,36.1865865826532 -78.8030189508534,36.1827995891649 -78.8030259499879,36.1824015898459 -78.8030659454151,36.1802955934662 -78.803082942545,36.1789815956797 -78.8031149385863,36.1771605987949 -78.8032279269676,36.1717956080761 -78.8033089177108,36.1675286154055 -78.8033839091488,36.1635806221855 -78.8034219047417,36.1615486256711 -78.8034898970277,36.157989631783 -78.8034908969659,36.1579606318353 -78.8035198935702,36.156394634519 -78.8035708878448,36.1537516390593 -78.8036238817981,36.1509606438482 -78.8036338814035,36.1507716442082 -78.8036748759072,36.1482416485092 -78.8037388686977,36.1449116542252 -78.8037618660161,36.1436736563455 -78.8037968623377,36.141971659279 -78.8037908615791,36.141634659788 -78.8038508559852,36.1390386642983 -78.8038778532944,36.1377916664545 -78.8038738526421,36.1375006669006 -78.8038978502559,36.1363946688131 -78.8039168485096,36.1355836702231 -78.803951844573,36.1337636733449 -78.8039598435915,36.1333106741179 -78.8040828297555,36.1269116850903 -78.8041068271285,36.1256956871783 -78.8041418231133,36.1238386903576 -78.8041838181399,36.1215396942858 -78.8042178140351,36.1196426975231 -78.8042558096075,36.1175947010248 -78.8042708077527,36.116737702485 -78.8043068034667,36.114755705869 -78.8043447989855,36.1126827094098 -78.8043817945621,36.1106367129013 -78.8046267670132,36.0978707347533 -78.8046767607289,36.0949637396954 -78.8046867598414,36.0945497404148 -78.8047427596758,36.0944097409429 -78.8047937595724,36.0943037413892 -78.8048677595234,36.0941957419632 -78.8049837595841,36.0940887427628 -78.8051057597726,36.0940327435129 -78.8053127600421,36.0939147448224 -78.8052377593105,36.0936697448099 -78.8051247576971,36.0930687451635 -78.8050347563933,36.0925817454587 -78.8049677554434,36.0922287456633 -78.8048977547062,36.0919757456912 -78.8047517538089,36.0917387452828 -78.8046997534262,36.0916257451833 -78.8046547531431,36.0915497450623 -78.8044707522337,36.0913517443861 -78.8043377515919,36.0912157438861 -78.8041487506956,36.091029743164 -78.8040147501326,36.0909307425993 -78.8038687495032,36.0908157419956 -78.8036307485288,36.0906517409739 -78.8035517481775,36.0905847406551 -78.8032757467997,36.0902827396507 -78.8032157464683,36.0902027394555 -78.8031767462175,36.0901347393545 -78.8031397459342,36.0900497392917 -78.8031147456752,36.0899617392984 -78.8030707451083,36.0897567393912 -78.8030517446213,36.0895587396077 -78.8030837443321,36.0893907400511 -78.8031267442216,36.0892907404444 -78.8032187441469,36.0891497411681 -78.8032817441789,36.0890907416032 -78.8033797442857,36.0890247422384 -78.803496744435,36.088955742981 -78.8035997445923,36.0889067436158 -78.8037457448319,36.0888447445035 -78.803920745142,36.0887807455508 -78.8042347456675,36.0886517474527 -78.8043237458287,36.0886207479828 -78.8044877461527,36.0885757489401 -78.804630746427,36.0885327497808 -78.8047667467118,36.0885027505627 -78.8048997470199,36.088486751306 -78.8054727483801,36.0884327544843 -78.8056607488501,36.0884257555099 -78.8057567491376,36.088443755999 -78.8058867495942,36.0884987566122 -78.8059817499098,36.0885307570735 -78.8061647504591,36.0885657580048 -78.8063017508325,36.0885747587295 -78.8065797514995,36.0885517602664 -78.8068097520076,36.0885127615698 -78.8071197525993,36.0884177633945 -78.8072897528561,36.0883347644444 -78.8073797529217,36.0882587650515 -78.8074437529291,36.0881867655119 -78.8074857528994,36.0881237658392 -78.8075717527576,36.0879577665684 -78.8076097525005,36.0877957670324 -78.8076197522874,36.0876867672605 -78.8076087520046,36.0875707673866 -78.8075717516414,36.0874487673821 -78.8075337513612,36.0873657673099 -78.8074807510662,36.0872937671392 -78.8074017507149,36.0872267668204 -78.8073207503825,36.0871707664732 -78.8072287500303,36.0871187660603 -78.8071317496872,36.0870767656045 -78.8069347490171,36.0870037646592 -78.8068407487102,36.0869747641989 -78.8066027479492,36.0869087630215 -78.8064457474769,36.0868787622231 -78.8063067470754,36.0868597615042 -78.8059507460174,36.0867977596845 -78.8057427453887,36.086756758629 -78.8054027443014,36.0866627569471 -78.8051827435863,36.0865967558671 -78.8049277427761,36.0865287546019 -78.8046467418762,36.0864507532127 -78.804365740985,36.0863767518172 -78.8041617403528,36.0863297507933 -78.8033397378714,36.0861707466194 -78.8027247360274,36.0860577434874 -78.8024117351031,36.0860067418831 -78.8021447342646,36.085940740551 -78.8015887324903,36.0857907377974 -78.801208731265,36.0856827359247 -78.800765729816,36.0855477337565 -78.8003507284346,36.0854107317427 -78.8001837278899,36.085360730924 -78.7998127266421,36.0852327291331 -78.7994797254524,36.0850867275763 -78.7990687239415,36.0848877256857 -78.7986997226126,36.0847217239681 -78.7985037219427,36.0846497230297 -78.7983087213445,36.0846087220463 -78.7981187208217,36.0845957210444 -78.7978077200471,36.0846107193455 -78.7976067196523,36.0846677181705 -78.7972457190769,36.0848297159629 -78.796750718452,36.0851247128166 -78.7964177180941,36.0853507106546 -78.7954747169112,36.0859137046557 -78.7947557157263,36.0862157002878 -78.7943587149473,36.0863266979667 -78.7939977141899,36.0864056958918 -78.7935937132245,36.0864416936554 -78.7934257127059,36.0864046928106 -78.7932297120131,36.0863226918887 -78.7928527106074,36.0861326901687 -78.7925747095143,36.0859676889415 -78.7923857086628,36.0858076881858 -78.7922457078861,36.085624687732 -78.7921847074408,36.085497687612 -78.7921167070135,36.0853866874281 -78.7920827067693,36.0853176873583 -78.792020705912,36.0850096875304 -78.7919887052432,36.0847506877836 -78.7920357046373,36.0844286885658 -78.7920937041415,36.0841426893479 -78.7921197037389,36.0839346898295 -78.7921117033202,36.0837586900756 -78.7920877030362,36.0836606901074 -78.7920557027246,36.0835596901012 -78.7920177024629,36.083487690015 -78.7919587020967,36.0833936898519 -78.7918527015108,36.0832566895067 -78.7917887011858,36.0831866892774 -78.7917237008265,36.0831026890658 -78.7915987001727,36.0829576886317 -78.7914076992698,36.0827786878986 -78.7912896986724,36.0826506874745 -78.7910926976265,36.0824156868016 -78.7910276972554,36.0823266865985 -78.7909696968639,36.082220686461 -78.7908806961559,36.0820106863282 -78.7908246956585,36.0818556862823 -78.7907946952425,36.0817066863663 -78.7908106939063,36.0810986874534 -78.7908646935013,36.0808576881404 -78.7909716933031,36.0806466890627 -78.791128693254,36.0804436902403 -78.791683693109,36.0797376943827 -78.7918976930952,36.0794836959494 -78.7923046930795,36.0790046989215 -78.792948693076,36.0782547036091 -78.7930566930392,36.0781127044215 -78.7931346928764,36.0779497051073 -78.7931426927056,36.0778647052896 -78.7930866921614,36.0776887052778 -78.7929826915607,36.0775437049577 -78.7928696910853,36.0774647044812 -78.7926886904647,36.0774007036153 -78.7925536900668,36.0773817029224 -78.7923846896155,36.0773787020209 -78.792072688831,36.0773947003211 -78.7918756883559,36.0774136992333 -78.7917666881122,36.0774326986174 -78.7916716879212,36.0774586980651 -78.7915006875982,36.0775146970557 -78.7913086872767,36.0775956958926 -78.791116687012,36.0777016946882 -78.7910336869138,36.0777546941557 -78.7909436868495,36.0778306935478 -78.7908736868241,36.077900693057 -78.7906636868231,36.0781436915301 -78.7905226868383,36.0783136904934 -78.7902996868492,36.0785766888633 -78.7902306868269,36.0786466883776 -78.7900506866586,36.0787806871905 -78.7898936863783,36.0788386862522 -78.7897166859435,36.0788516852806 -78.7895746855641,36.0788486845233 -78.7893316848788,36.0788276832536 -78.7892236845658,36.0788146826953 -78.7890896841597,36.0787906820157 -78.7888336833514,36.0787306807406 -78.7887196829726,36.0786956801866 -78.7885856825026,36.0786436795533 -78.7882646813207,36.0784946780768 -78.7879516800728,36.0783076767064 -78.7876796789208,36.0781156755646 -78.7874546779464,36.0779476746355 -78.7872486770446,36.077789673792 -78.7870556762657,36.0776706729538 -78.7867626751185,36.0775056716556 -78.7864756740644,36.0773746703334 -78.7863686736892,36.0773336698275 -78.7854756706854,36.0770476655131 -78.7851616695819,36.0769266640304 -78.7848826683959,36.076729662862 -78.7847266674737,36.0765066623966 -78.7847096671125,36.0763686625351 -78.7847456670469,36.0762986628446 -78.7848296670183,36.0761896634762 -78.7849606671435,36.0760936643381 -78.7851996675009,36.075974665817 -78.7854686679627,36.0758666674382 -78.7856736683225,36.0757876686681 -78.7858796686736,36.0757036699116 -78.7860986689836,36.0755866712794 -78.7863066692648,36.0754696725881 -78.786553669551,36.075309674177 -78.7868436698254,36.0750946760872 -78.7871206700295,36.0748636779539 -78.7874876702233,36.0745236804828 -78.7876976703131,36.0743196819452 -78.7878936702888,36.0740816833886 -78.7879436702479,36.0740056837821 -78.7880066701525,36.0738906843096 -78.7880876699339,36.0737006850576 -78.7881416695164,36.0734546857536 -78.7881546690792,36.0732476861656 -78.7881096682014,36.0729146864756 -78.7880796678212,36.0727826865335 -78.7880126670512,36.0725226866052 -78.7879686666747,36.0724086865584 -78.7878726659483,36.0722016863874 -78.7877956654158,36.0720576862139 -78.787631664536,36.0718626856596 -78.7875516641822,36.0718006853344 -78.7874056635984,36.0717146846961 -78.7872176629418,36.0716456838051 -78.7869696621463,36.0715856825784 -78.7867936616218,36.0715606816787 -78.786462660729,36.0715546799189 -78.7861176597853,36.071542678094 -78.7859426592519,36.0715126772081 -78.7857016583623,36.0714036761006 -78.7854476574128,36.071283674942 -78.7851426561946,36.0711056736073 -78.7849686554525,36.0709836728801 -78.7847706545524,36.0708206720929 -78.7846656540164,36.0707086717181 -78.7844146527821,36.0704616707878 -78.7841576515842,36.0702376697875 -78.7839916508691,36.0701186690987 -78.7837916501024,36.0700166682002 -78.7836566496602,36.0699806675389 -78.7833676488033,36.0699426660583 -78.7831646482421,36.0699336649888 -78.7829946478078,36.0699416640673 -78.7828386474614,36.0699716631838 -78.7827096472238,36.0700176624178 -78.7825916470201,36.0700656617072 -78.7824406467886,36.0701396607768 -78.782351646676,36.0701936602111 -78.7821706465767,36.0703596589665 -78.7820446466033,36.0705166580308 -78.7819726467391,36.0706586574086 -78.7818706471341,36.0709476563802 -78.7818176474106,36.0711286557943 -78.7817706477699,36.0713386551918 -78.7816616481285,36.071619654139 -78.7815196483166,36.0718646529698 -78.7813726483257,36.0720376518941 -78.7812546482226,36.0721286511107 -78.7811176480184,36.0721976502624 -78.7808786475645,36.0722756488534 -78.7807566472871,36.0722956481673 -78.7805866468801,36.0723146472261 -78.7804106464318,36.0723226462712 -78.7801596457545,36.0723176449369 -78.7799596451939,36.0723046438889 -78.7797386444618,36.0722416428125 -78.7795476435962,36.072086642051 -78.7794536430874,36.0719746417363 -78.7791376412545,36.0715456407669 -78.7774536366821,36.0715026318351 -78.7762406333811,36.0714686254067 -78.7733266254747,36.0713976099466 -78.7702496171145,36.0713185936299 -78.7672176088765,36.0712415775517 -78.7663976066502,36.0712215732022 -78.7644396013234,36.0711695628241 -78.7635995990411,36.0711485583698 -78.7620975949561,36.0711095504077 -78.7609165917453,36.0710795441463 -78.7589345863547,36.0710285336398 -78.7530115702435,36.0708775022432 -78.7512695655021,36.0708324930113 -78.7516665617398,36.0688564986081 -78.7521835575528,36.0665715053834 -78.7535265458518,36.0602765235819 -78.754206539301,36.0568195332501 -78.7542805383302,36.0563365344885 -78.7542545359369,36.0553795360265 -78.7541135230849,36.050243544275 -78.7540855204856,36.0492045459469 -78.7540225169277,36.0478105480561 -78.7540415165261,36.047623548484 -78.7540295157307,36.0473095489707 -78.7539515083156,36.0443445537538 -78.753903503923,36.0425905565742 -78.7538955030192,36.0422275571681 -78.7538004940302,36.0386355629629 -78.7537744921503,36.0378915641302 -78.7537644912211,36.0375205647279 -78.7536074758672,36.0313825746636 -78.751390466412,36.0300805653548 -78.7483844581272,36.0283315587942 -78.7483304580472,36.0282995587703 -78.745358453733,36.0265705572569 -78.7401834462475,36.023559553964 -78.7400034463718,36.0236125535986 -78.7365494487805,36.0246415466691 -78.7349104499225,36.0251305434467 -78.7344664502425,36.0252675425751 -78.7322874517449,36.0259125383799 -78.7303154531097,36.0264995346443 -78.7215664591398,36.0291065188174 -78.719947460249,36.0295885160233 -78.7178724527952,36.0265235158221 -78.7164944478543,36.0244885154994 -78.713805438226,36.0205155144378 -78.7123574330547,36.0183775136276 -78.7110784284915,36.016488512774 -78.7107954274801,36.0160695125684 -78.7094334226295,36.0140585114859 -78.707737416596,36.0115535099329 -78.7075944161146,36.0113535097845 -78.7074334155155,36.0111045096304 -78.7062324156227,36.0111555072895 -78.7023464159636,36.0113184997387 -78.7014084160472,36.0113584979209 -78.7003564161389,36.0114024958849 -78.6998434161872,36.0114254948923 -78.6989924175947,36.0120194930279 -78.6979624182538,36.0123014909679 -78.6978934182815,36.012313490833 -78.6971254189484,36.0125974892824 -78.6960894200926,36.0130834871767 -78.6954934205582,36.0132824860018 -78.6942514206897,36.0133454836678 -78.6926054201745,36.0131394806456 -78.6921234202697,36.0131824797355 -78.6916654206674,36.0133524788462 -78.6912084223807,36.0140754778603 -78.6909644236162,36.0145964773171 -78.6908154244606,36.0149524769821 -78.6907364251324,36.0152354767893 -78.690676425324,36.0153164766667 -78.6905314257116,36.0154804763766 -78.6909614279862,36.0164334769831 -78.6912724297312,36.0171644774001 -78.6913774307921,36.0176094775005 -78.6913714315296,36.0179194774312 -78.6898614341311,36.0190264746366 -78.6882774365039,36.0200394718174 -78.6870114378951,36.0206374696415 -78.6860604382456,36.0207944680476 -78.685168438329,36.0208384665622 -78.6844684374114,36.0204584653999 -78.6846774342569,36.0191264657632 -78.6850894298059,36.0172464665071 -78.6852444267295,36.0159484668128 -78.6852894254041,36.0153894669084 -78.6851094236526,36.0146524665988 -78.6847274210324,36.0135504659128 -78.6839404198112,36.0130404644453 -78.6834684191903,36.0127814635558 -78.6823024192137,36.0127984613657 -78.6809374193716,36.0128734588081 -78.6788104193998,36.0128984548201 -78.6772954188436,36.0126724519355 -78.6753324178828,36.012277448146 -78.6736564175293,36.0121374449339 -78.6726204178122,36.0122634430087 -78.6713404177309,36.0122364405762 -78.6694234172782,36.0120554368736 -78.6673914162014,36.0116094328133 -78.6661094152866,36.0112274301774 -78.665473413711,36.0105604286188 -78.6652834127664,36.0101594280457 -78.6652484118542,36.0097714277791 -78.6653434108166,36.0093294277405 -78.6658484099968,36.0089784285624 -78.666280408908,36.0085134291934 -78.6669764032397,36.0061004294591 -78.6672613979258,36.0038404290123 -78.6672513963475,36.0031694286841 -78.6667393954802,36.0028014274165 -78.6663533950723,36.0026284265045 -78.6654803948911,36.0025524245877 -78.6649673949131,36.002562423488 -78.6650273945397,36.002403423535 -78.6651053939478,36.0021514235735 -78.6651453934615,36.0019444235536 -78.6651613930597,36.0017734235006 -78.6651473921056,36.0013674232614 -78.6651133916027,36.0011534230769 -78.6649803899156,36.0004354224132 -78.6649393896407,36.0003184222618 -78.664604392156,35.9990144216995 -78.6644173948211,35.99821042157 -78.6642163974984,35.9974014214126 -78.6640144000256,35.9966364212386 -78.6639234009156,35.996366421134 -78.6638654012902,35.9962524210467 -78.6637924017235,35.9961204209328 -78.6637114021263,35.9959974207981 -78.6635304028541,35.9957744204789 -78.6634074032537,35.9956514202519 -78.6632644036517,35.9955284199809 -78.6631174040227,35.9954134196984 -78.6629244044035,35.9952944193161 -78.6627284047242,35.9951934189209 -78.6625194050139,35.995101418494 -78.662353405171,35.9950504181471 -78.6621364053345,35.994996417689 -78.6619504054438,35.994959417293 -78.661198405669,35.9948754156685 -78.6610314057658,35.9948424153131 -78.6608864058737,35.9948064150073 -78.6607784059938,35.9947674147841 -78.6605984062232,35.9946934144154 -78.6604734064007,35.9946364141616 -78.6603364066423,35.9945594138888 -78.6602274068695,35.9944874136758 -78.6599764075781,35.994264413207 -78.6598794079259,35.9941554130345 -78.6597344085595,35.9939574127899 -78.659619409185,35.9937624126103 -78.6595284098185,35.9935654124843 -78.6594354107765,35.9932684123917 -78.6590314156436,35.9917584120748 -78.6588414175632,35.9911604118851 -78.6584884205221,35.9902344114649 -78.6581434234898,35.9893034110668 -78.6580874242485,35.9890664110352 -78.6580664251284,35.9887934110935 -78.6580754254273,35.9887014111482 -78.6583354297237,35.9873864122136 -78.6586004354853,35.9856224134572 -78.6586104361419,35.9854204135554 -78.6586284367321,35.9852394136628 -78.6586514369992,35.9851584137432 -78.6587114373514,35.9850534139126 -78.6587884399129,35.9842684143758 -78.6588354410354,35.9839254146069 -78.6588584417703,35.9837004147415 -78.6588544426552,35.9834274148361 -78.6587954437388,35.9830894148368 -78.6587014445836,35.9828224147356 -78.6585184461073,35.9823394145252 -78.6582464481187,35.9816984141845 -78.658082449373,35.981298413985 -78.6573754538915,35.9798434130275 -78.6571544555245,35.979318412757 -78.6571054560718,35.9791444127193 -78.6570794564995,35.9790094127158 -78.6570264582465,35.9784624128135 -78.6570444604385,35.9777834131136 -78.6570204615812,35.9774264132001 -78.6569764624858,35.9771414132164 -78.6567044661638,35.97597241309 -78.656512468131,35.975341412927 -78.6562924697838,35.9748044126693 -78.655952471643,35.9741894121891 -78.6557994724466,35.9739224119697 -78.6550414764286,35.9725944108902 -78.6548594772822,35.97230641062 -78.6545954782764,35.971964410199 -78.6543714789328,35.9717324098192 -78.6540924795863,35.9714944093266 -78.6537604802116,35.9712584087222 -78.6534414806748,35.971074408125 -78.653163480981,35.9709444075928 -78.6527304814198,35.9707534067598 -78.6523144818028,35.9705814059555 -78.6521534819867,35.9705034056489 -78.651995482143,35.9704344053452 -78.6518414823479,35.9703504050561 -78.6516854825894,35.9702544047677 -78.6514304831063,35.9700584043126 -78.6512484836038,35.9698774040049 -78.6511484839004,35.969770403839 -78.6510674842295,35.9696554037163 -78.6509364849466,35.9694104035423 -78.6507574863431,35.9689424033598 -78.6506804872088,35.9686564033164 -78.6506034879265,35.9684174032538 -78.650513488422,35.9682474031357 -78.6502524894246,35.967892402737 -78.6498544903067,35.967556402045 -78.6494434909863,35.9672824013012 -78.6489454917746,35.966960400397 -78.6486744921357,35.9668063998966 -78.6482384928425,35.9665173991097 -78.6477884936761,35.9661843983133 -78.6475984941861,35.9659923979992 -78.6474644947512,35.9657903978063 -78.6473304954548,35.9655433976326 -78.6472534962114,35.9652873975816 -78.6471764971653,35.964967397558 -78.6470654984148,35.9645463975071 -78.6470044991492,35.964299397486 -78.6468335012385,35.9635963974321 -78.64666750325,35.9629183973787 -78.6465795040518,35.9626443973142 -78.646342505426,35.9621603970323 -78.6462035061878,35.9618903968614 -78.6458125078354,35.9612903963136 -78.6447285125286,35.9595753948273 -78.6444965135907,35.9591873945203 -78.6442755148946,35.9587213942709 -78.6438835173664,35.9578403938546 -78.6434555200613,35.9568763934041 -78.6433165208366,35.9565953932444 -78.6431965213636,35.9563993930862 -78.643005522098,35.9561213928196 -78.642799522716,35.9558783925073 -78.6423685239008,35.9554043918399 -78.6421635245034,35.9551653915291 -78.6420235250012,35.95497339133 -78.6419025255821,35.9547573911805 -78.6418095261006,35.9545673910765 -78.6417335267556,35.9543353910261 -78.6416935271964,35.954181391014 -78.6416635278031,35.953974391046 -78.6416275294713,35.9534143912245 -78.6416375308838,35.9529483914542 -78.6415415375093,35.9507323922562 -78.6415185391624,35.9501793924585 -78.6415065401529,35.9498483925833 -78.6414615441039,35.9485283930867 -78.6414325458482,35.9479433932918 -78.6414145470087,35.9475543934308 -78.6413965476595,35.9473343934938 -78.6413815479988,35.947218393516 -78.6413435486626,35.946989393543 -78.6412725493995,35.9467283935185 -78.6412005499214,35.9465383934602 -78.6411055505018,35.9463233933672 -78.6408075521075,35.9457193930447 -78.6410955528823,35.9455303937053 -78.6413745536823,35.9453313943519 -78.6416565545975,35.9450953950206 -78.6419075554679,35.9448673956235 -78.6420825561059,35.944698396048 -78.6424375575545,35.9443053969308 -78.6426175583533,35.9440853973872 -78.6428435594753,35.943770397977 -78.6429505600857,35.9435953982675 -78.6430265605672,35.9434553984807 -78.6438165655424,35.942015400685 -78.6441785678143,35.9413614016894 -78.6444865697906,35.9407924025479 -78.6447375713841,35.9403354032435 -78.6450595734228,35.9397524041331 -78.6454225757875,35.9390754051426 -78.6455655766758,35.9388234055335 -78.6457335778156,35.9384964060055 -78.6457805782039,35.9383824061473 -78.6458245786668,35.9382434062938 -78.6458655793148,35.9380434064608 -78.6458805796775,35.9379294065395 -78.645895580366,35.9377094066639 -78.6458945807433,35.9375864067151 -78.645880581242,35.9374204067592 -78.6458575816288,35.9372884067711 -78.6458065822566,35.9370704067652 -78.6457665826351,35.9369364067447 -78.6455185845899,35.9362324065634 -78.645446585275,35.9359894065278 -78.6454105857815,35.9358144065332 -78.6453985860842,35.935712406554 -78.6453875866147,35.9355364066089 -78.6453885871401,35.935365406685 -78.6454165881364,35.9350484068772 -78.6454445886113,35.9349014069956 -78.6454865891506,35.9347374071487 -78.6455275895848,35.934607407285 -78.6456275904231,35.9343624075861 -78.6457995915981,35.9340284080658 -78.6460615932406,35.9335684087747 -78.6463215947861,35.9331404094648 -78.6465265960515,35.9327884100146 -78.6468685980951,35.9322244109204 -78.6470745994313,35.9318514114795 -78.6472126003681,35.9315884118593 -78.6472756008454,35.9314524120393 -78.6480646067324,35.9297844142734 -78.6486636111804,35.9285324159562 -78.648763612012,35.9282954162483 -78.6488506127727,35.9280774165072 -78.6489296135544,35.9278504167543 -78.6489746141453,35.9276744169146 -78.6490056147043,35.9275044170454 -78.6490316155547,35.9272394172063 -78.64904761681,35.9268414174036 -78.6490426171821,35.9267204174447 -78.6490416187295,35.9262234176508 -78.64903061937,35.9260144177172 -78.6490246200775,35.9257854178016 -78.6490036232249,35.9247684181873 -78.648999626722,35.9236444186504 -78.6489976290779,35.9228874189636 -78.648987630893,35.9223014191901 -78.6489976318813,35.9219874193406 -78.6490126326381,35.9217494194687 -78.6490616342339,35.9212534197693 -78.6490946359696,35.9207074200603 -78.6490786378131,35.9201104202799 -78.6490086407018,35.9191594205457 -78.649017641593,35.9188764206812 -78.6490616428239,35.9184964209232 -78.6491946452579,35.9177614214811 -78.6492716464078,35.9174194217688 -78.649533649262,35.9165964226041 -78.6496896507078,35.9161884230665 -78.6501616550568,35.9149654244577 -78.6503196565085,35.9145584249213 -78.6506936596302,35.9136974259745 -78.6507666602341,35.9135314261789 -78.6510036625363,35.9128844268862 -78.6511796642345,35.9124084274087 -78.6512216647199,35.9122694275437 -78.6513976666726,35.9117134280981 -78.6514646674775,35.9114824283169 -78.6515056680856,35.9113044284656 -78.651642670044,35.9107334289526 -78.6517726721097,35.9101264294406 -78.6518836736062,35.9096934298221 -78.6519706747536,35.9093624301174 -78.6520216753728,35.9091854302834 -78.6522296778443,35.9084814309527 -78.6526026823224,35.9072074321546 -78.6526446828134,35.9070684322878 -78.6527746843933,35.9066194327077 -78.6529056859633,35.9061744331272 -78.653009687739,35.905654433527 -78.6530456885663,35.9054074336922 -78.6530836901852,35.9049114339611 -78.6530736918045,35.9043964341498 -78.6530676929756,35.9040244342884 -78.6529276958196,35.903070434417 -78.6528466974826,35.9025124344943 -78.6527086985045,35.9021334343963 -78.652470700129,35.9015224342111 -78.6523427009645,35.9012054341073 -78.652199701754,35.9008964339734 -78.6518677014343,35.9008604333867 -78.6512827011049,35.9007224323837 -78.6508987009484,35.9006124317336 -78.6501817007835,35.900365430538 -78.6499167007455,35.9002664300997 -78.6495637007442,35.9001184295229 -78.6492177007631,35.8999664289608 -78.6488887008436,35.8998014284353 -78.6485467009894,35.8996094278982 -78.6482317011847,35.8994124274125 -78.6478527014826,35.8991544268376 -78.6476817016552,35.8990254265838 -78.6475427018326,35.8989084263829 -78.6472617021513,35.8986844259716 -78.6466727028523,35.8982024251167 -78.6459957036396,35.8976514241356 -78.6458007038316,35.897503423849 -78.6455427040175,35.8973294234607 -78.6449527043131,35.8969724225563 -78.6438507044365,35.8964414208119 -78.64336670447,35.896213420045 -78.642301704498,35.8957234183555 -78.6416717044964,35.8954374173564 -78.6412907044481,35.8952794167461 -78.6410647043713,35.8952014163773 -78.6408197042258,35.8951374159683 -78.6405577040504,35.8950754155281 -78.6401667037172,35.8950064148608 -78.6396647032687,35.8949244140013 -78.6389927026464,35.8948214128481 -78.6386017022807,35.894762412177 -78.6380197016883,35.8946904111711 -78.6373037009533,35.8946034099333 -78.6367457003504,35.8945454089644 -78.6363366998828,35.8945114082504 -78.635947699428,35.8944824075698 -78.6354656988583,35.8944484067257 -78.6349316981984,35.8944204057862 -78.6345166976888,35.8943974050567 -78.632464695152,35.8942884014483 -78.6312076937167,35.8941793992597 -78.6300136922883,35.894097397171 -78.6295356917991,35.8940353963497 -78.6293266916133,35.8939983959956 -78.6290136915102,35.8938813954963 -78.6287976915389,35.8937653951697 -78.6285816917235,35.8935943948709 -78.62838869211,35.8933633946437 -78.6281226928783,35.8929613943734 -78.6279426934788,35.8926603942056 -78.6272266958723,35.8914563935461 -78.6269356941855,35.8919063928008 -78.6268466936636,35.8920463925714 -78.626438691796,35.8925033916132 -78.6260166902736,35.8928323906944 -78.6257026892633,35.893034390032 -78.6253096880625,35.8932653892136 -78.6243906858864,35.893582387413 -78.6241616853426,35.8936623869634 -78.6237336843373,35.8938083861246 -78.6235656839968,35.8938463858053 -78.623318683585,35.8938703853525 -78.6227106827134,35.8938783842648 -78.622577682475,35.8938973840177 -78.6219576813028,35.8940083828538 -78.6216436805148,35.8941353822264 -78.6213786798758,35.8942333817016 -78.6211666792673,35.8943473812626 -78.6203216768356,35.8948063795082 -78.6199616758343,35.894990378766 -78.6197146751763,35.895106378262 -78.6194786745832,35.8952043777871 -78.6192046739411,35.8953013772447 -78.6188736731886,35.8954103765936 -78.6186666727624,35.895462376195 -78.6184196722977,35.8955083757281 -78.6181916719055,35.8955373753044 -78.6179376715184,35.8955513748423 -78.617557670958,35.8955653741547 -78.6156286680599,35.8956573706522 -78.6150626671997,35.8956883696219 -78.6148016668094,35.8957003691481 -78.6140186656308,35.8957393677248 -78.6137586652182,35.8957603672475 -78.6135236648375,35.8957823668144 -78.6131416641654,35.8958383660988 -78.6128006635105,35.895909365448 -78.6124966628885,35.8959873648591 -78.6123166624972,35.8960423645054 -78.6120676618884,35.896144364001 -78.6117846611523,35.8962773634178 -78.6116516607924,35.8963453631404 -78.6114326601372,35.8964813626698 -78.6113306598017,35.8965563624437 -78.6111486591065,35.8967273620189 -78.6110596588416,35.8967823618276 -78.6109056582952,35.8969113614768 -78.6107206576264,35.8970713610524 -78.6102546559557,35.8974703599845 -78.6099876549944,35.8977013593706 -78.609736654077,35.8979243587896 -78.608959651206,35.8986303569789 -78.6086516500793,35.8989073562616 -78.608517649604,35.8990223559525 -78.6082046484687,35.8993013552239 -78.6081206480508,35.8994203550024 -78.6080926480266,35.8994153549548 -78.6078556472084,35.8996113544114 -78.6076876466059,35.8997593540207 -78.6075066459792,35.8999103536045 -78.6073136453425,35.9000593531675 -78.6068456438999,35.9003823521297 -78.6063856424105,35.9007293510909 -78.6058346405317,35.9011843498213 -78.6052106383213,35.9017353483595 -78.603712633011,35.9030743448287 -78.6034266319545,35.903349344141 -78.6032446312455,35.9035393436939 -78.6031206307114,35.9036893433765 -78.6029296296866,35.9040013428381 -78.6027906288668,35.9042583424277 -78.6026326275958,35.9046863418778 -78.6025546269997,35.9048853416136 -78.6023656253325,35.905457340918 -78.6021816239467,35.9059203402974 -78.602011622845,35.9062773397669 -78.6017366211172,35.9068343389202 -78.6011566186962,35.9075223374308 -78.6010466182344,35.907654337147 -78.6006546167368,35.9080663361708 -78.5995166125265,35.9092163333582 -78.5983576082599,35.9103933304788 -78.5979976069458,35.9107573295831 -78.597884606542,35.9108683293038 -78.5977406060119,35.9110163289436 -78.5959205994246,35.9128603243926 -78.5958325991064,35.9129503241713 -78.5957345986754,35.9130823239044 -78.5955595977566,35.9133803233878 -78.5954505970178,35.9136353230213 -78.5953355961958,35.9139223226229 -78.5947415919363,35.915416320553 -78.5943405890849,35.9164203191545 -78.5942175882051,35.9167313187229 -78.5939455867644,35.9172093179031 -78.5937825858895,35.9175013174077 -78.5930075820281,35.9187713151238 -78.5928735813906,35.9189793147357 -78.5925955799292,35.9194703138908 -78.5925145794901,35.9196193136406 -78.5922745784901,35.9199343129812 -78.5921045776674,35.9202063124818 -78.5918675765065,35.9205923117804 -78.5917775760841,35.9207313115189 -78.5916135753515,35.920969311052 -78.5913335741862,35.9213403102775 -78.5912395738204,35.9214543100242 -78.5908355722257,35.9219553089274 -78.5899225686467,35.9230853064439 -78.5897835681113,35.9232543060671 -78.5893445663959,35.9238003048674 -78.5887645641748,35.9245063032898 -78.5887405640883,35.9245333032259 -78.5882885623842,35.9250753019995 -78.5880455614091,35.9253933013214 -78.5879525609988,35.9255313010508 -78.5878785606421,35.9256543008265 -78.5878225603448,35.9257593006488 -78.5877605599818,35.9258903004419 -78.5877065596314,35.9260193002517 -78.5876695593484,35.9261263001088 -78.5876185588167,35.9263352998704 -78.5875675582138,35.9265752996109 -78.5874685568619,35.9271202990538 -78.5873885559351,35.9274892986514 -78.5873175552939,35.927738298347 -78.5872695549651,35.9278612981717 -78.5871855544941,35.9280312978954 -78.5870605538928,35.928241297513 -78.5869595534733,35.9283822972233 -78.5868665531353,35.9284912969706 -78.5867665528001,35.9285962967069 -78.5866055523208,35.9287392962999 -78.5863385516238,35.9289342956532 -78.5856405499194,35.9293952939935 -78.584960548265,35.9298452923736 -78.5847895478552,35.9299562919672 -78.5839095457341,35.9305362898678 -78.5832825442294,35.9309502883689 -78.5829705434921,35.931152287625 -78.5827605430282,35.9312742871337 -78.582585542666,35.9313652867314 -78.5823535422237,35.9314692862096 -78.5822215419861,35.931522285917 -78.5819465415239,35.931618285317 -78.5814955407951,35.9317632843414 -78.5812985404469,35.9318402839055 -78.5811635401902,35.9319012836009 -78.5809555397442,35.9320182831154 -78.5808985396089,35.9320562829782 -78.5808325394833,35.9320862828291 -78.5806685391307,35.9321792824455 -78.5805215387736,35.9322812820885 -78.5804585386467,35.9323132819437 -78.5802505381652,35.9324472814455 -78.5800905377359,35.9325772810432 -78.5797655369583,35.9327992802551 -78.5801295367857,35.9330232808048 -78.5802245366463,35.9331242809184 -78.5802205365411,35.9331702808783 -78.580190535218,35.9337572804066 -78.5800515351056,35.9337532801387 -78.5799225350284,35.9337372798987 -78.5797275348363,35.9337472795119 -78.5796025346084,35.9338012792303 -78.5795595344323,35.9338642791021 -78.579198532818,35.9344562779796 -78.5790305320149,35.9347562774392 -78.5788975312957,35.9350322769838 -78.5787905306499,35.9352852765952 -78.5786275295044,35.9357452759499 -78.5784385280351,35.9363442751541 -78.5783235270562,35.9367482746413 -78.5782615267294,35.9368742744301 -78.5781425265018,35.9369332741547 -78.5779995262109,35.937012273818 -78.5780635258103,35.9372202737952 -78.5780915253841,35.9374262737033 -78.5781155247798,35.9377122735466 -78.5781355244362,35.9378772734683 -78.5781735242294,35.9379862734653 -78.5781915240455,35.9380772734358 -78.5782085239916,35.9381082734471 -78.5782565237491,35.9382372734496 -78.5783105235593,35.9383442734796 -78.578347523456,35.9384052735089 -78.5784325232604,35.93852627359 -78.5785045231263,35.9386142736691 -78.5787395227906,35.9388542739611 -78.5789425225505,35.9390382742302 -78.5793585220228,35.9394302747721 -78.5795045217981,35.9395852749503 -78.5796095215756,35.9397242750592 -78.5796935213516,35.9398562751316 -78.5797475211344,35.9399742751548 -78.5797955208417,35.9401242751437 -78.5799305195983,35.9407362749786 -78.5800445185307,35.9412602748346 -78.580082518039,35.9414962747435 -78.5800955177378,35.9416372746699 -78.5800985173934,35.9417942745653 -78.580094517121,35.9419162744714 -78.5800825168183,35.9420492743539 -78.5800375162145,35.9423072740829 -78.5799945158553,35.9424552738933 -78.5799525155477,35.9425802737218 -78.5798985152114,35.9427142735202 -78.5797945146658,35.9429262731641 -78.5795765136392,35.9433182724543 -78.579291512273,35.9438432715163 -78.5787295095758,35.9448852696583 -78.5785735088588,35.945161269151 -78.5785005085655,35.9452712689272 -78.5783995082327,35.945390268641 -78.5782495078105,35.9455342682391 -78.5780295072449,35.9457212676665 -78.5778015067336,35.9458812670969 -78.5776945065138,35.945947266836 -78.5775935063223,35.9460022665949 -78.5774035059939,35.9460912661515 -78.5772335057213,35.9461612657616 -78.5769545053113,35.9462592651336 -78.5768905052292,35.9462762649934 -78.5761525042588,35.9464842633678 -78.5758905038978,35.9465662627846 -78.5757545036902,35.9466182624749 -78.5755105032869,35.9467262619085 -78.5753235029434,35.9468252614626 -78.5751445025845,35.9469342610252 -78.5749385021197,35.9470842605039 -78.5746415013617,35.9473422597215 -78.5740084996995,35.9479172580334 -78.5738314992317,35.9480802575592 -78.5732454977025,35.9486132559925 -78.5725584959494,35.9492242541627 -78.5716774937459,35.949994251821 -78.5714064930797,35.9502272511024 -78.5711814925623,35.9504042505176 -78.5703344906578,35.9510542483253 -78.5697514893147,35.9515212467991 -78.5691914880428,35.951964245335 -78.5685994867554,35.9524082438034 -78.5682414859915,35.9526712428803 -78.5680584855783,35.9528172423994 -78.5679014851717,35.9529682419672 -78.5678104849189,35.9530642417102 -78.5676704844992,35.9532272413031 -78.5671654828537,35.9538822397823 -78.5669244819933,35.9542332390263 -78.5668574817272,35.9543442388059 -78.5666554808219,35.9547302381018 -78.5659904777948,35.9560312357561 -78.5656144762035,35.9567122344684 -78.565403475354,35.9570742337603 -78.5648924734411,35.9578832320948 -78.5641134706183,35.9590802295771 -78.5637434692733,35.9596552283736 -78.5635484685728,35.9599552277409 -78.5634354681255,35.9601502273577 -78.5633914679235,35.9602402271975 -78.5633224675516,35.9604092269248 -78.5632754672291,35.9605592267119 -78.5632174667105,35.960805226402 -78.5631684661831,35.961058226105 -78.5629974641127,35.9620582249772 -78.5629794638856,35.9621682248547 -78.5627674613549,35.9633932234658 -78.5626274596656,35.9642132225389 -78.5625814591022,35.9644872222305 -78.5625054582979,35.9648762217704 -78.5624804577647,35.9651402215132 -78.5624934573221,35.9653672213637 -78.5625234569346,35.9655702212683 -78.5625974564461,35.965834221217 -78.5626714559808,35.9660862211752 -78.5627144555389,35.9663192210838 -78.5627084549406,35.9666202208375 -78.5627084546477,35.9667682207226 -78.5626494542559,35.9669532204559 -78.5626564539979,35.9670852203679 -78.562604453651,35.967249220132 -78.5625204532274,35.9674452198044 -78.5624394528964,35.9675952195187 -78.5623664526224,35.9677182192706 -78.5619564511585,35.9683732179036 -78.5615024494854,35.9691292163633 -78.5612054483597,35.9696422153398 -78.5600764472164,35.9699982126927 -78.5592074463398,35.9702742106513 -78.5589954461333,35.9703382101556 -78.5586354457771,35.970450209311 -78.5586394457132,35.9704842092924 -78.5587884449173,35.9709272092541 -78.5591274430071,35.9719832091307 -78.5592424424424,35.9722972091245 -78.5592974422169,35.97242420914 -78.5596224410536,35.9730852093033 -78.5597294406609,35.973307209354 -78.5602904386033,35.9744652096276 -78.5604194380621,35.9747652096648 -78.5604664378399,35.9748872096684 -78.5605874371424,35.9752652096278 -78.5606424367778,35.9754612095905 -78.5607174364622,35.975635209613 -78.5604134365362,35.9755472090373 -78.5601604366182,35.9754632085669 -78.5587344364235,35.9753252056525 -78.5569534359915,35.9752482019386 -78.5557274358921,35.9750891994681 -78.554346435714,35.974942196661 -78.5540324356179,35.9749381959992 -78.5534544354309,35.9749361947764 -78.5530274352752,35.9749441938653 -78.5527974351642,35.9749631933626 -78.5523654349316,35.9750121924073 -78.5521114347744,35.9750521918364 -78.5518844346246,35.9750931913217 -78.5508664337366,35.9753971889136 -78.5506024336511,35.9753971883538 -78.5501444331655,35.9755831872287 -78.549985433022,35.9756341868491 -78.549349432443,35.975842185327 -78.5485724317423,35.9760951834668 -78.548140431349,35.9762391824291 -78.547839431073,35.9763411817043 -78.5472514305561,35.9765291802973 -78.5464054298113,35.9768031782683 -78.546231429656,35.9768611778494 -78.5454834290024,35.9771041760529 -78.5449864285681,35.977267174857 -78.5444344280796,35.9774531735239 -78.5440664277693,35.9775691726414 -78.5437684275152,35.9776651719248 -78.5436484274178,35.9777011716385 -78.5435364273969,35.9776941714059 -78.5433024272128,35.9777611708502 -78.5429384269412,35.9778571699924 -78.5428474268701,35.9778831697762 -78.5411924254794,35.9784191657861 -78.5406924250383,35.9785961645661 -78.5406034248496,35.978693164292 -78.5397744242397,35.9789181623269 -78.539317423904,35.9790431612421 -78.53864142344,35.9792101596522 -78.5383204232328,35.9792821589033 -78.538083423097,35.9793251583592 -78.5369774225155,35.9794961558453 -78.5368564224583,35.9795111555734 -78.5358134219544,35.9796481532225 -78.5348754215177,35.9797631511146 -78.5344944213535,35.9798021502651 -78.5340424211676,35.9798431492618 -78.5336254210171,35.9798681483476 -78.5332454209037,35.9798761475276 -78.5328674208178,35.9798671467273 -78.5325484207649,35.9798471460631 -78.5320874207056,35.9798071451133 -78.5315514206652,35.9797421440259 -78.530851420622,35.9796501426128 -78.5301704205838,35.9795571412417 -78.5285654204822,35.9793411380094 -78.5280374204726,35.9792531369623 -78.5276634204843,35.9791781362325 -78.5274584205008,35.9791301358389 -78.5268244205586,35.9789761346274 -78.5262884206142,35.9788401336092 -78.5238424208412,35.9782211289687 -78.5231424208052,35.9781081275827 -78.5224934206414,35.9780921262144 -78.5220294204311,35.9781451251754 -78.520512419431,35.9785411215649 -78.5159634165235,35.9797311107059 -78.5150264159411,35.9799771084627 -78.5148484158402,35.980017108043 -78.5146924157695,35.9800391076878 -78.5144354156765,35.9800581071194 -78.5142794156811,35.9800241068188 -78.5141314157038,35.9799781065472 -78.5139434157786,35.979885106236 -78.5136234158885,35.9797391056947 -78.5132214160162,35.979562105009 -78.5129814161079,35.9794441046119 -78.5124474162703,35.9792111037003 -78.5122544163989,35.9790731034241 -78.512148416484,35.9789861032835 -78.5121614166019,35.9788991033971 -78.5121324167081,35.978812103421 -78.5121314168036,35.9787391034909 -78.5121194169578,35.9786191035836 -78.5120664168064,35.9787231033679 -78.5120294167253,35.9787771032357 -78.5119044165934,35.9788511028958 -78.5117854165446,35.97886310263 -78.5115454165653,35.9787961021839 -78.5112754166266,35.9786911017116 -78.5111374166373,35.9786531014548 -78.5110674166306,35.9786431013153 -78.5109324166043,35.9786341010362 -78.5108654165842,35.9786351008922 -78.5107514165314,35.9786511006332 -78.5106834164838,35.9786731004662 -78.5105054163279,35.978755100005 -78.510445416253,35.9788000998322 -78.5103604161016,35.9788990995524 -78.5103254160159,35.9789580994191 -78.5100634152296,35.9795130983075 -78.5090904153097,35.9792440964967 -78.5087504153335,35.9791520958624 -78.5085304153744,35.9790720954726 -78.50827341545,35.9789560950401 -78.508128415512,35.9788750948118 -78.5074344160284,35.9783080939006 -78.5070784162072,35.9780830933682 -78.5065554162894,35.9778950924433 -78.5057434164292,35.9775890910232 -78.5053364164952,35.9774370903108 -78.5048924165557,35.9772790895262 -78.5039384166837,35.9769360878461 -78.5017734169396,35.9761600840407 -78.50129241699,35.9759880831968 -78.5003164172927,35.9754600816717 -78.499482418148,35.9750110822757 -78.4987394192445,35.9746090838726 -78.4973474213056,35.9738370868809 -78.4965424224872,35.9733920886173 -78.4951714244805,35.9726380915678 -78.4946824252268,35.9723330926563 -78.4929184277398,35.9713770964307 -78.4926904280847,35.9712330969391 -78.4926044282241,35.9711700971397 -78.4925074283984,35.9710830973822 -78.4924134285995,35.9709690976476 -78.4922504289394,35.9707790980998 -78.4921264292274,35.9706070984719 -78.4920674293937,35.9704980986766 -78.4919794296809,35.9702990990192 -78.4919254299465,35.9700940993142 -78.4918614303628,35.9697570997598 -78.4908904313763,35.9695461015094 -78.4905924316708,35.9694961020312 -78.4897354325665,35.9693051035794 -78.4888934334524,35.9691091051085 -78.4887474336331,35.9690491054 -78.4885174338602,35.9690091058038 -78.4875994347923,35.9688231074418 -78.4872934351064,35.9687571079917 -78.4861374362743,35.9685231100531 -78.4859744364324,35.9684961103376 -78.4851814371778,35.9683871116989 -78.4848934374393,35.9683561121846 -78.4843874378838,35.9683161130232 -78.4837694384143,35.9682791140354 -78.4829154391915,35.9681831154792 -78.4816144403329,35.9680771176377 -78.4809294409291,35.9680251187701 -78.4805154412829,35.9680001194481 -78.479486442201,35.9678971211737 -78.4788634427527,35.967838122215 -78.4782494432851,35.96779112323 -78.4775804438682,35.9677361243396 -78.4769794443892,35.9676891253338 -78.476353444936,35.9676351263744 -78.4760174452284,35.9676071269319 -78.475749445464,35.9675821273791 -78.4747504463316,35.9674991290361 -78.473959447026,35.967424130357 -78.4732894476211,35.9673521314841 -78.4731474477433,35.9673411317187 -78.4721694485902,35.9672581333418 -78.4718604488636,35.9672251338612 -78.4713864492947,35.9671611346711 -78.4709384497199,35.9670801354566 -78.4704014502474,35.9669621364186 -78.4700074506517,35.9668551371444 -78.4696414510377,35.9667431378308 -78.46948245121,35.9666891381342 -78.4692484514697,35.9666021385881 -78.4692084514747,35.9666321386216 -78.4691414514551,35.9667141386467 -78.4689984514945,35.9667971387904 -78.4688904514645,35.966928138832 -78.4688234513921,35.9670711387973 -78.4687084513427,35.9672311388216 -78.4686414513379,35.9672971388624 -78.4684384513595,35.9674561390265 -78.4682894513964,35.9675491391702 -78.4682354514243,35.9675661392387 -78.4680464515409,35.9676041394994 -78.4679454515966,35.9676321396312 -78.4678304516495,35.9676761397693 -78.4675594517554,35.9678021400733 -78.4674044518077,35.9678841402375 -78.4672364518542,35.9679851404036 -78.466924451929,35.9681871406982 -78.466756451955,35.9683131408401 -78.4664864520201,35.9684891410941 -78.4661814520674,35.96872014135 -78.4661214520593,35.9687861413803 -78.4660674520287,35.9688731413806 -78.4660064519511,35.9690221413315 -78.4658984518843,35.9692031413255 -78.4657364518243,35.9694281413619 -78.4656554517822,35.969555141366 -78.4656214517311,35.9696481413291 -78.4655474515915,35.9698841412159 -78.4654664515035,35.9700661411665 -78.4653244514571,35.9702581412039 -78.4651824514432,35.9704121412784 -78.4650544514232,35.9705601413366 -78.4649864514284,35.9706201413858 -78.4649264514221,35.9706861414164 -78.4648854514045,35.9707471414219 -78.4648654513797,35.9707961414058 -78.4648514513308,35.9708681413579 -78.4648244512842,35.9709501413207 -78.4647904512064,35.9710761412519 -78.4647644511213,35.9712031411694 -78.4647234510822,35.9712901411496 -78.4646554510553,35.9713891411609 -78.4645604510643,35.9714721412305 -78.4645204510472,35.9715321412355 -78.4645004510178,35.9715871412137 -78.464520450992,35.9715981411713 -78.4645944509257,35.9716041410483 -78.4646754508638,35.9715981409258 -78.4647094508306,35.9716041408662 -78.4647574507448,35.9716591407366 -78.4647574506719,35.9717461406519 -78.4647104506186,35.9718561406193 -78.4646564506031,35.9719281406348 -78.464587450596,35.9720051406691 -78.4644054505593,35.9722301407386 -78.4643254505617,35.9723071407905 -78.4641904505825,35.9724171408974 -78.4640614506128,35.9725101410115 -78.4639054506426,35.9726311411412 -78.4636294507095,35.9728291413864 -78.4634934507557,35.9729111415224 -78.4633514508154,35.9729831416777 -78.4631834508575,35.9731031418277 -78.4630554508746,35.9732131419239 -78.462859450881,35.9734061420477 -78.4626634508758,35.973614142157 -78.4624744508196,35.973878142201 -78.4622844507881,35.974114142274 -78.4622174507952,35.9741751423213 -78.4620954508183,35.9742741424191 -78.4618654508898,35.9744271426363 -78.4617104509457,35.9745211427915 -78.4614744510096,35.974691143002 -78.4613524510209,35.9748061430846 -78.4611224510711,35.9749881432742 -78.4607714511827,35.9752241436041 -78.4606764512066,35.9752961436856 -78.4605614512487,35.9753671437998 -78.4604404513049,35.9754271439343 -78.4603384513616,35.9754661440589 -78.4602644514166,35.9754771441659 -78.4599404516871,35.9754881446706 -78.4596834519087,35.9754881450794 -78.4595614520186,35.9754821452792 -78.4593994521235,35.9755261454944 -78.4593314521561,35.9755591455708 -78.4592684521646,35.9756171456151 -78.4590824532656,35.974423147061 -78.4590084541008,35.9734421481233 -78.4590564547815,35.9725261489294 -78.4589574553755,35.9718761497123 -78.458831455696,35.9716011501766 -78.4579204570249,35.9708611523304 -78.4573334577931,35.9704901536153 -78.456658458521,35.9702601549033 -78.4555034598617,35.9697321572346 -78.4541394615636,35.9689301601552 -78.4540344617266,35.9688241604221 -78.4536774621721,35.9686091611907 -78.453378462642,35.9682961619608 -78.4531774630714,35.9679301626265 -78.4530564635234,35.9674451632792 -78.4530074639537,35.9669111638649 -78.4529664643238,35.9664501643685 -78.4530064649416,35.9655651651483 -78.4530214651544,35.9652591654161 -78.4530834657386,35.9643981661387 -78.4532704674948,35.9618171683041 -78.4533334680814,35.960957169025 -78.4533664682679,35.9606711692459 -78.453502469009,35.9595321701189 -78.4535834694322,35.9588801706139 -78.4535404697929,35.9584331711072 -78.4534534709134,35.9569971726115 -78.4534024715827,35.9561371735105 -78.4534364717789,35.9558391737417 -78.4534834719481,35.9555661739288 -78.4537814722032,35.9549461740568 -78.454151472521,35.954181174212 -78.454570472951,35.9532291744709 -78.4546534730778,35.9529861745743 -78.4547074733041,35.952636174825 -78.4548164738972,35.9517491755037 -78.454906474433,35.9509571761213 -78.4550044750025,35.9501151767746 -78.4552004760428,35.9485681779511 -78.4552584763459,35.948118178292 -78.455300476574,35.9477811785496 -78.4554724774828,35.9464381795695 -78.4555374778352,35.9459201799651 -78.4557364788915,35.9443691811438 -78.4558254793728,35.9436661816802 -78.4558584795434,35.943416181869 -78.4559364799695,35.9427961823431 -78.4560014803118,35.9422971827215 -78.4560304804733,35.9420631829012 -78.4561494811182,35.9411281836147 -78.4562074814563,35.9406421839916 -78.45638548247,35.9391861851151 -78.4564864830441,35.9383641857489 -78.4565084831624,35.9381941858784 -78.456654483986,35.9370181867835 -78.4566984842529,35.9366401870791 -78.4567864847668,35.9359111876444 -78.4569034853027,35.9351361882101 -78.4569974857616,35.9344781886988 -78.4570724859707,35.934158188892 -78.4572244866013,35.9332431895399 -78.45727048693,35.932788189907 -78.4573084873,35.9322851903324 -78.4574034878861,35.9314681909731 -78.4574614882022,35.9310241913118 -78.4575404887606,35.9302551919311 -78.4575334894935,35.9293121928473 -78.4575224901135,35.9285171936274 -78.4575184904518,35.9280821940512 -78.4575054912767,35.9270231950878 -78.4575004916641,35.9265251955736 -78.4574964922219,35.9258061962701 -78.4575394937346,35.9238281981053 -78.4574974940113,35.9234921984908 -78.4574094942116,35.9232781988281 -78.4576674942662,35.923076198636 -78.4584614944222,35.9224771980242 -78.4592354945572,35.9219251973987 -78.4595624946021,35.9217101971173 -78.4598034946341,35.9215541969078 -78.4601174946845,35.9213411966444 -78.4605534947495,35.9210541962705 -78.4612014948215,35.9206631956814 -78.462146494897,35.920139194779 -78.4623634949219,35.9200111945795 -78.4628414949645,35.9197461941239 -78.4634134950167,35.9194311935773 -78.4642684951183,35.918939192782 -78.4649324952015,35.9185581921644 -78.465502495274,35.9182341916319 -78.4664124953869,35.9177281907722 -78.4685684956856,35.9165311887402 -78.4687024957054,35.9164571886138 -78.4692764957744,35.9161601880532 -78.4696794958384,35.9159361876752 -78.4705114959715,35.9154781868915 -78.4706314959948,35.9154081867825 -78.4713044961141,35.9150311861561 -78.4723564963068,35.9144451851756 -78.4728984964405,35.9141101847039 -78.4731924965238,35.9139181844585 -78.4736594966848,35.9135841840979 -78.4739324967984,35.9133691839069 -78.4741384968818,35.9132101837597 -78.4743554969764,35.9130361836112 -78.4746644971476,35.9127501834378 -78.4749544973409,35.9124481833088 -78.4760814981488,35.9112301828543 -78.4764064983842,35.9108811827219 -78.4769144987595,35.9103321825192 -78.4770294988487,35.9102041824772 -78.4781624997222,35.9089631820459 -78.4786375001091,35.9084291818803 -78.4789905003592,35.9080741817161 -78.4795565007384,35.9075321814264 -78.4794975008145,35.907469181576 -78.4794725008713,35.9074171816647 -78.4794535009488,35.9073421817676 -78.4794105014464,35.9068401823325 -78.479403502178,35.9060871830956 -78.4793845028386,35.9054101838002 -78.4793815045943,35.903599185615 -78.4793815052872,35.9028841863297 -78.4793265059925,35.9021681871257 -78.4792575063378,35.9018261875682 -78.4791745066961,35.9014731880419 -78.4790995069286,35.9012481883761 -78.47852150872,35.899504190959 -78.4780785099912,35.8982611928428 -78.4779735103555,35.8978991933561 -78.4779335106844,35.8975621937502 -78.4779345109415,35.897293194017 -78.4780325117399,35.8964421947235 -78.4782475132906,35.8947901960601 -78.478299513573,35.8944881962863 -78.4783955142406,35.893779196855 -78.4784435144207,35.8935851969794 -78.4786375151375,35.892814197469 -78.4787745157624,35.8921481979365 -78.4787955159961,35.8919031981509 -78.4788195162218,35.8916661983531 -78.4788555164868,35.8913871985798 -78.4789375169883,35.8908581989902 -78.4789545171728,35.8906651991585 -78.4789895174067,35.8904191993539 -78.4790455179217,35.8898801998119 -78.4790595182895,35.8894982001734 -78.4790725185849,35.8891912004615 -78.4790855189568,35.8888052008285 -78.4791065194876,35.8882542013489 -78.4791465197666,35.8879622015833 -78.4791485201349,35.8875812019612 -78.4791095205216,35.8871842024137 -78.4790315208953,35.886803202906 -78.4788515212916,35.8864052035611 -78.4786305217046,35.8859912042906 -78.4779655226985,35.8849952062345 -78.4773065236109,35.8840722080947 -78.4770965238984,35.8837792086859 -78.4765055246366,35.8830232102804 -78.4757085255853,35.8820402123918 -78.475244526185,35.881410213677 -78.4750645265442,35.8810282143118 -78.474964526823,35.8807302147494 -78.4749665271921,35.8803332151403 -78.475008527797,35.8796822157263 -78.4743025277826,35.8797022167079 -78.473859527788,35.8796992173393 -78.4731375278361,35.8796512184108 -78.4726115278899,35.8795952192122 -78.4710355280453,35.8794302216098 -78.470509528089,35.8793832224019 -78.4700875281399,35.8793272230553 -78.4695565282338,35.8792222239112 -78.4693075282764,35.8791742243113 -78.4671785286857,35.8787012277917 -78.4668615287799,35.8785902283492 -78.4661765288929,35.8784542294522 -78.4652325290245,35.8782922309469 -78.4648675291094,35.878188231565 -78.4644795292184,35.8780542322447 -78.4637455294284,35.8777932335372 -78.4633465294512,35.8777602341338 -78.4621815294428,35.8777542357881 -78.4615965294377,35.8777522366178 -78.4611515294157,35.8777732372271 -78.4593735293268,35.8778602396591 -78.4585765292887,35.8778982407504 -78.4576185292425,35.877945242061 -78.4564455292349,35.8779402437259 -78.4558295292561,35.8779042446322 -78.4553925292766,35.8778712452822 -78.4543985292461,35.8778982466631 -78.453536529224,35.8779162478659 -78.4530735292084,35.8779312485069 -78.4513945291594,35.8779762508403 -78.4509655291167,35.8780302513963 -78.4506715290499,35.8781202517271 -78.450365528931,35.8782842520049 -78.4499695287546,35.8785302523326 -78.4497005286063,35.8787392525159 -78.4498125289351,35.8782732527983 -78.4498415292271,35.8778592531491 -78.4498615294121,35.8775972533689 -78.4499595311194,35.8751812555178 -78.4499965317508,35.8742892563102 -78.450043532466,35.8732802571995 -78.4501545341373,35.870927259272 -78.4501595345907,35.8702872598712 -78.4501375347695,35.8700322601435 -78.4499825350035,35.8696832606912 -78.449767535225,35.8693432613141 -78.4492705355487,35.8688192625053 -78.4485975359529,35.8681482640804 -78.4481555361721,35.8677682650568 -78.4478005363966,35.8673892659101 -78.4473215366054,35.867010266936 -78.4464345369243,35.8663962687514 -78.4458305370916,35.8660442699244 -78.4452265372252,35.8657372710544 -78.4447365373213,35.8655032719565 -78.4441005374398,35.8652042731224 -78.4436435375321,35.8649752739729 -78.4427935377058,35.8645382755642 -78.4421945378046,35.864261276656 -78.4414795378721,35.8640042778898 -78.4403395379316,35.8636612797935 -78.4398235379598,35.8635002806601 -78.4387385379854,35.8632092824372 -78.4381545379581,35.8631172833335 -78.4374905379165,35.8630282843378 -78.4367465378718,35.8629232854678 -78.4362085378427,35.8628402862912 -78.4348155378311,35.8625072885312 -78.4320115377469,35.8619022929752 -78.4316065377277,35.861823293609 -78.4310275376655,35.8617732944573 -78.4301905375834,35.8616842956987 -78.4299065375584,35.8616482961252 -78.4295385375446,35.8615652967108 -78.4286425375429,35.861297298196 -78.4282105375434,35.861162298917 -78.4277275375155,35.861065299674 -78.4271955374572,35.8610113004598 -78.426874537432,35.8609583009523 -78.4261775373682,35.860859302007 -78.4256985373314,35.8607753027461 -78.4251515373163,35.8606223036415 -78.4244425373157,35.8603793048418 -78.4238615373347,35.8601343058663 -78.423550537347,35.8599963064206 -78.4228985373512,35.8597483075451 -78.4222235373714,35.8594503087457 -78.4215885373692,35.8592093098392 -78.4208195373488,35.8589493111343 -78.4198715373216,35.8586223127356 -78.4187345372841,35.8582243146598 -78.4183175372725,35.8580683153741 -78.4173045372782,35.8575963171909 -78.4167155372647,35.8573533182185 -78.4158635372517,35.8569743197285 -78.4156535372454,35.8568863200957 -78.415247537224,35.8567373207867 -78.4142655371413,35.8564453223969 -78.4128135370224,35.855979324806 -78.4121645369458,35.8558243258351 -78.4109425367958,35.8555343277704 -78.4103975367233,35.855415328624 -78.4099635366641,35.855322329302 -78.4088765365133,35.8550873310015 -78.4082525364324,35.8549293319968 -78.4076155363541,35.8547493330287 -78.4067075362484,35.8544633345246 -78.4053415360845,35.8540203367842 -78.4049645360376,35.8538973374081 -78.4038335358913,35.8535303392771 -78.4022925356797,35.8530313418202 -78.4019105356277,35.8528983424582 -78.4013055355406,35.8526983434591 -78.4003185353831,35.8524133450557 -78.3994915352335,35.8522283463467 -78.3978605348919,35.8520233487546 -78.3962945345489,35.8518683510299 -78.3961595345208,35.8518473512325 -78.3949095342569,35.8516613531008 -78.3944955341678,35.8516033537163 -78.3936045339849,35.851427355084 -78.3930805338716,35.8513463558691 -78.3918585336086,35.851135357718 -78.3912135334704,35.8510103587049 -78.3905825333358,35.8508763596801 -78.3901525332468,35.8507643603618 -78.3897715331692,35.8506533609755 -78.3894585331058,35.8505563614845 -78.3893235330791,35.8505093617083 -78.3891785330513,35.8504533619533 -78.3890145330179,35.8504003622217 -78.3886975329582,35.8502653627676 -78.3881545328604,35.8499933637365 -78.3840385320327,35.8479333710618 -78.3826675317234,35.847247373495 -78.3802705311477,35.8459813777955 -78.3791255308534,35.8453783798446 -78.3787455307512,35.8452043805027 -78.3782115306048,35.8449723814168 -78.3775785304275,35.8447103824892 -78.3770965302931,35.8444653833426 -78.3764835301234,35.8440663844984 -78.3759265299663,35.8436843855638 -78.3753805298108,35.8432533866533 -78.3746925296088,35.8427133880225 -78.3734965292422,35.841755390415 -78.3731145291213,35.8414253911978 -78.3708785283686,35.8399723953851 -78.3696615279345,35.8391823976587 -78.3690595277133,35.8387873987854 -78.3689345276669,35.8387063990184 -78.3685475275217,35.8384423997502 -78.3680705273402,35.8381134006546 -78.3678235272451,35.8379454011208 -78.3673935270778,35.8376494019349 -78.3667635268285,35.8372184031247 -78.3663105266479,35.8369464039493 -78.3659245264966,35.8368094045763 -78.365500526335,35.8367774051705 -78.3650015261479,35.8368044058184 -78.3634815255846,35.8369614077331 -78.3617905249578,35.8370724099144 -78.3613115247793,35.8370864105461 -78.3610895246999,35.8371294108101 -78.3600315243426,35.8375294119158 -78.3599095242818,35.8373714122037 -78.3598145242234,35.8371404125126 -78.3597005241598,35.8369324128288 -78.3596455241168,35.8367124130752 -78.3594775240195,35.8363834135586 -78.3594095239732,35.836185413805 -78.3593155239183,35.836004414073 -78.3591935238483,35.8357844144089 -78.3589575237246,35.8354824149616 -78.3588695236815,35.8354004151437 -78.3586405235758,35.8352514155669 -78.358430523482,35.8351474159294 -78.3583295234343,35.8350764161202 -78.3582225233748,35.8349224163838 -78.3581675233425,35.8348294165301 -78.3580335232559,35.8345384169369 -78.3578845231709,35.8343184173081 -78.3578165231347,35.8342414174592 -78.3577435230971,35.8341704176122 -78.3576485230465,35.8340654178212 -78.3575875230122,35.8339834179668 -78.357506522965,35.8338624181695 -78.357391522886,35.8335934185331 -78.3573715228685,35.8335164186199 -78.3573655228567,35.8334394186881 -78.3573245228212,35.833285418863 -78.3572835227891,35.8331594190161 -78.3572085227381,35.832994419245 -78.3570605226396,35.832692419678 -78.3570065226016,35.8325664198483 -78.3569865225789,35.8324514199647 -78.3569595225374,35.8322094201895 -78.3569385225148,35.8320994203032 -78.3569115224918,35.8320064204117 -78.3568705224627,35.8319124205397 -78.3567975224182,35.8318034207219 -78.3567365223847,35.8317424208507 -78.3566085223187,35.8316494210938 -78.3562915221656,35.8315064216274 -78.3561295220853,35.8314194219108 -78.3560145220274,35.8313524221162 -78.3558465219455,35.831276422399 -78.3557245218881,35.8312374225917 -78.3554675217654,35.8311444230062 -78.3552395216548,35.831051423382 -78.3550905215831,35.830996423623 -78.3549215214988,35.8309144239115 -78.3548685214704,35.8308754240124 -78.3548405214481,35.8308044241047 -78.3546765213384,35.8305364245308 -78.3527135206306,35.831414426464 -78.3517645202987,35.8318344274042 -78.3507055199386,35.8323134284472 -78.3476775189562,35.8336694314497 -78.346964518734,35.8339814321644 -78.3466695186412,35.8341014324673 -78.346362518543,35.8342154327908 -78.3458915183921,35.8343844332921 -78.3455305182746,35.8345014336859 -78.3452455181812,35.834588434001 -78.3448885180617,35.8346844344057 -78.3440025177601,35.834890435435 -78.3436595176409,35.834956435844 -78.343357517534,35.8350054362111 -78.3429525173873,35.8350564367145 -78.3425085172258,35.8351074372703 -78.3420995170737,35.8351404377928 -78.3416325168975,35.8351674383976 -78.3411205167005,35.8351814390724 -78.3408325165876,35.8351814394578 -78.3402915163714,35.8351664401932 -78.3373865151936,35.8350374441776 -78.3366075148762,35.8350014452469 -78.3364135147974,35.8349934455124 -78.3361095147447,35.8352084457596 -78.3349885142891,35.8351574472979 -78.3347085141754,35.8351454476815 -78.3315145128716,35.8350014520622 -78.3307165125449,35.8349664531557 -78.3293855119984,35.8349064549806 -78.3290535118622,35.834892455435 -78.3256505104486,35.8347174601148 -78.3252515102856,35.8347054606572 -78.3220425089573,35.834575465043 -78.3214025086963,35.8345604659097 -78.3190815077184,35.8344414690984 -78.3157075062985,35.8342894737174 -78.3146065058335,35.8342404752238 -78.3140775056155,35.8342284759394 -78.3139465055554,35.8342134761251 -78.3136345054243,35.8342014765506 -78.3129345051266,35.8341684775094 -78.3111235043565,35.8340864799873 -78.3108355042354,35.8340764803793 -78.3100425039032,35.8340514814565 -78.3097815037982,35.8340514818053 -78.3094135036541,35.8340584822923 -78.3089005034634,35.8340864829585 -78.3084385032962,35.8341194835531 -78.3080245031553,35.8341644840753 -78.3076395030286,35.834213484556 -78.3072355029032,35.8342774850519 -78.3068565027934,35.8343504855082 -78.3065505027086,35.8344154858725 -78.3063255026495,35.8344684861369 -78.3059445025546,35.8345664865789 -78.3055715024748,35.8346834869973 -78.3049635023617,35.8349004876616 -78.3046165023078,35.8350404880299 -78.3043465022743,35.8351624883076 -78.3038745022283,35.8353944887806 -78.3037175022169,35.835477488934 -78.3033315020171,35.8353954895069 -78.302837501747,35.835268490255 -78.3025845016041,35.8351964906428 -78.3016925010862,35.8349244920219 -78.3000475001011,35.8343934945828 -78.2992304996064,35.8341304958531 -78.2979704988326,35.8337194978142 -78.2977514986968,35.8336474981552 -78.2969374981919,35.83338349942 -78.2964314978722,35.8332135002097 -78.2954534972125,35.8328295017723 -78.2950854969486,35.8326645023737 -78.2947394966894,35.8324945029488 -78.2943974964246,35.8323155035245 -78.2940804961679,35.8321345040679 -78.2937664959065,35.8319465046117 -78.2932444954555,35.8316135055289 -78.2914274938416,35.8304265087354 -78.2907344932207,35.8299805099518 -78.2908114932437,35.8299655098594 -78.2913824934224,35.8298645091673 -78.2927324938535,35.8296325075274 -78.2931294939857,35.8295705070412 -78.2947524945105,35.8292875050742 -78.2951984946547,35.8292075045355 -78.2955824947806,35.8291405040705 -78.2960784949375,35.8290445034763 -78.2969544952039,35.8288555024405 -78.2975644953864,35.8287165017245 -78.2981924955778,35.8285765009856 -78.2988974957927,35.8284165001584 -78.3004324962697,35.8280714983565 -78.3010134964475,35.8279324976807 -78.3017184966668,35.8277664968592 -78.3015534964653,35.827563497216 -78.3013444962976,35.827448497571 -78.3011554961524,35.8273554978846 -78.3010074960253,35.8272614981445 -78.3008454958952,35.8271734984187 -78.3006764957754,35.8271074986873 -78.3005484956883,35.8270634988867 -78.3004474955934,35.826987499072 -78.3003904955215,35.8269154991963 -78.2999914952868,35.8268384997765 -78.2997134950813,35.8267195002251 -78.2996164949811,35.8266335004116 -78.2995654949592,35.8266365004771 -78.2994724948466,35.8265285006732 -78.2994024948016,35.8265095007787 -78.2992944947086,35.8264435009662 -78.2992204946315,35.8263775011087 -78.2996824947222,35.8261785006324 -78.3006074949102,35.8257824996779 -78.3015304951038,35.8253864987275 -78.3013444949437,35.8252724990507 -78.3011444947565,35.825126499414 -78.3003844939854,35.824484500853 -78.2997604938211,35.8247045015273 -78.2997614938025,35.8246745015463 -78.2986584935489,35.8251115027068 -78.2970234925197,35.8247465051111 -78.2969864925685,35.824847505092 -78.2969424927933,35.8252195049001 -78.2969634928364,35.8252695048387 -78.2970644929107,35.8253085046791 -78.2971254929216,35.8252805046174 -78.2971724929402,35.8252745045594 -78.2972194929681,35.8252825044919 -78.2972704930149,35.8253165044017 -78.2972824930549,35.8253685043508 -78.297217493091,35.8254705043681 -78.2970754929906,35.8254215045886 -78.2968664928614,35.8253775048943 -78.2966714927167,35.8253005052036 -78.296577492631,35.8252395053687 -78.2965164925691,35.8251905054821 -78.2964484924891,35.8251195056196 -78.2963814924015,35.8250365057638 -78.296300492289,35.8249265059445 -78.2961864921717,35.8248335061574 -78.2959634919973,35.8247345065181 -78.2957614918589,35.8246745068248 -78.2954714916917,35.8246355072336 -78.2951274915468,35.8246685076655 -78.2949924914846,35.8246735078403 -78.294864491419,35.8246685080126 -78.2946554913058,35.8246515082997 -78.2944254911715,35.8246185086253 -78.2942374910539,35.8245805088987 -78.2941424909734,35.8245305090574 -78.2940954909285,35.8244985091408 -78.2940144908361,35.824421509299 -78.293873490657,35.8242615095916 -78.2938054906085,35.8242395096959 -78.2934344904234,35.8242345101886 -78.2931714903022,35.8242455105281 -78.2930034902276,35.8242565107424 -78.292881490179,35.8242725108927 -78.2927134901429,35.8243385110704 -78.2924974901299,35.8244705112676 -78.2922884901088,35.824585511467 -78.2921054900585,35.824640511672 -78.2919374899881,35.8246565118831 -78.2917484899041,35.8246675121252 -78.2915194897928,35.8246675124274 -78.2914314897465,35.8246625125468 -78.291350489695,35.824645512665 -78.2911754895628,35.8245795129396 -78.2910874894807,35.8245245130921 -78.2910064893984,35.8244645132387 -78.2908854892492,35.8243385134816 -78.2907844891131,35.8242175136948 -78.290615488853,35.8239705140809 -78.2905954888273,35.8239485141218 -78.2905144887558,35.8239045142576 -78.2900564884188,35.8237505149629 -78.2898944883148,35.8237175151982 -78.2896984882019,35.8236955154711 -78.2895574881358,35.8237005156536 -78.289246487982,35.8237005160634 -78.289112487912,35.8236955162433 -78.2889774878372,35.8236845164285 -78.2888554877644,35.8236675166004 -78.2887144876748,35.823640516804 -78.2885794875755,35.8235965170108 -78.2884444874924,35.8235745172032 -78.2883024874095,35.8235575174014 -78.288120487311,35.8235465176485 -78.2877904871229,35.8235135181049 -78.2876554870439,35.8234975182933 -78.287520486956,35.8234695184894 -78.2878034870193,35.8233655181848 -78.2879794870372,35.8232715180146 -78.2881414870409,35.8231675178695 -78.2882284870319,35.8230965178015 -78.2883034870081,35.8230135177573 -78.2884114869655,35.8228825177011 -78.2886334867981,35.8225035176579 -78.2888224866396,35.8221575176367 -78.2888834865657,35.8220145176505 -78.288910486523,35.8219375176657 -78.2889234864812,35.821871517692 -78.2889244863571,35.8217015178025 -78.2889714862361,35.821503517871 -78.2890384861622,35.8213555178803 -78.2891194861235,35.8212455178463 -78.2892414860864,35.8211085177762 -78.289510486078,35.8209055175567 -78.2896184860577,35.8208005174841 -78.289706486028,35.8206965174371 -78.2897944859702,35.8205535174159 -78.2899694858315,35.820235517396 -78.2900574857505,35.8200595173967 -78.2901724856566,35.8198455173871 -78.2902804855947,35.8196805173544 -78.2904694855526,35.8194825172375 -78.2906304855241,35.8193235171315 -78.2907184854886,35.8192085170923 -78.2907864854383,35.8190875170832 -78.2908134854055,35.8190215170915 -78.2908224853773,35.8189755171101 -78.2908614854148,35.8189985170438 -78.2911404857485,35.8192565165077 -78.2918714853248,35.818104516314 -78.2925564850126,35.8171265160676 -78.2928754849993,35.8168545158318 -78.2932414850527,35.8166385154977 -78.2940044853145,35.8164005146605 -78.2945324855534,35.816317514027 -78.2957404861278,35.8161645125535 -78.2973834869156,35.8159585105491 -78.2994584879366,35.815725508001 -78.3030154897077,35.8153275036359 -78.3035434899909,35.8152985029679 -78.3042904904242,35.8153115019858 -78.3056614912366,35.8153655001625 -78.3063514916409,35.8153854992497 -78.3069854919587,35.8153104984753 -78.307840492356,35.8151514974714 -78.3084574925955,35.8149494968077 -78.3079594918823,35.814189497982 -78.3071064906568,35.8129084999759 -78.3067074900644,35.8122875009222 -78.3065814898903,35.8121155012043 -78.3064094896276,35.8118385016182 -78.3062164893537,35.8115655020565 -78.30603948911,35.8113295024484 -78.3059394889321,35.811127502717 -78.3057834887204,35.8109265030573 -78.3055784884138,35.8106155035366 -78.3052424879053,35.810099504326 -78.3048894874026,35.8096165051141 -78.3046574870471,35.8092595056589 -78.3044094866687,35.808883506237 -78.3044924867054,35.8088575061477 -78.3051124870336,35.8087545054178 -78.305123486907,35.8085275055595 -78.3051814864956,35.8077655060081 -78.3053794849519,35.8049165077107 -78.3058144852424,35.8049205071493 -78.3058414850211,35.8045095073974 -78.3058994846085,35.803733507857 -78.305956484192,35.8029505083228 -78.3060254836638,35.8019595089167 -78.3060394835655,35.8017735090268 -78.3060984831825,35.8010425094547 -78.3061584827332,35.800194509962 -78.3060914826866,35.8001955100467 -78.3049934819299,35.8002245114275 -78.3038834811732,35.8002665128149 -78.3040224800901,35.7982925139893 -78.3040754796866,35.797553514428 -78.3040894794918,35.7972105146451 -78.3049834801463,35.7972115135088 -78.3049694798276,35.7966885138856 -78.3049644797785,35.7966115139448 -78.3053884800891,35.7966085134087 -78.3067864811174,35.7966055116364 -78.3074534816082,35.7966045107905 -78.3080034820151,35.7966075100903 -78.3080694820575,35.7965965100141 -78.3081374820953,35.7965745099431 -78.3081924823956,35.7970375095527 -78.3082234825086,35.7971985094019 -78.3082554825942,35.7973095092844 -78.3082904826718,35.7974025091755 -78.3083654828228,35.7975745089611 -78.3084024828883,35.7976435088663 -78.3084504829634,35.7977155087554 -78.3085754831396,35.7978685084905 -78.3095304843639,35.7988365066037 -78.3100294850015,35.7993505056109 -78.3105714856941,35.7999185045246 -78.3106624858037,35.8000025043501 -78.3108214859907,35.8001415040504 -78.3109504861342,35.8002395038175 -78.311056486249,35.80031450363 -78.3117484869704,35.8007575024375 -78.3121314873803,35.8010275017598 -78.3123984877983,35.8014705011087 -78.3125094880581,35.8018205007218 -78.3125234882124,35.8020975005101 -78.312651489584,35.8045604986215 -78.3126744897733,35.8048944983581 -78.3126924898727,35.8050624982173 -78.3127124899301,35.8051474981321 -78.3127504900187,35.8052694979978 -78.3127814900756,35.805339497909 -78.3128804902321,35.8055154976584 -78.3129464903263,35.8056134975049 -78.3133844909163,35.8062014965294 -78.3134754910429,35.8063324963204 -78.3135114910965,35.8063914962327 -78.3135784912052,35.8065184960573 -78.3136394913221,35.8066694958728 -78.3137714916078,35.8070614954275 -78.3137854916577,35.8071414953534 -78.3140114914853,35.8065174955007 -78.3142754912567,35.8057284957158 -78.3144954910492,35.8050314959233 -78.3149934906118,35.8034984963637 -78.315212490505,35.8029874964432 -78.3159814902824,35.8014704965297 -78.3160544902633,35.8013284965367 -78.3166924901215,35.8001224965749 -78.3167794901049,35.7999614965778 -78.317551489978,35.7985524965924 -78.3181634898898,35.7974324966089 -78.3186014898359,35.7966344966196 -78.3199684896683,35.794057496723 -78.3205664896154,35.7929314967712 -78.3206654896008,35.7927294967906 -78.3214104894913,35.7911844969564 -78.3225094892817,35.7887074973507 -78.3228304892694,35.7880764974012 -78.323570489088,35.7862274978044 -78.3237564890474,35.7857654979045 -78.3239034890034,35.7853694980061 -78.3243454888797,35.7841844983087 -78.3244934888416,35.7837904984084 -78.3248724890609,35.7835394981174 -78.3255654894374,35.7830094976375 -78.3258464895951,35.7828024974376 -78.3262494898242,35.7825084971491 -78.3265834900141,35.7822604969135 -78.327052490304,35.7819654965446 -78.3274364905652,35.7817804962017 -78.3279574909074,35.7814924957639 -78.3285704913282,35.7811924952212 -78.3291894917571,35.7808914946723 -78.3294024919094,35.7807984944759 -78.3296354921018,35.7807654942109 -78.3299194923612,35.7807924938388 -78.3303194927695,35.7809494932275 -78.3306554931173,35.7810974927021 -78.3310454934901,35.7811854921534 -78.3316464940049,35.78115449143 -78.332173494434,35.7810624908434 -78.3326814948358,35.7809364903055 -78.3333264953391,35.7807514896415 -78.3338544957582,35.780616489086 -78.3343824962014,35.7805514884791 -78.3350224967554,35.7805224877067 -78.3361444977381,35.7805054863276 -78.3380804994431,35.7805054839263 -78.339973501116,35.7805264815626 -78.3421755030491,35.7805044788479 -78.3431445038923,35.780463477677 -78.3441565047804,35.7804484764332 -78.3443405043675,35.7780314780351 -78.3444525040328,35.7761914792902 -78.3444985038949,35.7754294798108 -78.3445335038531,35.7751154800055 -78.3446145038561,35.7748084801384 -78.3447595039228,35.7745164801814 -78.3449575040548,35.7742884801108 -78.3452005042326,35.774072479976 -78.345501504479,35.7739144797261 -78.3457735047089,35.7738004794786 -78.3460825049838,35.773729479153 -78.3464325053055,35.7736944787498 -78.3482645070296,35.773690476503 -78.3489155076428,35.7736914757027 -78.3508705094843,35.7736954732987 -78.3516785102454,35.7736974723048 -78.3520635106131,35.7737284718081 -78.3525375110754,35.7738264711503 -78.3548455133285,35.7744014678691 -78.3552655137327,35.7744824672899 -78.3554685137237,35.7730474681555 -78.3558055140389,35.7730174677653 -78.3562125144203,35.7729844672917 -78.3584085164813,35.7728014647408 -78.3591475170742,35.7717704646424 -78.3592275171394,35.7716614646299 -78.3587655166346,35.7710974656372 -78.3585425163902,35.7708334661167 -78.3584015162383,35.7706954663971 -78.3582455160691,35.770535466713 -78.3580635158743,35.7703764670598 -78.3578365156315,35.7701864674857 -78.3576175153989,35.7700224678813 -78.3574495152213,35.7699074681763 -78.3573325150966,35.7698204683871 -78.3569235146606,35.7695274691151 -78.3556625133132,35.7686994712981 -78.3556175132648,35.7686704713755 -78.3546765122344,35.7679684730672 -78.354448511977,35.7677574735084 -78.354235511737,35.7675694739134 -78.3540765115551,35.7674134742278 -78.3538165112531,35.7671354747594 -78.3537085111263,35.7670134749852 -78.3535645109544,35.7668354752981 -78.3533165106553,35.766515475847 -78.3531275104226,35.7662484762831 -78.3525155096481,35.7652924777644 -78.3521995092432,35.7647934785326 -78.3518645088127,35.7642754793378 -78.3518145087478,35.7641954794601 -78.3522615092158,35.7642504788763 -78.3525295095317,35.7644994783595 -78.3552545123783,35.7649044747433 -78.3561385132975,35.7650364735689 -78.3565805137537,35.7650814729979 -78.3566215137607,35.7648104731593 -78.3567705139072,35.764766473013 -78.3569655140948,35.7646734728492 -78.3571605142778,35.7645414727158 -78.3572545143679,35.7644914726409 -78.3573225144342,35.7644644725797 -78.3573965145079,35.7644474725033 -78.3575115146244,35.7644364723725 -78.3578815150015,35.7644204719368 -78.3580375151613,35.7644204717478 -78.3581245152517,35.7644314716338 -78.3583465154841,35.7644754713304 -78.3584945156374,35.7644914711386 -78.3586835158321,35.764502470901 -78.3588315159836,35.7645024707217 -78.3590415161974,35.7644914704759 -78.3592725163096,35.7633014711289 -78.3592905163197,35.7632194711715 -78.3619275190594,35.7633434678848 -78.3623815195306,35.7633654673183 -78.3636225208174,35.7634234657713 -78.363625520815,35.7633384658349 -78.3636775208003,35.7622864666051 -78.3637025208253,35.7622704665876 -78.3638375209623,35.7622094664729 -78.3640125211407,35.7621384663179 -78.3641815213122,35.7620554661796 -78.3643765215109,35.761967466014 -78.3644815216174,35.7619094659333 -78.364495521631,35.7618904659315 -78.3648815220224,35.761654465653 -78.3650295221704,35.7615174655833 -78.3651705223151,35.7614514654656 -78.3655425226938,35.7611984652182 -78.3656895228429,35.7610774651372 -78.3657705229265,35.7610384650706 -78.3659325230944,35.7609724649278 -78.3660195231833,35.7609064648755 -78.366108523274,35.7608304648288 -78.3661755233419,35.7607644648006 -78.3663095234801,35.7606814647053 -78.3663905235647,35.7606544646292 -78.3664985236766,35.7605934645477 -78.3665925237737,35.7605334644823 -78.366788523975,35.7603624643826 -78.3668145239999,35.7602914644079 -78.3668615240472,35.760220464408 -78.3669425241342,35.7602474642889 -78.3669975241941,35.7602914641876 -78.3670505242523,35.7603464640799 -78.3671385243494,35.7604564638861 -78.367178524394,35.760521463786 -78.3671995244179,35.7605714637209 -78.3672655244905,35.7606534635759 -78.3673675246009,35.7607304633915 -78.3675635248113,35.7608344630723 -78.3678265250921,35.7609394626714 -78.3680005252765,35.7609664624402 -78.3682775255691,35.7609774620975 -78.3684055257047,35.7610044619216 -78.3685675258768,35.7610594616823 -78.3687025260203,35.7611144614755 -78.3689455262788,35.7612464610768 -78.3689925263289,35.7612844609897 -78.3690255263644,35.7613284609146 -78.3690935264389,35.7615044606916 -78.3691605265114,35.7616364605049 -78.369208526563,35.7617134603853 -78.3693835267495,35.7619274600024 -78.3695595269357,35.7620864596624 -78.3696595270409,35.7621464594935 -78.3697675271543,35.762196459323 -78.3699225273167,35.7622564590876 -78.3702195276272,35.7623334586671 -78.3703465277599,35.7623714584832 -78.3708525282876,35.7624924577747 -78.3709875284283,35.7625414575722 -78.3710885285333,35.7625904574107 -78.3711965286456,35.7626564572271 -78.3713985288551,35.7628154568548 -78.371484528944,35.7629154566703 -78.371520528981,35.7629864565696 -78.3715405290013,35.7630684564793 -78.3715615290223,35.7632054563435 -78.3715745290345,35.7634364561416 -78.3715675290265,35.7635684560437 -78.3715545290125,35.7636784559707 -78.3715205289767,35.7638374558837 -78.3714875289421,35.7639584558261 -78.3714545289073,35.7641454557154 -78.3714335288849,35.7643594555684 -78.3714395288908,35.7644124555184 -78.3726625301428,35.7644724539883 -78.3739175314265,35.7645264524241 -78.3744705319918,35.764547451737 -78.3746355321604,35.7645554515306 -78.3750955326304,35.7645734509586 -78.3750975326377,35.7644334510699 -78.3750765326154,35.7644544510783 -78.3752405328054,35.7638774513485 -78.3754375330437,35.7629914518304 -78.3763525339919,35.7630074507112 -78.3783555360667,35.7630444482595 -78.3791005368382,35.7630574473481 -78.3800175377874,35.7630744462255 -78.3800675378784,35.7625924465609 -78.3801935380352,35.7622824466634 -78.380415538297,35.7619254466887 -78.3808765388255,35.7614074465585 -78.3825055407395,35.7594564462048 -78.3830605414045,35.7587924460864 -78.3835125419389,35.7583594459017 -78.3840985426391,35.7577794456787 -78.3848755435591,35.7571534452662 -78.3853165440811,35.7568294450069 -78.386132545074,35.7560804446528 -78.3863335453184,35.7559094445547 -78.3868945460207,35.7553134443804 -78.3874775467566,35.7546954441995 -78.3877555470851,35.7545654439761 -78.3885775480577,35.7541964433036 -78.3900915498447,35.7536254419765 -78.390749550626,35.7533784413997 -78.391540551326,35.754402439595 -78.3919675516722,35.7550914385048 -78.3924155520195,35.7558684373142 -78.3927335522254,35.7566094363083 -78.3929445523488,35.7571564355938 -78.3931235524277,35.7577424348842 -78.393598552994,35.7574884345293 -78.3940505535302,35.7572694341727 -78.3943675539171,35.7570694339621 -78.3947055543123,35.7569434336639 -78.3954935551996,35.756818432826 -78.3958955556555,35.7567434324082 -78.3964645563011,35.7566394318152 -78.3977495577581,35.756425430459 -78.3991025593038,35.7561754290532 -78.3998465601531,35.75605042827 -78.4002075605878,35.7559054279625 -78.4005455609981,35.7557604276826 -78.4012475618601,35.7554334271241 -78.4021955630392,35.7549614263973 -78.4026705636281,35.7547424260187 -78.4031895642513,35.7545804255388 -78.4037985649711,35.7544364249362 -78.4041595653944,35.7543644245676 -78.4048345661678,35.7542944238226 -78.4058265672894,35.7542444226823 -78.4067955683747,35.7542304215382 -78.407427569095,35.7541834208251 -78.4078825696226,35.7541234203345 -78.4084325702805,35.7539924197927 -78.4094925715733,35.7536784188029 -78.410114572348,35.7534564182556 -78.4105285728452,35.7533644178428 -78.4108005731689,35.7533134175634 -78.4110965734993,35.7533194172055 -78.4113665737702,35.7534094168048 -78.4117315741166,35.753583416217 -78.4125625748725,35.7540564148104 -78.4132005754678,35.7543674137754 -78.4135735758335,35.7544984132148 -78.4141215763926,35.7546304124442 -78.4146675769731,35.7546984117323 -78.4151065774598,35.7547014112055 -78.4155595779923,35.7546284107292 -78.4167545793817,35.7544804094338 -78.4178365806483,35.7543324082739 -78.4196225827394,35.7541014063488 -78.4200795832748,35.7540444058545 -78.4207425840493,35.7539684051317 -78.4212755846757,35.7539004045569 -78.4222805858433,35.7538054034435 -78.4235625873333,35.7536884020201 -78.4257795899528,35.7534113996273 -78.4264285907361,35.7533013989534 -78.4268495912836,35.7531523985867 -78.4270365915171,35.7531063984056 -78.4276055922406,35.7529423978765 -78.4279465926758,35.7528423975612 -78.4288035937712,35.7525933967671 -78.4290645940994,35.7525293965146 -78.4293225944156,35.7524823962504 -78.4293865946525,35.7521673964608 -78.429433594815,35.7519583965951 -78.4293305947257,35.7519053967658 -78.4292155946721,35.7517573970371 -78.4291695946458,35.7517073971373 -78.4291015945824,35.7516803972427 -78.4289935944652,35.751669397381 -78.4288455943309,35.7516033976169 -78.4287845942671,35.7515923976994 -78.4287105941771,35.7516033977774 -78.4286495941076,35.7516033978499 -78.4286025940598,35.7515923979157 -78.4285835940721,35.7515263979982 -78.4285225940505,35.7514333981552 -78.4285015940301,35.7514263981865 -78.4283715938839,35.7514223983446 -78.4282665937841,35.7513833985047 -78.4282395937615,35.7513673985513 -78.4281045936779,35.751229398837 -78.4280505936581,35.7511473989755 -78.4279965936524,35.7510373991395 -78.4279965936861,35.7509713991994 -78.4280235937476,35.7509113992218 -78.4280775938406,35.750850399213 -78.4280645938507,35.7508013992729 -78.4280305938367,35.7507523993577 -78.4280305938622,35.7507023994031 -78.4280795939322,35.7506753993695 -78.4282665941554,35.750658399163 -78.4283545942646,35.7506423990731 -78.4283745943189,35.7505813991047 -78.4283545943129,35.7505483991584 -78.428286594246,35.7505263992591 -78.4282125941667,35.7505153993569 -78.4281915941564,35.7504883994063 -78.4281925941969,35.750411399475 -78.428225594263,35.7503563994858 -78.4282335943029,35.7502963995308 -78.4282185943,35.750268399574 -78.4281695942686,35.7502193996766 -78.428057594154,35.7501913998348 -78.4279905940962,35.7501533999487 -78.4280045943883,35.7499454000047 -78.4280045949011,35.7498073998274 -78.4279845952459,35.749708399724 -78.4279575955195,35.7496263996506 -78.4279025958426,35.7495223995821 -78.4277955962101,35.749390399539 -78.4277355965685,35.7492753994621 -78.4277015969197,35.7491703993672 -78.4276605975863,35.7489783991687 -78.4276265987741,35.7486483987844 -78.4275406011702,35.7479773980223 -78.4274926019073,35.7477643978046 -78.4274526032932,35.747379397356 -78.4274326036571,35.7472753972455 -78.4274256039763,35.7471873971404 -78.4274046042796,35.7470993970517 -78.4273516047696,35.7469513969232 -78.4273506048354,35.7469333969012 -78.4272236063795,35.7464793964647 -78.4271966068398,35.7463473963262 -78.4271766072858,35.7462213961871 -78.4271366076719,35.7461053960842 -78.4271026078788,35.7460393960388 -78.427048607918,35.7460123960669 -78.4268806078317,35.7459843962265 -78.4267996077398,35.7459843963208 -78.4266646076277,35.7459733964638 -78.4265496075792,35.7459513965693 -78.4263476075959,35.7458853967192 -78.4262466076863,35.7458303967657 -78.426024607945,35.7456933968467 -78.4259576080927,35.7456333968469 -78.4258966082919,35.7455613968246 -78.4258226087596,35.7454133967189 -78.4257006097881,35.7451003964548 -78.4256946100086,35.7450393963827 -78.4257076102879,35.7449683962756 -78.4257156106436,35.7448753961458 -78.4257086110046,35.7447763960255 -78.4256536114159,35.7446493959246 -78.4254926124198,35.7443313956984 -78.4254516128657,35.7441993955745 -78.4254456133101,35.7440783954244 -78.4254586136528,35.7439903952952 -78.4254926142837,35.7438313950497 -78.425505614727,35.7437163948855 -78.4255066149965,35.743644394791 -78.4254986151702,35.7435953947366 -78.4254316155461,35.7434743946568 -78.4253716161537,35.7432933944909 -78.425344616884,35.7430893942572 -78.4252916176226,35.7428753940402 -78.4251426187053,35.7425403937761 -78.4251026191305,35.7424143936583 -78.425014619976,35.7421613934302 -78.424994620364,35.7420513933101 -78.4249136211541,35.7418153930959 -78.4247926220454,35.7415403928764 -78.4247586222501,35.7414753928307 -78.4247116226307,35.7413593927333 -78.4246776228168,35.741299392694 -78.4246506230331,35.7412333926389 -78.4245906232949,35.7411453925927 -78.4245296234958,35.7410733925684 -78.4243886238694,35.740931392544 -78.4243006240406,35.7408593925503 -78.4241926242083,35.7407823925728 -78.4240116245603,35.7406343925855 -78.4239636247313,35.7405743925618 -78.4237956252251,35.740392392515 -78.4237346254863,35.7403043924693 -78.4236616259997,35.7401453923443 -78.4236336263387,35.7400463922467 -78.4236076269228,35.7398823920618 -78.423620627535,35.7397223918379 -78.4236406276991,35.7396843917656 -78.4236946280053,35.7396183916183 -78.4238706289167,35.7394263911684 -78.4239446294316,35.7393103909333 -78.423970629789,35.739222390789 -78.4239776299797,35.7391733907171 -78.4239716305894,35.7390083905086 -78.4239516308961,35.7389203904162 -78.423883631292,35.7387943903284 -78.4238306314392,35.7387393903163 -78.4237496318022,35.7386183902495 -78.423694631966,35.7385583902331 -78.4236686321243,35.738508390197 -78.4236346325578,35.7383823900706 -78.4236416328943,35.7382943899477 -78.4236676335356,35.7381303897041 -78.4236746339169,35.7380303895656 -78.4236676341148,35.7379753895015 -78.4235206347722,35.7377563893802 -78.4234396350761,35.7376513893338 -78.4233786352747,35.7375803893093 -78.4233046356462,35.7374593892339 -78.423277635841,35.7373993891856 -78.4232576361294,35.7373163890993 -78.4232236369522,35.7370863888363 -78.4232046376306,35.7368993886127 -78.4232106379886,35.7368053884829 -78.4232306383768,35.7367073883323 -78.4232716388551,35.7365913881347 -78.4233516394319,35.736460387874 -78.4234396399613,35.7363443876241 -78.4235276405279,35.7362183873612 -78.423594641094,35.736086387114 -78.4236346415485,35.7359763869257 -78.4236486419336,35.7358773867808 -78.4236896425087,35.7357353865496 -78.4237166426837,35.7356963864686 -78.4237366432584,35.7355483862531 -78.4237226435122,35.7354763861745 -78.4236956438118,35.7353883860895 -78.4236496440273,35.7353173860478 -78.4235416444635,35.735169385974 -78.4234806446666,35.7350973859474 -78.4233726449796,35.7349823859167 -78.4232786454126,35.7348393858336 -78.4232586457387,35.734746385734 -78.42326464622,35.7346193855611 -78.4232986464399,35.7345703854594 -78.4234336467687,35.7345213852461 -78.4235076469307,35.7344993851355 -78.4235686471198,35.734466385025 -78.423675647523,35.7343893848061 -78.4237036476764,35.7343563847321 -78.4237906480355,35.7342853845433 -78.4239316487029,35.7341473842075 -78.4239986491038,35.7340593840187 -78.4240206493104,35.7340103839305 -78.4240466496671,35.733922383787 -78.4240596500284,35.7338293836513 -78.4240536505374,35.7336913834778 -78.4240536511947,35.7335153832482 -78.4240406515878,35.7334063831203 -78.4239996521825,35.7332353829421 -78.4239326528465,35.7330383827585 -78.4238716533788,35.7328783826165 -78.4238576536104,35.7328123825457 -78.4238586539178,35.7327303824375 -78.423851654239,35.7326423823303 -78.4238516546089,35.732543382201 -78.423871654959,35.7324553820642 -78.4238856554223,35.7323353818921 -78.423878655949,35.7321923817131 -78.4238526562089,35.7321153816409 -78.4237706567565,35.7319453815084 -78.4236566580735,35.7315603811297 -78.42362965868,35.7313903809369 -78.4236296591957,35.7312523807565 -78.4236226592705,35.7312303807354 -78.4236236597013,35.731115380584 -78.4235756609022,35.7307803801982 -78.4235696613256,35.7306653800543 -78.4235356616596,35.7305663799618 -78.423495663015,35.730192379516 -78.4234886635607,35.7300443793301 -78.4234486643407,35.7298243790856 -78.4234276646475,35.7297363789932 -78.4234156650236,35.7296323788701 -78.4234026651332,35.7295993788409 -78.4241066660328,35.7295573780262 -78.4243716664281,35.7295263776998 -78.4245686667478,35.7294963774481 -78.4247496670693,35.7294613772073 -78.4249196674052,35.7294193769693 -78.4255696688508,35.7292153760036 -78.4263776705508,35.7289873748383 -78.4267676712663,35.7289053743127 -78.427828673092,35.7287143729257 -78.4284866740879,35.7286323721133 -78.4290246746865,35.7286233715237 -78.4295156751614,35.7286343710102 -78.4333206773833,35.7291153675264 -78.4335896775705,35.7291413672693 -78.4340976780537,35.7291553667397 -78.4348446786451,35.7292083660012 -78.4357356793701,35.7292663651134 -78.4382036813687,35.7294303626554 -78.4388496820278,35.729436361966 -78.4393706797325,35.7302133623561 -78.4396776784361,35.7306563625658 -78.439986677392,35.7310313626888 -78.4402146768478,35.7312463627035 -78.4406386762679,35.7315283625858 -78.4415016751238,35.7320933623316 -78.4418926744171,35.7324013622777 -78.4423806733706,35.732831362264 -78.4428026738552,35.7328223617905 -78.4448696762353,35.7327763594695 -78.4468346784038,35.7327583572945 -78.4479936797275,35.7327353559972 -78.448476680277,35.7327263554573 -78.4492926811683,35.7327213545573 -78.4514546835683,35.7326973521605 -78.4534656857703,35.7326833499411 -78.4545486869792,35.7326693487387 -78.4551586876784,35.7326563480556 -78.4551616883951,35.7324573478248 -78.4551706887452,35.7323623477064 -78.4551896891204,35.7322633475724 -78.4552156894959,35.7321663474331 -78.4552536899379,35.7320543472636 -78.4554446916253,35.7316403465824 -78.455514692395,35.7314463462846 -78.4555386927752,35.7313473461455 -78.4555516931832,35.7312373460059 -78.4556026968596,35.7302263447969 -78.4556366974974,35.7300583445685 -78.4556646978459,35.7299693444367 -78.4557116982788,35.7298623442639 -78.4558376991032,35.7296693439078 -78.4558906995961,35.7295473437115 -78.4559147001514,35.729399343517 -78.4559137004118,35.7293263434349 -78.4558847008898,35.7291843433044 -78.4552497063613,35.7274713420311 -78.4551987068995,35.727306341897 -78.4551477075381,35.7271133417308 -78.4551087081392,35.7269343415677 -78.4550707088561,35.7267233413669 -78.4550427095799,35.7265133411565 -78.4550177104503,35.7262633408971 -78.4550117108528,35.7261493407731 -78.4550117117134,35.7259093404986 -78.4550347137917,35.7253363398188 -78.4550327142056,35.7252203396882 -78.4550237145512,35.7251213395845 -78.4549807152634,35.7249103393885 -78.4549407157169,35.7247723392728 -78.4557107171634,35.7245903382534 -78.4558217173566,35.7245683381114 -78.4558937174595,35.7245603380264 -78.4560257175848,35.7245633378908 -78.4561747176668,35.7245833377566 -78.4562467176694,35.7246033377035 -78.4585607168042,35.725514336291 -78.4598957162665,35.7260533354812 -78.4602307163294,35.726133335215 -78.4607117166794,35.7261753347513 -78.4610967171112,35.7261663343325 -78.4619047179681,35.7261613334692 -78.4623937180357,35.7262853330872 -78.4635047177156,35.7267013323645 -78.4637827176329,35.7268063321839 -78.4638917186676,35.7265463317824 -78.4639087189935,35.7264593316688 -78.4640757219937,35.7256613306161 -78.4642047244398,35.7250083297637 -78.4642347249736,35.7248663295764 -78.4643607271077,35.7243003288235 -78.4644827287024,35.7238853282409 -78.4646497304913,35.7234283275657 -78.4649467325931,35.7229203266998 -78.4655257362254,35.7220603251581 -78.4662707403462,35.7211083233499 -78.466566742256,35.7206523225491 -78.4667477439391,35.720227321902 -78.4674627498438,35.7187573195786 -78.4678337528728,35.7180033183868 -78.4683757576822,35.7167913165322 -78.468526759008,35.7164573160206 -78.4688997622632,35.7156373147647 -78.4691047637321,35.7152773141728 -78.4693647653037,35.7149033135116 -78.4696337668866,35.7145283128413 -78.4700677687217,35.7141273119795 -78.4704557702574,35.713798311242 -78.4714737741326,35.7129773093578 -78.471881775841,35.7126033085576 -78.4723247777886,35.7121703076623 -78.473178782018,35.7111983057977 -78.4734557838033,35.7107643050704 -78.4737547856051,35.7103313043238 -78.4742017888333,35.7095303030497 -78.4761218025152,35.7061312976624 -78.4767428069257,35.7050322959348 -78.4777968143919,35.7031682930203 -78.4779348153644,35.7029252926413 -78.4781448168792,35.7025452920547 -78.4784428190404,35.70200229122 -78.4786638204142,35.7016652906691 -78.4789948225684,35.7011322898166 -78.4792838242766,35.700716289124 -78.4795928260887,35.7002752883888 -78.4797538270192,35.7000492880101 -78.4802408298123,35.6993712868726 -78.4804038307398,35.6991462864946 -78.4805228314643,35.698968286205 -78.4806338322817,35.6987612858936 -78.4816458321722,35.6990582852621 -78.48204983219,35.6991592849914 -78.4827378319485,35.6994102846086 -78.4833218316761,35.6996432843021 -78.4838878314402,35.6998612839959 -78.4842518314276,35.6999612837584 -78.4848178314793,35.7000962833682 -78.4854038316084,35.7002142829419 -78.4868618319003,35.7005172818872 -78.4876908321343,35.7006702812667 -78.4885998325558,35.7007902805385 -78.4891478328801,35.7008422800793 -78.4902988329649,35.7011262792817 -78.4917768331729,35.7014632782261 -78.4931978332923,35.70181227723 -78.4958968336234,35.7024482752988 -78.4964538338403,35.7025362748579 -78.4969598342506,35.7025532743986 -78.4992738362354,35.7025992722682 -78.4995758364911,35.702606271991 -78.5028018434943,35.7026772766487 -78.5032718446823,35.7026652774741 -78.5036228457743,35.702594278037 -78.5040288471513,35.7024772786589 -78.5044528489455,35.7022462792167 -78.5048558506719,35.7020192797429 -78.5052218523053,35.7017922802051 -78.506096856098,35.7012802813441 -78.5072998612768,35.7005792829309 -78.5078358634895,35.700293283666 -78.5082878651091,35.7001272843496 -78.5089218674826,35.699861285285 -78.5104958732493,35.6992322876502 -78.510958874758,35.6991042883947 -78.5112978757545,35.6990442889666 -78.5116458766769,35.6990142895784 -78.5121628778997,35.6990162905232 -78.5127838793353,35.6990292916658 -78.515165885154,35.6989792959749 -78.5157698866266,35.6989672970685 -78.5168428891645,35.6989712990294 -78.5185358934251,35.698893302066 -78.5187268939031,35.6988853024094 -78.5196178961189,35.6988523040144 -78.5198768967309,35.6988533044881 -78.520410898104,35.6988183054405 -78.5208688992243,35.69880730627 -78.521766901344,35.6988113079131 -78.5225439029958,35.6988763093734 -78.5240529063064,35.6989693121855 -78.5259049104379,35.6990623156197 -78.5269769128288,35.6991173176062 -78.5274779140151,35.6991193185206 -78.5273619143291,35.6989143181929 -78.5272599149625,35.6986103178339 -78.5271329179793,35.6974593169454 -78.5271079202299,35.6966583164426 -78.5270529224087,35.6958583158837 -78.5270099235696,35.6954213155538 -78.5269839247328,35.6949973152628 -78.526973927298,35.6941003147309 -78.5270229301707,35.6931433142765 -78.5270419315753,35.692671314043 -78.5270849359459,35.6911893132792 -78.527107938892,35.6901853127508 -78.5270459413357,35.6892903121197 -78.5269709450861,35.6879333111974 -78.5268999506877,35.6859393099156 -78.5268829514221,35.6856723097288 -78.5267869519679,35.6854123093883 -78.5264569533885,35.6846783083054 -78.5263759531849,35.6846893081495 -78.526263952843,35.6847253079459 -78.5261359523858,35.6847893077268 -78.5260899521779,35.6848273076569 -78.5260059516977,35.6849313075494 -78.525929951179,35.6850543074693 -78.5258639507829,35.6851423073889 -78.525828950842,35.685096307292 -78.5252939511555,35.6845983059274 -78.5256299525862,35.6843513064556 -78.525881953613,35.684181306862 -78.5260579543096,35.6840693071505 -78.5261329545693,35.684034307281 -78.5260389547948,35.6838883070066 -78.525912954936,35.683748306671 -78.5257579549268,35.6836393062945 -78.5253959548244,35.6834133054306 -78.5252729548026,35.6833323051341 -78.524304954231,35.6828353028771 -78.5241129541268,35.6827343024265 -78.5233449537052,35.6823343006218 -78.5231109565281,35.6812142994511 -78.5228339589915,35.6801892982445 -78.5227109596647,35.679877297796 -78.5224199610487,35.6792112967764 -78.5219119634944,35.678044294982 -78.5215729655297,35.6771342936924 -78.5213489669364,35.676514292824 -78.5212639673721,35.676312292515 -78.5215339675552,35.6764292931593 -78.5226119682563,35.6769102957324 -78.522718968726,35.6768232959028 -78.5229099694946,35.6766912962221 -78.5233559710964,35.6764472970099 -78.5249529766988,35.6756082998737 -78.5270809840835,35.6744923037431 -78.5280949876848,35.6739213055859 -78.5286089894212,35.6736603065412 -78.528811990034,35.6735823069332 -78.5292379912197,35.673453307776 -78.5294049917108,35.6733933081016 -78.5295099920315,35.6733513083042 -78.5295829922878,35.6733103084387 -78.5297649924326,35.673382308868 -78.5299059925642,35.6734313091968 -78.5300159927187,35.6734513094434 -78.5301799930335,35.6734513097951 -78.530595993973,35.6734013106609 -78.5307769943427,35.673393311045 -78.5310189947732,35.6734053115705 -78.5312169950941,35.6734263120061 -78.5315649956329,35.6734723127762 -78.5318039959882,35.6735093133076 -78.5319189962035,35.6735113135552 -78.5322089968693,35.6734723141572 -78.5326329978698,35.6734053150328 -78.532955998609,35.6733623157043 -78.5334129996876,35.673289316649 -78.5337620005361,35.6732243173665 -78.5339270008687,35.673218317718 -78.5340640011062,35.6732273180165 -78.5342120013291,35.6732493183449 -78.5343770015268,35.6732923187198 -78.5347010018126,35.6734143194733 -78.5350000020327,35.6735433201755 -78.5352480022627,35.6736333207492 -78.5355240025475,35.6737233213823 -78.5357460027673,35.6737993218928 -78.5358800028427,35.6738663222104 -78.5359780028164,35.6739453224564 -78.5360610026579,35.6740623226875 -78.5361390022859,35.6742543229419 -78.5362150018835,35.6744563231963 -78.5362570016032,35.6745893233465 -78.5362670013508,35.6746893234133 -78.5362670009511,35.6748363234803 -78.5362760007592,35.6749133235345 -78.5363110005066,35.6750313236626 -78.5364169999335,35.6753183240181 -78.5365399989713,35.6757613244793 -78.536631998471,35.6760123247871 -78.5366469982753,35.6760953248562 -78.5366549980497,35.6761843249132 -78.5366339977913,35.676264324905 -78.5366039976183,35.6763063248607 -78.5365129972843,35.6763633246946 -78.5364009970064,35.676384324468 -78.5363309968493,35.6763913243236 -78.5361719965276,35.6763943239898 -78.5358259958889,35.6763783232532 -78.5357699957648,35.6763833231375 -78.5357139956107,35.6763993230268 -78.5356689954319,35.6764323229472 -78.5353709938102,35.6768103224957 -78.5351949927854,35.6770573222416 -78.5350369917758,35.6773113220294 -78.5347579898755,35.6778013216771 -78.5345699885294,35.6781543214525 -78.5342869866513,35.6786303210909 -78.5341539858764,35.678814320903 -78.5340219850392,35.6790213207289 -78.5338929841132,35.6792623205782 -78.5336069819797,35.6798243202604 -78.5335219814857,35.6799403201418 -78.533435981186,35.6799853199864 -78.5333299809119,35.6800063197781 -78.5348749837132,35.6801323230243 -78.5355659851249,35.6801313244479 -78.534900978027,35.6822243240667 -78.5348319773128,35.6824323240248 -78.5355119779951,35.6827003255313 -78.536149978686,35.682935326933 -78.5368529794858,35.6831823284679 -78.5375999803707,35.6834343300894 -78.5398709831584,35.6841793349815 -78.5405639840194,35.6844073364661 -78.5444359889444,35.6856773446872 -78.5454229902273,35.6860013467631 -78.5462499913503,35.6862573484913 -78.5465649917687,35.6863593491496 -78.5498509961797,35.6874323559716 -78.5502499967246,35.6875623567939 -78.5502529974346,35.6872773567198 -78.5502799989294,35.6866953566101 -78.5502989998858,35.6863243565439 -78.5503640033255,35.6849863562996 -78.5504310076562,35.683287355961 -78.5504360079255,35.683182355942 -78.5504630088052,35.6828483559038 -78.5504770094086,35.6826153558675 -78.5505020097612,35.6824933558845 -78.5498070083716,35.6824703544661 -78.5489490065936,35.6824673527221 -78.5486380059564,35.6824633520891 -78.5473960034022,35.6824513495619 -78.5470850027602,35.6824493489293 -78.5458440001882,35.6824453464065 -78.5455379995593,35.6824423457837 -78.5443159970401,35.6824333432974 -78.5443169976935,35.6821803432097 -78.5443240003058,35.6811713428662 -78.5436839990147,35.6811613415519 -78.5432189980735,35.6811553405974 -78.5430899978444,35.681141340328 -78.5429659976725,35.6811093400621 -78.5427819974736,35.6810403396593 -78.5426959974245,35.6809913394647 -78.5425449973931,35.6808843391148 -78.542438997499,35.6807603388504 -78.5423749976444,35.6806543386789 -78.5423239978088,35.680551338535 -78.5423029979512,35.6804803384648 -78.5422779982943,35.680329338356 -78.5422759985148,35.6802433383192 -78.5422929988054,35.680145338317 -78.5423369993153,35.6799843383465 -78.5423799997499,35.6798513383848 -78.5424580004745,35.6796343384638 -78.5425670017252,35.6792393385403 -78.5428250046613,35.6783113387284 -78.5428680050674,35.6781883387722 -78.542957005776,35.6779843388819 -78.5430140061473,35.6778853389642 -78.5436790102669,35.676806339962 -78.5438220111261,35.6765833401822 -78.5440860123078,35.6763273406465 -78.5442920139885,35.6758323409051 -78.5436530127296,35.6758343395545 -78.5428810112747,35.6758113379133 -78.5427770110732,35.675810337693 -78.5422200101138,35.6757593364955 -78.5423040121295,35.6750503364038 -78.5423970123238,35.6750453365995 -78.5423290132511,35.6746393363009 -78.5425600147471,35.6742373366414 -78.5429130159548,35.6740353373198 -78.5430070169026,35.6737403374112 -78.5432330180898,35.6734503377883 -78.5436370189584,35.6734143386416 -78.5439400199528,35.6732543392341 -78.5446240225221,35.6727643405307 -78.5446450229886,35.6725983405178 -78.5447210236391,35.6724013406127 -78.544640023814,35.672273340393 -78.5446290241014,35.6721533403271 -78.5449660244507,35.6722663410946 -78.5452290251291,35.6721963416384 -78.5459020250052,35.6727463432765 -78.5461840255632,35.6727383438811 -78.5464050263246,35.672604344313 -78.5466310266714,35.6726373448108 -78.5467530274277,35.6724303450066 -78.5470850283543,35.6723133456854 -78.5471990287348,35.6722483459108 -78.5477200304952,35.6719413469402 -78.5480450315391,35.6717703475907 -78.5483090324008,35.6716253481182 -78.5484570325325,35.6716843484569 -78.5485570327837,35.6716593486661 -78.5481250330813,35.6712153475936 -78.5473650336035,35.6704413456974 -78.5471760337531,35.6702423452214 -78.5468560341867,35.6698353443909 -78.5466400351261,35.6693063437456 -78.5464470361346,35.6687683431452 -78.5463880367089,35.6684993429268 -78.5464160383027,35.6678913427889 -78.5465070415261,35.6666853425957 -78.5465440431363,35.6660763424791 -78.546565044849,35.6654153423103 -78.546573048619,35.6639333418444 -78.5465630520635,35.6625673413757 -78.5466540532741,35.6621513414478 -78.546833054998,35.6615913416761 -78.547011056138,35.661260341978 -78.5476970566462,35.6615223436358 -78.5480110569083,35.6616313443898 -78.5484360572889,35.661769345406 -78.5489100577705,35.6619013465312 -78.5499440588954,35.6621623489725 -78.5511170601762,35.6624613517346 -78.5514310605188,35.6625423524728 -78.5520460611771,35.6627073539183 -78.5530300621991,35.6629873562298 -78.5546170638577,35.6634433599443 -78.554980064239,35.6635483607915 -78.5560040654126,35.6638063631684 -78.5568650663994,35.6640263651624 -78.5570690666439,35.6640743656333 -78.5581580678764,35.6643643681493 -78.5591300690249,35.6646063703855 -78.5598690699542,35.6647683720781 -78.5620090725277,35.6653003769711 -78.5632180740098,35.6655963797223 -78.5635810744749,35.6656773805458 -78.5638340748073,35.6657303811188 -78.5641530847028,35.6615273813875 -78.5643090895148,35.6594763815315 -78.5644090921465,35.6583633816489 -78.5646270978957,35.6559253819132 -78.5647741035592,35.6534673820188 -78.5650051112083,35.6501603822561 -78.5651061140951,35.6489183823852 -78.5653101198953,35.646417382656 -78.5654811216973,35.6457083830172 -78.5656401234691,35.6450033833517 -78.5657111239439,35.6448323835145 -78.5658911240243,35.6449113839717 -78.5662561242197,35.6450573848966 -78.5663641242608,35.6451083851707 -78.5669861245923,35.6453603867433 -78.5679571251671,35.6457323891893 -78.5689481257834,35.6461043916759 -78.5720581275215,35.6474073994205 -78.5731181281824,35.647834402037 -78.5737711286406,35.6480764036436 -78.5745391292714,35.648319405529 -78.5751481297515,35.6485244070203 -78.5754851299494,35.648672407843 -78.5757331299794,35.6488394084454 -78.5768591300946,35.6496174111662 -78.5777821302988,35.6502114133829 -78.5785941305821,35.6506894153251 -78.5789431306211,35.6509394161533 -78.5795171308245,35.6512824175166 -78.5800131311305,35.6515144186966 -78.5804531314784,35.6516824197447 -78.5809161319542,35.6518034208514 -78.5814011325174,35.6518974220127 -78.5835441349944,35.6523294271282 -78.5843681360022,35.6524704290927 -78.585400137345,35.6526064315555 -78.5886881416323,35.6530534393757 -78.5893721425166,35.6531544409962 -78.5898591430509,35.6532814421371 -78.5907711438167,35.6536574442379 -78.5918801447958,35.6540964467854 -78.5922911450562,35.6543214477111 -78.5939311458096,35.6554084513313 -78.5948691462937,35.6560154533858 -78.5961021469775,35.6568034560677 -78.5965061471734,35.6570834569346 -78.5968461471562,35.6574324576276 -78.5970591471763,35.6576334580656 -78.5972381470154,35.657912458399 -78.5974171467573,35.6582524587121 -78.5975551464611,35.6585754589335 -78.5976491461794,35.658845459068 -78.5978191459812,35.6591424593699 -78.5979981457451,35.6594734596807 -78.5980821454357,35.6597524597866 -78.5981661449727,35.6601274598612 -78.5987971460332,35.6601274613198 -78.6013241502739,35.6601314671596 -78.601698152636,35.6590104684323 -78.6019221540383,35.6583424691984 -78.6028171595129,35.6557224722782 -78.6032351619792,35.6545394737211 -78.6041771631436,35.6547554758792 -78.6044131634351,35.6548104764187 -78.6050121669915,35.6530574785544 -78.6051631678763,35.6526194790954 -78.605354170073,35.6513354800813 -78.6053921704995,35.6510864802755 -78.6059951706849,35.6515834815299 -78.6065481715924,35.6515404828857 -78.6069881716734,35.6519474837749 -78.6072641720953,35.6519484844407 -78.6075961729273,35.6517244853403 -78.6082771739679,35.6517254869857 -78.6087001746122,35.6517274880071 -78.6091501750874,35.6518784890255 -78.6092201750818,35.6519584891579 -78.6093251752091,35.6519824894004 -78.6093531752112,35.6520114894546 -78.6094721752827,35.6520904897053 -78.609747175387,35.6523174902631 -78.6097991745829,35.6529484900945 -78.609522173838,35.6531724893258 -78.6091351731101,35.6532614883568 -78.6085251715846,35.6536654867126 -78.6081361700743,35.6542954855016 -78.6079681690997,35.6547904848818 -78.6077621685705,35.6549314843299 -78.6077111684636,35.6549494842007 -78.6076921683687,35.6549944841358 -78.6076371682597,35.6550094839986 -78.6075751680892,35.6550594838294 -78.6072471672436,35.6552834829532 -78.6072471669831,35.6554634828751 -78.607576166922,35.6558704834767 -78.6075751667259,35.6560054834152 -78.6073521655208,35.6565914826333 -78.6071851649915,35.6567704821624 -78.6071841645974,35.6570414820427 -78.6072381644898,35.657176482111 -78.6075131646115,35.6574024826581 -78.6075121643488,35.6575834825767 -78.6074021640404,35.6576724822801 -78.6073991633192,35.658168482057 -78.6070121622673,35.6584544810297 -78.6071751620382,35.6587984812611 -78.6074491621674,35.6590234818008 -78.6083851626221,35.659794483632 -78.6088261631038,35.6599754845711 -78.6093761633885,35.6604284856349 -78.6095401632207,35.6607444858673 -78.6097601633391,35.6609254862899 -78.6102021640241,35.6609714872855 -78.610643164395,35.6612434881707 -78.6108601638904,35.6618754883665 -78.6111901640824,35.6621464889912 -78.6114131643404,35.6622374894568 -78.6114971643353,35.6623464895957 -78.6114431641807,35.6623914894505 -78.6114161640669,35.662440489365 -78.6114441640617,35.66247948941 -78.6114711641013,35.6624844894692 -78.6115181641371,35.6625174895603 -78.6115781641569,35.6625784896675 -78.6116251641928,35.6626114897585 -78.6117201643267,35.6626334899644 -78.61186116457,35.6626334902859 -78.6119291646655,35.6626494904331 -78.6119691646528,35.6627094904947 -78.6119891645974,35.6627754905077 -78.6120231645963,35.6628194905635 -78.6121441647457,35.6628634908173 -78.6123531650841,35.6628804912848 -78.6124271651674,35.6629134914368 -78.6124401651453,35.66294649145 -78.612424165062,35.6629874913931 -78.6125501652384,35.6630184916644 -78.6126871654217,35.663058491956 -78.6127161655124,35.6630284920371 -78.6128241656928,35.6630334922802 -78.612972165956,35.6630284926195 -78.6130331660912,35.6630064927694 -78.6130791662152,35.6629734928908 -78.6130931663509,35.6628904929648 -78.613093166469,35.6628024930094 -78.6131201665814,35.6627534930957 -78.6131941667387,35.6627314932755 -78.6132681668518,35.6627424934386 -78.6133021668891,35.6627584935079 -78.6134291669683,35.6628634937436 -78.6136381671112,35.6630274941353 -78.6142921675483,35.6635544953482 -78.614447167709,35.6636374956563 -78.6146221679128,35.6637144960127 -78.6147091680358,35.6637364961982 -78.6148101681622,35.663774496407 -78.6150991685806,35.6638404970267 -78.6151531686462,35.6638624971373 -78.615268168769,35.6639224973657 -78.61573916923,35.6642024982809 -78.6158071692781,35.6642574984048 -78.6158341692479,35.6643174984334 -78.615834169063,35.6644604983559 -78.6158211688358,35.6646184982411 -78.6158481688523,35.664642498289 -78.6159141689763,35.6646364984411 -78.616009169292,35.6645214987178 -78.6160561694314,35.6644774988478 -78.616144169657,35.6644224990764 -78.616197169772,35.6644054992053 -78.6162511698669,35.6644054993273 -78.6163451699974,35.6644324995247 -78.6165271702328,35.6644984998993 -78.6168571707151,35.6645755006014 -78.6171061710976,35.6646195011386 -78.6173491714837,35.6646525016681 -78.6175981718669,35.6646965022047 -78.6177391720751,35.6647285025045 -78.617840172218,35.6647565027163 -78.6180011724543,35.6647945030575 -78.6181021726187,35.6648055032788 -78.6181431726772,35.6648165033649 -78.6181841727083,35.6648495034384 -78.6182911727261,35.6649865036011 -78.618419172698,35.6651905037721 -78.6185201726653,35.6653605039015 -78.6185401726672,35.6653875039308 -78.618574172618,35.6654755039565 -78.6185541723635,35.6656515038104 -78.6185341722507,35.6657135037298 -78.6185481721612,35.6658055037083 -78.6185411720877,35.6658545036645 -78.618514171991,35.6658935035815 -78.618480171903,35.6659155034928 -78.618467171805,35.6659755034292 -78.618521171874,35.6659975035374 -78.6186081720356,35.665992503735 -78.6187291723001,35.6659535040284 -78.6187831724374,35.6659205041683 -78.6188441726553,35.6658325043558 -78.6189581731715,35.6655795047581 -78.619032173533,35.6653935050322 -78.6190581736817,35.6653105051389 -78.6191061738816,35.6652175053009 -78.6191661740557,35.6651625054678 -78.619240174241,35.6651185056599 -78.619362174484,35.6650965059471 -78.6195031747335,35.6650965062643 -78.6196651749871,35.6651235066128 -78.6198051751873,35.6651625069046 -78.6200351754679,35.6652665073599 -78.6201691756253,35.6653325076218 -78.6202771757307,35.665403507822 -78.6204661759404,35.665507508184 -78.6206131759758,35.6656945084015 -78.6206541759486,35.6657775084434 -78.6208831760199,35.6660575087873 -78.6210051761467,35.6661335090142 -78.6211391763133,35.6661945092768 -78.6212471764276,35.666260509478 -78.6214491766593,35.6663695098627 -78.6214891767107,35.6663865099417 -78.6215431767492,35.6664355100322 -78.6215771767578,35.6664795100812 -78.6215971767342,35.6665295100951 -78.6216381767424,35.6665845101528 -78.621719176882,35.6665895103304 -78.6218531771298,35.666583510633 -78.6220351773787,35.6666495109982 -78.6221701775435,35.6667155112582 -78.6222911776576,35.6668035114732 -78.6223451776324,35.6669075115287 -78.622365177552,35.6670065115116 -78.622379177415,35.6671445114567 -78.6223991773806,35.6672045114637 -78.6224051772234,35.6673475113879 -78.6223931770724,35.6674575112926 -78.6223981769662,35.6675555112426 -78.6224261769266,35.6676325112567 -78.6224531768393,35.6677485112442 -78.6224801767792,35.6678415112459 -78.6224941765723,35.6680395111533 -78.6224601763882,35.6681435110131 -78.6224201762435,35.6682045108866 -78.6223791760264,35.6683255107206 -78.6223731759449,35.6683855106699 -78.6223861759428,35.6684075106849 -78.6224401760228,35.6684235107941 -78.6224931760481,35.668484510873 -78.6224951760001,35.66852851085 -78.6225211759961,35.6685725108798 -78.6225811760545,35.6686165109846 -78.6226081761051,35.6686155110448 -78.6226621762486,35.6685775111877 -78.6227231764562,35.6684955113737 -78.6227701766323,35.6684185115258 -78.6227961767768,35.6683355116353 -78.6227631768638,35.6682095116416 -78.6227631768965,35.6681815116592 -78.6228241772064,35.6680115119009 -78.6228641773691,35.6679345120379 -78.6229111776214,35.6677915122321 -78.6229241777407,35.6677095123125 -78.6229041778257,35.6676055123337 -78.622917177939,35.6675285124111 -78.6229441780265,35.6674955124918 -78.6231191784204,35.6674295129219 -78.6231861785929,35.6673855130985 -78.6231931786509,35.6673465131387 -78.6231701786592,35.6673035131149 -78.6230781785765,35.667231512956 -78.6230381785228,35.6672155128772 -78.6229641784473,35.6671655127443 -78.6229511784494,35.6671435127292 -78.6229841785789,35.6670835128404 -78.6230381787277,35.6670395129884 -78.6231661790353,35.666973513315 -78.6236841802356,35.6667425146157 -78.6237791804445,35.6667095148485 -78.6238791806496,35.6666875150856 -78.6240271809227,35.6666815154194 -78.6240671809694,35.6667035154944 -78.6241351809967,35.6667865155924 -78.6242161809425,35.6669615156598 -78.6242571808714,35.6670885156689 -78.6242981807764,35.6672365156642 -78.6243381807176,35.6673515156787 -78.6243711807021,35.6674175157092 -78.6244181807371,35.667461515785 -78.6245451808785,35.6675395160161 -78.6245941809185,35.6675825160968 -78.6246071808422,35.6676705160684 -78.6245461805631,35.6678185158369 -78.6245471805342,35.6678455158215 -78.6245801804556,35.6679675158152 -78.624641180485,35.6680395159033 -78.6247021805644,35.66806751602 -78.6248091807345,35.6680895162423 -78.6250321811287,35.6681005167283 -78.625119181257,35.6681275169029 -78.625213181353,35.6681945170667 -78.625435181525,35.6684025174198 -78.6254621815554,35.6684195174682 -78.6256511818463,35.6684685178528 -78.6258461821408,35.6685245182459 -78.6260571824384,35.6686045186579 -78.6262361826724,35.6686895189955 -78.6264781829597,35.6688315194331 -78.6267001832642,35.6689255198584 -78.6268561835027,35.6689695201719 -78.6269971837445,35.6689855204713 -78.627212184103,35.6690195209212 -78.6274751845511,35.6690525214772 -78.6275481846681,35.6690685216267 -78.6276431847889,35.6691185218012 -78.62774318489,35.6691955219679 -78.6278511850535,35.6692285221825 -78.6279791852776,35.6692395224562 -78.6280611853912,35.669274522612 -78.6281881855044,35.6693875228124 -78.6282681855868,35.6694485229455 -78.6283491856895,35.6694925230925 -78.6284101857798,35.6695135232117 -78.6285321860043,35.6695145234787 -78.6286051861627,35.6694925236543 -78.6286791863696,35.669426523863 -78.6287671866722,35.669294524149 -78.6289021870897,35.6691355245577 -78.6289821873121,35.6690645247836 -78.629063187514,35.6690145249972 -78.6291441877031,35.6689765252023 -78.6292281878755,35.6689595253992 -78.629421188242,35.6689485258318 -78.6294941883762,35.6689485259925 -78.6296221885885,35.6689705262585 -78.6296961886787,35.6690145263899 -78.6298571888311,35.6691525266452 -78.6299721888891,35.6693005267917 -78.6300601888916,35.6694545268742 -78.6300791888582,35.6695205268684 -78.6300861887798,35.6696085268204 -78.6300251883823,35.6698825264896 -78.6299581880344,35.6700975261885 -78.6299451879364,35.6701685261091 -78.629951187907,35.6702075260942 -78.6300381878986,35.6703715261663 -78.6301791879449,35.6705805263235 -78.6304081880724,35.6708715266121 -78.6304221880584,35.6709105266144 -78.6303751877721,35.6711025263732 -78.630361187626,35.6712185262588 -78.6303811875624,35.6713165262314 -78.6304141875275,35.671410526235 -78.630455187548,35.6714655262841 -78.6305821877028,35.6715475265001 -78.6306701878236,35.671591526659 -78.6307171878496,35.6716525267164 -78.6307381877887,35.6717505266906 -78.6307811876002,35.6720135265921 -78.6307791873176,35.6722855263896 -78.630921187085,35.6727765263376 -78.6311911873007,35.6730705267032 -78.6318341888898,35.6727135283501 -78.6318741889831,35.6726965284489 -78.6320361892919,35.6726965287979 -78.6321841895629,35.6727075291085 -78.6322451896792,35.6727075292398 -78.6323051898205,35.6726805293893 -78.6323651900056,35.6726095295717 -78.6324271901296,35.6726035297098 -78.6325001902359,35.6726365298423 -78.6325751903241,35.6726915299627 -78.6326961905061,35.6727405301864 -78.6330731912082,35.6727575309854 -78.6334151918927,35.672724531747 -78.6335101920894,35.6727085319638 -78.6336051923085,35.6726695321982 -78.6337191925792,35.6726145324859 -78.6338211928423,35.6725435327602 -78.6339011930634,35.6724725329872 -78.6339621932598,35.6723895331825 -78.6340561935815,35.6722415334992 -78.6340831937071,35.6721645336168 -78.6341171939251,35.6720055338128 -78.6341241939972,35.6719445338749 -78.6340971940514,35.6718355339004 -78.6340171940491,35.6716815338457 -78.6339351940707,35.6714995338078 -78.6339291941126,35.6714445338371 -78.6339351942353,35.6713295339384 -78.6339631943781,35.6712365340707 -78.6340361946487,35.6710985343354 -78.6340981948337,35.6710275345249 -78.6342181951166,35.6709675348322 -78.6342931952736,35.6709505350085 -78.6343661954104,35.6709505351673 -78.6344071954767,35.6709615352481 -78.6344741955601,35.6710055353597 -78.6346421957328,35.6711545356094 -78.634703195811,35.6711925357124 -78.6347571958915,35.6712145358127 -78.6348171960043,35.671214535943 -78.6349051961801,35.6712035361428 -78.6349521962893,35.6711815362621 -78.6351951968963,35.6710225369148 -78.6352221969886,35.670978537008 -78.6352291970688,35.6709075370789 -78.6352011970637,35.6708575370572 -78.6350601968774,35.6707755368143 -78.6350131968264,35.6707365367424 -78.6349581967844,35.6706725366726 -78.6349391968496,35.6705665367139 -78.6349461969359,35.6704895367893 -78.6349721970937,35.6703745369359 -78.6350741975342,35.6701105373651 -78.6351081976495,35.6700555374825 -78.6351681978283,35.6699845376694 -78.6352961981803,35.6698635380444 -78.6353701984213,35.6697535382929 -78.6354511987578,35.6695555386262 -78.6355061989724,35.6694355388414 -78.635572199208,35.6693145390817 -78.6356331993778,35.6692535392638 -78.6356671994611,35.6692315393559 -78.6358361998438,35.6691555397875 -78.6359362000541,35.6691275400295 -78.6360572002974,35.6691055403131 -78.6361592004899,35.6691005405413 -78.6362602006713,35.6691055407595 -78.6364212009419,35.6691335410911 -78.636535201127,35.6691605413202 -78.6367712014608,35.6692705417506 -78.6368782016023,35.6693315419365 -78.6369872017331,35.6694085421138 -78.6371752019255,35.6695785423891 -78.637390202044,35.6698865426107 -78.6374382020488,35.6699795426403 -78.6374502020258,35.6700295426259 -78.6374442018806,35.6701775424926 -78.6374172016962,35.6703255423135 -78.6374102015771,35.6704425422032 -78.6374162015149,35.6705235421506 -78.6374412014963,35.6705955421466 -78.6374842015269,35.6706505421957 -78.6375982016515,35.6707485423644 -78.6377322018373,35.6708205425976 -78.6379282021307,35.6709025429573 -78.6380092022825,35.6709025431336 -78.6381432025773,35.6708535434655 -78.6381702026225,35.6708595435194 -78.6381912026137,35.6709135435207 -78.6381642025238,35.6709575434258 -78.6381492024269,35.67103454333 -78.6381512023663,35.6711065432752 -78.6381832023675,35.6711725432906 -78.6382572024138,35.6712765433659 -78.6383192024619,35.6713535434371 -78.638399202544,35.6714305435474 -78.6385062026728,35.6715125437119 -78.6386282028293,35.6715955439079 -78.6389512032258,35.671837544407 -78.6391192034138,35.6719855446474 -78.6393142036486,35.6721395449405 -78.6393752037259,35.6721835450355 -78.6394342037804,35.6722495451077 -78.6395032038592,35.6723095452065 -78.6396562040163,35.6724635454075 -78.6398662042777,35.6726235457257 -78.6400212044551,35.672760545944 -78.6401622046717,35.672821546196 -78.6405662053772,35.6728985470001 -78.6406802055584,35.6729415472087 -78.6411112062196,35.6731345479702 -78.6413942065866,35.6733435483982 -78.6415752068147,35.6734865486631 -78.6416352069166,35.6735025487779 -78.6416962070471,35.6734865489225 -78.6417232071263,35.673453549009 -78.6417242072235,35.6733385491106 -78.6418982075984,35.6732885495275 -78.6419662077106,35.6733105496543 -78.6419792077174,35.6733325496631 -78.6420592077168,35.6735195496721 -78.64208020773,35.6735525496884 -78.6420802076807,35.6736125496362 -78.6420392075837,35.6736345495292 -78.6418982072672,35.6736895491794 -78.6418582071671,35.6737175490695 -78.6418242070612,35.6737665489542 -78.641824207038,35.6737945489299 -78.6418972069968,35.6740145488952 -78.6419652070472,35.6741125489555 -78.6421802073852,35.6742065493329 -78.6422142074329,35.6742285493863 -78.6422482074404,35.6742995493969 -78.6422672073912,35.6744045493459 -78.6423082073723,35.6745245493286 -78.6423472073915,35.6745935493514 -78.6423842074534,35.6746055494197 -78.6425042077702,35.6745025497655 -78.6425662079482,35.6744315499599 -78.6426182080579,35.6744205500804 -78.6426852081211,35.6745025501513 -78.6427452081254,35.674640550158 -78.6428062081062,35.6748105501384 -78.6427992080432,35.6748715500699 -78.6427662079482,35.6749095499663 -78.6426042075077,35.6750635494868 -78.6425302072789,35.6751675492386 -78.642536207214,35.675261549169 -78.6425912071383,35.6754865490884 -78.6426172070598,35.6756455490041 -78.6426372069202,35.6758655488535 -78.6426702068599,35.6760195487881 -78.6427382068557,35.6761895487824 -78.6427922068818,35.6762885488094 -78.6428652069326,35.6764035488621 -78.6429262069907,35.6764805489229 -78.643021207125,35.6765465490648 -78.6431962073911,35.6766455493458 -78.6433502076604,35.6766895496309 -78.6434582078691,35.6766955498528 -78.6435122079895,35.6766785499815 -78.6436332082287,35.6766785502361 -78.6438622086419,35.6767285506734 -78.6439422087789,35.6767555508175 -78.6439902088344,35.6768055508738 -78.6440032088302,35.6768435508671 -78.6440102087747,35.6769315508031 -78.6440302087883,35.6769645508157 -78.6441922090059,35.6770965510376 -78.6444412093588,35.6772775513974 -78.6445882095437,35.6774155515812 -78.6446762096381,35.6775195516717 -78.6447302096899,35.6775915517197 -78.6447832097282,35.6776785517519 -78.6448112097159,35.6777665517309 -78.6448312096832,35.6778605516877 -78.6448382096167,35.6779645516082 -78.6448242095423,35.6780245515247 -78.6447762093394,35.6781625512998 -78.644750209202,35.6782725511462 -78.6447632092026,35.6783055511434 -78.6448372093387,35.6783215512832 -78.6448842094585,35.678288551411 -78.6449522096458,35.6782225516125 -78.6450192098094,35.6781845517866 -78.6450872099372,35.6781955519184 -78.6451272099966,35.6782225519773 -78.6452412101363,35.6783385521095 -78.6453892103746,35.6784155523476 -78.6454972105831,35.6784265525625 -78.6456732108949,35.6784815528786 -78.6457402110174,35.6784975530034 -78.645854211205,35.6785525531902 -78.6459012112746,35.6785855532578 -78.6459682113634,35.6786465533411 -78.6461032115938,35.6787015535712 -78.6461642116919,35.6787345536676 -78.646264211832,35.6788165537998 -78.646298211843,35.6788935537994 -78.6463082117451,35.6790515536743 -78.646358211829,35.6790745537567 -78.6464462120023,35.6790805539337 -78.6465002120913,35.6791075540207 -78.6465732121935,35.6791685541156 -78.6466952123832,35.679245554297 -78.6468232125736,35.6793385544758 -78.6468682126367,35.6793765545337 -78.6468762126271,35.6794115545176 -78.6468642125711,35.6794545544528 -78.6468162124133,35.6795365542773 -78.6468362124258,35.6795745542833 -78.6470582127472,35.6797505545783 -78.6471052128464,35.67974555468 -78.6471932130771,35.6796745549281 -78.647247213235,35.6796085551014 -78.6472332132387,35.6795645551136 -78.6471672131531,35.6794985550387 -78.6471802132079,35.6794595551021 -78.647234213313,35.6794655552082 -78.6473012134328,35.6794875553263 -78.6474622136917,35.6795805555722 -78.6475092137588,35.6796195556328 -78.6477182142032,35.6795915560912 -78.6477992143439,35.6796245562276 -78.6478262143706,35.6796635562467 -78.647887214396,35.6798005562436 -78.6479002143865,35.6798505562233 -78.6478932143335,35.6799045561579 -78.6478122140577,35.6800585558457 -78.6477922139572,35.6801415557263 -78.6478462140364,35.680184555797 -78.6479202141636,35.6802175559183 -78.64792621414,35.6802675558836 -78.6478792139851,35.6803495557095 -78.6478732139448,35.6803885556603 -78.6479062139885,35.6804215556971 -78.6479472140566,35.6804435557607 -78.6480282142143,35.6804545559169 -78.6480952143635,35.6804375560708 -78.6481492144696,35.6804435561762 -78.6482362146047,35.6805035562983 -78.6483372147879,35.6805365564747 -78.6483912148941,35.6805425565801 -78.6484782150764,35.6805365567646 -78.6485732153019,35.6804925570018 -78.6486412154876,35.6804265572044 -78.6487272156901,35.6803885574176 -78.6488352158877,35.6804215576083 -78.6490172161871,35.6805255578832 -78.6490782162812,35.6805695579665 -78.6491452163682,35.6806415580352 -78.6491722163623,35.6807295580063 -78.6491722163011,35.6808175579219 -78.6491242161532,35.6808885577553 -78.6490712160095,35.6809385575987 -78.6490442159276,35.6809765575069 -78.6490232158307,35.6810535573902 -78.6490442158012,35.6811575573337 -78.6490642158152,35.6811965573373 -78.6491042158863,35.6812125574039 -78.6492192161113,35.681229557623 -78.6492662162351,35.6811905577567 -78.6493002163467,35.6811305578839 -78.6493562164729,35.681114558014 -78.6493802165431,35.681084558092 -78.6493872166052,35.6810155581727 -78.6494142167208,35.6809285583117 -78.6494352167688,35.6809215583615 -78.6495162169309,35.6809275585219 -78.6496642171971,35.6809825587724 -78.6497112173012,35.6809715588793 -78.6499322178302,35.680861559439 -78.6499662179149,35.6808395595301 -78.6499802179695,35.6808015595956 -78.6499602179626,35.680751559603 -78.6499862180459,35.6807075596991 -78.6500272181483,35.6806805598094 -78.6500812182664,35.680669559931 -78.6501422183879,35.6806745600515 -78.6502892186702,35.6807025603262 -78.6503212187486,35.6806835604104 -78.6502362186286,35.6806035603136 -78.6501692185138,35.680570560208 -78.6500812183303,35.6805755600223 -78.6499462180389,35.6805975597235 -78.6497832176524,35.6806745593141 -78.6497582176012,35.6806745592627 -78.6497242175994,35.6805755592885 -78.6497042175695,35.6805595592628 -78.6496502174555,35.680564559147 -78.6496162173708,35.6805865590559 -78.6495962172693,35.68067455893 -78.6495492171427,35.680718558791 -78.6495492171014,35.6807785587332 -78.6495092170186,35.6807795586501 -78.64947521698,35.6807345586236 -78.6494482169661,35.680674558626 -78.6494282169818,35.6805925586638 -78.6494012169687,35.680531558667 -78.6493262168644,35.680460558581 -78.6492392167705,35.6803395585182 -78.6492122167577,35.6802785585211 -78.6491922167739,35.6801965585586 -78.6491862168111,35.6801255586144 -78.6491922168636,35.6800675586823 -78.6492292169522,35.6800485587769 -78.6493002170893,35.6800595589127 -78.6493542171841,35.6800815590029 -78.649388217189,35.6801745589836 -78.6494342172373,35.6802405590148 -78.6494832173221,35.6802625590946 -78.6495232174038,35.6802625591769 -78.6495492175058,35.6801915592989 -78.649567217601,35.6801065594179 -78.6494762174327,35.6800815592544 -78.6494422173634,35.6800815591843 -78.6493672172604,35.6800095590989 -78.6493612172634,35.6799875591077 -78.6494012174051,35.6799005592739 -78.6494472176071,35.6797435595199 -78.6494892177097,35.6797185596308 -78.6496032179565,35.6796965598875 -78.6496512180347,35.6797245599597 -78.6496842180716,35.6797685599854 -78.6497382181889,35.6797575601075 -78.6497312182165,35.679696560152 -78.6497612183028,35.6796595602497 -78.6498042184085,35.6796325603647 -78.6497932184095,35.6795985603748 -78.6497042182597,35.6795535602343 -78.6495832180218,35.6795425599947 -78.6495092178524,35.6795705598146 -78.6494012176298,35.6795755595865 -78.649152217174,35.6795045591397 -78.6491052170905,35.6794875590587 -78.6490982171,35.6794535590768 -78.6489912169356,35.6793785589271 -78.6491482172619,35.6793665592637 -78.6495242179807,35.6794285599825 -78.649925218762,35.6794745607678 -78.650200219136,35.6797455610735 -78.650231219092,35.6799035609839 -78.6500872185388,35.680286560315 -78.6501972187025,35.6803765604541 -78.6503682190236,35.680418560765 -78.6505842194926,35.6803775612495 -78.6509722204341,35.6801535622678 -78.6511932208849,35.6801535627232 -78.6513582211321,35.680289562929 -78.6512952209094,35.6804325626584 -78.6513012208382,35.6805595625456 -78.6514672210889,35.6806955627524 -78.6518532218501,35.6807415634996 -78.6520182221007,35.6808775637031 -78.6520162218058,35.6813285632504 -78.6521262218879,35.6815535632514 -78.6523182221833,35.6817115634859 -78.6523402222064,35.6817465634958 -78.6523972223319,35.6817345636241 -78.6525122225691,35.6817355638578 -78.6528422230524,35.6820515642137 -78.6531722235956,35.6822775646578 -78.6535202242525,35.6823845652572 -78.6536762245536,35.6824225655357 -78.653844224903,35.6824225658771 -78.6539452251296,35.6823955661099 -78.6540062252869,35.6823455662849 -78.6541342256859,35.6821265667688 -78.6541602257798,35.6820605668891 -78.6541942259303,35.6819285670933 -78.6541942259933,35.6818245671995 -78.65418122601,35.6817525672466 -78.6541332259975,35.6816095672947 -78.6541412260674,35.6815215674008 -78.6542482263778,35.6813735677709 -78.6543092265301,35.6813295679407 -78.6543832266958,35.6813075681146 -78.6544842269069,35.6813025683264 -78.6545582270395,35.6813355684439 -78.6545982271022,35.6813685684919 -78.6546862272018,35.6815055685311 -78.6547202272261,35.6815825685213 -78.6547662272913,35.6816325685638 -78.6548202273832,35.6816655686401 -78.6550432277892,35.6817585689994 -78.6553392283499,35.6818465695122 -78.6555752288128,35.6818905699478 -78.6557422291488,35.6819075702706 -78.6558982294661,35.6819175705782 -78.6560722298322,35.6819075709433 -78.6561472299972,35.681890571114 -78.656476230731,35.6817975718825 -78.6567322312393,35.6818355723647 -78.6567662313125,35.6818305724393 -78.6568332314942,35.6817535726572 -78.6568742316219,35.6816765728221 -78.6569072317575,35.6815555730173 -78.6569422318876,35.6814515731986 -78.6569752319863,35.6813965733242 -78.6570352321527,35.6813195735284 -78.6571102323377,35.6812645737401 -78.6571842325083,35.6812315739264 -78.6572782327139,35.6812095741422 -78.6573852329341,35.6812095743613 -78.6574602330792,35.6812265744968 -78.6576152333624,35.6812925747438 -78.6576632334673,35.6812815748538 -78.6577422336571,35.6812315750687 -78.6577962337742,35.681220575191 -78.6578372338554,35.6812265752685 -78.658039234224,35.6813145755879 -78.6582012345284,35.6813695758604 -78.6582952347105,35.6813915760291 -78.6583482348229,35.6813855761439 -78.6584022349311,35.6813915762479 -78.658456235054,35.681369576382 -78.6586312354753,35.6812545768639 -78.658685235598,35.6812325769981 -78.6588002358405,35.6812215772454 -78.6588472359289,35.6812375773244 -78.6589812361503,35.681342577485 -78.6590162362167,35.6813535775447 -78.6590762363434,35.681347577674 -78.6591432364929,35.6813255778349 -78.6591972366212,35.6812925779811 -78.6592782368246,35.681221578224 -78.6593462369897,35.6811725784164 -78.6594052371229,35.6811495785623 -78.659473237271,35.6811335787189 -78.6596142375636,35.6811285790132 -78.6596952377221,35.6811445791617 -78.6598572380276,35.6811995794334 -78.6599312381714,35.6812165795663 -78.6600662384468,35.6812215798372 -78.6602742388829,35.6812055802806 -78.6603882391369,35.6811665805569 -78.6604702393514,35.6810735808272 -78.6606382397993,35.6808645814019 -78.6606852399173,35.6808205815469 -78.6607592400876,35.6807825817407 -78.6609272404404,35.6807655821044 -78.6609952405799,35.680765582244 -78.6610552407082,35.6807545823794 -78.661218241074,35.6806885827872 -78.6612852412319,35.6806455829726 -78.6614392416049,35.6805245834236 -78.6615202418153,35.6804305836949 -78.6617022423009,35.6801895843382 -78.6617692424634,35.6801345845377 -78.6618102425573,35.6801125846468 -78.6619112427712,35.680095584874 -78.662012242972,35.6801065850698 -78.6620792430932,35.680139585171 -78.662099243121,35.6801675851808 -78.6621052431027,35.6802335851192 -78.662086243036,35.6802935850128 -78.6620382428971,35.6803815848154 -78.6620122428081,35.6804585846756 -78.6620052427528,35.6805465845627 -78.6620112427423,35.6805955845201 -78.6620592428173,35.6806455845628 -78.6621262429494,35.6806565846881 -78.6622472432125,35.6806235849737 -78.6623142433649,35.6805905851485 -78.6624222435911,35.6805795853828 -78.6625032437395,35.6806175855065 -78.6625632438346,35.6806785855611 -78.6626252439394,35.6807275856332 -78.6627052440807,35.680777585741 -78.6627462441598,35.6807885858128 -78.6628332443382,35.6807885859914 -78.6629682446299,35.6807555863058 -78.6631292449894,35.6806895867112 -78.6632642453028,35.6806065870827 -78.6634462457186,35.6805085875682 -78.6636622462254,35.6803595881823 -78.6638572466995,35.6801845887836 -78.6639242468578,35.6801345889789 -78.6639902470087,35.6800965891584 -78.6640342471005,35.6800915892548 -78.6641192472648,35.680112589406 -78.6642742475715,35.6801345897002 -78.6643892478106,35.6801235899498 -78.6644962480427,35.6800905902083 -78.6646042482859,35.6800355904943 -78.6647522486237,35.6799485908999 -78.6648872489349,35.6798605912802 -78.6650012492237,35.6797225916753 -78.6650892494497,35.6796075919903 -78.6652172497544,35.6794975923825 -78.6653382500196,35.6794485926897 -78.6654192501705,35.679481592819 -78.6654862502777,35.679552592875 -78.6655202503265,35.6796025928872 -78.6655742503963,35.6797015928835 -78.665689250584,35.6798165929871 -78.665796250769,35.6798985931123 -78.6658972509547,35.6799485932623 -78.6659842511188,35.6799815934032 -78.666079251306,35.6799975935805 -78.6662672516889,35.6799975939682 -78.6663852519331,35.6799875942234 -78.6664632520857,35.6800035943655 -78.6666242523819,35.6800865945997 -78.6667052525367,35.6801135947349 -78.6669672530441,35.680184595191 -78.667021253146,35.6802065952762 -78.6670552531947,35.6802615952812 -78.6670692531779,35.6803825951669 -78.6670682531451,35.6804645950678 -78.667055253069,35.6805965948849 -78.6670482530029,35.6807345947073 -78.6670282529003,35.6808985944722 -78.6670282528526,35.681025594322 -78.6670412528586,35.6810805942836 -78.6670952529532,35.6811245943422 -78.6671892531424,35.6811355945217 -78.6672502532761,35.6811135946727 -78.6673312534653,35.6810525949111 -78.6674322536729,35.681052595118 -78.6675462538669,35.6811625952209 -78.6678152542931,35.681514595352 -78.6678762543992,35.681569595411 -78.6679292545007,35.681591595493 -78.6679702545836,35.6815965955708 -78.6680892548365,35.6815765958378 -78.6681392549405,35.6815745959423 -78.6681722550026,35.6815915959893 -78.6682862551935,35.6817175960712 -78.6683542552933,35.6818335960709 -78.6685222555223,35.682173596005 -78.6686162556657,35.6823225960172 -78.6687172558245,35.6824705960444 -78.6688512560526,35.6826185961382 -78.6689662562622,35.6827065962654 -78.6690872564922,35.6827725964311 -78.6694982573424,35.6827945972379 -78.6695722574912,35.6828115973672 -78.6697002577459,35.6828495975805 -78.6698142579748,35.6828775977775 -78.6700232584042,35.6828995981742 -78.670090258546,35.6828935983173 -78.6702392588693,35.6828555986657 -78.6703602591412,35.6827945989856 -78.6704202592734,35.6827725991342 -78.6705552595669,35.6827345994546 -78.6706362597377,35.6827285996262 -78.6707702600172,35.682728599898 -78.6708852602702,35.6826856001843 -78.6709592604364,35.6826466003825 -78.6710202605769,35.6826026005604 -78.6710672606931,35.6825426007299 -78.6711012607838,35.6824766008803 -78.6711212608572,35.6823716010505 -78.6711552609692,35.6822346012888 -78.6711812610479,35.6821526014429 -78.6712222611547,35.6820806016153 -78.6713172613795,35.6819876019238 -78.6713692614971,35.6819546020706 -78.6714502616732,35.6819266022703 -78.671558261903,35.6819056025165 -78.6716672621305,35.6818996027461 -78.6717872623677,35.6819386029423 -78.6718482624831,35.6819766030195 -78.6720162627903,35.6821196031837 -78.6721172629967,35.6821306033757 -78.6721852631471,35.6820976035553 -78.6722252632471,35.6820376037116 -78.6722592633672,35.6818616040005 -78.672279263424,35.68180660411 -78.6723602636163,35.6817186043852 -78.6724142637372,35.6816856045366 -78.6725292639779,35.6816746047852 -78.6725622640447,35.6816796048463 -78.6725822640783,35.681707604852 -78.6725892640793,35.681756604805 -78.6726162641183,35.6818176047836 -78.672629264127,35.6818836047275 -78.6726632641054,35.6822186043769 -78.6726962641226,35.6824056042096 -78.6727362641744,35.6825206041467 -78.6728242643114,35.682690604112 -78.6728852644148,35.6827786041252 -78.6729592645455,35.6828666041647 -78.6730262646706,35.6829216042313 -78.6731072648268,35.6829706043337 -78.6732222650523,35.683026604496 -78.6733292652689,35.6830536046786 -78.6734232654614,35.6830696048487 -78.6735522657281,35.6830816050946 -78.6736322658957,35.6830806052578 -78.6737202660839,35.6830646054562 -78.6738952664694,35.6829876059081 -78.6740102667318,35.6828996062527 -78.6740492668283,35.682839606408 -78.6741242670082,35.6827456066796 -78.6741842671494,35.682680606884 -78.6743262674724,35.6825706073122 -78.6744272676908,35.6825376075594 -78.6745082678568,35.6825486077099 -78.6745752679884,35.6825816078038 -78.6746292680877,35.6826366078431 -78.6747162682416,35.6827516078726 -78.6747902683818,35.6828116079459 -78.6749662687235,35.6829216081617 -78.6752412692477,35.683141608436 -78.6753152693851,35.6832186084866 -78.6753282694048,35.6832516084704 -78.6757602702255,35.6836366088464 -78.6759082705127,35.6837466090026 -78.6760832708506,35.6838886091712 -78.6761912710571,35.6839876092603 -78.6762912712472,35.684086609333 -78.676365271384,35.6841796093609 -78.6764262714933,35.6842736093613 -78.676467271563,35.684355609337 -78.6764932716031,35.6844276092955 -78.6765132716093,35.6846036091066 -78.6765872717371,35.68474560907 -78.6766622718771,35.6848396090977 -78.6767762720961,35.6849546091759 -78.6769042723463,35.6850646092882 -78.6770322726013,35.685152609429 -78.6772342730102,35.6852626096884 -78.6773152731765,35.6852956098069 -78.6775102735726,35.6853996100595 -78.6776982739604,35.6854716103397 -78.6777862741413,35.6855096104651 -78.677880274331,35.6855706105721 -78.6779752745203,35.6856466106611 -78.6781292748155,35.6858396107127 -78.6782232749908,35.6859876107039 -78.6782642750653,35.6860646106835 -78.6782842750987,35.6861196106504 -78.678311275128,35.6862846104856 -78.6783112750938,35.6864816102247 -78.6783242751104,35.6865476101631 -78.678351275159,35.6866026101437 -78.6784052752641,35.6866686101632 -78.6784862754264,35.686740610228 -78.6785872756314,35.6868176103256 -78.6787152758949,35.6868946104763 -78.6788572761891,35.6869716106544 -78.6789572763983,35.6870146107946 -78.6790592766153,35.6870366109667 -78.6791532768169,35.6870476111377 -78.6792602770483,35.6870476113489 -78.6795032775788,35.6870156118715 -78.6798332782981,35.6869766125755 -78.679927278502,35.6869716127679 -78.6801762790358,35.6870036132166 -78.6803512794037,35.6870806134583 -78.6805262797653,35.687207613632 -78.6807082801394,35.6873616137824 -78.6810382808182,35.6876576140306 -78.6812132811772,35.6878336141353 -78.6813272814129,35.6879386142163 -78.6813952815521,35.6880146142462 -78.6814892817409,35.6881526142424 -78.6815902819419,35.6883226142084 -78.6816042819687,35.6883556141907 -78.6816242820018,35.6884486141029 -78.6816172819802,35.6885036140141 -78.6815772818844,35.6885756138375 -78.6815222817588,35.68861961367 -78.6813012812647,35.6887016131264 -78.681220281081,35.6887516129001 -78.6811722809684,35.6888116127248 -78.6811662809452,35.6888936126016 -78.681199281007,35.6889816125462 -78.6812262810616,35.6890206125458 -78.6813542813319,35.6891136126687 -78.6814222814763,35.6891576127412 -78.6814752815847,35.6892286127476 -78.6814762815766,35.6893166126295 -78.6814352814733,35.6894266123998 -78.6814152814162,35.689536612211 -78.681414281407,35.6895966121273 -78.6814422814623,35.6896516121067 -78.6814752815314,35.6896846121258 -78.6816702819487,35.689805612339 -78.6817652821545,35.6898446124699 -78.6817862821986,35.6898666124806 -78.6818192822535,35.6900306123202 -78.6818592823325,35.6901186122772 -78.6820542827439,35.6903166123832 -78.6821152828707,35.6903996123874 -78.6821222828828,35.6904326123556 -78.6821222828695,35.6905586121828 -78.6821492829164,35.690684612062 -78.6822282830812,35.6907936120647 -78.6822362830949,35.6908336120252 -78.6821022827629,35.6911466113376 -78.6820812827078,35.6912236111917 -78.6820882827188,35.6912676111448 -78.6821622828771,35.6913386111896 -78.6825532837385,35.6914866117366 -78.6829632846405,35.6916796122565 -78.683192285145,35.691794612536 -78.6833002853813,35.691871612636 -78.6833882855716,35.6919646126754 -78.683475285762,35.6920306127501 -78.683744286349,35.6922786129192 -78.6838582865966,35.6924096129542 -78.6838932866712,35.6924706129359 -78.6839262867354,35.6926136127994 -78.683926286731,35.6926736127157 -78.6839122866949,35.6927336126055 -78.6838932866495,35.6927666125233 -78.683772286367,35.6928766121399 -78.6837312862723,35.6928986120313 -78.683542285842,35.6929206116415 -78.6833872854872,35.6929596112928 -78.683360285425,35.6929706112262 -78.6833332853605,35.6930086111222 -78.6833332853578,35.6930416110764 -78.6833542854005,35.6931016110331 -78.6834482856033,35.6932336110282 -78.6834682856429,35.6933056109662 -78.683475285654,35.6933656108961 -78.6834472855826,35.693458610714 -78.6834142855034,35.6935086105821 -78.6833472853439,35.6935906103414 -78.6833002852306,35.6936626101527 -78.6832862851927,35.6937336100277 -78.6833062852319,35.6938106099588 -78.6833332852894,35.6938606099404 -78.683374285379,35.6939096099499 -78.6834282854989,35.6939536099908 -78.6835022856646,35.6939976100694 -78.6836032858921,35.6940416101988 -78.6837102861341,35.6940796103478 -78.6838592864727,35.6941126105828 -78.6839802867482,35.6941346107803 -78.6840672869451,35.6941676108983 -78.6842762874168,35.6942726111454 -78.6843432875701,35.6942776112646 -78.6844172877415,35.6942506114418 -78.6844512878222,35.6942066115675 -78.6844722878742,35.6941456116926 -78.6844712878777,35.694052611821 -78.684485287916,35.6939536119862 -78.6845112879806,35.6938716121502 -78.6845452880603,35.6938386122606 -78.6846192882311,35.6938106124397 -78.6846802883701,35.6938166125466 -78.6847272884762,35.6938386126045 -78.6848152886738,35.6938986126864 -78.684923288917,35.6939646127975 -78.6850102891139,35.6940036129068 -78.6850912892981,35.6940246130301 -78.6851522894374,35.6940306131367 -78.6853202898218,35.6940306134537 -78.6854482901155,35.6940136137192 -78.6855552903629,35.693953614006 -78.6856022904718,35.6939206141414 -78.6856572906007,35.6938436143543 -78.6857582908328,35.6938106145919 -78.6858182909699,35.6938106147053 -78.6858992911545,35.6938216148427 -78.6859872913547,35.6938436149778 -78.6863702922263,35.6939646155288 -78.6865392926121,35.6939926158079 -78.6866532928732,35.6939756160473 -78.6867142930138,35.6939316162253 -78.6868692933721,35.6937336168014 -78.6869092934641,35.6937006169243 -78.6869972936656,35.6936626171451 -78.6870912938799,35.6936736173071 -78.6871322939729,35.6937066173373 -78.6872192941701,35.6938056173597 -78.6872522942446,35.6938716173273 -78.6872732942913,35.6939756172175 -78.68729929435,35.694036617179 -78.6873402944434,35.6940746172017 -78.6874012945829,35.6940856173009 -78.6875822949973,35.694079617651 -78.6878792956772,35.6940526182501 -78.6880072959701,35.6940526184916 -78.688114296215,35.6940636186776 -78.6882232964646,35.6940856188513 -78.6884922970812,35.694184619215 -78.6887072975746,35.6942506195242 -78.6887942977743,35.6942666196649 -78.6888622979301,35.6942616198002 -78.6890242983004,35.6942066201856 -78.6890982984687,35.6941456204141 -78.6892792988763,35.6938436211967 -78.6893272989853,35.6938166213269 -78.6894072991682,35.6938216214707 -78.6895422994778,35.6938656216613 -78.6896562997389,35.6938826218517 -78.6897102998621,35.6938766219625 -78.6897783000168,35.6938546221232 -78.6898183001073,35.6938276222385 -78.6898253001206,35.693745622372 -78.6898123000893,35.6936956224209 -78.6897312999017,35.6936076223968 -78.6896292996673,35.6935476222918 -78.6895492994834,35.6934926222209 -78.6894952993583,35.6934156222314 -78.6895022993729,35.6933656223179 -78.6895362994491,35.6933226224453 -78.6896642997384,35.6932566227847 -78.6898323001185,35.6931956231929 -78.6903033011826,35.6930366243209 -78.6908553024268,35.69286062563 -78.6912063032166,35.6927566264519 -78.6915563039989,35.6925916273637 -78.691805304557,35.692514627953 -78.691899304768,35.692492628165 -78.6919873049661,35.6924816283492 -78.692054305118,35.6924876284679 -78.6921353053027,35.6925086285909 -78.6922223055019,35.6925416287072 -78.6923033056893,35.6925966287791 -78.6923503058008,35.6926626287696 -78.6923913059019,35.6927676286902 -78.6923983059281,35.6928986285069 -78.692444306053,35.6931576282055 -78.6924713061232,35.6932666280931 -78.6925053062067,35.6933436280419 -78.6925933064147,35.6934376280674 -78.6926543065564,35.6934706281334 -78.6928283069566,35.6935146283967 -78.6928893070976,35.693536628479 -78.6929903073341,35.6936076285631 -78.6932193078791,35.6938496286308 -78.6934553084533,35.6942066285362 -78.693471308492,35.6942276285345 -78.6934573084716,35.6943476283264 -78.6938003092673,35.6944326288432 -78.6944053106623,35.6944876298978 -78.6947303113985,35.6944036306376 -78.6968553160624,35.6930646367211 -78.6985453197486,35.6922636411938 -78.6997513223335,35.691615644528 -78.6998783225617,35.6913486451972 -78.7003353235102,35.6910086466188 -78.7010103250254,35.6910396478681 -78.7016353264294,35.6910696490222 -78.7038403313808,35.6911506531312 -78.70432933248,35.6911696540401 -78.7069223384393,35.6916386582364 -78.7093093440273,35.6922366617876 -78.7129333534625,35.6950546637531 -78.7139463562172,35.6959536640597 -78.7152563599809,35.6974296638622 -78.7169723647956,35.6989386642979 -78.7193713707236,35.6993436679321 -78.7202783729379,35.6994346694147 -78.7204673734324,35.6995096696196 -78.7220693774684,35.6998586718788 -78.7222563780355,35.7000536718524 -78.7223203782658,35.7001786717339 -78.7261723897243,35.7034236724626 -78.7291533974151,35.7039226767576 -78.729430398479,35.7044356762382 -78.7294713988614,35.7048136755674 -78.729649399486,35.7050586753972 -78.7298544001434,35.7052556753676 -78.7300934008266,35.7053726755541 -78.7301604009157,35.7052696758743 -78.730248401084,35.7052026761602 -78.7304164015089,35.7052116764359 -78.730601402093,35.7053736764384 -78.7310934034555,35.7055506769454 -78.7312684040945,35.7058116767315 -78.7313254046904,35.7063956756695 -78.7315504054713,35.7066726755077 -78.7318244063763,35.7069476754327 -78.7322764079302,35.7074706751663 -78.7326134091207,35.7078936748975 -78.7328024099679,35.7083516743022 -78.7328934104312,35.7086396738793 -78.7330124109275,35.7088786736018 -78.7332024114379,35.7089096738625 -78.7333694119231,35.7089816740015 -78.73347341229,35.7091056739284 -78.7334734125133,35.7093796733762 -78.7335644128911,35.7095566731735 -78.7336624132432,35.7096796730912 -78.7337194134847,35.7097956729534 -78.7337604136442,35.7098616728894 -78.7339494142835,35.7100476728326 -78.7341454149793,35.7102786726956 -78.7342534153714,35.7104156726 -78.7343204156224,35.7105096725222 -78.7343544157734,35.7105856724254 -78.7344074161899,35.7109216718334 -78.7344484164234,35.7110746715918 -78.7345084166849,35.7112016714347 -78.7345624168986,35.7112896713464 -78.7346234171113,35.7113546713164 -78.7347514175269,35.711453671329 -78.7348794179572,35.7115696713067 -78.7350614186341,35.7118106711197 -78.7351764190497,35.711947671032 -78.7353984199237,35.7122946706934 -78.7355804206104,35.7125416704909 -78.7356544208794,35.7126296704336 -78.7357224211184,35.712700670401 -78.7358774216476,35.7128436703647 -78.7362814229981,35.7131786703449 -78.7364434235581,35.7133326702956 -78.7365914240908,35.7134966702021 -78.7366854244207,35.7135906701634 -78.7367874247659,35.7136776701519 -78.7369754254264,35.7138646700753 -78.7372114262249,35.7140626700536 -78.7373734267608,35.7141836700689 -78.7375144272364,35.7142986700617 -78.7378384283116,35.7145406700899 -78.7379394286139,35.7145786701758 -78.7380404288965,35.7145946703072 -78.7381074290745,35.7145946704163 -78.7383364296134,35.7145176709493 -78.7384044297994,35.7145236710476 -78.73844442993,35.7145506710567 -78.7385044301491,35.7146166710174 -78.7385594303351,35.7146606710155 -78.7386324305945,35.7147326709846 -78.7387544309981,35.714819671002 -78.7388964314562,35.7149076710497 -78.7390644319794,35.7149906711496 -78.7391984324015,35.7150616712191 -78.7393674329531,35.7151716712637 -78.7394354332055,35.715248671213 -78.7394484332853,35.7152976711317 -78.739441433333,35.7153696709699 -78.739401433393,35.7155506705269 -78.739395433493,35.7156766702539 -78.7394084335526,35.7157036702185 -78.7394684337695,35.7157646701879 -78.7397724347672,35.7159626702641 -78.7398394349617,35.7159786703385 -78.7399264351848,35.7159676705018 -78.7399674352798,35.7159516706015 -78.7400074353563,35.7159186707352 -78.7400344352851,35.7157646711017 -78.7400814353231,35.7156706713748 -78.7401554354595,35.7156046716329 -78.7402164356021,35.7155826717777 -78.7403034358347,35.7155826719183 -78.7404124361525,35.7156106720357 -78.7405264365299,35.715687672058 -78.7406074368137,35.7157586720394 -78.74073543725,35.7158576720376 -78.7408294375378,35.7158956721091 -78.7410724382518,35.7159616723618 -78.7411534385004,35.7159946724226 -78.7412744388927,35.7160656724676 -78.7413554391789,35.7161376724459 -78.7414634395157,35.7161866725161 -78.7415634398111,35.7162146726178 -78.7416174399244,35.7161816727745 -78.7416924400248,35.7160766731176 -78.741752440075,35.7159616734579 -78.7420964406832,35.7156376747004 -78.742203440916,35.7155826749902 -78.742250441031,35.7155716750895 -78.7423184412129,35.7155716751995 -78.7423584413354,35.7155876752301 -78.74239244148,35.7156426751681 -78.7424194418039,35.7159006746629 -78.7424804421607,35.7160986743399 -78.7425204423325,35.7161646742639 -78.7425614424856,35.7162086742362 -78.7426214426839,35.7162466742518 -78.7427224429935,35.7162856743311 -78.7428844434819,35.7163396744764 -78.7430124438536,35.7163676746223 -78.7431064441004,35.7163616747862 -78.7431544442185,35.7163506748868 -78.7432414444039,35.7163016751314 -78.7433424446475,35.7162736753537 -78.7435454451601,35.7162406757508 -78.7437404456949,35.7162516760409 -78.7437674457734,35.7162576760715 -78.743982446367,35.7162736763829 -78.7440764466196,35.716273676534 -78.7441704468551,35.7162566767217 -78.7442444470266,35.7162296768988 -78.7443594472799,35.7161746772021 -78.7444734475193,35.7161086775277 -78.7445414476683,35.7160756777083 -78.7446294478993,35.7160706778608 -78.7447634483026,35.7161136779838 -78.7448844486784,35.7161636780708 -78.7449654489183,35.7161856781536 -78.745033449106,35.7161906782523 -78.7450874492346,35.7161746783737 -78.7451484493472,35.71612467858 -78.7451944494655,35.7161196786648 -78.7454244501168,35.7161526789637 -78.74575445107,35.7162176793539 -78.7459764517068,35.7162566796263 -78.7462994525797,35.7162616801349 -78.7463734527555,35.7162396803018 -78.7464544528987,35.7161686805868 -78.746542453071,35.7161076808613 -78.7465824531731,35.7161026809366 -78.7466834534547,35.7161126810774 -78.7468924540504,35.7161456813419 -78.7469524542294,35.7161626814014 -78.7470604545194,35.7161626815752 -78.7472364549505,35.7161236819437 -78.7473504552161,35.7160856822105 -78.7474854555901,35.7160966824038 -78.7475934559205,35.7161346824944 -78.7476404560937,35.7161786824736 -78.7477074564084,35.716304682305 -78.7478094568658,35.7164756820937 -78.747848457064,35.7165626819653 -78.7478564571693,35.7166406818069 -78.7478494572029,35.7166896816881 -78.7478294571962,35.7167336815595 -78.747721456993,35.7168156812065 -78.747694456979,35.7168706810427 -78.7476944570379,35.716925680922 -78.7477284572773,35.7170636806737 -78.7477224573253,35.7171236805325 -78.7476944573438,35.7172116802947 -78.7476544572881,35.7172606801234 -78.7475864571341,35.7172886799536 -78.7474924568969,35.7173046797685 -78.7474254567625,35.7173486795653 -78.7474184568085,35.7174096794205 -78.7474394569357,35.7174756793095 -78.7474924571666,35.7175576792143 -78.7475534574141,35.7176346791426 -78.7476474577512,35.7177116791233 -78.747762458151,35.7177936791262 -78.7478904585692,35.7178596791847 -78.7480054589342,35.7179086792597 -78.7481264592865,35.7179306794034 -78.7482754596978,35.7179366796267 -78.7484224601144,35.7179526798248 -78.7486794608312,35.7179696801952 -78.7488204612197,35.7179746804079 -78.7489214615116,35.7179906805328 -78.7490154617911,35.7180126806334 -78.7491094620828,35.7180456807095 -78.7492244624623,35.7181066807569 -78.7493314628435,35.718188680745 -78.7494404632127,35.7182546807714 -78.7495074634613,35.7183146807446 -78.7495884637249,35.7183536807863 -78.749723464086,35.7183476810132 -78.7498374643843,35.7183366812179 -78.7499734647559,35.7183376814309 -78.7500734649891,35.7183646816195 -78.7501354651326,35.7183926817291 -78.7502024653028,35.7184366818172 -78.7502564654615,35.7184916818449 -78.7502974656031,35.7185526818234 -78.7503384657623,35.7186296817665 -78.7503714658705,35.7186736817606 -78.7504394660297,35.7187066818763 -78.750620466405,35.7187506822817 -78.7508154667942,35.7187846827483 -78.7511994675642,35.7188556836589 -78.7515094681706,35.718899684424 -78.751583468304,35.7188996846298 -78.7516914684868,35.7188886849542 -78.7519884689699,35.7188396858871 -78.7520954691629,35.7188396861845 -78.7519894692469,35.7190976853257 -78.7525054693092,35.7182776885479 -78.7535834695248,35.7165886951789 -78.7536464695406,35.716490695563 -78.753864469613,35.7161666968575 -78.7539634696685,35.7160406973991 -78.7540384697216,35.7159556977866 -78.7541054697805,35.715890698109 -78.7541884698674,35.7158236984793 -78.7543904701094,35.7156896993172 -78.7549724708396,35.7153297016704 -78.7550364709111,35.7152807019488 -78.7551314710012,35.7151917023965 -78.755197471031,35.7150967027779 -78.7552684710517,35.7149827032132 -78.7556024710848,35.7143767054049 -78.7557764711712,35.7141277064025 -78.7559804712895,35.7138507075385 -78.756206471439,35.7135597087611 -78.7563724715766,35.7133727096013 -78.7564484716513,35.7132987099611 -78.756545471758,35.7132157103959 -78.7566724719105,35.7131197109381 -78.7568304721129,35.713012711586 -78.7570984724737,35.7128477126489 -78.7572344726696,35.7127767131611 -78.7573894729094,35.712712713709 -78.75751847312,35.7126707141412 -78.7579084737786,35.712565715401 -78.7580564740196,35.7125157158998 -78.7581864742268,35.7124667163482 -78.7583164744269,35.712409716813 -78.7584334746019,35.712352717243 -78.7585414747561,35.712291717657 -78.7587144749933,35.712182718343 -78.7588894752133,35.7120497190832 -78.7590214753593,35.7119267196878 -78.7591794755061,35.7117477204761 -78.7593944756959,35.7114907215747 -78.7594824757879,35.7114007219926 -78.7596974760465,35.7112167229389 -78.7598194762131,35.7111337234314 -78.7600684765735,35.7109857243918 -78.7602414768132,35.7108697250851 -78.7603884769978,35.7107487257194 -78.7605284771395,35.7105937264038 -78.7606514772353,35.7104237270732 -78.7608244773028,35.7101057281736 -78.7611464772252,35.7092707307086 -78.7613054772009,35.708869731934 -78.7613204771952,35.7088277320579 -78.7616884771133,35.7078557349732 -78.7618024770989,35.7075637358554 -78.7618894771336,35.7073937364216 -78.7619554771807,35.7072887368026 -78.7620074772355,35.707226737061 -78.7621234773905,35.7071267375602 -78.7622214775424,35.7070667379324 -78.762351477759,35.7070047383907 -78.7626874783539,35.7068847394935 -78.7630454790051,35.7067757406294 -78.764042480842,35.7064897437507 -78.7644334815675,35.7063797449678 -78.7648534823398,35.7062497462967 -78.7650884827673,35.7061697470536 -78.7652964831385,35.7060887477428 -78.7654784834577,35.7060097483612 -78.7656464837384,35.7059177489687 -78.7657694839393,35.705843749426 -78.7659394842064,35.7057267500861 -78.7661084844505,35.705580750799 -78.7663574847838,35.705327751921 -78.7666054850807,35.7050247531346 -78.7667844852821,35.7047857540479 -78.7668884853926,35.7046367545974 -78.7670994855955,35.7043027557712 -78.7671824856619,35.7041517562699 -78.7673584857771,35.7037937573982 -78.7675274858462,35.7033887585965 -78.767666485863,35.7029967596926 -78.7677284858532,35.7027967602288 -78.7678524857896,35.702332761422 -78.7678664857743,35.7022687615786 -78.7680054856581,35.7016807630425 -78.7682484853022,35.7004237660292 -78.7683184852501,35.7001297667585 -78.7684564852101,35.6996357680318 -78.768545485229,35.6993787687351 -78.7686544852965,35.6991257694786 -78.7687944854196,35.6988507703379 -78.7691404858257,35.6983087721966 -78.7695004862313,35.6977067741949 -78.7696384864167,35.6975167748825 -78.7698924867751,35.6971877761069 -78.7700514870159,35.6970037768309 -78.7701274871361,35.6969227771637 -78.7702204872909,35.6968347775498 -78.7704164876403,35.6966827783005 -78.770567487919,35.6965787788538 -78.771249489204,35.6961367812947 -78.7714364895537,35.6960077819764 -78.771534489734,35.6959347823433 -78.7716264898988,35.6958587827012 -78.7717374900898,35.6957537831571 -78.7722444909343,35.6952187853355 -78.7723834911629,35.6950637859462 -78.7725484914452,35.694895786641 -78.7727214917559,35.6947417873282 -78.7730634923822,35.6944517886578 -78.7745084951241,35.6933087940895 -78.7748864958651,35.6930307954633 -78.7751094963056,35.6928687962685 -78.775540497148,35.692530797865 -78.7756374973444,35.6924657982041 -78.777079500307,35.6915168031878 -78.77719150054,35.6914438035716 -78.7777605017248,35.6910638055329 -78.778134502498,35.6907918068561 -78.7788495039902,35.6902748093705 -78.7796845057567,35.6896778122789 -78.7800945066336,35.6893878136952 -78.7804925074949,35.6891178150466 -78.7815425097987,35.6884268185582 -78.782006510836,35.6881438200648 -78.7823055115085,35.6879638210293 -78.7825925121325,35.6877298220538 -78.7823855114666,35.6873478222219 -78.7822535110206,35.6870548224121 -78.7822135108341,35.6868368226831 -78.7821435105255,35.6865028230797 -78.7821265103575,35.6861878235623 -78.7821365102248,35.6857898242413 -78.7821745100626,35.6851368254022 -78.7822235099732,35.6845938264046 -78.7822785098938,35.684033827447 -78.7823255098794,35.683688828117 -78.7823825099128,35.6833978287189 -78.7823975098289,35.6830838292681 -78.782369509583,35.6826418299359 -78.7822995092958,35.6823758302247 -78.7815565064329,35.6801288323739 -78.7813625056722,35.6795398329487 -78.7810615044962,35.678659833792 -78.7807815033893,35.6778358345939 -78.7805035022751,35.6770058354182 -78.7797134990498,35.6746408378162 -78.7795944985605,35.6742928381692 -78.7795414983302,35.674111838371 -78.7795204982328,35.6740268384736 -78.7794974980955,35.6738668386996 -78.7794904980326,35.6737718388471 -78.7794934979371,35.6735438392401 -78.7795184978099,35.6731098400261 -78.7795634976025,35.6723738413634 -78.7795074972958,35.6720488418057 -78.7792214959858,35.6709728430808 -78.7791354955871,35.6706448434739 -78.7788624942876,35.6695488448222 -78.7786344932203,35.6686928458547 -78.7784114921345,35.6677858469911 -78.7783824919758,35.6676328471996 -78.7783604918169,35.6674368474952 -78.7783324915755,35.6671068480101 -78.7782804909572,35.6661438495692 -78.7782524906826,35.6657478501986 -78.7782054903579,35.665366850768 -78.7780934896548,35.6646108518656 -78.7779114884991,35.6633718536737 -78.7787714911536,35.6634638550585 -78.7797894942796,35.6635468567453 -78.7808414974972,35.6636118585263 -78.7818995007247,35.663663860342 -78.7822305017299,35.6636698609274 -78.782878503706,35.6637038620373 -78.7840475072693,35.663767864037 -78.7842585079077,35.6637668644185 -78.784786509493,35.6637278654316 -78.7848925098086,35.663711865648 -78.7855935119006,35.6636148670636 -78.7859785130426,35.6635348678822 -78.7865125146341,35.6634418689877 -78.7871355164877,35.6633128703072 -78.7875215176386,35.6632348711203 -78.7877915184407,35.6631668717092 -78.7888755216706,35.6628988740596 -78.78921352268,35.6628138747925 -78.7909735279582,35.662378878581 -78.7912685288507,35.6623288791793 -78.7918005304637,35.6622488802417 -78.7921225314478,35.662239880826 -78.7922735319101,35.6622398810938 -78.792432532398,35.6622468813654 -78.7926145329573,35.6622598816691 -78.7932465349051,35.6623488826607 -78.793570535904,35.6624038831562 -78.7940525373862,35.6624678839202 -78.7941965378273,35.662474884166 -78.7943105381746,35.6624668843801 -78.794383538396,35.6624528845299 -78.7949565402206,35.6631058846189 -78.7958855431436,35.6641668847883 -78.7962075441469,35.6645388848492 -78.7966705455822,35.6651008849065 -78.7968935462686,35.6653608849523 -78.7980025496423,35.6666158852624 -78.7985395512537,35.6672228854313 -78.7987145517631,35.6669808860853 -78.7989595524796,35.6666468869919 -78.7992575533565,35.666267888054 -78.7996545545326,35.665776889444 -78.800124555936,35.6652158910537 -78.8003605566451,35.6649398918508 -78.8011225589537,35.6640778943707 -78.801597560407,35.6635528959135 -78.8017975610226,35.6633258965682 -78.8023615627708,35.6626548984457 -78.802635563626,35.6623308993503 -78.8027375639449,35.6622188996752 -78.8029185645111,35.6620329002345 -78.8032075654152,35.6617799010687 -78.8037215670268,35.6613839024777 -78.8038295673664,35.6613019027713 -78.8040745681365,35.6611369034097 -78.804652569962,35.6607319049298 -78.8049115707832,35.6605519056063 -78.8052385718204,35.6603469064306 -78.805470572556,35.6602189069924 -78.8055905729356,35.6601639072687 -78.8060195742918,35.6599909082257 -78.8062635750661,35.6598819087818 -78.8064355756148,35.6597899091917 -78.8065815760841,35.6596919095634 -78.8067285765595,35.6595779099558 -78.8068125768331,35.6595019101929 -78.8071985781133,35.6590329114238 -78.8072465782738,35.6589699115821 -78.8078535803104,35.6582009135411 -78.8081775813831,35.6579159144309 -78.8087135831398,35.6575839157313 -78.8091705846322,35.6573579167683 -78.8095395858345,35.6572039175698 -78.80978158662,35.6571229180711 -78.8100105873622,35.6570549185349 -78.8103095883315,35.6569699191353 -78.8106525894425,35.656881919812 -78.8110775908173,35.6567879206319 -78.8114635920656,35.6567099213671 -78.811991593773,35.6566119223612 -78.8125015954217,35.6565269233089 -78.8128055964043,35.656479923869 -78.8132395978105,35.6564049246765 -78.8142456010726,35.6562409265331 -78.8152366042927,35.6560809283546 -78.8160026067862,35.655957929758 -78.8163306078557,35.6559039303593 -78.8168386095127,35.6558229312866 -78.8172276107835,35.6557589319977 -78.8175836119469,35.6557019326461 -78.8188956162455,35.6554839350374 -78.8195696184583,35.655372936261 -78.8197366190077,35.6553439365652 -78.820405621209,35.6552319377781 -78.8205816217899,35.6551999380992 -78.8207766224312,35.6551699384495 -78.8218476259553,35.6550109403642 -78.8218886260972,35.6549909404505 -78.8221056268077,35.654967940829 -78.8226676286643,35.6548779418365 -78.8228796293623,35.6548499422107 -78.82307463,35.6548329425465 -78.8232796306675,35.654820942894 -78.8234756313019,35.6548169432194 -78.8239866329505,35.654816944058 -78.823962632995,35.6545879442264 -78.8239316329762,35.6544349443146 -78.8238936329234,35.6543029443724 -78.8238386328222,35.6541579444145 -78.8237066325403,35.653880944452 -78.8236266323546,35.6537399444508 -78.8235416321421,35.6536179444245 -78.8234336318585,35.6534879443688 -78.8232776314298,35.6533349442571 -78.8230746308625,35.6531509440991 -78.8227416299391,35.6528279438625 -78.8225516294174,35.6526289437429 -78.8222656286446,35.652297943595 -78.8217546272706,35.6516709433727 -78.8209636250994,35.6507349430179 -78.8205896240652,35.6502839428674 -78.8202736231837,35.649906942741 -78.8193776206547,35.6488399424038 -78.8191656200419,35.6486069423097 -78.8189816194979,35.6484289422052 -78.8188166190032,35.648282942099 -78.8185506181909,35.6480779418991 -78.8181016167886,35.6477959415012 -78.817663615408,35.647538941099 -78.8171626138167,35.6472609406273 -78.8165286117863,35.6469299400161 -78.8161266104903,35.6467309396209 -78.815715609155,35.6465459392005 -78.815529608547,35.6464699390029 -78.8151016071371,35.6463199385237 -78.8148876064295,35.6462499382796 -78.8144166048603,35.6461249377129 -78.8138626030143,35.6459679370599 -78.8133676013544,35.6458519364525 -78.8126265988523,35.6457229354975 -78.8115615952482,35.6455399341282 -78.8108965929942,35.6454219332809 -78.8095485884136,35.6451869315671 -78.8087485856884,35.6450479305549 -78.8082485839829,35.6449599299255 -78.8078945827767,35.6448829294984 -78.807506581453,35.6448009290285 -78.8070635799457,35.6446699285386 -78.8058975759865,35.6441699274495 -78.80486257245,35.6437299264953 -78.8046045715652,35.6436209262592 -78.804049569658,35.6433829257589 -78.8030855663311,35.6429719248982 -78.8027605652064,35.6428199246285 -78.8026355647736,35.6427549245336 -78.8025225643823,35.6426909244548 -78.80232256369,35.6425589243403 -78.8022185633297,35.6424859242867 -78.8021295630215,35.6424159242508 -78.8022715635227,35.6423399245508 -78.802695565024,35.6420759254919 -78.8027965653832,35.6419989257337 -78.802681564985,35.6419059256907 -78.8025275644523,35.6417569256653 -78.8024865643127,35.6416749257132 -78.8025005643659,35.6416039258244 -78.8025605645846,35.6414719260788 -78.8027095651244,35.6412249266054 -78.8028905657797,35.6409659271907 -78.8029845661184,35.6408669274486 -78.8032005668928,35.6407189279385 -78.8032945672312,35.6406419281673 -78.8033155673083,35.6406039282449 -78.803314567315,35.6404659284194 -78.8033285673719,35.6403669285649 -78.803348567449,35.6402849286971 -78.803389567602,35.6401859288798 -78.8034155676976,35.6401419289717 -78.8034695678946,35.6400759291302 -78.8035905683303,35.6400049293872 -78.8036855686712,35.6399659295675 -78.8038265691764,35.6399219298174 -78.8040085698272,35.6398839301158 -78.8040885701138,35.6398619302536 -78.8041695704062,35.6398179304204 -78.804277570799,35.6397299306795 -78.8044925715899,35.6394779312906 -78.8046005719852,35.6393789315623 -78.8046605722017,35.6393569316718 -78.8047685725867,35.6393619318131 -78.8048965730412,35.6393839319606 -78.8050175734724,35.6393899321185 -78.8051725740282,35.6393679323577 -78.8052605743461,35.6393349325189 -78.8054285749547,35.6392629328374 -78.8055825755067,35.6392469330673 -78.8056095756025,35.639251933098 -78.8058115763156,35.6393179332925 -78.8058595764856,35.6393289333445 -78.8059535768233,35.6393129334925 -78.8060075770213,35.6392739336141 -78.8060675772503,35.6391649338295 -78.8061015773838,35.6390769339837 -78.8061075774187,35.6389779341131 -78.8061215774838,35.6388679342668 -78.8061075774515,35.6387359344095 -78.8060815773769,35.6385989345421 -78.8060675773453,35.6384609346922 -78.8060745773966,35.6382669349394 -78.8060735774038,35.6381869350361 -78.8061015775314,35.6379889353163 -78.8061285776369,35.6379279354272 -78.8063505784806,35.6376149361069 -78.806390578635,35.6375439362469 -78.806491579014,35.6374449365022 -78.8067405799603,35.6371319372138 -78.8068285802939,35.6370329374505 -78.8068615804301,35.6369229376275 -78.8068555804125,35.6368959376522 -78.8068085802538,35.6368189376834 -78.8067615801016,35.6366979377681 -78.8067745801636,35.6365989379053 -78.8068015802767,35.6364999380609 -78.8068485804642,35.636389938256 -78.8068755805808,35.636268938438 -78.8068555805222,35.6361759385245 -78.8068225804112,35.636115938554 -78.8067745802463,35.6360499385712 -78.8066465797955,35.6359449385314 -78.8064045789399,35.6357579384434 -78.8062625784384,35.6356369384064 -78.8061965782063,35.6355719384001 -78.8061625780935,35.6354889384574 -78.8061555780761,35.6354289385218 -78.80616257811,35.6353679386056 -78.8063375788176,35.6348899394157 -78.8064115791125,35.6347259397109 -78.8065865797979,35.6344349402895 -78.8066605800922,35.6342859405652 -78.8067545804714,35.6340659409521 -78.8068425808418,35.6337639414299 -78.8069165811599,35.6334729418759 -78.8069835814359,35.6332919421793 -78.8070165815797,35.6331539423876 -78.807057581749,35.633043942572 -78.8071185819813,35.6330059426943 -78.8071415820637,35.6330249427002 -78.8071635822157,35.6325829432608 -78.8072315826812,35.6312609449382 -78.807265582913,35.6306149457576 -78.8074875838162,35.6302089465137 -78.80759958433,35.6296689472956 -78.8080425860873,35.6292189483602 -78.808276587064,35.6287369492095 -78.808282587113,35.628594949385 -78.8082695870857,35.6284739495132 -78.8082555870455,35.6284019495822 -78.8082625870943,35.6282819497328 -78.8083095873041,35.6281169499834 -78.8083835876207,35.6279349502853 -78.8085115881599,35.627671950745 -78.8085655883908,35.6275449509576 -78.8086665888328,35.6272599514104 -78.8087735892898,35.6270229518127 -78.8088745897125,35.6268479521342 -78.8089895901892,35.6266769524664 -78.8091315907696,35.6265119528216 -78.8091915910167,35.62643495298 -78.8092585912975,35.6263259531836 -78.8092855914221,35.6262269533299 -78.8092855914461,35.6261109534654 -78.8092725914105,35.6260399535336 -78.8092315912824,35.6258919536603 -78.8092525913784,35.6258199537682 -78.8093325917165,35.6256829540182 -78.8094005919995,35.6255889542042 -78.8094735922985,35.6255129543746 -78.8096155928843,35.6253479547254 -78.8098455938135,35.6251809551759 -78.8099535942575,35.6250709554234 -78.8100355945858,35.6250279555643 -78.8106635974858,35.6230949584732 -78.8108155981497,35.6228189589519 -78.8114346006303,35.6226479598089 -78.8122536039153,35.6224379609189 -78.8130256070249,35.6222189619828 -78.8139206105991,35.6220949630676 -78.8147206137805,35.6220379639763 -78.8155876171631,35.6221709647535 -78.8164296205704,35.6219519658748 -78.8165946212561,35.6218629661416 -78.8167496219043,35.6217699664015 -78.8168166221801,35.621741966501 -78.8169246226328,35.6216759666829 -78.8170656232185,35.6216049669044 -78.8171736236634,35.6215609670631 -78.8173016241856,35.6215229672364 -78.8174126246452,35.6214729674041 -78.8165506216348,35.6203599676569 -78.8157546188126,35.619344967907 -78.8155066179231,35.6190369679822 -78.8150236161875,35.6184179681567 -78.8148146154301,35.6181569682282 -78.8146656148857,35.6179799682705 -78.814516614333,35.6178249682903 -78.8142706134082,35.6176009682902 -78.8137676115025,35.6171659682709 -78.813198609325,35.6167079682211 -78.8126116070597,35.6162599681523 -78.8122646057137,35.6159999681106 -78.8114976027291,35.6154069680505 -78.811088601131,35.6150839680328 -78.8105335989482,35.614665967993 -78.8089865928126,35.613485967943 -78.8086225913583,35.6132019679483 -78.8084895908283,35.6130849679667 -78.8083455902551,35.6129509679959 -78.8081295893992,35.612718968078 -78.8080305890082,35.6126009681301 -78.8079255885953,35.6124629682011 -78.8078235881966,35.6123109682921 -78.8077185877897,35.6121299684155 -78.8075835872733,35.611849968632 -78.8071275855318,35.6108079694892 -78.806831584385,35.6101649700142 -78.8064545829049,35.6093969706306 -78.8059555809293,35.6083549714935 -78.8057615801516,35.6079759718018 -78.8053215783688,35.6071749724383 -78.8049435768302,35.6064369730572 -78.804862576504,35.6062319732495 -78.8048115762992,35.6060929733833 -78.8047355759886,35.6059329735243 -78.8046635756959,35.6057609736837 -78.8045625752793,35.6055699738452 -78.8043155742623,35.6050469743133 -78.8042515739987,35.604902974446 -78.8037735720065,35.6039469752961 -78.8036185713552,35.6036489755601 -78.8031405693341,35.6027249763907 -78.802980568653,35.6024179766694 -78.8026875673995,35.6018659771711 -78.8021585651216,35.6007989781825 -78.8019275641173,35.6003729785786 -78.8017325632641,35.6000669788459 -78.8017125631803,35.5999339790058 -78.801513562303,35.5997119791634 -78.8013515615871,35.5995439792761 -78.8010855604086,35.5992789794492 -78.8007685589996,35.5989859796286 -78.8005265579213,35.5987599797708 -78.7999535553583,35.5982099801352 -78.7992955523977,35.5975699805788 -78.7991435517112,35.5974259806782 -78.7989905510189,35.597266980798 -78.7983555481349,35.5966319812707 -78.7980935469389,35.5963479815 -78.7977095451812,35.5959569818062 -78.7975685445346,35.5958219819081 -78.7973285434311,35.5955779821029 -78.7967245406453,35.594999982552 -78.7960655375927,35.5944219829823 -78.7957165359721,35.5941459831732 -78.7955625352565,35.5940329832462 -78.7954015345085,35.5939239833101 -78.7950905330629,35.5937279834148 -78.7947795316167,35.593549983496 -78.7937615268632,35.5929499838006 -78.7933115247524,35.5926789839505 -78.7931795241333,35.5926059839859 -78.7930255234136,35.5925419839967 -78.7928325225173,35.5925009839535 -78.7925835213635,35.5924669838705 -78.7923165201281,35.5924429837635 -78.7917935177113,35.5924179835221 -78.7912665152768,35.5923999832686 -78.789812508555,35.5923379825896 -78.7882765014512,35.5922779818673 -78.787148496232,35.5922349813373 -78.7868324947702,35.5922249811859 -78.7864534930172,35.5922149810013 -78.785884490389,35.5922119807055 -78.7854964885984,35.5922149804958 -78.7852054872576,35.5922239803277 -78.7851014867712,35.5922049803031 -78.7849244859153,35.5920899803938 -78.7847904852486,35.5919489805494 -78.7846774846979,35.5918659806235 -78.7845534840993,35.5917929806762 -78.7849394858839,35.5917889808836 -78.7856094889766,35.591765981269 -78.7864354927831,35.5917139817806 -78.7889005041511,35.591545983318 -78.7893225061002,35.5915219835725 -78.7897565081063,35.5915019838268 -78.7903205107177,35.5914939841296 -78.7915005161824,35.5914789847601 -78.7919975184841,35.5914719850265 -78.7932895244697,35.5914619857065 -78.793981527676,35.5914579860686 -78.7942125287465,35.5914579861875 -78.7948045314884,35.5914439865122 -78.7953995342458,35.5914429868198 -78.7958215362022,35.5914499870271 -78.7962425381491,35.5913999873138 -78.7966105398504,35.5913389875879 -78.7970705419741,35.5911949880232 -78.7973685433484,35.5910519883726 -78.7981355468902,35.5905779894096 -78.7983235477597,35.5904319897025 -78.7984405483011,35.5903329898953 -78.7985655488799,35.5902189901121 -78.7987725498394,35.5900159904892 -78.7988815503451,35.5898969907035 -78.7990185509812,35.5897359909877 -78.7993045523121,35.5893809916039 -78.799468553077,35.5891519919898 -78.7997015541658,35.5887059926972 -78.7997745545074,35.5884759930388 -78.7998025546385,35.5883709931921 -78.7998275547556,35.5882499933653 -78.799851554868,35.5880699936167 -78.7998835550179,35.5877529940546 -78.7998995550928,35.5874829944223 -78.7999025551066,35.5873139946492 -78.7998895550435,35.5866319955541 -78.7998635549183,35.5859969963911 -78.7998585548938,35.5857479967216 -78.7998415548115,35.5853679972223 -78.7998105546594,35.5843359985892 -78.7985835487786,35.5843239981291 -78.7980245460993,35.5843209979164 -78.7970135412537,35.5843199975255 -78.7970165412475,35.5840099979564 -78.7970325412429,35.5827749996744 -78.7969885409841,35.5820810006209 -78.7969355407211,35.5819870007329 -78.7966515393195,35.581642001115 -78.7955195336895,35.5802640026768 -78.7947825299875,35.5793730037147 -78.7938065250352,35.5781580051756 -78.7932875223787,35.5775010059855 -78.7931155214914,35.5772600062905 -78.79288752031,35.5769260067182 -78.7926575191094,35.5765550072023 -78.7923225173477,35.5759790079652 -78.7918535148763,35.5752240089687 -78.7917785144819,35.5751160091116 -78.7916045135721,35.5749000093927 -78.7914145125851,35.5747080096362 -78.7911995114721,35.5745210098681 -78.7908765098018,35.5742650101819 -78.7907025088949,35.5741000103928 -78.7905755082264,35.5739520105887 -78.7905115078853,35.5738590107153 -78.7904485075432,35.573739010883 -78.7903995072727,35.5736260110432 -78.7903705071087,35.5735410111653 -78.7903095067554,35.573326011477 -78.7902155061984,35.5729420120377 -78.7901345057273,35.5726570124526 -78.7900905054744,35.5725180126545 -78.789998504958,35.5722870129872 -78.7899085044615,35.5721040132483 -78.7898305040369,35.5719730134334 -78.7895885027297,35.571623013924 -78.7891055001109,35.5709310149024 -78.7882254953096,35.5697010166679 -78.7880184941728,35.5694100170913 -78.7874544910642,35.5686260182422 -78.7871754895197,35.5682400188145 -78.7870244886763,35.5680120191556 -78.7866034863044,35.5673350201782 -78.7864304853322,35.5670770205696 -78.7862254841477,35.5666740211889 -78.7861754838532,35.5665590213668 -78.7861214835213,35.5663910216283 -78.7860684831669,35.5661350220294 -78.7860214828248,35.5658200225246 -78.7859984826251,35.5655630229299 -78.7859984825495,35.5653200233143 -78.7860094825612,35.5651730235475 -78.7860474826637,35.5648640240379 -78.7860784827701,35.5646840243238 -78.7861424830099,35.5643760248128 -78.7862804835343,35.5637260258425 -78.7863754839057,35.5633050265079 -78.7864954843982,35.5628430272365 -78.7866514850786,35.5623650279882 -78.7867814856679,35.562034028507 -78.7871024871444,35.5612630297091 -78.7873914884987,35.560624030698 -78.7874544887845,35.5604470309714 -78.7874984889742,35.5602870312186 -78.7875214890466,35.5601060314992 -78.787524489039,35.5600210316313 -78.7875124889328,35.5598690318682 -78.7874994888446,35.5598010319746 -78.787422488371,35.559577032327 -78.7872674874439,35.5592270328809 -78.7871124865186,35.5588920334134 -78.7869004852448,35.5584180341693 -78.7864754826684,35.557437035744 -78.7861744808389,35.5567630368353 -78.7858734790013,35.5560920379292 -78.7856014773322,35.555483038928 -78.7845544708216,35.5530890429079 -78.7839724671663,35.5517920451041 -78.7834904641079,35.5507020469691 -78.7826114584818,35.5487440503692 -78.7824564574881,35.5484150509484 -78.7822814563724,35.5480660515675 -78.7822034558807,35.5479270518168 -78.7821014552445,35.5477640521124 -78.7819754544622,35.5475740524596 -78.7818494536852,35.5474000527812 -78.7808764476736,35.5461060552075 -78.7807024465984,35.5458880556237 -78.7804674451568,35.5456240561368 -78.7802894440722,35.5454450564916 -78.7798544414316,35.5450430573034 -78.7796634402758,35.5448800576389 -78.7795344394985,35.5447790578507 -78.7789824361764,35.5443690587245 -78.778351432373,35.5439140597096 -78.7782344316603,35.5438170599151 -78.7779564299493,35.5435550604595 -78.7777834288716,35.5433690608392 -78.7776164278168,35.5431630612526 -78.7774104264894,35.5428610618474 -78.7773414260378,35.5427470620694 -78.7772374253426,35.5425480624517 -78.7771464247178,35.5423430628406 -78.7770224238516,35.542037063418 -78.776765422018,35.5413390647305 -78.7764494197495,35.540475066363 -78.7781564298553,35.5410130647685 -78.7788644340352,35.5412370641152 -78.7797284391224,35.5415010633415 -78.7805814441371,35.5417670625766 -78.7824874553054,35.5423600608988 -78.7839234636852,35.5428030596674 -78.7922795118899,35.5454050529152 -78.7941335224542,35.5459810515238 -78.7979675441504,35.5471740487642 -78.8010805616169,35.548142046644 -78.805319585186,35.5494600439295 -78.8075625975566,35.5501580425727 -78.8108916157919,35.5511800406776 -78.8121376225748,35.5515750399855 -78.81351163003,35.5520080392453 -78.8150306382434,35.5524800384588 -78.8163506453542,35.5528920377942 -78.8189976595425,35.5537140365237 -78.8236246841106,35.5551530344868 -78.82477069015,35.5555090340193 -78.8371967544611,35.5593810298731 -78.8377357571805,35.5595750297147 -78.8379457582679,35.5596160296768 -78.838468760924,35.5597770295455 -78.8410647740366,35.560594028927 -78.8430797841506,35.5612270284995 -78.8446687920875,35.5617250281951 -78.8452447949554,35.5619060280914 -78.8456827971348,35.5620420280159 -78.8466398018823,35.5623440278559 -78.8495308161564,35.5632470274391 -78.8509678232036,35.5637000272647 -78.8545808408051,35.5648300269317 -78.8557658465319,35.5652060268522 -78.8565258501908,35.5654500268087 -78.8592168631219,35.5662820267165 -78.8619558761565,35.5671470267001 -78.8670539001549,35.5687450268957 -78.8704649160052,35.569817027188 -78.8757849404137,35.5714820279034 -78.8780969508996,35.5722050283125 -78.8792249559847,35.5725600285338 -78.8818439677284,35.5733810291022 -78.8937680199983,35.5771140326546 -78.9000020465285,35.5790700351438 -78.900714049525,35.5792930354555 -78.9050530676473,35.5806460374739 -78.9063080728269,35.5810430380998 -78.9132021009372,35.5832030418395 -78.9136481027626,35.5833310420917 -78.9141591047892,35.5835020423999 -78.9147301070799,35.5836810427396 -78.914745107254,35.583641042717 -78.9148361079238,35.5835500426867 -78.9148751082518,35.5834950426623 -78.9162121185865,35.5819840420543 -78.9166221217754,35.581520041853 -78.9178211311392,35.5801670412284 -78.9187041380855,35.5791690407303 -78.9190421407573,35.5787860405306 -78.9196781457933,35.5780680401444 -78.9210371566271,35.5765320392633 -78.9215251605385,35.5759810389293 -78.9227051700531,35.5746460380799 -78.9234651761775,35.573801037516 -78.9243511834359,35.5727860368034 -78.9249491883046,35.5721200363214 -78.9257501949206,35.5712040356319 -78.9269962052293,35.5697960345231 -78.9281582149159,35.5684820334321 -78.9313132415568,35.5649150301965 -78.9333942593617,35.5625760278577 -78.9341002655034,35.5617650270066 -78.9342912671652,35.5615470267742 -78.9355162778213,35.5601640252656 -78.9366742879719,35.5588540237812 -78.9372882933795,35.5581600229728 -78.9391583099697,35.5560450204162 -78.9393443115943,35.5558460201672 -78.940866325277,35.5541130179578 -78.9421203366233,35.5526900160728 -78.9449063620651,35.5495440116771 -78.9462003740203,35.5480810095272 -78.9471523828716,35.5470040079017 -78.9542984507733,35.5389179945338 -78.9550414579781,35.538077993027 -78.9555444629106,35.5374979919781 -78.9566534737105,35.5362539896793 -78.9587744946132,35.5338529851138 -78.9592874996437,35.5332889840074 -78.959950506296,35.5325229825063 -78.9625685325651,35.5295589764967 -78.9631145380793,35.528942975212 -78.9645235524052,35.5273459718298 -78.9687445958971,35.5225679612289 -78.9687765962219,35.5225339611495 -78.9693266016827,35.5219839598364 -78.9694586029727,35.5218579595298 -78.9696386048015,35.52166795908 -78.9700936058203,35.5221429595528 -78.9717576094802,35.52387596134 -78.9726956114825,35.5248539623946 -78.9743526149266,35.5265799643343 -78.975145616526,35.5274069653003 -78.9758126171439,35.5282829664541 -78.9763636184094,35.5288089670669 -78.9768356196191,35.5292249675373 -78.9772376206201,35.5295849679538 -78.9776366218572,35.5298789682568 -78.9778876226009,35.5300719684643 -78.9780866232247,35.5302159686135 -78.9788126255507,35.530725969138 -78.9789906259754,35.5308869693352 -78.9795766273289,35.5314259700079 -78.9800376283919,35.5318479705413 -78.9800676284186,35.5318859705959 -78.9805246294846,35.532298971122 -78.9811726308111,35.5329269719595 -78.9813956312679,35.5331419722489 -78.981784631866,35.5335649728489 -78.9821776324965,35.5339839734451 -78.9825696332356,35.5343729739903 -78.9829976340418,35.5347959745885 -78.9833296347844,35.5350939749988 -78.983879636028,35.5355819756755 -78.9842636370846,35.5358749760609 -78.9849236389612,35.5363609766983 -78.9855126405815,35.5368049772969 -78.9857596412914,35.5369829775346 -78.9859636419134,35.5371209777142 -78.9866156438768,35.5375659783031 -78.9868436445671,35.5377199785082 -78.9875016465688,35.5381599790984 -78.9882796490999,35.5386369797224 -78.9890596516094,35.5391179803669 -78.9892946523491,35.5392659805699 -78.9896036533053,35.5394639808457 -78.9899316543306,35.5396709811343 -78.9904936562102,35.5399949815715 -78.990846657427,35.5401889818298 -78.9914556598029,35.5404569821432 -78.992325663265,35.5408209825615 -78.9927006647354,35.5409819827538 -78.9935256679401,35.5413409831947 -78.9940386700048,35.5415459834356 -78.9946276723756,35.5417799837138 -78.9950306740944,35.5419169838578 -78.995636676696,35.5421179840671 -78.9963306799358,35.5422869841802 -78.9973006847017,35.542466984223 -78.9978286874904,35.5425199841507 -78.998750692386,35.5426059840124 -78.9995806970847,35.5426169837433 -79.0001686993152,35.5426189838328 -79.000542698982,35.542618984345 -79.0011606986004,35.5425809851082 -79.0025076981793,35.5424059865768 -79.0033346973361,35.5424299877653 -79.0042546960671,35.5425309892433 -79.0050706946675,35.5426819906787 -79.005556694065,35.5427199914226 -79.0068636931769,35.5426579930825 -79.0077316923723,35.5426649942846 -79.0085476915739,35.5426809954334 -79.009228690851,35.5427069964167 -79.0099716896976,35.542816997649 -79.0112456874357,35.5430689998749 -79.0115266869883,35.5431130003414 -79.0127586850485,35.5433010023695 -79.0134646837785,35.5434440035926 -79.0146906815601,35.5436950057093 -79.0153326802207,35.5438660068838 -79.0157016793936,35.5439770075794 -79.0160936784607,35.544107008338 -79.016598677292,35.544267009298 -79.0170976757248,35.5445170104065 -79.0174856744852,35.5447160112721 -79.0180886724829,35.5450420126391 -79.0186626704968,35.5453700139617 -79.0194996675241,35.545865015902 -79.0201496654406,35.5461990173081 -79.0207296632619,35.5465680186734 -79.0214186610739,35.5469170201315 -79.0221226590106,35.5472350215448 -79.0230756557055,35.5477790236248 -79.0234366543363,35.5480110244479 -79.0239996521858,35.548376025728 -79.0244626498639,35.5487990269689 -79.0249326474718,35.5492360282303 -79.0253806451707,35.5496570294299 -79.0257236431126,35.5500450304445 -79.0264666394429,35.5507100323479 -79.0271936355962,35.5514170342718 -79.0272796351348,35.5515020344997 -79.0277236323596,35.5520280358022 -79.0283366285498,35.5527490375731 -79.0288086260125,35.5532160387904 -79.0293406236538,35.553631039985 -79.0299536209582,35.55410404134 -79.0304946185259,35.5545330425402 -79.0309746162254,35.5549450436399 -79.0319376103,35.5560610462222 -79.0321606085406,35.5564050469319 -79.0325636048799,35.5571330483523 -79.0328966020553,35.5576900494531 -79.0330716005919,35.5579780500213 -79.0334445975029,35.5585850512145 -79.0335725962496,35.5588360516794 -79.033763594445,35.5591960523505 -79.0342265914241,35.5597690535591 -79.0347575881668,35.5603800548671 -79.0351135862656,35.5607270556519 -79.0362975799658,35.5618750582084 -79.0373955745421,35.5628460603987 -79.0395105642643,35.564676064415 -79.0402905606413,35.565313065801 -79.0411585570919,35.5659150671887 -79.042132553676,35.5664650685704 -79.0437475482746,35.567318070736 -79.0441485469815,35.567519071251 -79.04487554477,35.5678540721426 -79.0452705432225,35.5681120727026 -79.0456135416693,35.5683820732331 -79.0458935402119,35.5686440737061 -79.0459175400754,35.5686690737491 -79.0462375375833,35.5691500744733 -79.046727533855,35.5698670755468 -79.0470255308861,35.5704570763476 -79.0472815264455,35.5713790774482 -79.0473565225187,35.5722260783507 -79.0473695216004,35.5724250785595 -79.0473715181575,35.5731810793235 -79.0473255172094,35.5733990795168 -79.0472415158109,35.5737240797969 -79.047144514111,35.5741180801412 -79.0467945076087,35.575621081483 -79.0466695051222,35.5761940820059 -79.0465675017903,35.5769480827302 -79.0465644999414,35.5773550831479 -79.046584498639,35.5776370834477 -79.0466404967601,35.5780380838863 -79.0467824950023,35.5783940843166 -79.0469034939018,35.578610084592 -79.0471824916235,35.5790510851641 -79.0476214887426,35.5795900858963 -79.0479824868018,35.5799390863956 -79.0488154825049,35.5807040874841 -79.0493024799789,35.5811540881079 -79.0499314764834,35.581786088945 -79.0504574733835,35.5823530896652 -79.0508584703913,35.5829230903306 -79.0511194673716,35.5835290909721 -79.0512904649506,35.584023091476 -79.0514554623846,35.5845500920037 -79.0515674603403,35.5849740924191 -79.0515994592733,35.5852010926327 -79.0516824561535,35.5858670932544 -79.0517474511993,35.586939094233 -79.0518604478347,35.587652094897 -79.0518894434585,35.5886050957547 -79.0518754413467,35.5890710961685 -79.0518344388101,35.5896360966666 -79.0518034365329,35.5901420971146 -79.0517974357041,35.5903250972776 -79.0517714333215,35.590853097747 -79.0517184273215,35.5921800989312 -79.0517664218679,35.5933650999984 -79.051796420711,35.5936121002217 -79.051801420414,35.5936761002794 -79.0518614182005,35.5941481007051 -79.0519654158649,35.5946371011462 -79.0520404142564,35.5949731014479 -79.0521394123953,35.5953591017931 -79.0521984113411,35.5955771019873 -79.0523334098632,35.5958711022484 -79.0524884087801,35.5960741024275 -79.052760407437,35.5963081026315 -79.0530674060261,35.596549102838 -79.0534904042326,35.596848103088 -79.0540634020764,35.5971931033661 -79.0544874006094,35.5974201035419 -79.0546004002755,35.5974681035776 -79.0552513982622,35.5977641037939 -79.0554733975432,35.597872103871 -79.0560223954678,35.5982041041075 -79.0568253924153,35.5986931044393 -79.0579863877883,35.5994461049175 -79.0587553843266,35.6000311052714 -79.0598383794703,35.6008501057274 -79.0603963768886,35.6012891059561 -79.0609273743976,35.6017141061669 -79.0611673732581,35.6019091062603 -79.0618053702157,35.6024301064985 -79.0624953664443,35.6030981068021 -79.0628553644965,35.6034421069483 -79.0641263579986,35.6045731073654 -79.0648253539953,35.6052881076156 -79.0658593480999,35.6063391079353 -79.0665633443845,35.6069891080872 -79.0671053415568,35.6074821081844 -79.0681303361797,35.6084201083335 -79.0686773332145,35.6089411084024 -79.0691293311751,35.6092821084079 -79.069745328596,35.6097031083836 -79.0707863242781,35.6104051083084 -79.071476321577,35.6108351082242 -79.072516317642,35.6114531080574 -79.0735413141808,35.61197110783 -79.0742493118247,35.6123211076546 -79.074593310689,35.6124891075641 -79.0752823084572,35.6128161073712 -79.0771713021834,35.6137451067911 -79.0777453002351,35.6140361065991 -79.0782062989227,35.6142151064267 -79.0790892967587,35.6144821060697 -79.0801672941891,35.6147921056147 -79.0807382929486,35.6149301053628 -79.0812832918,35.6150541051174 -79.0820262903126,35.6152061047753 -79.0826402891044,35.6153271044877 -79.0829942883834,35.6154021043207 -79.0839352857681,35.6157521038811 -79.0846032838989,35.6160031035589 -79.0849852829156,35.61612810337 -79.0854962816751,35.6162791031128 -79.0864532796515,35.6164971026202 -79.0879492761046,35.6169201018261 -79.088990273497,35.6172441012528 -79.0896142719157,35.6174421009005 -79.0904192696768,35.6177401004328 -79.0906912689047,35.6178441002716 -79.0917912655697,35.6183100995993 -79.0921132645764,35.6184500993971 -79.0923492639022,35.618541099249 -79.0926652629288,35.6186780990467 -79.0931142616136,35.6188580987579 -79.093457260448,35.6190300985286 -79.0936162596969,35.6191550984134 -79.0938282587356,35.6193130982597 -79.0941582566657,35.6196820979937 -79.094341255474,35.6198960978418 -79.0949092523854,35.6204290973846 -79.0949742520831,35.6204790973336 -79.0957102485338,35.6210720967385 -79.095899247628,35.6212230965823 -79.0963862453731,35.6215950961774 -79.0966542441445,35.6217970959514 -79.0971422421019,35.6221230955437 -79.0975832404074,35.6223850951774 -79.0979212391261,35.6225820948936 -79.0984072375131,35.6228160944943 -79.0987232364975,35.6229610942338 -79.0994652342307,35.6232760936211 -79.1001422319346,35.6236120930349 -79.1004782310131,35.6237320927561 -79.1008822299249,35.6238720924197 -79.1009492297828,35.6238870923666 -79.1015042286488,35.6240020919283 -79.1020072277575,35.6240770915397 -79.1024532272826,35.6240760912205 -79.1027862271491,35.6240280910017 -79.1032162271126,35.6239370907325 -79.1037492274147,35.6237500904339 -79.103954227625,35.6236580903292 -79.1044182281188,35.6234460900976 -79.1050822285811,35.6231950897503 -79.1056462286831,35.623044089432 -79.1059522287061,35.6229690892577 -79.1066822286962,35.6228040888396 -79.1068782286829,35.6227620887272 -79.1079212282773,35.6226100880974 -79.1089232276255,35.6225200874683 -79.1096252269765,35.6224980870062 -79.1100902263233,35.6225310866722 -79.110614225574,35.6225710862931 -79.1112942243192,35.6226830857619 -79.1117962232832,35.6227890853523 -79.1122582220455,35.6229470849334 -79.1125452210187,35.6231000846351 -79.1128282197563,35.6233040843034 -79.1131042181439,35.6235840839223 -79.1132902166938,35.6238500836108 -79.1135162148948,35.6241810832235 -79.1135992141238,35.6243260830642 -79.1137282128849,35.6245600828095 -79.1138742109363,35.6249410824386 -79.1140412080478,35.6255170819131 -79.114221206123,35.6258850815188 -79.1143772046378,35.6261650812019 -79.114740202129,35.6266150806002 -79.1151042001265,35.6269570800676 -79.1154611982628,35.6272710795549 -79.1158401963323,35.6275940790119 -79.1159861957271,35.6276890788231 -79.1165841936809,35.6279860781126 -79.1168341929626,35.6280810778354 -79.1170941922945,35.6281630775588 -79.1174941915452,35.6282300771777 -79.1179921907365,35.6282870767224 -79.1181761904663,35.6283020765587 -79.1187691897288,35.6283220760533 -79.1192341893941,35.6282860756996 -79.1195811893242,35.6282210754682 -79.119848189294,35.6281660752952 -79.1203461893483,35.6280400749946 -79.1204761894715,35.6279840749366 -79.1209511899474,35.6277740747326 -79.1212451903036,35.6276310746204 -79.1216091911978,35.62735807457 -79.1219011922458,35.6270690745963 -79.1221781936692,35.6267040747076 -79.1221991937929,35.6266730747192 -79.1224121954229,35.6262790749121 -79.1226311971506,35.6258630751248 -79.122694197602,35.625753075178 -79.1229341987315,35.625459075268 -79.1232992000903,35.6250880753406 -79.1236432011842,35.624778075378 -79.1241572021949,35.6244470753174 -79.1247172028212,35.6241870751636 -79.1251492031651,35.6240160750209 -79.1257732032178,35.6238630747277 -79.1264032029334,35.623780074364 -79.1270042025479,35.6237250739948 -79.1277202017881,35.6237230734904 -79.1287812008329,35.6236840727818 -79.129689199867,35.6236820721427 -79.1301861994563,35.6236560718206 -79.1312341990513,35.6235040712542 -79.1317551987099,35.6234580709416 -79.1320161984866,35.6234460707726 -79.1327431978009,35.6234260702871 -79.1335271968453,35.6234500697098 -79.13437719551,35.623539069006 -79.1352191940309,35.6236600682643 -79.1359811924473,35.6238210675237 -79.1363191917609,35.6238890671975 -79.1369431906244,35.6239870666275 -79.1373571900082,35.6240230662853 -79.1376001896566,35.6240420660868 -79.1380701890372,35.624066065719 -79.1385641886203,35.624042065397 -79.13914318825,35.6239890650539 -79.1397841881132,35.6238730647536 -79.1403331881185,35.6237480645346 -79.1408921883038,35.6235830643675 -79.1413751887332,35.6233840643059 -79.1416431889839,35.6232710642774 -79.1419691895871,35.6230710643333 -79.1420361897201,35.6230280643479 -79.1425191906225,35.6227300644403 -79.1429821918187,35.6223750646356 -79.1430151919455,35.6223410646624 -79.1432931934216,35.621969065014 -79.1434591947987,35.6216430653772 -79.1436331961817,35.6213140657425 -79.1438831977031,35.6209390661295 -79.1442351989445,35.6206000664045 -79.144536199859,35.6203410665988 -79.1447842003771,35.6201770666885 -79.1449932007651,35.6200490667505 -79.1452752011995,35.6198950668083 -79.1456942015885,35.619720066817 -79.1460962016282,35.6196220667228 -79.1467342017798,35.6194480666057 -79.1478502022117,35.6191090664687 -79.1482272026088,35.6189420665094 -79.1484942032522,35.6187480666599 -79.1491612060483,35.6180150674442 -79.1493312067525,35.6178300676452 -79.1500072094557,35.6171150684269 -79.1500582096744,35.6170580684918 -79.1503672115911,35.6165890690898 -79.1504062118895,35.616518069185 -79.1508652156967,35.6156210704173 -79.1513182200577,35.614610071862 -79.1517052229917,35.6139120728392 -79.1519182242998,35.6135920732759 -79.1521812259292,35.6131940738248 -79.1529772304536,35.6120750753735 -79.1531062310897,35.6119140755942 -79.1533942324602,35.611565076073 -79.153903234894,35.6109460769356 -79.1542062363843,35.6105690774715 -79.1548002393214,35.609827078544 -79.1551872422076,35.6091410796099 -79.1554432447563,35.6085540805567 -79.1555022453664,35.6084140807843 -79.1557432486271,35.6076820820012 -79.1560522532381,35.6066540837334 -79.1562372556182,35.6061180846369 -79.156312256553,35.6059070849934 -79.1565842588246,35.6053750858762 -79.1566772594244,35.6052300861137 -79.1570642618567,35.6046400870853 -79.1575302645303,35.6039830881739 -79.1578862660316,35.6035940888105 -79.158364267605,35.6031640895071 -79.1589552690777,35.6027310902006 -79.1593792700453,35.6024390906716 -79.1595342703909,35.6023340908421 -79.1604542718267,35.6018390916293 -79.1611072727011,35.6015180921444 -79.1614962732599,35.6013190924713 -79.1617072735778,35.6012080926561 -79.1621112743431,35.600963093076 -79.1625442754882,35.6006330936624 -79.1631162774643,35.6001010946361 -79.1635052791566,35.5996670954491 -79.1638412809904,35.5992150963105 -79.163956281634,35.5990570966136 -79.164254283358,35.5986360974264 -79.1643462838231,35.5985200976509 -79.1647562857712,35.5980290986061 -79.165229287666,35.5975360995733 -79.1653042879416,35.5974630997173 -79.1657912896257,35.597011100615 -79.1658532898328,35.596955100727 -79.1662342909168,35.5966501013393 -79.1665062916633,35.5964381017684 -79.1669292926912,35.5961361023846 -79.16743429355,35.5958521029708 -79.1684642948198,35.5953731039795 -79.1691952958964,35.5949971047868 -79.1696052964964,35.5947871052439 -79.1700542971686,35.5945541057559 -79.1711052989402,35.5939681070632 -79.171233299164,35.5938951072281 -79.1718383003673,35.5935201080792 -79.1719813006633,35.5934291082872 -79.172765303008,35.5927811097679 -79.1728643033341,35.5926931099703 -79.1737113061842,35.5919281117474 -79.174433308151,35.5913721130728 -79.1746013085829,35.591248113372 -79.1751713100213,35.5908331143824 -79.1758283113932,35.5904141154266 -79.1763993128474,35.5899961164692 -79.17669831376,35.5897461170916 -79.1776963168258,35.5889081192053 -79.1780683182344,35.5885411201319 -79.1780923183172,35.588519120188 -79.1787863209629,35.587831121944 -79.179404323337,35.5872151235361 -79.1795283237815,35.5870981238422 -79.1799083251076,35.5867471247671 -79.180232326252,35.5864451255675 -79.1805613271346,35.5861961262469 -79.1809303279975,35.5859431269506 -79.1816063290866,35.5855811280056 -79.1822633303122,35.5851951291265 -79.1826923311323,35.5849391298752 -79.1831643322312,35.584617130805 -79.183508333068,35.5843751315057 -79.1838073340954,35.5841031322713 -79.1838823343764,35.584030132476 -79.184042335191,35.5838301330236 -79.1842553363669,35.583545133802 -79.1844443374742,35.5832791345281 -79.1847133395583,35.5827961358279 -79.1849843418842,35.5822631372608 -79.1850593428708,35.582045137836 -79.185149343979,35.5817991384882 -79.1852763456541,35.581429139468 -79.1853113460916,35.581332139726 -79.1855053475702,35.5809891406666 -79.1858073490652,35.5806211417168 -79.1861213501938,35.5803261425918 -79.1867703516579,35.5798951439577 -79.1871363520896,35.579733144526 -79.1875603524845,35.5795671451322 -79.1879523527404,35.5794361456376 -79.1882443527725,35.5793711459312 -79.1887403527668,35.5792731463996 -79.1891353527184,35.5792041467507 -79.1896093525639,35.5791411471218 -79.1897363525036,35.5791281472112 -79.190515351916,35.5790931476428 -79.1915523511748,35.5790381482421 -79.1920583510434,35.5789641486628 -79.1924683510983,35.5788711490945 -79.1930213512046,35.5787391496976 -79.1933253513092,35.5786571500566 -79.1938993515861,35.5784861507821 -79.194193351735,35.5783971511596 -79.195583352598,35.5779441530521 -79.1964883530932,35.5776631542625 -79.1968913532939,35.577542154794 -79.1974123534636,35.5774041554327 -79.1979993534815,35.5772841560555 -79.1984833534822,35.5771881565634 -79.1989203532251,35.5771541568728 -79.1990013531662,35.5771501569236 -79.1996653524689,35.5771611572141 -79.1999843522871,35.5771351574442 -79.2002323522966,35.5770841577128 -79.2003983525766,35.5769941580556 -79.2006353530279,35.5768551585768 -79.2008523536898,35.5766771592038 -79.2010533544898,35.5764741598979 -79.2012313554984,35.5762331606938 -79.2014783575627,35.5757631622001 -79.2016943597799,35.5752681637694 -79.2018013615439,35.5748871649488 -79.2018323632539,35.5745321660116 -79.2018623651512,35.5741391671865 -79.2018453673436,35.5736951684853 -79.2018283699085,35.5731751700077 -79.2017883726816,35.5726171716277 -79.2017603735563,35.5724441721203 -79.2016713761801,35.5719261735906 -79.2015663786427,35.5714441749425 -79.201388381405,35.5709151763828 -79.2011533848728,35.5702531781703 -79.2010293861472,35.5700171787787 -79.2009363870785,35.5698451792195 -79.2007563892486,35.5694371802894 -79.2007013899475,35.5693051806369 -79.2003273960531,35.5681311837943 -79.2002713969045,35.5679681842279 -79.1997364046828,35.5664831881383 -79.1994294084536,35.5657721899567 -79.1992564120386,35.5650731918358 -79.1992214130603,35.5648711923897 -79.1991204161315,35.5642631940582 -79.1990674178504,35.5639221949956 -79.1990514192702,35.5636351958076 -79.1990334212793,35.5632281969627 -79.1990254242627,35.5626201987037 -79.199116428769,35.5616822014803 -79.1991294327364,35.5608692038311 -79.1991344377539,35.5598432067878 -79.199192439335,35.5595092078032 -79.1992784407334,35.5592072087539 -79.1993054410217,35.5591432089638 -79.1993894417172,35.558985209499 -79.1994994423299,35.5588392100251 -79.1996544428226,35.5587092105487 -79.1998844433536,35.5585572112093 -79.2002174436327,35.5584372118781 -79.2005154437386,35.5583592123928 -79.2010134437916,35.5582542131813 -79.2015044437387,35.5581722138981 -79.2020414434914,35.5581212145703 -79.202960442817,35.5580852155713 -79.2035714423543,35.5580642162289 -79.204000441962,35.5580632166499 -79.204493441692,35.5580252172447 -79.2050644417328,35.5579092181529 -79.2056934415877,35.5578202190392 -79.2060644416422,35.5577392196503 -79.2065144417171,35.5576392203991 -79.2070174417235,35.5575432211902 -79.2075354417409,35.557442222014 -79.2082234417931,35.5573022231306 -79.2090454419874,35.5571082245548 -79.2095014422302,35.5569732254345 -79.2100424425326,35.5568102264912 -79.2104144427551,35.5566952272296 -79.211135443217,35.5564662286866 -79.2116884434357,35.5563182297213 -79.2122574434824,35.5562022306738 -79.2126474435712,35.5561112313656 -79.2140104439172,35.5557862338205 -79.214437444017,35.5556862345883 -79.2149634444204,35.5555062357236 -79.2155224449172,35.5553012369807 -79.2160494453649,35.5551122381571 -79.2167104460996,35.5548402397561 -79.2173194469421,35.554556241349 -79.2177114472488,35.5544212422188 -79.2183694477513,35.554197243676 -79.2184214477974,35.5541782437959 -79.2191634488065,35.553836245752 -79.2193134490149,35.553766246152 -79.2196124494081,35.5536312469354 -79.2200564499306,35.55344324806 -79.2204524507447,35.5532052493074 -79.221023451849,35.5528762510658 -79.2211384521543,35.5527932514787 -79.2214414529901,35.5525682525907 -79.22177745436,35.5522292541373 -79.222094455624,35.5519152555816 -79.2225244575475,35.5514472576952 -79.2229284586988,35.5511402592276 -79.2231574592921,35.5509782600571 -79.2233764596671,35.550862260716 -79.2235924597825,35.550799261187 -79.2238724596566,35.5507732616031 -79.2241374594206,35.5507722619142 -79.2244774589232,35.5508102621749 -79.2246954582891,35.550898262117 -79.2249294573234,35.5510502618501 -79.2253044554662,35.5513562611972 -79.225632453245,35.5517442601933 -79.2260334496087,35.5524042582951 -79.2261134487972,35.5525532578529 -79.2263184466076,35.5529572566378 -79.2265324439186,35.553460255074 -79.2265834428557,35.5536652543957 -79.2265734416356,35.553913253497 -79.2265274404781,35.5541552525812 -79.2264254390847,35.5544552513987 -79.2260844363993,35.5550602488766 -79.2257874351559,35.5553662474751 -79.2254684335864,35.5557422458068 -79.2252054325702,35.5559962446345 -79.2243384303432,35.5566072415916 -79.2238164292949,35.5569162399792 -79.2232174278979,35.5573102380014 -79.2227334264103,35.5577012361592 -79.2225354257523,35.5578712353734 -79.2224074252474,35.5579972348104 -79.2222084244273,35.5582002339122 -79.2220354235388,35.5584122330099 -79.2217794221883,35.558733231653 -79.2214954203004,35.5591682298804 -79.2212194184352,35.5595972281423 -79.2209984165194,35.5600262264611 -79.2207764145655,35.5604632247563 -79.2202414102742,35.5614322209561 -79.2200344078332,35.5619652189533 -79.2199284064645,35.5622622178479 -79.2198094042681,35.5627292161537 -79.2198044036353,35.56285821571 -79.2197954017659,35.5632382144079 -79.2197954010394,35.5633852139071 -79.219681399486,35.563721212668 -79.2195303978885,35.564073211346 -79.2194253968656,35.5643002104888 -79.2193653964674,35.5643922101275 -79.2191793953133,35.5646612090644 -79.218874393328,35.5651212072626 -79.2187563923624,35.5653392064322 -79.2187403916959,35.5654772059532 -79.2187383907247,35.5656742052859 -79.2188183896466,35.5658772046618 -79.2189423886355,35.5660582041451 -79.2193333861419,35.5664882029862 -79.2199833827454,35.5670512015586 -79.2204783803492,35.5674412005915 -79.2207143793396,35.5676002002194 -79.2212393769879,35.5679751993112 -79.2217043753154,35.5682241987858 -79.2222203738315,35.568425198457 -79.2227703725177,35.5685851982896 -79.2233593714634,35.5686851983549 -79.2238083708339,35.5687261985263 -79.2239603706351,35.5687371985942 -79.2244403700702,35.568759198853 -79.2251533697049,35.5686961995756 -79.2258603692415,35.5686542002214 -79.2267413689798,35.5685382012564 -79.226911368982,35.5685052014949 -79.2279713690222,35.568294203007 -79.2281023690219,35.5682692031908 -79.2290323688937,35.5681172044074 -79.2294283687812,35.5680642048848 -79.2298243686588,35.568013205356 -79.2303793682616,35.5679872058509 -79.2305313680976,35.5679912059456 -79.2310733674843,35.5680112062619 -79.2316823666683,35.5680592065219 -79.2324343655276,35.5681452067411 -79.2325453653329,35.5681632067534 -79.2334323637257,35.5683172068097 -79.2339743626443,35.5684312067656 -79.2347263611095,35.5685962066733 -79.2348083609371,35.568615206659 -79.2356223591039,35.5688282064201 -79.2361733578684,35.5689712062578 -79.2367693565399,35.5691242060843 -79.2373543551468,35.5692922058406 -79.2377423540205,35.5694442055193 -79.2381603525862,35.5696522049983 -79.2387363508067,35.5698992044273 -79.2392273493019,35.5701072039447 -79.2399873473657,35.5703502034972 -79.2403733465088,35.5704482033663 -79.240481346286,35.5704722033428 -79.2407403458145,35.5705172033353 -79.2411303453177,35.5705422034921 -79.2413793450901,35.570540203663 -79.2417663451052,35.570463204222 -79.2423133452225,35.570335205091 -79.2426933452397,35.5702592056452 -79.2432223455045,35.5701052066123 -79.243739345981,35.5699112077363 -79.2441573464672,35.5697342087301 -79.2441863465096,35.5697202088061 -79.2444153471061,35.5695572096189 -79.2445633481397,35.569322210669 -79.2446613490811,35.5691152115732 -79.2446903507828,35.5687692129925 -79.2446683528178,35.5683662146067 -79.2446473533775,35.5682582150284 -79.2444963571291,35.567536217837 -79.2442653625148,35.5665022218383 -79.244239363104,35.5663892222742 -79.2439663680035,35.5654602258062 -79.2438573698499,35.5651112271246 -79.243704372387,35.5646322289282 -79.2435613747195,35.5641922305796 -79.2431643804317,35.5631232345365 -79.2429643843048,35.5623852373195 -79.2428923858354,35.5620922384287 -79.242878386178,35.5620262386804 -79.242828389221,35.5614262410346 -79.2428113906251,35.5611482421304 -79.2427993926288,35.5607492437139 -79.2428363966993,35.5599272470326 -79.2429754013494,35.5589702509895 -79.2430504056348,35.5580982545506 -79.2430794071462,35.5577902558117 -79.2432324102812,35.5571342585902 -79.2433704125763,35.5566492606729 -79.2435294144927,35.5562362624915 -79.2439594178686,35.5554812659696 -79.2444354222282,35.5545212703409 -79.2446434242464,35.5540792723493 -79.2448554263863,35.553612274468 -79.2451974293325,35.5529602774854 -79.2454074305654,35.5526752788751 -79.2457544321786,35.5522892808326 -79.2464784351042,35.5515722845774 -79.2467304360352,35.5513402858151 -79.2470904371834,35.5510452874389 -79.2479014392784,35.5504792907102 -79.2488664415362,35.5498532944362 -79.2493564427996,35.5495122964363 -79.2496274435207,35.5493192975646 -79.249808444028,35.5491852983409 -79.2503804454701,35.5487052989922 -79.2509824470894,35.548132298873 -79.2515294489313,35.5475362990555 -79.2521274518431,35.546703299975 -79.2526674538701,35.5460703002889 -79.2531194558015,35.54549230073 -79.2532674564912,35.5452913009183 -79.2535644579067,35.5448813013172 -79.2538874590562,35.5445133014264 -79.2545764611678,35.5437953013626 -79.2552164630318,35.5431463012015 -79.2553814635045,35.5429803011502 -79.2557644645733,35.5426003010026 -79.2563014659544,35.5420903006887 -79.25637446615,35.5420193006512 -79.2573914692591,35.5409503004063 -79.2582654719208,35.5400303001421 -79.2586354729913,35.5396512999732 -79.2590934742972,35.5391852997387 -79.2595064754604,35.5387672995063 -79.2598484770398,35.5382952997892 -79.2600034775044,35.5381322997181 -79.2606654795116,35.5374302994179 -79.2609384803491,35.5371382992945 -79.2613624808699,35.5368432984905 -79.2617474814834,35.5365462978633 -79.2619314818398,35.5363912976101 -79.2627034833957,35.5357272965781 -79.262967483681,35.5355502960299 -79.2647674847703,35.5345142915794 -79.2667894868588,35.5331632871055 -79.2670674871237,35.5329812864624 -79.2674734873161,35.5327552853743 -79.2676194873303,35.5326852849411 -79.2678404873178,35.5325862842592 -79.2681434870933,35.5324932831694 -79.2684264866373,35.5324572819691 -79.2687224860556,35.532441280636 -79.2695764843471,35.5324012767665 -79.2710574811309,35.5323842698691 -79.2711044810262,35.5323842696483 -79.2713884804946,35.5323632683867 -79.2714494803539,35.5323642680966 -79.2715604801547,35.5323542676096 -79.271671479994,35.5323362671501 -79.2718854795461,35.5323302661651 -79.2719154795032,35.5323252660413 -79.2722374788675,35.5323082645863 -79.272880477574,35.5322792616627 -79.273338476678,35.5322532595977 -79.2737384761022,35.5321872579397 -79.2744654757804,35.5319152554312 -79.2750894749125,35.5318052528563 -79.2755394740365,35.531778250823 -79.2758084732073,35.5318262493951 -79.2762814714712,35.5319692466937 -79.2767034696409,35.5321562440929 -79.2787294600269,35.5332332311058 -79.28014145275,35.5341112217396 -79.2806364499774,35.5344672183245 -79.2810264477457,35.5347582156093 -79.2818344424514,35.5355052095615 -79.282207439987,35.5358552067674 -79.2834484317425,35.5370331974939 -79.2840364281323,35.5375301933198 -79.2842674267214,35.5377241916891 -79.2843734261118,35.537805190966 -79.2847584239655,35.5380851883873 -79.2853954204341,35.5385451841465 -79.2861074168487,35.5389831796551 -79.2868404134101,35.5393811752085 -79.287331411336,35.5395991723827 -79.2876134104533,35.5396581709554 -79.2880254092303,35.5397301689132 -79.2886424075614,35.5398031659586 -79.2888924071198,35.5397821649072 -79.2891924066074,35.5397531636557 -79.2895344060599,35.539712162251 -79.2898414053979,35.539712160885 -79.2900854047607,35.5397361597316 -79.2902864039807,35.5398111586262 -79.2904574030253,35.5399381575091 -79.2906084019656,35.5400971563924 -79.2908653998521,35.5404351543072 -79.2911493968056,35.5409631515793 -79.2913763944834,35.541361149473 -79.2914143940747,35.5414321491088 -79.2915973915259,35.5419001470083 -79.2917033890553,35.5423871451967 -79.2917853873509,35.5427191439214 -79.2917863872474,35.5427411438562 -79.2917573845122,35.5433481423034 -79.2916023822967,35.5439001414444 -79.2914453806647,35.544326140938 -79.2912983793286,35.5446831405762 -79.290991377096,35.5453071401485 -79.2909343768004,35.5453971401399 -79.2905613753116,35.545889140347 -79.2904253748113,35.5460591404459 -79.2901903740139,35.5463381406545 -79.2900833736737,35.5464601407623 -79.2896583725817,35.546888141342 -79.2892733716577,35.5472611418985 -79.2888703710094,35.5475821426694 -79.2885083704358,35.5478681433612 -79.2878583698214,35.548291144848 -79.2873143694055,35.5486231461423 -79.2867283693198,35.5489021477537 -79.2858343683883,35.5494981496854 -79.2851213678311,35.5499321513237 -79.2845873676953,35.5501961527206 -79.2840623675525,35.5504571540803 -79.2829543671617,35.5510251568669 -79.2823043670171,35.551339158541 -79.282137366597,35.5515011587175 -79.2820593661452,35.5516311586312 -79.2820133654399,35.551801158291 -79.2819993648384,35.5519351579327 -79.2820313637106,35.552161157104 -79.282156361966,35.5524781556208 -79.2824523590436,35.5529721529097 -79.2827683564826,35.5533811503899 -79.2831413540105,35.5537471477838 -79.2835053518592,35.5540491454176 -79.2839333490378,35.5544671424541 -79.2842703468754,35.5547841401659 -79.2845963452189,35.554998138238 -79.2849053440746,35.5551101366873 -79.2851733433636,35.555147135524 -79.2854193428744,35.555146134561 -79.285762342307,35.5551201332913 -79.2862853414992,35.5550681313906 -79.2866093410254,35.5550301302292 -79.2868613404074,35.5550541291683 -79.287045339968,35.5550691284013 -79.2875823388523,35.5550771262679 -79.2877623385186,35.5550711255781 -79.2881853378176,35.5550391240084 -79.2886123374515,35.5549331226345 -79.2891363372369,35.5547521210898 -79.2894243371345,35.554649120248 -79.2898003370487,35.5545041191759 -79.2901853370315,35.554340118118 -79.2907273370473,35.554100116647 -79.2910573371844,35.5539261158249 -79.2915153372875,35.5537031146261 -79.2917953373296,35.5535711138778 -79.2925213376091,35.5531911120294 -79.2929483376585,35.5529921108667 -79.2933823375128,35.5528321095645 -79.29366633723,35.5527681085999 -79.2940513368059,35.5526901072668 -79.2943633362867,35.5526651060826 -79.2946013356932,35.552689105064 -79.2949473348027,35.5527301035675 -79.2954193332816,35.5528531013505 -79.2958963316282,35.5530030990466 -79.2964263296314,35.5532050964002 -79.2973213265608,35.5534810921155 -79.2976473256689,35.5535320906861 -79.2979903248658,35.5535560892592 -79.2984423239559,35.5535550874624 -79.2988053234122,35.5535130861236 -79.2992803228093,35.5534340844305 -79.2999303221684,35.5532850822112 -79.3005173217528,35.5531140802914 -79.3010503214087,35.5529510785613 -79.3020153208802,35.5526340754668 -79.30235632071,35.5525180743779 -79.3027313206454,35.5523630732431 -79.3030653206137,35.5522190722432 -79.3033783206418,35.5520710713341 -79.3036603209614,35.5518720706675 -79.3037653212819,35.5517530705244 -79.3038103220749,35.5515560708069 -79.3038063228422,35.5513870712216 -79.3037403238441,35.5511940719446 -79.3036573246655,35.5510490726242 -79.3032483280347,35.550486075625 -79.3030963298312,35.5501560770319 -79.3030133314057,35.5498440781158 -79.3029893331334,35.5494710791041 -79.3030053334514,35.5493930792243 -79.3030503341324,35.5492210794487 -79.3031453351192,35.5489580796826 -79.3033183358857,35.5487080795605 -79.3034973362479,35.5485450792046 -79.3037133363755,35.5484170786103 -79.3039653363157,35.5483140778056 -79.304252335945,35.5482640767293 -79.3045563353638,35.5482530754904 -79.3052783339692,35.5482300725398 -79.3055793333807,35.5482220713057 -79.3063453323009,35.5481080683771 -79.3066243319138,35.5480650673124 -79.3071193313857,35.5479530655014 -79.3076973308711,35.5477990634337 -79.3082713305901,35.5475940614892 -79.3089293305805,35.5472880594054 -79.3096023308152,35.5469190573812 -79.3102033312709,35.5465330556801 -79.3106633318715,35.5461800544899 -79.3111723330293,35.5456770533971 -79.3113233332471,35.5455560530102 -79.3118543338402,35.5451690515596 -79.312097334079,35.5449990508763 -79.3124413341527,35.5448180497811 -79.3130523337633,35.5446140475852 -79.3135523335575,35.5444210458348 -79.31443133283,35.5441640425773 -79.3151093323262,35.5439520400814 -79.3153643321415,35.5438710391427 -79.3166783309636,35.5435040341865 -79.317224330478,35.5433500321202 -79.3175553300156,35.5432950307923 -79.3178493294919,35.5432720295631 -79.3179193293478,35.543271029262 -79.3181663287278,35.5432930281516 -79.3184753278459,35.5433450267174 -79.3189193263433,35.5434740245583 -79.3193433248408,35.5436130224711 -79.319454324419,35.5436560219133 -79.3199773223181,35.5438850192416 -79.3204523205722,35.5440560168884 -79.3207153195875,35.5441550155802 -79.3208923187114,35.5442710146129 -79.321222317063,35.5444910128066 -79.3215153161768,35.5445530114413 -79.3218263154127,35.5445780100648 -79.3223093144024,35.5445760079988 -79.322721313753,35.544525006321 -79.3230343135362,35.5444220051551 -79.3231883135383,35.5443460046237 -79.3233753135694,35.5442470039888 -79.323556313643,35.5441410033903 -79.3236443137107,35.5440820031114 -79.3237693139064,35.5439750027537 -79.3239073142034,35.5438380023893 -79.3240483150564,35.5435700022298 -79.3240773160519,35.5433240025157 -79.3240143174189,35.5430370032685 -79.3239463184616,35.5428280039136 -79.3239303186675,35.5427880040501 -79.323764320074,35.5425430051835 -79.3234463221279,35.5422230071096 -79.3231183240716,35.5419340090335 -79.3230353245503,35.541864009516 -79.3227293261088,35.5416540112158 -79.3222773280888,35.5414190136043 -79.3214063315822,35.5410420180936 -79.3209973333415,35.5408380202572 -79.3206463351813,35.5405870222542 -79.3202673370917,35.5403340243848 -79.3195663406736,35.539856028361 -79.3191473427799,35.5395790307325 -79.3188873440798,35.5394090322045 -79.3184073466479,35.539057035001 -79.3177633499971,35.5386080387272 -79.3173313523028,35.538294041262 -79.3168933544539,35.5380190437584 -79.3158483596518,35.5373500497725 -79.31517936327,35.5368570537752 -79.3147113660029,35.5364670566783 -79.3143633680857,35.536166058867 -79.314033370109,35.5358700609703 -79.3136203727913,35.5354660636799 -79.3133663746298,35.5351750654385 -79.3129803776323,35.5346860682163 -79.3126583801136,35.5342840705311 -79.3121983834763,35.5337520737656 -79.3116293873769,35.5331540776637 -79.3112323901234,35.5327320804071 -79.3110783917924,35.5324320817622 -79.3109813929769,35.5322130826808 -79.310980394045,35.5319720831952 -79.3110473948242,35.5317620833231 -79.3112703960102,35.5313810830728 -79.3114983967946,35.5310880826085 -79.3115963970743,35.5309750823804 -79.3118283976934,35.5307170818176 -79.3120843982575,35.5304590811366 -79.3125013985554,35.5301790797281 -79.3132593988491,35.5297250770357 -79.3146403991429,35.5289490719688 -79.3152763995238,35.5285340697243 -79.3159833999266,35.5280760672018 -79.3169954001624,35.5274960634085 -79.3179794001547,35.5269840595845 -79.3191764000199,35.5263870548393 -79.3193704000847,35.5262700541027 -79.3203784004448,35.5256550502636 -79.3209664011307,35.5251850482023 -79.3215434013224,35.5248340459678 -79.3219254012944,35.5246370444192 -79.3224394009091,35.5244520421891 -79.3228644005032,35.5243190403062 -79.3233703997243,35.5242290379435 -79.3240123986051,35.5241450348909 -79.3245873976567,35.5240570321748 -79.3246753975051,35.5240450317564 -79.3251303965153,35.5240310295134 -79.3256583953826,35.524011026916 -79.3264463937523,35.5239670230608 -79.326566393471,35.5239680224613 -79.3270953921647,35.523988019794 -79.3277313904966,35.5240350165528 -79.3279923897624,35.5240660152052 -79.3284043885863,35.5241190130729 -79.3290333865662,35.5242530097405 -79.3296993842672,35.5244330061619 -79.3302913822765,35.5245810030053 -79.3306733808806,35.5247030009332 -79.3316053775449,35.5249849959132 -79.3320293760936,35.5250979936567 -79.3322633753157,35.5251549924202 -79.3328033736585,35.5252539896151 -79.3330893728883,35.5252809881656 -79.3336713714514,35.5253049852593 -79.3337873712524,35.525288984708 -79.3340553707465,35.5252629834193 -79.334559370072,35.5251479810815 -79.3348773697735,35.5250449796442 -79.3353163695229,35.5248639777063 -79.3357063694422,35.524668976024 -79.3361093696059,35.5244079743554 -79.3364783697666,35.5241659728251 -79.3367233701827,35.5239309718981 -79.3371133709008,35.5235429704314 -79.3374243716905,35.5231809693187 -79.3377193728026,35.5227499683621 -79.338219374713,35.52201196673 -79.3385513758195,35.5215599655875 -79.338744376209,35.5213579648474 -79.3389273763053,35.5212319640666 -79.3391743762103,35.5211159629475 -79.3397443757621,35.5209029602953 -79.3400623755034,35.52078595881 -79.3407603748636,35.5205459555223 -79.3414603741911,35.5203119522066 -79.3421763734697,35.5200799487958 -79.3427963726659,35.5199219457888 -79.3432953719716,35.5198059433524 -79.3437173712682,35.5197359412607 -79.3443063702252,35.5196529383233 -79.3447103694235,35.5196169362862 -79.3451283686132,35.5195749341821 -79.3454753675767,35.5196289323504 -79.3459783663171,35.5196479297525 -79.3462193657876,35.5196389285247 -79.3464873654721,35.5195619272203 -79.3466153651549,35.5195659265598 -79.346772364529,35.5196289256973 -79.346990363226,35.5198229244054 -79.3471633625916,35.5198789234692 -79.3473243620712,35.5199139226138 -79.3474763616452,35.5199309218206 -79.3477123610344,35.5199449206002 -79.3479563604984,35.519935919359 -79.3481483601697,35.5199059184018 -79.3483553599154,35.5198489173903 -79.3484853598214,35.5197969167683 -79.3486183598014,35.5197249161473 -79.3487693599094,35.5196109154684 -79.3489283601443,35.5194609147771 -79.3491063604477,35.5192829140096 -79.3493463609813,35.5190119129967 -79.3495513614545,35.5187759121316 -79.3500713633641,35.5180009100621 -79.3505573653749,35.5172189081479 -79.3509813669567,35.5165779064255 -79.3512333679954,35.5161719054119 -79.3514443688436,35.5158369045542 -79.351499369551,35.5156289044194 -79.3515413703862,35.5153969043702 -79.3515263712446,35.5151929046006 -79.3514823724347,35.5149239050328 -79.35141037368,35.5146579056119 -79.3512393754618,35.5143179067733 -79.3510403770579,35.5140409080399 -79.3508563783846,35.513821909186 -79.3505443802507,35.5135459110616 -79.3501903821266,35.5132929131495 -79.3497373841987,35.5130509157646 -79.3493123859661,35.5128679181888 -79.348550388724,35.5126419224624 -79.3485363887904,35.5126339225443 -79.3482523899482,35.5125179241673 -79.3480003912123,35.5123569256592 -79.347657393023,35.5121159277135 -79.3471833956908,35.511742930597 -79.3464944002104,35.5110449349519 -79.3462674017057,35.5108139363948 -79.3456434059114,35.5101569404001 -79.3450764093672,35.5096509439763 -79.3444674128412,35.5091669477807 -79.3441974142332,35.5089889494375 -79.3439324156097,35.5088119510691 -79.3435604174758,35.5085799533483 -79.3431924191816,35.5083849555733 -79.3427964207231,35.5082469578986 -79.3425184219835,35.5081069595783 -79.3420604243351,35.5078099624219 -79.3416494268212,35.5074529650789 -79.3409264314617,35.5067619698462 -79.3405144343141,35.5063189726329 -79.3400324378989,35.5057419759752 -79.3395214416526,35.5051429795245 -79.3391094450239,35.5045779824966 -79.3388534472661,35.5041919843922 -79.3385554500726,35.5036959866624 -79.338071454984,35.5028069904706 -79.3373884616766,35.5016129958204 -79.3366724684142,35.5004320014 -79.3364924701027,35.5001370028094 -79.3362654719142,35.4996700068267 -79.336122472951,35.4993350102316 -79.3360084738461,35.4990350131996 -79.3359644744702,35.4987810154081 -79.3358924752602,35.4984810181331 -79.3358634758492,35.4982260202626 -79.3358764763272,35.4979720221405 -79.3359184766587,35.4977530235809 -79.3359904768749,35.4975520247084 -79.3361564771221,35.4972120263583 -79.3364434772338,35.4967780280265 -79.3367664771861,35.4963720292686 -79.3370754771771,35.495961030629 -79.3372864771197,35.4957040313753 -79.3375044771164,35.4954080323798 -79.3376864771356,35.4951480333166 -79.3380094772955,35.4946180355043 -79.3381494774201,35.4943580366843 -79.338282477606,35.4940750380812 -79.338393477873,35.493780039698 -79.3384914780288,35.4935600408148 -79.3386384782253,35.4932480423512 -79.3387924785012,35.4928830442529 -79.3389114786026,35.4926580452843 -79.3390474786223,35.4924500460855 -79.3391784785455,35.4922990464785 -79.3393684782911,35.4921540464804 -79.3396074779091,35.4920030462416 -79.3398614775373,35.4918230461371 -79.3401774770633,35.4916030459759 -79.3405654763891,35.4913790454236 -79.3410304755286,35.4911350445728 -79.3414594747407,35.4909030438394 -79.3424034730068,35.4903800423169 -79.3429744719309,35.4900700413444 -79.3434034711666,35.4898080408347 -79.3438404703297,35.4895700400933 -79.3442914694909,35.4893060394672 -79.3446074689696,35.4890800393409 -79.345002468235,35.488842038842 -79.3452694678069,35.4886390388256 -79.3454714675137,35.488466038961 -79.3456214673328,35.4883150392332 -79.3457334673259,35.4881260400179 -79.3458664672882,35.4879180408241 -79.3459924673669,35.4876520421135 -79.3461174675725,35.4873110439803 -79.3462294677854,35.4869870457934 -79.3463694680046,35.4866080478608 -79.3465504684113,35.4860410511198 -79.3467594687884,35.4854370544947 -79.3468754689092,35.4851530559767 -79.3470604689508,35.4847890576617 -79.3472774688905,35.4844250591572 -79.3474884686748,35.4841640599025 -79.3480224679663,35.483594061096 -79.3483794675025,35.4832000619903 -79.3486204671665,35.4829450625094 -79.3488794668217,35.4826580631651 -79.3491114664959,35.4824090636901 -79.3495604660164,35.4818240654883 -79.3497784657727,35.4815430663371 -79.3500654655358,35.4811150678948 -79.3503604652935,35.4806690695405 -79.3505424651702,35.4803740707057 -79.3507174652157,35.4799810726563 -79.3508634652749,35.4796370744056 -79.3509474654021,35.4793770758833 -79.351009465661,35.4790760778026 -79.351064466063,35.4786950803708 -79.3511264664515,35.4783070829504 -79.3511824665456,35.4781250840007 -79.3512164665275,35.4780640842623 -79.3513934663198,35.4778200850654 -79.3515334660754,35.4776790853054 -79.3517234656376,35.4775570851043 -79.3518784652517,35.4774760847993 -79.3520804646738,35.4774200840254 -79.3522724640925,35.4773880831287 -79.352555463242,35.4773360818434 -79.3528094624373,35.4773170804798 -79.3531054614757,35.4773110787683 -79.353373460574,35.4773270770561 -79.3538824587872,35.4774100734057 -79.3543344572362,35.4774600703441 -79.3547084558872,35.4775490674504 -79.3552874538084,35.477683063 -79.3565274493988,35.4779510536156 -79.3568564482713,35.4779930513464 -79.3570824475288,35.4779980499681 -79.3573434466948,35.4779860485105 -79.3580784444048,35.4779060447549 -79.3587194424099,35.4778320415108 -79.359537439828,35.4777630371783 -79.3598054390547,35.4776810362066 -79.3598964389287,35.4775420367148 -79.3599104390541,35.4774030376799 -79.359881439334,35.4772530389832 -79.3598104397657,35.4770920406188 -79.3595974406518,35.4769420430149 -79.3588474436437,35.4765280505933 -79.3585354449821,35.4762870542662 -79.3582244463684,35.4760100582061 -79.3578844478698,35.4757230623949 -79.3576854487881,35.4755270650589 -79.3574154501432,35.4751810692791 -79.3570754519077,35.4747080748771 -79.3568614531332,35.4743280790236 -79.356704454235,35.4739000831945 -79.3566184549349,35.4735950860131 -79.3565884554549,35.473283088551 -79.3566574558845,35.4727860918976 -79.3566984560688,35.4725430934903 -79.356739456191,35.4723460947351 -79.3569084557944,35.4722070947775 -79.3570914553017,35.4721030944715 -79.3575004540304,35.4719970928313 -79.3582764516361,35.471776089868 -79.3586004506646,35.4716590888168 -79.3587264503757,35.47154308894 -79.359007449891,35.4711550901898 -79.3595684488603,35.4704140924275 -79.3597924485612,35.470021094052 -79.3598204486344,35.4698820949328 -79.3597634490922,35.4696740968425 -79.3596214498214,35.46949009908 -79.3594514505803,35.4693631010555 -79.3593344510655,35.4693061021858 -79.3591254519208,35.4692141041311 -79.3587584533807,35.4690881072792 -79.3583624548054,35.469072109771 -79.3581794555138,35.4690261112141 -79.3580094562813,35.4688991131912 -79.3578104573626,35.4686111165584 -79.357554458697,35.4682881205324 -79.3571444604194,35.4680931244631 -79.356947461139,35.4680821257269 -79.3567634616881,35.4681641262098 -79.3564964623167,35.4684071259723 -79.3562434628587,35.4686741254687 -79.3561174630416,35.4688701247408 -79.3560624628909,35.4691251231411 -79.3559504628403,35.4694541213226 -79.3558804628819,35.4696051205991 -79.3557544632787,35.4696401210883 -79.3556404638071,35.4695481224667 -79.3554844647872,35.4692361257616 -79.3553704655565,35.4689711284499 -79.3552564662974,35.468728130972 -79.3550154674831,35.4684921342023 -79.3548454683142,35.46833113644 -79.3548164685784,35.4682161374846 -79.3548584685498,35.4681291378917 -79.3550134680607,35.4680821373185 -79.3553094669861,35.4680931354612 -79.3555214662439,35.4680811342814 -79.3557184655882,35.468045133373 -79.355775465462,35.4679881334627 -79.3557044658436,35.467895134592 -79.3554914667805,35.4677691368225 -79.3552084679708,35.4676431394731 -79.3550814686674,35.4674701415444 -79.3548964698494,35.4671001454556 -79.354725470838,35.4668351484884 -79.3545274717812,35.4666741508962 -79.354470472102,35.4665931518519 -79.3544414723538,35.4664891528138 -79.3545254723499,35.4662751539304 -79.35469447193,35.4661361539683 -79.3548354714653,35.4661011533865 -79.3550334706966,35.4661351519399 -79.355344469405,35.4662501492016 -79.3554854689567,35.4662031487106 -79.3553714695137,35.4661001501749 -79.3551304709205,35.4657191545067 -79.3550444715713,35.4654771568557 -79.3550284720319,35.4651881591399 -79.3550984721288,35.4649331606497 -79.3551544721458,35.4647721615318 -79.3551814722389,35.4646331624217 -79.355124472577,35.464541163461 -79.3549554732821,35.4644831649169 -79.354811473813,35.4644841657756 -79.354461475008,35.464554167351 -79.3540814761473,35.4647401682276 -79.353785476957,35.4649371685148 -79.3533064785005,35.4650891702426 -79.3529404796418,35.4652291713814 -79.3525174808195,35.4654841719895 -79.3522644815747,35.4656001726297 -79.352080482196,35.4656351734697 -79.3518974828641,35.4656361745618 -79.3516854836997,35.4655961761393 -79.3515434843743,35.4654931777747 -79.3515154845988,35.4654121785581 -79.3515434846527,35.4653081791794 -79.351711484297,35.4651341794906 -79.3521764829679,35.4648781786378 -79.3525144820131,35.4646811780999 -79.3526544817344,35.4645191784867 -79.3526964817317,35.464415179023 -79.3525124825654,35.4643111809191 -79.3523574831377,35.4643121818441 -79.3521874839213,35.4642081836563 -79.3520604844944,35.4641391849443 -79.3518344853129,35.4641521862057 -79.3515094864996,35.4641641880705 -79.3510864881177,35.4641311908668 -79.3507754893931,35.4640511933463 -79.3504644907687,35.4639071963125 -79.3499544931099,35.4636202015646 -79.3495584949645,35.4633782057895 -79.3493614956808,35.4633902068848 -79.3491214964103,35.4634952075314 -79.3489104969934,35.4636232078281 -79.3487554975515,35.4636352086701 -79.3485144986333,35.4635202109966 -79.3483024996651,35.4633702134153 -79.3482175001307,35.4632782146277 -79.3482175002984,35.4631742154195 -79.3482445003844,35.4630582161401 -79.3483435001442,35.4629772161603 -79.3486814990461,35.4628722149228 -79.3489914981967,35.4626752145537 -79.3493704972665,35.4623622146501 -79.3496094967662,35.4621072151484 -79.3497214966688,35.4618992160547 -79.3497914966837,35.4617202169935 -79.349748497281,35.4614422193669 -79.3497434975688,35.4612702207051 -79.3497464976668,35.4612002212193 -79.3497744977415,35.4610842219323 -79.3499154974212,35.4609452221379 -79.3501404967263,35.4608402215775 -79.3503374961353,35.4607362211783 -79.3505204957395,35.4605392215702 -79.3508294950541,35.4602142221728 -79.35106849456,35.4599362228403 -79.3513634937234,35.4597392225532 -79.3515044933023,35.4596582223158 -79.351588493153,35.4595422226887 -79.3515074936145,35.4594432239302 -79.3512914946117,35.4593352260567 -79.3508954963508,35.4591982294926 -79.350627497475,35.4591412315469 -79.3503164986787,35.4591412334282 -79.3501754992585,35.4591192344484 -79.3501044996047,35.4590732352276 -79.3501044997474,35.458981235927 -79.3502584994567,35.4587832365003 -79.3504834989664,35.4585342370309 -79.3505674988701,35.4583842376624 -79.3505524992835,35.4581532395086 -79.3504525000294,35.4579222418697 -79.3502825008719,35.4578072437735 -79.3501125017512,35.4576692458524 -79.3499295025041,35.457646247136 -79.3497605030383,35.4577282475364 -79.3496335034276,35.457797247781 -79.349506503887,35.4578212483678 -79.3493515046022,35.4577522498316 -79.3491385056737,35.4576022522632 -79.3490395062806,35.457464253913 -79.3487405075484,35.457405256174 -79.3485305086102,35.4572572585732 -79.3483885093163,35.4571652601342 -79.3482475099259,35.4571312612478 -79.348149510134,35.4572412610043 -79.3480085107063,35.4572302619426 -79.3478815111489,35.4572652624459 -79.3477685115931,35.4572652631308 -79.3476975120597,35.4571502644371 -79.3476265125088,35.4570462656597 -79.3473865134524,35.4570472671071 -79.3471465143202,35.4570942682039 -79.3468645154288,35.4570952699058 -79.3464835169855,35.4570612724747 -79.3462855178022,35.4570392738429 -79.3461445184348,35.4569932750485 -79.3460875187957,35.4569122760119 -79.346138518729,35.4568322763128 -79.3462835184116,35.4566802765927 -79.3464665179592,35.456518276718 -79.3466075175746,35.4564142766556 -79.3466775174903,35.4562982771153 -79.3466485178365,35.4561592783509 -79.3463225198818,35.455710283753 -79.3462235203918,35.4556412848802 -79.3460955209791,35.4555952860082 -79.3460245213598,35.4555372868816 -79.345996521704,35.4553992881043 -79.3459675219361,35.4553302888067 -79.3458685224887,35.4552372901174 -79.3456285236415,35.4551232924449 -79.3455855239716,35.4550302934157 -79.3455565242253,35.4549492942099 -79.3455565244208,35.4548342950875 -79.3454995248263,35.4547302962274 -79.345428525268,35.4546382973609 -79.3453155258398,35.4545692985743 -79.3450185270318,35.4545703003718 -79.3449625273772,35.4545003012465 -79.3448765279399,35.4543743027312 -79.3447215286243,35.4543393039408 -79.3443965299313,35.4543403059089 -79.3442415307158,35.4542483075539 -79.344071531642,35.4541103096418 -79.3439865322475,35.4539603113047 -79.3439665328327,35.4536723136268 -79.3438285336652,35.4535163156583 -79.3436595345123,35.4534243173897 -79.3436725347448,35.4532623185486 -79.3436155351597,35.4531583196903 -79.3434315362331,35.4529743222167 -79.3433045369133,35.4528823236931 -79.342922538675,35.4527673268983 -79.3427245395021,35.4527563281881 -79.3424425409422,35.4525953311369 -79.3421735422687,35.4524693337392 -79.3419755433069,35.4523433359095 -79.3418895439953,35.4521583378493 -79.3418325445857,35.4519623396967 -79.3418455448691,35.4517773410333 -79.3420145444903,35.4516033413348 -79.3422255438731,35.451464341112 -79.3422955437526,35.4513713413967 -79.3422385441955,35.4512563426241 -79.3421135448763,35.4511653440828 -79.3419565455683,35.451141345224 -79.341815546129,35.4511533459922 -79.3416315468452,35.4511773469307 -79.3414195477206,35.4511773482237 -79.3413495480942,35.4511313490028 -79.3411935491199,35.4509243515395 -79.3410935499175,35.4507163537424 -79.3410785504705,35.4504503558711 -79.341162550398,35.4503003565071 -79.3412465501977,35.4502193566145 -79.3415565489938,35.4501723550818 -79.3416935485677,35.45009335485 -79.3419075483546,35.449720356398 -79.341991548414,35.4494943576144 -79.342045549046,35.449021360904 -79.3419885496013,35.448847362584 -79.3418695503365,35.4487183642988 -79.3417055511894,35.4486293659828 -79.3415785517884,35.4485943670273 -79.3414375523808,35.4485953678819 -79.3412255532318,35.4486183690022 -79.34102855406,35.4486193701993 -79.3408165550811,35.4485503720242 -79.3407035556002,35.4485273728914 -79.3405195564598,35.4484823743615 -79.3404065571511,35.4483673759338 -79.3404195574211,35.4481933771875 -79.340433557556,35.4480893778987 -79.3403765580774,35.4479393793969 -79.3402485587693,35.4478593807933 -79.3400795596151,35.4477903823564 -79.3400505600631,35.4476173838598 -79.3400915602157,35.4474433849425 -79.340105560372,35.4473283857382 -79.3400345608489,35.4472353868857 -79.3398795615184,35.4472303878733 -79.3397665619769,35.4472423884733 -79.3395965631155,35.4470233911935 -79.339468563836,35.4469313926829 -79.3392005649799,35.4469313943246 -79.3389185661587,35.4469443959523 -79.3387345670765,35.4468753976088 -79.3386355676995,35.4467713990133 -79.33862056832,35.4464824013229 -79.3384785692158,35.4463334033367 -79.3382665703029,35.4462414053423 -79.3380125715036,35.4461844073369 -79.3378425723914,35.446103409001 -79.3376165734502,35.4460584107321 -79.3374195742967,35.4460584119399 -79.3373195749743,35.4459324135209 -79.3372765754782,35.4457704150291 -79.3370925765214,35.4456434171333 -79.3369375773716,35.445551418791 -79.336880577891,35.4454134202011 -79.3368365785392,35.4451824222462 -79.3368085789123,35.445055423394 -79.3367375794025,35.4449634245369 -79.3365395804676,35.4448594265515 -79.3361575823766,35.4447334298653 -79.3359315836815,35.4445724324909 -79.3357195847178,35.4445154342311 -79.3355925852455,35.4445274349186 -79.3354375857082,35.4446314350703 -79.3353115859017,35.4448054345051 -79.3351425864227,35.4449094347423 -79.3350295868164,35.4449564350742 -79.334803587853,35.4449284366769 -79.3346095888787,35.4448384385606 -79.3344925896766,35.4446974403644 -79.3342935911107,35.4444214437116 -79.3341235924967,35.4441094471585 -79.3338255946849,35.4436824522786 -79.3336545962511,35.4432904563498 -79.333455597704,35.4430134597078 -79.3333555985777,35.4428064619181 -79.3332695995401,35.4425284645897 -79.3330566016216,35.4419864700782 -79.3328576030398,35.4417324732616 -79.332687604379,35.4414564764366 -79.3324456062164,35.4410984806882 -79.332275607614,35.4407984840497 -79.3321056086942,35.4406484862547 -79.331963609625,35.4405104881948 -79.3316806111632,35.4403844909121 -79.3311446138885,35.4402354953676 -79.330819615521,35.4401554979898 -79.330564616867,35.4400635002732 -79.3303956177512,35.440006501756 -79.3300566192724,35.4400075038395 -79.3299156199811,35.4399735049721 -79.3297596208351,35.4399045064677 -79.3295616219809,35.4397895085782 -79.3293356234103,35.439604511403 -79.3291086248693,35.4394095143118 -79.3289386260242,35.4392365166992 -79.3288396270416,35.438982519275 -79.3288096277993,35.4387055216028 -79.3287946283098,35.4385085232192 -79.3288646284068,35.4383235242176 -79.329032628135,35.4381035248809 -79.3291026282542,35.4379075259639 -79.3290526290327,35.4376615281754 -79.3290606292825,35.4375335291158 -79.3290876293311,35.4374565295443 -79.3291426293185,35.4373495300316 -79.3291986293321,35.4372285306208 -79.3292266294626,35.4371125313445 -79.32922662963,35.4370375319245 -79.3292046299363,35.436945532772 -79.329105630675,35.4368185343667 -79.3290626311456,35.4366965355762 -79.3289776319489,35.4365125375254 -79.3289556322586,35.4364195383808 -79.3288636329654,35.436293539925 -79.3287856335208,35.4362065410809 -79.3286726342361,35.4361205424459 -79.3285806347918,35.4360625434644 -79.3283896357515,35.4360285449104 -79.3281996366549,35.4360175461723 -79.3280796372619,35.4359945470936 -79.3279806378947,35.4359175483027 -79.3278596387573,35.4357845500818 -79.3277246397907,35.4356055523039 -79.327660640455,35.4354445539469 -79.3275476412563,35.4353235555841 -79.3273986421869,35.4352195573129 -79.3271866433427,35.4351455592002 -79.3269966443603,35.4350875608273 -79.3268406452572,35.4350135623677 -79.3266846462567,35.4348955642492 -79.3266706465766,35.4347855651883 -79.3266986466612,35.4346925657352 -79.3268036463583,35.4346115657116 -79.3268956461156,35.4345305657684 -79.3270216456075,35.4344955652579 -79.3271486451198,35.4344495648264 -79.3272476447258,35.4344195644446 -79.3273036447416,35.4342985650343 -79.3273096450324,35.4341595660735 -79.3272806456456,35.4339515678643 -79.3272166461824,35.4338485690592 -79.327103646913,35.4337615704345 -79.3269626477068,35.4337045717514 -79.3268496484641,35.4336065732121 -79.326813648966,35.4334625745512 -79.3268196496123,35.4331705767762 -79.3268256499836,35.4329975780792 -79.3268536500799,35.4328985786722 -79.3270076496863,35.4327535788386 -79.327148649286,35.4326375788608 -79.3272396490137,35.4325685788297 -79.3273246486914,35.4325335785724 -79.3274516480898,35.432533577783 -79.3275646475956,35.4325155772201 -79.3276986470793,35.4324635767898 -79.3277756470448,35.4323185774336 -79.3278966469234,35.4321195782218 -79.3281186464152,35.4318785787066 -79.3283796455143,35.4317275782516 -79.328787644267,35.4314175781115 -79.3289426436974,35.4313415777348 -79.3290686432119,35.4312895773529 -79.3292316424844,35.4312665765163 -79.3293726418128,35.4312655756466 -79.3295276412521,35.4311845753082 -79.3295126416194,35.4310515764297 -79.3294626420766,35.4309535774985 -79.3294766422675,35.4308375783081 -79.3295406421962,35.4307315787291 -79.3296096421937,35.4305835794435 -79.3296296425014,35.4304015807257 -79.32960764298,35.4302335821614 -79.3295646435444,35.4300725836738 -79.3294866440625,35.4300085846546 -79.3294026445942,35.4299515856187 -79.3292466455137,35.4298765871707 -79.3291266462333,35.4298135884057 -79.328963647188,35.4297385900016 -79.3289496474236,35.429663590669 -79.3289136477522,35.429594591427 -79.3288216483787,35.429513592627 -79.3288006486734,35.4294275934232 -79.3288566486111,35.4293345937934 -79.3289686483398,35.4292135940308 -79.3292996472932,35.4289635938996 -79.3294256470933,35.4287785945439 -79.3295716474695,35.428289597413 -79.3296616474609,35.4280955983508 -79.3298876470404,35.4277865993278 -79.3300906467106,35.4274856003859 -79.3302096467959,35.4271816019913 -79.330152647252,35.4271016029656 -79.3300326479189,35.4270666039859 -79.3299056485675,35.4270556048646 -79.3298066491559,35.4270096058389 -79.3297706495632,35.4269056068677 -79.3298546493533,35.4268136070536 -79.3299396491666,35.4267086073337 -79.3299666492499,35.4266106079222 -79.3299386495911,35.4265186088082 -79.329832650395,35.4263916104526 -79.3297826508455,35.4262996114763 -79.3297896510035,35.4262126121049 -79.329852650807,35.4261606121127 -79.3300146500963,35.4261196114162 -79.3301416496223,35.4260496111626 -79.3301826497252,35.4259106119801 -79.3300276507135,35.4258106137226 -79.3299566513215,35.4256946150633 -79.3299986512919,35.4256136154264 -79.3301246510102,35.4254576158432 -79.3301946509792,35.4253136165176 -79.3301656515064,35.4251396180435 -79.3301156519844,35.4250356191602 -79.3301366520691,35.4249496196932 -79.3302346521545,35.4246886210959 -79.3302406524213,35.4245536221014 -79.3301266536517,35.4242536251336 -79.3300696542303,35.4241206265185 -79.3299916548132,35.4240336276797 -79.3299136553677,35.4239596287405 -79.3298216561235,35.4238266303451 -79.3297796565004,35.4237516311881 -79.3297786566714,35.4236766317741 -79.329721657463,35.4234486338938 -79.3295526583248,35.4234436349924 -79.3293826592696,35.4234036363679 -79.3292766599839,35.4233226376591 -79.3292126604469,35.4232596385477 -79.3290786611356,35.4232536394347 -79.3289936617185,35.4231846405016 -79.3289086622749,35.4231276414757 -79.3288166629073,35.423052642633 -79.3286476638501,35.4230126440029 -79.3282176659527,35.4230426464689 -79.3280556665342,35.4231466466805 -79.3278656672284,35.4232626469746 -79.3277956673032,35.4233846464693 -79.3277046671684,35.4236446450272 -79.3276486672924,35.4237136448442 -79.3275576676947,35.423737645229 -79.3274586681921,35.4237376458498 -79.327346668819,35.4237096467689 -79.3272466695213,35.4236226480697 -79.3271326705728,35.4234146503956 -79.326933672172,35.4231556536502 -79.3266866738041,35.4229886564938 -79.3264746751808,35.422856658847 -79.32639667587,35.4227296603208 -79.3263316765313,35.4225866618371 -79.3263176767673,35.4225156624752 -79.3263456768255,35.4224296629659 -79.3264016767579,35.4223366633351 -79.3264786765277,35.4222676633863 -79.3265846760712,35.4222326629919 -79.3268106750078,35.4221966618516 -79.3270366738219,35.4222136603007 -79.3271916731159,35.4221786595984 -79.3274506725433,35.4218546604807 -79.3274706726934,35.4217446612068 -79.3274356731234,35.4216346622784 -79.3271246750959,35.4214656655416 -79.3269196765147,35.4213036680849 -79.326742677603,35.4212236698173 -79.3265876784593,35.4211956710085 -79.3264466791793,35.4211956718949 -79.3260656812371,35.421147674662 -79.3258536824278,35.4211016763514 -79.3256836835124,35.4210096781336 -79.3255566843639,35.420923679599 -79.3254926848278,35.4208656804512 -79.3253946853953,35.4208376812847 -79.3252176864643,35.420768682933 -79.3250696871535,35.4207976836387 -79.3249646874707,35.4208906835775 -79.3247116881491,35.4211496831584 -79.3245916885096,35.4212556830901 -79.3244646891293,35.4212676837952 -79.3243236899949,35.4212066851551 -79.3241326912579,35.4210866872874 -79.324012691912,35.4210696881738 -79.3238646925433,35.4211216887005 -79.3237306930881,35.4211796890924 -79.3236466935992,35.4211456898845 -79.3235256943841,35.4210766911812 -79.3233706954137,35.420978692917 -79.3231306966823,35.4209616945581 -79.3229536978312,35.4208616964482 -79.3229256981719,35.4207806972538 -79.3227696993076,35.4206426993074 -79.3226427001004,35.4205847005571 -79.32240970142,35.4205337024191 -79.3223247017847,35.4205627027283 -79.3222827017862,35.420649702316 -79.322226701719,35.4207937015485 -79.3221357018574,35.4209267010865 -79.3220307022934,35.4209677014279 -79.3219247028479,35.4209627021332 -79.3217267040611,35.4208817040083 -79.3215637051235,35.420789705749 -79.3214647058167,35.4207147069552 -79.3213517064951,35.4206747079771 -79.3210487082175,35.4206067104121 -79.320893708997,35.4206127113403 -79.3207307098325,35.4206127123656 -79.3205767103579,35.4207177125166 -79.3204227108446,35.4208377125507 -79.3202457115562,35.420914713064 -79.320026712588,35.4209497141684 -79.3198137134693,35.4210317148689 -79.3194847149142,35.4211247162126 -79.3193717154609,35.4211367168295 -79.3191527168459,35.4210327190169 -79.3189547181661,35.4209127211973 -79.3188557189835,35.4207917227633 -79.3187487200511,35.4205897250113 -79.3185147220404,35.4202837288697 -79.3183877231554,35.4201047310649 -79.3182957238666,35.4200127323615 -79.318189724456,35.4199957331613 -79.3178297262305,35.4200257351929 -79.3176187272535,35.4200497363335 -79.3175197278385,35.4200207371829 -79.3173777288256,35.4199227388416 -79.317179730404,35.4197097417508 -79.3169177324839,35.4194327455633 -79.3167617340492,35.419144748795 -79.3165987352572,35.4190067508997 -79.3164717361134,35.4189317522856 -79.316308737125,35.4188687538048 -79.3161607381524,35.418770755503 -79.316053739,35.4186607570369 -79.3160117395694,35.4185287583331 -79.3160037399198,35.4184127592901 -79.3161087397436,35.4182737597144 -79.3162287392734,35.418215759411 -79.3162917391763,35.4181287596935 -79.3163337392334,35.4180247602412 -79.3163477395263,35.4178867612311 -79.3163047400742,35.4177647624555 -79.3161917409083,35.4176727638871 -79.3160497419238,35.4175697655877 -79.3159577427748,35.4174307672545 -79.3158857439353,35.4171367700065 -79.3157507456307,35.4167667737506 -79.3156437465777,35.4166227755519 -79.3154247481443,35.4164677781466 -79.3150927502624,35.4163297813226 -79.3149797511216,35.4162317828029 -79.3147317531123,35.4159787863487 -79.3145197548247,35.4157597894017 -79.3141657574656,35.4154767938539 -79.3139747588368,35.4153447960946 -79.3138327601248,35.4151487985268 -79.3137047614661,35.4149068012309 -79.3135777624724,35.4147858029817 -79.3135067632312,35.4146468045192 -79.3133857642075,35.4145258062324 -79.3132867649409,35.4144508074462 -79.3132157658504,35.4142578094071 -79.3130737670848,35.414084811661 -79.3129117682205,35.4139868134543 -79.3127487693459,35.4138948152071 -79.312607770338,35.4138088167738 -79.3125157711493,35.4136938182576 -79.3125077716252,35.4135378195307 -79.3124647723222,35.4133698211197 -79.3123377734037,35.4132258230529 -79.31216777467,35.4130988251255 -79.311969776038,35.4129898272347 -79.311884776671,35.4129268282673 -79.3118497770774,35.4128488291007 -79.3118557775459,35.4126698304662 -79.3118467785792,35.4123178332832 -79.3118047792117,35.4121728346865 -79.3116767803712,35.4120058368079 -79.3112457835691,35.4116978419581 -79.3111317846408,35.4115368439445 -79.3110957852932,35.411374845444 -79.311052786001,35.411206847035 -79.3110947862272,35.4110458480314 -79.3111437863529,35.4109068488108 -79.3111637867009,35.4107448499547 -79.3111777870476,35.4105948510425 -79.3111347879986,35.4103408533083 -79.3111977879816,35.410224853818 -79.3113807872432,35.4101318533846 -79.3115497864821,35.4100738527654 -79.311633786219,35.4100038527805 -79.3116337864462,35.4099228534157 -79.311491787482,35.4098308550399 -79.3110827902726,35.4096358591698 -79.3108137920394,35.4095328616885 -79.3106437933637,35.4093948638525 -79.3105727941482,35.409255865395 -79.3105877948039,35.4089958673403 -79.3106137950695,35.408851868305 -79.310613795464,35.408712869396 -79.3105707959623,35.4086208703916 -79.3104857966614,35.4085398715685 -79.3104007972301,35.4085048723842 -79.3102457980516,35.4085168732767 -79.3100627990589,35.4085178744337 -79.3098788002377,35.4084608760525 -79.3096958013486,35.4084258774923 -79.3093008037261,35.4083578805411 -79.309046805193,35.408335882331 -79.3089328061412,35.4082258839213 -79.3087638072757,35.4081568855396 -79.3087068079593,35.4080298869008 -79.308593808852,35.4079378883437 -79.3084798098179,35.4078228899739 -79.308381810428,35.4077998907789 -79.3081978114451,35.407800891943 -79.3081138119778,35.407777892659 -79.3080008126394,35.4077658934732 -79.3078168134868,35.4078248941812 -79.307605814621,35.4078368954308 -79.3073518160611,35.4078258971352 -79.3071548171854,35.4078148984766 -79.3069568182149,35.4078378995567 -79.3068158188571,35.4078849000848 -79.3066608195765,35.407931900702 -79.3064778207626,35.4078739023243 -79.3061808226469,35.407793904846 -79.3060678236525,35.4076669065662 -79.3059688245097,35.4075639080082 -79.3058278254301,35.407517909269 -79.3055878269338,35.4074609112473 -79.305431828113,35.4073569130609 -79.3052898294232,35.4071839153293 -79.3051198309604,35.4069879179579 -79.3050068322181,35.406779920318 -79.304878833664,35.4065379230421 -79.3048218346119,35.4063299250456 -79.3047928352645,35.4061679265079 -79.304819835743,35.4059599279757 -79.3049038360042,35.4057179293476 -79.3048888366146,35.4055439308151 -79.3047898379034,35.4053019333553 -79.3046188399148,35.4049559371757 -79.3044778411318,35.4048169391726 -79.3043078422642,35.4047599407082 -79.3038988444283,35.4048069429503 -79.3036598459512,35.404749944927 -79.3032218487029,35.4046589484437 -79.3028118515155,35.4044979523348 -79.3025998529986,35.4044059544162 -79.302528853794,35.4042789558731 -79.3024438545978,35.4041749572379 -79.3022888555437,35.4041529584026 -79.302161856406,35.4041069595779 -79.3020068572465,35.404118960474 -79.3018658580794,35.4041079614623 -79.3018788583055,35.4040119621379 -79.301684859821,35.4038789644294 -79.3015368609048,35.4038009659924 -79.3014548614736,35.4037679667776 -79.3012718625121,35.4037679679479 -79.3011168636434,35.4036879695717 -79.3010318644536,35.4035839709378 -79.3009318653497,35.4034799723999 -79.3007348665042,35.403468973747 -79.3005648679075,35.4033309759263 -79.300169870447,35.4032389791814 -79.2999758720194,35.4030919815861 -79.2998888726362,35.4030539824437 -79.2996608741877,35.4029749845281 -79.2995478754237,35.4027899867161 -79.2993068775749,35.4025479901751 -79.2991938786637,35.4024099919915 -79.2989818802847,35.402282994355 -79.2987418819518,35.4021919966129 -79.2985578834544,35.4020529988928 -79.2983038850558,35.4020080008765 -79.29810888643,35.4019290027519 -79.2978798881596,35.4018010052337 -79.2976538894566,35.4018010066817 -79.2975268901071,35.401825007305 -79.2973438911179,35.4018370083824 -79.2971458929716,35.4016180113882 -79.2969758941747,35.401549013025 -79.2967788954944,35.4014920147398 -79.296566896789,35.4014690162811 -79.2962988986702,35.4013660188164 -79.2960299004862,35.4012850211837 -79.2958599021915,35.4010660240125 -79.2957499033603,35.4009050259963 -79.2956999038415,35.4008470267775 -79.2955489050557,35.400744028564 -79.2953369067033,35.4006170309326 -79.2948139108448,35.4002830369418 -79.2945169133003,35.4000640405883 -79.2943889145842,35.3999030426897 -79.294148916405,35.3997760452401 -79.2939649180545,35.3996040477891 -79.293597920265,35.3995810503285 -79.2933869213314,35.3996280513094 -79.2932039219995,35.3997440515614 -79.2930349227829,35.3998020521849 -79.2928519237254,35.3998370530811 -79.2926689244279,35.39994205342 -79.2922749259571,35.4001620541972 -79.2920079266253,35.4004170538797 -79.2918669271201,35.4005100540436 -79.291669928138,35.4005450550285 -79.2913879298441,35.4005230570129 -79.2906539342649,35.4004720621282 -79.290230936991,35.40039206548 -79.2900329383749,35.4003240672928 -79.2898779391911,35.4003470681039 -79.2895599407069,35.4004390694101 -79.2894589422082,35.400179072133 -79.2891029474905,35.3992690816818 -79.2881469617171,35.3968431072026 -79.2871129772785,35.3942181348467 -79.2856649993822,35.390538173648 -79.2846970143594,35.3880761996392 -79.283911026627,35.3860792207486 -79.2838540274174,35.3859622220573 -79.2837690284726,35.3858212237405 -79.2836690295966,35.3856872254654 -79.2835780305831,35.3855752269555 -79.2832230345354,35.385112232979 -79.2818030504367,35.3832642570612 -79.2804390658637,35.3814912802076 -79.2772891027306,35.3772343350855 -79.2771901040496,35.3770633371127 -79.277124105067,35.3769143387463 -79.277074105992,35.3767623402992 -79.2770401068283,35.3766063417794 -79.2769551108683,35.3757213494691 -79.276745120912,35.3735243685561 -79.2767441209778,35.3735093686836 -79.2765541300959,35.3715203859678 -79.2764861333303,35.3708173920835 -79.2764031368116,35.3700783985891 -79.2763671377909,35.3698924003264 -79.2763151388712,35.3697084021534 -79.2762431401157,35.3695174041692 -79.2760741434275,35.368971409689 -79.2758451479412,35.3682274172038 -79.2756791512029,35.3676924226177 -79.2751521616303,35.3659854398815 -79.275082162793,35.3658154417175 -79.2749951640461,35.36565244361 -79.2748901654007,35.3654954455737 -79.2747691668352,35.3653464475791 -79.2747091675073,35.3652824484938 -79.2725971903888,35.3632594788644 -79.2721831949249,35.3628584848599 -79.2720811961351,35.362737486517 -79.2719951972706,35.3626074881406 -79.2719261983163,35.3624704897079 -79.2718751992525,35.3623294911879 -79.271842200079,35.3621844925805 -79.2718282007805,35.362037493863 -79.2718332013524,35.3618894950271 -79.2718652019186,35.3616964963756 -79.2735642236341,35.3533695523435 -79.273578224195,35.3532055535746 -79.2735742248877,35.3530415549265 -79.2735532257051,35.3528775563925 -79.2735242264398,35.3527485576295 -79.273472227465,35.3525895592633 -79.2734042285881,35.3524355609643 -79.2733192298166,35.3522865627392 -79.2732192311279,35.3521445645584 -79.2731042325221,35.352009566422 -79.2729752339839,35.3518835683071 -79.2728332355018,35.351767570199 -79.2726482373746,35.3516425724527 -79.27139024926,35.3510085860378 -79.2712302508346,35.3509135878826 -79.2710782523922,35.3508085897548 -79.2709352539173,35.3506955916313 -79.2707712557645,35.3505425939733 -79.2707102564813,35.3504785949019 -79.2690132776513,35.3484296229317 -79.2688072801453,35.348202626161 -79.2684122847326,35.3478156319632 -79.2682852861235,35.3477116336634 -79.2659693129027,35.3455206670905 -79.2657123158855,35.3452796707864 -79.2654753175615,35.3453076721609 -79.2648953223819,35.3452096768786 -79.2613583524954,35.3444687068334 -79.2588303735637,35.3440627272528 -79.2554694018039,35.3434957546436 -79.2548944066524,35.3433977593401 -79.2542654119547,35.3432917644687 -79.2534474204699,35.3428107739552 -79.252629429006,35.3423307834382 -79.2518114375725,35.3418497929345 -79.2515374404328,35.3416917960909 -79.2512654433044,35.3415287992753 -79.2501754547823,35.3408878119417 -79.249629456578,35.340567812917 -79.2490764564996,35.3402398113432 -79.2486564564098,35.339995810098 -79.2441884553006,35.3373687966858 -79.2439034552084,35.3372017957995 -79.2392674534291,35.3344767810093 -79.2388314532343,35.3342197795812 -79.2386864531616,35.3341357790931 -79.2376604526836,35.3335297757073 -79.2370234523574,35.3331567735594 -79.2339184506407,35.3313307629259 -79.2336094504211,35.331156761788 -79.2331094501769,35.330848760142 -79.232810450009,35.3306687591208 -79.2323664498327,35.3303837577333 -79.2322634496675,35.3303457571953 -79.2278064465436,35.3277207410217 -79.2260904451945,35.3267097345919 -79.2219754414069,35.3243377183252 -79.2211404394078,35.324140712877 -79.2195714363049,35.3236057038014 -79.2193614358841,35.3235347025781 -79.2160944309645,35.3220016864676 -79.2141264279362,35.3210656766921 -79.2087634191803,35.3185306493297 -79.2067914157982,35.3175986390425 -79.2053344132412,35.3169106313602 -79.2050444127343,35.3167716298371 -79.2047064121298,35.3166126280384 -79.2036274101922,35.3161026222888 -79.2027394085716,35.3156846175183 -79.2014234061322,35.3150666103939 -79.1986864004557,35.3139145945335 -79.1983763998196,35.3137795927536 -79.1957033942204,35.3126245772333 -79.1953323934306,35.3124645750611 -79.1918133861201,35.3108535548526 -79.1898973820838,35.3099595437981 -79.1859123715893,35.3086585170291 -79.1857383712512,35.308563516086 -79.1854973707435,35.3084435147071 -79.1852453703572,35.3082735135348 -79.1841693686265,35.3075655083888 -79.1838993681779,35.3073905070736 -79.1838503681068,35.3073555068541 -79.1835553676227,35.3071615054298 -79.1836343682029,35.3070745066513 -79.1960964586957,35.2947956956725 -79.1986544782022,35.29226573578 -79.1995334849637,35.2913997496381 -79.1998064870567,35.2911347539264 -79.1998694875614,35.2910677549551 -79.2020685046823,35.288897789915 -79.2024125073794,35.2885587954094 -79.2060005358328,35.2850248531609 -79.2066065407324,35.2844188630593 -79.2097145659759,35.2813519139223 -79.2218646690212,35.269356118825 -79.222489674679,35.2686981299243 -79.2230206795219,35.2681341394119 -79.2227516788451,35.2679931377309 -79.2224486780273,35.2678471357406 -79.2218246763006,35.2675551315694 -79.2216096756846,35.2674591300958 -79.2213156748561,35.2673241281056 -79.219685670169,35.2665901169199 -79.2194646695271,35.2664911153935 -79.2186866672038,35.2661561099114 -79.2178356646832,35.2657811039565 -79.2173706633362,35.2655671007589 -79.2170566625711,35.2653860988566 -79.2166886616624,35.2651760966073 -79.2156456596104,35.264445091168 -79.2140906563577,35.2633870827413 -79.2132376544639,35.2628260779368 -79.212935653758,35.2626350761749 -79.2125376527501,35.2624020737162 -79.2123236521582,35.2622890723059 -79.2120276512307,35.262160070162 -79.2105356462948,35.2615700589004 -79.2099516443786,35.2613320545254 -79.2096796434768,35.2612230524718 -79.2053136290996,35.2593960197648 -79.2046156268367,35.2590850146145 -79.2043436259216,35.2589720125486 -79.2039726246481,35.2588240096864 -79.2035006230677,35.2586240061181 -79.2029396211624,35.2583920018307 -79.2027526205617,35.2583050004642 -79.2025226198807,35.2581819988886 -79.2023026192956,35.2580459975019 -79.2020956188175,35.2578979963285 -79.2019016184464,35.2577379953686 -79.2017576182332,35.2576019947691 -79.2016956181207,35.2575489944738 -79.2015216178859,35.2573779937912 -79.2009226169765,35.2568139912637 -79.2006196165421,35.2565199900342 -79.1998906154712,35.2558149870365 -79.1996526151193,35.2555839860559 -79.1992626145171,35.2552109844052 -79.1990926142648,35.2550449837049 -79.1986366135587,35.2546059817765 -79.1972256113266,35.2532439757493 -79.1951726079209,35.2512609667622 -79.195037607615,35.2511519660245 -79.1947666070172,35.250927964574 -79.1943796061065,35.2506229624006 -79.1937496042481,35.2502309581794 -79.1935436035435,35.2501299566226 -79.1929986008336,35.2498929499037 -79.1924745975122,35.2497019412765 -79.1900185815991,35.2486578986208 -79.1899805813489,35.2486398979336 -79.1888255739452,35.2481458779095 -79.1874685651622,35.2475148536598 -79.187208563541,35.2474108492865 -79.1871055629399,35.2473828477608 -79.1868905617333,35.247339844818 -79.1866705605544,35.2473138420882 -79.1865235597955,35.2473058404106 -79.1862945586935,35.2473198382096 -79.1860055572883,35.2473328353589 -79.1847505515489,35.2475138249065 -79.1844495501943,35.2475658225295 -79.1839595479489,35.2476378184612 -79.1835705461721,35.2476978152731 -79.1832705447621,35.247730812608 -79.1822905402515,35.2478748044529 -79.1811475349705,35.2480417949104 -79.1810265343974,35.2480547938274 -79.1807805332086,35.248072791496 -79.1804495315639,35.2480807881103 -79.1802025303011,35.2480737853852 -79.1799555290086,35.2480557824922 -79.1797105276996,35.248027779468 -79.1794665263695,35.2479897763025 -79.1792265250309,35.2479407730124 -79.1789895236818,35.2478817696028 -79.1786795218748,35.2477877648888 -79.1783795200734,35.2476757600094 -79.1781605187257,35.2475807562482 -79.1778785169445,35.2474397511243 -79.1776745156195,35.2473227471922 -79.1771085118516,35.2469577356822 -79.1737614898597,35.2447466672195 -79.1737014894737,35.2447076660079 -79.1721224790905,35.2435496322372 -79.171935477901,35.24342462843 -79.1717354766513,35.2432996244901 -79.171447474895,35.2431366190737 -79.170997472314,35.2429496116259 -79.1705474698806,35.2428246051065 -79.1702474682242,35.2427246005158 -79.1687294600265,35.2422825782746 -79.167289452084,35.2417545556353 -79.1660644453908,35.2413075364631 -79.1651074401345,35.2409255210418 -79.1648544376384,35.2402595087285 -79.1646624357248,35.2397384991674 -79.163900431292,35.2392654845049 -79.1637814305854,35.2391824820854 -79.1633124277745,35.2388364722842 -79.1626084234428,35.2382404564902 -79.1623494218361,35.238008450505 -79.1618814188134,35.2375154386381 -79.1616124170037,35.2371864311679 -79.1615214163813,35.2370684285459 -79.1614154156334,35.2369174252975 -79.1609104119433,35.2361144086373 -79.1608184112653,35.235962405524 -79.1604714084912,35.2352583919128 -79.1602174062519,35.2346143801144 -79.1599694042794,35.2341003702577 -79.1598004028895,35.2337193631064 -79.1596804020292,35.2335203590586 -79.1595394010943,35.2333293549194 -79.1593173997528,35.2331023494641 -79.1590383981989,35.2328913436783 -79.1587953968966,35.2327353390408 -79.1581503935171,35.2323573272636 -79.1578403919577,35.2322103221058 -79.1572213888534,35.2319143117842 -79.1563823845492,35.2314322966741 -79.1560163826538,35.2312022898144 -79.1554663796986,35.230775278369 -79.1548323763668,35.2303142656433 -79.1545503748269,35.2300632593432 -79.1543243735546,35.2298322538781 -79.1541413724735,35.2296072489214 -79.1539933715648,35.2293992445488 -79.1538803708527,35.2292262410124 -79.1538043702558,35.2290262374574 -79.1537413696651,35.2287922335515 -79.1537013692363,35.2286052305315 -79.1536603686766,35.228328226236 -79.1536593682304,35.2280162218362 -79.153759367129,35.2269572078975 -79.1537833669387,35.2267562052991 -79.1538263664829,35.226316199518 -79.1539373655734,35.2253731873021 -79.1541323640092,35.2237571663908 -79.1541993630332,35.2229031549879 -79.1542353616143,35.2218271401587 -79.1542263603205,35.2209551277815 -79.1541633592669,35.220386119173 -79.1540973583009,35.2198831114698 -79.1540663579392,35.219710108744 -79.1540313576669,35.2196091069959 -79.1531913519305,35.2176830721362 -79.1530313508543,35.2173150654971 -79.1527303488391,35.2166180529561 -79.1523863460473,35.2154420333306 -79.1522523449599,35.2149760255851 -79.1521503442085,35.2146750204452 -79.1520793437348,35.2145010173664 -79.151910342856,35.214270012605 -79.1516353415723,35.213999006331 -79.1512543399041,35.2136989987034 -79.1509093385078,35.2135089929442 -79.1505853372093,35.2133359876168 -79.1503503363317,35.2132589844308 -79.1501003354124,35.2131869811811 -79.1498773346397,35.213159978801 -79.1496073337789,35.2131879767627 -79.1488253313012,35.2132859710894 -79.1482323293515,35.2133029659904 -79.1477583277826,35.2133079617955 -79.1461733225225,35.2133129476057 -79.1415233058314,35.211795885277 -79.140606302646,35.211527873482 -79.1398003000216,35.2115038659751 -79.1392512982331,35.2114848608274 -79.13869929643,35.2114568555334 -79.137944293958,35.2114058481252 -79.1379002937826,35.2113538470394 -79.1375572923786,35.210876837627 -79.1352492833496,35.2076647746539 -79.1348362818094,35.2070867634147 -79.1346382810861,35.2068237582204 -79.1341312795807,35.2068607542984 -79.1334192774643,35.2069147488144 -79.1321632737191,35.2070027390369 -79.1311372706507,35.2070717310046 -79.1308942699169,35.2070677288364 -79.1300902674677,35.2069677205367 -79.1284312624301,35.2067107027802 -79.1259172548809,35.2064126771174 -79.1257902545016,35.2064006758619 -79.1251132524819,35.2062956686481 -79.124677251185,35.2062186638863 -79.1243682502701,35.206077659414 -79.1239672490898,35.2058836534762 -79.1231982468485,35.205501641983 -79.1227882456656,35.2052956358369 -79.1226882453774,35.2052536344433 -79.1223532444131,35.2051296299882 -79.1219872433599,35.2050236254971 -79.1218072428415,35.2049836234425 -79.1215672421492,35.2049436208719 -79.1212762413098,35.2049026178507 -79.1210152405543,35.2048846153777 -79.1205542392202,35.2048566110584 -79.12049123904,35.2048436103532 -79.1203002385461,35.2045746053383 -79.1200872379674,35.2044176015418 -79.1197902371453,35.204280597278 -79.1188982346998,35.2038715845255 -79.1186192339476,35.2037265803311 -79.118020232332,35.2034565718517 -79.1174192307274,35.2031845633454 -79.1171062298906,35.2030625591647 -79.115574225866,35.2024285382992 -79.1152792251101,35.2022895340835 -79.1140862220488,35.2018125181161 -79.1134502204446,35.2015495095188 -79.1116782160524,35.2008314858258 -79.1089842096162,35.1997384500127 -79.1064842039092,35.1987174169417 -79.1039791984338,35.1977033841473 -79.1033351970637,35.1974453757856 -79.1029841963254,35.1973033712186 -79.1023011948835,35.1970443625474 -79.1016191934626,35.1967843538891 -79.1007601918151,35.196358341861 -79.1004361912601,35.1961503367832 -79.1001401908369,35.1958963314074 -79.099887190513,35.1956533265178 -79.0993801898783,35.1951693167707 -79.0985071888548,35.1943262999294 -79.0982391887235,35.1939392932966 -79.0979991885078,35.1936732882918 -79.0976051880926,35.1932922807278 -79.0972671877265,35.1929812744318 -79.0970701875861,35.1927502701966 -79.0969711876837,35.1925132666845 -79.0969291877788,35.1923742647547 -79.0968021876471,35.1922592624182 -79.0966331874225,35.1921432597347 -79.096298186845,35.1920112555398 -79.0958071856489,35.1920672522435 -79.0933391792853,35.1925482378892 -79.0924751770289,35.1927172328449 -79.0920181757816,35.1928362305039 -79.0908581726688,35.1930922240246 -79.086285160109,35.194103198234 -79.0855351580053,35.1942691939656 -79.0828861504794,35.1948541787834 -79.0808751446621,35.195299167172 -79.0689531083698,35.1979350966181 -79.0687481077196,35.1979800953763 -79.0582410731243,35.2003020307388 -79.0570640690994,35.2005620233569 -79.0570080689319,35.2005670229341 -79.0566900677827,35.2006540210954 -79.0540960583337,35.2013560059286 -79.0507060457088,35.2022749858692 -79.0481030358127,35.2029789702565 -79.0470110317353,35.2032409633512 -79.0461230283913,35.2034559577342 -79.0412280097073,35.2046199262671 -79.0366559917759,35.2057008963479 -79.0307949683816,35.2070208567741 -79.0283209582168,35.2075908399616 -79.0270379529321,35.2078778311207 -79.0247399434651,35.2083738150542 -79.0240879407572,35.2085148104788 -79.023110936689,35.2087248035964 -79.0227859353255,35.208795801312 -79.0180199150963,35.209831767527 -79.0169239104354,35.210058759606 -79.0161289069515,35.2102397539724 -79.0139938977171,35.2106907385096 -79.0120398891366,35.2111117243421 -79.0109908844519,35.2113457167648 -79.0074808688032,35.21209369099 -79.0038978525118,35.2128656644898 -79.0010238392485,35.2134846430475 -78.9980358248162,35.2141286381477 -78.9979198244846,35.2141146380406 -78.9976858237836,35.2140916378611 -78.9973678228714,35.214053637571 -78.9968638213987,35.2139976371415 -78.9957368180864,35.2138746362014 -78.9947958142412,35.2139506366474 -78.9828067656115,35.2149176420174 -78.9824617642548,35.2149396421254 -78.9794707524979,35.215132643061 -78.9788817501477,35.2151776432871 -78.9774207443168,35.2152906438515 -78.9754967366404,35.2154416445966 -78.9718507218498,35.2157816463094 -78.9665176997757,35.2163876493774 -78.9653516949762,35.2165196500243 -78.9626956838706,35.2168606517151 -78.9418145995457,35.2192746619912 -78.9415795986272,35.2192986620753 -78.9392375916308,35.2190556602402 -78.9385215894266,35.2189946597578 -78.9383525889219,35.2189766596244 -78.9380215879054,35.218947659398 -78.9374835862426,35.2189026590426 -78.9369435845583,35.2188606587043 -78.9364195829326,35.2188176583649 -78.9358535812687,35.2187496578825 -78.9355435803208,35.2187206576638 -78.9355325802306,35.2187326577267 -78.9351305776969,35.2189966590763 -78.9346045743279,35.2193566609131 -78.9341195712136,35.2196926626206 -78.933949570136,35.2198076632022 -78.9328255629429,35.2205906671456 -78.9327195622281,35.2206736675643 -78.9324545605431,35.2208576684836 -78.9323005596074,35.2209546689636 -78.9320355580835,35.2211016696817 -78.9319135573601,35.22117467004 -78.9317955567776,35.221217670239 -78.9316575562121,35.221240670326 -78.9315525557419,35.2212676704427 -78.9314225552882,35.2212706704249 -78.9311865545213,35.2212626703212 -78.9306755526409,35.2212976703745 -78.9305165521058,35.2212966703278 -78.9303625514579,35.2213266704467 -78.930277551065,35.221351670557 -78.9301635505865,35.2213736706436 -78.9300735501185,35.2214126708264 -78.9299925495223,35.2214896712124 -78.9298785487857,35.2215736716263 -78.9298255483559,35.2216336719292 -78.9297525475793,35.2217606725806 -78.929727547228,35.2218246729119 -78.9297155469498,35.2218816732097 -78.9297065463315,35.222022673952 -78.9297265460611,35.2221036743854 -78.9296815453675,35.2222336750594 -78.9296485449189,35.2223146754778 -78.9295835445628,35.2223476756335 -78.9294835440934,35.2223796757738 -78.9293155434289,35.2224036758523 -78.9292185431446,35.2223936757718 -78.9289425419557,35.2224566760243 -78.9285925410657,35.2223876755609 -78.92835154083,35.2222486747622 -78.9280915405862,35.2220956738865 -78.9275425401253,35.2217576719656 -78.9271425391099,35.2216756714291 -78.9269465383777,35.221692671465 -78.9260595350052,35.2217846717037 -78.9257095337703,35.221797671676 -78.9255205327916,35.2218816720597 -78.9254905326134,35.2219006721499 -78.9254255317017,35.2220716730175 -78.9254585307073,35.2223446744406 -78.9256245294328,35.2227966768307 -78.9256745282659,35.2231256785512 -78.9256575269316,35.223440680179 -78.9254905254923,35.2236586812561 -78.9251735237189,35.2238366820761 -78.9247075219503,35.2238916822102 -78.9237235190172,35.2238086814661 -78.9228405175045,35.2234516793566 -78.9222905169716,35.2231236775114 -78.921907517209,35.2227396754391 -78.9216745175599,35.2224526739103 -78.9216085187412,35.2220966720808 -78.9215925205749,35.2216176696404 -78.9216255228977,35.221056666796 -78.9215925242436,35.220686664906 -78.9214265245948,35.2204536636813 -78.9210935239954,35.2203166629066 -78.9206765228397,35.2202476624587 -78.9202095211367,35.2202746624856 -78.919776518695,35.220521663629 -78.9191995150252,35.2209606656968 -78.9184865108781,35.2214076677568 -78.9184335105945,35.2214346678781 -78.9182505095399,35.2215476683954 -78.9181575089446,35.2216206687358 -78.9180875084619,35.2216846690371 -78.9179945079057,35.2217476693269 -78.917917507377,35.2218176696558 -78.9178195066511,35.2219206701435 -78.9177825062963,35.2219806704329 -78.9176935056897,35.2220606708076 -78.9176495051968,35.2221506712444 -78.917579504632,35.2222366716537 -78.9174575038008,35.2223466721676 -78.9174005032652,35.2224366725998 -78.9173395028196,35.2224996728962 -78.9171315008509,35.2228326744935 -78.9170334997871,35.2230256754245 -78.9170174995697,35.2230686756336 -78.916960499124,35.2231356759495 -78.9168664977479,35.2234146773077 -78.9167524965198,35.2236376783801 -78.916718496247,35.223679678578 -78.916630495772,35.2237276787884 -78.9165084952793,35.2237506788636 -78.916354494726,35.2237616788689 -78.9161994944005,35.2237116785716 -78.9161384942091,35.2237086785373 -78.9160254938071,35.223715678536 -78.9159234934001,35.2237336785926 -78.915852493183,35.2237286785452 -78.915604492359,35.2237286784661 -78.9154584918588,35.2237326784393 -78.9153794915624,35.2237416784585 -78.9152874912492,35.223743678439 -78.9150854904992,35.223764678478 -78.9148754896778,35.2237976785733 -78.9146364887568,35.2238316786639 -78.914405487945,35.2238436786485 -78.9139054858793,35.2239526790217 -78.9133214828786,35.2242396802343 -78.9128714802297,35.2245536816157 -78.9124374765811,35.2251556843964 -78.9121194735281,35.2257026869401 -78.9116854708581,35.226044688438 -78.911168468277,35.2262906894329 -78.9106524662511,35.2263866896991 -78.9100914644905,35.2263696894023 -78.9096364630702,35.2263536891514 -78.9089814610821,35.2263146887145 -78.9087574603971,35.2263026885717 -78.9082844588597,35.2263026883913 -78.9075844559075,35.2264936890309 -78.9070504534511,35.2266986897951 -78.9064004511561,35.2267526897958 -78.9057834487777,35.2268616900663 -78.9054334472659,35.2269706904398 -78.9046834436095,35.2273266918062 -78.9035654375237,35.2280506947176 -78.9026144321985,35.2287206974138 -78.9020474294218,35.2290076984879 -78.9012024256968,35.2293176995336 -78.9007794238416,35.2294717000469 -78.8997784192681,35.2298957015204 -78.8989444148396,35.2304417036067 -78.8983274111102,35.2309887057828 -78.8980434096417,35.2311667064459 -78.8978434089733,35.2311807064091 -78.8976434089776,35.2309887054443 -78.8975104097694,35.2306187037129 -78.897494410968,35.2302357019811 -78.8973784114506,35.2299757007562 -78.8970454110718,35.2297696996746 -78.8963994094746,35.2296336987654 -78.8959114082496,35.2295356981026 -78.8954614067832,35.2295496979581 -78.8950784053117,35.2296316981462 -78.8947114040675,35.2296586980964 -78.8944944034273,35.229644697934 -78.8943614032264,35.2295756975672 -78.8940614031869,35.229288696161 -78.8936954032831,35.2288906942401 -78.8934624031029,35.2287126933528 -78.89326240268,35.2286446929658 -78.8930784020973,35.2286436928808 -78.8928124010345,35.228712693067 -78.8923113988891,35.2288896936212 -78.8920623979147,35.2289486937685 -78.891493395672,35.2290896941293 -78.8912113945526,35.2291626943202 -78.8908443928856,35.2293266948666 -78.8904103906338,35.2296136959119 -78.8898093872819,35.2300916976972 -78.8891423836551,35.2305976995568 -78.8889413827364,35.2306936998715 -78.8885913813564,35.230788700108 -78.8880583796526,35.2308016999023 -78.887741378582,35.2308286998621 -78.8870843768361,35.2307256991019 -78.8853693724333,35.2303976968841 -78.8846723706282,35.2302666960002 -78.8841013691129,35.2301706953267 -78.8837953682926,35.230121694977 -78.8834913674404,35.2300856946832 -78.8830413662598,35.2300036941299 -78.8824743645953,35.2299616936891 -78.8819413628418,35.22998869355 -78.8814743611424,35.2300706936675 -78.8809903592408,35.2302066939966 -78.8804063567626,35.2304386946669 -78.8797223532981,35.2309176962873 -78.8792553512811,35.2311216968851 -78.8788553495871,35.23128569735 -78.8783883472779,35.2316006983877 -78.8780743456752,35.2318326991627 -78.8772863417309,35.2323927010031 -78.876835339387,35.2327497021929 -78.8764243373078,35.2330567031971 -78.8762683365245,35.2331717035706 -78.8758013342632,35.2334867045671 -78.875550332957,35.2336917052414 -78.8752333311297,35.2340197063633 -78.8749323291047,35.2344437078689 -78.8745643263864,35.2350587100825 -78.8742303240297,35.2355787119318 -78.8740303224008,35.2359757133719 -78.8739423215108,35.2362177142689 -78.8738963209721,35.2363727148493 -78.8739773201479,35.2367827165119 -78.8741943191131,35.2374267191849 -78.8743103187059,35.237713720391 -78.8745103186125,35.2379737215481 -78.8746933186787,35.2381527223764 -78.8750763193277,35.238330723337 -78.875276319586,35.238453723959 -78.8755593198647,35.238659724968 -78.8757763199516,35.2388647259306 -78.8759593198636,35.2390977269832 -78.8761073193561,35.2394497284876 -78.876269318681,35.2398787303113 -78.8764073179094,35.2403167321571 -78.8765063171703,35.2406997337577 -78.8764893164632,35.2409467347313 -78.8763723154414,35.2412057356785 -78.876055313671,35.2415347367531 -78.8751023098429,35.241968737756 -78.8747503086085,35.2420627378594 -78.8742893070235,35.2421747379487 -78.8741933066765,35.2422047379933 -78.874026306032,35.2422727381327 -78.8739013055135,35.2423377382921 -78.8738013050731,35.2423997384586 -78.8736573044972,35.2424667386104 -78.8730353020529,35.2427417392044 -78.8727133006309,35.242946739753 -78.8726283002359,35.243008739928 -78.8723662991407,35.2431527402825 -78.8721642982596,35.2432787406129 -78.8720332977568,35.2433337407226 -78.8717862967231,35.2434717410617 -78.8714782954571,35.2436357414509 -78.8711922940936,35.2438637421027 -78.8710762935855,35.2439387422987 -78.8708462926214,35.2440707426216 -78.8706472918293,35.2441687428374 -78.8702402902734,35.244344743182 -78.8696352880562,35.2445707435515 -78.8691362862269,35.2447597438612 -78.8689222854687,35.2448307439543 -78.8686762846535,35.2448897439744 -78.8683782837,35.2449477439467 -78.8680232826092,35.244998743844 -78.8678572821258,35.2450117437547 -78.8676842816404,35.245017743633 -78.8674272809554,35.2450117433958 -78.8671392802532,35.2449777430274 -78.8668912796809,35.2449347426589 -78.8667042792743,35.2448917423417 -78.8661242781329,35.2447067411672 -78.8657732773991,35.2446117405222 -78.8654282768471,35.2444457396194 -78.8652402765931,35.2443347390522 -78.865105276467,35.2442307385552 -78.8650562764381,35.244185738348 -78.8649092762405,35.2440977379016 -78.8648022760213,35.244065737696 -78.864621275729,35.2439777372231 -78.864451275487,35.2438807367265 -78.8643982753876,35.2438607366097 -78.8642112749769,35.2438157362926 -78.863959274375,35.243775735942 -78.8627192714213,35.2435717341978 -78.8624932709356,35.2435107337942 -78.8622682705583,35.2434027332206 -78.8619832701488,35.2432347323823 -78.8615602695624,35.2429737310999 -78.861288269142,35.2428237303427 -78.8610672687723,35.2427137297719 -78.8609442685833,35.2426447294266 -78.8606042679479,35.2425037286537 -78.8604552676314,35.2424587283762 -78.8603512673497,35.2424547282814 -78.8600722665547,35.242461728091 -78.8599292660826,35.242494728099 -78.8596792651804,35.242587728239 -78.8594152641575,35.2427187285029 -78.8592372633542,35.2428597288681 -78.8590482622976,35.2431037295912 -78.858572259457,35.2438067317172 -78.8583832583023,35.2441007326097 -78.8580122561159,35.2446447342364 -78.8578132549644,35.2449287350773 -78.8575172533353,35.2453147361943 -78.8573912526062,35.2454967367306 -78.8573032521829,35.245583736963 -78.8569772507972,35.245821737524 -78.8563772483948,35.2461947383187 -78.8558182460127,35.2466167393094 -78.8555812449609,35.2468177398029 -78.8554842444488,35.2469397401427 -78.8554112440158,35.2470547404787 -78.8553312433369,35.2472797411908 -78.8548852406745,35.2479977432845 -78.854501238878,35.2483807442611 -78.8540512372506,35.248599744604 -78.8534172351497,35.2488177447681 -78.8517322299945,35.2491987444987 -78.8502052252448,35.2496007444179 -78.848729220765,35.2499477441736 -78.8483622196233,35.2500707440825 -78.8480952187281,35.2502207440159 -78.8478782178854,35.2504257440667 -78.8477602172784,35.25064474423 -78.8477602170334,35.250822744454 -78.8478102166733,35.2511787449493 -78.847909216216,35.2516987456967 -78.8479242156904,35.2521097462275 -78.8478742152407,35.2523417464724 -78.8477402145881,35.2525607466226 -78.8474732135479,35.2528067466833 -78.8471562124683,35.2529847466126 -78.8467052111498,35.2530797463132 -78.8461882097711,35.2530927458489 -78.8456222083408,35.2530507452689 -78.8453052076429,35.2529547448512 -78.8448182067157,35.2527067440796 -78.8443052056426,35.2525157433551 -78.8439052046931,35.2524467428921 -78.8435052037054,35.2524047424637 -78.8428902020326,35.2524467419428 -78.8427242015946,35.2524487417901 -78.8425312010741,35.2524587416226 -78.8422482002751,35.2524977414088 -78.8419621994413,35.2525547412159 -78.8417811989297,35.2525797410795 -78.8415901983828,35.2526107409416 -78.8413111975752,35.252661740748 -78.8412231973146,35.2526817406921 -78.8410951969192,35.2527217406251 -78.8409401964125,35.2527887405686 -78.8408481960814,35.2528487405617 -78.8407801958103,35.25291074058 -78.8405851949869,35.2531187406725 -78.8405311947297,35.2531957407237 -78.8404511943021,35.2533407408406 -78.8404051940701,35.2534147408956 -78.840334193742,35.2535087409538 -78.8401841931407,35.2536457409959 -78.8400301925897,35.2537417409803 -78.8398311919434,35.2538217409022 -78.8397071915613,35.2538577408354 -78.8395151909931,35.2538977407111 -78.8393801906073,35.2539167406117 -78.8392421902226,35.2539297405016 -78.8390251896379,35.2539367403105 -78.8388691892267,35.2539357401652 -78.8386651886977,35.2539287399676 -78.8383871879899,35.2539107396869 -78.8380971872719,35.2538787393764 -78.8374991859716,35.2536967385796 -78.8369331849022,35.2534227376868 -78.8365331842327,35.2531757369821 -78.836267183983,35.2528877363451 -78.8358841833423,35.2526547356721 -78.8354171824198,35.2524627349749 -78.8350011815037,35.2523527344358 -78.8346671806303,35.2523517341218 -78.8343501796467,35.2524477339565 -78.8340831787292,35.2525837338933 -78.8338831779416,35.2527477339317 -78.8337491773038,35.2529257340513 -78.8336651766443,35.2531987343485 -78.8335601755955,35.2536787349114 -78.8333961739279,35.2544447358146 -78.8332241727934,35.2548647362356 -78.833155172521,35.2549197362483 -78.8329291716604,35.2550797362625 -78.8325491702774,35.255307736231 -78.8324471699207,35.25535973621 -78.8322151690602,35.2555077362039 -78.8318861679883,35.2556257360685 -78.8316681673384,35.2556667359274 -78.8311851660931,35.2556387354494 -78.8310881658404,35.2556347353556 -78.8304551645067,35.2554187344775 -78.8301501639871,35.2552417339512 -78.829834163293,35.2551527335378 -78.8297221630864,35.2550977333581 -78.8296841630052,35.2550857333065 -78.8295321626404,35.2550617331338 -78.8292881620375,35.2550337328714 -78.8291961617958,35.2550317327845 -78.8289591612421,35.2549857325028 -78.8287421606879,35.2549717322846 -78.8284921599546,35.2550117321127 -78.828275159214,35.2551077320506 -78.8280411582422,35.2553127321283 -78.8277231567888,35.255667732344 -78.8274221551413,35.2561607327738 -78.8272621541525,35.256487733096 -78.8270871530238,35.256871733487 -78.8269191517023,35.25737773406 -78.8266681499173,35.2580207347568 -78.826416148195,35.2586227353966 -78.8262811475286,35.2587957355256 -78.8257561453045,35.2592527357204 -78.8253411437645,35.259485735692 -78.8249401424468,35.2596117355226 -78.8247311418307,35.2596367353757 -78.8241491401205,35.2597027349619 -78.8239981396944,35.25970973484 -78.8237681389882,35.2597527347013 -78.8231861373328,35.2597867342418 -78.8230491369287,35.2598027341453 -78.822883136463,35.259808734009 -78.8222961347444,35.2598697335853 -78.820482129026,35.2602777326054 -78.8199921275197,35.2603647323082 -78.8194251257854,35.2604597319568 -78.8189741245202,35.2604727315844 -78.8180911221942,35.2604167307328 -78.8176831211463,35.2603767303178 -78.8170051194092,35.2603087296252 -78.8158881165352,35.2602047284948 -78.8157731162382,35.2601947283794 -78.81534011518,35.2601257278968 -78.8148401140709,35.2599877272497 -78.8145071134739,35.2598227267059 -78.81412311287,35.2595897260122 -78.8137741125231,35.2592747252215 -78.8134581124035,35.2588907243516 -78.8129591120119,35.2583927231414 -78.8128421119256,35.2582737228536 -78.8124561115238,35.257942721998 -78.8121601110661,35.2577667214613 -78.8117271102178,35.2576017208186 -78.8111931090989,35.2574367200843 -78.8107771080578,35.2573947196467 -78.8103601068516,35.2574347193364 -78.8100261057854,35.2575167191666 -78.8098091049271,35.2576527191865 -78.8096411038705,35.2579537195103 -78.8093241022713,35.2583227198099 -78.8090901013884,35.2584457197965 -78.8089231009343,35.2584457196486 -78.808790100629,35.2584177194865 -78.80865610043,35.2583357192381 -78.808590100527,35.2581987189628 -78.8085071007719,35.2579657185202 -78.8084081008347,35.2578017181724 -78.8082751007798,35.2576507178146 -78.8080751004614,35.2575407174616 -78.8080131003829,35.2574967173364 -78.8074380994207,35.2572057163594 -78.8068820987789,35.2567857151907 -78.8063670976923,35.2566397144938 -78.8058530963119,35.2566387140293 -78.8055310952309,35.2567427139064 -78.8052310939117,35.2569897140342 -78.8049070927414,35.2571327139739 -78.8047400921453,35.2572027139372 -78.8046400916381,35.2573167140317 -78.8045390910529,35.2574667141837 -78.8044720905862,35.2576037143452 -78.8044050896355,35.2579727148821 -78.8043040889902,35.2581507150802 -78.8042040883762,35.2583147152568 -78.8040030874012,35.2585197154107 -78.8037690863351,35.2587247155361 -78.8034020847323,35.2590117156783 -78.8031670834299,35.2593257159822 -78.8029670821325,35.2596817163864 -78.8027490807854,35.2600367167744 -78.8027200803382,35.2602107170328 -78.8026870801122,35.2602747171085 -78.8026450794175,35.2605487175189 -78.8026280791741,35.2606417176559 -78.8026680779463,35.2612747187232 -78.8026430773909,35.2615047190769 -78.8025740767832,35.261701719339 -78.8024180758996,35.2619147195529 -78.8021740748107,35.2621087196611 -78.801756072689,35.2625597200426 -78.8016720722441,35.2626587201333 -78.8016250720747,35.2626767201229 -78.8015320715126,35.2628187202767 -78.8014580710266,35.2629497204288 -78.8012910704428,35.2630047203775 -78.801091069914,35.2629907201849 -78.8007740693523,35.2628397196673 -78.8004250689696,35.2625647189172 -78.7999080682392,35.2622357179327 -78.7995920677456,35.2620577173678 -78.7993590673086,35.2619607170075 -78.7990750666091,35.2619197166961 -78.7989250661644,35.2619327165892 -78.798658065275,35.2620007164736 -78.7983910639963,35.2622467166549 -78.7982070630057,35.262465716863 -78.7981400623706,35.262670717148 -78.7980550613237,35.2630407176934 -78.7981030597225,35.2638337190576 -78.798069058758,35.2642307196917 -78.7979850580114,35.2644637200104 -78.7978340571364,35.2646687202268 -78.7976670563053,35.2648327203617 -78.7972660546931,35.2650507203931 -78.7964980518575,35.2653507202595 -78.7957300488629,35.2657187202445 -78.7953700477184,35.2657737200403 -78.7950960468824,35.2657997198583 -78.7948630460057,35.2658957198288 -78.7945620448136,35.2660457198355 -78.7942780438846,35.2660997196936 -78.7939450430006,35.2660717193721 -78.7934450417984,35.2659747187951 -78.7924120396768,35.2656177173318 -78.7917450382273,35.2654247164483 -78.7915010377427,35.2653347160911 -78.7912040371019,35.2652477156948 -78.7910200366802,35.2652047154679 -78.7907650361363,35.2651277151231 -78.7905440356893,35.2650507148063 -78.7901480348711,35.2649207142516 -78.7899620344548,35.2648737140152 -78.7894290334598,35.2646547131902 -78.7888620322488,35.2644887124274 -78.788312031279,35.2642417115355 -78.7876630301982,35.2639257104371 -78.7874910298946,35.263849710159 -78.7872910295176,35.2637717098536 -78.7869640289674,35.2636167093054 -78.7868100286708,35.2635597090752 -78.7867130284322,35.2635457089687 -78.7862850270827,35.2636087087189 -78.7855170248746,35.2636317081122 -78.7854130245854,35.2636307080228 -78.7852410240575,35.2636497079116 -78.7839270203026,35.2636787068561 -78.7830600175667,35.2638037063498 -78.7826180163481,35.2637947059617 -78.7824930160999,35.263752705781 -78.782370015948,35.2636737055353 -78.7823530163674,35.2634827051774 -78.7825910177057,35.263207704884 -78.7829950192593,35.2630337049138 -78.7833740205685,35.2629307050507 -78.7834900209628,35.2629017050972 -78.783762022168,35.2627177049992 -78.7837410225771,35.2625247046363 -78.7837190225449,35.2625127045961 -78.7835840224235,35.2624077042932 -78.7829670215534,35.2620597031426 -78.7828630215741,35.2619327028256 -78.7828430215527,35.2619187027834 -78.7827210215263,35.2617907024489 -78.7826600217183,35.2616427021306 -78.7826220221306,35.261430701717 -78.7826200222202,35.2613917016452 -78.7825100223751,35.2612037012125 -78.7821670219314,35.2609977005455 -78.7817290208523,35.2609447000712 -78.7814010200406,35.2609066997188 -78.7813380198791,35.2609016996552 -78.7812390195788,35.2609126995894 -78.7810640190687,35.2609236994579 -78.7810390190146,35.2609176994254 -78.7809050186028,35.2609346993403 -78.780783018187,35.2609666992927 -78.7806160175133,35.2610526993042 -78.7805710170178,35.2612026995374 -78.7806100162472,35.2615577002149 -78.7806410154945,35.2618967008563 -78.7806300150236,35.2620747011697 -78.780602014597,35.2622157014014 -78.7805510142052,35.2623167015411 -78.7804680137266,35.2624167016517 -78.7803190130738,35.262512701699 -78.7800840120591,35.2626577017623 -78.7798880110951,35.2628257019012 -78.7796210096925,35.2630897021554 -78.7793810086002,35.2632587022602 -78.7790860074449,35.2633907022517 -78.7787800063628,35.2634807021578 -78.7785360055663,35.2635257020342 -78.7782580047069,35.2635577018583 -78.777941003821,35.2635567015891 -78.777735003289,35.2635387013823 -78.7774740027091,35.2634787010517 -78.7772460022449,35.2634097007322 -78.7768280014979,35.263242700071 -78.7765710010279,35.2631446996726 -78.7762470004631,35.2630106991503 -78.7759330000093,35.2628446985766 -78.7755009993969,35.2626126977791 -78.7752929990989,35.2625026973977 -78.7751439988761,35.2624276971313 -78.774908998476,35.2623286967467 -78.7746369979428,35.2622416963524 -78.7743369972631,35.2621816959842 -78.7738979961149,35.2621536955566 -78.7735419952574,35.2621026951567 -78.7731809944333,35.2620336947185 -78.7729419938058,35.2620196944876 -78.7726579929884,35.2620306942651 -78.7722109916684,35.2620606939389 -78.771487989518,35.2621146934222 -78.7711849886471,35.2621256931838 -78.7710399883177,35.2620976930068 -78.7709179880735,35.2620616928342 -78.7708069878863,35.2620156926521 -78.7706909878171,35.2619196923708 -78.7705799878124,35.2618046920576 -78.7704639878998,35.2616496916639 -78.7703589882851,35.2613936910877 -78.7702809886586,35.2611706905971 -78.7702159892775,35.2608686899673 -78.770106990387,35.26033568886 -78.7700289911043,35.259983688123 -78.7699289914523,35.2597486875887 -78.7698519917448,35.2595586871598 -78.7697469918313,35.2594176867994 -78.7696139917727,35.2593026864637 -78.7694309916232,35.2591706860513 -78.7692369913488,35.2590746856975 -78.7689699908545,35.2589866852943 -78.7682089891586,35.2588446843516 -78.7678699884331,35.2587706839104 -78.7675869878851,35.2586876835011 -78.7673729875606,35.2585916831274 -78.7671089872005,35.2584586826378 -78.766858986742,35.2583766822583 -78.7665149859936,35.2583076818203 -78.7661649851945,35.2582516814016 -78.7658819844883,35.258228681106 -78.7656589838745,35.2582316809139 -78.7655669836138,35.25823568084 -78.7652189825597,35.2582756806088 -78.7649359817118,35.2583046804141 -78.7646919809259,35.2583496802852 -78.7645019802234,35.2584176802492 -78.7643579796456,35.2584856802541 -78.7642569791598,35.2585626803147 -78.7641789786843,35.2586586804328 -78.7641119781781,35.2587766806037 -78.7640839777889,35.2588906808013 -78.7641169773768,35.2590736811873 -78.76414997674,35.259338681733 -78.7642819760373,35.259726682605 -78.7643079756536,35.2598926829511 -78.7643419750262,35.2601556834932 -78.7643299745576,35.2603146837925 -78.7643019740804,35.2604606840526 -78.7641509725895,35.2608526846857 -78.7638769706687,35.261276685276 -78.7636819696921,35.2614356854185 -78.7634759688327,35.2615406854464 -78.7633229682931,35.261582685397 -78.763030967313,35.2616446852674 -78.7627859665731,35.2616666851 -78.7625419658857,35.2616706848983 -78.7622469649931,35.2616976846979 -78.7620079642944,35.2617106845182 -78.7618859639951,35.2616966843859 -78.7617799638014,35.261660684224 -78.7616689636719,35.2615966840025 -78.7615689637012,35.2614866836997 -78.7614869640343,35.2612856832328 -78.7614209644372,35.2610756827617 -78.7613649645251,35.2609886825417 -78.7612819644494,35.2609336823614 -78.7611759641569,35.2609336822697 -78.7610759637273,35.2609886822918 -78.7610119633745,35.261051682361 -78.760977963004,35.2611506825272 -78.7609869617236,35.2616176834577 -78.7610529614371,35.2617856838462 -78.761095961333,35.2618656840411 -78.7612029612028,35.2620186844349 -78.7612659611797,35.262089684629 -78.7613529611816,35.2621756848731 -78.76146196127,35.2622526851181 -78.7616839615062,35.2623896855777 -78.7619109619073,35.2624726859347 -78.7621839624567,35.2625486863168 -78.7623719628585,35.2625926865634 -78.7625999634053,35.2626246868203 -78.7627449637321,35.2626526869986 -78.762860963956,35.2626886871679 -78.7629609640939,35.2627396873529 -78.7630499640025,35.2628626876695 -78.7630659637435,35.2629726878985 -78.7630489634337,35.2630676880702 -78.7629929630259,35.263158688201 -78.7628039621573,35.2632816882822 -78.7626149615648,35.2633046881675 -78.7624309611025,35.2632856879745 -78.7622929608439,35.2632396877675 -78.7621869605474,35.2632396876778 -78.7620649601561,35.26325768761 -78.7619029596139,35.2632896875359 -78.761585958362,35.263420687526 -78.7614299578498,35.2634476874475 -78.7612749573906,35.2634566873344 -78.7608799560548,35.263538687163 -78.7607239554525,35.2635976871481 -78.7606009550209,35.2636286871057 -78.760452954362,35.2637156871532 -78.7602559535034,35.2638246872034 -78.7600999528745,35.263892687207 -78.7599719523885,35.2639376871887 -78.7598609520908,35.2639326870855 -78.7597389518495,35.2638966869114 -78.7596779519372,35.2638046866774 -78.7596659520162,35.2637646865878 -78.7596909523567,35.2636686864181 -78.7596989527931,35.2635216861329 -78.7597419532711,35.2633946859169 -78.7597769535267,35.2633386858353 -78.7598539539926,35.2632496857237 -78.7599559547869,35.2630686854508 -78.7600839556925,35.2628736851725 -78.7603259569657,35.262660684956 -78.760515957941,35.2625016848029 -78.760621958606,35.262369684632 -78.7606219588833,35.2622706844361 -78.7605899590071,35.2621946842584 -78.7604889589618,35.2621106840057 -78.7603799588832,35.262030683754 -78.7602209587279,35.2619286834158 -78.7600609585283,35.2618416831061 -78.7598049581388,35.2617276826601 -78.7595949577847,35.2616466823189 -78.7593709573275,35.261588682011 -78.759237957024,35.2615656818509 -78.7590979566814,35.2615496816986 -78.7588739560779,35.261543681494 -78.7585729550996,35.2615946813369 -78.7584559546734,35.2616306813082 -78.7583219541204,35.261694681321 -78.7582049535773,35.2617716813743 -78.7580659528933,35.2618766814651 -78.7579319520691,35.2620356816683 -78.7578649514419,35.2621906819212 -78.757814950873,35.2623416821808 -78.7577699502951,35.2625006824608 -78.7577749498278,35.2626696828034 -78.7578019494219,35.2628386831648 -78.7578679486841,35.2631626838694 -78.7578399483325,35.2632586840378 -78.7577839479168,35.2633496841727 -78.7576839474175,35.2634266842424 -78.757527946761,35.263503684265 -78.7572829458662,35.2635766842047 -78.7568209440129,35.2637716842071 -78.7563419423185,35.2638936840496 -78.7561029415151,35.2639396839415 -78.7558969409134,35.2639476837845 -78.7557419405702,35.2639156835897 -78.7553639399329,35.2637686829747 -78.7550529393263,35.2636766825266 -78.7547639388199,35.2635716820702 -78.7546419386373,35.2635166818558 -78.7544929385244,35.263411681517 -78.7544039385422,35.263319681255 -78.7542929384958,35.2632286809763 -78.7541819385457,35.2631046806304 -78.7540379385271,35.26297268024 -78.753993938698,35.2628716799973 -78.7539829390368,35.2627446797297 -78.7540399408565,35.2621736786172 -78.7541029420783,35.2618136779392 -78.7541199431051,35.2614766772688 -78.7541819438609,35.2612756769138 -78.7543669457892,35.2607876760824 -78.7544709471059,35.2604326754519 -78.7544989475514,35.2603056752185 -78.7544459483662,35.2599746745005 -78.7543949485135,35.259875674255 -78.7542939485183,35.2597786739697 -78.7541509483094,35.2597156737166 -78.7540219479618,35.2597136735996 -78.7537079469092,35.2597796734592 -78.7533579454769,35.2599416734833 -78.7533299453942,35.259943673463 -78.7531349445464,35.260050673511 -78.7528959433839,35.2602236736559 -78.7526049421649,35.2603666736948 -78.7522589407021,35.2605406737502 -78.7517179383934,35.260818673851 -78.7513159366912,35.2610196739161 -78.7508479347595,35.2612356739564 -78.7501949319795,35.2615636740704 -78.7501049315221,35.2616336741376 -78.7499929308826,35.2617526742879 -78.7499449307704,35.2618256744029 -78.74990893062,35.2619026745351 -78.7498799303621,35.2620106747364 -78.7498649300885,35.2621136749378 -78.7498589296553,35.262263675243 -78.7498799291126,35.2624306756037 -78.7499109286909,35.2625496758728 -78.7499399283926,35.262628676058 -78.7500419276988,35.2628606766188 -78.7500979273259,35.2630386770341 -78.7501179271291,35.2631236772266 -78.7501449266399,35.2633136776419 -78.7501299263542,35.2633956777986 -78.7500939261048,35.2634456778715 -78.7500279258337,35.2634746778757 -78.7499229258982,35.2634796778029 -78.7498229261726,35.2634606776866 -78.7496689267701,35.2633726773864 -78.7492399283959,35.2631406765795 -78.7490349292808,35.2629936761208 -78.7488289300966,35.2628706757114 -78.7487239304776,35.262819675527 -78.748501931111,35.2627696752558 -78.7483019316041,35.262750675065 -78.7481019320554,35.2627456749027 -78.7478789325301,35.2627496747414 -78.7476569329191,35.2627816746377 -78.7474399332165,35.2628406745923 -78.7472619334018,35.2629086745945 -78.7470669335703,35.2629946746198 -78.7468609336133,35.2631306747371 -78.7465839337929,35.2632726748112 -78.7463219339545,35.2634096748855 -78.7461259340886,35.2635076749315 -78.7459309342801,35.2635856749375 -78.7457809344873,35.2636256749017 -78.7456469347103,35.2636486748441 -78.7454799350472,35.2636576747329 -78.7452359356236,35.2636426745142 -78.7449489363507,35.2636086742245 -78.7445749372854,35.263568673856 -78.7443579378691,35.2635316736151 -78.7438519393706,35.2633986729619 -78.7435749401694,35.2633336726206 -78.7433249407834,35.2633106723832 -78.7431079412294,35.2633196722341 -78.7428959415834,35.2633556721417 -78.7425509420919,35.2634366720347 -78.7422129424045,35.2635776720492 -78.7417439428546,35.2637676720561 -78.7415329431486,35.2638226719992 -78.7413379435341,35.263835671873 -78.7410939441227,35.2638166716468 -78.740559945605,35.2637106710283 -78.7403879461455,35.2636556707893 -78.7401049471088,35.2635406703498 -78.7397789483803,35.2633546697422 -78.7395699492222,35.2632266693369 -78.7394609496711,35.2631566691197 -78.7390599511374,35.2629606684396 -78.73869795248,35.2627776678161 -78.7384079535723,35.2626256673078 -78.7381069546073,35.2625006668435 -78.7378329556654,35.2623486663499 -78.7370029588894,35.2618826648517 -78.7369379591527,35.2618426647283 -78.7367509598463,35.2617486644131 -78.7364909606784,35.2616616640572 -78.7360229615926,35.261697663776 -78.7357599619766,35.261760663697 -78.7348149628061,35.2621676637412 -78.7346049629671,35.2622656637633 -78.7340109633521,35.2625656638642 -78.7336699635579,35.2627426639284 -78.7333249639546,35.2628596638788 -78.7330299643637,35.2629366637936 -78.7326989648968,35.2629986636531 -78.7323409654917,35.2630596634896 -78.7321459658103,35.2630946634034 -78.7319059663031,35.2631046632377 -78.7318309664423,35.2631126631946 -78.7312009677978,35.2631186627231 -78.7307169688654,35.2631146623454 -78.7304059694489,35.2631456621623 -78.7301939697858,35.2631866620724 -78.7300269699297,35.2632586620716 -78.7298599699023,35.2633866621693 -78.7297649697055,35.263518662329 -78.7296809692613,35.2637236626253 -78.7294679684001,35.2641566632219 -78.7292949678001,35.264475663647 -78.7291049675183,35.2647026638957 -78.7289159673993,35.2648756640493 -78.72873196745,35.2649896641028 -78.7285199675337,35.2651126641491 -78.728296967684,35.2652216641615 -78.7279299677419,35.2654626642873 -78.7277289677335,35.2656076643776 -78.7275779676009,35.2657576645159 -78.7272939670691,35.2661316649328 -78.7270029666805,35.2664636652685 -78.7267469666607,35.2666506653809 -78.7265299667682,35.2667686654057 -78.7262069671755,35.2668636653031 -78.7259459676176,35.2669036651569 -78.725750968012,35.2669126650118 -78.7255619684642,35.2668986648326 -78.7253509691487,35.2668246645335 -78.7250849702173,35.2666646640442 -78.7248009714914,35.2664506634502 -78.7245219727245,35.266246662879 -78.7241359744182,35.2659686620986 -78.7238309757828,35.2657406614703 -78.7233539776386,35.2654746606429 -78.723003978599,35.2654096602546 -78.7228209789963,35.2654096601082 -78.7222869798342,35.2655136598527 -78.7220139804021,35.265521659647 -78.7217589809865,35.2655116594262 -78.7215309816515,35.2654566591533 -78.721313982364,35.2653786588519 -78.7207979842089,35.2651446580581 -78.7205039854981,35.264934657483 -78.7202899866945,35.2646986569307 -78.7200669880069,35.2644316563228 -78.7199339890341,35.2641936558337 -78.7197349906548,35.2638106550605 -78.7195869925653,35.263298654121 -78.7194889944634,35.2627556531719 -78.7194689968833,35.2619896519243 -78.7195169993128,35.2611726506452 -78.7195119998604,35.2609996503631 -78.7194560004639,35.2608446500726 -78.7194160011006,35.2606676497587 -78.7193870013845,35.2605966496234 -78.7192000027532,35.2602876489915 -78.7190690035246,35.2601316486467 -78.7189370041773,35.2600146483642 -78.718482005952,35.2597646476385 -78.7183320064272,35.2597176474564 -78.7181770067674,35.2597176473457 -78.7167680085492,35.260138646999 -78.7162180094407,35.26023964676 -78.7153650112331,35.2602646461825 -78.714996012348,35.2601666457647 -78.714219014908,35.2598926447849 -78.7138070161808,35.2597746443096 -78.7133100178502,35.2595896436734 -78.7129800188877,35.2594896432871 -78.7128300195958,35.2593686429977 -78.712694020195,35.2592726427566 -78.7126080207002,35.2591716425436 -78.7125640212102,35.2590396423138 -78.7125150221602,35.2587706418745 -78.7124660235268,35.2583686412357 -78.7123510251956,35.2579166404769 -78.7122570259038,35.2577566401722 -78.712169026483,35.2576336399274 -78.7119950270826,35.2575646397052 -78.7117510276611,35.2575516395193 -78.7112890283312,35.2576626393691 -78.7110090285246,35.2577976393777 -78.7105970285312,35.2580846395187 -78.7102620288165,35.2582286394993 -78.710129029015,35.2582586394513 -78.7096110295295,35.2584576393832 -78.7092960296156,35.2586506394451 -78.7085540301394,35.2590026394354 -78.7082550305572,35.2590786393345 -78.7082480306388,35.2590576392993 -78.7080720308145,35.2591246392716 -78.7078390311122,35.2591926392047 -78.7077000314176,35.2591926391065 -78.7075330318885,35.2591596389412 -78.7073500324798,35.2590996387264 -78.7071110333204,35.2589996384154 -78.7068290347164,35.2587536378678 -78.7065070364408,35.2584316371869 -78.7062740374429,35.2582766368061 -78.70602503873,35.2580426363043 -78.7059860389075,35.2580136362366 -78.7058230397372,35.257864635915 -78.7054680422639,35.257312634899 -78.7053670428723,35.25719063466 -78.7051510439779,35.2569916342364 -78.7047980453136,35.2568156337541 -78.7043910464777,35.2567316333648 -78.7040200472713,35.2567396331273 -78.7038810474356,35.2567846330961 -78.7035300481754,35.2567956328757 -78.7032780485097,35.2568656328023 -78.7027380498664,35.2568136323689 -78.7022000512886,35.2567396319079 -78.6986400606585,35.2562656289083 -78.6946510711772,35.2557336256062 -78.6938530732822,35.2556276249538 -78.6905200820892,35.2551826222535 -78.6903260825993,35.2551576220988 -78.689640084415,35.2550656215486 -78.6895480846252,35.255063621487 -78.6844190981172,35.2544066174679 -78.6842220986222,35.2543856173201 -78.6818151049695,35.2540756154687 -78.6800661095782,35.2538526141398 -78.6765251189207,35.2534006114846 -78.6738271260467,35.2530566094941 -78.6663011459703,35.2520956040876 -78.6605611612034,35.2513636001106 -78.6561291729853,35.2507995971268 -78.6558271737975,35.2507585969246 -78.6553711750077,35.2507015966231 -78.6526991822041,35.2503375948536 -78.6514411855939,35.2501665940309 -78.6479311933361,35.2496935918194 -78.6435242018709,35.2491195891152 -78.6400042086403,35.2486605869746 -78.639291210004,35.2485665865428 -78.6305902265187,35.247423581332 -78.6304412268153,35.2474105812456 -78.6301982272555,35.2473715810996 -78.6298162279746,35.2473215808735 -78.6261052349921,35.2468585786941 -78.6259392352943,35.2468335785959 -78.6258332355071,35.2468255785353 -78.625355236409,35.2467665782562 -78.6225422416746,35.2464085766175 -78.6218462429749,35.2463205762138 -78.621490243642,35.2462765760079 -78.6210532444501,35.2462185757544 -78.6194032475187,35.2460085748015 -78.6182272496944,35.2458565741241 -78.6171122517637,35.2457165734846 -78.6171072519203,35.2457725734938 -78.6170352527465,35.2460295735095 -78.6169972530482,35.2461135735067 -78.6169282534543,35.2462115734897 -78.6168652538006,35.2462915734722 -78.6166692547563,35.2464935734075 -78.6166282549687,35.2465405733949 -78.6164072558839,35.246705573308 -78.6158902580599,35.2471035731057 -78.6156772588375,35.2472215730122 -78.6153872596119,35.2472735728622 -78.6152582599746,35.2473035727969 -78.6147382615905,35.2474825725446 -78.6143742629041,35.2476765723813 -78.6141352638855,35.2478485722824 -78.6138862648689,35.2480125721759 -78.6136352659663,35.2482175720759 -78.6135022666128,35.2483505720275 -78.6133572674375,35.2485405719832 -78.6133222678465,35.2486655719878 -78.613293269133,35.2491265720609 -78.6132872692975,35.2491835720686 -78.613246269882,35.2493695720815 -78.6131782702987,35.2494695720623 -78.612970271312,35.2496765719844 -78.6126472727162,35.2499335718501 -78.6125062731084,35.2500255717824 -78.6123052730642,35.2501645716683 -78.6121002729966,35.250312571551 -78.611816272814,35.2505425713868 -78.6116582725556,35.2507145712943 -78.6115112725995,35.2507945712083 -78.6112982727336,35.2508905710833 -78.6110182730136,35.2509875709186 -78.6108982730288,35.2510585708472 -78.6107462728486,35.2512045707552 -78.6106402725584,35.2513525706895 -78.6105682715661,35.2516765706393 -78.6105482711553,35.2518045706242 -78.6105082711412,35.2518335705997 -78.6096482706278,35.2525155700609 -78.6088952668343,35.2540495695285 -78.6086652661855,35.2543745693666 -78.6081772663398,35.2546345690414 -78.6076502666223,35.254882568688 -78.6072552666292,35.2551255684165 -78.6071422667329,35.2551665683404 -78.606838267263,35.2552065681407 -78.6065072675739,35.2553245679165 -78.6062812673481,35.2555275677519 -78.6061602672796,35.2556215676646 -78.6058692670503,35.2558655674514 -78.6056722669025,35.2560285673061 -78.6052732667354,35.2563215670127 -78.6048102666155,35.2566405666701 -78.6045322664337,35.2568625664589 -78.6038962663347,35.2572815659795 -78.6035382663743,35.2574905657097 -78.6032632661478,35.2577225654913 -78.6030822660728,35.2578545653494 -78.6029152660529,35.2579625652197 -78.6027202663279,35.2580055650794 -78.6024452669263,35.2580075648896 -78.6022902674796,35.2579485647916 -78.6021032683909,35.2578095646839 -78.6018962693861,35.257659564565 -78.6017572699368,35.2575915644806 -78.6016522702257,35.2575755644115 -78.6014832705586,35.2575865642944 -78.6012812706657,35.2576805641411 -78.600692270916,35.2579715636881 -78.6003572710416,35.2581415634273 -78.6001202710266,35.2582905632366 -78.5999802709349,35.2584015631192 -78.5998742707033,35.2585305630218 -78.5997982702075,35.2587145629346 -78.5997452696862,35.2588915628645 -78.5996652680385,35.2593975627134 -78.5996512671611,35.2596495626561 -78.5995392660481,35.2600265625047 -78.5994222654252,35.2602705623739 -78.599344265142,35.2603965622933 -78.5992282647508,35.2605755621744 -78.5990142643867,35.2608065619731 -78.5988172640137,35.2610295617845 -78.5986672636277,35.2612275616342 -78.5986772631945,35.2613415616185 -78.5987232626032,35.261477561625 -78.5988532616082,35.261674561682 -78.5990162606928,35.2618295617726 -78.5991642598896,35.2619625618571 -78.5992222593771,35.2620695618798 -78.5992582587936,35.2622095618797 -78.5992762582351,35.2623535618653 -78.599280257682,35.2625045618391 -78.5992902573933,35.2625785618324 -78.5993312568171,35.2627135618374 -78.5994362559752,35.2628835618847 -78.5995452552003,35.2630325619395 -78.5996332545471,35.2631605619827 -78.5996812541289,35.2632475620032 -78.5997082538034,35.2633215620101 -78.5997312534217,35.2634135620106 -78.5996992525617,35.2636715619377 -78.5995212516663,35.2640275617323 -78.5994822516214,35.2640635616951 -78.5993462516687,35.2641325615757 -78.5991242518164,35.2642255613842 -78.5988772518525,35.2643645611632 -78.5987382518952,35.2644365610397 -78.5986422516746,35.2645555609402 -78.5985812512371,35.2647135608599 -78.5985512507178,35.2648755608031 -78.5985202504315,35.2649735607585 -78.5982142508834,35.2650325605033 -78.5980682510526,35.2650735603787 -78.5980482510346,35.2650905603592 -78.5979102511503,35.2651415602386 -78.5977042513954,35.2651975600624 -78.5972132520029,35.2653245596427 -78.5969372522479,35.2654225593999 -78.5967172524073,35.2655105592034 -78.5964092528334,35.2655775589407 -78.59622425296,35.265653558774 -78.5960932529004,35.2657485586459 -78.5959542527315,35.2658785585023 -78.5957372526374,35.2660345582888 -78.5953932529814,35.2661455579824 -78.5952442531124,35.2661985578481 -78.5951612531474,35.2662385577705 -78.5950312530234,35.2663505576361 -78.5948742525229,35.2665825574481 -78.5947332517011,35.2668935572514 -78.594679251586,35.2669575571902 -78.5944602516757,35.2670635569818 -78.5941652523504,35.2670535567411 -78.5936552532545,35.2671085563053 -78.5934912533408,35.2671825561492 -78.593321253302,35.267294555977 -78.5932212531661,35.2673915558666 -78.5930592522818,35.2677315556347 -78.5929452520669,35.2678585555029 -78.5927892519827,35.2679745553387 -78.5925872522846,35.2680115551585 -78.5924202522238,35.2681275549839 -78.5923052520178,35.26825255485 -78.5921112520077,35.268370554651 -78.5918912522317,35.2684395544443 -78.5917222521963,35.2685495542677 -78.5916512520222,35.2686395541798 -78.5915772518072,35.2687425540852 -78.5912772515482,35.2689915537522 -78.5909122511411,35.2693195533359 -78.5908672510487,35.2693715532807 -78.5907462510363,35.2694465531526 -78.5905512508591,35.2696105529316 -78.5903092504257,35.2698725526368 -78.5898742497911,35.2703035521156 -78.589683249604,35.2704675518934 -78.5895822495404,35.2705445517789 -78.5894802495627,35.2705985516711 -78.5893232498381,35.2706155515274 -78.5892462500036,35.2706155514598 -78.5889512509843,35.2705205512339 -78.5888602512565,35.2704995511615 -78.5886802515668,35.2705205509963 -78.5885592515276,35.2706025508612 -78.58840925093,35.2708545506397 -78.5882512500132,35.271198550377 -78.5881932497616,35.2713015502885 -78.5881162496055,35.2713895501883 -78.5878852495751,35.2715335499304 -78.5875642497302,35.2716795495902 -78.5874212499383,35.2717065494523 -78.5871462506304,35.2716785492168 -78.5869772510222,35.2716705490688 -78.5868942511746,35.271677548992 -78.586492251155,35.2719185485398 -78.5861702512669,35.2720765481891 -78.5859162511303,35.2722625478873 -78.5856992504269,35.2725815475647 -78.5849942502319,35.2730465467353 -78.5847502501416,35.2732135464435 -78.5846372500276,35.2733105462998 -78.5847252488202,35.2735885462662 -78.5847572482385,35.2737285462381 -78.5847332474245,35.2739645461188 -78.5846292463852,35.2743085458801 -78.584548245942,35.2744765457349 -78.584495245725,35.274566545648 -78.5844202455585,35.2746555455406 -78.5842252450829,35.2748985452557 -78.584203245049,35.2749205452257 -78.5837342447088,35.275285544628 -78.583535244068,35.2755755443147 -78.5834932437498,35.275686544227 -78.5835052432359,35.2758195441812 -78.583589242077,35.2760865441471 -78.5837712406623,35.2763665442025 -78.5841402383519,35.2767825443835 -78.5842022376113,35.276948544374 -78.5842552365267,35.2772135443146 -78.5842582360765,35.2773345442669 -78.5842162351604,35.2776085441109 -78.5840742344634,35.2778805438567 -78.5839422341339,35.2780465436561 -78.5838182339378,35.2781715434802 -78.5834552338253,35.278411543017 -78.5832692335248,35.27860054275 -78.5831782333024,35.27871354261 -78.5831402328171,35.278867542505 -78.5831122318699,35.2791415423575 -78.5831792309166,35.2793625423288 -78.5833782294313,35.2796525424044 -78.5836462279807,35.2798935425729 -78.583832226667,35.2801445426554 -78.5840472254099,35.2803635427825 -78.5841912247138,35.2804705428851 -78.5842762242265,35.2805545429371 -78.5843402236807,35.2806665429561 -78.5844402226191,35.2808985429625 -78.5844682218927,35.2810805429158 -78.5844682202387,35.2815315427284 -78.5844482193859,35.2817755426061 -78.5844332188673,35.281925542528 -78.5843892164216,35.2826175421935 -78.5844552154359,35.2828485421673 -78.5845482146724,35.2830035422018 -78.5847702129896,35.2833355423015 -78.5849562116211,35.2836025423913 -78.5849882114074,35.2836425424093 -78.585183210288,35.2838365425401 -78.5853052095343,35.2839725426166 -78.5854812083709,35.2841895427195 -78.5855822073282,35.2844165427382 -78.5855992068677,35.2845325427104 -78.5856022064402,35.2846475426679 -78.5855512060853,35.284773542562 -78.5852652058769,35.2849935421614 -78.585065205789,35.2851315418865 -78.5847502056843,35.2853395414558 -78.5846662054416,35.2854535413165 -78.5846072048424,35.2856505411701 -78.5845862037421,35.2859625410178 -78.5844542020515,35.2864985406487 -78.584289201093,35.2868535403161 -78.5842042006536,35.2870215401502 -78.584064200189,35.287227539906 -78.5839181998578,35.2874005396681 -78.5837771992957,35.2876335394096 -78.5836991989182,35.2877805392584 -78.583714198197,35.2879685391952 -78.5837551974071,35.28816053916 -78.5838561965038,35.288349539195 -78.5840061948312,35.2887205392099 -78.5840551941792,35.288870539203 -78.5840711936434,35.2890075391637 -78.5839641933257,35.289154538978 -78.5837141926727,35.2894735385528 -78.583493191959,35.289792538159 -78.5834641918097,35.2898495381007 -78.5833321908085,35.2901965377966 -78.583291189674,35.2905285376048 -78.5832801889623,35.2907285375051 -78.5832831880931,35.2909635374068 -78.5832961871298,35.2912185373118 -78.5833201862246,35.2914515372394 -78.5834951845787,35.2918015372972 -78.5836151837698,35.2919545373752 -78.5837911826512,35.2921605374983 -78.5841371807757,35.2924775377806 -78.5845181789649,35.2927575381239 -78.5847341778864,35.2929305383141 -78.5848171774262,35.2930095383824 -78.5851521755319,35.2933385386557 -78.5853171744566,35.2935395387758 -78.5850561741678,35.2937645383654 -78.5847841739672,35.2939715379471 -78.5844811739213,35.2941535374993 -78.5841611739759,35.2943175370365 -78.5839421738927,35.294462536705 -78.5835541735388,35.2947755360912 -78.5833251733872,35.294944535734 -78.5831441729864,35.2951545354176 -78.5829661723881,35.2954165350811 -78.5829461722821,35.2954565350386 -78.5829221719785,35.2955525349664 -78.5829091716854,35.2956395349119 -78.582923170889,35.2958485348378 -78.5829871701336,35.2960185348438 -78.5830991689865,35.2962685348758 -78.5832191679519,35.2964835349339 -78.5832951673524,35.2966045349777 -78.583449166403,35.2967775350984 -78.5835281661134,35.2968125351837 -78.5832531659434,35.2970115347479 -78.5830391657809,35.2971745344041 -78.5829361656859,35.2972575342362 -78.582761165495,35.2974065339469 -78.5826101652292,35.2975625336845 -78.5825571651681,35.2976085335961 -78.5823201649448,35.2978005332061 -78.582078164757,35.2979855328115 -78.5818741646645,35.2981235324859 -78.5817541647541,35.2981655323119 -78.5815931649491,35.2982015320875 -78.5813081654514,35.2982225317096 -78.5812261656218,35.2982215316042 -78.580800166595,35.2981925310674 -78.5805941671908,35.2981445308241 -78.5802591682444,35.29804353044 -78.580043168916,35.2979805301918 -78.5796331701485,35.2978725297163 -78.5791741716914,35.2977075292073 -78.5788391728717,35.2975725288446 -78.5786311736275,35.2974825286231 -78.5783351749137,35.2972975283379 -78.5782021754543,35.2972245282051 -78.5780531762603,35.2970885280844 -78.5779601769191,35.296961528031 -78.5778651775488,35.2968435279707 -78.5776991786044,35.29664952786 -78.5774431801248,35.2963795276759 -78.5772891810012,35.2962275275607 -78.5771311818157,35.2960945274312 -78.5770021823122,35.2960315273018 -78.5768271828695,35.2959775271102 -78.5766601833587,35.2959375269213 -78.5764121838099,35.2959525266014 -78.5762771840265,35.2959685264229 -78.576110184227,35.2960065261922 -78.5758701841211,35.2961675258025 -78.5755611840779,35.2963495253128 -78.5751371839538,35.2966165246286 -78.5748931839363,35.2967555242415 -78.5745691839964,35.2969175237386 -78.5741191842163,35.2971055230587 -78.5739681843348,35.2971565228369 -78.5736901846156,35.2972335224378 -78.5734001848723,35.297323522015 -78.5730621851411,35.2974365215166 -78.5728801853818,35.2974715212629 -78.5727651854525,35.2975155210896 -78.5727321854528,35.2975335210367 -78.5725371852514,35.2976945206911 -78.5723971845623,35.297956520355 -78.5722931843314,35.2980755201499 -78.57211818423,35.2981985198503 -78.5720091839718,35.2983275196318 -78.5719651838083,35.2983955195338 -78.5718821831884,35.2986075192983 -78.5718641827227,35.2987425191933 -78.5718651821069,35.2989075190948 -78.5719091809238,35.2992015189746 -78.5719141805305,35.2993045189189 -78.571894180333,35.2993685188541 -78.5718511801115,35.2994515187476 -78.5718171798679,35.2995355186522 -78.5717941795872,35.2996235185688 -78.5717801792212,35.2997295184862 -78.5717341784996,35.2999485182929 -78.5716951782214,35.3000445181832 -78.5716491778271,35.3001755180429 -78.5715851774842,35.300302517881 -78.571519177294,35.3003895177406 -78.5714211771128,35.3004915175485 -78.5712111768379,35.3006795171545 -78.5711231766623,35.3007745169791 -78.571024175913,35.30102951669 -78.5709461753817,35.3012145164716 -78.5708671746587,35.3014515162191 -78.5708311742063,35.3015925160834 -78.570751173865,35.3017275158922 -78.5704591736944,35.3019315153719 -78.5703641734539,35.3020475151712 -78.5702751733726,35.3021175150071 -78.5701021735128,35.3021735147381 -78.5699511737391,35.3021945145208 -78.5696811742874,35.3021935141565 -78.5695341745168,35.3022115139463 -78.5693941746425,35.3022535137301 -78.5692571747024,35.3023115135075 -78.5689421747516,35.3024685129794 -78.5687801747982,35.3025435127109 -78.5686761744963,35.3026805124804 -78.5686301743239,35.3027515123716 -78.5684521745256,35.302793512102 -78.5683351747016,35.3028095119322 -78.5682471747743,35.302837511794 -78.5681341748338,35.3028825116105 -78.5679311748428,35.302989511263 -78.5677921750143,35.3030185110542 -78.5675131755425,35.3030275106676 -78.5674391756728,35.3030325105633 -78.5672971757119,35.3030985103252 -78.5672221756572,35.3031535101857 -78.5671321755354,35.3032345100081 -78.5670001754121,35.3033385097572 -78.5668721753629,35.3034205095262 -78.5666541754647,35.3035105091662 -78.5666031754625,35.3035385090771 -78.5662201762254,35.3035405085503 -78.5660771764606,35.3035545083445 -78.5659901765607,35.3035745082113 -78.5658481766852,35.3036175079865 -78.5657111764176,35.3037625076974 -78.5655661762408,35.3038875074106 -78.5653791761632,35.3040085070682 -78.5652801761485,35.3040655068916 -78.5646981763466,35.3043245059043 -78.5645231765179,35.3043725056278 -78.5642861767124,35.3044475052459 -78.5641111769511,35.3044775049818 -78.5636001779582,35.3044825042701 -78.5633851785513,35.3044395040035 -78.5631541791353,35.3044075037071 -78.5629561794952,35.3044175034255 -78.562916179553,35.3044235033657 -78.562743179656,35.3044885030779 -78.5625861796329,35.3045785027933 -78.5624551796401,35.3046465025609 -78.5621721797793,35.3047605020825 -78.5620941798079,35.3047945019485 -78.5616641801889,35.3049225012536 -78.5614501805767,35.3049335009473 -78.5612211811188,35.3049115006452 -78.5610081817607,35.3048545003923 -78.5607061827846,35.3047435000577 -78.5602781841822,35.3046004995742 -78.5601101846777,35.3045584993739 -78.5598161854714,35.3045044990085 -78.5596081859606,35.3044854987351 -78.559006187237,35.3044674979152 -78.5587221878185,35.304464497524 -78.5585801880733,35.3044724973208 -78.5583001884277,35.3045274968884 -78.5580371886911,35.3045974964669 -78.5578191888264,35.3046774960991 -78.5577111889146,35.3047114959214 -78.557558188904,35.30479549564 -78.5574741886415,35.3049094954297 -78.557483188064,35.3050574953208 -78.5575111877168,35.3051344952967 -78.5575851871866,35.3052354953173 -78.5577221865417,35.3053334954287 -78.5577771863294,35.3053604954836 -78.5579741856815,35.3054274957048 -78.5583071848331,35.3054754961323 -78.5585431843414,35.3054804964588 -78.5588781834438,35.3055404968801 -78.559163182639,35.3056024972303 -78.5595611812913,35.3057484976735 -78.5597381805107,35.3058614978332 -78.5598041801373,35.3059254978758 -78.5598881795771,35.3060294979125 -78.5599371789587,35.3061674978734 -78.5598851784444,35.3063314976714 -78.5597811782037,35.3064504974309 -78.5596381782708,35.3065084971828 -78.5595311784206,35.3065254970179 -78.5592451788489,35.3065634965825 -78.5589931792582,35.3065884962055 -78.5584291799172,35.3067124953061 -78.5582031801308,35.3067754949343 -78.5580741802298,35.306817494717 -78.5579271802287,35.3068954944447 -78.5573141798348,35.3073234932208 -78.5571011795261,35.3075174927563 -78.5565381781779,35.3081704914056 -78.5563091776083,35.3084414908485 -78.5561421771457,35.3086514904307 -78.5558541761357,35.3090694896605 -78.5557271755246,35.3092974892827 -78.5556081752307,35.3094374889905 -78.5554981750174,35.3095514887329 -78.5553501749817,35.3096384884424 -78.5551851751236,35.3096874881591 -78.5550101753574,35.3097174878772 -78.5547041758436,35.3097494874015 -78.5545261761477,35.3097624871295 -78.5543041765429,35.3097744867939 -78.554143176855,35.3097764865562 -78.5540211769947,35.3098034863539 -78.5538921770534,35.3098554861194 -78.5537571770633,35.3099234858618 -78.5536101770285,35.3100094855706 -78.553353176927,35.3101704850511 -78.553210176903,35.3102514847691 -78.5528321772195,35.310365484111 -78.5527181774075,35.3103754839341 -78.5525871776749,35.3103734837427 -78.5521981784956,35.3103604831809 -78.5520421788696,35.3103434829663 -78.5518611792399,35.3103404827023 -78.5514801798356,35.3103824821025 -78.551281180116,35.3104124817818 -78.5510731803799,35.3104514814393 -78.5506791809286,35.3105124808017 -78.5505141811795,35.3105324805396 -78.5503221814915,35.3105504802394 -78.5501421818139,35.3105594799652 -78.5499131822678,35.3105594796269 -78.5494571832021,35.3105514789609 -78.5492291835663,35.3105744786025 -78.5490501837989,35.3106064783078 -78.5489381839293,35.3106304781195 -78.5488571839639,35.3106634779684 -78.548622184212,35.3107204775666 -78.5480511846061,35.3109134765363 -78.5478031847686,35.3109994760856 -78.5476761848405,35.3110464758517 -78.5474981848336,35.3111404754964 -78.5472531847222,35.3112964749805 -78.5471431845728,35.3113924747231 -78.5469891842312,35.3115614743286 -78.546844184059,35.3116814739946 -78.5465521839974,35.3118484733941 -78.5463151841061,35.3119424729466 -78.5460841843482,35.3119984725451 -78.5456011849655,35.3120864717334 -78.5453031853857,35.3121304712423 -78.5451411855486,35.312171470958 -78.5449971854919,35.3122604706522 -78.5448521853528,35.3123714703222 -78.5447861851879,35.3124484701451 -78.5447731850909,35.3124804700932 -78.5445711841054,35.3128414694231 -78.5445011839213,35.312925469232 -78.5442531836509,35.3131234686552 -78.5441711836514,35.3131654684881 -78.5440111837558,35.3132204681893 -78.5438741839222,35.3132474679539 -78.5437341841789,35.3132524677363 -78.5436021843162,35.3132844675031 -78.543494184387,35.313321467301 -78.5434011844243,35.3133594671206 -78.5433061844118,35.3134114669226 -78.543157184306,35.3135154665885 -78.5430581840017,35.3136454663032 -78.5428681838764,35.3137754658786 -78.542765183887,35.3138254656695 -78.5426731837915,35.3138974654541 -78.5425081834475,35.3140714650203 -78.5424561831924,35.3141644648435 -78.542409183035,35.3142294647035 -78.5422521823212,35.3144954641841 -78.5421121818466,35.3146904637641 -78.5420321816039,35.3147944635316 -78.5419221814662,35.3148864632652 -78.5418051814421,35.3149524630152 -78.5413881816799,35.3151034622115 -78.5408691822521,35.3152194612855 -78.5403461828625,35.3153274603601 -78.5402901829222,35.3153404602594 -78.540132183028,35.3153934599574 -78.5399551831209,35.3154594596117 -78.5397761832407,35.315519459269 -78.539628183292,35.3155814589719 -78.5390481840706,35.3156744579696 -78.5387161842391,35.3157994573161 -78.5386141841728,35.3158684570813 -78.5385511840685,35.315927456918 -78.5384751838623,35.316019456698 -78.5384131833623,35.3161804564233 -78.5383831830736,35.3162704562768 -78.5383471826113,35.3164084560678 -78.537749186374,35.315737455881 -78.5266482578415,35.3030234549293 -78.524365278589,35.2989024572419 -78.5222722976829,35.2951234596112 -78.5222232981288,35.2950354596689 -78.5217053013469,35.2944864597692 -78.5216513016737,35.2944314597771 -78.5189743186266,35.2915224605363 -78.5179293255124,35.2903234609857 -78.5164993348859,35.2886994616376 -78.5127183586211,35.2846934632672 -78.5098153767487,35.2816634647564 -78.5095493784348,35.2813804649144 -78.5067773957905,35.2784944665944 -78.5042094119424,35.2758174683705 -78.50164742787,35.2732074702471 -78.5014524290619,35.2730144703888 -78.4920404650114,35.2634194631619 -78.4918954653142,35.2633174629226 -78.4905094650078,35.2631434593569 -78.4891234647077,35.2629674557888 -78.4873494642366,35.2627634511811 -78.4859284638798,35.262594447493 -78.485152463703,35.2624974454838 -78.4838504634261,35.2623294421167 -78.4685594589424,35.2606434018244 -78.465526458047,35.2603053937682 -78.4642034576605,35.2601563902488 -78.46013645646,35.2596993794011 -78.4594084562135,35.2596253774454 -78.45602545525,35.2592333683985 -78.4549084549051,35.2591103653973 -78.4522384540111,35.2588333581914 -78.4501654532942,35.2586233525797 -78.4451774518753,35.2580353391249 -78.4398614501558,35.2574573246639 -78.4346654484826,35.2568853104694 -78.4263714455785,35.2560232876297 -78.4231044443896,35.2556922785822 -78.4183624424094,35.2552762653572 -78.4182724423683,35.2552692651051 -78.4118924397742,35.2546852472579 -78.4117324397437,35.2546612468157 -78.4110154376912,35.255067244482 -78.4084984302785,35.2565522363023 -78.4072864267106,35.2572692323923 -78.4033554151721,35.2595962198437 -78.4011164084137,35.2609792127552 -78.3977233986413,35.262958202208 -78.3935413914916,35.2640811900573 -78.3925373896866,35.2643761871438 -78.3912453875484,35.2647061834273 -78.3898743852503,35.26506517949 -78.3882813824237,35.2655261749102 -78.3880373820116,35.2655911742126 -78.3805223691763,35.2676471528818 -78.37916236685,35.2680231490573 -78.3784763656803,35.2682121471328 -78.3661913449319,35.2715811131632 -78.365187343235,35.2718601104274 -78.364623342296,35.272013108894 -78.3642113416238,35.2721211077756 -78.3628093392441,35.2725151039737 -78.3617233374646,35.2728031010394 -78.3605123354297,35.2731390977739 -78.3587013324075,35.273637092908 -78.3575753305337,35.2739460898929 -78.3553353268011,35.2745640839178 -78.3527043224068,35.2752960769391 -78.3522283216112,35.2754290756812 -78.3499973179381,35.276038069804 -78.347214313357,35.2768010625156 -78.346516312208,35.2769930606951 -78.3454313104287,35.2772900578712 -78.3393183004167,35.2789710420968 -78.3375612975415,35.279457037606 -78.3355142942101,35.2800200323977 -78.3328182898321,35.2807620255776 -78.3300232852941,35.2815350185552 -78.329896285106,35.2815650182361 -78.3295662845756,35.2816550174102 -78.3281722823621,35.2820280139267 -78.326443279627,35.2824890096219 -78.3257052784569,35.2826870077902 -78.3235212750099,35.283270002388 -78.3224592733144,35.2835599997734 -78.3208812707881,35.2839939959023 -78.319440268469,35.2843949923823 -78.3191912680869,35.2844589917736 -78.3169062644451,35.2850869862189 -78.3159782629861,35.2853369839703 -78.3103522540492,35.2868889704658 -78.3089572522526,35.2871529670918 -78.3065952492262,35.2875969613964 -78.3065782491983,35.2876019613564</coordinates></LinearRing></outerBoundaryIs></Polygon>
  </Placemark>
</Folder>
</Document></kml>
