{"type":"FeatureCollection", "features": [
{"type":"Feature","geometry":{"type":"Polygon","coordinates":[[[-74.2543030005364,42.40820700012337],[-74.25205300021506,42.40106199962907],[-74.25196500036623,42.40078299972973],[-74.24958599989147,42.39322400004881],[-74.24789299969751,42.387600000115555],[-74.24784599954054,42.38744600012457],[-74.24519499968478,42.37879899961019],[-74.24469200024178,42.37715899958226],[-74.2458020003083,42.37787299985712],[-74.2464540006009,42.37885200017767],[-74.24702600036869,42.37915199993782],[-74.24828199992831,42.37929400032272],[-74.24958599964177,42.37916799985877],[-74.2519519996662,42.37928199959718],[-74.25366299964101,42.379572999788266],[-74.25506000000527,42.379824000394876],[-74.25649000051584,42.37951000044392],[-74.25771300028576,42.37930099979578],[-74.2589110005068,42.379151000205866],[-74.25918600024701,42.37911700029981],[-74.26039800027088,42.37840000015404],[-74.26111200021779,42.377586999602464],[-74.2615129997276,42.3769510000566],[-74.26214099960558,42.37643599963014],[-74.26333100049287,42.375855999622395],[-74.26457599983122,42.37508099968981],[-74.26535700013848,42.3745600002281],[-74.26586000042062,42.374088000430916],[-74.26649599974003,42.37342999988128],[-74.26789999960671,42.37174599955896],[-74.26913400021364,42.36981000015128],[-74.26954900017775,42.3683539997253],[-74.27023999987522,42.36752800011334],[-74.27058899955027,42.3673849998449],[-74.27117599975463,42.36714599993302],[-74.27347400009565,42.365032000022545],[-74.27491299996403,42.36418600027562],[-74.27664499977112,42.36334900006287],[-74.27896799984991,42.36303099966507],[-74.28078999973097,42.363040999971346],[-74.28157700024015,42.36285500003467],[-74.2819310000877,42.36277299962941],[-74.28300000021116,42.36209400044918],[-74.28403299945033,42.36176099967844],[-74.28680100017131,42.361460999790296],[-74.28880000023509,42.36141199976644],[-74.28919299998313,42.361382999567354],[-74.29052199980195,42.36128699995742],[-74.29300100053192,42.361209999863185],[-74.29341800023607,42.36119799966915],[-74.29502000008559,42.3614640001979],[-74.29697700009046,42.36210299985004],[-74.29867600005292,42.362513999916985],[-74.29946799984158,42.36257499988004],[-74.30007600022061,42.36246500033742],[-74.30085800011013,42.36224299969503],[-74.30229400038165,42.36175100016688],[-74.30379699953579,42.36100999968638],[-74.305774999475,42.360552000111774],[-74.30854600052835,42.35981700034473],[-74.30987600034048,42.358994000256196],[-74.3125820003407,42.35708999972173],[-74.31311000037705,42.35750300043022],[-74.31750100038897,42.36000700040882],[-74.31893800001698,42.360553999558405],[-74.32005399940515,42.36066499982976],[-74.32096499981648,42.360661000199826],[-74.32274799959022,42.36013000041561],[-74.32484300017173,42.35983400037107],[-74.3264530002208,42.359164999664586],[-74.32801200058516,42.358229999905475],[-74.32936400033238,42.357374999969586],[-74.33060200003088,42.357123000076996],[-74.331578999935,42.35704699990163],[-74.3327930003546,42.35714999980361],[-74.33405899942068,42.35743800021956],[-74.33577900004586,42.35794600027387],[-74.33701200037235,42.35828199977578],[-74.33822600032705,42.358345000342766],[-74.3397529999634,42.358521000301046],[-74.34049000014163,42.35853299985696],[-74.34096800011946,42.35847900041394],[-74.34174099954348,42.35800700041633],[-74.34385399986438,42.35686499971255],[-74.34608699984052,42.35569099997188],[-74.34662500008797,42.35617700042409],[-74.34753799979251,42.35717999983987],[-74.34813899996729,42.357996999675244],[-74.34924099946456,42.35837300040343],[-74.35096499939975,42.35978299961217],[-74.35196900020928,42.36027999997944],[-74.35403600023119,42.360725000066715],[-74.35532299943078,42.36114200006796],[-74.35560199979952,42.36156200016426],[-74.35584499989099,42.36233700016524],[-74.35616500040076,42.362902000396026],[-74.35669699943061,42.36424299982548],[-74.35716999960523,42.36465600044405],[-74.3599989993991,42.366175000032484],[-74.36297600002058,42.367279999689295],[-74.36336200004374,42.3674229999581],[-74.36436900035265,42.367613000275256],[-74.3665469996977,42.36777600025935],[-74.36688200003857,42.36797100043857],[-74.36748500054355,42.368449999630265],[-74.37172300032333,42.370145000400136],[-74.3726330000555,42.37018100034125],[-74.3734269998645,42.370063999584076],[-74.37459000050448,42.37012899960375],[-74.37617900014286,42.37065500005113],[-74.37831900004142,42.37248699992678],[-74.37905099983166,42.37387299982523],[-74.38266499969752,42.37291099985494],[-74.383350999847,42.37272800018759],[-74.38396900049571,42.37256499999364],[-74.41895099942617,42.362193999721306],[-74.4192959998026,42.36209199968622],[-74.4227709995815,42.3610769996329],[-74.4237240001355,42.36079800015567],[-74.42382899983635,42.36076800003034],[-74.4318099996178,42.35843599972703],[-74.43373899975273,42.35787100034155],[-74.4339559998236,42.35780800003105],[-74.43815500058739,42.356580000351215],[-74.44350599981759,42.355016999794245],[-74.44466699982564,42.35548399990419],[-74.44469299961732,42.35549499975683],[-74.44544500043487,42.35579599995794],[-74.45622399998771,42.3601259999306],[-74.46788900058712,42.364811000033356],[-74.47619500012713,42.36814700036072],[-74.47629099986439,42.36818499955268],[-74.49366000016144,42.375080999668114],[-74.4980809999734,42.37680600023105],[-74.4989529995971,42.37714600004627],[-74.49959300023211,42.37739600026179],[-74.50373200025484,42.37902800041586],[-74.50465899968768,42.37939399981532],[-74.51286700030394,42.38263200026384],[-74.51756199952462,42.384484000025154],[-74.51913300045281,42.385103000370194],[-74.52669300008442,42.38808499973064],[-74.53466499987616,42.39123000006504],[-74.53757899971795,42.392379000248525],[-74.53868699950404,42.39281599987816],[-74.54284000040477,42.39445300001033],[-74.54323699971286,42.39461099987446],[-74.54353200052797,42.39472699978641],[-74.54656499993774,42.39592400018253],[-74.55258600028543,42.39829900025163],[-74.55326900007421,42.39856800043359],[-74.56321100052831,42.40248999964659],[-74.56669499999076,42.40386900020644],[-74.56671899989871,42.40387499975781],[-74.5675240003185,42.40419300021038],[-74.57418900048903,42.4068230001609],[-74.57930099978097,42.40883199972524],[-74.58424399980228,42.4107740000163],[-74.58648000019485,42.41165200025827],[-74.58886099982965,42.41258299988847],[-74.59272999963669,42.41409599983306],[-74.59799800054441,42.41615699964306],[-74.60509199955823,42.4189240000073],[-74.60537799981238,42.419035999906285],[-74.61109799962234,42.42130099962335],[-74.61727800052249,42.423748000061515],[-74.61842999948446,42.424204000096275],[-74.6188950004692,42.42438899968859],[-74.61898599961728,42.42447800028615],[-74.61949300030011,42.42497999983751],[-74.62046199987972,42.4259370003144],[-74.6209790002352,42.42647699999368],[-74.62257099987502,42.42809600032451],[-74.6230309994377,42.428564999708335],[-74.62399900043218,42.42957200006045],[-74.62453300033359,42.43017900037158],[-74.62982600013997,42.43541900039417],[-74.62983400034773,42.43543299988337],[-74.63462500052921,42.44025899966561],[-74.63492499965717,42.440559000120075],[-74.63650499942663,42.44215599960828],[-74.64288199951443,42.44860200034894],[-74.64481500015813,42.450556000055165],[-74.6458469999906,42.45159999997291],[-74.64598799959084,42.45174199990714],[-74.65698999998881,42.46286400000867],[-74.65701099955018,42.46288499982085],[-74.66409199983934,42.47004300041769],[-74.66955600028486,42.47556600040758],[-74.66979099985,42.47580400037986],[-74.67161899983171,42.477651999642134],[-74.67164699974965,42.47767999995666],[-74.67729200006944,42.48338799970117],[-74.68490699996414,42.491085999908925],[-74.68663700033783,42.492835000143245],[-74.6888569999229,42.49507899999773],[-74.68892999958632,42.495151000199186],[-74.69390100008427,42.50007599980503],[-74.69564399939429,42.5018229996781],[-74.69985900006148,42.50605000038734],[-74.7037610002206,42.509961999604876],[-74.70410899956717,42.51031000039957],[-74.7090239995893,42.51523599960267],[-74.70918500040389,42.515398999800006],[-74.71095099973492,42.51716700002614],[-74.71112800014325,42.51734599975143],[-74.71158000026782,42.517799000006505],[-74.71084399996293,42.5187619996148],[-74.70955400055973,42.520290000283076],[-74.70892099956501,42.521070000036175],[-74.70883799972874,42.52116699998977],[-74.70801400021735,42.52214800032547],[-74.70742900019802,42.52284700011549],[-74.69844200028894,42.53355899991397],[-74.69553900008209,42.53701899967904],[-74.69332900013221,42.5396129998178],[-74.68614500049831,42.54815099979868],[-74.68157900040198,42.55357800044209],[-74.6814709996326,42.553706000268654],[-74.6771039998461,42.55889600020848],[-74.67694299939525,42.559087000172035],[-74.67242799942426,42.56445499980944],[-74.67235300016793,42.56448800044623],[-74.67220799995437,42.56461500020993],[-74.67201799973418,42.564836000146066],[-74.6716590006068,42.56540499997014],[-74.67146500008955,42.5656810000999],[-74.67129500051976,42.56593000011763],[-74.6706420000057,42.56687400024014],[-74.67057600039227,42.56694799997816],[-74.67002399945008,42.567630000265666],[-74.66893100025564,42.56923699973348],[-74.66671800056245,42.57261200031905],[-74.65827200034755,42.58549399988731],[-74.658141999517,42.585692999877246],[-74.65746800044082,42.58672100021494],[-74.65676300003128,42.58757899966845],[-74.6556410002465,42.58914499977728],[-74.65546899956126,42.589418000085836],[-74.65269700009941,42.59381100006565],[-74.65156099987472,42.59542799997479],[-74.64601999993128,42.60379299956178],[-74.6411670002308,42.61123900008388],[-74.64045399949153,42.612335000362194],[-74.64038000013925,42.612460999933226],[-74.63959399941605,42.61381600040491],[-74.63952399952281,42.61393500014331],[-74.63613899950202,42.61883399974722],[-74.63497800023603,42.62051500014264],[-74.63366199980426,42.62241999960187],[-74.63363899986324,42.62245500044262],[-74.63297399970585,42.62342999981748],[-74.63185299983014,42.625074999617475],[-74.6306310005878,42.62667400003833],[-74.63065200007455,42.62676999967564],[-74.6309219995737,42.62798199999843],[-74.63112600002025,42.628930999980874],[-74.63117900008548,42.629179999715156],[-74.63164599944773,42.63145300031205],[-74.63331799957513,42.64058000012002],[-74.6340110004104,42.64437900007609],[-74.63463700033333,42.647809000018746],[-74.63522399977212,42.64943000004611],[-74.63524799953514,42.64949499984134],[-74.63552800051532,42.65072999971695],[-74.6356290000656,42.651374999565576],[-74.63576299975263,42.651980999958305],[-74.63744399997304,42.65712999987226],[-74.63763499982782,42.65773499993309],[-74.63884400036166,42.661558000166295],[-74.6391820002661,42.66262600031578],[-74.639515000595,42.66365400045008],[-74.6395309999612,42.66370200024872],[-74.64036700018102,42.66628000024213],[-74.64104999941013,42.66820399986982],[-74.64182099997943,42.67073100014634],[-74.64300599940897,42.67461199960156],[-74.64340700026393,42.67590599997554],[-74.64342300036948,42.6759560001753],[-74.64452200055713,42.67949499957797],[-74.64467099958405,42.67997799985321],[-74.64651700026859,42.686031000219096],[-74.64693700025974,42.68744599997821],[-74.64701899996406,42.687721000017],[-74.64776600002335,42.69023200026611],[-74.64800199946185,42.690816999593906],[-74.64861199967154,42.692618000332324],[-74.64903000025511,42.694181999702494],[-74.64907399947053,42.69434799980247],[-74.64962200026856,42.696399000092846],[-74.64977100046191,42.69688000032769],[-74.6498290004065,42.697070000347246],[-74.65239900030002,42.7053990002264],[-74.65248900019301,42.70569299987113],[-74.65264700027458,42.706203000042045],[-74.65375299958889,42.70978700020867],[-74.65471400056096,42.7131020001984],[-74.6547769999051,42.71332100016169],[-74.65526300007457,42.71499899978531],[-74.6555530005344,42.71599900030155],[-74.65590499992403,42.71724299994285],[-74.65597599975261,42.717458000360175],[-74.65599099971594,42.71747500011172],[-74.65604900027154,42.717683000162666],[-74.65613499973878,42.717948000042746],[-74.65668599985871,42.719635999850674],[-74.65765899967344,42.72265899992757],[-74.65833900039885,42.72467999995003],[-74.65915400050176,42.727039999702],[-74.65930399972548,42.727462999747026],[-74.65950900027528,42.728038000441735],[-74.66030499946756,42.73027500004866],[-74.66095000020734,42.73208599956157],[-74.66360299987608,42.73974700006174],[-74.66368899984207,42.739994000316656],[-74.66404199995851,42.7410889995665],[-74.66415399954988,42.74143500004713],[-74.66434500020155,42.74185199976228],[-74.66466599986796,42.74267800009725],[-74.66482699941626,42.743090000387156],[-74.66513899941035,42.74397099998674],[-74.66522700031369,42.74421800025821],[-74.66630000023306,42.74723599965591],[-74.6665220002535,42.747862000101875],[-74.66751200047709,42.75071000044239],[-74.66805699978768,42.76400400021303],[-74.6680660005526,42.76422300014578],[-74.66803100032513,42.76459199969431],[-74.66741400028634,42.771179000164956],[-74.6673919998695,42.77141899967882],[-74.66707000024563,42.77485899998626],[-74.66702700035223,42.77531700029249],[-74.66663399939488,42.779537999655204],[-74.66551699994402,42.79054699988446],[-74.66538299963288,42.79187299967477],[-74.66524999995836,42.79216300022199],[-74.66516799946636,42.792347000301525],[-74.66481299940966,42.7931300003082],[-74.66030899948137,42.803059999782384],[-74.66022300023802,42.80325199979064],[-74.6512240004575,42.823100999759895],[-74.6510559995978,42.82347299990426],[-74.64829800005403,42.82955799973648],[-74.64964800007873,42.82983399981662],[-74.65006700007555,42.82990699964955],[-74.65069900040551,42.830054000058915],[-74.65609199985917,42.83164900034762],[-74.66793099989549,42.835202999669164],[-74.66804300060815,42.83523600029889],[-74.68546099945972,42.84040000044407],[-74.68866299977616,42.84133699960575],[-74.68951299967546,42.84159100034421],[-74.69169600061062,42.84223800021041],[-74.70205400054435,42.84530499967067],[-74.70983699970019,42.84761099991501],[-74.72775599976208,42.85267800011106],[-74.73083300030088,42.85355900033891],[-74.73104499985268,42.85361900023208],[-74.73222799986091,42.85395799987503],[-74.73759699946926,42.8555250002622],[-74.73764199959565,42.85552999957125],[-74.73967700007027,42.85612199965516],[-74.74937700026149,42.8590679997662],[-74.75124600015717,42.85965800042215],[-74.75146200046478,42.85972099963875],[-74.75162399995801,42.85976400030382],[-74.76330300017794,42.86323700008976],[-74.78255099981719,42.869188999746925],[-74.78265000039893,42.86921699967193],[-74.78295500028568,42.86931199965078],[-74.79018800021342,42.87159699968939],[-74.79050399966052,42.87169700031904],[-74.79482900023012,42.87304300010713],[-74.80080800037143,42.87490299991582],[-74.80289600043324,42.875616000245685],[-74.81107400052048,42.878055999790625],[-74.81602099945518,42.879558000270144],[-74.82263300008617,42.881509000163355],[-74.82996400050827,42.88372299957598],[-74.83236899955091,42.88444799978028],[-74.83253000033207,42.88449699983522],[-74.84301899996636,42.88766099981174],[-74.84971600003054,42.88962699967498],[-74.85720000043479,42.89190600019357],[-74.86222700032674,42.89339000027689],[-74.86381600038915,42.893842000371784],[-74.8645879994164,42.894062000444386],[-74.86959199984359,42.895560999797056],[-74.87459500004599,42.89696299955021],[-74.87882200020039,42.89827400009985],[-74.879607000311,42.8942259999108],[-74.88127700047856,42.88562699998442],[-74.88194599940458,42.882377000061624],[-74.88227300024931,42.88076499969954],[-74.8834519995616,42.87507200043733],[-74.8841759994179,42.87172000024913],[-74.88547700043212,42.864785000331],[-74.88548399959043,42.86474500037328],[-74.88551200038654,42.86448199968286],[-74.88565899966589,42.863522999750735],[-74.88779800037452,42.85201400042093],[-74.88780899964912,42.85195799989072],[-74.88915399961165,42.84796099994273],[-74.889252000058,42.847668999701575],[-74.89087299967339,42.84135599995511],[-74.894670999623,42.83205100020466],[-74.8987829998391,42.82945500011735],[-74.89891099954639,42.829372000031434],[-74.89985799990724,42.82883699975885],[-74.90623700024747,42.82522699983994],[-74.9067379997231,42.82494299971454],[-74.90729900058113,42.825198000027605],[-74.9131950002418,42.82787700012398],[-74.91887499990325,42.830456999684934],[-74.92025500017226,42.83108300029445],[-74.92267900044972,42.832178000333954],[-74.92712400013346,42.83421400021276],[-74.92735300051177,42.83431900044391],[-74.93946799994974,42.839869999809366],[-74.95482199956217,42.84642200039436],[-74.96174900020782,42.84937799959757],[-74.97094599970866,42.85330399960077],[-74.9712469994814,42.85344699995064],[-74.9771390005145,42.85623800041955],[-74.97722499966581,42.85627899985774],[-74.97761099959641,42.85644000010826],[-74.9784510000198,42.856811999824416],[-74.97884699976514,42.85694700032673],[-74.9790890000623,42.8570470001894],[-74.98027200026613,42.8576109996394],[-74.98049500029975,42.85770900036729],[-74.9813199994926,42.85806700014878],[-74.98153800013831,42.858168999983555],[-74.98165099948791,42.85819599987162],[-74.98185500026348,42.858314999790174],[-74.98311400028338,42.85889500042283],[-74.98288599954944,42.8590249996928],[-74.98280600042781,42.85906399962467],[-74.98278099962111,42.85911799982979],[-74.98276400022587,42.85920399981232],[-74.9827689995254,42.85922099989399],[-74.98314500057161,42.85940100002164],[-74.98340900000103,42.85949900017123],[-74.98403500058411,42.859727999705015],[-74.98549499985133,42.860319999640154],[-74.98993499941709,42.86211900028953],[-74.99298700003936,42.86335700019909],[-74.99516400013282,42.864269000005834],[-74.99779400006776,42.86529799992144],[-74.99890800001916,42.86571700029591],[-74.99943899993403,42.86590699980299],[-74.99960000026323,42.8659600002851],[-75.00044300018914,42.8663109997839],[-75.00251100034396,42.86717599981377],[-75.00269399985265,42.86725399956555],[-75.00817699964088,42.86956800010468],[-75.01110599965529,42.870826000373484],[-75.01138600042489,42.87093599955937],[-75.02036000034221,42.874728999899105],[-75.02115999972746,42.87507099995922],[-75.02416399965641,42.876325000321515],[-75.03081400004982,42.879121000420625],[-75.03978300060864,42.88282600013224],[-75.05005999985566,42.88711299979804],[-75.06492500029468,42.89331399979244],[-75.06544200021516,42.89353000004182],[-75.07407599988353,42.89713100000333],[-75.07711999952373,42.89840099976922],[-75.08109000004625,42.90005700014809],[-75.08395700034353,42.901252999703324],[-75.09775599945051,42.907008999707074],[-75.10099900022175,42.90836299984244],[-75.10320399982092,42.90560600010789],[-75.1032929997671,42.90550499993371],[-75.10631399993484,42.90174499992106],[-75.1146569999311,42.89135899988327],[-75.11736299951181,42.88798899990766],[-75.11796799977091,42.88716100033089],[-75.11851599971084,42.886501000214466],[-75.11974399943342,42.8850249996903],[-75.11977599968114,42.88494300024248],[-75.11993699966622,42.88461999993161],[-75.12005000034546,42.884418000422095],[-75.12045099969781,42.883837000349295],[-75.1205729994193,42.883682999739136],[-75.12074500031,42.88345899961539],[-75.12113600046011,42.882993000438965],[-75.12195999962988,42.88203700010611],[-75.12229799995254,42.88163400017299],[-75.12460399947874,42.878989000420354],[-75.12787200011378,42.87537299995398],[-75.12815699990553,42.875070999712975],[-75.13731799963905,42.862793000449564],[-75.13756500017624,42.86246299990107],[-75.13759400010343,42.862435999566756],[-75.1377759997245,42.86224299961868],[-75.13925599941123,42.860499999612166],[-75.13981500045323,42.85982999964685],[-75.13986999990604,42.859759999936905],[-75.14260400059281,42.85963699999641],[-75.14270100013356,42.85963299965678],[-75.14580999993933,42.85949299977287],[-75.1459550003966,42.85948700029703],[-75.17722799962635,42.858081000210845],[-75.18428999958817,42.857784999819145],[-75.20063100018308,42.857100999782084],[-75.2038440000744,42.856966000271335],[-75.20942700041664,42.856622999973574],[-75.20964400032629,42.8566110004108],[-75.21064200042412,42.85654899974173],[-75.21066599992835,42.85695699978974],[-75.21128299999003,42.86732200031303],[-75.2112890005119,42.86740399956466],[-75.21186600016304,42.87507100017509],[-75.21194700053576,42.8764480001397],[-75.2121580001849,42.87997300018637],[-75.21340299991509,42.87989600021642],[-75.22280300009805,42.87927100007972],[-75.22923399985967,42.87883900000733],[-75.23103600025692,42.87871899998264],[-75.23266300011173,42.87860000004933],[-75.24187199964189,42.8779319999442],[-75.24274499958223,42.87786900020224],[-75.24266999959578,42.877762999578785],[-75.24248400047918,42.877626000139706],[-75.24241300019455,42.87753499996875],[-75.24237799956079,42.877437999875035],[-75.2423949997678,42.87734699976901],[-75.24243099960361,42.87728199999313],[-75.24250199993625,42.877242999959975],[-75.24258199946397,42.87724299978643],[-75.24266200045776,42.87720400039476],[-75.24273199944116,42.87715199961926],[-75.24285699974827,42.87704100023166],[-75.2431410001994,42.87693100043882],[-75.24342399984323,42.876865999645425],[-75.24349499943091,42.87678100003045],[-75.24352200012781,42.87663800000665],[-75.24358399942018,42.87647600002272],[-75.24361100007098,42.87631999994868],[-75.24369899940142,42.876228999829976],[-75.24381500012663,42.87613099964642],[-75.24383200045905,42.876073000056486],[-75.24380599977074,42.87598799965468],[-75.2438239995462,42.875935999955594],[-75.2439300004473,42.87584500003845],[-75.2440539998198,42.875626000220244],[-75.24421000003255,42.875432999594274],[-75.24430699994151,42.87533200014374],[-75.24442100010732,42.87524400036345],[-75.24444499963542,42.87519999975061],[-75.24445700008059,42.87514699965953],[-75.24442099950849,42.87508500041228],[-75.24434300002021,42.87504099959614],[-75.2442579994016,42.875036999815585],[-75.24416199973138,42.87506799994287],[-75.24410800032595,42.87507199996567],[-75.24405999947872,42.87504500000179],[-75.24405399958147,42.87498400020622],[-75.24411999963935,42.87491800027175],[-75.24415600056447,42.87486899960922],[-75.24414999939545,42.87479899994059],[-75.24418600023162,42.874750000168326],[-75.2442399994127,42.87470999969231],[-75.24433099962066,42.874653000210074],[-75.24441499978278,42.87463599995311],[-75.24444499965567,42.87460500005977],[-75.24447499944169,42.87454699962014],[-75.24452300030649,42.874507999696824],[-75.24460100061128,42.87448599977656],[-75.24472199966732,42.874467999903935],[-75.24481200007973,42.87444200015832],[-75.24488400049388,42.87440599975366],[-75.24496800000526,42.87434500018071],[-75.245143000377,42.8742389999523],[-75.24522700024714,42.87415099964667],[-75.24531099974354,42.8740540002994],[-75.24541400026162,42.87399199971964],[-75.24558199965513,42.873917000100484],[-75.24585299955915,42.87384599988127],[-75.24605700000136,42.873744999642405],[-75.24613000021881,42.873687999581996],[-75.24615399986335,42.87362599973846],[-75.24615999965975,42.87353799981168],[-75.24611799992462,42.873413999990035],[-75.24608700054266,42.873344999695014],[-75.24588799988258,42.87321700018419],[-75.24581000006692,42.8730970002534],[-75.2458219999969,42.87303099997222],[-75.24586400050138,42.87298700001839],[-75.24594900046355,42.87296500035287],[-75.24608700018905,42.87289900036486],[-75.246303999489,42.87275300023657],[-75.24644200017975,42.87274500015744],[-75.24652600058334,42.87276700023696],[-75.24662899988031,42.87281499991397],[-75.24674299953715,42.872876999721996],[-75.24683900004877,42.87289899982462],[-75.24691799979416,42.872898999679265],[-75.24716399952311,42.87284599959375],[-75.24728500022405,42.87281100043005],[-75.24730299999884,42.87277099969896],[-75.24725499960046,42.87265200036659],[-75.24715800013799,42.872536999781985],[-75.24717600054716,42.87244499984666],[-75.24722999980939,42.87238299983344],[-75.24732099966569,42.87234799966878],[-75.24745299968235,42.87239199974843],[-75.24753099979121,42.872395999687704],[-75.24760999985513,42.87236500016922],[-75.2477299994067,42.872286000169495],[-75.24790399958148,42.87226800020689],[-75.24815700033463,42.87228099967482],[-75.24822299974434,42.872263999611405],[-75.24826000029692,42.87221999970756],[-75.24827800035108,42.872153999657314],[-75.24825400048236,42.8719769996664],[-75.24830800042679,42.87182300023095],[-75.24828400011033,42.871764999698826],[-75.24821100032497,42.871730000439],[-75.2480799995647,42.87168399988904],[-75.24800600004929,42.87165000044988],[-75.24796300013786,42.87160400002348],[-75.24795099984321,42.87156099965161],[-75.2479469997392,42.871511999740974],[-75.24796600004109,42.87142700001146],[-75.2480320000951,42.87126300044479],[-75.24809799995658,42.871140000109854],[-75.24812200037995,42.871033999989194],[-75.2481279998588,42.87091000038174],[-75.24806000020955,42.870583999599894],[-75.24805599957611,42.87051499984023],[-75.24806900014062,42.87043300013182],[-75.24807400029307,42.87031900035119],[-75.24803799961525,42.870247999601894],[-75.24797800016313,42.87019100001392],[-75.24780900001498,42.87009399983239],[-75.24756199973272,42.86978900000289],[-75.2474360003414,42.86971399985625],[-75.24739400054602,42.869643000154355],[-75.24729100039235,42.86940500031971],[-75.24720099950143,42.86932999959715],[-75.24711099971786,42.869311999588774],[-75.24701399954232,42.869325000016715],[-75.24683400043394,42.86939200034682],[-75.24675599981394,42.86944499981696],[-75.24662900018107,42.86955900036584],[-75.24652800012397,42.86960900002826],[-75.24644399968254,42.86965699985818],[-75.24639000013617,42.869737000204516],[-75.2463240000787,42.86978499993005],[-75.24623299975988,42.869816000068596],[-75.24613099959265,42.869819999807575],[-75.24603400001268,42.86978100015769],[-75.24595599969219,42.8697319997619],[-75.24589600020782,42.86967499997747],[-75.24587800000235,42.86963100006426],[-75.24589599959197,42.86957800039601],[-75.24593799944357,42.86951099997859],[-75.24596199996529,42.86943199994122],[-75.24594400055321,42.86937000025998],[-75.24592600056909,42.86927299971302],[-75.24586600055567,42.869163000170296],[-75.24575700034165,42.869043999630996],[-75.24567299961734,42.868986000320234],[-75.24557699952612,42.86895999997181],[-75.24545599991717,42.86895500034826],[-75.24514299996734,42.86899899989807],[-75.24505300033258,42.86900799973543],[-75.24495700053889,42.869003999693554],[-75.24486000028614,42.86898600028397],[-75.24477599947836,42.86894199994026],[-75.24472799967872,42.868863000068934],[-75.24471600058551,42.868779000042416],[-75.24473999982702,42.86870400040396],[-75.24479999955496,42.86863299958762],[-75.24485400030704,42.86854899982209],[-75.24493900041445,42.86843900027663],[-75.24499200007887,42.86826200042852],[-75.24498699998644,42.86818299959203],[-75.2449390004114,42.868107999949046],[-75.24486600060085,42.868041999612814],[-75.24477599951891,42.86797499996856],[-75.24472100011037,42.86789999988694],[-75.24470400028736,42.867811999575835],[-75.2447220002779,42.86771900036282],[-75.24481800043125,42.86749900023234],[-75.24487800006519,42.867419000370795],[-75.24495699994824,42.867366000023736],[-75.24506499971267,42.86735300030517],[-75.24528199967011,42.86737100008576],[-75.24546299950455,42.86737100031454],[-75.24557100022137,42.86734900022607],[-75.24569200046011,42.86730000038533],[-75.24578200051646,42.86724300002535],[-75.24583600033563,42.86718099971252],[-75.24586000023234,42.86711899986025],[-75.24582999961773,42.867078999724306],[-75.24578199942633,42.86704400013786],[-75.24570399983878,42.86695999956691],[-75.24565600048237,42.866898000251176],[-75.24568000031525,42.866823000390355],[-75.24573400050731,42.86678399964304],[-75.245793999904,42.86672199997641],[-75.2458419999741,42.86662900010065],[-75.24585999997794,42.86651399985371],[-75.24587900009979,42.86646099981211],[-75.24593900052412,42.86640399980385],[-75.24606499982988,42.866360000270134],[-75.24617399951421,42.866368999992986],[-75.2462400003273,42.86640000017858],[-75.24643900003717,42.866430000016145],[-75.24657700010039,42.86642599992393],[-75.24664400059979,42.866394999867985],[-75.24671000014473,42.86633800003982],[-75.2467460000127,42.86624500042159],[-75.24675800046137,42.86619200000759],[-75.24675200040363,42.86614799955646],[-75.24670999995915,42.866108000290126],[-75.24661299972338,42.86607300035678],[-75.24656499986965,42.866038000191054],[-75.24652899947311,42.866001999795536],[-75.24646299986756,42.865953999574],[-75.24637799969311,42.86592700002874],[-75.24613799991285,42.865936000114154],[-75.2460530002009,42.86590999991432],[-75.24596300020974,42.86585699990802],[-75.24591500038231,42.865746000171086],[-75.24590300015976,42.86564500002726],[-75.24590300036334,42.865592000254765],[-75.24593299958069,42.865543000138814],[-75.24603099958767,42.865469999781936],[-75.24607600008943,42.86540500009951],[-75.24607100011382,42.86536700038795],[-75.24604099958295,42.86524699993742],[-75.24603499968562,42.8651810004004],[-75.24607100038656,42.865105999861434],[-75.2461139999535,42.86499099984472],[-75.24613800048989,42.864943000445564],[-75.24618100060916,42.864912000014954],[-75.24625900046892,42.86489800014056],[-75.24635499974394,42.86492500042809],[-75.2464700003428,42.864981999604424],[-75.2465359998479,42.865053000260744],[-75.24660199990058,42.865180999905554],[-75.24661999946936,42.86530500009807],[-75.24666200012022,42.86541900042961],[-75.24671699982926,42.86545500037228],[-75.24678899939278,42.86547700003413],[-75.24686699982392,42.86546299974547],[-75.24692700036636,42.86542800005044],[-75.24695800002942,42.865370999903114],[-75.2470059996654,42.86507899956245],[-75.2470350003338,42.86499199985345],[-75.24711399986921,42.86493800021113],[-75.24739100009606,42.86486300026076],[-75.24744500046086,42.86483699964196],[-75.24749399940566,42.86477500032477],[-75.24752400012198,42.864712999734344],[-75.24752400059926,42.86461199991383],[-75.24751800027259,42.86451899986328],[-75.24747599968663,42.864430999925304],[-75.24742099945253,42.864369000244274],[-75.2473429994904,42.864306999794756],[-75.24731900009897,42.86423599983219],[-75.24734300046053,42.86412999974734],[-75.24719199958201,42.86393599960644],[-75.24710800027393,42.863887999875296],[-75.24702399954197,42.86387399959238],[-75.24694599958086,42.86388300024804],[-75.24625400057151,42.86406200042597],[-75.24613199994073,42.86410399961561],[-75.24551799987849,42.86436900024082],[-75.24530100009163,42.8644389997701],[-75.2449999995072,42.86454999968218],[-75.2449030002178,42.86456300012917],[-75.24483699960695,42.86455400000567],[-75.24473500004768,42.864569000273185],[-75.2446329999888,42.86460900005917],[-75.24457300031014,42.86459999956913],[-75.24453100015057,42.864560999979794],[-75.24450100039964,42.86451199957999],[-75.24448800032326,42.8643579998153],[-75.24447000020005,42.864286999952256],[-75.24440400047955,42.864172000005816],[-75.2443320000746,42.864092999800405],[-75.24429000031394,42.86403099968381],[-75.24425999999725,42.86395100027594],[-75.24427799969918,42.863854000016126],[-75.24432599994152,42.86379300016008],[-75.24438600031023,42.86374000019312],[-75.24445200031002,42.8636470002524],[-75.24452499985082,42.86361200016651],[-75.24463300023483,42.86359800035907],[-75.24474099957226,42.86357600014361],[-75.24480199974309,42.86353700016045],[-75.24480800033939,42.86347900040342],[-75.24475400018831,42.86343499978659],[-75.24458500016408,42.86338200002256],[-75.24440399987748,42.863360000255476],[-75.24435599971436,42.86331600015005],[-75.24433199955756,42.86320099965174],[-75.24435600050886,42.86316100001837],[-75.2444520000374,42.86314800036582],[-75.24452500019838,42.86310400037841],[-75.24456100033252,42.86303800018545],[-75.24458499996275,42.86294499980826],[-75.2445850002239,42.86284800010998],[-75.24456099964414,42.862767999654494],[-75.2444760001821,42.862737999913485],[-75.24438599975522,42.86272900033954],[-75.2442599996365,42.86273799985083],[-75.2441870000577,42.86272400012841],[-75.24416899939988,42.86268899979087],[-75.24416999946773,42.86256099990737],[-75.24420600056594,42.862512000025866],[-75.24429100038657,42.86247699970174],[-75.24438099949909,42.86245100024919],[-75.24447700013597,42.862472999676626],[-75.24459800025285,42.86249499965154],[-75.24478399992674,42.86249500018332],[-75.24495900060838,42.8624859997327],[-75.24508000051557,42.86243300034597],[-75.24515799999692,42.86238900005506],[-75.24525399982839,42.86230900028344],[-75.24530300040678,42.862251999815456],[-75.2452780005305,42.86217300033112],[-75.24521800028545,42.86212400042516],[-75.24484500033608,42.86200900039726],[-75.24473499998348,42.86195199967503],[-75.24461000048952,42.86190800032824],[-75.24442899947357,42.86190799964841],[-75.2442060004026,42.86197399987599],[-75.24413399947812,42.86197400033221],[-75.24408600038109,42.86194300015474],[-75.24404400004404,42.86187699976982],[-75.24392200028939,42.8617310001199],[-75.24389299989174,42.8616209999879],[-75.24390300029197,42.86145599973244],[-75.24397100050187,42.86137400025215],[-75.24406199988711,42.86129900015828],[-75.24422400010785,42.861219000110964],[-75.24439899999773,42.861165999703424],[-75.24457399953538,42.86114399978662],[-75.24466999952956,42.861122000046336],[-75.24475400059384,42.861081999959296],[-75.24479700012711,42.86103399981702],[-75.24479100048266,42.860922999760746],[-75.24473600019654,42.8608310002809],[-75.24462200013187,42.86076400039233],[-75.24448900005012,42.86072499973075],[-75.24439900023974,42.86069400020304],[-75.24435099986442,42.860628000115966],[-75.24432099989524,42.86055699967599],[-75.24434500028858,42.86047799985455],[-75.24445899984295,42.860415999934666],[-75.24451999946082,42.8603319996734],[-75.24453199945575,42.86027000043729],[-75.24450199962072,42.86022199958923],[-75.24445899967841,42.86018199978706],[-75.24437499997984,42.86012400032771],[-75.24433300053968,42.86008499973201],[-75.24432099988317,42.8600320003015],[-75.24435100044579,42.859938999726815],[-75.24459800058648,42.85966099994855],[-75.24462299987074,42.85959800035169],[-75.24464000057232,42.85950699963005],[-75.24463400042428,42.85943699979605],[-75.24460399945548,42.85930799984061],[-75.24460399979185,42.859237999790814],[-75.24462800020876,42.8591800002674],[-75.24466400049053,42.8591319998045],[-75.24482100012044,42.859060999567774],[-75.24489300007862,42.85903899961852],[-75.24492299960501,42.85898200029699],[-75.2449109997039,42.85888900024282],[-75.2448569995536,42.85878700005578],[-75.24485100030431,42.85873400044184],[-75.24488699991609,42.858672000255645],[-75.24489900041766,42.85858800009513],[-75.24488699959029,42.85846499975155],[-75.24485099958609,42.85835399987175],[-75.24481500005052,42.85827500033998],[-75.24473699947309,42.858177999816625],[-75.24461600035924,42.858098000377716],[-75.24443499998708,42.85800999982733],[-75.2444010000429,42.85796700001614],[-75.2443629996011,42.85786400005652],[-75.24428500039812,42.85776299995719],[-75.24424300016196,42.857682999942334],[-75.24424299974503,42.85759500006205],[-75.24427900053358,42.85753300005213],[-75.24441700014033,42.85733399979239],[-75.24453200025764,42.85725500010972],[-75.24462800035504,42.85714400001371],[-75.24467599984804,42.85711799998071],[-75.24475500005309,42.857125999850254],[-75.24487499976748,42.85717499961423],[-75.24502000012875,42.85715700028099],[-75.2450980003779,42.85712600005647],[-75.24533900034056,42.85707799980971],[-75.24545899982829,42.85709100023589],[-75.24553199975858,42.85706900043599],[-75.2455620002972,42.85702500009086],[-75.2455560002931,42.856953999784814],[-75.24541799954025,42.85661900003893],[-75.24535099978036,42.85657100033695],[-75.24522499970503,42.856540000225195],[-75.24508000028611,42.85645200010374],[-75.2450199994802,42.856372000161215],[-75.2449899996615,42.85626199964085],[-75.24500199942452,42.85614699955176],[-75.24502599960607,42.85608499975521],[-75.24506200014454,42.8560540002692],[-75.24513500012738,42.85603599997759],[-75.24522499939299,42.85603599997128],[-75.24530299986075,42.85604100013553],[-75.24533300053818,42.856066999930796],[-75.24535699972778,42.856182000365216],[-75.2453880005906,42.85620399964385],[-75.245478000254,42.85621300024642],[-75.24564099968309,42.856182000189314],[-75.24578500046269,42.85619500011236],[-75.2459000003266,42.85618199986986],[-75.24600199967702,42.85615600036109],[-75.24606300001004,42.85612000022778],[-75.24608700040035,42.85604999988965],[-75.24609299944905,42.85594399988084],[-75.24608100040233,42.85582899992143],[-75.24612299967303,42.855492999796546],[-75.24617699998537,42.85543100009866],[-75.24621899966041,42.85539199963476],[-75.24630399956843,42.855369000056974],[-75.24639400059638,42.85537799993829],[-75.24644200057563,42.85544899988108],[-75.24646000028606,42.8555640004016],[-75.24649699944648,42.855612000116196],[-75.24657499948265,42.85561700031588],[-75.24667100032569,42.85560399968762],[-75.24678000026591,42.85556400005206],[-75.24683999969382,42.85549299981051],[-75.24687000029051,42.855431000192894],[-75.24689400039624,42.85535599992863],[-75.24686999974469,42.85526800043313],[-75.24673199953659,42.855096000141735],[-75.24662299961963,42.854755000238264],[-75.24650900051446,42.85460500017495],[-75.24642999997644,42.854574000139074],[-75.24635800031639,42.85457000002661],[-75.24614100036017,42.85453000044616],[-75.24591800015388,42.854454999779826],[-75.24582800007336,42.85440700020638],[-75.2455459998777,42.85424299987499],[-75.24535300032517,42.854096999799516],[-75.2452690004883,42.85399099990236],[-75.2452199996953,42.85395999959913],[-75.24515399950536,42.85394300021553],[-75.24502700006742,42.85393400019288],[-75.24494299994747,42.853915999992694],[-75.24487699962683,42.853862999901516],[-75.24487699949637,42.85376600005005],[-75.24486499947372,42.85365099992052],[-75.24487099970455,42.853503000036525],[-75.24490099949874,42.85335999989991],[-75.24496699985839,42.853235999596876],[-75.24505799960961,42.853148000335075],[-75.24524400060179,42.852988999560154],[-75.24546699966244,42.8528520002035],[-75.2455399995892,42.852842999558575],[-75.24562999939901,42.852865000123465],[-75.2456779995575,42.85289599970284],[-75.24587699978272,42.853054999959014],[-75.24598599943634,42.85308100012626],[-75.24605800061171,42.85305900032192],[-75.24614800029957,42.85298900036626],[-75.24623900015378,42.85289999967186],[-75.24625700053639,42.85282999955509],[-75.24626299951896,42.85274600036746],[-75.24625099988333,42.85269300016852],[-75.24618500049581,42.85261799992804],[-75.24610600020813,42.85258699965633],[-75.24603999985594,42.85251600039526],[-75.24592500018369,42.85237000020073],[-75.24585300014864,42.85233099970236],[-75.245775000495,42.85231299982984],[-75.24561200045227,42.85235300001063],[-75.24553399992959,42.85235299980439],[-75.24543699988958,42.85233499992103],[-75.24533499998218,42.85230799994796],[-75.24528699939039,42.85226899989817],[-75.24525699984312,42.85217599960647],[-75.24520800041203,42.85214900034753],[-75.24513599987047,42.85212300037494],[-75.24505800051,42.8520870001832],[-75.24502700036915,42.85202500007528],[-75.2450819998721,42.8519150003731],[-75.24514200027151,42.85183999991156],[-75.24509399979657,42.85175200003896],[-75.24502100046419,42.85166300002131],[-75.24493100010608,42.85159699988732],[-75.24488899942794,42.85153400026365],[-75.24486499960449,42.851407000050514],[-75.24488900034706,42.85121700042523],[-75.24487100011562,42.851085000228345],[-75.24484100055007,42.85094799981621],[-75.24469600011007,42.85071799963273],[-75.24466599967333,42.85063800014304],[-75.24466000021286,42.8505940003607],[-75.24467800043574,42.85054599956094],[-75.2447559999737,42.85050200035798],[-75.24483500032646,42.85046600018878],[-75.24491299967283,42.85044399997616],[-75.24500900036223,42.85044899966674],[-75.24508799963365,42.85047500005589],[-75.24529299944881,42.85056800027048],[-75.24538300054756,42.8505850003824],[-75.24545499939917,42.85057699972392],[-75.24556399964061,42.85053199965812],[-75.24565400013296,42.85048800022019],[-75.245744999573,42.85046200020277],[-75.24584699988587,42.85047099998511],[-75.24593800016969,42.85050199988826],[-75.24602799989599,42.8505099995792],[-75.24632299949488,42.85048800020305],[-75.24646200045794,42.85045900022892],[-75.24655300043415,42.850423999650964],[-75.24660699990571,42.85037099961612],[-75.24661300004267,42.85030900037001],[-75.24657099944825,42.85022099987738],[-75.24649199963682,42.85014599985936],[-75.24642599995208,42.85006199980636],[-75.24635399956261,42.84992900026411],[-75.24630600033268,42.84985400004894],[-75.2462270005981,42.849796999679334],[-75.2461430001739,42.849744000262774],[-75.24610099982343,42.849681999752725],[-75.24610099992084,42.849628999832476],[-75.2461250003925,42.84957999981801],[-75.24622099981329,42.849535999639905],[-75.24630600058777,42.849510000365356],[-75.24636600004416,42.84949699997525],[-75.24644399998434,42.84951899961857],[-75.24652300045248,42.84961099992315],[-75.24666099983943,42.849646999570524],[-75.24688399982875,42.84965999992184],[-75.24704099991379,42.849752999647365],[-75.24724599948826,42.849859000061244],[-75.2473300005227,42.84987199973057],[-75.2474450005766,42.84985899972686],[-75.24762499954348,42.849805999701616],[-75.24766800022753,42.84976599961558],[-75.24769800024002,42.849716999803526],[-75.24769799958013,42.849646999639646],[-75.24766200037196,42.84957200014481],[-75.247504999937,42.84942600044677],[-75.24739599990926,42.849373000150166],[-75.24726400053169,42.849341999891664],[-75.2470530005376,42.849328999602776],[-75.24695000043755,42.84931100042818],[-75.24685400027495,42.849270999575474],[-75.24679399992758,42.84920099996935],[-75.24662500046075,42.848953000013815],[-75.24652900017394,42.84887799969894],[-75.2464800000786,42.84882999965589],[-75.24647400043308,42.848785000364614],[-75.24649800029474,42.84872799993725],[-75.24654100004166,42.84869300002435],[-75.24661300051646,42.848666000102085],[-75.24685400004898,42.84867500030437],[-75.24718499968895,42.84869700033992],[-75.24761300023815,42.84867500040515],[-75.24771599949248,42.84864400012383],[-75.24777600023509,42.84858200012632],[-75.24780600042948,42.84849800018593],[-75.24781800045281,42.84842300039393],[-75.24779999966492,42.84836599963313],[-75.24776399974658,42.848317000325444],[-75.24766800060421,42.848277000145714],[-75.24742800040492,42.84821199988997],[-75.2472410000141,42.84813199979957],[-75.24696300019234,42.84808300022564],[-75.24683099991329,42.848079000125146],[-75.24662599941735,42.84813199963966],[-75.2464870003246,42.848197999993296],[-75.24639699953592,42.848215999931746],[-75.24633100021605,42.8482069997343],[-75.24625799996791,42.848171999976195],[-75.24621600057854,42.84811000038942],[-75.24615600061176,42.84798600000645],[-75.24601700058747,42.84776500010432],[-75.24592699957239,42.847676999799035],[-75.24583000042706,42.84765000030779],[-75.24577600017237,42.84761099980304],[-75.24574600023381,42.84754900039535],[-75.2457399993959,42.847460000138874],[-75.2457639996126,42.84741199977334],[-75.24584799939208,42.84735399985372],[-75.2462279994188,42.84717300025698],[-75.24636099993666,42.847123999859186],[-75.24642099980764,42.847120000257746],[-75.24649900015555,42.84712899978489],[-75.24660800003373,42.84713300028024],[-75.2467530002139,42.847092999619626],[-75.24695700022353,42.84701800021536],[-75.24700600021318,42.84698299978372],[-75.24701199966344,42.84692499974695],[-75.247006000106,42.84687699989384],[-75.24703000000423,42.84682400040264],[-75.24712599952294,42.846756999843095],[-75.24760800056586,42.84657599968899],[-75.2476749999451,42.84654499983286],[-75.24771699976856,42.84647499972539],[-75.24771099962871,42.84635499961819],[-75.24769299959758,42.84624899993386],[-75.24765699987056,42.846170000227],[-75.24764500057994,42.846095000098124],[-75.2476690004504,42.845930999900624],[-75.2476510005372,42.84587399998988],[-75.24759600025375,42.84579900009487],[-75.24754800031853,42.8457849997355],[-75.24743399944184,42.84577600037606],[-75.247354999922,42.845745000023896],[-75.24729500039784,42.84568399965845],[-75.24724100020948,42.84560400037373],[-75.24713199990674,42.845457999963685],[-75.24711999975206,42.84536999968005],[-75.24715600042585,42.8452420003852],[-75.24723499959772,42.84519300024106],[-75.24733699958772,42.84516599990683],[-75.24743999976899,42.84517099955674],[-75.24760200015828,42.845170999661654],[-75.24772899949978,42.84516599986616],[-75.24777699953337,42.845144000449324],[-75.24781899967938,42.84508199972051],[-75.24781299994093,42.84501600004342],[-75.24775299960314,42.84496300024612],[-75.2476449994852,42.84493199979875],[-75.24754800009586,42.84489699961379],[-75.24743400025689,42.844844000211985],[-75.24713199966385,42.844831000350766],[-75.24700499955082,42.84480800011619],[-75.24693299994652,42.844760000315375],[-75.24684300012278,42.844658000094434],[-75.24674599939964,42.844592000184925],[-75.24661399951265,42.84452100017559],[-75.24649900039165,42.84448100028415],[-75.24633599995929,42.84444999992157],[-75.24616100002216,42.844442000422696],[-75.24584800056034,42.84441899968744],[-75.24566699993518,42.84437099983536],[-75.24537800011221,42.84426500002542],[-75.24515400005761,42.844229000149966],[-75.24501599941502,42.844233999919005],[-75.24492500023308,42.84426000028221],[-75.2448470001426,42.84429099955208],[-75.24476299973519,42.84434399990989],[-75.24467200053205,42.84436199973644],[-75.2446059995793,42.844349000174006],[-75.2444790004412,42.8442999996453],[-75.24440099969671,42.84422100030506],[-75.24439199968865,42.844083999810685],[-75.2443719995879,42.843894000302456],[-75.24434200056479,42.843828000315455],[-75.24429399960522,42.843779000270196],[-75.2442329997162,42.84375699979907],[-75.24414300028165,42.8437170000406],[-75.24410699960434,42.84359800020255],[-75.24414900040122,42.843500999779195],[-75.24416100017653,42.84341199971519],[-75.24416700001531,42.84330999973881],[-75.24425700058875,42.843150999656],[-75.24425700040106,42.84305900028343],[-75.24422699942257,42.842969999741484],[-75.24419699973772,42.84291299963622],[-75.2441070002165,42.842890999701744],[-75.24394999992359,42.84289100020658],[-75.24381700045926,42.84292599994666],[-75.24370300033785,42.842991999575744],[-75.24352199958392,42.84310700003679],[-75.24332300009931,42.84322599990501],[-75.243026999752,42.8433459996188],[-75.24282199963754,42.84338999963705],[-75.24258700012263,42.84342999964413],[-75.24240600043923,42.84343000024707],[-75.24228000010586,42.84340800034437],[-75.24216499946253,42.84334599967032],[-75.24203100047902,42.843180000439446],[-75.2419660003322,42.84295700009242],[-75.24198099984491,42.84288800015501],[-75.2420429994477,42.842843000042414],[-75.24216700054562,42.84280399961217],[-75.24235300041481,42.842765000216694],[-75.24259099987806,42.842666000394985],[-75.24272900050991,42.84258399984731],[-75.24286999991946,42.842481000439555],[-75.2429440003941,42.842399000283386],[-75.2430150002226,42.842293000029045],[-75.24308000015928,42.842153999813874],[-75.24311999961586,42.84201800009012],[-75.24310199956577,42.84188999956937],[-75.24304099944304,42.841645999856006],[-75.24298699952233,42.841496000038745],[-75.24288500053375,42.8413460002587],[-75.24277599990907,42.84119599992024],[-75.24266200017665,42.840957000432226],[-75.24258899944775,42.8407490003851],[-75.24257699991331,42.840576999575035],[-75.24259500000387,42.84035600020425],[-75.2426370002807,42.840169999638306],[-75.24284200055207,42.83975000008847],[-75.24296299955031,42.839458999774614],[-75.24303500046302,42.83922400036401],[-75.24307799949737,42.83900300003303],[-75.24309599964295,42.838741999708105],[-75.24310199969989,42.83855200042876],[-75.24306600040984,42.83843799991561],[-75.24296900058911,42.838304999702316],[-75.24275800050854,42.8381939998548],[-75.24254699965202,42.838097000219896],[-75.24233000049807,42.83798200040751],[-75.24220299958819,42.83795599963899],[-75.24211299964519,42.83795599996367],[-75.24186600040716,42.83801799962607],[-75.24168499996411,42.838053000140995],[-75.24154599969533,42.838052999874606],[-75.24147400040309,42.83804000033686],[-75.24134699942996,42.83799599964565],[-75.2412870000806,42.837947000162764],[-75.24112999955238,42.837832000400475],[-75.24087099985849,42.837694999758156],[-75.24073800021199,42.83761499954956],[-75.24069599979543,42.83754000041243],[-75.24069600047336,42.83742100023134],[-75.24075600011341,42.837279000341695],[-75.24081099972815,42.83721799957186],[-75.24088299971692,42.837181999662924],[-75.24100400036635,42.83716899978739],[-75.2411539998149,42.83720000004885],[-75.24139499999242,42.83726200010382],[-75.24149800012046,42.837239999892894],[-75.24154599991472,42.83721800035796],[-75.24160600029481,42.837164999808465],[-75.24165500049418,42.83707600017584],[-75.24167899941503,42.83698799975459],[-75.24165500034937,42.836890999836356],[-75.24156400054032,42.83680700000831],[-75.24142600048809,42.83671400021664],[-75.24131700013002,42.83661200044062],[-75.24110699953931,42.83631299987225],[-75.24107700026747,42.83620699990792],[-75.24095099988226,42.83611400038391],[-75.24081799984415,42.83605699989275],[-75.24063100015256,42.836038999614196],[-75.24043199995074,42.836029999854944],[-75.2403179996824,42.83597300030968],[-75.24029299976269,42.83592399976942],[-75.24029999988682,42.83584500011037],[-75.24032400027244,42.83580500023419],[-75.2405229999499,42.835756000365556],[-75.24060699972715,42.83570300034122],[-75.24069700060402,42.83562400001831],[-75.24076400056308,42.83553099965249],[-75.24078800032783,42.835437999625015],[-75.24074599994934,42.8353100004226],[-75.2406850003244,42.83526100000165],[-75.24057700016976,42.83520799997493],[-75.2401370002113,42.83509299958364],[-75.24000399967701,42.835031000170304],[-75.23994400034145,42.83495599972444],[-75.23994399991494,42.83482400027536],[-75.23999200019145,42.83473099963651],[-75.24018100022174,42.83455599960466],[-75.24022300021944,42.834502999689],[-75.24024100010067,42.83444099974197],[-75.24021699994042,42.83438299983296],[-75.24015099941829,42.83433900037314],[-75.24004200050092,42.834317000129786],[-75.23985500043959,42.83434400009301],[-75.23969800053017,42.834348000337165],[-75.23959000046364,42.83432099960545],[-75.23954099943818,42.83428200001171],[-75.23954700030255,42.83423300017529],[-75.23957200022112,42.83419300015549],[-75.23961400023403,42.83414500022804],[-75.23986100004498,42.83404700020844],[-75.23994000019462,42.833990000149775],[-75.2400900000777,42.83377700015192],[-75.24018099992875,42.83369300014645],[-75.2402589998491,42.83366700016852],[-75.24036200014078,42.83366700012985],[-75.24049499962409,42.83368900009515],[-75.24069399966949,42.83373299993341],[-75.24080800006746,42.833716000390474],[-75.24095300010244,42.83366699984283],[-75.24126700045852,42.833477000330475],[-75.2413269999203,42.833423999895636],[-75.24141100007861,42.833378999611135],[-75.24175499995584,42.8332780001901],[-75.24189399939698,42.83322500013481],[-75.2419660000036,42.83317200012517],[-75.24208099987395,42.83303900021514],[-75.24257000010716,42.83251300035921],[-75.24264800000171,42.83241099990808],[-75.2426899996875,42.83233599990221],[-75.24271399946952,42.832259999718794],[-75.24268999942579,42.832162999939236],[-75.24262399952394,42.832052999878535],[-75.24250899946578,42.83196799975509],[-75.24240100038026,42.831907000161216],[-75.24223199963046,42.83189800034373],[-75.24203899957867,42.83193799958773],[-75.24133300007685,42.8321279996306],[-75.24116999975055,42.83215000002313],[-75.24103099940093,42.83214500025756],[-75.24090499962296,42.83211900041369],[-75.24084399941383,42.83205299975117],[-75.24080199963986,42.83192899976731],[-75.24080200022546,42.831844999663026],[-75.24084399985684,42.831761000379394],[-75.24090499940579,42.831698999900766],[-75.24103699988657,42.83164600028784],[-75.24118200005147,42.8316150002288],[-75.24139300050744,42.83161499956724],[-75.24160399970175,42.83159300024973],[-75.24185799975682,42.83153900016615],[-75.24211100011085,42.83145500030732],[-75.24258199998623,42.831251999925435],[-75.24287700025496,42.831171999615336],[-75.2431849999122,42.83113700039384],[-75.24337799967819,42.83112800013523],[-75.2438300005272,42.831193999612616],[-75.24401099983106,42.8312120002696],[-75.24419199960248,42.83118999977158],[-75.24437300054934,42.83114100004236],[-75.24451200046927,42.83105700037245],[-75.24461399968331,42.83094200031421],[-75.24467499975967,42.83084500032188],[-75.24469300052174,42.83071700031464],[-75.24467500037589,42.8306060000913],[-75.24455399983582,42.830375999837614],[-75.24453600031093,42.83027500002803],[-75.24457199974749,42.83018599979072],[-75.24465700036487,42.83012400006375],[-75.24521199943118,42.829946999583335],[-75.24539899969488,42.829881000379594],[-75.24559800014383,42.829766000420115],[-75.24575499956389,42.82964600043867],[-75.24589299944367,42.8294740000046],[-75.24659299941585,42.82834599958009],[-75.24731100032221,42.82749300009257],[-75.24764299999764,42.82715600002106],[-75.24795599953768,42.82688200016989],[-75.249000000553,42.826103999645944],[-75.24926500049655,42.825886999997934],[-75.2495190002351,42.825652999968725],[-75.2497480002596,42.82540900031277],[-75.25000099987042,42.8250510002703],[-75.25022400031881,42.82465300035631],[-75.25030300033195,42.824378999881375],[-75.2503090000951,42.8241579996993],[-75.25027900004466,42.82396900040609],[-75.25022499984578,42.82383699985539],[-75.25011600012819,42.823679999866066],[-75.24990500035956,42.823407999707364],[-75.24976599986844,42.82331500021922],[-75.24965200039419,42.82328400021131],[-75.24940400045186,42.823266000397886],[-75.24918100054306,42.82323500043753],[-75.24907799990287,42.82317300017449],[-75.24904200028345,42.823084999718965],[-75.24907799998883,42.822991999574896],[-75.24909100001327,42.82291200006564],[-75.249071999893,42.82283699969985],[-75.2490179998528,42.822801999829295],[-75.24891599975493,42.822762000045245],[-75.24864999978493,42.822752999861486],[-75.24851099958096,42.822775000036934],[-75.24830000004972,42.82288999969046],[-75.24819799985559,42.82293400039977],[-75.24806499986981,42.82297900023418],[-75.24795699966877,42.82299200015479],[-75.24786599972629,42.8229650000735],[-75.24779999984916,42.822921000428195],[-75.24775100009936,42.82285499988158],[-75.24773899998999,42.82277100039659],[-75.24773899965757,42.82266000028045],[-75.24778199980355,42.82256299961627],[-75.24787200000752,42.82239899995357],[-75.24808500037051,42.82214699993085],[-75.24839100025714,42.8219699998077],[-75.24842200017929,42.82188700034879],[-75.24845700050129,42.82169100007832],[-75.24844699947485,42.821573000156846],[-75.24841600055912,42.8214749998772],[-75.24835600010816,42.82132499976931],[-75.24826599994861,42.821196000348415],[-75.24812100026698,42.82109899994064],[-75.24759600040878,42.82089100019664],[-75.24749300036144,42.82082900028024],[-75.24742099979454,42.82077599989667],[-75.24731900035376,42.82067000013767],[-75.24722199939016,42.82052400025935],[-75.24715600051444,42.82036400027885],[-75.24715599959242,42.82023599978322],[-75.24730599994147,42.819913000071395],[-75.24744100008405,42.819655999589145],[-75.24757899968306,42.81947499956855],[-75.24761600022305,42.81938599964755],[-75.24760299941337,42.81928000034239],[-75.24756700007241,42.819183000295155],[-75.24748900031024,42.81911200036805],[-75.24703000009936,42.81896099976071],[-75.24663199942609,42.81879299978439],[-75.24625200012221,42.81867400025438],[-75.24617300003011,42.81863800004706],[-75.24607699970457,42.81855899965326],[-75.24600400011974,42.8184609997648],[-75.24596200009569,42.818376999635376],[-75.24588999941884,42.81820899967587],[-75.24583499985343,42.817947999817015],[-75.24583499969125,42.81778799957631],[-75.24588399959502,42.817620000014976],[-75.24591999967876,42.8175269998729],[-75.24598599971009,42.81742500014613],[-75.2460040000111,42.817358999824876],[-75.24598499953407,42.817285000270225],[-75.24594400042014,42.81719500038819],[-75.24589599961932,42.81714700037523],[-75.2457990003994,42.81711099982617],[-75.24570900011331,42.81711100026559],[-75.24561199962461,42.81713800024931],[-75.24552700043233,42.81719099994611],[-75.24546699976536,42.817270999934884],[-75.24528600015462,42.81772399960752],[-75.24522400050638,42.81782800035816],[-75.2451259996272,42.81791300026599],[-75.2449669998122,42.8179779999914],[-75.24467799950959,42.81807800026072],[-75.2445150001158,42.81812099967585],[-75.2443819997474,42.81812700020916],[-75.24423100006958,42.818091000104374],[-75.24386300021035,42.817883000265475],[-75.24372999944067,42.817786000200634],[-75.2436519995133,42.817718999627964],[-75.24327799980966,42.817289999904744],[-75.24318100051828,42.81721899955791],[-75.24306600048573,42.81718400029623],[-75.24287899952868,42.81720100029271],[-75.24274599939938,42.817240999611656],[-75.2426380002253,42.81730799974413],[-75.24251699994491,42.81740000010861],[-75.24240899992418,42.81756399959394],[-75.2423420002085,42.81770600033725],[-75.24226400000366,42.8177459997504],[-75.24216700024039,42.817749999793406],[-75.24210700015621,42.81773199975413],[-75.24205899982967,42.81767499996735],[-75.24204000005665,42.81760000016272],[-75.24209499953893,42.81736500036562],[-75.24228800034051,42.81710400008173],[-75.24232399940273,42.81701100016159],[-75.24236000055629,42.8168649999992],[-75.24241500056579,42.81669699999905],[-75.24252900009421,42.816444999868814],[-75.24264399967392,42.816271000248086],[-75.24276499987191,42.816142999846726],[-75.24316299983614,42.81587700022044],[-75.24330199967572,42.8157660000899],[-75.24343499977908,42.81564300027342],[-75.24351899958593,42.81551899955622],[-75.24358499950324,42.81539500014356],[-75.24368200016862,42.81527099956211],[-75.24383300036955,42.81512900014736],[-75.24407399978612,42.8149740003881],[-75.24464800038152,42.814686999763765],[-75.24488299977587,42.81458899983736],[-75.24514800013414,42.81450999958706],[-75.24531100016593,42.81448700018851],[-75.24541999939127,42.81450999960322],[-75.24556499967557,42.81455399970129],[-75.24639200061269,42.81483900034328],[-75.24663400036918,42.81490500028839],[-75.24682099988419,42.814949000180405],[-75.24703800009239,42.81495799959176],[-75.24722500049107,42.814941000004985],[-75.24740600027242,42.81488700008041],[-75.24756300032803,42.814816999674235],[-75.24778600011454,42.814671000365735],[-75.24797900002042,42.814479999982524],[-75.24809999995476,42.81431699991409],[-75.24820299939422,42.814125999587944],[-75.24846799975947,42.81336900014163],[-75.24860700006317,42.81289999998804],[-75.24867900039752,42.81269700017571],[-75.24913299951487,42.81171800019857],[-75.24916300051709,42.811533000410755],[-75.24917599962002,42.81135100037726],[-75.24914500053724,42.81115200025585],[-75.24907900030506,42.810965999881745],[-75.24895799972522,42.81069199958072],[-75.24885000061045,42.81049700032741],[-75.24848799951809,42.81003699987219],[-75.24844599944007,42.80995299962877],[-75.24842799989771,42.80983800029989],[-75.24844599946182,42.809739999777584],[-75.2485250005463,42.809626000287665],[-75.24859399951282,42.80950299996023],[-75.24862199986434,42.8094630002888],[-75.24970899957458,42.809306999613696],[-75.24966099953278,42.80896399999501],[-75.24961800018285,42.80886500027254],[-75.24958800004471,42.80876300042264],[-75.24955500051765,42.80868399965126],[-75.24951199998243,42.808625999608694],[-75.24945400060105,42.80852499998589],[-75.24941399997016,42.808448000109316],[-75.24936600052806,42.80837800041325],[-75.2492599995084,42.80824099991127],[-75.2491670002436,42.80809000006047],[-75.24911600029634,42.808021000078014],[-75.24901000008526,42.807907999591556],[-75.24895899988998,42.80786600039036],[-75.24886300009928,42.807810999733896],[-75.24879300031662,42.80775600014509],[-75.24873400060343,42.807692999647564],[-75.24867200021022,42.80763900021645],[-75.24859100003806,42.807575000090964],[-75.2485590002506,42.80753200038608],[-75.24858600055185,42.807525000423155],[-75.24867600014072,42.807476999911906],[-75.24873599945228,42.8074149998833],[-75.24880299993687,42.80730399980206],[-75.24880299978615,42.807205999564516],[-75.24877900019827,42.807130999898575],[-75.2487120003082,42.80705100018045],[-75.24848299976793,42.80686500022504],[-75.24842899958216,42.80679400003078],[-75.24842900022828,42.80671500025323],[-75.2484770004922,42.80662200011522],[-75.2485790002858,42.806555000178555],[-75.24870600042239,42.80653299981914],[-75.24946299951169,42.806625000253995],[-75.2495880005481,42.80662600033433],[-75.24970300001779,42.8066039998102],[-75.24975700042707,42.80655099969737],[-75.24980500026298,42.80648000006884],[-75.24982299990083,42.806391000160446],[-75.24980499940222,42.80631200002463],[-75.24974499995747,42.80625000001005],[-75.24964900047655,42.80622199995571],[-75.24953299964959,42.806201000071006],[-75.24915899978994,42.80618800017305],[-75.24905000020362,42.80616099958296],[-75.24894200025506,42.806116999942496],[-75.24879100056788,42.806023999844385],[-75.24873599987043,42.80594800036419],[-75.2487120000909,42.80587799956015],[-75.24869999967933,42.80577599995151],[-75.2487299995486,42.80566099989177],[-75.24886300028352,42.80538999986629],[-75.24925000007643,42.8048769999338],[-75.24933999956716,42.804738999891335],[-75.24940099940488,42.8046200003777],[-75.24944900021612,42.80437600007486],[-75.24946099959124,42.80428299955753],[-75.24950899993875,42.804171999869205],[-75.24977499952033,42.80386200006782],[-75.24998599938739,42.80367599971312],[-75.25019699976784,42.80353900001405],[-75.25037300003362,42.803458999550486],[-75.25048700013708,42.80339300005764],[-75.2505540003729,42.8033350001261],[-75.25060199975589,42.803241999946984],[-75.25063199943273,42.803136000232186],[-75.25060200030445,42.80296700040479],[-75.25059599955713,42.802848000036526],[-75.25060800060166,42.80275500027175],[-75.25070500055101,42.80259099961874],[-75.25108500024689,42.80202799980353],[-75.25115200028002,42.80188700037125],[-75.25119400023195,42.80173200011524],[-75.2511820003323,42.80151000017363],[-75.25112700043258,42.80134199993783],[-75.25105500051215,42.80120900039873],[-75.25096399989683,42.80112100010188],[-75.25066899996347,42.800899000373235],[-75.25046900043888,42.80077899979718],[-75.25021600001733,42.80068200010922],[-75.24980500032386,42.800539999750384],[-75.2497150003222,42.800438000075744],[-75.24969700027216,42.80034099984721],[-75.24973300029434,42.8002470004329],[-75.24978700006666,42.80019400025045],[-75.24991400000299,42.80013699994778],[-75.25010699970395,42.80010599985045],[-75.25023999957816,42.80011900036092],[-75.25040299966545,42.80018500033717],[-75.25059599974747,42.800291999955164],[-75.25078900008909,42.80034500017068],[-75.25107299979574,42.80036700031364],[-75.25124200058845,42.80034100028726],[-75.25141699999944,42.80028699986204],[-75.25158000033088,42.800199000430815],[-75.2517370001823,42.80007499956401],[-75.25182800057051,42.79992000026423],[-75.25189399967016,42.7997339998632],[-75.25189999986029,42.7994769995589],[-75.25187100024152,42.79922800008137],[-75.25185800035635,42.799056000300475],[-75.25188300005081,42.79892699967667],[-75.2519249996844,42.79880300016906],[-75.25198499997485,42.79870099995446],[-75.2520820002799,42.79860400001231],[-75.25212999942676,42.79853800001497],[-75.25213599955055,42.79847100012193],[-75.25213000059425,42.79831599974162],[-75.25208199987001,42.798174000167215],[-75.25199700044664,42.79806399984179],[-75.25187100053574,42.79799700038174],[-75.25176200007934,42.79796200013046],[-75.25129100045027,42.79796600013998],[-75.25108600035541,42.797944000239994],[-75.25069299946274,42.79783299974971],[-75.25055400029804,42.79776699987762],[-75.25045800013109,42.79769200035652],[-75.2503969995424,42.7976300000752],[-75.25031900028851,42.79750099979486],[-75.25026700037675,42.797374999975546],[-75.25027700060211,42.797205000220124],[-75.25032599966899,42.797084999671775],[-75.2503920004936,42.797013999955375],[-75.25057299995582,42.796841999762506],[-75.25067000057665,42.796770999587984],[-75.25077799993313,42.79673499996571],[-75.25093500035479,42.7967039998417],[-75.25170200028727,42.79665500036001],[-75.2518409996214,42.79663299983674],[-75.25200999971854,42.796585000262176],[-75.25220899964036,42.796499999601686],[-75.25245299982133,42.79638199995143],[-75.25286699991887,42.79610600020466],[-75.2529820005483,42.7960169997356],[-75.25318099971598,42.79580899974387],[-75.25324199982404,42.79570300000931],[-75.25325400040856,42.79557399984118],[-75.25322400039056,42.79544999959721],[-75.25313899984708,42.79532999956452],[-75.25304300037526,42.79523700036817],[-75.2529519999263,42.79517999996907],[-75.25218499968834,42.79486100005573],[-75.25205200032826,42.794834000179236],[-75.25191300041155,42.79482499984926],[-75.25178699979118,42.79483399959582],[-75.2516719996258,42.79482100003252],[-75.25157500043476,42.79477599971657],[-75.2514969994416,42.79471000021084],[-75.25144200052779,42.794607999658204],[-75.25141799974065,42.794493000159626],[-75.25144200011255,42.79423999994889],[-75.2515149999634,42.79403200020712],[-75.2515150003995,42.7939080002255],[-75.25148499983776,42.793796999698394],[-75.25141200060693,42.793699999723394],[-75.25063900021345,42.79290299985115],[-75.25034899948031,42.79256099992216],[-75.25009499951767,42.79229999994508],[-75.24996199965885,42.792154000114195],[-75.24991400044054,42.79206099972012],[-75.24991400014962,42.79194999990945],[-75.24994999975235,42.79188300031955],[-75.25000499964317,42.79182999957766],[-75.25007700003052,42.79180299993516],[-75.2502039994193,42.79178600037735],[-75.25034899945942,42.79178099976372],[-75.25077800050981,42.7918119997003],[-75.25098300028357,42.79178600043421],[-75.25114599969241,42.79174999965331],[-75.25134600006753,42.79168399965275],[-75.25170799990805,42.79153800037028],[-75.25188299992301,42.791439999610354],[-75.2520220000987,42.79133399995802],[-75.25211300055369,42.79120100042473],[-75.25233200008765,42.79078599978466],[-75.25251300059907,42.79038300025781],[-75.25253699960071,42.790237000181065],[-75.25253699972174,42.79006800005901],[-75.25250700047458,42.789917000368554],[-75.25246399965818,42.789789000344435],[-75.25232600032642,42.78950099970719],[-75.25213800055089,42.78916399974952],[-75.25205400007036,42.78896900036222],[-75.25198299964971,42.788736000059416],[-75.25190900001654,42.78850799980453],[-75.25176399989795,42.78770100003264],[-75.2517640004986,42.78760399996117],[-75.25181300025113,42.78751899994051],[-75.25186099947692,42.78748400018638],[-75.25195799971924,42.787466000207175],[-75.25208499952339,42.78747099969297],[-75.25250099953973,42.787545999791824],[-75.25266400031973,42.787567999829385],[-75.25282799941571,42.78757299970218],[-75.25294199942836,42.78755500008038],[-75.25300900028759,42.787509999681376],[-75.25306300017601,42.78742200007988],[-75.25306300003015,42.78729799995731],[-75.25300900018982,42.78686299989925],[-75.252941999712,42.78668599958087],[-75.2528940003461,42.786584000329924],[-75.25252599962141,42.78612300000706],[-75.25238600020381,42.7859950002914],[-75.25229899975912,42.785879000445],[-75.25227600054897,42.78576300004205],[-75.25227599974124,42.7854620001096],[-75.25221300018336,42.78535199985643],[-75.25211800004575,42.78528899998154],[-75.25184999946966,42.78521899977737],[-75.25167599983972,42.78520200003956],[-75.25147100031481,42.785218999647164],[-75.25128199967041,42.7852420001183],[-75.25113999964479,42.78520199973869],[-75.25103699964221,42.78511499994558],[-75.25100599943137,42.78503400017753],[-75.25098999995728,42.784941000216726],[-75.25102900023776,42.78486600041694],[-75.25113400022343,42.78475099968371],[-75.25141600015641,42.78456499977221],[-75.25159700047938,42.78441400004928],[-75.25171600000756,42.78429300012151],[-75.25181000009137,42.784142000336686],[-75.25186600035599,42.78402599988476],[-75.25194399970884,42.7839510004351],[-75.252086000464,42.783911000134076],[-75.25232299961756,42.783869999706816],[-75.25256799961669,42.78377799963117],[-75.25293900023289,42.78371399963686],[-75.25334899939854,42.78366200015302],[-75.25354599983834,42.78361499980893],[-75.2536800005982,42.78356899961735],[-75.25408999986269,42.783347000260136],[-75.25435099963357,42.78323700044121],[-75.25456400019101,42.78316699986962],[-75.2549269999511,42.783120999553404],[-75.25530500013522,42.783085999895],[-75.25618899971444,42.78309800034319],[-75.25647300052171,42.783108999666894],[-75.25676499996162,42.783091999593694],[-75.25705699955981,42.78303399977269],[-75.25735700014894,42.78292400010576],[-75.25749899957506,42.782837000074736],[-75.25760900031645,42.782726999948885],[-75.25763299967913,42.78260000006387],[-75.25761699949342,42.78246100037351],[-75.25753800045915,42.7822929999078],[-75.2573329995405,42.78201500032034],[-75.25722199990632,42.781915999971304],[-75.25705699998441,42.781846999847076],[-75.25684400057065,42.78178299979645],[-75.25613399967953,42.781621000078076],[-75.25598399974777,42.781556999788606],[-75.25581000048825,42.78144700005218],[-75.25567599945423,42.781320000361895],[-75.25561299939024,42.78116900018303],[-75.25565200008565,42.78093200009391],[-75.25572300020009,42.78070599980684],[-75.25580999977164,42.78060699972826],[-75.255944000004,42.78052100015072],[-75.2563940002541,42.780381999738246],[-75.25712799944044,42.780248000353886],[-75.25745199977527,42.78023699993288],[-75.2577360004268,42.78027699992474],[-75.25789400046521,42.78034099973047],[-75.25802800009632,42.7804449996827],[-75.25822500024665,42.780630999564124],[-75.25844600008536,42.780809999953384],[-75.25861200056136,42.78088499974953],[-75.25876999964913,42.78091999995838],[-75.25891200056606,42.7809030000478],[-75.2589990005095,42.780850999588615],[-75.25903800024415,42.78077000029801],[-75.2590539998527,42.780700000023934],[-75.25900599967824,42.780590000106464],[-75.25892799960626,42.780474000141375],[-75.25866699951361,42.780224999962584],[-75.25853299986517,42.78007999992951],[-75.25843799950918,42.7799359995884],[-75.25835100057658,42.77966900024467],[-75.2583480001015,42.77943599957994],[-75.25838299943884,42.779286999595364],[-75.25844599972712,42.77915999971649],[-75.25854899965886,42.779054999826435],[-75.25882500023835,42.7788929999285],[-75.2589469996588,42.7787769998242],[-75.25906999991219,42.77862700001364],[-75.25914900045049,42.77851700001522],[-75.25919599983796,42.77837800015348],[-75.25920400003822,42.77826200016976],[-75.25918000005143,42.778122999788216],[-75.25910900004467,42.778030999743535],[-75.25867500007246,42.77765999970724],[-75.25854900038111,42.7775090001457],[-75.2584930004366,42.77742199988064],[-75.25848600009824,42.777329000345794],[-75.25850899944572,42.77723700023836],[-75.25855700046647,42.77715000023243],[-75.25870699965017,42.77705099972866],[-75.25882500021672,42.77699300015414],[-75.260064000285,42.77666899995503],[-75.2602139999493,42.776645999746755],[-75.2606559997768,42.7766280004253],[-75.26089299955339,42.776558999630105],[-75.26099499974795,42.77650700036693],[-75.26108999988003,42.776402000167735],[-75.26113700035485,42.776314999549356],[-75.26116099941811,42.776194000009916],[-75.26110600017472,42.776026000220966],[-75.26108199982522,42.77592699963541],[-75.26112200014346,42.775857999733105],[-75.26120100039279,42.7758110003081],[-75.26204600042783,42.77562600017292],[-75.26245599973996,42.77557399955284],[-75.26282700044625,42.775584999860236],[-75.26309600053399,42.77562599991553],[-75.26328499974144,42.77566599997458],[-75.26341999951259,42.77575299994493],[-75.26345099997606,42.77584000040379],[-75.26345899994702,42.775939000381015],[-75.26344299995613,42.776066000338226],[-75.26337200021057,42.776274999715234],[-75.26330900015645,42.7767210001162],[-75.2632770004504,42.776899999982064],[-75.26328499982263,42.77709699980095],[-75.26334899962247,42.777322999827994],[-75.26342699964168,42.77753199956755],[-75.26354600037227,42.777682999957705],[-75.26368800010043,42.777780999817686],[-75.26383000054604,42.777816000184735],[-75.26398800029398,42.77780999957822],[-75.26410599958416,42.77778100017627],[-75.26424099997905,42.77771699962984],[-75.26431200003714,42.777636000306934],[-75.2643989995839,42.77750299994384],[-75.26445399969717,42.777259999982775],[-75.26447800018066,42.77659899964508],[-75.2645329996047,42.77633800044446],[-75.26459600051444,42.77611200035886],[-75.26469100014123,42.77590999960988],[-75.26483299978267,42.775707000358956],[-75.26527499952101,42.77521400041468],[-75.2655430001887,42.77496500032229],[-75.26584300013836,42.77476800016524],[-75.26611299998079,42.77466399965613],[-75.2665239997915,42.7745419999767],[-75.266688999492,42.774524999921496],[-75.26691800039876,42.77453099985848],[-75.26704499953738,42.77457699984854],[-75.26717100019917,42.774716000290816],[-75.26721800051732,42.774855000341745],[-75.26721800035267,42.775139000340985],[-75.2672420003887,42.77526699986222],[-75.26730500010682,42.775393999704],[-75.26739200018974,42.77550399974279],[-75.26747899960841,42.77555100037797],[-75.26761300035918,42.77555599963096],[-75.26773100025821,42.775522000266825],[-75.2678660005043,42.77547500039288],[-75.26805499998002,42.77539400002572],[-75.26822899961905,42.775306999935225],[-75.26958699999638,42.77466400005316],[-75.2718759997073,42.77348299984499],[-75.27227900052934,42.773257999658604],[-75.27261099952531,42.773020000227895],[-75.27283999976241,42.77281200013736],[-75.2729979999101,42.7726550000687],[-75.2731559998145,42.77248699963163],[-75.27329000054037,42.77229599961186],[-75.27348699948267,42.77194800031135],[-75.27366100043899,42.77161200042933],[-75.273891999491,42.771134999910835],[-75.27403299971154,42.77081299985378],[-75.27411999939855,42.77053499979805],[-75.27423900033884,42.769944000018526],[-75.2742700005924,42.76961900028678],[-75.27425499992316,42.76930000026074],[-75.27421499967011,42.76910899956277],[-75.27413600021433,42.76893000010694],[-75.27403299945647,42.76877299979695],[-75.27389100006745,42.76852400025345],[-75.27386800022177,42.7683269998436],[-75.27393100011788,42.76815299989012],[-75.2740649999848,42.76802599964925],[-75.27422299951995,42.76797400039976],[-75.27468899968602,42.767938999726226],[-75.27489699938829,42.76789999964648],[-75.2751550001596,42.76779400010026],[-75.27535999958461,42.767677999891696],[-75.27557300024812,42.76745800044091],[-75.27565199960803,42.76733599990838],[-75.27569199949818,42.76714499979478],[-75.27565200009226,42.76695900025247],[-75.27558899953361,42.76680199956017],[-75.27547099964804,42.76665199959248],[-75.27534400035509,42.7665590004255],[-75.27413700019946,42.766136000286366],[-75.27384399961967,42.76600200042358],[-75.27377300040766,42.765910000271056],[-75.27373400001818,42.76581699963483],[-75.27378099965989,42.7656889999589],[-75.27384400054383,42.76561399961337],[-75.274001999926,42.76534200014093],[-75.27446799977149,42.76478200044003],[-75.27459499994765,42.764666000234946],[-75.27473700040802,42.76456700042121],[-75.27483100020862,42.76452100015965],[-75.27497400044224,42.76448600031452],[-75.27509199950566,42.76452100030657],[-75.27517100020731,42.764595999754356],[-75.27527400046563,42.764723999796104],[-75.2755190001848,42.76494400013282],[-75.2762840000839,42.76546300014638],[-75.27664700008982,42.765700999779064],[-75.27680499991945,42.76575300001545],[-75.2769870001839,42.76577600026683],[-75.27715200036198,42.765771000194334],[-75.27734199962218,42.76573000038865],[-75.2775159997105,42.76566000005696],[-75.27813799969891,42.76537800010642],[-75.27865399975359,42.765100999701495],[-75.2789149994665,42.76492700037591],[-75.2790410005228,42.764764999624745],[-75.27930400043736,42.76439200011387],[-75.2794050004144,42.764260999957585],[-75.2795630002452,42.764103999618946],[-75.27968099983073,42.7640110003573],[-75.27972099949116,42.763958999728764],[-75.27973599984635,42.76386099995149],[-75.27970499956537,42.76376200035412],[-75.27962599970182,42.7636580001533],[-75.27939700022733,42.763490000344326],[-75.27926500013908,42.76337599984083],[-75.27915400045009,42.76325199966909],[-75.27894699951618,42.76294999996819],[-75.27884399984563,42.76278800038762],[-75.27875699970332,42.762590999881986],[-75.27837900036468,42.76123700042755],[-75.27830700007218,42.76095000032446],[-75.2782439996379,42.76056999962247],[-75.2782049997746,42.760007999631746],[-75.2782289998159,42.759827999606216],[-75.27829200030465,42.75970599994072],[-75.27837900059592,42.759630999944086],[-75.27848100002223,42.75957299994209],[-75.27858400054737,42.7595380000646],[-75.27876600024635,42.75948600003677],[-75.27914499953556,42.759359000425704],[-75.27931100007969,42.759272000073715],[-75.27945299968452,42.75915600012158],[-75.27956300019301,42.759021999640886],[-75.27972899987857,42.75849499986344],[-75.28030599974389,42.75675599999362],[-75.28037700048539,42.756414000308084],[-75.28040900052149,42.756071000089435],[-75.28036900033553,42.75574700025391],[-75.2803059995117,42.75543899996322],[-75.28023499983476,42.7550449998573],[-75.28014799986181,42.754836000351006],[-75.28007699985538,42.75467899974863],[-75.28006099990714,42.75454600017488],[-75.28010100044264,42.754418000368446],[-75.28017200008604,42.75431399993865],[-75.28029800029661,42.75422100012995],[-75.28049599983775,42.75414000016237],[-75.28119900017705,42.75395400000946],[-75.28140399976057,42.75387300019325],[-75.28155399974115,42.753780000361395],[-75.28179100050878,42.75361200036994],[-75.28215500044223,42.75330500011493],[-75.2823290003638,42.75309600008667],[-75.28240800004012,42.75290399956943],[-75.2824550002519,42.752747999842995],[-75.28247899962592,42.75230099994858],[-75.28252599981184,42.75216800015532],[-75.28261299984358,42.75205200033419],[-75.28302499973965,42.751766999825584],[-75.2834990000813,42.75139000023551],[-75.2836889999831,42.75128600012451],[-75.28394899986986,42.751193000160704],[-75.28419400027545,42.751117000439265],[-75.28485799955867,42.75083300039329],[-75.2850630003055,42.750775000274366],[-75.2853339997779,42.750729999582944],[-75.28554499968354,42.75069999968782],[-75.28583799973985,42.75070000004346],[-75.28618499942003,42.7507349995889],[-75.28647799962089,42.750787000422726],[-75.28667499972521,42.750839000397164],[-75.28692000040853,42.750949000223684],[-75.28704599952148,42.75107099955635],[-75.28715699986465,42.75125100009051],[-75.28724399970234,42.751546999881114],[-75.28726799970688,42.75182499989218],[-75.28730699950994,42.75197600039636],[-75.28736999975898,42.75213300044728],[-75.2874260000225,42.75221999957619],[-75.28753599955968,42.752283000416206],[-75.28762299947698,42.75234099963834],[-75.28774999993276,42.752364999900436],[-75.28785200043698,42.75234099975136],[-75.28808100016323,42.752240999940305],[-75.28818400059582,42.751940999947614],[-75.28824699984985,42.75186500001343],[-75.28854699991267,42.75170299977205],[-75.28871299954396,42.751558000348105],[-75.28880800004363,42.75139500039176],[-75.2888469995964,42.75122100003076],[-75.28887899963406,42.75104700019622],[-75.28892599967222,42.75095499968026],[-75.28899699975717,42.75087300040221],[-75.28907600058572,42.75083300043069],[-75.28917099959024,42.7508210003591],[-75.289282000567,42.7508730004241],[-75.28946399990005,42.75093699996263],[-75.28964500039395,42.75098900014125],[-75.28981899999627,42.75107600041541],[-75.29036399982462,42.75147699986262],[-75.29053799951745,42.75155200014268],[-75.29066499976364,42.751568999923364],[-75.29076500046358,42.75155399962163],[-75.29087999993382,42.751495999627004],[-75.29091699989974,42.751354999701675],[-75.29094900040755,42.75116900040037],[-75.29094900036029,42.75093699956902],[-75.29093300012504,42.75080999998429],[-75.29087999986403,42.75065900022504],[-75.29070400034259,42.750244000202976],[-75.29060100028073,42.74991600029407],[-75.29045100003074,42.74938799977119],[-75.2904430005581,42.749174000390084],[-75.2904270001448,42.7489709998676],[-75.29043499968971,42.748854999834826],[-75.29047500054227,42.74876800003023],[-75.2906009998959,42.748651999625274],[-75.29069600025407,42.748576999558864],[-75.29080699997294,42.74853600039779],[-75.29165200014157,42.748472000269544],[-75.29186599988527,42.74844299960207],[-75.29274299978326,42.74823400001446],[-75.29293200031412,42.74815299967792],[-75.29306699981079,42.74805400018906],[-75.29320099989683,42.74793799985301],[-75.29333499951025,42.7477510001601],[-75.29449700019775,42.745878000317965],[-75.2945449999012,42.745784999742064],[-75.29459999994711,42.74557600042761],[-75.29469500052598,42.745396000280735],[-75.2948590003314,42.74520400003268],[-75.29506500014028,42.74500699956787],[-75.29534699984843,42.744773999662875],[-75.29555899993427,42.7445469999632],[-75.29576200005562,42.74430000030996],[-75.29587699942536,42.74410599980337],[-75.29621799956324,42.74410100015046],[-75.30926300010505,42.7434720002587],[-75.3102760000147,42.74342399974138],[-75.31238699966809,42.743314999958905],[-75.31776700000498,42.743040000335206],[-75.3184190006092,42.743006999895876],[-75.3191930002978,42.74296699984837],[-75.32495199991642,42.742705999810475],[-75.32566900044449,42.74267299969727],[-75.3262950001766,42.74264500028132],[-75.33277300009523,42.7422819997729],[-75.33286600033803,42.74227699983883],[-75.33421199958862,42.74221000016667],[-75.33709599948996,42.74204500030505],[-75.34519500011974,42.74163100005313],[-75.35756099990718,42.74100499965694],[-75.35877399999825,42.74094300024046],[-75.35988700044769,42.740887999626324],[-75.36789400037266,42.740489999959664],[-75.36868700042682,42.74045100025408],[-75.36902100015273,42.740436000306126],[-75.37010599976038,42.74038099960824],[-75.3710809995432,42.74030300016504],[-75.37143899942764,42.74027499973545],[-75.37461600002293,42.74002099983092],[-75.38964600039793,42.73948199961946],[-75.38994100009732,42.739467999806],[-75.39100299972873,42.739456000416325],[-75.39123300007819,42.73945600025475],[-75.39145600027453,42.73947099967886],[-75.39159100018452,42.739492000054554],[-75.39169299951651,42.739514999785875],[-75.39652099999701,42.7393279999245],[-75.3986319995462,42.739246000244854],[-75.42798800042569,42.73811099984008],[-75.42816799957124,42.74004400042922],[-75.42847800025302,42.74337599997528],[-75.42866799958195,42.745421000354916],[-75.43464899983906,42.745119999812346],[-75.43479999964894,42.745111999840255],[-75.43623999987044,42.74503900001099],[-75.43627199948013,42.74503899969409],[-75.4364770002581,42.74502599998217],[-75.445609999872,42.74453399981925],[-75.44669400020584,42.74448900027853],[-75.44799800011084,42.744395999989436],[-75.4488409993987,42.74437700012548],[-75.44964500000316,42.74433800013165],[-75.45001099985194,42.74430000040243],[-75.4503180001928,42.74425200038289],[-75.45061200045438,42.744199000420835],[-75.45076200025947,42.74418999994138],[-75.45086700051974,42.74419900005449],[-75.45103000008012,42.744222999930486],[-75.45115399957034,42.7442319997028],[-75.45195199952386,42.74420299962355],[-75.45220699989586,42.74417900029189],[-75.45252099966382,42.74416000037218],[-75.45361899985751,42.74415100002005],[-75.45378000049466,42.74413600029979],[-75.45388700011301,42.74410700013915],[-75.45472600021495,42.744057999896256],[-75.46350300057004,42.74359899988527],[-75.47017699993691,42.743262999716976],[-75.48906100009775,42.742258999697555],[-75.48934899999514,42.74224400015721],[-75.49271500050317,42.74222100007627],[-75.49348399957246,42.74219499990703],[-75.49406199954723,42.742167999570526],[-75.49426399997989,42.74214899997986],[-75.49439500029047,42.74212499962148],[-75.49447299971554,42.74211599962733],[-75.49466200011582,42.74208099960702],[-75.49962200047041,42.741968000046924],[-75.5242470002244,42.74068800017358],[-75.5244040002527,42.740694000393965],[-75.52469899960023,42.740678000080486],[-75.52569400036322,42.74058700011046],[-75.52647900024567,42.740522999958316],[-75.52766500038334,42.74046800011142],[-75.52800100042808,42.74045199960518],[-75.52915200008877,42.740421999908726],[-75.53195399995174,42.74030799998825],[-75.53347900050557,42.740256999602266],[-75.53460000033314,42.74022599973154],[-75.53521600007748,42.740200999874936],[-75.53734299998274,42.74008400036495],[-75.54003100050218,42.73993900041188],[-75.54182699949774,42.73986100008068],[-75.54373700039096,42.73979799996474],[-75.54417600046473,42.739774000127476],[-75.5451140004246,42.73971300042753],[-75.54690899969154,42.739641999859316],[-75.5500399996601,42.73951700027493],[-75.5513819995089,42.73945100044765],[-75.5527130000383,42.7393929997132],[-75.5529639995207,42.739384999804656],[-75.55424400061318,42.739355000363254],[-75.55467099953701,42.739329999857546],[-75.55526900060359,42.739316999813944],[-75.5565019997355,42.73924900000899],[-75.55759799947707,42.739218999683814],[-75.55835200015605,42.73920899992862],[-75.55843000014119,42.73920599994676],[-75.57076399963688,42.73880299985602],[-75.573400999497,42.73870099971326],[-75.5738580000748,42.73868400035701],[-75.59792699951294,42.73780600007856],[-75.59852900036304,42.73781899970376],[-75.59899699948218,42.73779500020699],[-75.59999300034752,42.73773999999746],[-75.60092000058827,42.737703000293564],[-75.60156499950642,42.73766799966568],[-75.60241700053967,42.737639999984175],[-75.60616400003738,42.73747800007804],[-75.60884199979006,42.73737700035998],[-75.61126900046573,42.73734000009606],[-75.61215099989906,42.73732300040486],[-75.61265300045,42.73730499965044],[-75.61325000051549,42.73727499978697],[-75.6146399995532,42.73723599971508],[-75.61785699967886,42.73712400020797],[-75.6178979998977,42.737123000041734],[-75.61814900014271,42.73710099966563],[-75.61841200009447,42.7370009997656],[-75.62462800000628,42.7369529997756],[-75.63790600045007,42.73634699984967],[-75.63842900035257,42.73632399985917],[-75.64497799962236,42.73602599989956],[-75.64606899979978,42.735976000369824],[-75.65349599978545,42.73563800044264],[-75.65381699947487,42.73557600020297],[-75.65992200059841,42.735287999699864],[-75.66069199973182,42.735251000196136],[-75.66567400026675,42.73501599971715],[-75.66654100042187,42.73497500019387],[-75.67182000056626,42.734726999725375],[-75.67968199955222,42.73435699981264],[-75.68042099981554,42.73432300002],[-75.68154000033454,42.73426999993756],[-75.68409299944533,42.73414999966721],[-75.6877439999459,42.73397899969588],[-75.7067799994191,42.73308300018684],[-75.70917699948261,42.73296999986912],[-75.71409099954828,42.73273900041219],[-75.71424400020337,42.732732000083686],[-75.72400299949307,42.7322740000001],[-75.72413600018757,42.73226799992392],[-75.7272700002286,42.73212000027059],[-75.73328700049134,42.73183699958357],[-75.7356990005951,42.73172400015145],[-75.74449900052956,42.73130999973934],[-75.74473900010729,42.731298999845755],[-75.74963200039188,42.730980000311],[-75.75449500058828,42.73077599982048],[-75.7621960005354,42.730456999570166],[-75.7630760001943,42.730421000293745],[-75.76526800041496,42.7303300002482],[-75.76592199986435,42.730306999756216],[-75.76919400055608,42.73019300037124],[-75.76929000000987,42.73018999975689],[-75.77085500007128,42.730068999885454],[-75.77827100035103,42.729738999875934],[-75.77956500009124,42.72968200032284],[-75.77978499965008,42.72967199969033],[-75.78139100012777,42.72960100000636],[-75.78160200054198,42.729592000151975],[-75.78327199941137,42.72951799958073],[-75.78716599950502,42.72934800005456],[-75.78819399988828,42.729304000356144],[-75.79165799973062,42.729153000184574],[-75.79887100042907,42.72871500034065],[-75.80334899966168,42.72842100023554],[-75.80831000053023,42.72809699970916],[-75.80898900002872,42.728053000301436],[-75.81677799954518,42.7274770002261],[-75.81905099970061,42.72731000005609],[-75.82108899952655,42.72715199995526],[-75.82401599987261,42.726925999688625],[-75.82930599962953,42.72655999966725],[-75.83036999949181,42.72648600028368],[-75.83095799990748,42.726446000173695],[-75.84006999993488,42.7260710003315],[-75.84892600002713,42.72571600015835],[-75.8499949997669,42.72567400017581],[-75.86976299959869,42.72488499992698],[-75.87463899968479,42.72458300012316],[-75.88065699989386,42.72431500007608],[-75.88341099965362,42.72419200001846],[-75.88804900003116,42.72393999960201],[-75.88874600011391,42.72390300008645],[-75.88906400004008,42.72388500026917],[-75.88983200035224,42.723844000180854],[-75.88969900043656,42.722286999646414],[-75.88954899988464,42.72051100022451],[-75.88954600039479,42.720481000273146],[-75.8891260000831,42.715553999772744],[-75.88908600039491,42.71509099961657],[-75.88858699954353,42.709230000138426],[-75.88740399974805,42.69640100029889],[-75.88696700011157,42.69167000012836],[-75.88666299993655,42.68836600040784],[-75.88546099958872,42.67464499984841],[-75.88543300008621,42.674327000104746],[-75.88519599974968,42.67161899958918],[-75.88401600029323,42.65767499996265],[-75.88384299962958,42.655634000251055],[-75.89156200011982,42.65524500036487],[-75.90235999953472,42.65472600032546],[-75.90551099986246,42.654576000372586],[-75.90553700046281,42.65457400003102],[-75.91686100014596,42.65403999990493],[-75.92935099957334,42.65345100027101],[-75.93317900050259,42.65326599988769],[-75.93640199989143,42.65310900001982],[-75.93811400052496,42.65302599987051],[-75.94221100044206,42.652826999680784],[-75.94723000059831,42.6525759999761],[-75.95037199988289,42.652417999842946],[-75.95901700019455,42.652053999710176],[-75.96284000028231,42.65186499982351],[-75.96421200023886,42.651794999866965],[-75.97789699952502,42.65116199983218],[-75.98596599962542,42.6508200004246],[-75.9869790004281,42.65077699981153],[-75.98813100042348,42.65072899994975],[-75.98831199967174,42.65071900027445],[-75.9893119998073,42.65066099973026],[-75.99561300009432,42.650298000284565],[-75.99649299972663,42.65024700018366],[-75.99967400015805,42.650064000352884],[-76.00837299968714,42.64973800034761],[-76.01609300013648,42.6494489996823],[-76.02474099958573,42.64912499980769],[-76.03346900020414,42.64879900027637],[-76.04138400054583,42.64850399961479],[-76.0442919999269,42.648394000128334],[-76.04490499955986,42.648370999636235],[-76.0715110004884,42.64737500036926],[-76.07134900051935,42.644956999783965],[-76.07130500034025,42.64461299972302],[-76.07127700032818,42.64433200029734],[-76.0712479997307,42.64304699997766],[-76.07101799998699,42.6385750003959],[-76.07093999973368,42.63695799967095],[-76.07078500040073,42.63488299973965],[-76.0707390002685,42.63374800013336],[-76.07072100046311,42.6334230000753],[-76.07067400010872,42.63219100004715],[-76.07047600010982,42.62843599979205],[-76.0702700000376,42.62617199956569],[-76.07021900056317,42.6256179999323],[-76.07016899960675,42.62506399990019],[-76.07013099998136,42.62366300026698],[-76.07022500002924,42.623599000405434],[-76.06867900031442,42.60096500026682],[-76.0686080000175,42.59970599970337],[-76.06857000032232,42.599149000050424],[-76.06779000050027,42.587616000150945],[-76.0675459999929,42.5840000000865],[-76.06751500021312,42.583497999970305],[-76.06695700001616,42.57585700017832],[-76.06633199967291,42.56681999968302],[-76.06578500048185,42.557908999872424],[-76.06576599999106,42.55758900042928],[-76.0649279999855,42.543419999813935],[-76.07039899998243,42.54313000001565],[-76.07777399975717,42.54271199967053],[-76.08390799968006,42.54236700025264],[-76.08440100040929,42.5423499995789],[-76.09078400034579,42.54213700009401],[-76.09365900028484,42.542037999726794],[-76.09646200002506,42.54194299966024],[-76.09717900046245,42.54294600034822],[-76.09741800023866,42.54325100021212],[-76.09788200007299,42.54378899984402],[-76.09826200014854,42.544189000190755],[-76.09846999965069,42.54443499981477],[-76.09877799979886,42.54485600000033],[-76.09894900019675,42.54506999977193],[-76.0993690003079,42.545644000139916],[-76.09954999949721,42.545810000121925],[-76.09989100056227,42.546061000319355],[-76.10009800058056,42.54617999963401],[-76.10102999963875,42.54655899976258],[-76.10120400048682,42.546648999829294],[-76.10175499950563,42.54696300044526],[-76.10249099980078,42.54745200043237],[-76.1031509999806,42.54782300037377],[-76.10434100055939,42.54855200023387],[-76.1051970004454,42.54907899968403],[-76.10599099949995,42.549500999849315],[-76.1063679994555,42.54976599975357],[-76.10656399981367,42.54995400024054],[-76.10661099960127,42.5500150000054],[-76.10682499971838,42.550449000236895],[-76.10690500058911,42.550659000214964],[-76.10717999947195,42.55115499970507],[-76.10734699940997,42.55137400000707],[-76.1077819996412,42.55185999971769],[-76.10796300013138,42.55203700005636],[-76.108206000298,42.55222600025745],[-76.108401999925,42.55235999962575],[-76.10894200013657,42.55267000015483],[-76.1097180000698,42.5530950003925],[-76.11079899976635,42.55382699970825],[-76.11191600056587,42.55466600012345],[-76.11214100030294,42.55487600019689],[-76.11226700050722,42.55502700042598],[-76.11255799990938,42.55549799993416],[-76.11260100017405,42.55559200026184],[-76.11261899946216,42.555667999718075],[-76.11331899956394,42.55563599958336],[-76.11447400023683,42.55559200018244],[-76.11599699952893,42.5555349998536],[-76.12456000054028,42.55547999972519],[-76.124857000372,42.555367999868814],[-76.12499799940548,42.55531999961669],[-76.12555999972487,42.55524499975988],[-76.1261570005052,42.55519600004071],[-76.12769700006847,42.55503100023789],[-76.12852599963281,42.5550080002568],[-76.12903200008094,42.55503600021395],[-76.12950700005804,42.55504499995545],[-76.13118600024549,42.554974000352644],[-76.13368599987025,42.55489800038614],[-76.13619000040772,42.55478700033328],[-76.13705000034264,42.55478100042802],[-76.13922699968151,42.554681000082184],[-76.13959399979514,42.55466299993534],[-76.1412890004019,42.55459400037553],[-76.14209799988392,42.55457599957056],[-76.14363299947671,42.55454999955763],[-76.14442799940767,42.55450900005946],[-76.14508300051547,42.55448200038322],[-76.14675700027574,42.55432999967548],[-76.14681600015163,42.55432299983607],[-76.14807399962565,42.55420899966551],[-76.1488020001446,42.55421500036359],[-76.15096700058949,42.55423500001851],[-76.15185999999689,42.55418999980469],[-76.15270900008824,42.55416400041919],[-76.15335699981449,42.554155000027386],[-76.156919000353,42.55406400003826],[-76.16018700026139,42.55392700033691],[-76.16238399967538,42.553871000179235],[-76.16269000022059,42.55385599981721],[-76.16395399969922,42.5538070003188],[-76.16436799951641,42.553783999963706],[-76.16519399951086,42.5537529995737],[-76.16890200011473,42.553590999603465],[-76.17054199943423,42.55354200019262],[-76.17137599975662,42.55352600025669],[-76.17386699972228,42.553440999645396],[-76.17482200025664,42.55341800008212],[-76.17498700006351,42.553408000411544],[-76.18554600031669,42.553042000222106],[-76.20923300002462,42.552294000293614],[-76.22254999969445,42.55185500030906],[-76.23981300060453,42.55132000033718],[-76.24291100018468,42.5512339996886],[-76.25014700009655,42.550848000220554],[-76.25403600049113,42.55070500044196],[-76.26148100040986,42.550452999754135],[-76.2616629996654,42.553702999781294],[-76.26171399985643,42.55462000024985],[-76.26210500001112,42.56158400038091],[-76.2622329998446,42.56389000010217],[-76.26231499970368,42.56536200023887],[-76.26252900008606,42.56919100042959],[-76.26253299952856,42.56925699968639],[-76.2628480000773,42.57487499995463],[-76.26285099971228,42.57493699997566],[-76.26319500007976,42.58106400004153],[-76.26320799992205,42.58129800044232],[-76.2635430003828,42.5872499997785],[-76.26358300047993,42.58798499980827],[-76.26457999958913,42.60573499960175],[-76.2646970005469,42.607828999872524],[-76.26519000006594,42.61658200025028],[-76.26522900047183,42.61727900022749],[-76.26558400031658,42.623587999660565],[-76.27286099989487,42.62341299960191],[-76.2766730003384,42.623322000376],[-76.2768360000441,42.62328500003629],[-76.27695900048155,42.62326799990203],[-76.27717599965742,42.62324699963244],[-76.27851200048727,42.623196999860824],[-76.27896399966426,42.623187000201355],[-76.27929700029732,42.62318799970167],[-76.27952400039801,42.62319500025034],[-76.2834389999189,42.62306800005236],[-76.29547499971841,42.622781999582635],[-76.3054859994699,42.622526000227765],[-76.31402999966113,42.62232499968966],[-76.31406200006046,42.62232400041306],[-76.31558099992158,42.622288999771015],[-76.31604800048532,42.62227900025457],[-76.31891900044072,42.62221999957242],[-76.3200060005268,42.622196999892445],[-76.32087800040743,42.622178999832144],[-76.32288600003506,42.62212099992427],[-76.32318899969869,42.62211199973416],[-76.3251499994887,42.62204899978071],[-76.33203800010631,42.62187500020015],[-76.33205999972704,42.621873999620476],[-76.34440000000805,42.62156199973762],[-76.3446430001358,42.621586999644435],[-76.34508100006722,42.62159600038247],[-76.34795600021334,42.62153999987546],[-76.35021600005334,42.621494999968135],[-76.35090100025508,42.62148200031267],[-76.35169199954484,42.62144999960744],[-76.35189199966156,42.62143500020556],[-76.35199200011546,42.62142999983881],[-76.35462099990687,42.62129400014173],[-76.35496099996125,42.621284999744724],[-76.35629699971997,42.6212580003465],[-76.35639100060429,42.62128699980433],[-76.35647900023028,42.621304000214344],[-76.35662399965548,42.6213160001773],[-76.35773599982824,42.62131100022767],[-76.35812499995257,42.62130299999543],[-76.35865699955978,42.62129099971097],[-76.3594159997573,42.621263999937796],[-76.36268200033088,42.62117600030623],[-76.36444999955623,42.62111899988553],[-76.36538799948488,42.62109900029231],[-76.36972000050044,42.62095700010883],[-76.37102499957578,42.62092099959089],[-76.37281800019873,42.62087100025584],[-76.37286800013791,42.62086100020143],[-76.37310099968083,42.62078599977808],[-76.37319699943367,42.62079400033273],[-76.37465799973904,42.62089300012373],[-76.37692300030851,42.62081800038458],[-76.38497600035885,42.62057199967451],[-76.38534300017929,42.62056100036234],[-76.38559300021842,42.62054699981137],[-76.38565399967923,42.62055099970672],[-76.38656999947504,42.620519999811805],[-76.38703800049414,42.620508000265],[-76.40022999981855,42.62009600024479],[-76.40145199946005,42.62006200037192],[-76.40229300022052,42.6200589995889],[-76.40236299983596,42.62006700039905],[-76.4034159994113,42.62004500039332],[-76.40491000006477,42.62001299982826],[-76.40754899938798,42.61993199981174],[-76.40831100037559,42.61990899956193],[-76.4099440004424,42.619859000056465],[-76.40996199982872,42.61985800043092],[-76.41322700039022,42.619758000116995],[-76.41423999974648,42.61972899969924],[-76.4149190001327,42.619709999740074],[-76.41563000033831,42.619689000018525],[-76.41722900041617,42.61964399965664],[-76.41877999950836,42.619600000180704],[-76.41879599970314,42.619600000120435],[-76.4202720000942,42.61955799992184],[-76.42060699944811,42.61954899991235],[-76.42068099998227,42.6195489997895],[-76.42078900028103,42.61956399974855],[-76.42090499969444,42.61957000028754],[-76.42100299951163,42.61958099959715],[-76.43125900036617,42.61933999962882],[-76.43135199988966,42.61933700044694],[-76.43331499961357,42.61927800032792],[-76.43333500057174,42.61927699990032],[-76.43941500043431,42.619091000050176],[-76.44027499961477,42.61906500036027],[-76.44566799984473,42.61890300023787],[-76.44895499967068,42.61882999966117],[-76.45520600019267,42.618695999885226],[-76.45834200005967,42.61862000037449],[-76.45847400035741,42.618608000391546],[-76.45859599972754,42.621925000283674],[-76.45866999991627,42.62482500041118],[-76.45871199956082,42.625071000161945],[-76.4586120000853,42.62540200042056],[-76.45865500003504,42.62556800025878],[-76.4586609996683,42.62574899973283],[-76.45872300051256,42.627128999768104],[-76.45873499979443,42.627419000180225],[-76.45917699981179,42.62740600028478],[-76.46077400024323,42.627362000064196],[-76.46235299988528,42.62731800026213],[-76.46397499993026,42.62726900023448],[-76.46527600020154,42.627229000107434],[-76.46610000018686,42.627201999674206],[-76.46844500038601,42.62712299986458],[-76.46889499976895,42.62711399970251],[-76.47064999996336,42.62707300006356],[-76.47302199956525,42.62700899967523],[-76.47651300049236,42.62691599992604],[-76.47703499956776,42.626892999779024],[-76.47857200037132,42.62682699975819],[-76.47867099996095,42.62681200020877],[-76.47872899980955,42.62679300015424],[-76.47886499966694,42.62678799967437],[-76.49061599994643,42.62641600023361],[-76.49116800038972,42.626397999818025],[-76.49213699954501,42.62636800030954],[-76.49783900023856,42.62619400007762],[-76.5039959994696,42.62602000030345],[-76.50414499954398,42.62601600042257],[-76.50436300043492,42.62600399965938],[-76.5079409997301,42.625893999680336],[-76.5085789996966,42.6258770002524],[-76.5086540003255,42.62587100001047],[-76.50874500030473,42.625870000411446],[-76.50887399974636,42.62585900035884],[-76.50902300021907,42.625828999989125],[-76.51057299977347,42.62569099977093],[-76.51555300050893,42.62554500040636],[-76.51623100011302,42.62552700042739],[-76.51677899959587,42.62550899976159],[-76.51741199943241,42.62549099972269],[-76.51868700018444,42.62545199977805],[-76.5188009994943,42.62545000012712],[-76.52036599983877,42.625404999683774],[-76.52066399966827,42.62539599985642],[-76.52203599973895,42.62535899960476],[-76.52271200032929,42.62533599971648],[-76.53184299956357,42.6250709998489],[-76.53604699978042,42.624909999803016],[-76.53990899992755,42.62476199988892],[-76.54010600020253,42.624754000195075],[-76.54028499946276,42.6247700002985],[-76.54063599971442,42.62478800033302],[-76.54078299968367,42.624737000271594],[-76.54094900043206,42.62469399965734],[-76.54103199952064,42.624679000281],[-76.54121600048444,42.624672000266386],[-76.54215299981612,42.62465300009602],[-76.54232799961788,42.62464900031375],[-76.54237500060128,42.62463800039597],[-76.54249400026518,42.62463399977628],[-76.54650300010385,42.62449300040172],[-76.550226999594,42.62434900028001],[-76.55042499951765,42.62434099992342],[-76.55324400054333,42.62424400002304],[-76.55381300024534,42.62421099992767],[-76.55437900005796,42.624179000393326],[-76.55580700059306,42.62405600014092],[-76.55585399947635,42.624150000424166],[-76.56500999940687,42.62379600023872],[-76.56687399951946,42.62372800016226],[-76.56942200022472,42.623633999993714],[-76.57149300007048,42.62355800019247],[-76.57222400002671,42.62352599984463],[-76.5728469996063,42.623500000438426],[-76.57474200017462,42.62341900023037],[-76.57505800026856,42.62339700021416],[-76.57520199969342,42.623392000453336],[-76.58317799976194,42.62310499980989],[-76.58481000040476,42.623050999895796],[-76.5890330000771,42.62291299964506],[-76.59072900033969,42.62285699995613],[-76.59439299992857,42.622737000425694],[-76.59648999996531,42.62267800016963],[-76.59904800044379,42.622604999845535],[-76.60501199984179,42.62239800019422],[-76.60666099981995,42.62234100027132],[-76.61401600004517,42.6221119995645],[-76.61429100007737,42.62210300002817],[-76.61447900009146,42.625233999870495],[-76.61456399960552,42.62523200024168],[-76.61605799974689,42.62520300043094],[-76.61970900031871,42.625115000290265],[-76.62278200042905,42.62502200035501],[-76.62330100031856,42.6250059998668],[-76.62407799960707,42.62497699955543],[-76.62466899959705,42.62495599965171],[-76.62524999940744,42.62493400031774],[-76.62591999961265,42.62490999982472],[-76.62926000054796,42.624800000223104],[-76.63257100014934,42.62470699992675],[-76.6335980004583,42.624679000085365],[-76.63697199945808,42.62457400002276],[-76.64508200009888,42.62432300012644],[-76.64603899969127,42.62429400025505],[-76.64624300018559,42.6242920003874],[-76.66654300046575,42.62345699956481],[-76.66355600047507,42.61714900011461],[-76.66313900049313,42.61635399995549],[-76.6602420004661,42.61082700032377],[-76.65863400000951,42.60841299981645],[-76.65622599958398,42.604798000337475],[-76.65422799995503,42.60232500003384],[-76.65171600017707,42.59921599980766],[-76.65023100056865,42.59737899955255],[-76.64964900039351,42.596707999584545],[-76.64766600031894,42.59441900040547],[-76.6453169995133,42.591708000074945],[-76.64442400021701,42.590794999719435],[-76.63921600016016,42.58547200028134],[-76.63807499969099,42.584404000277665],[-76.63249600043193,42.57918200021225],[-76.62935700026905,42.57627299981138],[-76.62676100045131,42.57386800008492],[-76.62466700007343,42.572252999600614],[-76.62443900026283,42.57205499982101],[-76.62287499989421,42.57069199967323],[-76.6182389997478,42.56665199977274],[-76.61628600039452,42.56543200018197],[-76.61217399956939,42.56286500041771],[-76.60669399969518,42.55980799996613],[-76.60598699944427,42.55941300013405],[-76.60334600005207,42.55818800040987],[-76.6008870003193,42.55704700004016],[-76.59783399952046,42.555596000455004],[-76.59377800059816,42.553668000090084],[-76.58887300043168,42.5513029996218],[-76.58653799959355,42.550174999671235],[-76.5859890003983,42.54991000022802],[-76.58672200007206,42.54988800006342],[-76.59640600000013,42.54959300016136],[-76.59882700034473,42.54951900021266],[-76.59897500056616,42.549513999753174],[-76.60671000056522,42.549278999578796],[-76.61065699988815,42.54915900034615],[-76.61104299994432,42.54914800025378],[-76.61356500038704,42.549069999909584],[-76.61390699958866,42.549078999611005],[-76.6151860000022,42.54897700007908],[-76.61607500051205,42.5490650001442],[-76.61639200005565,42.54906799980861],[-76.61711099949507,42.54906499975695],[-76.61765399951105,42.54906799983233],[-76.62224100033693,42.548865999942464],[-76.62300199959957,42.54882400028434],[-76.62398100009614,42.5487440002269],[-76.62633100016276,42.54863899976388],[-76.6264690004406,42.54865000041791],[-76.62665099998581,42.54865700001845],[-76.62888499958756,42.548596999705886],[-76.63058699962507,42.548568999717105],[-76.63072599961292,42.54857299995762],[-76.63078299986803,42.54858699989835],[-76.63084399993132,42.54860900007882],[-76.63138600032366,42.54855300026533],[-76.63986899998334,42.54829199985624],[-76.6398929994858,42.54829599966223],[-76.6410750005623,42.54825800010623],[-76.64239300036512,42.54822799967426],[-76.64270200031277,42.54821899995748],[-76.64771999945259,42.548064999625424],[-76.64983199939476,42.548014999591516],[-76.65002800009614,42.5480129998652],[-76.65175199964605,42.54793300030242],[-76.65189300024412,42.54792599984239],[-76.65360500000428,42.54785699971772],[-76.65563200061415,42.54780000025059],[-76.6573679994126,42.54776299964297],[-76.6622920000263,42.54762300013325],[-76.66436399964229,42.54758999963647],[-76.66438800054328,42.5475880002415],[-76.66899099959906,42.547450999837736],[-76.67142000045853,42.5473919998527],[-76.67301899970164,42.547348000172704],[-76.6735140001621,42.54733399992464],[-76.67430300061434,42.54731300037333],[-76.67607099944128,42.54728800029381],[-76.67694700056167,42.547256999547365],[-76.67805199973593,42.547250999853816],[-76.67918900035686,42.547225000182685],[-76.68373499991456,42.54711699976338],[-76.68660999941474,42.54704999962982],[-76.68688299940105,42.547038999940575],[-76.68870600030245,42.547000999586416],[-76.69376500018754,42.54686299965857],[-76.69642500056727,42.54679600037299],[-76.69665499958064,42.54678999980587],[-76.69664999944995,42.54670500016595],[-76.69606900049779,42.537956999750456],[-76.69605800024762,42.53777699998579],[-76.6959830005044,42.53665400004279],[-76.69595200044326,42.53637900034979],[-76.69585099947429,42.53478399988839],[-76.69495000030581,42.51973199964797],[-76.69478900057827,42.517337000395244],[-76.69434300007696,42.511379999561036],[-76.6943149994182,42.51049600014204],[-76.69431200032987,42.5104349997124],[-76.69420600026763,42.50938100013421],[-76.69421199944877,42.50914700034211],[-76.69415299996864,42.50815200034827],[-76.69408499955064,42.50710399978376],[-76.69380400009094,42.50274200042991],[-76.6937399996997,42.5017520000226],[-76.69363900030444,42.500166000271236],[-76.69361399951214,42.499780999786886],[-76.69350400022095,42.49713500015277],[-76.69344599966253,42.49701800018968],[-76.6933080002988,42.49234399986602],[-76.69329200057219,42.49212299988985],[-76.69315399985598,42.490146999679865],[-76.69259399977345,42.48360200021967],[-76.69255099971457,42.48345200040591],[-76.69253400056441,42.483335000093795],[-76.69234499995757,42.480959999840145],[-76.69223700037364,42.47939699971212],[-76.6922160000395,42.47908299959161],[-76.69213400025822,42.477906000363085],[-76.69210900031044,42.4775679999487],[-76.6918760000542,42.47437699996598],[-76.69174500049655,42.47249499974712],[-76.69151900029412,42.46956699986444],[-76.69146099983766,42.46873499974594],[-76.69145800045314,42.46813600029621],[-76.69144899964276,42.46793799966427],[-76.69141199969799,42.46764200027452],[-76.69137999953413,42.467447999878154],[-76.69136499953359,42.46740600043729],[-76.69129100047378,42.46636199979568],[-76.69127299952714,42.46609699983846],[-76.69115499945873,42.464550000355786],[-76.69115400036152,42.464397999975645],[-76.69113300056384,42.46419499987442],[-76.6910609994778,42.4634600001487],[-76.69103900027238,42.4630809997078],[-76.69105199980785,42.46298200039814],[-76.69105800040847,42.46275200017443],[-76.69102200035134,42.46206400043295],[-76.69089300016176,42.460025999894675],[-76.69083999993393,42.459364999943155],[-76.69074300028105,42.45847500023533],[-76.69070399941063,42.45799800016781],[-76.69065999992058,42.45725099968296],[-76.69062400032118,42.45672900018867],[-76.69052799955018,42.45574500007662],[-76.69049199946141,42.45528599996115],[-76.69030699973742,42.45232399976276],[-76.69030299953712,42.452193000271585],[-76.69022299946685,42.45121899980218],[-76.69007700030319,42.44901099984686],[-76.68994699941034,42.44714800014382],[-76.68984699944966,42.445699999610746],[-76.68952999943424,42.440519999785856],[-76.68952199960988,42.4403189997798],[-76.68948699945615,42.43990999972905],[-76.6893839998374,42.43864300020476],[-76.68926099988649,42.43683800028272],[-76.68911699970684,42.434971999824306],[-76.68905600016274,42.43405899987126],[-76.68884300034928,42.43015299966516],[-76.6887740004003,42.42908900039529],[-76.68871800040789,42.42821899965096],[-76.68863100053728,42.42675699989583],[-76.68849999981997,42.42422400023567],[-76.68829399972132,42.42081399979206],[-76.68827999983571,42.42062000017155],[-76.68821199956768,42.41964399995427],[-76.68814100014895,42.41859200001325],[-76.68805600044946,42.4168949997689],[-76.68798800001989,42.41568500042044],[-76.68798300012922,42.41532500010211],[-76.6879980004224,42.41518999964433],[-76.68799999961034,42.415064000004975],[-76.68792900049257,42.41467700015535],[-76.6878450000667,42.412985000093045],[-76.68783099982345,42.41227399974],[-76.68782199958592,42.4121749997985],[-76.6877000003705,42.40879699968605],[-76.68732800001904,42.40243300020829],[-76.68678500017525,42.39313599957612],[-76.6866219995125,42.39035099993952],[-76.68657799965095,42.389612000089954],[-76.68655599959676,42.38918299996746],[-76.68653700046676,42.388919000284815],[-76.68652100049435,42.388669999565515],[-76.68620599986212,42.3832439998366],[-76.685725999876,42.375108000063435],[-76.68593799951066,42.37319399995105],[-76.68609299984509,42.373192999667744],[-76.68662699976541,42.373202999660265],[-76.68740099992041,42.37322799976247],[-76.68823099991737,42.37321999961296],[-76.69013600034651,42.37322100004953],[-76.6904210003122,42.373214999662416],[-76.69055200029113,42.373217000385075],[-76.6905239997747,42.36962499981811],[-76.69052400001785,42.369568999552584],[-76.6904810002021,42.36353800011742],[-76.6904580005344,42.36068400029958],[-76.69040799958768,42.35401999999984],[-76.69040899958186,42.353976000311135],[-76.69038199970014,42.35030400012152],[-76.69015600019162,42.33681799984495],[-76.69004500011289,42.333618000088094],[-76.69005700012637,42.33315699965794],[-76.69002799959382,42.33129200022345],[-76.69001599985097,42.330882999763695],[-76.6900179994652,42.32999200009425],[-76.69001500004968,42.3297619998624],[-76.69003499944222,42.32945499978479],[-76.69006300013899,42.329157999717744],[-76.69007599999541,42.328949000104494],[-76.69005799960077,42.32472199976279],[-76.6900740004151,42.32363600037105],[-76.6897269998894,42.31344299999368],[-76.69106800053096,42.313412000159566],[-76.69106899987622,42.31331899963656],[-76.6911470003152,42.307760999798525],[-76.69115199972971,42.30729400012208],[-76.6911610002873,42.30682400009089],[-76.69131699961399,42.29590400020605],[-76.69132799946208,42.29512699995339],[-76.6913850004477,42.290938000180624],[-76.69140300009528,42.289807000123375],[-76.69140599975309,42.289538000252676],[-76.69141700009585,42.28873099986396],[-76.69142199996105,42.288462999805134],[-76.69145200038122,42.28634300019115],[-76.69140600020393,42.28430700004142],[-76.6896389996496,42.2843359999855],[-76.67013499966542,42.283933000235265],[-76.66793299964543,42.28388800040948],[-76.6574560002896,42.283671999584506],[-76.64589399963808,42.28343300012402],[-76.6457309996126,42.28343000035034],[-76.62706999989007,42.283046000010664],[-76.62566899973011,42.28301700002534],[-76.62468899992976,42.28299799981802],[-76.61930299993686,42.28285300006232],[-76.61868599945123,42.2828480001071],[-76.60913399992968,42.28278299995507],[-76.59567799970671,42.28269099961038],[-76.58458500004835,42.282623999785585],[-76.5825750000187,42.28261299956405],[-76.57961400019234,42.28259500022721],[-76.57948899960165,42.2825900002816],[-76.57135400023824,42.28231400009284],[-76.57119799971485,42.28231000042587],[-76.56179699988242,42.281991999582694],[-76.56160100050313,42.2819860001213],[-76.55302499998379,42.2818820000806],[-76.54892900000766,42.281831999676086],[-76.54495100038976,42.28178500003138],[-76.54239599991664,42.2817730001958],[-76.54122099994552,42.2817520004436],[-76.54097899989617,42.28175099962457],[-76.53834899942134,42.281754999704724],[-76.53044699974954,42.28169000001787],[-76.53028800011853,42.28168699964427],[-76.52901499966228,42.28167699998523],[-76.51896500059338,42.281593000093636],[-76.51878900050087,42.281590999697606],[-76.51491999993982,42.28152800022116],[-76.51414099991969,42.28151400012078],[-76.51175600053247,42.281475999744416],[-76.50910500030112,42.28143400042917],[-76.50106599970502,42.28130500039272],[-76.50102800059764,42.281304999822126],[-76.49966100000242,42.281282000329924],[-76.49438899940189,42.28125600014701],[-76.49313300024707,42.281148999719335],[-76.49212100022896,42.28126600040418],[-76.4918510001238,42.28126700015038],[-76.4866749996944,42.28129099997177],[-76.4817990005424,42.28111699975554],[-76.48002500049327,42.281054999561],[-76.47493600023655,42.281119000393744],[-76.473962000343,42.2811319998659],[-76.47414200027254,42.275142999904446],[-76.47449399941925,42.26376100025278],[-76.47003700003853,42.26370400025127],[-76.46724000043112,42.26366699958504],[-76.4628650003502,42.26358599975891],[-76.458872000297,42.263512999744144],[-76.45534100034874,42.2634689996299],[-76.44506000033259,42.26334299980551],[-76.44193100009353,42.26330499968789],[-76.43929399983959,42.26326900001435],[-76.43269800017303,42.26317799960643],[-76.42436799987566,42.263074999853515],[-76.42244699971678,42.26305199997543],[-76.41619899944385,42.262975999624885],[-76.41607000028732,42.27198099986523],[-76.41602400043111,42.274396000260744],[-76.41601800019959,42.2746699999064],[-76.41594899976961,42.278349999802344],[-76.41573499957586,42.286516000301496],[-76.41567999946044,42.288649999726694],[-76.41565599965786,42.291959999971134],[-76.41556900053682,42.29847599962969],[-76.41547499958305,42.30557699995579],[-76.41530499961026,42.318368000333564],[-76.4152430004215,42.31836800017205],[-76.41009699986111,42.3184009997988],[-76.4090839999693,42.31840800042207],[-76.40351900036949,42.31844400014218],[-76.40043799950274,42.318473999966656],[-76.39948400019955,42.318484999685545],[-76.39464999987474,42.31850900017109],[-76.39380300028807,42.318494999636926],[-76.37465800005226,42.31817100023333],[-76.37425600032353,42.318172000075435],[-76.37318700041992,42.31817800012286],[-76.35087099990898,42.31828799984901],[-76.3508950003621,42.31720299981795],[-76.35084799981259,42.31589700026005],[-76.3508400000655,42.31568899986201],[-76.35082900045526,42.315656000239635],[-76.35080499986806,42.31554800019168],[-76.35080899939975,42.31484600009211],[-76.35080099941382,42.31464200009284],[-76.35080099976074,42.31432000014841],[-76.35078500021706,42.31398399984154],[-76.3506189995493,42.30843699975156],[-76.34748600001234,42.30841899985527],[-76.34738300031195,42.30841899991444],[-76.34265200011306,42.308402000357354],[-76.33057499962648,42.30835899989407],[-76.33034199947613,42.308356999805405],[-76.32784900041405,42.308348999580794],[-76.3183599998031,42.30831499964386],[-76.3156630002076,42.30830500013546],[-76.31419699984733,42.308298999902405],[-76.30992999940024,42.30827100015411],[-76.30219099986195,42.30821499991805],[-76.30207899994683,42.30821500023872],[-76.30189899965451,42.308220999656655],[-76.30187299956343,42.30821900015985],[-76.30072200053066,42.30817100032037],[-76.30043600012267,42.30817899963756],[-76.29961500050156,42.30818900012368],[-76.29892599975368,42.30819599992203],[-76.2986059997629,42.308200000244696],[-76.29609800016902,42.308183000130086],[-76.29344899979657,42.30815900000014],[-76.29322999951806,42.308171000449086],[-76.29301399940266,42.30819999962349],[-76.29287200046222,42.30822899973131],[-76.2925859996775,42.308304999702166],[-76.28869599954723,42.30823400031384],[-76.28822000021746,42.308227000371964],[-76.2882319998392,42.3063069999007],[-76.28824499972555,42.304118999625175],[-76.28817399993575,42.29676399986699],[-76.28352199947419,42.29675299996622],[-76.28319100016296,42.2967529996377],[-76.28024799941824,42.29674800016886],[-76.27189599959132,42.29672800025356],[-76.27104200040431,42.29672600010555],[-76.25966699945938,42.296701000299095],[-76.25468600032852,42.296691000227014],[-76.25159099997444,42.29667199974822],[-76.25014900046023,42.29667600042993],[-76.25015099943434,42.296695000195875],[-76.25012499968759,42.29685300023679],[-76.24992500009104,42.297044999923585],[-76.24989600008549,42.29708899961944],[-76.24985899985158,42.2971270002627],[-76.24985099983,42.29717099978995],[-76.24984399943156,42.297379999834575],[-76.24987299963443,42.297401999673],[-76.24988099998737,42.29748400029203],[-76.24990999961784,42.29750099999943],[-76.2499179995563,42.29753900003877],[-76.24999099955481,42.29759399998069],[-76.25011700050915,42.29770399982127],[-76.25011700036937,42.297759000320845],[-76.25008699989532,42.29782400033429],[-76.24992499974263,42.297983999890825],[-76.24990200031999,42.29806000000567],[-76.24988000054216,42.29807699996933],[-76.24986500000203,42.29823100023824],[-76.2498870002108,42.298340000404835],[-76.24990899995595,42.29839499974299],[-76.24993100004781,42.298500000338244],[-76.24997600005047,42.298614999916765],[-76.24998999989779,42.29871399966006],[-76.24996099958638,42.29881799998007],[-76.24993800015346,42.29882900025237],[-76.24990899942193,42.29890599970054],[-76.24981999955668,42.298994000133966],[-76.24974600017906,42.299042999566986],[-76.24965800036723,42.29904700000381],[-76.24951799989887,42.29911299962435],[-76.24934800019929,42.29916800001413],[-76.24928900015578,42.299167999833216],[-76.2492069998195,42.299156999922424],[-76.24913299949847,42.29919499995358],[-76.24905999963688,42.299256000245514],[-76.24896400023606,42.299377000362476],[-76.24896300003898,42.29943700016041],[-76.24894099995447,42.299486000030356],[-76.24894099959775,42.299574000268166],[-76.24897899977067,42.29973299957918],[-76.2490229995442,42.299793999682656],[-76.2491120004717,42.29987599963107],[-76.24927499985694,42.299985999851955],[-76.24938599970639,42.30009500031164],[-76.24939299979212,42.3001390002488],[-76.24942299956173,42.30016100010392],[-76.2494299998465,42.30024899969683],[-76.24938599959496,42.3003530002892],[-76.2493859997317,42.30039699994745],[-76.24934900034152,42.30043000027607],[-76.24934899952753,42.3004579999044],[-76.24920099965253,42.3006659999598],[-76.2491720005726,42.30068799961195],[-76.24916400032991,42.30072699984544],[-76.24912699942004,42.30076000011786],[-76.24909100020217,42.3008090003123],[-76.2490759995101,42.30086400028815],[-76.24901699999016,42.30099599983459],[-76.2490020003084,42.3010779997405],[-76.24901699994983,42.30126499968952],[-76.24905399972086,42.30139100017947],[-76.24909099973753,42.30146299985078],[-76.24912799981003,42.301501000105034],[-76.24916500023107,42.30155000025607],[-76.24920199981429,42.3015830003669],[-76.2492100005306,42.301616000297045],[-76.24923900007036,42.301638000283575],[-76.24924000006378,42.301858000246476],[-76.2492030004685,42.30205500044161],[-76.24920299964518,42.30212699970995],[-76.24916599982737,42.302340999586725],[-76.24916599991525,42.30247300032253],[-76.24913699997728,42.30263700004994],[-76.24915900035133,42.30268099957308],[-76.24916600035097,42.30273100019391],[-76.24920300006549,42.30281300006031],[-76.24921100006817,42.30288399984538],[-76.24924099963846,42.30291200042534],[-76.24924800030672,42.302967000254064],[-76.24927800044482,42.3029830003425],[-76.24928499998545,42.303065000123546],[-76.24931499991897,42.30308699999131],[-76.24933000039658,42.30332900027294],[-76.24930000010023,42.30354799965676],[-76.24933000010033,42.303603000145365],[-76.24933699965185,42.30363100003386],[-76.24942600029514,42.30380599996825],[-76.24944899968158,42.303823000308185],[-76.24944900016644,42.30386100015074],[-76.24947100022499,42.303888999576415],[-76.24959199976213,42.303889000333584],[-76.2497040002995,42.30393400017774],[-76.24976299976159,42.30397299965197],[-76.24987400048339,42.30406600040977],[-76.24993299962424,42.304158999673625],[-76.24997000042323,42.30420300031277],[-76.24997800039141,42.30425799999652],[-76.25005900044863,42.30448299959109],[-76.25005899938999,42.30457099975967],[-76.25003599996612,42.304619999887954],[-76.25001400022259,42.30474699983185],[-76.24998499978484,42.30476299990787],[-76.2499470000416,42.30491099969528],[-76.2499179997797,42.304944000344356],[-76.24989600032644,42.30502699973113],[-76.24987300030207,42.30504899989683],[-76.24985800032887,42.30513599998324],[-76.24983599997589,42.30515800005141],[-76.24979900007318,42.30541599964672],[-76.24986499960505,42.30568500035204],[-76.24988000013168,42.30570699965311],[-76.24990200045035,42.30577900040331],[-76.24993899946008,42.305844999966766],[-76.24996099997422,42.30592700004169],[-76.24998299941922,42.305953999700144],[-76.25001299998947,42.306008999977685],[-76.25003500061008,42.306026000272944],[-76.25003499979204,42.30605300021069],[-76.250109000457,42.30617400019922],[-76.25018300056148,42.30626699965105],[-76.25021999950347,42.30632799989847],[-76.25025699952687,42.30636599974986],[-76.25025700040912,42.30639400023165],[-76.25044899965256,42.30661299967692],[-76.25047099942469,42.30664599991796],[-76.25064099951466,42.30678899973649],[-76.25089899994765,42.306943000109186],[-76.25093600010848,42.306969999832],[-76.25109900020536,42.307112999679205],[-76.2511729997063,42.30727199968899],[-76.25119500057592,42.30747599987787],[-76.25117200023463,42.307766999841526],[-76.25122400034715,42.30813399963919],[-76.25123799976586,42.308155999769276],[-76.25126100013664,42.30824400013552],[-76.25132000021688,42.30832700016167],[-76.2513489994547,42.308457999815765],[-76.25138600038419,42.3085790001515],[-76.25141500040759,42.30913900031658],[-76.25143700001223,42.30940300001131],[-76.25140700016536,42.309912999847946],[-76.25141399979697,42.30993999991244],[-76.25135499987758,42.309984000403105],[-76.25131799981781,42.31004500000457],[-76.25126600032134,42.310093999816345],[-76.25113999962429,42.310164999984664],[-76.25104400022744,42.310192999664864],[-76.25093300020848,42.31023699992971],[-76.25085900018766,42.310253000336225],[-76.25075600021718,42.31030800040688],[-76.25068199994445,42.31037400006607],[-76.25067399976554,42.3104009998823],[-76.25063700005747,42.3104400003666],[-76.25062199992209,42.31051099956423],[-76.25057099980948,42.3105770004418],[-76.25043700002423,42.3106319997116],[-76.25032600005787,42.31069200030013],[-76.25025999983637,42.31077399981445],[-76.25023699974659,42.31107600023599],[-76.25020800034386,42.31113099981052],[-76.25017100060793,42.3111750002575],[-76.25005899957632,42.31136700032897],[-76.25005899953825,42.311498999962645],[-76.25008100016342,42.3115430001331],[-76.25010400053495,42.31169600038349],[-76.25012599986455,42.31176200034532],[-76.25015500014106,42.311778999927995],[-76.25018500046372,42.31188299979269],[-76.25019900013962,42.312025999759534],[-76.25022199982332,42.312048000025655],[-76.25027299946939,42.312350000406795],[-76.25031000056747,42.31239399996064],[-76.25042099962641,42.31247600014809],[-76.25053200010039,42.31254200020391],[-76.25062799940333,42.312570000079155],[-76.25070900016203,42.31260799980387],[-76.25078299964716,42.31262400041365],[-76.25088700053627,42.312695999706925],[-76.25085699995462,42.312751000447356],[-76.25072400013401,42.312854999621415],[-76.2506350005227,42.312936999845306],[-76.25059800054443,42.312998000089586],[-76.25056100012267,42.313035999980634],[-76.25054599990021,42.313080000144204],[-76.25052400001664,42.313097000201715],[-76.2505090004479,42.31314599956657],[-76.25048700015428,42.31316199995874],[-76.25047200018878,42.313326999809156],[-76.25047300013016,42.313361999608595],[-76.25048600040378,42.313396000352846],[-76.2504820000693,42.31364000036888],[-76.25045599945189,42.313670000032104],[-76.25040700015612,42.31376799970824],[-76.2503339996026,42.31397200017424],[-76.25031399996058,42.31400400033192],[-76.25030300023845,42.31407400029102],[-76.2502730002634,42.314139999850774],[-76.2502399996745,42.31427999993693],[-76.25020500007419,42.314383999738425],[-76.25020100017468,42.31441800035415],[-76.25017699961559,42.31444999998246],[-76.2501669995471,42.31451999983101],[-76.25014599978068,42.31455200005491],[-76.25012900053333,42.31462199966339],[-76.25009299966935,42.3146879997574],[-76.25004299939197,42.31474799959314],[-76.25000999991629,42.31477400025631],[-76.24995699947551,42.314832999778126],[-76.24985800032462,42.314910000208535],[-76.2497459994837,42.3149789999772],[-76.24960899940179,42.315010000343285],[-76.2495279995144,42.31504999963165],[-76.2494479998205,42.31517999989958],[-76.2494049998485,42.31528199994573],[-76.24938699997365,42.31542200020997],[-76.24936000028133,42.315526999584264],[-76.24935900023044,42.315704999892496],[-76.24936399956746,42.315740999900505],[-76.24940399978064,42.31580599957102],[-76.24946599979235,42.315860000057356],[-76.24950899949532,42.315877999991],[-76.24960100006192,42.31589899981196],[-76.24968500021544,42.31593600030049],[-76.24975500031113,42.31598499977668],[-76.24982900045512,42.3160769996172],[-76.24990500035443,42.31620699989177],[-76.249946999781,42.316309999854724],[-76.24996799970705,42.316340999999944],[-76.25001199939801,42.31648000018679],[-76.25003500040825,42.31662000020484],[-76.25005599994304,42.316672000443845],[-76.25006700032635,42.31674299970793],[-76.2500650003287,42.31681299965601],[-76.25010799978774,42.3169880003318],[-76.25016699960985,42.317084000025964],[-76.25023499969446,42.31717900004948],[-76.25026500019534,42.31720599970537],[-76.2503999996509,42.31735400038603],[-76.25046399948013,42.3174489997645],[-76.25055299959013,42.31761199973043],[-76.25055500002024,42.31764799996106],[-76.25057499994846,42.31767999974825],[-76.25057799993584,42.317715000220865],[-76.25059700035578,42.31774799976043],[-76.25064699991694,42.31791899995027],[-76.25065100026649,42.31795499997653],[-76.25067800011126,42.318021999809766],[-76.25071800047527,42.31816100007718],[-76.25076200056655,42.31837100022203],[-76.25078199959886,42.31858300032588],[-76.25073699977796,42.318794000162114],[-76.2507450003179,42.31886499963645],[-76.25073500017831,42.31897199957271],[-76.2507339995387,42.31907900039896],[-76.2507539998151,42.31918500031718],[-76.25078699991965,42.31928899958261],[-76.25081999957702,42.319310999575436],[-76.25091300029162,42.319334000239664],[-76.25095400046098,42.31935199981563],[-76.25102400055603,42.319401000279136],[-76.25106500038243,42.319421000042446],[-76.25108699974334,42.31946499996754],[-76.2510869995143,42.31954100036336],[-76.2510799997253,42.319602000259195],[-76.25105000010124,42.319624000446105],[-76.2510280005456,42.31968400043727],[-76.2509909996252,42.31973900008755],[-76.2509240000961,42.31981599986797],[-76.25084999955418,42.31988699966767],[-76.25084300058617,42.319925999780196],[-76.25077600010361,42.31998599983465],[-76.25076899948256,42.320024000298744],[-76.25068700004803,42.320123000321026],[-76.25066500022116,42.32014000039057],[-76.25064999979313,42.32017799985121],[-76.25047999971956,42.32037499971033],[-76.250353999476,42.32048000003271],[-76.25033900001506,42.32051800034116],[-76.25022799949926,42.32062800006142],[-76.25022100020978,42.32066100036635],[-76.25015399943644,42.320726999825474],[-76.25008000050528,42.32081999975905],[-76.2500429994792,42.32085300024384],[-76.25002799972904,42.3208909996124],[-76.24998399985981,42.32094599958694],[-76.24995399978741,42.32107200028985],[-76.24990999956735,42.32113300000753],[-76.24986500008563,42.321417999568595],[-76.24987999940879,42.32155500038571],[-76.2498799995664,42.32159399978012],[-76.24990200045785,42.32161000038019],[-76.24990899982807,42.321675999880846],[-76.2499389998148,42.321693000289024],[-76.24996100025702,42.32195099994141],[-76.25001200022997,42.322098999873965],[-76.25002000048148,42.322170000264464],[-76.25004200012272,42.32221400036639],[-76.25005600024691,42.322290999947946],[-76.25007900058539,42.32230800008285],[-76.25011500045721,42.322361999936156],[-76.25013799957807,42.32241699980153],[-76.25028500026556,42.322554999979786],[-76.2508469997317,42.322978000178644],[-76.25097300000877,42.323099000174125],[-76.25100999963861,42.323186000153264],[-76.25101700006934,42.323290999838385],[-76.25098000025625,42.32335700021758],[-76.25095800021032,42.32337299977749],[-76.25092799969399,42.32342800044939],[-76.25090599961034,42.32344399999965],[-76.25089099975722,42.32348800013309],[-76.25085400056342,42.32351000007511],[-76.25083899965475,42.323647000193084],[-76.25085400026705,42.32369099993312],[-76.25089099960952,42.3237459999913],[-76.25097200030261,42.323851000116704],[-76.2510089994018,42.32391100024271],[-76.25120900006412,42.32411400042479],[-76.25123099957004,42.32416900015284],[-76.25125299967767,42.32418600015316],[-76.25128299981715,42.32425699988864],[-76.25131900015431,42.32463000006855],[-76.25136299988638,42.324894000331355],[-76.25135600028267,42.32496500039677],[-76.25131099947058,42.32505799977513],[-76.25128200026526,42.32507499979296],[-76.2512739994194,42.32511300036527],[-76.25117100027518,42.32522300006187],[-76.2511189997342,42.325348999703515],[-76.2510959994083,42.32536599995551],[-76.25107400039866,42.32556300021999],[-76.25108099991103,42.32569499970814],[-76.2510589995953,42.3257610003223],[-76.25100700054226,42.325815999677566],[-76.25097799950233,42.325860000376636],[-76.25094100045351,42.32589800031064],[-76.250932999736,42.32593099984914],[-76.25089600051982,42.32598100019859],[-76.25085899981545,42.32605199972556],[-76.25084399992518,42.326161999938975],[-76.2508150003979,42.326189000047066],[-76.25079200003891,42.32628699974827],[-76.25076999995488,42.32639800032687],[-76.25073300025011,42.326420000228715],[-76.25071799974936,42.32645199989912],[-76.25065199964779,42.326518000390074],[-76.25064399992134,42.32655099989473],[-76.25050299982148,42.32668299984826],[-76.25008899989719,42.32689100040893],[-76.24997099971095,42.32696299985878],[-76.24993400008687,42.32698999960396],[-76.24979999943154,42.32711600006831],[-76.2497629998307,42.32718200001826],[-76.24975500000782,42.327473000067016],[-76.24989600008746,42.32759399974099],[-76.24993300033135,42.32767599989108],[-76.24996199993637,42.3277259999625],[-76.24996200043132,42.32777500041787],[-76.24999200040966,42.32779699998986],[-76.24993999963968,42.32809299981952],[-76.24992499993562,42.328109999965356],[-76.2498879999267,42.328191999915745],[-76.24974700037062,42.32830700018435],[-76.24965099981846,42.328328999829026],[-76.24960599959533,42.32833299992252],[-76.24953200008989,42.32837199975549],[-76.24942899947055,42.32838299999138],[-76.24924399993743,42.328421000068126],[-76.24905199949009,42.32844900026395],[-76.2485860002601,42.32855300011587],[-76.24840100006543,42.32857499977551],[-76.24810500030553,42.32859800040927],[-76.24786799980077,42.32863099956967],[-76.24762400005794,42.328697000148225],[-76.24755800042996,42.32872400038809],[-76.24751300046381,42.3287299998785],[-76.24748400028164,42.32875199994408],[-76.24742399968197,42.328756999948475],[-76.24737300053286,42.32878500044116],[-76.24732799977937,42.32879599996933],[-76.2471660003585,42.32887799988811],[-76.24712899964123,42.328904999636876],[-76.24709199976705,42.328948999890315],[-76.24699600004688,42.32904799994996],[-76.24696599955968,42.32910300044703],[-76.24696600050595,42.32925099965881],[-76.24699599970921,42.3292679999174],[-76.24700299970328,42.32937799986098],[-76.24703299944406,42.32940000020482],[-76.2470400002889,42.32948699984878],[-76.24706999962532,42.329504000085564],[-76.24707000031731,42.329552999628795],[-76.2471070002624,42.32966300015883],[-76.24711499968632,42.329817000371776],[-76.24709999999124,42.330014000174124],[-76.24710799952098,42.330052999862374],[-76.24701899944813,42.33039900008384],[-76.24699700048522,42.330432000283004],[-76.24699699941175,42.330464999876874],[-76.24696700032058,42.33050799992647],[-76.24694499986481,42.33060200009487],[-76.24688999944588,42.330690999719415],[-76.2468720003507,42.33070799966034],[-76.24685699981328,42.33074499981052],[-76.24677499986132,42.33089800015116],[-76.24673900000614,42.33105199971042],[-76.24673899959465,42.33109099995428],[-76.24670199985398,42.33116199988689],[-76.24670200029264,42.33119999956052],[-76.24666499958288,42.331238999572236],[-76.24659100009055,42.3313379995973],[-76.24655399965602,42.33139300042917],[-76.24653900031329,42.33143100018101],[-76.24648800050952,42.33152399977473],[-76.24646500021406,42.33158500032425],[-76.24644300058762,42.33160699965995],[-76.24641399980946,42.33166199993147],[-76.24636899949107,42.331722000413556],[-76.24635500010848,42.33176000007614],[-76.24633199983994,42.33177700026207],[-76.24631800042357,42.33181499992023],[-76.24622900049698,42.33194200013697],[-76.24619199996417,42.331980000331264],[-76.24618499946443,42.3320080002488],[-76.24608100002138,42.332133999816236],[-76.24607399965639,42.332189000440565],[-76.24600699958256,42.33225500008046],[-76.24596999969968,42.332314999910224],[-76.24597000044824,42.33239699990518],[-76.24598499990691,42.33244100023383],[-76.24604500022248,42.33250700022404],[-76.24604499968737,42.33256200041686],[-76.24608200012214,42.33262799998791],[-76.24608200031217,42.33265499979878],[-76.24611099954916,42.33267200033733],[-76.24611900026575,42.332737999877565],[-76.24611199991664,42.3328910004499],[-76.24613400016041,42.332951999928326],[-76.2461930003219,42.33300100028335],[-76.2462600003487,42.33303400015003],[-76.24635600050307,42.33305600007155],[-76.2464219996785,42.33304199971193],[-76.24647100036456,42.33304500001637],[-76.24651600057632,42.33305599964289],[-76.24672699959594,42.33314399984134],[-76.24688100009955,42.333231000288336],[-76.24693699996175,42.333289000101004],[-76.24695499956471,42.333322000230154],[-76.24709199965454,42.33380900038488],[-76.24728999997836,42.33439899956998],[-76.24727900030284,42.334469999575816],[-76.24727199997521,42.33457599997797],[-76.2472639994734,42.33461100033663],[-76.24724000023087,42.33464099993045],[-76.24709700017927,42.33478300041237],[-76.24697199972077,42.33488999969529],[-76.2468410004695,42.335037999669474],[-76.24683499974351,42.335072000203105],[-76.24681199978265,42.33510399986429],[-76.24677800012144,42.33512899994683],[-76.2467729998803,42.33516400006292],[-76.24673999982859,42.33519100028943],[-76.24666799978347,42.33528200020634],[-76.24660799943914,42.33533600019448],[-76.24653999967961,42.335386000232134],[-76.24645800026856,42.33542399982248],[-76.24641099999728,42.33543400035557],[-76.2463150003827,42.33543600041363],[-76.24626999969283,42.335424999820916],[-76.24614399976004,42.335370000352256],[-76.2460970005147,42.33537199987067],[-76.24600299983095,42.335388000185816],[-76.24591399942456,42.33541700019122],[-76.24584499997492,42.33546300033725],[-76.24581499998087,42.33549000011807],[-76.24580900018904,42.335525000245646],[-76.24576500020757,42.33558800027434],[-76.24574800006486,42.33565599970314],[-76.24574399949424,42.33575999960508],[-76.24577099953655,42.33593300026428],[-76.24578699961933,42.336075000426064],[-76.24576500003856,42.33617899957072],[-76.24570799969257,42.336235999684696],[-76.24564400008832,42.33628899972983],[-76.24559499950783,42.33634800044594],[-76.24557900032163,42.336381000004636],[-76.24557499955114,42.3364160000114],[-76.24558900044286,42.33648599963911],[-76.24568100009796,42.33656600036493],[-76.24593099999632,42.33666800029755],[-76.24602199985895,42.3366870000002],[-76.24610399994798,42.33672400034793],[-76.24620299965567,42.33679999977922],[-76.24621600032523,42.33683399996426],[-76.24621100046048,42.33690500036812],[-76.24617700035103,42.33700700011672],[-76.24613700010083,42.33707200024526],[-76.24613199969286,42.3371079999838],[-76.24609000016248,42.33714700007762],[-76.24607100034954,42.337179999892406],[-76.24595300058014,42.337285000080925],[-76.2458609997852,42.33740299957525],[-76.24582800030328,42.33742899986768],[-76.24577499984765,42.33752400030904],[-76.24571499991191,42.33765699986675],[-76.24570399945657,42.33772499981998],[-76.24567800058979,42.33775599974745],[-76.24567099998448,42.337790000263546],[-76.24559899974123,42.33787900016449],[-76.24556599990528,42.337905000384055],[-76.24551700011575,42.33796299958549],[-76.24547300044038,42.3380640000148],[-76.24546400039755,42.338097999722855],[-76.24546399991635,42.338165999929956],[-76.24547599968247,42.338232999798834],[-76.24551900023208,42.338296999826035],[-76.24554899986873,42.33832200039465],[-76.24562500036063,42.338408999647456],[-76.24569700006656,42.33845399992171],[-76.24573800040442,42.338472000378935],[-76.24580500050706,42.33851799963154],[-76.2458699993962,42.33856899997177],[-76.24595500053415,42.338656000255604],[-76.24596700057262,42.33868800030765],[-76.2459820000226,42.338791000251824],[-76.24596799958442,42.3388949998127],[-76.24597099992548,42.33899900013144],[-76.24600700051013,42.33916699999068],[-76.24600400041759,42.33920299958601],[-76.2460109999901,42.33927100025176],[-76.24604600031863,42.33933699987511],[-76.24608000029424,42.33951099958193],[-76.24613400051923,42.33964599964523],[-76.24612499945104,42.34000099959876],[-76.24611599984559,42.340035999901],[-76.24607300002873,42.34013699956573],[-76.24606400037673,42.34017199986369],[-76.24600100010548,42.3402670000835],[-76.24597500005225,42.34029700042188],[-76.2459379996471,42.34036200026966],[-76.24586499970914,42.34045299967894],[-76.24575399969773,42.34056699972942],[-76.24560400043715,42.340742999636355],[-76.24556200059999,42.34080100023269],[-76.24547199991893,42.34100100003052],[-76.24545200059289,42.34106799986041],[-76.24543200011907,42.34117000034118],[-76.24543700034992,42.341273999624526],[-76.24543200017159,42.34130899964834],[-76.24543700003352,42.34137700043523],[-76.245498999889,42.341652000167635],[-76.24551300033265,42.34168600034925],[-76.24551300057327,42.34175200029109],[-76.2454909994784,42.341861999956414],[-76.24537999947646,42.34198200027459],[-76.24534300017112,42.34198199962005],[-76.24527800027403,42.342030999949955],[-76.24523900050187,42.342050999740934],[-76.24505400041978,42.34209099959086],[-76.24501599965215,42.34211100016455],[-76.24488300028844,42.3421529999061],[-76.24483600051677,42.34215799969746],[-76.24474600039709,42.342181999643294],[-76.24470799977222,42.34220299977133],[-76.24462200018036,42.34222899963119],[-76.2445310001877,42.34225100014008],[-76.24449399976113,42.34227200014669],[-76.24432400008604,42.342338000008446],[-76.24427800009819,42.34234999983461],[-76.24419400039913,42.34238299959001],[-76.24404299956426,42.342467999790635],[-76.24396600056399,42.34250500039634],[-76.24389499961534,42.34254999977976],[-76.24369399986537,42.342697000240236],[-76.24364199993549,42.34276799968696],[-76.2435979998315,42.342906000185586],[-76.24359800000325,42.34294899988255],[-76.24358699997113,42.34311399971041],[-76.24360599957524,42.34314599971052],[-76.24360899995706,42.343181999876535],[-76.24359500024428,42.34321599961045],[-76.24360100043042,42.34328599973191],[-76.24359200020854,42.343320999827654],[-76.24355000035315,42.343420999707675],[-76.24348799985033,42.34351699993213],[-76.24331400054879,42.34372500028281],[-76.24322000022543,42.34380199995733],[-76.24320800057373,42.34383499990898],[-76.24317799984745,42.3438599996658],[-76.24314999967436,42.34392799992922],[-76.24310200009955,42.34398800003402],[-76.2430790002827,42.34405600009551],[-76.24303700036181,42.344155999778884],[-76.24299299952649,42.34433000031126],[-76.24295199947579,42.34453900043535],[-76.2429449993977,42.34460900012841],[-76.2429030004167,42.34471000030279],[-76.24285200018335,42.34477000040656],[-76.24281199975658,42.34478899975128],[-76.24263800013064,42.344838000355544],[-76.24260100012776,42.34485500021117],[-76.24249700046391,42.344920999755914],[-76.24246000037085,42.344965000228534],[-76.24243099940433,42.345036000218855],[-76.24241599942594,42.34515100001504],[-76.2423889994827,42.34521000042883],[-76.24239200023156,42.34524500005351],[-76.24236600037247,42.34534400024075],[-76.24229899968688,42.34543700007584],[-76.24221900043753,42.34552200026125],[-76.2420339999608,42.34568499994754],[-76.2419350001357,42.34576000026629],[-76.24190600037954,42.34578800042264],[-76.2418099994931,42.34589800028661],[-76.24175800005335,42.34594199998945],[-76.24163999972664,42.34610700030575],[-76.24161000014888,42.34616200016391],[-76.24157299980922,42.346272000250714],[-76.24157299941673,42.34633699960023],[-76.24162499962556,42.34636999971139],[-76.24164799975875,42.346398000390494],[-76.24175099939994,42.3464709999552],[-76.24176399952958,42.346504000039246],[-76.24175299997502,42.34653600014382],[-76.24176499999058,42.346569999910166],[-76.24174600005051,42.34660299986954],[-76.24166799989058,42.346689999835576],[-76.24148399989167,42.346853000385714],[-76.2413640004407,42.34690899996209],[-76.2412700005046,42.346914000167445],[-76.24108800033405,42.34689899980093],[-76.24101999939604,42.34687399970396],[-76.24095400019768,42.346902000263924],[-76.2409080003687,42.34691099976354],[-76.24086199954655,42.346910999637764],[-76.24081599995186,42.34692099965587],[-76.24077800029758,42.34694299992156],[-76.24060900017228,42.3470079999937],[-76.24050500000847,42.34708000017193],[-76.24047799979624,42.347107999941784],[-76.2404089995713,42.34715400037385],[-76.24034500041945,42.34720700009523],[-76.2403180003293,42.34723600038364],[-76.24030299956212,42.34726800040699],[-76.24030499987133,42.34730200043575],[-76.24033100046077,42.347441000216214],[-76.24034599998456,42.34749600010404],[-76.24038299997248,42.34756200044851],[-76.2404050002733,42.34764399998355],[-76.24041999985354,42.34775999966201],[-76.24038900018604,42.34778300026644],[-76.2403740005454,42.347815000284186],[-76.24021599940897,42.34806500016803],[-76.24018399979536,42.34809099969808],[-76.24013400018164,42.34818999959109],[-76.24010499975515,42.34821800019249],[-76.24001199984146,42.34837699969132],[-76.2400170000621,42.348410999692724],[-76.2399979994334,42.34844200004871],[-76.239984999918,42.34854599961993],[-76.23996599945862,42.348577999625284],[-76.23996700042666,42.3487169996698],[-76.23998899950104,42.348857000104175],[-76.240008000532,42.34889000031193],[-76.24001800046,42.348992000360305],[-76.24000799994846,42.34909699956501],[-76.23998000001126,42.34916400024849],[-76.23981199965002,42.34922900003075],[-76.23978200037597,42.349255999984294],[-76.23976400051613,42.349353999813765],[-76.23976300042506,42.349413999952375],[-76.23980899956355,42.34945700019133],[-76.23984599972071,42.34955800038441],[-76.23986700037418,42.34965899978459],[-76.23986699953234,42.349687000093375],[-76.23983699972081,42.34981300031966],[-76.23980100042532,42.34987899954814],[-76.23965300017032,42.3500329999261],[-76.23960100000822,42.35006299984055],[-76.23944300038674,42.35012400038696],[-76.23940800016666,42.35013199958629],[-76.23932699979837,42.35018100017199],[-76.23917200050983,42.350229000289936],[-76.2391080001769,42.350261999874746],[-76.23906299996713,42.35027400030997],[-76.23876700008432,42.35039700030218],[-76.23858599943073,42.35049800031891],[-76.2385200005593,42.35054500015157],[-76.23847800018335,42.35056300011254],[-76.23836599952422,42.35062499992776],[-76.23829900032302,42.35067399984536],[-76.23825699959907,42.35069100007225],[-76.2381879995405,42.35073499983663],[-76.23796300023466,42.350860000217246],[-76.23787299990245,42.35093999986158],[-76.23781799991671,42.35099800013183],[-76.2377369999939,42.35112299961648],[-76.23771900012308,42.3511899998378],[-76.23772399955868,42.35122499959078],[-76.23770199945827,42.35125700007519],[-76.23770900040834,42.3513259998696],[-76.23769500028938,42.3513580004394],[-76.23769800002378,42.35139300016723],[-76.23772100045908,42.35149600017433],[-76.23772699959748,42.35156400031687],[-76.23777299954597,42.351733000412985],[-76.23781099954175,42.3518340003405],[-76.23784799975934,42.351888999827246],[-76.23788599983372,42.351970999946694],[-76.23795999988529,42.35205900011153],[-76.23796700027775,42.35208699955766],[-76.23799700038602,42.35211400044503],[-76.23799699993602,42.35214199983939],[-76.2380339995083,42.35217999970464],[-76.23814500000081,42.352360999609594],[-76.23816700033478,42.352376999666994],[-76.23818899996752,42.352442999664],[-76.23821199944976,42.352476000192816],[-76.23830800001298,42.35274000013414],[-76.23836699965963,42.35295899996052],[-76.23840399948168,42.35312900026996],[-76.2384119997279,42.353234000247305],[-76.23846400022991,42.35348100024489],[-76.23848599973638,42.35351399980678],[-76.23851599982598,42.35373900003893],[-76.23853799952744,42.35375500002697],[-76.2385680005902,42.35391400039915],[-76.2385980000364,42.35401299978927],[-76.23862799994353,42.35421100025105],[-76.23864999984042,42.35422700021379],[-76.23866500042267,42.35433700024928],[-76.23868700043191,42.35435899994139],[-76.2387019998414,42.354463000244046],[-76.23871700005931,42.354490999650444],[-76.23876799984353,42.35474300044128],[-76.23877599945254,42.354857999632536],[-76.23874700019812,42.35489699967381],[-76.23877600026916,42.35494099989613],[-76.23878399994409,42.35505599998278],[-76.23874699968135,42.355314000339696],[-76.23871000036021,42.355395999972956],[-76.23866600048937,42.3555500000289],[-76.23864300021751,42.355594000146446],[-76.23861400011116,42.355670999693665],[-76.2385840001825,42.355785999661826],[-76.23857699980388,42.3558360004518],[-76.23855499998798,42.35586899983022],[-76.23855999954476,42.355928999919726],[-76.23854000004424,42.356153999871005],[-76.23852599980322,42.3564010003739],[-76.23855500005139,42.35662100039862],[-76.23859300014814,42.35671900010609],[-76.23859300010706,42.356735999658135],[-76.2386369993947,42.3567799999529],[-76.23865199988539,42.35681800041334],[-76.23870399990582,42.35689000005982],[-76.23874100006537,42.35697199981514],[-76.23878499956231,42.357026999863706],[-76.23880000020402,42.35706500030126],[-76.23882200015198,42.357081999876165],[-76.23885200060222,42.357136999872694],[-76.23891099987007,42.35721899959241],[-76.23892599942172,42.35725700002375],[-76.2389479994713,42.35727399957265],[-76.23896300027303,42.35731199998519],[-76.23898500034461,42.35734000024164],[-76.2390219999496,42.35741100009028],[-76.23905199943025,42.357437999777005],[-76.23911900020354,42.35761400030863],[-76.23916299944337,42.35783400011457],[-76.23922300045633,42.35801999984052],[-76.23923800056922,42.35803700024828],[-76.23928199999715,42.358146000404375],[-76.23929700016308,42.35820100032063],[-76.23931900055602,42.35822299986961],[-76.23934899957511,42.35827799973882],[-76.2394449999349,42.35838200043729],[-76.2394819995566,42.35844800004394],[-76.23950499968707,42.35850299989122],[-76.23962999950476,42.35864600035597],[-76.23969000038662,42.358706000001554],[-76.23968200049464,42.35881599997096],[-76.23969699980277,42.35886500010345],[-76.2397119996443,42.358953000295664],[-76.23968999965155,42.359024000289935],[-76.23974200001325,42.35907899988431],[-76.23975699966017,42.35912899965821],[-76.23980100033724,42.359189000257146],[-76.23983100033603,42.35925999986714],[-76.23980100021969,42.35938699955165],[-76.23977199972656,42.35945799961531],[-76.23976499961374,42.35960599997989],[-76.23977900049819,42.35970499995779],[-76.2398019997744,42.359727000312155],[-76.23981699966946,42.3597980000339],[-76.2398389996617,42.35981500030321],[-76.23985399952932,42.359870000132524],[-76.23991300021164,42.35993600028917],[-76.23992799966715,42.35996299986043],[-76.24000199989453,42.360039999651505],[-76.2400980000916,42.36011700007087],[-76.2403500002517,42.3602540003941],[-76.24044599972783,42.36032499989294],[-76.24053500034583,42.36040700010533],[-76.24059400007414,42.360478999644656],[-76.24060900049824,42.36052299955315],[-76.240630999762,42.36054499975168],[-76.24065400052133,42.36060500031537],[-76.24070499939837,42.36068200000072],[-76.24081700059679,42.360818999558596],[-76.24091300026858,42.3608899995549],[-76.24109799939528,42.3610549996073],[-76.24120899961284,42.36113699976652],[-76.24133500042672,42.36120799968818],[-76.24138699992167,42.36121400011731],[-76.24146800047728,42.36126300034113],[-76.24182999983809,42.361570000142834],[-76.24183900022403,42.361587000346],[-76.24191299999248,42.3616689998536],[-76.24192799940873,42.361690999978194],[-76.24209799974808,42.36184499985869],[-76.2421349995335,42.36188899984886],[-76.24220900043733,42.36202599997204],[-76.24217999950723,42.362103000344796],[-76.24217199946223,42.36220199971364],[-76.24214999966301,42.362218000213865],[-76.24214999944246,42.362262000334056],[-76.24212800000304,42.36228399965494],[-76.24200199974493,42.362344000416634],[-76.2419500001635,42.362354999804495],[-76.24183200028396,42.362394000209385],[-76.24170599998997,42.36246500045011],[-76.24169199970531,42.36249300013093],[-76.24170600040603,42.36253100017021],[-76.24185500005763,42.36268500000257],[-76.24189199940768,42.36276700045443],[-76.2418839999428,42.362860999712765],[-76.24190699990523,42.362991999799185],[-76.24192900037241,42.36300899964932],[-76.24194400047243,42.36306400006804],[-76.24196599988962,42.36308599999628],[-76.24198799940247,42.36339299963284],[-76.24203999993644,42.36345899973327],[-76.24206300059355,42.36351399990697],[-76.24208500021248,42.36353599980809],[-76.24212900057177,42.36367799994768],[-76.24216600012488,42.3637169998409],[-76.24232199951473,42.36382099989739],[-76.24237400020252,42.363831999931506],[-76.24248500017708,42.36387600022863],[-76.24261800009715,42.36398499975999],[-76.24269200023454,42.36402400007108],[-76.24275899962937,42.36402899971966],[-76.24296600032098,42.36401299989846],[-76.24309900048019,42.364012999612015],[-76.24324699995474,42.36394699980747],[-76.24327700019373,42.36393000003721],[-76.24338799971017,42.36390299968418],[-76.24349199949164,42.363897000348786],[-76.2435729998105,42.36390300040634],[-76.24369099965465,42.36393600034889],[-76.24376600008516,42.363935000236474],[-76.24386900021258,42.36390799975026],[-76.24398700001707,42.363907999986544],[-76.2440250000305,42.363929999698],[-76.24433600014311,42.36415500037507],[-76.24446900030797,42.3642209999986],[-76.24466899957734,42.3642419999755],[-76.24472100005556,42.36428100007169],[-76.2447209997944,42.364319000446294],[-76.24478000030813,42.364374000031134],[-76.24487600003476,42.3644019998019],[-76.24494300003728,42.36443399963745],[-76.24500199965564,42.364489000016555],[-76.24503899941665,42.364532999942554],[-76.24507600016899,42.36459900034368],[-76.24509099989943,42.3646429996336],[-76.24512800033423,42.364680999795645],[-76.24513599993216,42.364720000288735],[-76.24517300018269,42.36478000003456],[-76.24524700057495,42.36484600015215],[-76.24531299968571,42.36487900038733],[-76.24541000036224,42.36490099991372],[-76.24545400001229,42.3649060001847],[-76.24549800005843,42.36490100029052],[-76.24572099986439,42.36491699972163],[-76.2457429996163,42.36493399973863],[-76.24578700007083,42.36494499959892],[-76.24591300040585,42.365038000318144],[-76.2460759996099,42.36519700008499],[-76.24617199941261,42.36527399982288],[-76.24638699983042,42.3654000000261],[-76.24650600050039,42.36546000024505],[-76.24658000017507,42.36548200031093],[-76.24663199996235,42.36550900008392],[-76.24676500024994,42.36555300012365],[-76.24690599940416,42.36558099959461],[-76.2469650001867,42.36558600002359],[-76.24739399980538,42.36557999993126],[-76.24760899982417,42.365597000427336],[-76.24776400049024,42.36563499970328],[-76.2479049997813,42.36569500037685],[-76.24794899993128,42.36570600030747],[-76.24800099963899,42.365734000011905],[-76.24806100048777,42.36574999959138],[-76.24827500051678,42.365849000255636],[-76.24835700012251,42.365876000388],[-76.24842300052833,42.36591500033188],[-76.248519999681,42.365942000004935],[-76.24860899977516,42.365985999782765],[-76.248742000182,42.3660239995947],[-76.2488010005008,42.366052000126324],[-76.24885299945723,42.36605700020607],[-76.24887499991283,42.36607899967853],[-76.24894900045697,42.36609599993021],[-76.24906000012577,42.366138999575895],[-76.24908999956534,42.36613400045002],[-76.24916399983444,42.36615000001102],[-76.24934900041158,42.36617199998314],[-76.24957800060662,42.366183000277154],[-76.24965199996379,42.3661899999465],[-76.24983699973231,42.36624000025187],[-76.24991100051692,42.36627799981223],[-76.25002200040501,42.36631600025141],[-76.25013999973842,42.366403999700665],[-76.2502660000107,42.36653100002792],[-76.25031799999915,42.36664600006313],[-76.25032499946221,42.366716999999674],[-76.25034699987812,42.366734000016876],[-76.25036200056428,42.36679999996804],[-76.25039899980733,42.36683300014926],[-76.2504059994179,42.36687099979853],[-76.25047299961653,42.366965000115826],[-76.25062800003336,42.367124000418805],[-76.25079099996836,42.36727199988946],[-76.25087199944,42.36731099956086],[-76.25098299952427,42.36737599960755],[-76.25104300039024,42.36740399976259],[-76.2511530001802,42.36747500037502],[-76.25165599975321,42.367871000066415],[-76.25191499974076,42.368002999925885],[-76.25199000001935,42.36801900023846],[-76.25204900000479,42.3680469999853],[-76.25211500021035,42.368058000280875],[-76.25214499964837,42.36807400028134],[-76.25223399968915,42.36809100027079],[-76.25236699948736,42.368156999657266],[-76.25261799975537,42.36829399982153],[-76.25288499970165,42.36845900038181],[-76.2530699999841,42.36855200032683],[-76.25320300027361,42.368596000052435],[-76.25335099989515,42.36867299980435],[-76.25355799973475,42.36875599964913],[-76.25363199969573,42.36879400039036],[-76.25372800038492,42.3688219998952],[-76.25409099963048,42.36899199963069],[-76.25417199941427,42.36907999976306],[-76.25420900025057,42.36915099990554],[-76.25422400043624,42.36924500041429],[-76.25424599989746,42.36926100002874],[-76.25425400055417,42.369294000110145],[-76.25424599948019,42.36935400019406],[-76.25428300011359,42.36939799977106],[-76.25432000049939,42.36960000036075],[-76.25435000020383,42.36964499961913],[-76.25436399968858,42.36972799955737],[-76.25438600058838,42.36974400002803],[-76.25440100043203,42.36982600016797],[-76.25442300053867,42.36984800035914],[-76.25443800001601,42.36989799989283],[-76.25446000016116,42.36992000007615],[-76.25447500051818,42.36996399987549],[-76.25457100000682,42.37005700043668],[-76.25464500021282,42.37014500026739],[-76.25475599998617,42.37021099986745],[-76.25481500043354,42.3702330002499],[-76.25483799993305,42.370248999607504],[-76.25490400009706,42.3702769995914],[-76.25505199967408,42.370293000272206],[-76.25537800029095,42.370380999806095],[-76.25542999991083,42.37040899970489],[-76.2554809997922,42.37041399960023],[-76.25556300023344,42.370469000116806],[-76.25569600009194,42.370607000318316],[-76.25583699977251,42.37068899970906],[-76.25593299961416,42.37069999965811],[-76.25615499990897,42.37066700037584],[-76.25629600006735,42.37063400039569],[-76.25648800031401,42.370644999655006],[-76.25654000010472,42.370683999729174],[-76.25654699956843,42.37080999993724],[-76.25662099964056,42.37087599980917],[-76.25668000014765,42.37089800012602],[-76.25724999983358,42.371007999854584],[-76.25736100022435,42.37104100026075],[-76.25741299953135,42.371067999604136],[-76.25747199957603,42.37110699991658],[-76.25751700045923,42.37117300029422],[-76.2575310006006,42.37121100012665],[-76.25757599950849,42.37129400000017],[-76.25767899995283,42.371382000307214],[-76.25770199959913,42.37143100022806],[-76.25775300053144,42.371464000178335],[-76.2578939997743,42.37154099965834],[-76.25798300006186,42.371530000379785],[-76.25827200028081,42.371393000321255],[-76.25835299960659,42.37136499992003],[-76.25842000049997,42.37134900036602],[-76.25845700001139,42.3713490003597],[-76.25853799978857,42.3713380002216],[-76.25864900028871,42.37138700012021],[-76.25868600028268,42.371415000214036],[-76.25888500044572,42.371595000368586],[-76.25889300060037,42.371612999920664],[-76.25907800028115,42.37180999987662],[-76.25909300051289,42.37183800010749],[-76.25927800058804,42.371920000063874],[-76.25939600015255,42.37199199990787],[-76.25945600012348,42.37201899957775],[-76.25952999984672,42.37207399957339],[-76.25980300052164,42.372321000172775],[-76.25984800050254,42.3724689999392],[-76.2599590000861,42.37258499958749],[-76.26005500043574,42.372672999917214],[-76.26015099992713,42.372733000002356],[-76.26026200052002,42.3727820001189],[-76.2603660000253,42.37281499981068],[-76.26058800043295,42.37287599978184],[-76.26077300044531,42.37289800015152],[-76.26082500012707,42.372913999951194],[-76.26103899948555,42.37294700041995],[-76.26119499999506,42.37298000008173],[-76.26124600055394,42.37298599975007],[-76.26135699940875,42.37301300016669],[-76.26140900023059,42.37304100001769],[-76.26149799966824,42.37307399982716],[-76.26154200006965,42.37308499990884],[-76.26160900034151,42.37311199975541],[-76.26165400037216,42.37312299959956],[-76.26186100007902,42.37318900014738],[-76.26192700037669,42.373216999659526],[-76.26197199943178,42.37322199967475],[-76.26207499976225,42.373254999803095],[-76.26226000017334,42.37327699956385],[-76.26268999951692,42.37339300032778],[-76.26279299993533,42.373415000031684],[-76.26289699944014,42.37342599966749],[-76.26317800049148,42.37346400011911],[-76.26336299960134,42.373514000076575],[-76.26347400046903,42.373569000379604],[-76.26357099988653,42.373624000006615],[-76.26363700048617,42.373683999999635],[-76.2636740002928,42.373761000328415],[-76.26382900026921,42.37388700027553],[-76.26397700034451,42.373952999908056],[-76.26402899981791,42.373963999989535],[-76.26421399945595,42.37399199991076],[-76.26424400047676,42.37400300023857],[-76.26439899946699,42.37402999965068],[-76.26457699967473,42.374051999924426],[-76.26462100023713,42.374069000331566],[-76.26471800026887,42.37407999987756],[-76.26482900030038,42.374157000215455],[-76.26486599952709,42.37421699976912],[-76.26487300030233,42.37425500025476],[-76.2648950000236,42.374272000152224],[-76.26492500036332,42.37435399990864],[-76.26504300014837,42.37500199956763],[-76.26500600013487,42.37507300040205],[-76.26506199964231,42.37515499958847],[-76.26518799996404,42.37524900011178],[-76.26526899961658,42.37529800043626],[-76.26535800004135,42.37531500008354],[-76.2653800000497,42.37532600016915],[-76.26546899990308,42.375342000084565],[-76.26551299980704,42.37537499998096],[-76.26554300026595,42.37536500007997],[-76.26582400034901,42.375396999710546],[-76.26609700015638,42.375417999884654],[-76.26611999975975,42.37542500008716],[-76.26631999988531,42.37544699960819],[-76.26641599993734,42.37547399957936],[-76.2664540002867,42.375474000338095],[-76.26663900027286,42.375517999753],[-76.2667720005561,42.37557299960513],[-76.26679400005334,42.37559000003513],[-76.26694200048543,42.375742000058864],[-76.26694900023301,42.37576000017983],[-76.26714900038847,42.37591900004554],[-76.26728199968099,42.375984999979906],[-76.26735599971987,42.37601799982062],[-76.26763800013362,42.376089999710985],[-76.26772999987145,42.376105000162624],[-76.26774899991759,42.376117000197304],[-76.26783899944797,42.37612700010849],[-76.26788500008797,42.37614000013854],[-76.26812600041906,42.37617800033964],[-76.2682149997341,42.37619399992286],[-76.26836300037884,42.37622699993489],[-76.26864400005218,42.376276999872886],[-76.26896299980278,42.37628200032566],[-76.26915699965555,42.37626599980247],[-76.26917700044775,42.37625500013931],[-76.26931100045256,42.376254999729504],[-76.26944399994927,42.376287999639665],[-76.26950800011706,42.3763139995908],[-76.269533000295,42.376314999755316],[-76.26969300024707,42.376395999721844],[-76.26971799997011,42.37639800040292],[-76.26988799990289,42.376502000189895],[-76.26994700060311,42.37652399993484],[-76.27014399946508,42.37662200041753],[-76.27016899977207,42.3766230004415],[-76.27021799980305,42.37665399964737],[-76.27024299964252,42.37665600021226],[-76.27028800020983,42.37668399972238],[-76.27039100014807,42.37671099983423],[-76.27044799949297,42.37673799994265],[-76.27051300045113,42.37675099997497],[-76.27056199955771,42.37677699988572],[-76.27061300043572,42.376787999929306],[-76.27071700058934,42.37683199984314],[-76.27076899996437,42.376842999555635],[-76.27080600055864,42.37686499957812],[-76.27106499944304,42.37688699956259],[-76.27122799989372,42.37687000008037],[-76.27126500010672,42.37686000031161],[-76.27130900031257,42.376832000323354],[-76.27139099991385,42.376805000000275],[-76.27152400045063,42.37671700004962],[-76.27159799997212,42.37665699985921],[-76.27179099996988,42.3765360002567],[-76.27194600014707,42.3764919997645],[-76.27201300029854,42.37648700015184],[-76.27225699997652,42.37649800020893],[-76.27231600027423,42.376519999637296],[-76.2725320006018,42.376536000126144],[-76.27267899979456,42.37656900026842],[-76.27272400016176,42.3765969997228],[-76.27279800056148,42.376585999671896],[-76.27294099955262,42.37660700034652],[-76.27295999952761,42.376619000414934],[-76.27305700006748,42.3766300000842],[-76.2731880005064,42.376654999917875],[-76.27322999995732,42.37666899956106],[-76.27358999995424,42.376744999585036],[-76.27374100018201,42.376772000130956],[-76.27376000035666,42.376784000063715],[-76.27392199944894,42.376805000025726],[-76.27394499963755,42.37681099989585],[-76.274145999656,42.37683200018971],[-76.27416700043815,42.37684400033253],[-76.27420399950016,42.37684399974239],[-76.27445200060752,42.376881000110394],[-76.27447100051612,42.37689399957873],[-76.2746519995118,42.37691499980599],[-76.27467099990002,42.376926999584555],[-76.27481000023265,42.37693700029377],[-76.27483300054998,42.37694299998377],[-76.27512199967599,42.376986999809525],[-76.27526400030935,42.37700299962282],[-76.27528500014284,42.37701499957034],[-76.27563299992633,42.377059000039225],[-76.27578799995928,42.377075000439405],[-76.27609900014389,42.377151999889854],[-76.27619600059586,42.377185000028156],[-76.27632499968507,42.37721199983892],[-76.27636899990965,42.3772249998154],[-76.27649200042042,42.37725099993376],[-76.27655100055325,42.37727899958453],[-76.27667700015515,42.37735499998773],[-76.27690599958862,42.37750400005237],[-76.27720000053556,42.37764800036154],[-76.27722400054428,42.37765199993679],[-76.27734300005388,42.37772899979393],[-76.27743899980443,42.37775600041126],[-76.27750599966922,42.377767000108214],[-76.27789799947074,42.37777300020192],[-76.2780609995516,42.37787700009062],[-76.27822399954472,42.37802600024211],[-76.27841299986895,42.378149000258894],[-76.27859400018771,42.378251000162656],[-76.27869000003845,42.37829500009208],[-76.27876400053998,42.378316999972405],[-76.27881600050685,42.378344000336014],[-76.2788750005286,42.37836099992197],[-76.2790230004155,42.378454000303186],[-76.27904499949278,42.37848100027837],[-76.27904500024638,42.37850299978987],[-76.27908199962735,42.378535999600345],[-76.27908199951449,42.37856399972714],[-76.27910399944976,42.37861300010085],[-76.27920099948558,42.378678999663784],[-76.27951899943727,42.3786899995723],[-76.27958599970265,42.378718000209915],[-76.2796300003809,42.37875600009413],[-76.27968899996259,42.37883299991443],[-76.27968900028293,42.37892099978398],[-76.27967400049712,42.37896999971359],[-76.27965500024219,42.37898500034257],[-76.27963699995743,42.379030999687295],[-76.27945199991845,42.37919499998113],[-76.27943700039799,42.37923899982113],[-76.27944500060399,42.37939299990489],[-76.27940699958968,42.379585000307145],[-76.27937800054148,42.37971699954544],[-76.27937800005886,42.379749999724076],[-76.27940699969233,42.379887000117115],[-76.27942199965766,42.379908999724655],[-76.27949599948403,42.379964000201454],[-76.27955500022738,42.379991000427964],[-76.27968400043893,42.3800180000181],[-76.27970300030476,42.380029999858166],[-76.27997699973332,42.38006300016895],[-76.28002199948651,42.38006300021972],[-76.28014799975962,42.38007899970655],[-76.28030299953728,42.38011800034272],[-76.28046599990516,42.38017800042032],[-76.28048800018524,42.38019400033825],[-76.28057699994943,42.380217000445],[-76.28059900027107,42.38023300034094],[-76.28065100053115,42.380244000045565],[-76.28068800003365,42.38025999986307],[-76.28079899968672,42.38027099956021],[-76.28094699943242,42.38025500040387],[-76.28103599961479,42.38022799962057],[-76.28109300000838,42.380195999709315],[-76.28111800010844,42.38019499984312],[-76.28116899974941,42.380166999816666],[-76.28129499950923,42.38013999957348],[-76.28147300006356,42.38016099998917],[-76.28149300001672,42.38017300005886],[-76.28156199990545,42.38017299957356],[-76.28165100028265,42.38015600021762],[-76.28175300022366,42.380091999756694],[-76.28175399940565,42.38007400028191],[-76.2818210000189,42.38001000024576],[-76.28182799977907,42.3799920003143],[-76.2819020004714,42.37994799961617],[-76.28193899956216,42.379942000423135],[-76.28200599951693,42.379914999956696],[-76.28206499943515,42.37990399957663],[-76.2822309995797,42.379924999744475],[-76.28227499957599,42.379936999593546],[-76.28255400041165,42.37999200034719],[-76.28275899955405,42.38002300029196],[-76.28277600031699,42.380036000027886],[-76.28307200028031,42.380058000045835],[-76.28325699985601,42.380041999833026],[-76.28345699968669,42.37998699991414],[-76.28360499991686,42.3798989999864],[-76.28361999950312,42.37987100032006],[-76.28364999962889,42.3798549995908],[-76.28366499966731,42.37975100037294],[-76.28368700005119,42.37973400040776],[-76.28371699989262,42.379503999743356],[-76.28376799981353,42.379459999649086],[-76.2838059999302,42.37944299969397],[-76.2839170004886,42.379443000210216],[-76.28397600033499,42.379464999917786],[-76.28399799976062,42.37948199972275],[-76.28410899973325,42.37959200032137],[-76.28418300028115,42.3796580002152],[-76.28429399957736,42.37972300016379],[-76.28441200022671,42.379761999993576],[-76.28445799944346,42.37976199971227],[-76.28447899979903,42.37977300010829],[-76.2845979996885,42.37977300038709],[-76.28474599995243,42.37975600027384],[-76.28481999955976,42.379739999622366],[-76.28499699977512,42.37966900012756],[-76.28503400038642,42.379641000408036],[-76.28522000048912,42.37947100004208],[-76.28533800008084,42.379388999817785],[-76.28539700009883,42.3793829995764],[-76.28547099999537,42.379383000111325],[-76.28559699999367,42.37940499961838],[-76.28576800007407,42.379448999891636],[-76.2859899996012,42.37952099977114],[-76.28602700024622,42.3795259998976],[-76.2860490002705,42.379548000253656],[-76.28610799994468,42.3795590000085],[-76.28618199947249,42.37959200025388],[-76.28629299976801,42.37962500043766],[-76.28631499986479,42.37964199978823],[-76.28636699940945,42.3796529996086],[-76.28649300018638,42.379690999726996],[-76.28661099992607,42.37970799959148],[-76.28672299967558,42.379691000225385],[-76.28679699992468,42.3796750000923],[-76.28695199964389,42.3796310000499],[-76.28704400026896,42.37961500030022],[-76.28706299949701,42.379603000115154],[-76.28714499947014,42.379609000406305],[-76.28723300023086,42.379625000001965],[-76.28731500039979,42.37969099989443],[-76.28740499990876,42.379793999611515],[-76.28741100021153,42.37981199977417],[-76.28744799998937,42.37983899985951],[-76.28755900032122,42.37990499987577],[-76.28765500023502,42.37993299966049],[-76.28781799943751,42.37996599962706],[-76.28815099943051,42.3799929995725],[-76.28832999951267,42.379987999806225],[-76.28835100023055,42.37997699997942],[-76.28846199947341,42.37998199975961],[-76.28858099998405,42.379998999852205],[-76.28868499950953,42.38003199985834],[-76.28885500010571,42.38007600044344],[-76.28894400014454,42.38008100034111],[-76.28905499999968,42.380064999683306],[-76.28915099992167,42.38001500029035],[-76.28949800011746,42.3797469997356],[-76.28950599960174,42.379730000351785],[-76.28967700028569,42.37960400022098],[-76.28976600053046,42.37957100016693],[-76.28985399946562,42.37956000001106],[-76.28997300014022,42.37956000010349],[-76.29012099970272,42.379597999932706],[-76.29014799996956,42.379617999758885],[-76.29017300037243,42.379619999566515],[-76.29052599992494,42.37980199966429],[-76.29057300001487,42.37982399957548],[-76.29062399954438,42.37983499971442],[-76.2906469997514,42.37985699962923],[-76.29101699992403,42.37992199993584],[-76.29130599949256,42.37992800007842],[-76.29156499946855,42.37991200028077],[-76.29158699957308,42.37992299981418],[-76.29164599994236,42.37990600020205],[-76.29178599998507,42.37989600034386],[-76.2918089999146,42.37988999992114],[-76.29199400052252,42.3798730003561],[-76.29204599956188,42.37986199989864],[-76.29222700058588,42.37984099960779],[-76.29224600012395,42.3798290003636],[-76.29233599994252,42.37982399976307],[-76.2923569999074,42.379813000112584],[-76.29269699961922,42.37978000007751],[-76.29309699979315,42.37978600021413],[-76.29362300009993,42.379812999881054],[-76.29369000059413,42.379829999700036],[-76.29384500037862,42.37984099990924],[-76.29389700011765,42.3798629996604],[-76.29404500038883,42.37987900030514],[-76.29418099996157,42.37991300026039],[-76.29432600012181,42.379939999941605],[-76.2945710005134,42.37999999963223],[-76.29471500023834,42.38002599966135],[-76.29473400053448,42.38003799969939],[-76.29492600012767,42.38005499990682],[-76.29495000026472,42.38006599961472],[-76.29523000018158,42.38008199976477],[-76.29548099943264,42.38011000036743],[-76.29556999945882,42.380175999873074],[-76.29559200040616,42.38032400017982],[-76.29562900005438,42.38036799976539],[-76.29571100051774,42.380416999569576],[-76.2958590003165,42.38044499997228],[-76.29594800020038,42.38049399973115],[-76.29608800003177,42.380615000066484],[-76.29611799984036,42.380659000284204],[-76.29614000060424,42.38067499988248],[-76.2961400000778,42.38069700028718],[-76.29617699998845,42.38072999993974],[-76.29618499944257,42.38076900029231],[-76.29621400015294,42.380807000373856],[-76.2962210001659,42.38087400041437],[-76.29623599950052,42.38088900026269],[-76.29623600010291,42.38092800010152],[-76.29619200049177,42.38105399959807],[-76.29615499944794,42.38112500045181],[-76.29613300049144,42.38119100002507],[-76.29615500045108,42.38123499972332],[-76.29619199988774,42.38126300022409],[-76.29622900028536,42.3812790004037],[-76.29628799970341,42.381290000312376],[-76.29638399995294,42.38129599956834],[-76.29674700018853,42.38126300026763],[-76.29682100028731,42.3812740004178],[-76.29698899957326,42.38131700018906],[-76.2970139997085,42.38131799975554],[-76.29704299978847,42.38133999983271],[-76.29707999993938,42.38134499999204],[-76.29714000032594,42.381378000238186],[-76.2972880003832,42.38144899992178],[-76.29745800057121,42.38154299991015],[-76.29749499994419,42.38154299989502],[-76.29753900034194,42.38157600001424],[-76.29768699947998,42.38161399994825],[-76.29781299994954,42.38163100034967],[-76.29792399973965,42.381625000207244],[-76.29813899973975,42.38151600029415],[-76.29822100011823,42.38150999955236],[-76.2983240004303,42.38151000015896],[-76.29838300042323,42.38152099988124],[-76.29842899983063,42.381545999632664],[-76.29859099994061,42.38168600037924],[-76.29859800055021,42.38171299986499],[-76.29869399953728,42.38180600001961],[-76.29873100020131,42.38187199986711],[-76.29873099990158,42.38194399984405],[-76.29870200001305,42.38202099970853],[-76.29870199996647,42.382053999846356],[-76.29873100016114,42.3821300003692],[-76.29882699952391,42.38220199965812],[-76.29896099970004,42.382278999684104],[-76.29899700011268,42.382304999584385],[-76.29899800046442,42.38232299994794],[-76.29903499940404,42.382349999877555],[-76.29904199993697,42.382387999978846],[-76.29906400010384,42.382426999954696],[-76.29906400025216,42.382460000087654],[-76.29910099961145,42.38259200008942],[-76.29913800000459,42.38265700014863],[-76.29914600052007,42.382689999667846],[-76.29917500058933,42.38271799979466],[-76.29918299945406,42.38280700040072],[-76.29919800032913,42.3828499999213],[-76.29915300046001,42.38294800004874],[-76.2991309995231,42.38296500027178],[-76.2991170002761,42.383017000195665],[-76.29910100028759,42.38303100009881],[-76.29912399950469,42.383140000202964],[-76.29915299981005,42.383205999607036],[-76.2991959997536,42.38333099975144],[-76.29918300043099,42.38337700035888],[-76.29907199959965,42.38347500007861],[-76.29905700051984,42.383525000316155],[-76.29909400038926,42.38366200033631],[-76.29905699944105,42.38397599966907],[-76.29907100045018,42.38399099964192],[-76.29907900043189,42.384045999548356],[-76.29919000050218,42.38412900025422],[-76.29933800059229,42.38421099967996],[-76.299411999981,42.38426000012209],[-76.29947699953728,42.38429399973622],[-76.29950099982275,42.38429899968147],[-76.29955200024902,42.3843369998475],[-76.2995969995804,42.38438100017833],[-76.29960399946286,42.38441999988748],[-76.29962699954156,42.38444699982047],[-76.29964100012872,42.384545999957055],[-76.2996419998804,42.38460099993308],[-76.29961199942443,42.38476499970541],[-76.2995820004073,42.384809000156714],[-76.29958199975862,42.38483700023939],[-76.2994929998993,42.385012000357236],[-76.29947100037492,42.38504500041042],[-76.299433999445,42.38507300025982],[-76.29941900060707,42.385111000239874],[-76.29931600026865,42.38520799989097],[-76.29930800032588,42.385225999593686],[-76.2991980004074,42.38530799999018],[-76.2991900004552,42.38532500003576],[-76.29896800007673,42.385490000299164],[-76.29877499975468,42.38558300034096],[-76.29873100051445,42.38562199974219],[-76.29844200052484,42.38580299955196],[-76.29829399968949,42.38590200027501],[-76.29821400020606,42.385941000147675],[-76.2981900002069,42.385945000373354],[-76.29815299939311,42.385972999806135],[-76.2980489994248,42.38602200037624],[-76.29790100054807,42.38613200030694],[-76.2978419994561,42.38620300038184],[-76.29781299948235,42.38622399983383],[-76.29781199999859,42.386242000323904],[-76.29777499980133,42.38627499967179],[-76.29772300035586,42.38635200026016],[-76.29770299952773,42.386399000342266],[-76.29768599984845,42.38641200000378],[-76.29768599964909,42.38643900042719],[-76.29766399954245,42.38645600035305],[-76.29759699983147,42.38658800007213],[-76.29758300053618,42.386603999822555],[-76.29742699963906,42.38686799958458],[-76.29740499964639,42.38692199996657],[-76.2973900003696,42.38693899985253],[-76.29722800001696,42.38722700026356],[-76.29721200059133,42.387268000308104],[-76.29717500024206,42.3873290004273],[-76.2970740004945,42.38755199956468],[-76.29705700039635,42.38756500003673],[-76.29705700046443,42.38760300018863],[-76.29703399996124,42.38761999960377],[-76.2970050001094,42.38770199992089],[-76.29698199945557,42.38774000005096],[-76.29691699977971,42.387918000176654],[-76.2969010005059,42.387931999757114],[-76.29690099959261,42.38796499987454],[-76.29686400025452,42.3880369996118],[-76.29686399972006,42.38806400003252],[-76.29681999996431,42.38814099974665],[-76.29681999941211,42.38816800016715],[-76.2967820000509,42.388240000382524],[-76.29678199994464,42.38827799963194],[-76.29674500031311,42.388350000231675],[-76.29673100038292,42.38842100035686],[-76.2966930000807,42.388502999736545],[-76.29669400045717,42.38853100018881],[-76.29664900053567,42.38864100044328],[-76.2965749997208,42.38884800011348],[-76.2965749996863,42.388866000087916],[-76.29654499994135,42.388914999774535],[-76.29652300022694,42.38901400035356],[-76.29649399977023,42.38905199979663],[-76.29649300039496,42.389080000351775],[-76.29645600054073,42.38917799981361],[-76.29644200005416,42.389233000125316],[-76.29641199997575,42.3892660000028],[-76.29641200039616,42.38929400005591],[-76.29629299965386,42.389622999935675],[-76.2962930005232,42.389760000361086],[-76.29631500000806,42.38985500003295],[-76.296352999516,42.38995199996603],[-76.296390000295,42.39001799957288],[-76.29645599963492,42.39016700041896],[-76.29649299986544,42.390227000306055],[-76.2965150001853,42.390281999588616],[-76.29654499975534,42.390314999883934],[-76.29656000045281,42.39046799971139],[-76.29655999954974,42.39053399990861],[-76.29653699997463,42.390661000118214],[-76.2965299999094,42.390797999553385],[-76.29656699956361,42.39089100040781],[-76.29681899976195,42.39107200028919],[-76.29690800048489,42.39114900011932],[-76.2969149999135,42.391221000045356],[-76.29694499983816,42.39125900026604],[-76.29693700055147,42.391340999761866],[-76.29689999993083,42.39146200024767],[-76.29691499949875,42.39151700029639],[-76.2969370000033,42.39154400033599],[-76.29698199981206,42.391577000098025],[-76.29706099973204,42.391621999945635],[-76.29710500057027,42.39164200023058],[-76.29712999995047,42.391642999769125],[-76.29724100050139,42.39171999983791],[-76.2973130005414,42.39178399998964],[-76.29734399947569,42.39191200032487],[-76.29732200001732,42.39240099961401],[-76.29734399995012,42.392577999865786],[-76.29735899999416,42.39259300042342],[-76.29736600046995,42.39270300041131],[-76.2973809998764,42.39273000034713],[-76.2974239997331,42.392852999856395],[-76.29744000005529,42.39288500020152],[-76.29747000005281,42.39298799988055],[-76.29746999976997,42.39301599992322],[-76.29749999974891,42.393076000336315],[-76.29752599967203,42.39314499962019],[-76.29754399971783,42.39315800021934],[-76.2975439994698,42.393186000260755],[-76.29756599988586,42.3932080001321],[-76.29758799983283,42.39326300008164],[-76.29760300004287,42.39327900025081],[-76.29769900001527,42.39346600030083],[-76.29770699998176,42.39354999990093],[-76.29772200034834,42.39356500040426],[-76.29772699942883,42.3937719996216],[-76.29768500029508,42.39394900023499],[-76.29767699943007,42.39400400027576],[-76.29764799988303,42.39404199997278],[-76.29764799944047,42.394075000050464],[-76.29762500013597,42.3941460003309],[-76.29761799992446,42.39418500008299],[-76.29764700025743,42.39427800012478],[-76.29767000006456,42.39429500032687],[-76.29769200050515,42.39435000023982],[-76.2977879999781,42.39448699980431],[-76.29789800045853,42.39459000043964],[-76.29789899954541,42.39460799989007],[-76.29793600051181,42.394635000080925],[-76.29794399942172,42.394672999672274],[-76.2979660005266,42.39469500035266],[-76.29796600048314,42.39472300038417],[-76.29799500014505,42.39473899957556],[-76.29802399994166,42.3948079998774],[-76.29803999944677,42.394822000180554],[-76.29805500017923,42.39489299979191],[-76.29808399977003,42.39496999995866],[-76.29810499998413,42.39513200038417],[-76.2981209995725,42.395145999773476],[-76.298129000294,42.39526100008152],[-76.2981510005342,42.39531000021372],[-76.29815100057978,42.39533800024118],[-76.2982030000139,42.39545300026277],[-76.29824699963278,42.395519000083404],[-76.29839499953822,42.39564899978831],[-76.2984319996364,42.395688999737864],[-76.29843999980925,42.395770999956284],[-76.29838799978191,42.39594199999574],[-76.29836600030144,42.39595800038259],[-76.2983509996009,42.39599600018271],[-76.29831399993854,42.39603500024191],[-76.29823199991769,42.396105999749054],[-76.29806200005302,42.396237999814545],[-76.29790800005105,42.396342000354785],[-76.29789899967174,42.39635899990343],[-76.29784700044961,42.39639199975566],[-76.2977060005316,42.396517999963685],[-76.29769100052033,42.396555999667285],[-76.29763199994395,42.396617000356585],[-76.2976320000581,42.39663899979398],[-76.29759500019063,42.39666600025478],[-76.2975800003297,42.39669899990534],[-76.29755800038036,42.39671500014142],[-76.29754300059165,42.396770000124974],[-76.2975140005564,42.396792000024135],[-76.29749099955093,42.39687499963345],[-76.29744100035515,42.39698700010358],[-76.29742500016019,42.3970009997516],[-76.29739499949144,42.397192999555756],[-76.29742499990441,42.397237000183516],[-76.29741700056897,42.397274999858865],[-76.29743800035189,42.397359999623816],[-76.29745400039124,42.397373999995594],[-76.29747500034544,42.39748100008655],[-76.29749100040576,42.397494999551995],[-76.29748399939004,42.397659999816064],[-76.29746200044751,42.39771999979103],[-76.2974319994793,42.39777500024247],[-76.29741200007089,42.39779499980702],[-76.29739500044893,42.397841000360266],[-76.29737300004135,42.397856999663446],[-76.29735799948699,42.397895999869704],[-76.29733600028425,42.39791200005264],[-76.29732099969462,42.39795100025418],[-76.29725400009035,42.39801099976491],[-76.29725400010305,42.398033000099225],[-76.29721700048088,42.39806000043121],[-76.29720200010667,42.398093000031665],[-76.29717999951782,42.39810999984682],[-76.29716500006528,42.39814800036737],[-76.29714299944742,42.39816500017567],[-76.29712800019558,42.3982200000872],[-76.29711300043672,42.398241000305006],[-76.29707600029657,42.39837900010998],[-76.29706900053334,42.39858700043104],[-76.29704699965994,42.398752000165715],[-76.29703200004164,42.39876800033532],[-76.29699499960142,42.39886200034409],[-76.29692799976223,42.39896600032343],[-76.29689099944076,42.398992999654865],[-76.29689100054993,42.39901499997349],[-76.29680200046461,42.399097999546804],[-76.29677200033935,42.399119999760224],[-76.29673299977372,42.3991679998391],[-76.29672799985086,42.399185999608925],[-76.29669800004454,42.39920200011841],[-76.29667599945849,42.39926799962941],[-76.29666099994371,42.39927899971426],[-76.29666100040706,42.399367000129224],[-76.29661699991738,42.39950400005581],[-76.29661699989853,42.39954200013396],[-76.29658100006154,42.399647999749064],[-76.29657999990908,42.399669000037285],[-76.29654300030339,42.39978800004814],[-76.29654300033721,42.39980599998912],[-76.29649800051219,42.399997999827065],[-76.29646800003768,42.400218000208106],[-76.2964460004199,42.400260999680846],[-76.2964019996245,42.40045899955578],[-76.29640200057551,42.40048099987126],[-76.29637199988518,42.400607000132084],[-76.2964090000095,42.400689999901346],[-76.2964830004387,42.40076599970609],[-76.29649100002172,42.400794000187545],[-76.29651999972292,42.4008099997301],[-76.29654199975845,42.400892999809784],[-76.29650500013854,42.400963999651786],[-76.29647600028679,42.40098600017671],[-76.29646100007744,42.401018999664714],[-76.29642400009173,42.401057000348494],[-76.29641600039132,42.401084999871124],[-76.29638699963147,42.40110099980395],[-76.29637200016968,42.40113999985095],[-76.29633500038253,42.40117299957002],[-76.29629799946804,42.401221999934506],[-76.29618700028074,42.40134800023761],[-76.29607600024748,42.401446000439535],[-76.29604600030846,42.40147999981276],[-76.29591999996109,42.40160100012896],[-76.29583899999176,42.40167100043679],[-76.29583099950374,42.40168899986081],[-76.29571999953451,42.40178699971423],[-76.29565299990118,42.40187000003284],[-76.29565300020909,42.401897000383194],[-76.29561699962176,42.40196100012012],[-76.29561600056772,42.40197899964056],[-76.29558700006693,42.40204499968769],[-76.29557899949755,42.40207800009083],[-76.2955359995449,42.402143000209385],[-76.29553500046609,42.40216099972892],[-76.29549000000249,42.40221500021584],[-76.29541699957785,42.402279999835116],[-76.29540900012876,42.40229800011714],[-76.29521700049891,42.40245100022037],[-76.29518699971824,42.40248399972854],[-76.29517200041573,42.402522999610156],[-76.29515000029271,42.40253900027704],[-76.29510500024473,42.40262299989545],[-76.2950679996429,42.40273099968401],[-76.29506799974054,42.402895999821894],[-76.29508300022933,42.40312300034968],[-76.29509799977389,42.40313899992356],[-76.29509799942205,42.40317100030742],[-76.29512700016974,42.403352000308786],[-76.29516400057686,42.403489000232966],[-76.29518400008227,42.403596000236206],[-76.29520100009334,42.4036100004134],[-76.29520799953141,42.4038789998833],[-76.29518600032408,42.40402100005273],[-76.29513399989747,42.40411999960518],[-76.29509699967808,42.40415900039593],[-76.29505999945441,42.40422499971743],[-76.29503799993317,42.404241000352926],[-76.29503799998396,42.404267999795564],[-76.29500100057795,42.40429599993853],[-76.2949860000783,42.40432900012276],[-76.29495600029006,42.40436699958147],[-76.29491899957492,42.40439499971254],[-76.29491200013949,42.40444999986753],[-76.29488199981424,42.40446599990023],[-76.29485999993777,42.40456499992448],[-76.29483100005889,42.40460299976128],[-76.29483100017346,42.404642000354535],[-76.29480199967092,42.404845999923545],[-76.2947860004903,42.40486099972554],[-76.29478599990281,42.404893999748985],[-76.29476400033973,42.40495999972863],[-76.29469699947829,42.40508600044484],[-76.29457099966584,42.405202000092515],[-76.29449699998722,42.40525099984788],[-76.29442300053647,42.40528399981842],[-76.29439300004246,42.40528399998958],[-76.29434900038844,42.40531100007379],[-76.29420800036542,42.40535499969241],[-76.29392700031319,42.40542699999483],[-76.29378599980816,42.40545899974957],[-76.29372700058833,42.40548700013685],[-76.29367499965578,42.405491999903276],[-76.29365299989415,42.4055139999492],[-76.29362300050046,42.405513999906574],[-76.29357899970022,42.40554700028388],[-76.29354900029031,42.40554700022211],[-76.29353299974693,42.40558100033616],[-76.29349000026116,42.40561299963982],[-76.29340099942198,42.40569000044783],[-76.2934010005659,42.40571199984382],[-76.29336400025133,42.40574500039528],[-76.29334900042252,42.405783000381774],[-76.29331900007601,42.40582199995908],[-76.29328199969173,42.40584399987966],[-76.29328199959897,42.40586600018975],[-76.29313399985699,42.406019000111804],[-76.29311899940708,42.40610200033618],[-76.29314099970884,42.40625499960408],[-76.29316299969202,42.406287000328945],[-76.29317099976628,42.40638800035406],[-76.29318599973459,42.406402999618],[-76.29318599955201,42.40652999963134],[-76.29316799983489,42.40657199959624],[-76.29289800004246,42.40657800023262],[-76.29045500032481,42.40663899965181],[-76.28883399985469,42.40668000019084],[-76.26971799959802,42.40715799965682],[-76.26133899967934,42.407367999922094],[-76.25404200050103,42.40755000006757],[-76.25335900049872,42.407568000078214],[-76.25203599965086,42.40761900012945],[-76.24965299964491,42.407712000354586],[-76.23776599975879,42.40798900028277],[-76.22318899969925,42.40832400038001],[-76.21900999980208,42.408419999925435],[-76.21323699957908,42.408553000260945],[-76.20904100050599,42.408648999934556],[-76.20478999953,42.4087470001305],[-76.2018730002635,42.40881400036828],[-76.2002039996813,42.40880399977643],[-76.20012800036811,42.40880599960633],[-76.1978960005044,42.40885500036921],[-76.19187500056998,42.4089860002327],[-76.18994300041021,42.40902799965908],[-76.1846670005966,42.40914400029869],[-76.18417100039932,42.40915500001474],[-76.18137899985385,42.409216000385186],[-76.17301899965378,42.40939899970476],[-76.17111499962782,42.40944100037817],[-76.16509699945475,42.40957100044149],[-76.16321599988991,42.40961399958144],[-76.15765899994786,42.409734999738916],[-76.15719799965683,42.409746000236126],[-76.15327900048062,42.40983200025906],[-76.14927400051985,42.40992000020811],[-76.13992199972638,42.41012399991167],[-76.13979200029651,42.41012700016573],[-76.13273799999725,42.410280999824415],[-76.13262499956194,42.41028299992575],[-76.13018100027654,42.41033700025445],[-76.12974300060125,42.403177999677744],[-76.12967300027346,42.402037999570936],[-76.12464899966913,42.402037000163],[-76.12452099942462,42.40201299986398],[-76.12448399944842,42.39515899995312],[-76.12446700011479,42.392001000372346],[-76.12296199953498,42.39190200022457],[-76.12100799966205,42.38397799970812],[-76.12034800009923,42.38129400009644],[-76.12021100016322,42.38073800027306],[-76.1212610003394,42.38075899986715],[-76.12285399994585,42.38078699974827],[-76.12264999949478,42.37686800032559],[-76.1226190005383,42.37628499991656],[-76.12255599995379,42.375071999640035],[-76.12257299950237,42.37423799973514],[-76.1224390001499,42.36718700038846],[-76.11921200038736,42.367154999976975],[-76.11463599984504,42.36710899967145],[-76.11455399983737,42.366971000227934],[-76.114551000097,42.364235000242125],[-76.11455099953949,42.36301399990042],[-76.11458699964122,42.362430000385416],[-76.11461800037927,42.35728399988171],[-76.1119420001993,42.35726599984476],[-76.11179700001988,42.35463500011328],[-76.11145900002492,42.348420999841686],[-76.11140300035898,42.34731800014129],[-76.10991200008743,42.34734399981828],[-76.10976299977835,42.34491399973063],[-76.10928600005376,42.337325000351306],[-76.11290000045003,42.33727899955271],[-76.11670200020441,42.33723000015944],[-76.11635699992506,42.32656599962827],[-76.11242700006464,42.32652300010822],[-76.11240100001652,42.31860299957778],[-76.10639400034263,42.31873200043114],[-76.10625399983515,42.31034600021702],[-76.10162199995493,42.31039500011967],[-76.10159299955173,42.303327999778055],[-76.09911499995677,42.303398000203984],[-76.0988030004978,42.29488399982662],[-76.09879000049361,42.294507999574435],[-76.09875899962827,42.29365299973787],[-76.10102800021588,42.293645000310846],[-76.10253999945486,42.29361199997353],[-76.10591499967984,42.29354299966935],[-76.10657200058932,42.29352999955248],[-76.10658199999213,42.287356000264545],[-76.10315899981899,42.28731199970006],[-76.1012259997168,42.287287999711744],[-76.10103600051356,42.28457300037315],[-76.10080899974425,42.28131799985083],[-76.10061199969866,42.27848400038558],[-76.10060800033828,42.27842199956882],[-76.10030899971854,42.27842999967547],[-76.09186199964559,42.278654000208405],[-76.08772800027758,42.27875199989374],[-76.08725200043662,42.27167600013677],[-76.08560399954153,42.27172800037587],[-76.0854750004729,42.2717340001256],[-76.08382799986197,42.271796999625344],[-76.08344500043253,42.27181199977939],[-76.08281500027043,42.26474200036909],[-76.08121400027238,42.26471100028005],[-76.08099500035613,42.26198899972389],[-76.0806659999802,42.257985000158804],[-76.08141899979496,42.257975000247164],[-76.0847540001897,42.25785999975267],[-76.08601100028297,42.25782300036523],[-76.08616100030399,42.25781599961213],[-76.0872839994831,42.25777999955875],[-76.08870699974406,42.257739000140106],[-76.0897429995866,42.25770199976513],[-76.09391800017914,42.25753999984202],[-76.0966290001441,42.25745000004303],[-76.09636500010741,42.25006700043683],[-76.09634600020817,42.24952100004399],[-76.09090800011234,42.24963600043034],[-76.09059400044323,42.24422499981421],[-76.08893299942604,42.24423400034917],[-76.0871970005186,42.244236999859766],[-76.08718199992731,42.244058000341994],[-76.08684799984022,42.240297999856736],[-76.08649799976982,42.23486299966345],[-76.08470500002146,42.23486300020886],[-76.08468800048283,42.23447400029701],[-76.08467499969409,42.23425599994801],[-76.08449900028629,42.2304709999862],[-76.08113400045895,42.23049499974324],[-76.08110199978256,42.22978700032555],[-76.08109499942901,42.229391999913936],[-76.0811159994812,42.22761000006548],[-76.08111800004005,42.22748800009376],[-76.08111199940953,42.224993000062824],[-76.08111199970631,42.22488599973088],[-76.08108800002309,42.21864299998343],[-76.08145100042837,42.218646000180115],[-76.08165900007538,42.21865099966003],[-76.0818889997253,42.21864100042196],[-76.08170199956096,42.215543000009156],[-76.08162300026402,42.21428000009931],[-76.08142000022035,42.21101000011875],[-76.0819060001936,42.21099000014527],[-76.08562300043644,42.21084100044264],[-76.08541100011206,42.20792799983415],[-76.08537300004355,42.207394999920986],[-76.08521100023,42.20546399970278],[-76.08521599998026,42.20528999976084],[-76.08513100025536,42.20253800013767],[-76.0848979998732,42.19928800030068],[-76.08419500023896,42.19931600011152],[-76.08402000008893,42.196613999661956],[-76.08371699941144,42.193849000068745],[-76.0848780002323,42.193805000411324],[-76.08487399949973,42.19363899991791],[-76.08731800044546,42.193610000189835],[-76.08725099958842,42.192741000053566],[-76.08724199997471,42.19261099976883],[-76.08723300025879,42.192040999628375],[-76.08721599942086,42.1917090002687],[-76.0871500003655,42.19091899992942],[-76.08707399974357,42.18973499973639],[-76.08700799996791,42.18770499986093],[-76.08699199998827,42.18753600044336],[-76.0869590001526,42.18737500021381],[-76.0869069995487,42.18719900004388],[-76.08682399947234,42.18702699961564],[-76.08674499978787,42.18692400013635],[-76.08668299954519,42.186858000087014],[-76.1020000005034,42.186202999651165],[-76.11622499986827,42.18561000035338],[-76.11625699959585,42.185146000002334],[-76.11624000016076,42.18482999988636],[-76.11620599960256,42.184274000286734],[-76.11623699963877,42.1842660001211],[-76.11624699991235,42.18423799977804],[-76.11624099998022,42.18394300042192],[-76.1161500005156,42.180159999795215],[-76.11577799956233,42.177884000035334],[-76.1157620002328,42.17770600008847],[-76.11574099980571,42.17707100036738],[-76.11545999940104,42.17296799979977],[-76.11459300019523,42.16032999995439],[-76.11403300018162,42.153418000222075],[-76.11405800003425,42.15278000025881],[-76.1139779996675,42.151444000171686],[-76.11381900046523,42.14879599987477],[-76.11368200015387,42.146671999631494],[-76.11366799952178,42.146457999898686],[-76.11353099992861,42.144314999888095],[-76.11341699941936,42.14254800007009],[-76.1132999999991,42.14072799976366],[-76.11324499980259,42.13986099962567],[-76.1130389995273,42.136658999955166],[-76.11302700044064,42.13648499976033],[-76.11280900026203,42.13309400025334],[-76.11278599998145,42.132724999866284],[-76.11264300052423,42.13050000010903],[-76.11241900010833,42.127018000007354],[-76.1123590005192,42.12608299969738],[-76.11224899998287,42.1242729997306],[-76.1120979995553,42.1218000004168],[-76.11186500015077,42.11796300032583],[-76.11178599964802,42.11666500023166],[-76.11177800038841,42.1165390002065],[-76.11154299970009,42.11322999983902],[-76.1114989997241,42.11260300018417],[-76.11148199970067,42.112296999632896],[-76.11109799949932,42.11229199989564],[-76.11101000027345,42.11229200004366],[-76.10946099952727,42.11228400020391],[-76.10836600043449,42.112322000291115],[-76.1075589999296,42.11235800006663],[-76.10719100005625,42.10202099971484],[-76.10861900004856,42.10195300035769],[-76.10856200045859,42.10125599968395],[-76.11153399998258,42.101170000345746],[-76.11149399979855,42.10044199963536],[-76.11104699997165,42.0962950004167],[-76.11102699994053,42.09580600020863],[-76.1109350001192,42.09533100034685],[-76.10983900044516,42.08421599993795],[-76.10904699948752,42.07617299976744],[-76.10897699947118,42.07581500018892],[-76.1089480002915,42.07567499987234],[-76.1089469994745,42.075160999582636],[-76.10894800028207,42.07511100003098],[-76.10894899993268,42.074573999693555],[-76.10892200043017,42.07433100021877],[-76.10884700029759,42.07357200023144],[-76.10883799981383,42.073315999885644],[-76.10866300003141,42.07111700014379],[-76.10837699964236,42.06794900010549],[-76.10835299996677,42.067647999837355],[-76.10833699983279,42.06751000001789],[-76.10832499994014,42.06734500003979],[-76.10831200058195,42.06722099957459],[-76.10828099953335,42.06689200026987],[-76.10823399966192,42.06640799970707],[-76.10806300026789,42.06451200030461],[-76.10786100012228,42.06230199958187],[-76.1076589999441,42.06016799993533],[-76.10744699977647,42.05791800043295],[-76.10727500047676,42.056019000354226],[-76.10690900036123,42.05196100016042],[-76.10673099989138,42.05010300012695],[-76.10642900045492,42.047411000054595],[-76.10633599947705,42.04658600004036],[-76.10631300006767,42.046361000052364],[-76.10603299980113,42.043682999926375],[-76.10579400004522,42.04127500005831],[-76.10529300023575,42.03622799961061],[-76.10482900032808,42.031567999791974],[-76.1054740001995,42.03139099967506],[-76.10626799942767,42.03117399962872],[-76.10625699968884,42.030600999624994],[-76.10627300031899,42.02901000030589],[-76.10626200059693,42.02888099984336],[-76.10625699993136,42.02802700011195],[-76.1062619994835,42.02790500013198],[-76.10582300054787,42.0098340004275],[-76.10582299949448,42.009650999687175],[-76.10584000033704,41.998913999938985],[-76.09093200038392,41.99894400015401],[-76.0908740004869,41.998944999916155],[-76.08718700033516,41.99896500008654],[-76.06670500049769,41.999007999779785],[-76.0646880004975,41.999014000385955],[-76.06010300058274,41.99902199966543],[-76.05987500000347,41.99902200037221],[-76.03795399993066,41.99903300022773],[-76.00881300058285,41.999007999623004],[-76.00536700001953,41.99900800009544],[-76.00238199979941,41.99900799989901],[-76.00091800019521,41.99901900013112],[-75.99356300007754,41.99901899967192],[-75.98884200043467,41.99901899998863],[-75.98308199981633,41.99903500018813],[-75.98024999999168,41.999034999790766],[-75.97814799961476,41.99902900018016],[-75.97664899953365,41.999023999776746],[-75.97556000034336,41.99902099980177],[-75.96801699946782,41.99900400043802],[-75.96679899954196,41.999001000026574],[-75.96317400034341,41.99899399976846],[-75.95980300004763,41.99898700043654],[-75.95370899987658,41.99898700001541],[-75.94987100025953,41.99897399975407],[-75.9450859995154,41.998894999587954],[-75.93600699979251,41.99885399970189],[-75.93086300038216,41.99883099969216],[-75.91626700011226,41.998744999788705],[-75.91509300045428,41.998706999665785],[-75.91063100019517,41.99869800042826],[-75.91053099949718,41.99869800024055],[-75.899151000435,41.99863600041331],[-75.89746099945684,41.99862999987089],[-75.89061500010246,41.99857900013843],[-75.88856999947241,41.99856500017974],[-75.87066199978612,41.998437999782546],[-75.85755899982269,41.99834800022174],[-75.85753200055026,41.99834800017871],[-75.83321300054075,41.998179000112145],[-75.79303200014338,41.99797500028033],[-75.7887870000721,41.99795199985642],[-75.78865700033944,41.99795099990889],[-75.77344500050296,41.99786999958139],[-75.7658910001992,41.99785799967794],[-75.76468300032462,41.997856000108825],[-75.76373000013753,41.99786700017258],[-75.76246800031942,41.99787600035408],[-75.7611860004901,41.99789200031634],[-75.76099399949479,41.997894999904446],[-75.75716499980796,41.99792599983072],[-75.75696200032118,41.99792799974175],[-75.75660999944544,41.997916999673535],[-75.75633200035074,41.99793200023667],[-75.75243100001786,41.99794899974452],[-75.7522880001332,41.99794900031531],[-75.75175899959252,41.99795200032401],[-75.75080500024247,41.99797899979462],[-75.74222999958874,41.99804699963496],[-75.74141500001792,41.998051999926226],[-75.73426299962915,41.99811799994702],[-75.73294600059262,41.9981319998671],[-75.73163000019586,41.998139000003285],[-75.73000700044123,41.99815700025734],[-75.72457299980242,41.99819600000089],[-75.72354900015597,41.99820300037628],[-75.71454300049051,41.99827400017849],[-75.7077359998857,41.99832699990086],[-75.69591400008137,41.99841999983883],[-75.69462300058125,41.99843100035852],[-75.6929040004192,41.9984399998248],[-75.68872999953857,41.99846099961923],[-75.6886970002854,41.99846200009429],[-75.67232200014735,41.998544000179386],[-75.65556700031074,41.99861800010878],[-75.6528470000581,41.998643999797416],[-75.65221000051655,41.99864899972604],[-75.63476599973862,41.998765000108634],[-75.62472200059534,41.998808999826565],[-75.60964799947482,41.99887400012743],[-75.60825200040458,41.998878999998915],[-75.6075539994945,41.99888200019727],[-75.60270900011285,41.998899999680354],[-75.60262700036319,41.99889899993668],[-75.59326400049838,41.99893299966776],[-75.58518100036865,41.99895000042358],[-75.58480699952187,41.99895100031301],[-75.57934900013014,41.99896199965104],[-75.57441899981163,41.99897000039654],[-75.55701199963733,41.99901999998092],[-75.55307299948822,41.999034000285],[-75.54434499982573,41.99906200044984],[-75.53882500026015,41.999079999715754],[-75.51532999945765,41.999154999809186],[-75.50179899945694,41.999207000310555],[-75.5004780004187,41.99920899977514],[-75.48323800040264,41.99925099961593],[-75.48206100042567,41.99924899971453],[-75.47649199961886,41.99924099981053],[-75.47593900007257,41.99923399996308],[-75.46752300055584,41.999260000436045],[-75.46571000012284,41.99927200031029],[-75.44391600000864,41.99934099988339],[-75.43725200043575,41.99936300016096],[-75.43686199965231,41.99932599964693],[-75.43667499970081,41.999331999847264],[-75.43621700045983,41.99935300006468],[-75.43608500010279,41.999352999922074],[-75.43219999945207,41.99936199967019],[-75.43196099980906,41.99936300013407],[-75.43012099997492,41.99935799970898],[-75.42995099948617,41.999381999787836],[-75.42291900057289,41.99939900031174],[-75.40553500058768,41.999446000345635],[-75.40422199988333,41.99944900020468],[-75.40360800036115,41.99945100031324],[-75.40171399963938,41.99945600016596],[-75.39843100051799,41.999455999832584],[-75.3795860000085,41.99950000036477],[-75.37942399989846,41.99950000003597],[-75.36173299985094,41.99955100005248],[-75.36155699989584,41.99955200034808],[-75.36052599967805,41.99955400005105],[-75.35964499952773,41.99955400032605],[-75.3569980002621,41.99847499968689],[-75.35651800025283,41.998268000050096],[-75.35550500050586,41.99783199980389],[-75.35504500026228,41.99761500040272],[-75.35472199994851,41.99747199967155],[-75.35432800021457,41.997330999613276],[-75.35394100008459,41.99721499980298],[-75.35260799963346,41.99676800014113],[-75.35109500041784,41.99626299955204],[-75.35077399983764,41.99617699998662],[-75.34994800005892,41.99595799956601],[-75.34881100039824,41.99573500024462],[-75.34826000060245,41.99565100003353],[-75.34656800054515,41.995324000154795],[-75.34600599948178,41.99517200044408],[-75.3454620002017,41.99499000026803],[-75.34479599973585,41.99472200005894],[-75.34424399982429,41.99444600030945],[-75.34360699969028,41.99407399997083],[-75.34298500005886,41.99381200003105],[-75.34270999970862,41.993736999667796],[-75.34242200014971,41.9936250002302],[-75.34216699963588,41.99349699955351],[-75.34196699966742,41.99339000013291],[-75.34158499957087,41.99318299979724],[-75.34131199947893,41.993025999779285],[-75.34107900037327,41.99285599983774],[-75.34081600053462,41.99261000020604],[-75.34063999958559,41.992417999776904],[-75.34043400055891,41.992163999702285],[-75.34018100002093,41.99184200042365],[-75.33998300020917,41.99156000020793],[-75.33977900051636,41.9912580000823],[-75.33963700047809,41.99101899971993],[-75.33953699978221,41.990809999551274],[-75.33932900030761,41.990237999572976],[-75.33888900025599,41.98905100017525],[-75.33874999980445,41.988699000204754],[-75.33846500048715,41.988212000003365],[-75.33817200014853,41.987846999953824],[-75.33776099939719,41.98744699969159],[-75.33761699992189,41.98724100028425],[-75.33751600038144,41.98682199978989],[-75.33760200049504,41.986700000127264],[-75.33767299986644,41.98582900008231],[-75.33763099982608,41.98541699984432],[-75.33753999959022,41.98503199974591],[-75.33750100050234,41.984822000392896],[-75.33748600040018,41.98460400009242],[-75.33754600046352,41.98426499976366],[-75.33767399945066,41.98387000033066],[-75.33798699960225,41.98311499972434],[-75.33816000004958,41.982755000425975],[-75.33839099992957,41.98234500045021],[-75.33879099974261,41.98169999986103],[-75.3389340002562,41.98140700027045],[-75.33909900047931,41.98108400000335],[-75.33949400022671,41.98038699981752],[-75.33958600034245,41.98016500032319],[-75.33964499980135,41.97991699972135],[-75.33969899959897,41.97955100020799],[-75.33976699980934,41.97905899984083],[-75.3398299999226,41.978671999709015],[-75.33991100049336,41.97836699982339],[-75.33996099968361,41.97815100026429],[-75.34006900010756,41.977857000308546],[-75.34023400008907,41.977538999634454],[-75.34045500003798,41.97720600043848],[-75.34101799961151,41.976486999971314],[-75.34123899955964,41.97628499968657],[-75.34145799945269,41.976041000427],[-75.34167899978232,41.97572400007823],[-75.34187800009768,41.97535099996507],[-75.34199000027144,41.975006000187044],[-75.34201500033592,41.97490799957487],[-75.34207600016644,41.97463700016878],[-75.34211800048242,41.97431100033729],[-75.34214499957316,41.97399100040475],[-75.34218200010471,41.973769000373615],[-75.34224300032706,41.97350899979765],[-75.3422659998841,41.97329700015834],[-75.34227500050655,41.97327000008183],[-75.3422389997343,41.97306899966786],[-75.342223999823,41.973051000373715],[-75.3420679996072,41.97274299956003],[-75.34183100047214,41.972438000269804],[-75.34159100004084,41.97221599978615],[-75.34139800003089,41.97210799997458],[-75.34105400033411,41.97194300020991],[-75.34081199996184,41.97179100044796],[-75.34049200007736,41.97160000016576],[-75.34027600038274,41.97149100027131],[-75.33993600043536,41.97137000010111],[-75.33969199987799,41.971282000059674],[-75.3394259997534,41.97113300004291],[-75.33897500030984,41.970777999710585],[-75.3385819998615,41.97057400035835],[-75.33814299972884,41.9704180003385],[-75.3378529995333,41.97036799960394],[-75.33758999941296,41.97037900036687],[-75.33728000055888,41.970453999698734],[-75.33700499954966,41.97058999960158],[-75.33668399940942,41.970805999736214],[-75.33655699967677,41.97087399979391],[-75.33641700032263,41.97090399982143],[-75.33627100025413,41.97090099960466],[-75.33610599991258,41.97084800011077],[-75.335769000509,41.97069499961448],[-75.33540200032677,41.970533999560736],[-75.33511599959515,41.970392000228216],[-75.33479700006511,41.970253999917155],[-75.33425299939756,41.970057999693466],[-75.33338800012345,41.96979000044134],[-75.33247899987752,41.96950900022863],[-75.33145399966669,41.9692230002935],[-75.3308250001975,41.96902700037235],[-75.3299530000643,41.9687979997629],[-75.32935899990885,41.968663999605965],[-75.32908899946317,41.96857699996149],[-75.32878499972757,41.96844799973004],[-75.32850900054832,41.968307000004245],[-75.32825199982199,41.96814599995114],[-75.32796900028072,41.96794299968172],[-75.32775799963802,41.967741999825016],[-75.32755799975334,41.96752100032619],[-75.32733400052582,41.96718400041062],[-75.32707200033528,41.96668399959044],[-75.32671699963927,41.965978000261714],[-75.32647899997008,41.96554000029129],[-75.32630899948025,41.9652309996482],[-75.32611000057946,41.96496899974811],[-75.32589100005218,41.96476800015418],[-75.32548300056348,41.96449499967936],[-75.32504900059914,41.96420800017454],[-75.32465099983776,41.96394199994011],[-75.32437800052959,41.96371299963074],[-75.32415899986712,41.96349100024107],[-75.32386899971418,41.96322699979038],[-75.32341499947655,41.96276399987955],[-75.32315100049036,41.96252100003455],[-75.32289599972842,41.962299000432594],[-75.32249199978256,41.96195099976591],[-75.32207600043309,41.96166500020201],[-75.32176499978284,41.96146800015054],[-75.32122199985042,41.961199000431726],[-75.3207300005527,41.96097899990101],[-75.32039900005294,41.9608559998155],[-75.32019399969292,41.96075699979467],[-75.31998100059324,41.96061699971665],[-75.3197870000549,41.96047100009027],[-75.31963800043424,41.96031199975675],[-75.31953700047289,41.960106000101135],[-75.3194840003501,41.959833999776286],[-75.31943000008906,41.95957499978867],[-75.31934300041918,41.95923499958092],[-75.31920399974511,41.958831999579715],[-75.31904500036546,41.958475999772055],[-75.31880199940086,41.9580639995545],[-75.31864500011103,41.95780200031971],[-75.31847999968205,41.9575730002552],[-75.31836799970105,41.95742499993081],[-75.318247999406,41.95723199977804],[-75.31818399961759,41.95701400017204],[-75.31819900011806,41.956837999704156],[-75.31826500016855,41.95657600039816],[-75.31829099960228,41.9563640001724],[-75.31829299948372,41.95616500012168],[-75.31825200035772,41.95568700003864],[-75.3182010000116,41.95510999959712],[-75.31818000014084,41.95470999984406],[-75.31813500012588,41.95440200000269],[-75.31805699999981,41.954110999873755],[-75.31792999949157,41.95387099995529],[-75.31779899964813,41.9537389997952],[-75.3175330001724,41.95357800018827],[-75.31687599987386,41.95328100008446],[-75.31652700014165,41.953141000289314],[-75.31621599991225,41.9530239997346],[-75.31576399974321,41.95288499998286],[-75.31551399963884,41.952768999713015],[-75.31527200012117,41.95262999986429],[-75.31509799990106,41.952496999623946],[-75.31493799943941,41.952318000282865],[-75.31465400002132,41.95198399975741],[-75.314246999553,41.951462999761326],[-75.31394499951435,41.95111000016163],[-75.31362800010795,41.950813000434884],[-75.31334800045987,41.950543999844044],[-75.3129160005483,41.95019800006038],[-75.31263799983113,41.95003000005454],[-75.31215900013147,41.949801000318274],[-75.31180100000338,41.949606999849465],[-75.31148699996639,41.94941100009057],[-75.31121500041927,41.9492439998926],[-75.3109410003627,41.949102999696535],[-75.3105569996993,41.94897099963569],[-75.31017599995461,41.948892999960194],[-75.30977700053923,41.94884399973063],[-75.30935300043201,41.94877999991273],[-75.30910600003621,41.94874600003395],[-75.30893899951633,41.94874200018431],[-75.30876500008343,41.94875699970542],[-75.3086030003731,41.94880000017062],[-75.30816100042136,41.94888699989564],[-75.30786700057354,41.94895499955736],[-75.30767999948816,41.949011000326294],[-75.30743599960088,41.949093999799295],[-75.30727900021543,41.94914199995508],[-75.30721399941724,41.949143999562565],[-75.3070620004972,41.949155999636716],[-75.30683300013443,41.94915000000352],[-75.3066110004277,41.9491309998132],[-75.30641499987782,41.94908099978583],[-75.30607599983914,41.9489080001726],[-75.3057350003925,41.94875300033177],[-75.30530000043416,41.94857799962131],[-75.30480199953435,41.94844300041103],[-75.30448699993907,41.94840800021317],[-75.3040019997291,41.94831999982385],[-75.3036459996781,41.94824000013709],[-75.30321100031067,41.94813599969297],[-75.30286800024882,41.94805099964616],[-75.30258500012121,41.94801199998706],[-75.30226200034369,41.94802100005938],[-75.30154999982857,41.948067999601356],[-75.30132599974633,41.94810500012453],[-75.30114299953642,41.948192999603286],[-75.30100800048676,41.94832000001762],[-75.30092199986085,41.94846099982569],[-75.30087399987359,41.94860299971422],[-75.30087999965704,41.94873100032034],[-75.30092299987416,41.948893999596486],[-75.30098199940068,41.94902100022611],[-75.30110300046826,41.94925900025493],[-75.30118100005792,41.94946399969767],[-75.30126099969428,41.94977900027244],[-75.30141999971244,41.9503270002283],[-75.30153699976042,41.950623999838015],[-75.30173800035799,41.95165699957844],[-75.3016530003385,41.95226799990609],[-75.30159299947364,41.95281100029143],[-75.30152500059866,41.9528720004276],[-75.30136099958881,41.95316500016701],[-75.30114799992663,41.95338599961192],[-75.3008359998107,41.95362900033897],[-75.30047500050966,41.95383800016434],[-75.3004209999203,41.95385999990086],[-75.29965700056928,41.95413900012649],[-75.29933399961678,41.9542379997961],[-75.29867199974025,41.954414000365986],[-75.29802000018186,41.954575999924856],[-75.29751799986546,41.95468499979433],[-75.297232000386,41.954707000031654],[-75.29702200058644,41.95471599990924],[-75.29671899975162,41.9547049998745],[-75.29654799968027,41.954691000289415],[-75.29609599952205,41.95465899959134],[-75.2956200001154,41.954663000249745],[-75.2952180005476,41.954664000386174],[-75.29471599970113,41.95465700028854],[-75.29445800048433,41.95463399979054],[-75.29392400002313,41.954520000025106],[-75.29358099996918,41.95443900014999],[-75.29331599984499,41.95434700004064],[-75.29256400017512,41.953865999627084],[-75.29234200031202,41.95367800025144],[-75.29197300030351,41.95330099978559],[-75.2917370001781,41.953009999642845],[-75.29158600012418,41.952744000202166],[-75.29152100036183,41.95258800027643],[-75.29146600015738,41.9524439998103],[-75.29138499974181,41.95217600029428],[-75.2913639997347,41.95193100026253],[-75.29138099953428,41.951644999715185],[-75.29144299993,41.95132799994749],[-75.2915339999342,41.95104800000904],[-75.29161499971785,41.95086999961083],[-75.2916390003925,41.95078400001055],[-75.29166300040602,41.95059200016728],[-75.29168500006462,41.950345000374],[-75.29173400040798,41.94939200034733],[-75.29172600043115,41.949127999947066],[-75.2916450004936,41.948626999804105],[-75.29165200030843,41.9484480001634],[-75.29170800022702,41.94813499990113],[-75.29171999953682,41.94798299964388],[-75.2917130000942,41.94767799976818],[-75.29168399989909,41.9472989996677],[-75.29166700002226,41.94698600015369],[-75.29164400016069,41.94679600017898],[-75.29162300060246,41.94664700009392],[-75.29158000042476,41.94646999988135],[-75.29145600050337,41.94614500028695],[-75.29115599970946,41.945546999634885],[-75.29105499997144,41.94527300044257],[-75.2910369997534,41.94515199996981],[-75.29101000045311,41.94504099996904],[-75.29095300009674,41.944920000145856],[-75.29086000012344,41.94475599963626],[-75.29055399943992,41.944371000311904],[-75.29020100012733,41.94400000013529],[-75.28995899997581,41.943749000046644],[-75.28965800049973,41.94339200020813],[-75.28951000032752,41.94320400012208],[-75.28936700018053,41.94307600007967],[-75.28917200016815,41.94284599974429],[-75.28900400051491,41.94268999988302],[-75.28882899992038,41.94258000042227],[-75.28865899958646,41.94250700044298],[-75.28852500017778,41.9424580000937],[-75.2883279994539,41.942421999630184],[-75.28751900015712,41.942365999650164],[-75.28691800020309,41.942290000003034],[-75.28660399993574,41.94223700043883],[-75.28631600037494,41.9421660000471],[-75.28610099957338,41.942124999567625],[-75.28582399958454,41.942090999968826],[-75.28522099961603,41.94202699970274],[-75.28496800059798,41.94200800039715],[-75.28477099986993,41.94198099967203],[-75.2846000002728,41.94193500017902],[-75.28443599967737,41.9418399998979],[-75.28428000049564,41.94171600036031],[-75.28393599963013,41.94135800021087],[-75.28371400040663,41.94117799970504],[-75.2833880005853,41.940953999937385],[-75.28297799958351,41.940701000105015],[-75.28260200030455,41.94049799984567],[-75.28225699947274,41.94030600045022],[-75.28217100016369,41.94023999960666],[-75.28200500059427,41.94012100044576],[-75.28182499972606,41.939978999744405],[-75.28162500040814,41.93986399961067],[-75.28142400014737,41.93979499995594],[-75.28098199953963,41.93970000023875],[-75.28049199974164,41.93959000005437],[-75.28007599945263,41.939470999685106],[-75.27970400059822,41.93933800041255],[-75.27950600013318,41.939240999801626],[-75.2790700004071,41.939005999665845],[-75.27898899971927,41.93894900003072],[-75.27889300019743,41.93886799954964],[-75.27876299951959,41.938713000100456],[-75.27870900029201,41.93852300043852],[-75.27867199956653,41.93787999994406],[-75.27865799941944,41.93728400023907],[-75.27870400002706,41.93673599955867],[-75.27869900032724,41.93652799976583],[-75.27864099952262,41.93626400029275],[-75.27850700027386,41.93590999958465],[-75.27780699999342,41.93465900031086],[-75.27776599947879,41.93459299979829],[-75.27767200029285,41.93441399984867],[-75.2774870005295,41.93414299955716],[-75.27738300055466,41.93396199970527],[-75.2772500005343,41.933714000037305],[-75.27713100057899,41.933435000269554],[-75.27701900024694,41.933146000382806],[-75.27694799980175,41.93288599963432],[-75.27693600006728,41.932563000149834],[-75.27693799998198,41.93245899964339],[-75.27695999952081,41.932254000396156],[-75.27699999949753,41.93200900010971],[-75.27702500028838,41.93170100035008],[-75.27701599958797,41.93144699979669],[-75.27689099961273,41.930520999657055],[-75.27683100018872,41.93014100025954],[-75.27673900008337,41.92933599995432],[-75.27667900056039,41.928656000254904],[-75.27665899954243,41.92820800042073],[-75.27659000052782,41.927573999984304],[-75.27653200030485,41.92686799983769],[-75.27650100057146,41.926678999837634],[-75.27651099973329,41.926518000427684],[-75.27649000031259,41.926240000228056],[-75.27646699975199,41.92549899994302],[-75.27650500032001,41.92499199999718],[-75.27657200046077,41.92470300038379],[-75.27667499959456,41.92444199980975],[-75.27679700029698,41.92422899997311],[-75.27685800045715,41.92409700002039],[-75.27687599950822,41.92394499970287],[-75.27685199964255,41.92376399975384],[-75.27680799966625,41.92363000033544],[-75.27680099978213,41.923485999752415],[-75.27682799989276,41.923255999754524],[-75.27682899950787,41.923075999603945],[-75.2768000002619,41.92286800034275],[-75.27672100056843,41.922514999861065],[-75.27663300019876,41.922235999965615],[-75.2765419998954,41.92203600026879],[-75.27641399975886,41.921825000418636],[-75.27633300040281,41.92168500034768],[-75.27626000024281,41.92149399989514],[-75.27617200013188,41.92119999970208],[-75.27603900055571,41.92088800037908],[-75.27586699957337,41.92053699975444],[-75.27561400019572,41.920122000156816],[-75.2754259995022,41.919902000345985],[-75.2751999994215,41.91958100006434],[-75.27496800001855,41.91918199962753],[-75.27477300042092,41.918868999706916],[-75.2745870001646,41.9186099997107],[-75.27434000054933,41.91831100011004],[-75.27401100003031,41.917994999911116],[-75.27385399986265,41.91776799994216],[-75.27369299959526,41.9173789997121],[-75.2735200005393,41.9170349995992],[-75.27329700047697,41.91665900001394],[-75.27295300007503,41.9161890000904],[-75.27250899945322,41.915654000280085],[-75.27195399978353,41.91504000007788],[-75.27162800035248,41.9146309996367],[-75.2712469998237,41.91406699969356],[-75.27088100028396,41.9133799996013],[-75.27048500043384,41.91265300040011],[-75.27006499974031,41.91200300033682],[-75.26962799943657,41.91128299992535],[-75.26924799995044,41.91068800005959],[-75.26889100010251,41.91003199961433],[-75.2686620003703,41.90953299963138],[-75.26826400052597,41.90885999990811],[-75.26798300054278,41.908368000226915],[-75.26773400057098,41.90786800012439],[-75.26760399967202,41.907495000016155],[-75.26748400006107,41.90710600017224],[-75.26735899975334,41.90660900042478],[-75.26727599943513,41.90609000000154],[-75.26721099998518,41.905588000262696],[-75.26718000011039,41.90510699997099],[-75.26720600005903,41.90427900044873],[-75.26724699985819,41.90349200001511],[-75.26729599964939,41.903029999679035],[-75.26735700009591,41.90278399968811],[-75.26747200029081,41.902501000010034],[-75.26771600046165,41.90207400037177],[-75.26776799963207,41.90200200027777],[-75.26777300003674,41.90197099978326],[-75.2678379995086,41.90190799957059],[-75.26799899939968,41.901685999641266],[-75.26834700017312,41.9012620000994],[-75.26890600007057,41.900686999933065],[-75.26957199942618,41.90004499997129],[-75.27032200019711,41.89936600013252],[-75.27120600008026,41.898637999801785],[-75.2714110000147,41.89847100015929],[-75.27213799996836,41.897845999795585],[-75.27244000058914,41.897519999805056],[-75.27267600004838,41.89721100029097],[-75.27277499973151,41.89704699960235],[-75.2728690004667,41.89685799966702],[-75.27297299945465,41.89656600001813],[-75.27303499951148,41.89631299967771],[-75.2730550005216,41.8960509995733],[-75.27301200007797,41.89582599975387],[-75.27292800046483,41.895608000184225],[-75.27284399967682,41.89535899996946],[-75.27278099952889,41.895118000097206],[-75.27268599976716,41.89463799998116],[-75.27256999950474,41.89389400015531],[-75.27246000028187,41.893266000082626],[-75.27232799961035,41.89240600015286],[-75.27219700025528,41.89132700016075],[-75.2720389998708,41.88998299999092],[-75.2718689996921,41.88930000031522],[-75.2717839994246,41.88883499957992],[-75.27168499967668,41.88844699974821],[-75.27158499998647,41.88808900032611],[-75.27148299955256,41.88778600034692],[-75.2713599996715,41.88751300030632],[-75.27122600007695,41.887333000044315],[-75.2711830003916,41.88726199984139],[-75.27101600050852,41.8870500003069],[-75.27075500046638,41.88684300030361],[-75.27040999990547,41.88667400010713],[-75.26996200004497,41.886518000120724],[-75.26922399977462,41.88635500026813],[-75.26837499988353,41.88621299966008],[-75.26834899956658,41.8862020000229],[-75.26763400023286,41.886042000316564],[-75.26686699951402,41.885833000021094],[-75.26641700008616,41.88573299983588],[-75.26599600024868,41.88565699969059],[-75.26490999993852,41.88545799996492],[-75.26365199954665,41.885227999733225],[-75.26352200026373,41.88519700024729],[-75.26309799976312,41.88504100031802],[-75.26265800012693,41.8848229999097],[-75.26164500000581,41.88429900034807],[-75.26113399987142,41.88406800041397],[-75.26062299971626,41.883783000385556],[-75.26060700019846,41.88375200002213],[-75.26044199950479,41.88361599995632],[-75.26016500042714,41.88330199993457],[-75.25989200002809,41.882887000062986],[-75.25958299976068,41.88232400028795],[-75.25927699984169,41.88167599976864],[-75.25878900057758,41.88068500012974],[-75.25859400002219,41.88012500010209],[-75.25838299988862,41.87935099966595],[-75.25756399944757,41.877108000157435],[-75.2575300005226,41.87706500023525],[-75.25745999953341,41.87684199983178],[-75.25741999980863,41.87655499969835],[-75.2574080003766,41.876331000060425],[-75.25745899998554,41.876093000356136],[-75.25757099976063,41.87585599959226],[-75.25775599968365,41.87560500036815],[-75.25803699992522,41.8753020002765],[-75.25828299964506,41.87507499967904],[-75.25904999966998,41.874489999986125],[-75.25962200035616,41.874139999841105],[-75.26012699956807,41.87390399976959],[-75.260813999888,41.87349399965664],[-75.26168200020204,41.87296399999877],[-75.26225599983938,41.87256800029224],[-75.26270499944569,41.87218399981002],[-75.26320900032394,41.871699999854776],[-75.26371399977886,41.871193999705774],[-75.26407200048874,41.87075399990256],[-75.264227000465,41.870494999689896],[-75.2642989999857,41.8702180000369],[-75.26431299969481,41.869871000089596],[-75.26429499964921,41.869523000145136],[-75.26420800002852,41.869119999999036],[-75.26404899967058,41.86868400024283],[-75.26386599963601,41.868348000044996],[-75.26360099950061,41.86797200003842],[-75.26318000053905,41.86745300009564],[-75.26297099993198,41.86717800023143],[-75.26285499990544,41.86697499971557],[-75.26272099968234,41.86669400025286],[-75.26261599981865,41.86645999969704],[-75.2624909997513,41.866225999713116],[-75.26212900033109,41.865701000120154],[-75.26202799989734,41.865497999605275],[-75.26182700028777,41.86523800006093],[-75.26158999962324,41.86494000020888],[-75.26102100027542,41.86444899996154],[-75.26041200055177,41.86388699991649],[-75.25970700054661,41.86341700003623],[-75.25925599948678,41.86306700042407],[-75.25871699979967,41.86258400002573],[-75.25831599984437,41.862273999739166],[-75.25796200006299,41.86206599981601],[-75.2575840001088,41.86195700034872],[-75.25711099973853,41.861908999743555],[-75.25660500020524,41.861890000103685],[-75.25607700045693,41.86191700036538],[-75.25551900050266,41.86200400029624],[-75.2547469998263,41.86212699999502],[-75.25425899979012,41.86219399997667],[-75.2537529994469,41.862191000197335],[-75.25273299964638,41.86209900040027],[-75.25210000030269,41.86203400009514],[-75.25185900038704,41.86201000041173],[-75.2514670001878,41.8619940002881],[-75.25098099990676,41.86200700015958],[-75.25053399976387,41.862082000001514],[-75.25000099943104,41.86221699999132],[-75.24947699950101,41.86242200010289],[-75.24879300019062,41.86273900004115],[-75.24810399982182,41.8631949998712],[-75.24697500039078,41.8640590000529],[-75.2456049999812,41.8652870003392],[-75.24491899993708,41.86591299985325],[-75.24449399984401,41.8662200002343],[-75.24403800018028,41.8665120000127],[-75.24337800002931,41.86684500008106],[-75.24334500057607,41.86687700025383],[-75.24240200049952,41.86717600039057],[-75.24186900027547,41.86727499993121],[-75.24145599988613,41.867289000060175],[-75.24114700030249,41.86725199966354],[-75.24091399981262,41.86713799964977],[-75.24073299999468,41.867002999645656],[-75.24050500035106,41.866797000265166],[-75.24033400052068,41.86663900035835],[-75.2398909998305,41.86633599962786],[-75.23928500050891,41.86599100009243],[-75.23893099970198,41.86580600011367],[-75.23865899995774,41.86561399965941],[-75.23847100032154,41.86540999995052],[-75.23825500039597,41.86511900029893],[-75.23806600001437,41.86493000022689],[-75.2377940000789,41.86474600029759],[-75.23729000015129,41.864441999749474],[-75.23702900058586,41.8642430004358],[-75.23675999982856,41.863982000189814],[-75.23651400034029,41.86366799962501],[-75.23633199941587,41.863414000337514],[-75.2360549996726,41.86309600044108],[-75.23456500003641,41.86156900019251],[-75.23438600047855,41.86143400036543],[-75.2342310001485,41.861302000142295],[-75.23344900057617,41.86068999961326],[-75.23258099986991,41.86016099964242],[-75.2321590001867,41.859892000102406],[-75.2316119994149,41.859458999864145],[-75.23114300053459,41.85924000025194],[-75.23100699976473,41.85920800041626],[-75.2306559999446,41.859199999799806],[-75.23051399985243,41.85920499998735],[-75.22967400040046,41.859225000108104],[-75.22920800058151,41.85924600015977],[-75.22889999944738,41.85921600002027],[-75.22869699960515,41.85911900039489],[-75.22798700049422,41.858523999642046],[-75.22758299955895,41.85826800024221],[-75.22717899951496,41.858043000198236],[-75.22691699954208,41.85789000030445],[-75.22660200015349,41.85774499982013],[-75.22622500037556,41.85762399965538],[-75.22615100003111,41.857595000011486],[-75.22604699949379,41.85758999966554],[-75.2257010003969,41.8575470003259],[-75.22536099990285,41.85753199958344],[-75.22496299999855,41.85753800021722],[-75.22448000043596,41.85758999986539],[-75.22408400026023,41.857682000281685],[-75.22379299977199,41.85772100003719],[-75.22352300060223,41.85776200004621],[-75.22333499954152,41.857819000155],[-75.22316599947195,41.85791600043752],[-75.22301500054256,41.858058999700305],[-75.2228300002275,41.85829499955596],[-75.22267899993822,41.85846100014871],[-75.22225999948678,41.85886900029801],[-75.22162099981341,41.85935700031245],[-75.22096899996464,41.85992199995468],[-75.2201780004667,41.86059100003671],[-75.21978899957283,41.86097600020402],[-75.21957599966586,41.86118799991952],[-75.21908900035562,41.86173300033576],[-75.21870600006908,41.86229599994381],[-75.21827799959196,41.86293500001288],[-75.21813800011518,41.86320200012836],[-75.21805899990609,41.86330799985028],[-75.21795299974559,41.86364700007624],[-75.21778300058182,41.863894999907814],[-75.21750500011252,41.86443199957238],[-75.2172069999017,41.864918999558185],[-75.21680400038886,41.86544299996763],[-75.21652299941178,41.86578399974251],[-75.21641300003378,41.86588399960307],[-75.21604899940685,41.86633600032135],[-75.21577599958921,41.8666400000565],[-75.21540900049744,41.867018000278044],[-75.21502399970491,41.86734999979914],[-75.21478099950995,41.86748299957999],[-75.21467799943274,41.86751000019962],[-75.21401200024694,41.86767700017026],[-75.21364399945743,41.86776700012912],[-75.2130270005456,41.867962000148985],[-75.21207200051387,41.86831900023156],[-75.21131600005839,41.86862700010464],[-75.21056900032544,41.86897300007568],[-75.21003899970829,41.86918300014339],[-75.20956899964006,41.86931899955847],[-75.2080690000422,41.86961799962443],[-75.20731899973886,41.86976300013369],[-75.20646699946478,41.869899000258684],[-75.2055759999156,41.86994099977011],[-75.2046370000853,41.86992800001895],[-75.20408999973534,41.86989299993137],[-75.20373300022824,41.86978400039534],[-75.20328699995197,41.86956600039628],[-75.20271700012526,41.869345000337006],[-75.20226699951844,41.86924200039938],[-75.20179300034874,41.869208000144006],[-75.20141300000574,41.86923099971133],[-75.20101600058173,41.86926099999142],[-75.20052999951919,41.869265000191106],[-75.19982900052513,41.86921899990676],[-75.1991699998589,41.8691579999396],[-75.1986470003524,41.869061000171186],[-75.19800300050689,41.86888500029133],[-75.19732999945151,41.86865400024802],[-75.19684200039192,41.86845699999662],[-75.1960999994163,41.86815499992822],[-75.19540999993417,41.867838999974566],[-75.19490399941597,41.86757999987227],[-75.19452799957575,41.86735300039299],[-75.19423799993875,41.867179000202846],[-75.193442999873,41.86663699974756],[-75.19283699966189,41.8662830003541],[-75.19234400024312,41.86594800039392],[-75.19181599952559,41.865480999775755],[-75.19144699976286,41.865140999796566],[-75.19116099959021,41.86478699981404],[-75.19093100033756,41.86435699966789],[-75.1907029999573,41.86384199961692],[-75.19039799940401,41.863210000404685],[-75.19017699982712,41.862795999736925],[-75.18994200040184,41.86246600010301],[-75.18959599961532,41.86207200023823],[-75.18913700056275,41.861667999560154],[-75.18846899984051,41.86116200038774],[-75.18755599963562,41.86064500031968],[-75.18678400016081,41.86030299982461],[-75.18606899966552,41.86011799983863],[-75.18572900020025,41.86007199988125],[-75.18535800043705,41.860062999687926],[-75.18504600036681,41.860109999921285],[-75.18453400053303,41.86025300003177],[-75.1839420001512,41.86058799961982],[-75.18334300024526,41.86109199982599],[-75.18272900024179,41.86172599992528],[-75.18218600055988,41.86237799961017],[-75.18170400049387,41.86307799960081],[-75.18129499957688,41.86374800016414],[-75.18082299951446,41.864686999582],[-75.18051200006128,41.86549900014348],[-75.18022900011032,41.86637299966214],[-75.17990100012273,41.86759300026713],[-75.1797190002796,41.86826799979936],[-75.17954700027025,41.86869700032722],[-75.17930100006485,41.86915500024532],[-75.17877099960305,41.870006999809064],[-75.17835499973985,41.870585000277934],[-75.17803199942891,41.870909999908534],[-75.1775839998141,41.8712779997915],[-75.17723099955258,41.87157899968982],[-75.17700399995407,41.871812999549945],[-75.17674400020715,41.87211599999085],[-75.17655099994171,41.872288999860764],[-75.1763180000732,41.87242299984995],[-75.1758270004947,41.87257399969202],[-75.17529700034979,41.872639999750504],[-75.17486900012422,41.87266399981689],[-75.17457399957908,41.872660000118756],[-75.17408900008017,41.872620000070995],[-75.17326800022586,41.872478000063495],[-75.17246000037254,41.872282999889016],[-75.17151100006127,41.871982999990394],[-75.170838999487,41.87172900010619],[-75.17068900050127,41.87164800012341],[-75.17056500022345,41.87160800021672],[-75.17043699974597,41.87151099985886],[-75.17014100036826,41.87134999968311],[-75.16976100059124,41.8710329997151],[-75.16931500017067,41.87055899981748],[-75.16886200036221,41.87000900037952],[-75.16861699973221,41.86968700002087],[-75.16842399975776,41.86933500025429],[-75.168275999429,41.86892200004137],[-75.1681750004088,41.86858800030632],[-75.16808699946344,41.86823100040924],[-75.1679499995682,41.86751700006083],[-75.16791799950897,41.8670300002276],[-75.16794200037089,41.86642099962683],[-75.16807999997741,41.865320000059455],[-75.16816400033532,41.86451100018143],[-75.16835699992423,41.86331100043021],[-75.1683959998535,41.86260100032571],[-75.1684600002782,41.86176900037856],[-75.16857200038962,41.8607979995751],[-75.16860300027987,41.86028900033727],[-75.16857600013711,41.859917999597954],[-75.16851200015236,41.859469000358914],[-75.16832599956761,41.8587000004424],[-75.16805499958664,41.857967999618445],[-75.16748200046591,41.85681299978493],[-75.16729800047536,41.856515000311376],[-75.16708999963038,41.856279000145],[-75.16684200056966,41.85603400037246],[-75.16659400043407,41.85577300021448],[-75.16639699940065,41.855544999838905],[-75.16622199981302,41.855270999706526],[-75.16594500001395,41.85470900002253],[-75.16580100054131,41.85418799982244],[-75.165673999484,41.85373699987229],[-75.1654980004226,41.853239000326965],[-75.16522700048417,41.85279299977423],[-75.16481500058153,41.85225100010608],[-75.16438100042511,41.851723999857434],[-75.16396500052831,41.85128999996667],[-75.16348399990977,41.85092400038384],[-75.16287900057172,41.850554999738186],[-75.1620990004061,41.850166999750705],[-75.16114500021803,41.849767000113054],[-75.1597489997806,41.849287999724595],[-75.15872800037734,41.84897899957938],[-75.1576549998461,41.84869199983824],[-75.15681400003872,41.84854999991584],[-75.15620700015576,41.84848199989012],[-75.15538199992054,41.84844800010838],[-75.15468000039769,41.848455000274036],[-75.15404699955258,41.84850999958894],[-75.15326899997545,41.848615999633985],[-75.15261200016377,41.84874799965182],[-75.15208999964331,41.84889100019884],[-75.1515040002475,41.84907100029548],[-75.14995099999817,41.849675999891446],[-75.14829099982192,41.85036499969127],[-75.14706100047079,41.85090800027867],[-75.14629299942136,41.85123000042846],[-75.14560200029149,41.85146199998823],[-75.14495500044485,41.85163200032542],[-75.14409999980262,41.851813999552306],[-75.1430910003907,41.85199099999753],[-75.14204800040795,41.85213700036496],[-75.14144000039383,41.85220899975328],[-75.14097399969667,41.85222899963824],[-75.14056100057874,41.85221999992568],[-75.14023299948342,41.852174000028654],[-75.13987600012116,41.85205799957952],[-75.13956399946339,41.851865000122],[-75.13928400051394,41.85162700037194],[-75.13899799990149,41.85128899999199],[-75.13874200039955,41.850982000418455],[-75.13847400054345,41.85072100035326],[-75.13768899948838,41.85020100028094],[-75.13629000040818,41.8493039998565],[-75.13557399976939,41.84888699990708],[-75.1349910002744,41.8484950000095],[-75.13449000025355,41.84811299967948],[-75.13374700035533,41.847571000415535],[-75.13306899993047,41.84699199989581],[-75.13273199983315,41.84663699982895],[-75.13234899998606,41.84614899992998],[-75.13199299955805,41.84575499980589],[-75.13171199980505,41.84555499973577],[-75.13136900005581,41.84536999975029],[-75.13099099990448,41.845261000221385],[-75.13047799948012,41.84516399966925],[-75.1298200002252,41.845088000084715],[-75.12890399958603,41.845020000082805],[-75.12760299973363,41.845013999568444],[-75.12691900053251,41.84506000002055],[-75.1262229994338,41.84515199976759],[-75.12539999970554,41.84532599961483],[-75.12483699962044,41.84546799974784],[-75.12423099958885,41.84563899994431],[-75.12353099972376,41.84581600030082],[-75.12266699982982,41.845990000318956],[-75.12176299958166,41.846114999937924],[-75.12090399974174,41.84618100027453],[-75.12011699980258,41.84621699976817],[-75.11937199959013,41.84618399964748],[-75.11864499974877,41.8460830000681],[-75.11796899957712,41.84594300034751],[-75.1173479996061,41.84572800028566],[-75.11659499998443,41.8454489999339],[-75.11595899954926,41.84510199960119],[-75.11532400016456,41.84471699996938],[-75.1149829996436,41.84447000037327],[-75.11474599950537,41.844209000041765],[-75.11451299968638,41.843849000256995],[-75.11430100000067,41.84345799980618],[-75.11411599988776,41.8431830000653],[-75.11390900021784,41.842947000148804],[-75.1136999999947,41.84274900019538],[-75.11354600000018,41.84249099998349],[-75.11340499982776,41.84214000023765],[-75.11333199999113,41.84166700031033],[-75.11325600051315,41.84024500030722],[-75.11320400037684,41.83849900004898],[-75.1131639999029,41.837965000239244],[-75.11308700024229,41.837060000251064],[-75.1130950000509,41.836611999753316],[-75.11314499972319,41.836164999957454],[-75.11322199986024,41.83579599957832],[-75.11329500051463,41.83551300028575],[-75.11355999955819,41.83460700038369],[-75.11384299949802,41.83374099966827],[-75.11407700045305,41.83283599996176],[-75.11440100039822,41.83173100031603],[-75.11453000009428,41.83110099996243],[-75.1146510001123,41.83020399956026],[-75.11472099995575,41.82956799963555],[-75.11481199956245,41.82901500003272],[-75.11493700048699,41.82846999957385],[-75.11505200033187,41.82793900032039],[-75.11506800051062,41.82754599993007],[-75.11501600042973,41.827058000290386],[-75.1148710000555,41.82657600037595],[-75.11450900047508,41.82581899981333],[-75.11437000048457,41.82542999974784],[-75.11421499999678,41.82493199988495],[-75.11403199976861,41.82437200036044],[-75.11364600011645,41.82347700000305],[-75.11350200056636,41.823194000092364],[-75.11327699967497,41.822886999827375],[-75.11304499948784,41.822644000337114],[-75.11301900040874,41.82261900012365],[-75.11267699972666,41.8223950001214],[-75.11231100040273,41.82226999988348],[-75.11184099995543,41.82215200000319],[-75.11161500048658,41.822112000204996],[-75.11076500015959,41.82196500007563],[-75.10966799956532,41.82175400029592],[-75.10908500056038,41.821617000423515],[-75.1083310000883,41.821391000114595],[-75.1068780002138,41.820809999898785],[-75.10596099999913,41.82041500035797],[-75.10583100022538,41.82033899977494],[-75.10518200056177,41.82011500038843],[-75.10459399953982,41.81991399959108],[-75.10388599994847,41.81966900003018],[-75.10381500018644,41.81966299983884],[-75.10338900004783,41.81954799961292],[-75.10289600052667,41.819474999603436],[-75.10247400028348,41.81944199977939],[-75.10209400002807,41.819393999638855],[-75.10174600024794,41.81932499991895],[-75.1013780004927,41.81922399978867],[-75.10101200025932,41.81909900040057],[-75.10056500025273,41.818926999556204],[-75.10012099960166,41.81867000025435],[-75.09964900013524,41.81833400012096],[-75.09919199975482,41.81789899956639],[-75.09843900052104,41.81715599991023],[-75.09768199979469,41.81648200000357],[-75.09687799946275,41.815683999876946],[-75.09634299975865,41.81524100041231],[-75.0951550000348,41.81445099960133],[-75.09470000051293,41.81418900019066],[-75.09327899943818,41.813345999982154],[-75.09197300055334,41.812621000133134],[-75.09186299992695,41.81253700006014],[-75.09090400017946,41.812057000148116],[-75.0907989995856,41.81199100000856],[-75.09034200005273,41.81184599965442],[-75.08988000025438,41.81170099958915],[-75.08949800045919,41.81166799999619],[-75.08876599980931,41.8116279996979],[-75.08771399993225,41.81161900009997],[-75.0860390003666,41.811664999936355],[-75.08557299969604,41.811715999573956],[-75.08552499971442,41.811712000200885],[-75.0850130001951,41.811879000052805],[-75.08495699972649,41.81192399973658],[-75.08473400012234,41.81202100009847],[-75.0841740002185,41.812339999766245],[-75.08348400046027,41.81279400020766],[-75.08303899976791,41.81313399956733],[-75.08283399955546,41.81328899974439],[-75.08207700033185,41.813866000268504],[-75.0815770004156,41.81422500004194],[-75.08091200035975,41.81457199959585],[-75.08022900043018,41.81485800012299],[-75.07936199991923,41.815099999657726],[-75.07876899948921,41.815209999968964],[-75.07806300049079,41.815301999800276],[-75.07732900051992,41.815358999597294],[-75.07716199991778,41.815372999723145],[-75.07637700003123,41.815385999873754],[-75.07553100018599,41.815365999966836],[-75.07476000002612,41.81529400011792],[-75.07435999989198,41.815215000317245],[-75.07381799961625,41.815086999837376],[-75.07335099970348,41.81491399970598],[-75.07291600025245,41.81469500044193],[-75.07260500039428,41.81447899979422],[-75.07224799959816,41.81413099962332],[-75.07197699958064,41.813685000081016],[-75.07176099993164,41.8132140000246],[-75.07164300020789,41.812781999836844],[-75.07158099943545,41.81230100006499],[-75.07154300057701,41.81172099964833],[-75.07150900012078,41.81130400020385],[-75.07153200009742,41.81074800038328],[-75.07159099994779,41.810325000148055],[-75.07171700011838,41.809772000129136],[-75.07182599957677,41.809396000155296],[-75.07191799983448,41.80915099992531],[-75.07199099994688,41.8088899998334],[-75.0721189999802,41.80780499955549],[-75.07219199975584,41.80729700023465],[-75.07234300043724,41.80664399983952],[-75.07251500054672,41.80599900032214],[-75.072728000539,41.80533299998701],[-75.07293999986288,41.80471199956001],[-75.07325999948227,41.80397000039937],[-75.07351499992798,41.80350900008365],[-75.07381900011366,41.802932999933134],[-75.07421199978138,41.802177999827535],[-75.07463699959818,41.80137699956533],[-75.07495600040718,41.800659000407144],[-75.07531200003669,41.80004200013264],[-75.07565200051637,41.79955499979872],[-75.07609599999816,41.7990559998276],[-75.07667500038083,41.7985369999369],[-75.07723400054331,41.79810899999009],[-75.07798500016307,41.797578999914684],[-75.0784709994953,41.79729699981802],[-75.07907000032267,41.7970399998847],[-75.07972799975379,41.79686300007606],[-75.08062200033255,41.79669799955312],[-75.08141100001154,41.796592999917955],[-75.08212600002322,41.79649600005581],[-75.08266199957124,41.79650599978715],[-75.0836689999719,41.79662600044598],[-75.08420099951726,41.7967580000469],[-75.08551200013923,41.797243999790936],[-75.0860419995379,41.79741099978977],[-75.08668399989293,41.79757500002272],[-75.08733199948152,41.797663999945314],[-75.08793900044022,41.79771699966242],[-75.08849699983368,41.79770700034758],[-75.08920100032876,41.79763800008476],[-75.08986599953752,41.797544999889894],[-75.09053200015907,41.79741399998859],[-75.09126299980545,41.79720700040585],[-75.0919540003194,41.796976000252066],[-75.09234200054416,41.796814999895474],[-75.09263799942272,41.796659999947025],[-75.09288300014377,41.79645699991087],[-75.09313200022994,41.79618499987967],[-75.09350899970543,41.795633000332536],[-75.09404999951683,41.79494799965428],[-75.09523199954455,41.79357699965964],[-75.09578399997244,41.79294900022219],[-75.09623600029849,41.79249600038488],[-75.09677499942353,41.792057999586376],[-75.09836399939876,41.79093999982333],[-75.09996199960806,41.78973299982895],[-75.10053799951302,41.78927600005221],[-75.10087399992875,41.78888199972339],[-75.10133500040897,41.788221000000156],[-75.10172600010586,41.78750399988495],[-75.10199799967066,41.7868999996234],[-75.10221399999308,41.78643399973965],[-75.10235200033524,41.78606700004777],[-75.10247299954526,41.78564499965475],[-75.10264699975865,41.7849149995793],[-75.10281500036719,41.784108000021924],[-75.10296399943424,41.7834940003685],[-75.10317700006694,41.78281899977995],[-75.10340899972081,41.78221500008254],[-75.10356300015103,41.781724000078626],[-75.1036529999462,41.7813629999224],[-75.1038220004523,41.780703000026],[-75.10394800058334,41.780149999690835],[-75.1040069994042,41.77971900038212],[-75.10400800004524,41.77942600044331],[-75.10395700030891,41.77916199969835],[-75.10383299960425,41.77877799961771],[-75.10375999977136,41.77845500017216],[-75.10374500002963,41.7780530000118],[-75.1038089997922,41.777012000439846],[-75.10387899969668,41.77604799982332],[-75.10396299998031,41.7757569998394],[-75.10412900021484,41.77549000035174],[-75.10433400016097,41.77528699970874],[-75.10455099993989,41.775020999881015],[-75.10467600021573,41.774730999616004],[-75.10471099993224,41.77438400016645],[-75.10468200026385,41.77409799962313],[-75.10462500046009,41.7738000001853],[-75.10458500059076,41.773720000205564],[-75.10457099952642,41.77359900000292],[-75.1043340004491,41.772692999962096],[-75.10349200031303,41.771238000192945],[-75.10328500011038,41.771033000103294],[-75.10304599981438,41.770731999921416],[-75.10267199961378,41.77029100032089],[-75.10229500036891,41.769921999818465],[-75.10189499977353,41.769608999841545],[-75.10180299976894,41.769562999636015],[-75.10148000006744,41.76940600013866],[-75.10104399985562,41.76922599973612],[-75.1006269994774,41.76908600016705],[-75.10019699982693,41.76901399998205],[-75.09944599989339,41.76896600009265],[-75.0984259997534,41.76891899975747],[-75.0978499997316,41.76887499973084],[-75.0972450003142,41.768784000163805],[-75.09638400041847,41.76865599990683],[-75.09529900037383,41.76845300022722],[-75.09463300010032,41.76836400011092],[-75.09373699988956,41.76830099996222],[-75.09292900042809,41.768361000058626],[-75.09280999994276,41.76836099987245],[-75.09182500027377,41.76853800037128],[-75.09155300048928,41.76858599973407],[-75.09067200029958,41.768743999865144],[-75.08907800029364,41.76903100020374],[-75.08903899999963,41.76903999963491],[-75.08718200028248,41.769391999864126],[-75.08612900050078,41.7696690000221],[-75.08605500049148,41.76970000002102],[-75.0852399999334,41.76996499989128],[-75.08471500001141,41.77016900017889],[-75.08408900041591,41.77034000002037],[-75.08341299939988,41.77046300008058],[-75.0826520003931,41.77065400005081],[-75.08100300044634,41.7711249999407],[-75.07993800055299,41.77143200008514],[-75.07915599951613,41.77160700040719],[-75.07845100026917,41.77169899984869],[-75.07778900057824,41.77175300034248],[-75.07705600018492,41.771767000325475],[-75.07638599996461,41.77174299995731],[-75.07577000040745,41.771667000349176],[-75.07512799954455,41.77148199969922],[-75.07461000025316,41.771270000199195],[-75.07409900012657,41.77091000027619],[-75.07361600054425,41.770373999902475],[-75.07331799998207,41.76985699966164],[-75.07303399981005,41.76922499965144],[-75.0728830004083,41.768954000137285],[-75.07284200000548,41.7688889998813],[-75.07269400033174,41.76871600010226],[-75.07246399985715,41.768548000337724],[-75.07206899965747,41.76838400016678],[-75.0715280001672,41.768241000343366],[-75.0707330004519,41.76800600007414],[-75.07023099983152,41.76780999976],[-75.07011399950875,41.76776100000551],[-75.06904300015941,41.76744000024501],[-75.06855400017105,41.767322000088996],[-75.06758000058076,41.76718299962539],[-75.06646400005049,41.7670810001698],[-75.06593099970324,41.767015999964045],[-75.06531300006614,41.76685900005315],[-75.06475800008866,41.766686999737495],[-75.06427199978907,41.76642200015589],[-75.06364999961278,41.76602599994838],[-75.06350899977221,41.76592900014583],[-75.06283699941228,41.76552499966085],[-75.06250500022274,41.76535900003393],[-75.06203599948591,41.76517300041431],[-75.06175099994212,41.765057999877236],[-75.0617269994592,41.76505099989496],[-75.06145300041409,41.76492200027343],[-75.06123699996792,41.764790000378426],[-75.06112499948901,41.76467600030009],[-75.06101600027289,41.76449899969159],[-75.06088899972555,41.764226999574745],[-75.06069800021118,41.763999999871814],[-75.06038899973366,41.76377900026465],[-75.06013400027744,41.76355900017126],[-75.0598310002073,41.76318700008905],[-75.05963300013167,41.76299400019283],[-75.05930399948176,41.76245800026497],[-75.05870100042995,41.761473999674315],[-75.05863600019963,41.7612570000626],[-75.0574809997979,41.759366999659925],[-75.05700700057375,41.75855500016846],[-75.05666600059416,41.75784100003077],[-75.05647499985632,41.75733799995791],[-75.0563729995224,41.7570019997362],[-75.05627299977685,41.7566030004126],[-75.05616700058167,41.75635499990836],[-75.05601599998363,41.75615300043776],[-75.05570900010733,41.755916000343625],[-75.05541700018506,41.75566799997945],[-75.0551079999472,41.75534700035511],[-75.0548149996678,41.755015999825005],[-75.05457500024664,41.754669000257714],[-75.05413600005835,41.754020999988995],[-75.05383299962368,41.75352600022861],[-75.05363400026607,41.75314600005286],[-75.05337700010863,41.75270599983886],[-75.05319699964939,41.75242500009797],[-75.05304299992521,41.752063999986724],[-75.05296900009485,41.75179300004822],[-75.05295099997007,41.751206000334975],[-75.05300899940266,41.7503439997958],[-75.05304599946545,41.749710000035726],[-75.05308600035659,41.748760000432334],[-75.05308800057362,41.74825200024846],[-75.05299299989962,41.74706200012411],[-75.05291599967984,41.746480999701376],[-75.05279300049929,41.745629000354995],[-75.05267899977883,41.74482599958325],[-75.05264300005145,41.744405000446456],[-75.0526530001405,41.7439219998453],[-75.05272299977123,41.743519000414665],[-75.05285800025727,41.7430630004419],[-75.05322199959221,41.74220700022244],[-75.05340099975683,41.74173600035618],[-75.05346499982785,41.741539000300186],[-75.05356000053125,41.741095999847666],[-75.05367500048054,41.740577999733645],[-75.05374399979992,41.74023200029489],[-75.05398899995242,41.73908400013015],[-75.05404700028888,41.73889499986287],[-75.05407599988608,41.738767000139944],[-75.05413799950435,41.73852799964009],[-75.0544750005371,41.73727700018188],[-75.05460799961368,41.736912999639316],[-75.0547209994826,41.736487000090705],[-75.05478499950095,41.73598100034535],[-75.05483999987567,41.735428000448685],[-75.05482999953163,41.734895999999374],[-75.05478699948604,41.73441199958441],[-75.05469899987169,41.733989000315255],[-75.05448399979674,41.73304900039908],[-75.05432500041073,41.73229200020929],[-75.05416200021568,41.73137700011442],[-75.05395800004413,41.73008699962837],[-75.0539519995192,41.7300720002333],[-75.05383299987227,41.72888799980833],[-75.05380299942881,41.72846599996699],[-75.05377299973047,41.72803000035815],[-75.05367500026055,41.72734599957981],[-75.05355699988556,41.726868000274514],[-75.05317599974079,41.725614000050065],[-75.05291099999634,41.72460900027969],[-75.05255600023969,41.72347499976478],[-75.05232000019289,41.72278799970242],[-75.05217999953629,41.72234799968018],[-75.0520800004176,41.72195799958636],[-75.05202300026718,41.721536000192636],[-75.0520020002176,41.721020999592426],[-75.05192400011913,41.720376999701344],[-75.05183600056542,41.72000400015837],[-75.05183099997488,41.7199210001121],[-75.05146000000353,41.71905900009154],[-75.05136299973816,41.718836000432354],[-75.05102100013204,41.7182669997925],[-75.0509669996939,41.718190000348244],[-75.05074900045098,41.717851999600555],[-75.05035900015126,41.71730400014737],[-75.05007399993316,41.71677400026423],[-75.04985999948826,41.7163170003218],[-75.04971900008398,41.71590900041227],[-75.04965200026275,41.71547199966791],[-75.04964499948373,41.7148930000836],[-75.04966200037632,41.71421900011374],[-75.04964599967603,41.713862000022615],[-75.04964400031199,41.713631999629],[-75.04968699986982,41.713371999585235],[-75.0498480001853,41.71306600037371],[-75.05015699971491,41.71269100043186],[-75.05077200021746,41.71198599978334],[-75.05095899954851,41.71180000013392],[-75.05115500028481,41.71167799986966],[-75.05144399945277,41.711590000089714],[-75.05179100036867,41.71152100009957],[-75.0523589994872,41.711483999963626],[-75.05283499999632,41.711509000242515],[-75.05310999993922,41.71152099976733],[-75.05344800056156,41.71157299969899],[-75.05385199948722,41.71163199958701],[-75.05411199962744,41.711687000134724],[-75.05483100036749,41.71182799997042],[-75.0566640005825,41.71229900011727],[-75.05743900011304,41.71249100024173],[-75.05841400011873,41.71270400002758],[-75.05920299999944,41.712810000065595],[-75.05985800024362,41.712841000130084],[-75.0610169996328,41.712906000249546],[-75.06117600037304,41.71293499970365],[-75.06156799974144,41.71293699980324],[-75.06339400019641,41.71305800032619],[-75.0640399998829,41.71304999960858],[-75.06474099940971,41.71299500027011],[-75.06562500018887,41.71286499990476],[-75.06622199975759,41.71276000011472],[-75.06676900053871,41.712590000285495],[-75.0671139997739,41.71243199999067],[-75.06750700012275,41.712140000368365],[-75.06782799959157,41.71179000002242],[-75.06836400002378,41.71111299992217],[-75.06856900012812,41.710777000411056],[-75.06873000045383,41.7104719996309],[-75.0688380005629,41.71015700003677],[-75.0689169999322,41.70979399984244],[-75.06895699954053,41.70932699970019],[-75.0689139996055,41.70883499959238],[-75.06881499944554,41.70841199963538],[-75.06868300028198,41.70802099999178],[-75.06834199966325,41.70733099975304],[-75.06798999991544,41.70663300029083],[-75.06754900033816,41.705790000290776],[-75.06727900023508,41.7053960003472],[-75.06706800007836,41.705145000368695],[-75.06681699957103,41.704918000239005],[-75.06668999947188,41.70481099993125],[-75.06629300018669,41.704573999790426],[-75.06551599979399,41.704047000315406],[-75.0651199996626,41.703805000163804],[-75.06372999962475,41.702958999820545],[-75.06271899987485,41.702225999621504],[-75.06158099970258,41.70132800006586],[-75.0603339998735,41.70033299985683],[-75.05993599966969,41.69997799987713],[-75.05971500016089,41.69968599987577],[-75.05954100017752,41.699373000166496],[-75.05952300037644,41.69931700039],[-75.05931599976492,41.69904800017624],[-75.0592149997659,41.698970999773884],[-75.05891399997054,41.698698000305484],[-75.05872300037072,41.69846899961308],[-75.05843999946536,41.69805900005409],[-75.05819100048922,41.69773499987121],[-75.05776300002849,41.69719999962335],[-75.0573609995782,41.69662799961947],[-75.0570399996481,41.696086000410894],[-75.05674099993885,41.69569600029852],[-75.0566760000366,41.69558500037994],[-75.05639500013304,41.69520900017093],[-75.05603199945136,41.69462900034296],[-75.05562599967354,41.69387000034346],[-75.05526800049333,41.693179000434654],[-75.05513800058641,41.692955999900576],[-75.05441600054536,41.691720999694326],[-75.05411500033432,41.691207999819],[-75.05393800048381,41.690905000417764],[-75.05363800031881,41.690279000392685],[-75.0534079994501,41.68979499994281],[-75.05336399974547,41.68973399960501],[-75.05304499988057,41.68918899997464],[-75.05281599982679,41.68867699993757],[-75.05262700029002,41.68810999959429],[-75.05247900041444,41.68745099996211],[-75.05240300020225,41.68687700025286],[-75.05240099956785,41.68626099965523],[-75.05239600049929,41.68586500028541],[-75.0523619995348,41.68547100018409],[-75.0522950004293,41.68499100026159],[-75.05215500057189,41.68444400029555],[-75.05195100055403,41.68393300006641],[-75.05165099958843,41.683344999822154],[-75.05137200033388,41.68282300016948],[-75.05124999986299,41.682464000147846],[-75.05112099977529,41.68195500041912],[-75.05107199944764,41.68137400040348],[-75.0510569999873,41.680800999788175],[-75.05111099999087,41.68039000023967],[-75.05125199995905,41.6800179998529],[-75.05154199997058,41.679659000150835],[-75.05210400058041,41.67908200041988],[-75.05279400022727,41.6784329997678],[-75.05333400002966,41.67798699984196],[-75.05396900051069,41.677569000216884],[-75.0539810005161,41.677561999609665],[-75.05555399980011,41.67652600043995],[-75.05653499972837,41.67597199955281],[-75.0573779995923,41.67554199978543],[-75.05798000020599,41.67520900044399],[-75.05841799959897,41.67489999996762],[-75.05878399978437,41.67450599967418],[-75.05914399955427,41.673989999923045],[-75.05942500026664,41.67353700006509],[-75.05955500044476,41.67310899979661],[-75.05957099978357,41.672743999780266],[-75.05951600024777,41.672255000411695],[-75.05941500057969,41.67168099965086],[-75.05929000038978,41.67118400003742],[-75.05917700035106,41.67078500034939],[-75.05904100040551,41.67044500039899],[-75.05882899995837,41.67012999990667],[-75.05851699992662,41.66981399972285],[-75.0584480002182,41.669686000372025],[-75.05827300035035,41.66955700002569],[-75.05810999957806,41.66939199972246],[-75.05776200014438,41.669028000124634],[-75.05753299962986,41.66884399994776],[-75.057238000211,41.66871500036379],[-75.05700199960866,41.66867200023545],[-75.0567159994449,41.66864699995158],[-75.05597599986295,41.66870499971968],[-75.05547500029363,41.66872999977733],[-75.05511300020292,41.66871200012221],[-75.05478599999311,41.668636999571156],[-75.05473999984986,41.66863100018252],[-75.05439299953457,41.66842900036684],[-75.0541939997267,41.66826899968774],[-75.05399599993086,41.66807399985397],[-75.05382599958979,41.66779199962656],[-75.05368999964789,41.667450999669335],[-75.05354599955797,41.66701700040616],[-75.05338599979049,41.666656999741114],[-75.05317700052912,41.66625900034999],[-75.05296699992738,41.66589799985919],[-75.05263500030442,41.66547800012966],[-75.05191300030985,41.6647950004025],[-75.05124099996553,41.66413300017557],[-75.05079999957394,41.6636160000193],[-75.05047200044999,41.663093000205585],[-75.05020700049049,41.66253399985841],[-75.04992699943156,41.66175900011023],[-75.04967299998677,41.66097500005478],[-75.04946399979782,41.660276999653654],[-75.04923799964588,41.65939999961704],[-75.04906100056039,41.658562000009155],[-75.04888000040556,41.65780800020696],[-75.04883899960302,41.65729100039563],[-75.04887000031705,41.656861000272755],[-75.04889999940377,41.6564299998346],[-75.04890699960896,41.656144999781645],[-75.04892299973477,41.655288000261656],[-75.04894199984814,41.65393800042078],[-75.0490320003829,41.65268500020641],[-75.04913800002211,41.6516279997307],[-75.04921300021579,41.651030000192236],[-75.04923400036517,41.650533999796174],[-75.04919199992526,41.650055000434314],[-75.04907100035926,41.649348999709325],[-75.04889400013471,41.64791100036523],[-75.04879699955748,41.6475340001859],[-75.04875200024449,41.64742200006209],[-75.04866100029454,41.647212000104815],[-75.0484600005874,41.646926000312924],[-75.04823200004176,41.64669600038795],[-75.04797400003221,41.646429999843846],[-75.04771199974893,41.64592800028263],[-75.04770800059372,41.64585100008036],[-75.0477259997633,41.64566200031619],[-75.04786699999124,41.64527199999202],[-75.0480540004393,41.644977000177555],[-75.0483020001662,41.64472000023583],[-75.04846000017447,41.64453599986426],[-75.04865200035644,41.644183000296586],[-75.0489010001299,41.643646999721405],[-75.04918799994564,41.64297900027691],[-75.04934900028431,41.6424020002024],[-75.04945599996685,41.64194500030581],[-75.04949699997246,41.641561999698446],[-75.04947200040536,41.641241999734746],[-75.04939099968233,41.64080900016995],[-75.04920199959025,41.64024300004825],[-75.04904400039254,41.639777999766984],[-75.04893800014698,41.6393840000524],[-75.04886699957784,41.63897900011522],[-75.04883299942227,41.638312999722594],[-75.04880999982124,41.63766500003975],[-75.0488520003731,41.63664499983281],[-75.04884499967618,41.63591399955641],[-75.0488549997317,41.63537000030485],[-75.04879500029065,41.634731999632024],[-75.0487000004006,41.63370800016731],[-75.04861699974288,41.633013000304665],[-75.04848800025364,41.63249399967376],[-75.04832899953978,41.63212500013344],[-75.04807400002122,41.631640999978636],[-75.04765499995024,41.630750999861654],[-75.0472449998027,41.629952999832256],[-75.04657300050827,41.62869099974569],[-75.04620300006688,41.62798900041576],[-75.0459869994211,41.62745900027057],[-75.0457260002492,41.62688900014768],[-75.04544699994383,41.62605600003433],[-75.04527399970004,41.625699999755504],[-75.04494200032568,41.625337999579436],[-75.04435199979203,41.62487700040208],[-75.04410199957877,41.62455499974171],[-75.04405600048493,41.62446600044759],[-75.0438840003625,41.62412099996031],[-75.04373099948205,41.62369700010489],[-75.04360999955865,41.62332199998447],[-75.04359699944574,41.623245999852564],[-75.04363500016237,41.622827999905795],[-75.04373900033637,41.622617000421705],[-75.04399299951403,41.6221849999054],[-75.04415400053824,41.62189999974854],[-75.04424499950503,41.621635999726756],[-75.04434099960676,41.62131399992417],[-75.04447699996028,41.62074900009863],[-75.0444939999601,41.620511999785535],[-75.04444300032608,41.62027300003457],[-75.0444199996511,41.62022500020208],[-75.04437599963425,41.61996999990057],[-75.04428100002283,41.61956499960999],[-75.04418699941375,41.61911299981133],[-75.04415000034119,41.61852200038864],[-75.04418100008735,41.61806299971887],[-75.04427400011495,41.61764399984403],[-75.04446900037333,41.61716999989512],[-75.04485400034238,41.616617000295044],[-75.04532299943881,41.61615000012151],[-75.04577300044085,41.61585199999952],[-75.04619100033977,41.615702000445],[-75.04674499966568,41.615621000202665],[-75.04728000003998,41.61564900030431],[-75.0478640003012,41.61574100031445],[-75.04838099947627,41.61592200030363],[-75.04901700045947,41.6162459998656],[-75.04980999996201,41.6166960000376],[-75.05101199943473,41.617539999976685],[-75.05204799969027,41.61815399975823],[-75.05247499998357,41.6183580004082],[-75.05278499994796,41.61845800039005],[-75.05302000019864,41.6185150001264],[-75.05364200022095,41.618566999666896],[-75.05457899940387,41.618579000374865],[-75.05582000032041,41.618485999843934],[-75.05684000054744,41.61828500007717],[-75.05800000051111,41.61803100030478],[-75.05890899977688,41.61779999977504],[-75.05973099992761,41.617556000163695],[-75.06037999945494,41.617271999707114],[-75.06090399966014,41.616975000420894],[-75.06132900009001,41.61668499979594],[-75.06148700029004,41.616481999611395],[-75.06156300006147,41.616156000219206],[-75.06156499967955,41.61580000025927],[-75.06153700010783,41.61527399957031],[-75.06142099940531,41.614766000073736],[-75.0611029997484,41.614009000075626],[-75.06059099976609,41.613096999821245],[-75.06021200055257,41.61260099980406],[-75.05993700009037,41.61226000009656],[-75.05970499957378,41.61169600042039],[-75.05967899981358,41.6115959998051],[-75.05959800020688,41.61144300005757],[-75.05951000012342,41.61114100006123],[-75.05948400010679,41.610868999989904],[-75.05953200025643,41.61062600017374],[-75.05972799964677,41.61041500025842],[-75.0600590003034,41.61025400012572],[-75.06051499996681,41.610115000243965],[-75.06104599965312,41.60996799991699],[-75.06175400008374,41.60972900000413],[-75.06193200043055,41.609670000236804],[-75.06251600027913,41.609459000237344],[-75.06293300040981,41.60933699968108],[-75.06328499995215,41.60928900030713],[-75.06369800010519,41.60927099995396],[-75.06424499981485,41.60931200027372],[-75.0646780005206,41.6094249997367],[-75.06577500050912,41.60977799960696],[-75.06638100027664,41.60991399991532],[-75.0670270004078,41.610022999608624],[-75.0675489996015,41.61011599960612],[-75.06779499996078,41.61014300004397],[-75.06823000038248,41.61021999994615],[-75.06862799997916,41.61025700004814],[-75.0690790000008,41.61022999993634],[-75.06972099940309,41.61011400034105],[-75.07079600007349,41.6097890002104],[-75.07163300047861,41.609473999722844],[-75.07234500017542,41.609172000004875],[-75.07312199964446,41.608816000017306],[-75.07368199980856,41.60857600012091],[-75.07407700045746,41.60837800039758],[-75.07447500059095,41.60812499979621],[-75.0746750002178,41.60781099955464],[-75.07477700021816,41.60755500028639],[-75.07480900030548,41.60728999957001],[-75.0747619995708,41.60690400042648],[-75.07467799966302,41.60652700013648],[-75.07457699942424,41.606262999991436],[-75.07435400024224,41.60591100005691],[-75.07380499985972,41.60528899978855],[-75.07314400021575,41.6046640002565],[-75.07241999973945,41.60406299954997],[-75.07170600024125,41.60350600030644],[-75.07090699978531,41.60291399985499],[-75.07010700057579,41.60229600025026],[-75.06969799986119,41.60200199958356],[-75.0693870002581,41.6017150000598],[-75.06886299946262,41.601282000323316],[-75.0677140003933,41.600249000201984],[-75.06721700046728,41.599699000081216],[-75.06712399970756,41.599587999849774],[-75.06695499967543,41.599427999992976],[-75.06573499956136,41.597775999829985],[-75.06544799983926,41.59735400041104],[-75.06530300002379,41.597138000419534],[-75.06503900046086,41.59679999976797],[-75.06391700056523,41.59540200028616],[-75.06371100024934,41.59512500041722],[-75.06321100007035,41.59445499962934],[-75.06271799984724,41.59379900003071],[-75.06246099970352,41.593491999795525],[-75.06221999952855,41.59326100027395],[-75.06195800054957,41.59306700006338],[-75.06165500058937,41.59283399978485],[-75.06135299970997,41.59255899978924],[-75.06116900048536,41.59230099971273],[-75.06099599997648,41.592017000203064],[-75.06096400011856,41.59196199963069],[-75.06081299962038,41.591667000144234],[-75.06061899994282,41.591389999912394],[-75.06001199966762,41.590813000184305],[-75.05800599969257,41.58977799972718],[-75.05730000017816,41.5894139998303],[-75.05626999989799,41.58898799963077],[-75.0554840002741,41.5887410002425],[-75.05507500052428,41.588666000224286],[-75.0546909998452,41.5885820002636],[-75.05430700050483,41.58850700002797],[-75.05391400015104,41.58835699971976],[-75.0534600005907,41.588159000339076],[-75.0529340004422,41.58789399988689],[-75.05227800020968,41.58747600027844],[-75.05160900024764,41.5869819998909],[-75.05071499987451,41.5862120000153],[-75.05002599963883,41.5857279999515],[-75.04905900001765,41.585086999988164],[-75.0477790003743,41.58414200001264],[-75.04724600011934,41.583682000155164],[-75.04682500056106,41.58322500030924],[-75.0464820004534,41.582768999617734],[-75.04617799948873,41.582232999869504],[-75.04614000014857,41.582135000118974],[-75.04609400034298,41.58204699989104],[-75.0457569999651,41.581282999835096],[-75.04556999997725,41.58067199994768],[-75.04536299950016,41.58017700035028],[-75.04514299984213,41.57967200010082],[-75.04491500004323,41.57902699978524],[-75.04469300025066,41.57823399986124],[-75.04447399963863,41.57736700030132],[-75.04424699956216,41.57633899988103],[-75.04406000000908,41.57537600025577],[-75.04390400042084,41.57470200044107],[-75.04364200026434,41.574184999777636],[-75.04330800039419,41.57369800023122],[-75.04275399943394,41.573024999969576],[-75.04236499991418,41.57250400000042],[-75.04205699974854,41.57206099966209],[-75.04169599960368,41.571451999780415],[-75.04049000027275,41.56968800036109],[-75.03982100019192,41.56910199995542],[-75.03921000004696,41.5685679995628],[-75.03779199957583,41.56759800027292],[-75.03747899982402,41.56742899967079],[-75.03701599982062,41.56714000026042],[-75.0354360003308,41.56624999996574],[-75.03506200005901,41.56604000015989],[-75.03359200024963,41.56523800023003],[-75.03318800010531,41.56506900001296],[-75.03299500052886,41.565042000172845],[-75.03270899975253,41.564993999739016],[-75.03200300014062,41.56491299982385],[-75.03145500049928,41.56480499975963],[-75.03100199981192,41.56478299982944],[-75.030333999999,41.56482099986353],[-75.0298649995909,41.56483100009412],[-75.02920100046137,41.56478300021565],[-75.02882100022505,41.564717000137705],[-75.02843499984583,41.56460300010526],[-75.02805499974968,41.56433899966447],[-75.02758399961562,41.56386400004477],[-75.02734800030233,41.56355700022132],[-75.02734299962064,41.5635409998457],[-75.02644900055323,41.56200400015597],[-75.02474100020099,41.55951100023843],[-75.02454999960891,41.55923099962408],[-75.02345000029206,41.557911000327856],[-75.02289400013666,41.55703600013258],[-75.02260799950436,41.55664199981841],[-75.0223799996636,41.55638100016162],[-75.02190500003958,41.55599099972469],[-75.02132100011012,41.555504000112755],[-75.02101800059249,41.55519399979637],[-75.0206819994677,41.554808000433795],[-75.0201679998134,41.554162000389766],[-75.01960500015198,41.55345799977633],[-75.01916400006192,41.55286099983564],[-75.01880399982292,41.55243599960686],[-75.0185679997241,41.55206199962409],[-75.01832700002623,41.551498000202045],[-75.01781400028953,41.5499149996154],[-75.0175739995059,41.54934199987927],[-75.01729600035445,41.54876800008294],[-75.01693500052923,41.54805900021251],[-75.01648900049663,41.54728200021789],[-75.01612799969952,41.54659199960067],[-75.01600700029078,41.54616400015761],[-75.01585899987589,41.545195000155616],[-75.01588400012248,41.54460899974336],[-75.01597600015313,41.54420500040241],[-75.01619800049778,41.543736999659785],[-75.01646600002107,41.54334599962049],[-75.0170129997255,41.542913999603336],[-75.0175030001378,41.54264200025987],[-75.01789999963927,41.54249999983964],[-75.01831800038565,41.54244399994086],[-75.01997599990578,41.54224699983556],[-75.02095300014679,41.54208099996011],[-75.02166400051846,41.54194200041066],[-75.02222600036318,41.54175599958245],[-75.02285599941389,41.541458999765645],[-75.02337300058869,41.54114000004005],[-75.02408599962543,41.54066500043334],[-75.02445099981871,41.54037099964364],[-75.0247000005919,41.54013100034628],[-75.02485099992795,41.53984100007154],[-75.02491199947083,41.53958700004374],[-75.024915000324,41.53922799986795],[-75.0249479995148,41.53875199973868],[-75.02500300023243,41.53833100023174],[-75.02501799984067,41.53796299987891],[-75.0250240001132,41.537929000162734],[-75.02499699996548,41.537592999582834],[-75.02497900059252,41.53754600020392],[-75.02487300048999,41.53692799964255],[-75.0247480000401,41.536291000101485],[-75.02469899953438,41.53566599992501],[-75.02463799953799,41.5350110003859],[-75.02454299966361,41.534592999900305],[-75.0243370001183,41.53409600002393],[-75.02408700045186,41.53374000000993],[-75.0237099995347,41.53342799981934],[-75.02321699970307,41.53317100033269],[-75.0226990002733,41.533003000396526],[-75.02200599983603,41.53287699993307],[-75.02121999978019,41.53276500008416],[-75.02035700014297,41.532591999575146],[-75.01945599974533,41.53245700035328],[-75.01829899950219,41.53235000037373],[-75.01797599978823,41.53233999995415],[-75.01739699995656,41.532313999957104],[-75.01709600008999,41.53227800017072],[-75.01679699987389,41.53219499957305],[-75.01642800030064,41.53198799968557],[-75.01589800035168,41.53172899961311],[-75.01489900039951,41.53123300011809],[-75.01405199948942,41.530692000352104],[-75.01332599973055,41.53028700028761],[-75.01234999945692,41.52985700015244],[-75.01113900024052,41.52931799984459],[-75.01024500021498,41.52883500032726],[-75.01009199971247,41.52874400029257],[-75.00939399951062,41.528282999861375],[-75.00882600049621,41.527962000043615],[-75.00869200003686,41.5278870001388],[-75.00801700053476,41.5274739999421],[-75.00751600019774,41.527121999819755],[-75.00717100045149,41.52682700028689],[-75.00703899943284,41.526736000251546],[-75.00655399974555,41.52627700035847],[-75.005399000165,41.525183000080546],[-75.0050889998912,41.524944999582935],[-75.00459600023939,41.52468700022891],[-75.0041429997148,41.52440200028896],[-75.00359599959592,41.52392500033824],[-75.00321200047527,41.52348100008945],[-75.0027419999631,41.52269399991787],[-75.0023500001549,41.52207599966384],[-75.00215900052656,41.52180800024258],[-75.00129699977903,41.52065000024653],[-75.0012389995147,41.520445999892274],[-75.00113199981305,41.52025200003463],[-75.00093000032646,41.5196799998664],[-75.00079199967928,41.51906199974907],[-75.00074899966955,41.51859699984463],[-75.00082700033983,41.51802200039535],[-75.00095599987654,41.517593000001376],[-75.00127199959013,41.51696400019815],[-75.00185699993101,41.51591800010957],[-75.00228400024356,41.51506600034278],[-75.00259199953736,41.514559999576264],[-75.00261999998234,41.51449200004035],[-75.0027099996037,41.514217000163946],[-75.00290300021723,41.5135310002065],[-75.00303100021443,41.51317399989647],[-75.00323899970293,41.512716000439795],[-75.0034899998489,41.512129000192395],[-75.00366799969423,41.51180800027873],[-75.00371499950501,41.51158200040216],[-75.00373199947397,41.5111880001727],[-75.00377600008676,41.51075100022669],[-75.003867999948,41.51034700007775],[-75.00390299977046,41.51011100041167],[-75.00389200022933,41.50978900016589],[-75.00368199999548,41.50850699977823],[-75.00357800041861,41.50827699985408],[-75.00332400055252,41.508035000042156],[-75.00304100010148,41.507885999565396],[-75.00255500019567,41.50777099986582],[-75.00190500018685,41.50764199977534],[-75.00130399994423,41.5074939996679],[-75.00073300049189,41.50738600008337],[-75.00025500010018,41.50737500044597],[-74.99982500023106,41.50741199956695],[-74.99932999980872,41.50752300006595],[-74.99851300006691,41.507769000064776],[-74.99630799997236,41.50840599992269],[-74.99493700044603,41.50868599988593],[-74.99379499988405,41.50888600009756],[-74.99291000029498,41.50898699981539],[-74.99195100004009,41.509021000135725],[-74.99098499947443,41.508960000348466],[-74.98981699996547,41.50889399993068],[-74.9886949997178,41.50892399978527],[-74.98800400031162,41.508878999776215],[-74.98749100050738,41.5088189997094],[-74.98696899969343,41.50866500008926],[-74.98642399968098,41.50844399983931],[-74.98590700016955,41.50815700020773],[-74.98544300021177,41.50783400041142],[-74.98503100056263,41.50746400016623],[-74.98461000009952,41.50700000004436],[-74.98424000053177,41.50650900012607],[-74.9839499996232,41.50594399959593],[-74.9837340002993,41.50546299959682],[-74.98363899989921,41.50525499969476],[-74.98345699961307,41.5046109997865],[-74.98339100022918,41.50411399986226],[-74.98325899975961,41.503249999781666],[-74.98316600015279,41.50276499990575],[-74.98299799987629,41.502268999761505],[-74.98281599990192,41.501829000166595],[-74.98267600027128,41.50159200032089],[-74.98260899976636,41.50138200038461],[-74.98255800052875,41.501075999599514],[-74.98243399996764,41.50008100032139],[-74.98237999956658,41.49965300016208],[-74.98233599989317,41.49918799975547],[-74.98227099980811,41.498940000087565],[-74.98226999943458,41.49868499975232],[-74.98246499977763,41.49765900011702],[-74.98258500023705,41.49661099962574],[-74.9826680003515,41.49613100011972],[-74.9828160000993,41.49560500013164],[-74.98313400056026,41.49493099992986],[-74.98363600059632,41.4937990000734],[-74.98401399979728,41.4928990003371],[-74.98449999947307,41.49182299981067],[-74.98480499953403,41.49115900008735],[-74.98497900007915,41.49063300029062],[-74.98517500034525,41.489871999929996],[-74.98531999954201,41.48912799964295],[-74.98537900021437,41.48833500013693],[-74.98549299962374,41.487517999820575],[-74.98562899959424,41.48688299985927],[-74.98566500050157,41.48635899988268],[-74.98564500059632,41.48586500037878],[-74.98554699990153,41.48526599989883],[-74.98539599960203,41.484644999896894],[-74.98509600051612,41.48396899966661],[-74.98506400049517,41.48391000012832],[-74.98500400037265,41.48370300043857],[-74.98500199952696,41.483678999747596],[-74.98497500049018,41.48359499967207],[-74.98485599963293,41.48319100037486],[-74.98471599974302,41.482930999838516],[-74.9844449999429,41.482587000225365],[-74.98432600026858,41.482438000323896],[-74.98378500027434,41.48164299969329],[-74.98351299952482,41.48128599986749],[-74.9832009998779,41.480907999798276],[-74.9828800005395,41.48057399998281],[-74.98282099969998,41.480507999650385],[-74.98247599998035,41.48025299975112],[-74.98211500025866,41.48003900019524],[-74.98180400016676,41.479948999964876],[-74.98054099995119,41.479732999998085],[-74.97980800036727,41.4795920001813],[-74.97897000016596,41.479402000134755],[-74.9783169998826,41.47931499988558],[-74.97778199970637,41.479265999749735],[-74.97734500057396,41.479245000027866],[-74.9765130001219,41.479173000247556],[-74.97587599986079,41.479044999933095],[-74.97496799950827,41.47883800031766],[-74.97280300051484,41.478239999795846],[-74.97199000047661,41.478065999803704],[-74.97086199951057,41.47786399958927],[-74.96936699995764,41.47762199968949],[-74.96881100014501,41.4774960003388],[-74.96792400047377,41.477215999999736],[-74.96698400025193,41.47703700021368],[-74.96627399972091,41.47696400020244],[-74.96510199954585,41.47685100022803],[-74.96319200006918,41.476722000424225],[-74.96037399969408,41.47669500009861],[-74.959800000374,41.47666100032163],[-74.95898099987257,41.47659999979478],[-74.95823000009543,41.476581000262335],[-74.9574329994653,41.47664400012287],[-74.95670200001587,41.47677100042868],[-74.95605099954025,41.47696099984443],[-74.95568199967946,41.47709399978016],[-74.95537500021521,41.47717700040495],[-74.95398899987161,41.47778899966059],[-74.95368600027777,41.47799300036542],[-74.95176300030597,41.47896599961465],[-74.95138899994446,41.4791359998994],[-74.95088800053774,41.47940599996732],[-74.9499650005752,41.47978500018889],[-74.94988100059284,41.47982000003616],[-74.94899200058175,41.48017799997422],[-74.94808000022249,41.48062500000311],[-74.94778500034474,41.48085100025804],[-74.94754800030938,41.48106500031849],[-74.94723899958798,41.481416000422],[-74.94721799943191,41.481446000117856],[-74.94706699959133,41.48173100044362],[-74.94699100057029,41.48183199967315],[-74.94674800039604,41.48226999964584],[-74.94654300028573,41.482583999937056],[-74.94631099980931,41.48287699981605],[-74.9460410002919,41.48308699998041],[-74.94565099959941,41.483262000148294],[-74.94503999972572,41.483452999879866],[-74.94439099995911,41.483582000230086],[-74.94393699970821,41.48364300008245],[-74.9434150005425,41.483681000142504],[-74.94286899942418,41.48364699994094],[-74.94184600023219,41.483571000104185],[-74.94137500042997,41.48350699976803],[-74.94047099999075,41.483382999690576],[-74.93981700010055,41.48332599961665],[-74.9389560002008,41.48329499974012],[-74.93795699970445,41.483301000158335],[-74.93696100011832,41.48321500015264],[-74.93526000008151,41.48298800002781],[-74.93482100054474,41.48290799987612],[-74.93473100018774,41.482880000432075],[-74.93465199978739,41.48287200017097],[-74.93451899972749,41.48284199988276],[-74.9342819996966,41.482809999857615],[-74.93365299943896,41.48270300010628],[-74.93312500045879,41.482577000353544],[-74.93276499960565,41.48244400040236],[-74.93258499991867,41.48232300023845],[-74.93178899956418,41.481803999964754],[-74.93103500009488,41.48132499994072],[-74.93019699941968,41.480733999885445],[-74.93011900020656,41.48067000029179],[-74.9299889998236,41.480609000024096],[-74.9298910000664,41.48054200031696],[-74.92921400028136,41.48006200020136],[-74.9283210000845,41.479345999752255],[-74.92828700035636,41.479268999685026],[-74.9278329995865,41.4789510000886],[-74.92683499972239,41.478327000186404],[-74.9260489994671,41.477927999992794],[-74.92498600019864,41.47744799980697],[-74.92409200024315,41.4771379997717],[-74.92355100037982,41.47701699968178],[-74.92283500026993,41.476931999815164],[-74.92162899942443,41.47692099969753],[-74.92103000005095,41.476994000166215],[-74.91986499986447,41.477084999694206],[-74.91939500057397,41.47710600014027],[-74.91932299947037,41.47711399965664],[-74.91848499942473,41.47718600021287],[-74.9179660000319,41.47717300005014],[-74.91740800048164,41.477096999995226],[-74.91672799965426,41.47698800011558],[-74.91460400026997,41.47648100021935],[-74.91405600049734,41.47637699964385],[-74.91369399986918,41.47627999986928],[-74.91303499975038,41.47601700004077],[-74.91278199966614,41.47585599955586],[-74.91246699981242,41.47555000009554],[-74.91200400025009,41.475168000316195],[-74.91162100048876,41.474849999827555],[-74.91142199950902,41.474710999864755],[-74.9110930000643,41.4745469997387],[-74.91103399971685,41.47451599987235],[-74.9106070004094,41.474259000313054],[-74.91020900011301,41.47396099986973],[-74.90988100029793,41.47364400024523],[-74.90954299947842,41.47323500006104],[-74.90942400046069,41.47298100044659],[-74.90933000042747,41.47277700029689],[-74.90918100044892,41.47243600037729],[-74.9091129994712,41.47225899980848],[-74.90890299965213,41.471593000418544],[-74.9087860004592,41.47113800023824],[-74.90875899998889,41.47081800005309],[-74.90875000050607,41.47040599981736],[-74.90873699961888,41.470065999629064],[-74.90869600022992,41.46975699993146],[-74.90861899950679,41.46933299986697],[-74.90850000045614,41.46891799994424],[-74.90831699987771,41.46840999955807],[-74.90814199966009,41.46803500010868],[-74.90801899955804,41.46772299990672],[-74.90796399959035,41.467404000206045],[-74.90798099964232,41.467012000011046],[-74.9080139999343,41.46679600031691],[-74.90810299954175,41.466502999657635],[-74.90813199997793,41.46601599959125],[-74.90816299963421,41.46567000008112],[-74.90813299951463,41.46547499963182],[-74.90811899948986,41.46479300032452],[-74.9081200004846,41.46473199957629],[-74.90810300029418,41.46464000042101],[-74.90793899992069,41.463849000091095],[-74.9075659994153,41.46294900022193],[-74.907455000469,41.462760000048775],[-74.90731700015337,41.46247899960674],[-74.90719800007243,41.46206500038112],[-74.9070540004954,41.461618999631426],[-74.90685199996933,41.46122300016546],[-74.90655299941191,41.46087599990544],[-74.90614299969361,41.46059699974521],[-74.90586900023513,41.46045799978735],[-74.90530600029751,41.46019799968695],[-74.9048720001832,41.46004500025871],[-74.90470699990513,41.460020000250374],[-74.90412400034577,41.45986699967712],[-74.90403900034678,41.459845999840475],[-74.90317000032188,41.4596909999329],[-74.90247700001711,41.459571000083095],[-74.90091800049464,41.4592440002136],[-74.90055099992435,41.45917100007467],[-74.90010699987177,41.45905899963761],[-74.89869199979505,41.45881200021603],[-74.89729500018456,41.45866800041607],[-74.89630399951866,41.45851800003815],[-74.89598300055438,41.45843299993862],[-74.89539000059487,41.4583149996821],[-74.8947680003492,41.45814500006575],[-74.89396100007811,41.45782699981218],[-74.89294000022667,41.45740000030398],[-74.89230900039477,41.45711700037724],[-74.89154599954549,41.456738000164954],[-74.89119899991272,41.456544000005145],[-74.89081500021395,41.456256999760335],[-74.89052400051679,41.45603399962879],[-74.89030799944504,41.45580900036197],[-74.89016900033604,41.45555800014918],[-74.89002700034864,41.45519799956155],[-74.88982999967817,41.45439100000683],[-74.88967400017123,41.45392100002649],[-74.88958400038017,41.453735000170184],[-74.88935099966588,41.45313699998618],[-74.88933500021857,41.45303499958676],[-74.88924999947476,41.45264800039736],[-74.8891499996055,41.451791000002416],[-74.88909800002989,41.45143000021567],[-74.88913800011119,41.451143000356524],[-74.88915600054092,41.45107199964094],[-74.88929399974914,41.450780000333744],[-74.88970399983747,41.45029900022988],[-74.88972099988824,41.45028800031793],[-74.88993600054107,41.45009199968558],[-74.89085300041681,41.449476999629674],[-74.89161100014395,41.44902299986488],[-74.89258199949745,41.44835500041135],[-74.89271200019132,41.44825299971261],[-74.89339999996722,41.44774199963958],[-74.89419699988758,41.44698900017084],[-74.89485500034897,41.446190999778004],[-74.8951360003082,41.44569399966416],[-74.89540699964061,41.44514500001712],[-74.89560799998529,41.44460499956772],[-74.89593999973837,41.44359400038627],[-74.89611900053279,41.442930000087415],[-74.89627200025886,41.44256399955608],[-74.89631499968853,41.442439000112785],[-74.89635799992226,41.44234799962252],[-74.89639900047801,41.44217900009657],[-74.89639800056638,41.442116000438176],[-74.89643799948595,41.44190899986492],[-74.8964720001775,41.44142600001493],[-74.89642700032422,41.44091099997324],[-74.89626699969583,41.44048499977893],[-74.8960260005454,41.44006699962038],[-74.89565999981374,41.43968799999938],[-74.89512800038753,41.43933499960511],[-74.89430699976123,41.43903700010323],[-74.89409200002284,41.43899500015332],[-74.89391299994767,41.4389299998014],[-74.8926249999421,41.43861699960148],[-74.89089899961161,41.43833499957928],[-74.89017500029016,41.438178000017025],[-74.88998500016496,41.43817099976945],[-74.88960000023098,41.43812800003543],[-74.88901000047107,41.43816500014075],[-74.88815499970733,41.43831900017423],[-74.88767599976836,41.43847300036161],[-74.88765199954518,41.43847800043687],[-74.8869889995674,41.438710999683444],[-74.88633900024497,41.438870000127054],[-74.88571800037164,41.438987999925864],[-74.88417800042409,41.43918700029289],[-74.88160699967594,41.439473000360245],[-74.8797209997699,41.43975499974212],[-74.87938799989864,41.43979600025601],[-74.8790880002621,41.43985199963046],[-74.87843299967754,41.439975999929715],[-74.87830300004042,41.44000000000928],[-74.87672100007127,41.440338000131696],[-74.87592199965924,41.440614999625275],[-74.87413300002243,41.441147999914676],[-74.87257299984624,41.441511999682696],[-74.8725090001476,41.441533999960775],[-74.871991999492,41.44165100043023],[-74.87140799966731,41.441830999924115],[-74.87086199964143,41.44210600022309],[-74.87014799962598,41.44248899980229],[-74.86961800010842,41.4427129998123],[-74.86808199988316,41.44310599976596],[-74.86687599971916,41.4434820003801],[-74.8664680002455,41.443584000015235],[-74.86619100023005,41.44362100000827],[-74.8658719998155,41.44372300012325],[-74.86486699983968,41.443951999981685],[-74.8645210002831,41.44407099968431],[-74.86410900017938,41.444173999577146],[-74.86314200034818,41.4443870003091],[-74.86223600016415,41.44445700013774],[-74.86099999968198,41.444436000369535],[-74.85880999948373,41.44428799956489],[-74.85812899979365,41.444219999771484],[-74.85765300037839,41.44415599961965],[-74.85713800039872,41.44403999989603],[-74.85655799997356,41.44387100024971],[-74.85574199969082,41.44374799983932],[-74.85543100057643,41.443678999921765],[-74.85497199955906,41.443522999820516],[-74.85439299961617,41.44333300023927],[-74.85390899994557,41.44314599992765],[-74.85304099963732,41.44267200034884],[-74.852480999546,41.442322999864345],[-74.85106399992615,41.44144100041332],[-74.85010300025148,41.44090800012038],[-74.84854900058099,41.44000700027651],[-74.84786899999564,41.43961900024579],[-74.8474310000134,41.43931000006954],[-74.84706499950812,41.43894100010045],[-74.84661000019834,41.4384050002003],[-74.84607199971065,41.43788699980851],[-74.84575399999198,41.43766300025441],[-74.84533500004133,41.4374069998744],[-74.84458299940968,41.436866000116225],[-74.84419400044085,41.436582999912694],[-74.84359499974974,41.43608500010382],[-74.8429970002219,41.43567899982869],[-74.84211500026686,41.43522500031378],[-74.84169000053681,41.435023000220625],[-74.84143199966937,41.43489900004844],[-74.84080100001901,41.43451499959134],[-74.8396389994684,41.433690999782826],[-74.83890100011054,41.433065000308204],[-74.83807000034062,41.43235000023447],[-74.83779499974396,41.43211099998268],[-74.83747700056335,41.43189700005647],[-74.83687500034725,41.43158400020102],[-74.83585700058788,41.431095000252014],[-74.83556799951464,41.4310019997825],[-74.83539299996171,41.43095199989336],[-74.83521799990372,41.43088999986802],[-74.8348460005159,41.43077099996237],[-74.83387100024933,41.43056100008961],[-74.83277000007654,41.43039900021354],[-74.83203199989096,41.43039100012778],[-74.83033100043487,41.43051199961268],[-74.8292560002387,41.430690999986034],[-74.82820299987193,41.43097300026148],[-74.82734300052226,41.431259999740966],[-74.82685799978532,41.43139199992794],[-74.8263410001577,41.43164600036079],[-74.8259419998976,41.43198600013046],[-74.82536800024585,41.43258900041528],[-74.82527300015714,41.43270100023433],[-74.82487699998025,41.433173000198444],[-74.82445999953529,41.43393400017711],[-74.82391000031404,41.43520599969949],[-74.82358199994917,41.43580500011253],[-74.82317399956591,41.43636099976156],[-74.8225840005465,41.43701399980626],[-74.82194599965345,41.437522999881615],[-74.8209569996341,41.43822299972615],[-74.8198189998065,41.43918200024598],[-74.81965600027299,41.4393170003279],[-74.81888200018285,41.43993999997476],[-74.8183299996046,41.440309000049105],[-74.81799500029037,41.4405049998181],[-74.81713000052758,41.44092099976466],[-74.81699500042038,41.44098800027034],[-74.81616600022039,41.44136200028605],[-74.81580399959202,41.44151200031912],[-74.81440700055934,41.442109999570945],[-74.81362799975795,41.44239900006979],[-74.81248799940177,41.44280200044646],[-74.81150499996636,41.443055000211594],[-74.8105999994577,41.44311400036548],[-74.80942599972397,41.443063000240905],[-74.80824200045772,41.4429200000073],[-74.80748299992518,41.44276700041707],[-74.80663200011162,41.4425180001149],[-74.80603000043756,41.442275999915594],[-74.80565499989554,41.44210100000774],[-74.80558299973093,41.44204599992563],[-74.80527300026567,41.44191299995691],[-74.80515800014312,41.44185299969297],[-74.80443000021928,41.44129899966406],[-74.80320900012967,41.44017799995236],[-74.80232600023479,41.43943499969957],[-74.80167899946787,41.4389139996337],[-74.80140299965828,41.43867000007894],[-74.8011320002184,41.43830299967021],[-74.8006509998353,41.437457000076066],[-74.8004180004179,41.436865000295896],[-74.80025300055776,41.43627399990542],[-74.80019900032237,41.435666000235884],[-74.80016800013094,41.43423499986427],[-74.80009500000496,41.43342999969385],[-74.79998599987917,41.432845000312696],[-74.79969799977312,41.43191800031776],[-74.79925599977322,41.430806000295966],[-74.79877799992768,41.42988799963553],[-74.79816700016077,41.428894999966545],[-74.79775800059157,41.42824700031928],[-74.7974690000977,41.427693999716276],[-74.79692500015048,41.426414000364765],[-74.7967229999901,41.42604900037942],[-74.79622700015032,41.425223000390694],[-74.795712000414,41.42452100039818],[-74.79509100056599,41.42371300010009],[-74.79454500030374,41.42310199970167],[-74.79423000008426,41.42285100025616],[-74.79393499961583,41.42270099979323],[-74.79385599993465,41.42267099998817],[-74.79356500059276,41.422572000289385],[-74.7934360002116,41.42250799967796],[-74.79311500017515,41.42235600028517],[-74.79258999945517,41.42216700043844],[-74.7919279996408,41.4219959998508],[-74.79148399971463,41.42182999991626],[-74.79084800051032,41.421679999940224],[-74.79016899971977,41.421591000162884],[-74.78951600016302,41.421501999811014],[-74.78909699980825,41.42140900040757],[-74.78874099974952,41.421410000175115],[-74.78828599956994,41.42149100029807],[-74.78596299970566,41.42205899997606],[-74.78387499967646,41.4225599997291],[-74.78315699983862,41.42271699999237],[-74.78271300052181,41.42284899962779],[-74.78233600049677,41.423025000176146],[-74.78181300003406,41.42338199997826],[-74.78125399984451,41.42374500003803],[-74.78061900039202,41.42407099981582],[-74.78004599988272,41.4243499996425],[-74.77881700045396,41.42490500007882],[-74.7777740003273,41.42529899966127],[-74.77706800036644,41.42548699984294],[-74.77578700031341,41.42567999991053],[-74.77524899948885,41.42574900021503],[-74.77483499982814,41.425860999643554],[-74.77434799992963,41.42605499978712],[-74.77399000007416,41.426166999696385],[-74.77356200050214,41.426258999969946],[-74.77270699982262,41.42634200042925],[-74.77205099974672,41.426324999710204],[-74.77120700053942,41.426240999826994],[-74.7705020001977,41.426110000320335],[-74.76981599962564,41.42586499967899],[-74.76910400009224,41.425579999633676],[-74.76870400022551,41.42534299989705],[-74.76826400033049,41.42510500033123],[-74.76787500042087,41.424929999991164],[-74.76593699945295,41.42425199987142],[-74.76513499971271,41.42400600019903],[-74.7649259996674,41.42394600003922],[-74.76370099975387,41.423613000396585],[-74.76315100011168,41.423515000333104],[-74.76240100011216,41.42332799989371],[-74.76156000029086,41.42318300014519],[-74.76084500039563,41.42315299999405],[-74.75983299981158,41.42315799983387],[-74.75906399984676,41.423219999850296],[-74.75876500054726,41.42327299985977],[-74.75858700029248,41.423286999877426],[-74.75792599978972,41.423437000262886],[-74.75773199954126,41.423509999967465],[-74.75734999960399,41.42361800002765],[-74.7563480001649,41.42399300029886],[-74.7553959997136,41.424473000195455],[-74.75460600006869,41.42488299955946],[-74.75499400014037,41.425301999804155],[-74.75532299972528,41.42566899961357],[-74.75593000043692,41.42675300029041],[-74.75642099993709,41.42800899995545],[-74.75637999977768,41.42807200027347],[-74.75547899966315,41.429479000327305],[-74.7546470005143,41.429919000041885],[-74.75414500007611,41.43018399982367],[-74.75288899987702,41.43030200028598],[-74.75202499960768,41.4315950003336],[-74.75186800006148,41.43247700003542],[-74.75257500028427,41.43324100000872],[-74.75383099999749,41.43318199981156],[-74.75508699950902,41.433181999757345],[-74.75610699941655,41.433946999639105],[-74.75634299966683,41.43518100036262],[-74.75657799966771,41.436826999667254],[-74.75889699944369,41.44074300021505],[-74.75900900023044,41.441094000086174],[-74.75935699970424,41.44219300027716],[-74.759482999629,41.4425880000634],[-74.76018899988865,41.44323499972042],[-74.76230899996804,41.44435199990271],[-74.7626230001494,41.44552800042216],[-74.7626230003398,41.4477029996714],[-74.76246600038573,41.44952499976059],[-74.76130000059567,41.45001200019719],[-74.76085600025057,41.450741999785976],[-74.76051899987112,41.4512739999526],[-74.76027899971534,41.45176900019194],[-74.75965399952962,41.452948999827335],[-74.75942499976412,41.4533449996734],[-74.7589559997746,41.45384099957752],[-74.7587960003163,41.454042000226835],[-74.75862999959872,41.454290000082494],[-74.75857500057059,41.45447599976765],[-74.75865000009581,41.455115999682356],[-74.75875900033016,41.45547000024633],[-74.75884200018604,41.45576400027881],[-74.75925099962835,41.456773000325846],[-74.75939199966066,41.45731700044474],[-74.75945500044926,41.45780899994628],[-74.75953900057537,41.458170000212284],[-74.75966700014224,41.45856900042986],[-74.75975899975973,41.45889299994233],[-74.75973800052417,41.45915599966092],[-74.75976800037944,41.459907000235475],[-74.75984200020831,41.460209999746745],[-74.75989699974753,41.460691999939435],[-74.75984000051547,41.460789999719495],[-74.759569999842,41.46092200008579],[-74.7592129999956,41.461037999664306],[-74.75865900020885,41.461143000280586],[-74.75746199941737,41.46130500035523],[-74.75702600052978,41.461344999571196],[-74.75640900048052,41.461441000079084],[-74.75502500042003,41.46178399969221],[-74.7532269995656,41.46239800024682],[-74.75200300050564,41.46295600035767],[-74.75083200043508,41.46371300041509],[-74.75054499967861,41.463960999826185],[-74.7504120002779,41.46432999991622],[-74.75048599958376,41.46505600003506],[-74.75085300006596,41.46569799964522],[-74.75168299965746,41.46640799976992],[-74.75245000027688,41.46698999957582],[-74.75275799981802,41.46735700041801],[-74.75286400000564,41.46757800009691],[-74.75287999944526,41.46779900002051],[-74.75295600050927,41.468087000444704],[-74.7529290004446,41.468392999977695],[-74.75275899951839,41.46927800009443],[-74.7523649994823,41.471693999999154],[-74.75231399953373,41.472111999769716],[-74.75234400059432,41.472642999886936],[-74.7524789998189,41.47287200044995],[-74.7525620005802,41.47311900035692],[-74.75257100051532,41.473428999728746],[-74.75261700031291,41.47368999957739],[-74.75287399965349,41.474199000189536],[-74.75297500017079,41.4743850000976],[-74.75331499996967,41.47475700021337],[-74.75364799955786,41.47502400029421],[-74.75394799989134,41.47537900038036],[-74.75415999991543,41.4757580003146],[-74.75425399955385,41.47604399956355],[-74.75434300019629,41.476293999555814],[-74.75436099977443,41.47669800009266],[-74.75440300011412,41.4773680003862],[-74.75433399997215,41.47765300011162],[-74.7541779999518,41.47804600001082],[-74.75413199968804,41.47825899971536],[-74.75420000054525,41.4785020001613],[-74.75449500032337,41.47884900010087],[-74.75518200048498,41.47931700029383],[-74.7555140002902,41.47953699974763],[-74.75554600001222,41.47956400011164],[-74.75585600001006,41.47955499978867],[-74.75590399952937,41.47961999962275],[-74.7560739997826,41.47967700016269],[-74.7562229999009,41.47974199962302],[-74.75659500028867,41.480008999750375],[-74.75682899959702,41.48021100000595],[-74.75713700022045,41.4804300000257],[-74.7575099996662,41.48058399960577],[-74.75785100058003,41.4807219999959],[-74.75830900051058,41.480877000072205],[-74.75876599952592,41.481120000145175],[-74.75916999998633,41.48140300042513],[-74.75964799996295,41.481855999736545],[-74.75996599965427,41.48242900037852],[-74.76003900030071,41.482855999662874],[-74.76000400007395,41.48345199963115],[-74.75992699952815,41.48398300044471],[-74.75976399947041,41.484618000154],[-74.75974099971293,41.485044999787696],[-74.75984600000379,41.485440000153865],[-74.75996199987938,41.48572999989331],[-74.76044000013184,41.486126999780204],[-74.76128900056952,41.487153000170466],[-74.76189399967363,41.4878389997862],[-74.76204200032844,41.488064999773215],[-74.76210500027344,41.48850800002448],[-74.7620489998547,41.48892699960903],[-74.76171499957306,41.48975500001041],[-74.76143499987796,41.49024500012201],[-74.76116800036091,41.490485999977196],[-74.76091099941927,41.49067000006676],[-74.76065400018413,41.49078999978168],[-74.76007800046257,41.49085199968271],[-74.75936300036774,41.490969999891526],[-74.75867899950357,41.491112999644045],[-74.75800699944112,41.491198999760165],[-74.75720599941712,41.491267999570795],[-74.75637399990927,41.491322000085624],[-74.75576600007555,41.49132800040716],[-74.75500799976533,41.49140500006443],[-74.75413199978593,41.49167600007306],[-74.75358699959341,41.491964000174455],[-74.75311500013335,41.492389000165964],[-74.7528140004883,41.49284699981278],[-74.75253499961684,41.49326399989631],[-74.75240499946291,41.49370700036152],[-74.752399000453,41.4937430001483],[-74.75189500037072,41.49375599994635],[-74.75015899986062,41.49378000044442],[-74.74997799940279,41.49378300024759],[-74.74960700059681,41.49380099985811],[-74.74023799945743,41.49413899996281],[-74.72970300028138,41.494520999793245],[-74.72963100019462,41.49452400029097],[-74.72177400020772,41.49481000024233],[-74.72109699946446,41.49483500014363],[-74.7172140004206,41.49497600006509],[-74.69783599977309,41.495677999827315],[-74.6736560005667,41.49655599960837],[-74.66552300048157,41.49685100037432],[-74.66545400004229,41.49685300021434],[-74.64841400010839,41.4974719999898],[-74.64689899983372,41.49752699987742],[-74.64600200020891,41.49756000032336],[-74.6454999994314,41.49757900013879],[-74.64309299974272,41.497666999906365],[-74.64263399970113,41.49768199973547],[-74.62460500047402,41.49829800010777],[-74.620471999924,41.49842099989183],[-74.62005899994334,41.498432999770216],[-74.61975099965791,41.498446000187144],[-74.61920200049988,41.49845400016154],[-74.61353300037591,41.49865800013094],[-74.60184700025142,41.49907899991621],[-74.6017489997483,41.49908199967781],[-74.59579299943653,41.49924099981935],[-74.59276100018326,41.499358999727924],[-74.575378999552,41.50009300022092],[-74.57189700012353,41.50009300005851],[-74.56091999943347,41.50059999992211],[-74.56076299950685,41.500608999660514],[-74.55964199962119,41.50083100025269],[-74.55736599966592,41.501249999804394],[-74.55531500007439,41.50132399988932],[-74.55184200016316,41.50145100023177],[-74.55097400036168,41.50148400022136],[-74.5493200003474,41.50154500012061],[-74.5487679996673,41.501565000347526],[-74.5304580000678,41.50236300024567],[-74.5297509996029,41.50239400033882],[-74.52733300020303,41.50245799981625],[-74.52660000043949,41.50248799996503],[-74.51952899959745,41.50278100017144],[-74.51438700053717,41.502993999666145],[-74.5080869997661,41.50324900034226],[-74.50448500002383,41.503464999638915],[-74.50128999981683,41.50345500021952],[-74.50117099942258,41.50345799974772],[-74.50026500034633,41.50348499994798],[-74.49960299988236,41.50351299991234],[-74.49634100045074,41.503669000413566],[-74.49535799956115,41.5044469998948],[-74.49414800037968,41.504089000377306],[-74.4938010003885,41.50444699969271],[-74.49323400038259,41.50421600025493],[-74.49280699977837,41.503834000152466],[-74.49268199945737,41.50373499971526],[-74.4916909994844,41.5034950003642],[-74.49131899999745,41.503901000178274],[-74.49116199967851,41.50415499993945],[-74.49056600007408,41.50393600012713],[-74.49044900042614,41.5039409997669],[-74.49022399940397,41.50389999992013],[-74.48998499994642,41.50377899954995],[-74.48972999954017,41.503789999656775],[-74.48959300024386,41.50373999965675],[-74.48922699967497,41.503784999847525],[-74.48851799956255,41.50377899993342],[-74.48835199944587,41.50373499991953],[-74.48816500028418,41.503963000067785],[-74.48811899980352,41.50404700015495],[-74.48795600027171,41.50424200005087],[-74.48765199944675,41.50436499971423],[-74.48757399957927,41.50437499992376],[-74.4874110005377,41.50409499995216],[-74.48731599965829,41.50397799999562],[-74.48726000005212,41.50387900039032],[-74.48717399945902,41.5037619999036],[-74.48709199947233,41.50367299959244],[-74.48702899981225,41.50361599990152],[-74.48669100015141,41.503754000351535],[-74.48650400041195,41.50382800001485],[-74.48616499982892,41.50391499992965],[-74.48604399981177,41.503943999959695],[-74.4858859997165,41.5040169995737],[-74.48544699950592,41.50392299962638],[-74.48493700019701,41.50379100029894],[-74.48478699996397,41.50400000007714],[-74.48436699979952,41.504234999941744],[-74.48396299999342,41.504256000130525],[-74.48335300033948,41.504046000333375],[-74.48324700004702,41.50425799973496],[-74.48315200031757,41.50442700029054],[-74.4827809996983,41.50425999980211],[-74.48267300052889,41.504261000291585],[-74.48245999972524,41.50396300040248],[-74.48197100035482,41.50396699962609],[-74.48196100058057,41.50412899955467],[-74.48138499944092,41.50411899959758],[-74.48122500010139,41.50410100001562],[-74.48071200032817,41.50408900017133],[-74.48023299967583,41.5040580001558],[-74.47969300056546,41.5040380003771],[-74.47879700013802,41.504018000343216],[-74.47779300028682,41.50399900004417],[-74.47699000013746,41.50397300029318],[-74.47611299969527,41.50395499963887],[-74.475619000416,41.503952999689815],[-74.4756230001013,41.5039870001487],[-74.47559100004801,41.50433400038176],[-74.47559799942323,41.504395999609784],[-74.47559799975811,41.504520999812506],[-74.47558399958177,41.50460299969995],[-74.47553299982782,41.504716000075696],[-74.47548199968593,41.50485100009822],[-74.47545800014188,41.50495199960829],[-74.47548000016259,41.50502200006721],[-74.47552299969016,41.50510500028575],[-74.47580499968642,41.505516999905836],[-74.47581099951529,41.50562200037856],[-74.47581100045832,41.505770000049566],[-74.47580499959835,41.5058999999002],[-74.4758049998744,41.50604599991864],[-74.47579500003333,41.50614499969001],[-74.47574600020583,41.506230999661334],[-74.47565599966995,41.50629799984153],[-74.4755079999353,41.50630799967143],[-74.47529099952853,41.50612900026744],[-74.47506800013765,41.50606000023835],[-74.4748790003537,41.506050000348985],[-74.47457000025403,41.50609200024713],[-74.47442099974946,41.5061519995762],[-74.47421700052298,41.50625200045187],[-74.47395700010661,41.506461000060504],[-74.47391400021289,41.50655300039147],[-74.47388599952279,41.50666400016505],[-74.47390199952368,41.50679399964866],[-74.47394800028005,41.5068990003122],[-74.47404199992383,41.50695100026908],[-74.47410500051247,41.50697000032641],[-74.47421700021914,41.50695999986645],[-74.4743839997423,41.506901000025245],[-74.47453600040335,41.50685799970922],[-74.47476100009838,41.506886000122385],[-74.47494900053161,41.50699299990162],[-74.47503000008383,41.50711500013177],[-74.47506799944759,41.507227000399084],[-74.47501199966638,41.50740500025701],[-74.47495999997814,41.50744900000483],[-74.47482400002718,41.50746500041182],[-74.47462400040723,41.507414000448684],[-74.47449299964345,41.50743400006605],[-74.47439900049125,41.50747099985787],[-74.47431099970267,41.50759200023601],[-74.47422399972807,41.50772299972488],[-74.47420099956459,41.50778999967008],[-74.47416700017496,41.50791699982205],[-74.47413299979424,41.50811400002325],[-74.4740800001801,41.508355000020124],[-74.4740799997566,41.50864600009417],[-74.47405500055277,41.50873399970251],[-74.4740670001387,41.50882299988558],[-74.47411100044305,41.50894499996207],[-74.47416700039825,41.5089729996836],[-74.47456700014578,41.5089830002239],[-74.4747299996604,41.50905299993194],[-74.47483599963523,41.50916500003508],[-74.4757550004566,41.50985399960604],[-74.47593499961327,41.510006999841245],[-74.47605600044615,41.510152999806124],[-74.47610199961822,41.51023900025623],[-74.47610600050665,41.510341000168495],[-74.476092000214,41.51039899983961],[-74.47594300016378,41.51050900021504],[-74.47574200020588,41.51060300043538],[-74.47559399994753,41.510660999839054],[-74.47547600035128,41.510691000394104],[-74.47517299952469,41.51073099984658],[-74.47489100033539,41.51077900017815],[-74.47454799970548,41.51086300019672],[-74.47431200049544,41.51093700012191],[-74.47408400044317,41.511030000299286],[-74.47380799959151,41.511169999856975],[-74.47361900057288,41.511272000277216],[-74.47341499950586,41.51135499996495],[-74.47318599973642,41.51139700024143],[-74.47298800044624,41.511428999800856],[-74.47279299988398,41.51144600014988],[-74.47245999948046,41.51145099992559],[-74.47239999941758,41.51148600032965],[-74.4723720000813,41.51154400016375],[-74.47239699995099,41.51165100013284],[-74.47242200006909,41.51191899995903],[-74.47251099949806,41.51209699965986],[-74.47258500034374,41.51217200038215],[-74.4726600001009,41.512283999879024],[-74.472685000526,41.51244300032484],[-74.47260999943722,41.51256500015973],[-74.47253500007797,41.512658999586804],[-74.4724100000598,41.51269599964192],[-74.4713970000607,41.51278999972586],[-74.47125900051712,41.512856000210775],[-74.47050900014405,41.513473999879295],[-74.47037100037498,41.513549000367064],[-74.46936099950446,41.51379000041937],[-74.46888999997356,41.514042000266166],[-74.46882999983791,41.51412500003776],[-74.46836000023173,41.51465700043334],[-74.46814900021054,41.51491300009125],[-74.46812100035064,41.514964999929745],[-74.46809299952088,41.51505400028319],[-74.46830399968526,41.515706999649055],[-74.46829499989943,41.51577899998031],[-74.4682540001078,41.51584100008464],[-74.4681950000205,41.51588600017616],[-74.46812600050073,41.51589699976787],[-74.46795899987461,41.51587899979538],[-74.46782999965598,41.51583400015658],[-74.46763700043488,41.51582100010651],[-74.46751700039103,41.51582399977887],[-74.46737799971964,41.5158480003131],[-74.46724500051992,41.515903000360865],[-74.46716200010208,41.51595500006677],[-74.46697700053242,41.51598299973977],[-74.46663100032701,41.51625799965578],[-74.46646799943537,41.51637499977093],[-74.465928999797,41.51665199970622],[-74.46581000039882,41.51672200003289],[-74.46571599996449,41.51678300000702],[-74.46561600016233,41.51688200028228],[-74.46559099971702,41.51697200024097],[-74.46555399949528,41.517042000290076],[-74.46553600030313,41.517124999808075],[-74.46553499981107,41.517214999591104],[-74.46549100041821,41.51737399962318],[-74.46546799978422,41.51750100034325],[-74.46558500046986,41.51783400011202],[-74.46569999964726,41.51812300021537],[-74.46572900007509,41.51832599999707],[-74.46569000053599,41.518441999565724],[-74.46561299956021,41.518543000006694],[-74.46537200038478,41.51877400001304],[-74.4650239998331,41.5191509995697],[-74.46484000020246,41.51937500001866],[-74.46480099962048,41.51949100015777],[-74.4647920005444,41.51969300000541],[-74.46482999992934,41.51986700025778],[-74.46489799972984,41.51999700034757],[-74.46511099980587,41.52045299961844],[-74.4652940005406,41.52088000026335],[-74.46543900053614,41.52154499960009],[-74.46571900054678,41.52266599987616],[-74.46574799947949,41.52276799984751],[-74.46574800055988,41.522861999867054],[-74.46566099953158,41.52301400036678],[-74.4655939998471,41.52307100023802],[-74.46551600002903,41.52309300035177],[-74.46543899984195,41.52309300005488],[-74.46520899951489,41.52300499970249],[-74.4649959999526,41.52296300025358],[-74.464864000577,41.522963000407664],[-74.46478899943526,41.5229770001252],[-74.46470100001592,41.52302399994172],[-74.46463199967353,41.523085000019805],[-74.46455100016145,41.52313600005274],[-74.46442399978186,41.52318700018347],[-74.46426999990172,41.52320900037876],[-74.4641539999127,41.52319400041522],[-74.46389299977143,41.52317300022519],[-74.46365099974754,41.52317299956549],[-74.46337100026993,41.52317999996209],[-74.4630810004607,41.52323000010588],[-74.46287799949681,41.523273999838665],[-74.46273299954576,41.52333200012697],[-74.46256899945851,41.52341899983807],[-74.46235599954922,41.52356300036384],[-74.46221099965962,41.52370800035806],[-74.46201799974382,41.52387399969166],[-74.46185400019654,41.524022999688846],[-74.461747000093,41.5241780003297],[-74.46164099978263,41.52431599963743],[-74.46157299950028,41.524460000024234],[-74.46150599987257,41.52456899972334],[-74.46141000059968,41.52463299967932],[-74.46132899982815,41.5246799999481],[-74.46121599950189,41.52469400038074],[-74.46103199985632,41.524685000040975],[-74.46070799954323,41.52463800023192],[-74.46048099945027,41.52459800026943],[-74.46034599967292,41.52460499969691],[-74.46023999955389,41.52465600005216],[-74.46003699964585,41.52482900005434],[-74.45989299952673,41.52497099962263],[-74.45982500009826,41.52505800034814],[-74.4598060004174,41.525129999752],[-74.45981499994619,41.525498999917225],[-74.45979599961424,41.52568000013347],[-74.45971899966428,41.52586099989366],[-74.4596319996621,41.525961999641495],[-74.45950599945058,41.52607100012228],[-74.45936100020936,41.52620799970975],[-74.45921600005344,41.5264159996484],[-74.45913900010605,41.526599000429975],[-74.45909000002422,41.52667100001175],[-74.45902499955388,41.52674600031997],[-74.45887200048622,41.52690300031891],[-74.45879200022488,41.52696300020718],[-74.45862399987524,41.52704399990856],[-74.45849299969643,41.527079000052105],[-74.45821200006395,41.52711299983201],[-74.45781699950427,41.527151000322284],[-74.45766199947937,41.52718199968884],[-74.45754500046368,41.527236000054465],[-74.45739600021767,41.527327999994895],[-74.45714799939978,41.52750200025631],[-74.4570490001045,41.527621000229054],[-74.45698899959979,41.527783999671435],[-74.45698299942175,41.52787600044537],[-74.45698900041796,41.52797900002707],[-74.45703999959849,41.528151000378884],[-74.45709699977634,41.52829199957881],[-74.4571600002377,41.52834300030977],[-74.45724299953363,41.52836800017184],[-74.45740800012187,41.5283919997666],[-74.45765599966698,41.52839199954945],[-74.45772499990473,41.528411999711935],[-74.45784099976824,41.52852400011084],[-74.45791300007403,41.52864699995161],[-74.45791300008156,41.52875900016298],[-74.45787700011934,41.52886000022114],[-74.4577100004236,41.52908799976684],[-74.45757799991983,41.52922899993658],[-74.4574619996222,41.529360999621964],[-74.45731500003292,41.529462000000635],[-74.4571269995225,41.52957300027265],[-74.45682199981121,41.529676000387965],[-74.4560510001955,41.529816999892205],[-74.45566500039374,41.529950999907214],[-74.45545000025506,41.530112000065415],[-74.45533400016976,41.53029099976578],[-74.45529199964186,41.530472999838686],[-74.45531900053734,41.53058900016101],[-74.45538400017388,41.53067600020589],[-74.45564400011982,41.53082200015382],[-74.45576100012171,41.53090699968401],[-74.45582999967655,41.53100699980389],[-74.45588900017286,41.53113700020844],[-74.45593699998716,41.53133599982163],[-74.45594599952055,41.531502000211965],[-74.45596099973002,41.531655999663116],[-74.45603999941564,41.53188400002602],[-74.45597400034116,41.531985999656094],[-74.45581500032978,41.53207799968892],[-74.45572800013083,41.53216999980964],[-74.45557599964197,41.532414000200156],[-74.45541699960387,41.53260799984117],[-74.45516299985393,41.532847000306795],[-74.45502599952687,41.53290599963658],[-74.45493899971734,41.53293300028968],[-74.45477599965461,41.53296800029643],[-74.45468600018509,41.53302599975031],[-74.45464199978042,41.533098000334945],[-74.45462800029179,41.53316599980148],[-74.45459600023969,41.533252999573065],[-74.45453999968974,41.533368999960246],[-74.45446100055567,41.53340999959215],[-74.45438200048318,41.53342100018048],[-74.45432400030082,41.533414999905965],[-74.4542459996491,41.53336400033615],[-74.45415699983349,41.53305799991326],[-74.45409200040953,41.53298799968726],[-74.45397600006254,41.53289000022007],[-74.45382399947283,41.53279799969603],[-74.45370800056865,41.53272200042178],[-74.45352699977644,41.532629999548654],[-74.45336100042779,41.53258099964341],[-74.45314800021096,41.532571000323415],[-74.45303900026477,41.53261800023235],[-74.45291200049638,41.53268400008629],[-74.45274799959286,41.53270399971978],[-74.45267399970749,41.532692000138766],[-74.45260099987425,41.53267300025252],[-74.45248500007118,41.53262999997817],[-74.45244199994099,41.532580999712586],[-74.4523469995793,41.53254300018504],[-74.45223099956075,41.53254000040517],[-74.45214099986515,41.53256699996528],[-74.45199899942645,41.53263499993702],[-74.45179700004775,41.532717000290745],[-74.45158700014119,41.532770999710685],[-74.45135500038234,41.53280900031649],[-74.45115400008392,41.532880000021194],[-74.45107899985858,41.53289799993037],[-74.45098300046266,41.53290999972401],[-74.45080700040212,41.53294499959257],[-74.4506090003546,41.53293600036561],[-74.45046500036527,41.53295499969913],[-74.45027699944335,41.5330199998398],[-74.4502119995606,41.53307399982961],[-74.44980700040881,41.53329699985292],[-74.4495970003886,41.53336699988889],[-74.44915500008872,41.53364299989441],[-74.44900299997528,41.53380100013011],[-74.44887899995878,41.53400599959285],[-74.44883599954665,41.53405200030985],[-74.44872099989287,41.53412600020766],[-74.44847499955883,41.53419600033663],[-74.4483370003665,41.53419599955229],[-74.44793899951236,41.53435299993738],[-74.44783800007438,41.534488999784756],[-74.44783000038613,41.534607999791],[-74.44792400023255,41.53500899977125],[-74.44801799998557,41.535226000256216],[-74.44800400000645,41.53531799985718],[-74.4479590001698,41.535360000381466],[-74.44792100017087,41.53537900000361],[-74.4477970002704,41.53539999975092],[-74.4473680003135,41.53545200013398],[-74.44732700046487,41.53548300004328],[-74.44707800054076,41.53560699980148],[-74.44682900031361,41.53585600026761],[-74.44640000022954,41.53620800019926],[-74.44623400012922,41.53636300010115],[-74.44610900013568,41.536497000261],[-74.4457910000943,41.53666300025761],[-74.44554199962387,41.536828999701456],[-74.44534799987822,41.53695299963237],[-74.445141000302,41.53702500016173],[-74.44496099996122,41.53706700016753],[-74.44476800058486,41.5371390000403],[-74.44460200057098,41.53723299982102],[-74.44432499942839,41.53759499987229],[-74.44421400022573,41.53806099967897],[-74.44406199997768,41.538339999667336],[-74.44381299971457,41.53862000032758],[-74.44371600007092,41.53877499965137],[-74.4436749997009,41.53886800026602],[-74.44364700058188,41.53896199962863],[-74.44368899971451,41.53904400027957],[-74.4437019998382,41.53910600034705],[-74.44377199998824,41.539179000274096],[-74.44384100007387,41.53922000034667],[-74.44397899964301,41.539231000002154],[-74.44411700010666,41.53927200024577],[-74.44417299962822,41.53936499970168],[-74.44418699944883,41.539437999803994],[-74.44415900028628,41.53952100041937],[-74.44381900044846,41.54010199985809],[-74.44369400031367,41.5405919997416],[-74.44369099987378,41.54073799958511],[-74.44372800052642,41.54084199985924],[-74.44378700015353,41.5409230000043],[-74.44391700003781,41.54099299963836],[-74.44409900019139,41.541010999848865],[-74.44432400000535,41.54097799994606],[-74.4445589998861,41.54095000013937],[-74.44495100055697,41.540924999690354],[-74.44526699952253,41.54091799996155],[-74.44551999976552,41.54090799971737],[-74.44577499972975,41.54087299967926],[-74.44594200037838,41.540918999653776],[-74.44603899951915,41.5409809996992],[-74.44609400039403,41.541095000300984],[-74.44612200001482,41.5412089996289],[-74.44610800040243,41.54126100001522],[-74.44599799949277,41.54148799997387],[-74.44578999982436,41.54186100036657],[-74.4457619999998,41.542037000285156],[-74.445710999956,41.54227100015846],[-74.44560100019848,41.54303199957921],[-74.44557599983636,41.54339499983702],[-74.44558800006283,41.54366699992287],[-74.44556399972076,41.54386700014431],[-74.44550399966168,41.54394800022373],[-74.44543099948281,41.54401200018653],[-74.44530999971983,41.54406600012361],[-74.4451760000416,41.54409399969367],[-74.44495799946498,41.54404800017028],[-74.44477600009448,41.54391199984915],[-74.44470299961968,41.54381200012475],[-74.44460600040306,41.54373999993716],[-74.44448499972717,41.543676000230306],[-74.44432800008755,41.54363999958495],[-74.44423100005902,41.543640000099735],[-74.44408499960167,41.54366700003409],[-74.44389099991007,41.54368499992843],[-74.44372100009248,41.54365799966464],[-74.44357600030025,41.543613000068426],[-74.44347899997433,41.54354900013897],[-74.44338199995049,41.543504000198745],[-74.44319999996092,41.543468000398256],[-74.44293299975702,41.54344899974613],[-74.442109000491,41.543594999669374],[-74.44179400017768,41.54361299980509],[-74.44150299975485,41.54360399996646],[-74.44124800038959,41.54357600041631],[-74.44090899998659,41.54349499990365],[-74.44063000005387,41.54341300042244],[-74.44027799984404,41.54324999960246],[-74.44005999998895,41.5431409998111],[-74.4397810002551,41.54305900007082],[-74.43955099973172,41.54302300023417],[-74.4391989999136,41.5430230000294],[-74.43856900027913,41.543177000293774],[-74.43807199966899,41.54334100030686],[-74.43789000046156,41.54345799967483],[-74.43776899978539,41.5435759995779],[-74.43771999973312,41.5436850000219],[-74.43769599964811,41.543829999798334],[-74.43773200022036,41.54399400028873],[-74.43780499960168,41.54413899964163],[-74.43848399963956,41.54470999981036],[-74.43877500042609,41.54504600042714],[-74.43883600044768,41.54519099998815],[-74.43881099978807,41.54544499998626],[-74.43858099962378,41.545762999783726],[-74.43849600005056,41.54588999974132],[-74.43836300047819,41.54613499990636],[-74.43833899957083,41.546262000407566],[-74.43833900025709,41.546461000219246],[-74.43849599992019,41.546796999891214],[-74.43862999962175,41.54714199976439],[-74.43864200014211,41.547269000412236],[-74.43859299997735,41.547387000376666],[-74.43849599953892,41.5474410003727],[-74.43832599955606,41.54745899994945],[-74.43822899978093,41.54744099965637],[-74.43796300041751,41.547304999780685],[-74.43744100038481,41.546979000428216],[-74.43724699988705,41.54683299987879],[-74.43707800044008,41.546734000027826],[-74.43693199995091,41.54668799997218],[-74.4366290004697,41.546607000114],[-74.43632599940831,41.54653399975808],[-74.43613199966524,41.546442999672536],[-74.43590200052044,41.54625299966788],[-74.43573200010954,41.546188999904516],[-74.43551399999271,41.54611699995525],[-74.43525899954805,41.546135000155914],[-74.43508899968221,41.54617999982539],[-74.43495600055184,41.54628899978275],[-74.43484700035391,41.54638900031747],[-74.43481099941853,41.54650700041619],[-74.4347869995141,41.54668799999108],[-74.43480099980054,41.54716299993276],[-74.43487200047203,41.54760999967828],[-74.43488799943133,41.547885999711276],[-74.43495900004243,41.548199999892276],[-74.43503600057898,41.54849700024424],[-74.43512799964597,41.5486890001702],[-74.43526999966139,41.548902000263794],[-74.43548399971093,41.54918400027887],[-74.43569300057304,41.54941000024225],[-74.4359269994614,41.54970399983079],[-74.43604399984096,41.549923000379906],[-74.43611699970471,41.550205000230804],[-74.43612199985643,41.55060100012525],[-74.43619099984323,41.550825000157545],[-74.43620000005893,41.550963000414896],[-74.4361739998177,41.55107499966329],[-74.43599599955002,41.55129200031026],[-74.43591499999108,41.551370000004844],[-74.43530800025333,41.551778000415936],[-74.43487699995454,41.55216599993238],[-74.43469299949915,41.552415999759766],[-74.4343930003027,41.55297600017429],[-74.43413899951544,41.5536220000862],[-74.43389299957819,41.553731000066115],[-74.4337010001336,41.55376500034141],[-74.43348600031673,41.55377700010431],[-74.4331330002254,41.553743999637426],[-74.43295800046857,41.55373600029503],[-74.43226300042305,41.553809999617606],[-74.4320209994831,41.55383200015596],[-74.43178299948575,41.55383199977117],[-74.43166399991,41.55382100011271],[-74.43131100032411,41.55375299973391],[-74.43103000006039,41.5537210001037],[-74.43075000059613,41.55373200026159],[-74.43050700028822,41.5537610003574],[-74.4303590004898,41.553796000194346],[-74.43028800050214,41.55384200008873],[-74.43025500059083,41.55391000034335],[-74.4302450002418,41.55397400000927],[-74.43025900002806,41.55406999998312],[-74.43041600039811,41.55417399980776],[-74.43059300014367,41.554216000224336],[-74.43076799987385,41.55423299967287],[-74.43102299990208,41.554269000246244],[-74.4312400005248,41.55432200006323],[-74.43133299985982,41.55440799979062],[-74.43141299995374,41.55449300020512],[-74.43143799971739,41.55457699993235],[-74.43141700022365,41.55466500024132],[-74.43138599942111,41.55471200023603],[-74.43122299952954,41.55488400030415],[-74.43108999987363,41.55507300035053],[-74.4304810002368,41.555816000129624],[-74.4303839998035,41.555915999825174],[-74.43027500027405,41.555988000204636],[-74.43015800058967,41.556033000147565],[-74.42991499972926,41.55605299976051],[-74.42968100036144,41.556037999659196],[-74.4289739997057,41.55607899958843],[-74.42841200059118,41.556078999586525],[-74.42793400031807,41.55602899994488],[-74.4274380004496,41.55595600039619],[-74.4269190000983,41.555924999565114],[-74.42653100019707,41.55594300014585],[-74.42637299963997,41.55600699983592],[-74.42621599960972,41.55608800019554],[-74.42613099967572,41.556161000010256],[-74.42612000026739,41.5562500003965],[-74.42616500030519,41.55636700025464],[-74.42625500026472,41.55648500016598],[-74.42657700028143,41.55660600008903],[-74.42689599953098,41.556638000035],[-74.4274260002147,41.556601000116096],[-74.42761100049906,41.55660999983055],[-74.42785899961095,41.55668100019564],[-74.4280879999537,41.55678500019199],[-74.42826200001488,41.55681300001249],[-74.42851299962639,41.55684100037626],[-74.42879100013015,41.55687800022112],[-74.42917200018542,41.55701800044087],[-74.42944800024888,41.55720800044551],[-74.42968699982154,41.557449000309894],[-74.42982599977418,41.557694000300394],[-74.4299590003374,41.557992999813365],[-74.42997099960238,41.55822799963084],[-74.42993200053637,41.558342999855945],[-74.42982299940668,41.55845899956156],[-74.42957899969585,41.5585939996977],[-74.42930700015202,41.55870699961161],[-74.42897400025565,41.558820000409774],[-74.42849600005084,41.558928000274875],[-74.42803700024724,41.55898700013804],[-74.42756500021581,41.559000999598176],[-74.42715399987372,41.55904999987826],[-74.42677900005305,41.55918200034415],[-74.4260829997923,41.55926799993312],[-74.42582300052513,41.5593019997557],[-74.42548399995943,41.55934800014642],[-74.42523699976152,41.55938699959427],[-74.425038999475,41.559400999661065],[-74.42481599984141,41.559460999847495],[-74.42463900057493,41.559516999954816],[-74.42451900053057,41.55959800021916],[-74.42430399981443,41.5596779996299],[-74.42411899972234,41.55971600011052],[-74.42390100032735,41.559787999671464],[-74.42359799970828,41.55984300021098],[-74.42330700037817,41.559878999785255],[-74.42319800037633,41.55994199959044],[-74.4231130003063,41.559979000321995],[-74.42302800032023,41.560078000067286],[-74.42299200036996,41.560223999859204],[-74.42297999945423,41.560295999869105],[-74.42300400017247,41.560594999755466],[-74.42305299957887,41.56089399985652],[-74.42300399943309,41.561156999610056],[-74.42300400031033,41.5612749997797],[-74.42302799997032,41.56140199976988],[-74.42316200039704,41.5618100002876],[-74.42333100010084,41.56214499994325],[-74.4233799995388,41.56240800035044],[-74.42341600055217,41.56250799978732],[-74.42343999989077,41.56264299994867],[-74.42340400054675,41.5627430004265],[-74.42325899996248,41.562879000426854],[-74.42310099980985,41.56296899959231],[-74.4228950000542,41.563006000082304],[-74.42266500003883,41.56303299959238],[-74.42256799961406,41.56302399971095],[-74.42237400024676,41.56301499980375],[-74.42199800054424,41.56295999969222],[-74.42176799973775,41.562941999637964],[-74.42165900034284,41.562905999617136],[-74.42156199989286,41.56286100031372],[-74.42148999983256,41.5627339999569],[-74.42134399995632,41.562535000221565],[-74.42128399960973,41.5624259999575],[-74.42117499997465,41.56234499990357],[-74.42076300047594,41.56223600041017],[-74.42048400005973,41.562209000348254],[-74.42026599966107,41.562218000409246],[-74.42006000004932,41.56225399961896],[-74.41987800058125,41.562308999750094],[-74.41973300047246,41.56242599981256],[-74.41958699943471,41.56264299998194],[-74.41944199963413,41.56290599988401],[-74.41938099973056,41.56309599988924],[-74.41930899985927,41.5632230004008],[-74.41909099951305,41.56340499960619],[-74.41890900043644,41.563586000380276],[-74.41883599952253,41.563766999677796],[-74.41881200024248,41.56432000028274],[-74.41883600034406,41.56452899989806],[-74.41890900014326,41.56468299999084],[-74.41905399983749,41.564827999848696],[-74.41927200011892,41.56500900020074],[-74.41939299983524,41.565299000350436],[-74.41940599947576,41.565426000399604],[-74.419320999779,41.56562599969564],[-74.41882399946327,41.56611499962747],[-74.41859400046683,41.566359999901],[-74.41838400048881,41.56670300023264],[-74.41795099995713,41.567638999699994],[-74.41782999952983,41.56782000023065],[-74.41778099968334,41.56791099958655],[-74.41778100033889,41.56801899970996],[-74.41781700039634,41.56814600014432],[-74.41797500044348,41.56833699978496],[-74.41825400032842,41.56860899972873],[-74.41836300048037,41.568772000339365],[-74.41840999959075,41.568928000236816],[-74.41839899969317,41.56939700008073],[-74.41836300044046,41.569533000079744],[-74.41830199991638,41.569651000420265],[-74.41814500002565,41.569768999555116],[-74.41787799969917,41.569905000230364],[-74.41757500023684,41.569931999991255],[-74.41717499956253,41.56987800016482],[-74.41693400015266,41.56982099977551],[-74.41638599976328,41.569584000342175],[-74.4161870005477,41.56941100043012],[-74.41612600000673,41.569294000361346],[-74.4161439994641,41.569161999874126],[-74.41627400047153,41.568756999552235],[-74.41622299970099,41.56864800012179],[-74.41609599971416,41.56856200037328],[-74.41573699988066,41.568384000430946],[-74.41502000043334,41.56805099967742],[-74.41414000006269,41.56780299990101],[-74.41397200055486,41.56779099995524],[-74.41385199971403,41.56779500001299],[-74.41370600002583,41.56782100009289],[-74.41351699948751,41.567905000182044],[-74.41342699988185,41.56799200007162],[-74.41333099963128,41.568122999606935],[-74.41326100021176,41.56822699998414],[-74.41315700033226,41.56847199983588],[-74.41312699972123,41.56859499977484],[-74.41308299951898,41.56867600021448],[-74.41302600034821,41.568742000192486],[-74.41293099963681,41.56877999971815],[-74.4127949995888,41.56878899979229],[-74.41246599987757,41.56869200039129],[-74.41223999969242,41.56860899971187],[-74.4118500003039,41.568545999979385],[-74.41140900038404,41.56850500027698],[-74.41044200000042,41.56833500013971],[-74.4098940000959,41.568217000179715],[-74.40958000020021,41.56820599993977],[-74.40931200049438,41.56821200043389],[-74.40913399977845,41.56824599991055],[-74.40899400038005,41.568265000050445],[-74.408790000411,41.56826700026854],[-74.40868500040861,41.56826100011162],[-74.40849199959531,41.568261999811135],[-74.4083530005645,41.568274000248834],[-74.40825100008814,41.5683109997123],[-74.408157999652,41.56837600043152],[-74.40808700053967,41.56843799961769],[-74.4080060002858,41.56858399967686],[-74.40793800006453,41.56865800020646],[-74.40784200040606,41.568717999687486],[-74.40768799972939,41.5688269999024],[-74.40762500023631,41.56888500023772],[-74.407604999794,41.56896499990221],[-74.4076310000853,41.56907100010657],[-74.40772499965877,41.56925999965815],[-74.40786600042208,41.56974999988529],[-74.40804899971626,41.570229000257974],[-74.40809199950924,41.57039400000336],[-74.4082200001407,41.570505999723906],[-74.40834300023388,41.570542999630895],[-74.40852299963271,41.57055900031431],[-74.4087250000839,41.57050400044019],[-74.4092920002211,41.57051499973841],[-74.40950500041724,41.57052000028839],[-74.41022199998842,41.57046700016148],[-74.41044999987142,41.57048799987926],[-74.41060200010178,41.57052299962757],[-74.41085000035116,41.57065600038315],[-74.41102600029832,41.57082600033285],[-74.4110690005897,41.57092499988277],[-74.41108500018761,41.57101200033039],[-74.41107699943413,41.571134999761476],[-74.41102299989691,41.57123000041886],[-74.41081600033178,41.57138500009509],[-74.41052199973906,41.57150399983622],[-74.41017900058938,41.57160899966184],[-74.40988699963071,41.57174000032642],[-74.40978600023465,41.57180000005401],[-74.40969599983512,41.571913999879946],[-74.40964700018527,41.57201800040067],[-74.40964100020611,41.572146999822316],[-74.40970900015901,41.57228599985183],[-74.40985099990621,41.57254300037428],[-74.40991999958086,41.57274200020505],[-74.40994100044867,41.572835000079166],[-74.4099049995424,41.57299300030034],[-74.40980100045768,41.57329100023567],[-74.40974200044255,41.573389000128266],[-74.4095330000236,41.57355200002774],[-74.40934399991579,41.573605999801536],[-74.40921299962382,41.57370200010302],[-74.40909099955739,41.57384200023385],[-74.40892599949242,41.574215000174576],[-74.40887999983927,41.57437299997246],[-74.40865499976006,41.574747999566085],[-74.40855400010855,41.57490600006158],[-74.4082780004613,41.5751750000903],[-74.40819500057967,41.57522299963687],[-74.40807600055645,41.5752349999569],[-74.4078309998385,41.575199000022295],[-74.40773500046461,41.57512999980489],[-74.40760200048263,41.57497100000869],[-74.4075799999318,41.5748029999962],[-74.40764699944548,41.574660999566774],[-74.40810699966757,41.57425000016869],[-74.4082069996013,41.574182999950246],[-74.40825199951368,41.57408199964349],[-74.40826400025706,41.57401500040821],[-74.40822999995076,41.57391399973271],[-74.4081630003115,41.573805000062315],[-74.4075120000449,41.57308400031332],[-74.40727699958228,41.57262299982708],[-74.40717599978352,41.57249699958172],[-74.4069520001092,41.57232099958212],[-74.40677300018936,41.572253999661264],[-74.4065599996596,41.572219999600826],[-74.40640399957567,41.572296000326936],[-74.40622399944075,41.572447000332595],[-74.40615700023648,41.57256400027776],[-74.40611199945214,41.572690000393244],[-74.40606700027644,41.57276500037014],[-74.40596600028896,41.572840999957094],[-74.40585399950295,41.57289999991315],[-74.40565200006985,41.57289099978266],[-74.40545100004918,41.57287399969478],[-74.40509200018538,41.57289100040551],[-74.40477800040058,41.572949999720755],[-74.40463200030415,41.57300899991383],[-74.40454299944321,41.57305100024642],[-74.4044639994265,41.57310100033402],[-74.40441899989575,41.5731600000238],[-74.40434100031388,41.573242999775445],[-74.40421699978091,41.57348700043418],[-74.40405999955836,41.573930999576376],[-74.40394799951528,41.57413200011414],[-74.40383600030133,41.57425000027084],[-74.40376700052964,41.57428700017118],[-74.40268199973747,41.57487899970781],[-74.40187399984829,41.57533199960015],[-74.40179599989855,41.57536499999495],[-74.40159400025549,41.575424000364386],[-74.40140200020497,41.57544199997646],[-74.4012450004606,41.57541199981939],[-74.40109900043875,41.5753350000319],[-74.40102200049206,41.57528399964952],[-74.40097400045515,41.57524699989491],[-74.4008819995509,41.57521299995979],[-74.40079399986118,41.57519800003534],[-74.40060499975966,41.575218000056374],[-74.40036500046455,41.575174999927285],[-74.40010199986995,41.57516800026893],[-74.39984800014393,41.57521999961382],[-74.39962200052544,41.575376000300494],[-74.39953399986103,41.57544399965154],[-74.3994249995318,41.57548499982616],[-74.39934500052823,41.57549499974459],[-74.3987710003717,41.575451000349865],[-74.39856600003188,41.57539699964519],[-74.39838000025661,41.575331000325306],[-74.39810899950426,41.575165999957306],[-74.39786599987922,41.57504199989413],[-74.39776899970676,41.57503399961368],[-74.397613999653,41.57509400027031],[-74.39755499961599,41.57518300008467],[-74.39748600055944,41.57551499978773],[-74.39734599985093,41.575740999885504],[-74.39714700014169,41.575909999586806],[-74.39637300025869,41.57625000036513],[-74.3962019997315,41.576368000301386],[-74.39607000039652,41.57652400026492],[-74.3959620004597,41.576661000113205],[-74.39585600037773,41.57686100002443],[-74.39578800026241,41.57711300035303],[-74.39570200059266,41.57807399986377],[-74.39572499974865,41.578299999670776],[-74.39575600055457,41.57845299976135],[-74.3958069998817,41.57866300025438],[-74.39604200023203,41.57904299962887],[-74.3960670001891,41.57913899981995],[-74.39606400008593,41.57925500038999],[-74.3960449995388,41.579662000307046],[-74.39600099981111,41.57989599957926],[-74.39590000051412,41.58013100000213],[-74.395675999627,41.5804159999404],[-74.39542900025499,41.5806929998387],[-74.39484500045499,41.58107400005026],[-74.39419600055844,41.58149100000682],[-74.39354600021272,41.58195800021308],[-74.39342299988422,41.58199999985337],[-74.3932879994118,41.58201700032791],[-74.39315400033134,41.581991999652004],[-74.39297399942924,41.5819499997409],[-74.39278400035919,41.58191600013982],[-74.39264699971116,41.58192599966129],[-74.39216499963777,41.581991999558305],[-74.39193199987278,41.58207599965516],[-74.39175299940379,41.58209299980208],[-74.39152899945665,41.58206700044672],[-74.3913049998105,41.58205899987182],[-74.39113600053903,41.582093000073044],[-74.39103599982559,41.58212599999817],[-74.3908669996193,41.58219299970934],[-74.39070900051969,41.58230000017933],[-74.39063499968793,41.58256800011517],[-74.3906289999503,41.582714000364106],[-74.39065999962455,41.58283899991466],[-74.39076200013187,41.58293900044592],[-74.39127199954858,41.58327799960835],[-74.39141399947552,41.58347999968771],[-74.39145799968755,41.583703999979114],[-74.39145200017889,41.584038999600246],[-74.39140599966912,41.58422500013912],[-74.39124499963037,41.58454300029935],[-74.39115500028448,41.584656999704855],[-74.39108399956606,41.58484499971872],[-74.39101000043603,41.585098999802696],[-74.39080000013087,41.58575099998006],[-74.39061299967014,41.58622100027094],[-74.39049600036144,41.58631500041412],[-74.39036499974812,41.586382999707695],[-74.39017300029492,41.58640200010562],[-74.39005200052179,41.58636899967316],[-74.38993099949748,41.58630899985431],[-74.38986999979743,41.586218999909526],[-74.38979100017549,41.58606600041716],[-74.38966800032641,41.58588099960331],[-74.38951099953763,41.585747000057516],[-74.38936800054083,41.58560899977774],[-74.38915300055855,41.58547899985509],[-74.38900699941857,41.58529500021765],[-74.38878300049586,41.58445600033172],[-74.38845200026681,41.5836419997126],[-74.38825600031754,41.58344200013279],[-74.38812200028839,41.58333299998132],[-74.38794199993755,41.583274000005346],[-74.38766199949929,41.58324900013843],[-74.38734799955742,41.58324099977437],[-74.38701199998266,41.583266000060526],[-74.3867539994602,41.58324099998149],[-74.38632699960635,41.583141999885086],[-74.3861490002531,41.58313200007766],[-74.38587999944721,41.58317400016541],[-74.38555900054263,41.583242000429756],[-74.3849000000728,41.58343300021022],[-74.38449699997274,41.5835719998555],[-74.38420000027835,41.58366000021101],[-74.38377200008794,41.58377799988587],[-74.38351500050187,41.58387899955499],[-74.38323399963056,41.58408800023888],[-74.38168800001901,41.58539800044569],[-74.380755999628,41.58615800040672],[-74.380576999961,41.58637099990778],[-74.38045399956607,41.58657000007825],[-74.38035699964023,41.5868189998976],[-74.3800629997844,41.5873069997713],[-74.37995099980198,41.587415999661886],[-74.3797709995551,41.58745799966893],[-74.37965900006186,41.58747400028855],[-74.37951299959536,41.587432999553165],[-74.37933400046792,41.587339999967675],[-74.37916599962317,41.58716400000762],[-74.37879600025968,41.586619000068],[-74.37865000005995,41.58647699989423],[-74.37847100013147,41.586401999948976],[-74.37826899961703,41.58636000042604],[-74.37797400026851,41.58638499960501],[-74.37753000039545,41.5864430001466],[-74.37709299989697,41.586519000060306],[-74.3765990004528,41.58670299968726],[-74.37459900055354,41.58758899989741],[-74.37414500009277,41.587751000017896],[-74.37370800021046,41.58786000040823],[-74.37331599994091,41.587927000419036],[-74.37290099991053,41.5879439995951],[-74.37256499987562,41.587918999774175],[-74.37228499951149,41.587910999669404],[-74.37214999969805,41.587935999841086],[-74.37201600045215,41.58798600043956],[-74.3712869996714,41.58827899969901],[-74.37099599953275,41.588372000346126],[-74.37071600004171,41.58844700002954],[-74.37032399947495,41.588480999867876],[-74.37008900018907,41.58859000003814],[-74.36992000032268,41.588749000393065],[-74.36975199967117,41.58894999956603],[-74.3697299998314,41.58921800042962],[-74.36972999949688,41.58944500019119],[-74.36966299986365,41.58960399991289],[-74.36952799963316,41.58977099984705],[-74.36932699980098,41.59000599989429],[-74.36913599973226,41.59018200023927],[-74.36899000029858,41.590258000205175],[-74.36855300015876,41.590357999787614],[-74.36818399982131,41.59045000008335],[-74.36736600035006,41.590786000061954],[-74.36705499943515,41.590977000131375],[-74.36650300007334,41.59126599995798],[-74.36630099979796,41.59134099974691],[-74.36594200027088,41.59144200024002],[-74.36484400040538,41.59171000020267],[-74.36347200018217,41.59196500044601],[-74.36304699945397,41.59197400026627],[-74.36246200021938,41.59193300029795],[-74.36149399979152,41.59182700035841],[-74.36128099973338,41.591835000102186],[-74.36032800055945,41.592053000232326],[-74.36005899974325,41.59205300023649],[-74.3598010000314,41.592028000022225],[-74.35930600029471,41.59185900041764],[-74.35861399961371,41.59160099995298],[-74.35853499987353,41.59150899968718],[-74.35848999959462,41.591425000163156],[-74.35848200004226,41.591199999643855],[-74.35844600052083,41.59108999957375],[-74.35831099964076,41.591039999960564],[-74.35817700028066,41.591023000211486],[-74.35801999981793,41.59109000042136],[-74.3578729994451,41.591287999958006],[-74.35775700053561,41.59135900013138],[-74.35738699944451,41.59141200020684],[-74.35601300005506,41.5914740002447],[-74.35507300016872,41.59170699965375],[-74.35469300057521,41.59179599995409],[-74.35432500051361,41.59181000004112],[-74.35388800011455,41.591697000014726],[-74.35370400040324,41.5916829998881],[-74.35352300000999,41.591729999856916],[-74.35339999980107,41.591866000237935],[-74.35338000050255,41.591983999702485],[-74.35341200023196,41.59210299958588],[-74.35361200016726,41.592302999575715],[-74.35387399946892,41.592506000299025],[-74.35398200003219,41.59265899979995],[-74.3540219996227,41.59281600005924],[-74.35394100004382,41.59297500006955],[-74.35379600034437,41.59303400043233],[-74.35363899954515,41.593041999907506],[-74.35349300018927,41.593034000226105],[-74.35335899962705,41.59297500040596],[-74.35302199988661,41.592807000159084],[-74.35260799997394,41.59262299994714],[-74.35244000047861,41.59258099971766],[-74.35224899954015,41.59259800037569],[-74.35211500050573,41.592657000251364],[-74.35204799953868,41.59276600026519],[-74.3520480000537,41.592908000288716],[-74.35218199968128,41.59313400033605],[-74.3522929996326,41.59348500009716],[-74.35228299963536,41.59376299988702],[-74.3522489997039,41.593938999799455],[-74.35215999958993,41.59414000012077],[-74.3519650002327,41.59454499960229],[-74.35195499952032,41.59479100020073],[-74.35205899970633,41.59492700025861],[-74.3522049995448,41.59498599983464],[-74.35231699967548,41.59504500044345],[-74.35251299990415,41.59506300023961],[-74.35285699981688,41.59503899986811],[-74.35296600049774,41.59502800034401],[-74.35311199955059,41.59507000030931],[-74.35321300008519,41.5951539998858],[-74.35324200031661,41.59523799967749],[-74.35318899959822,41.59536999977662],[-74.35308200010897,41.59546399983195],[-74.35261499948867,41.59584400020808],[-74.35250700016987,41.59605300025326],[-74.3525069994543,41.59634299984748],[-74.3523200001573,41.596513000181226],[-74.35216399977028,41.596625999674664],[-74.35204799957636,41.596771000116945],[-74.35200300056226,41.59691300042014],[-74.35198600058666,41.59709900032533],[-74.35192700028573,41.5974460001253],[-74.35183499943352,41.59773500001133],[-74.35163200017338,41.59796400000626],[-74.35134199975649,41.59820500001579],[-74.35109500050383,41.59835799997049],[-74.35072900048152,41.59853499999541],[-74.35039699991923,41.59861500025471],[-74.35007599959242,41.598651000175416],[-74.34967300050269,41.598637000128136],[-74.34935400032087,41.59862099980303],[-74.34876299952462,41.59851099982774],[-74.3473819999227,41.597948000006745],[-74.34700200033018,41.597839000307374],[-74.34666299964726,41.59778300030676],[-74.34630399965108,41.59777700001864],[-74.34544799956994,41.59789900005613],[-74.34503600017293,41.597893000292125],[-74.34471299983373,41.597852999669854],[-74.34402799960135,41.59754599996887],[-74.34326499982302,41.597219000447765],[-74.34253899989942,41.59682900011432],[-74.34222799996743,41.596600000267564],[-74.34213700003093,41.59645900010677],[-74.34169600017009,41.59513600024675],[-74.34143899982706,41.59474200035237],[-74.34125100001741,41.594520999970534],[-74.3410789997311,41.59444000034169],[-74.34086899946445,41.594389000068915],[-74.34068000053806,41.59437599977621],[-74.34021399942328,41.594507999849746],[-74.33984899961796,41.594628000328385],[-74.33936499980673,41.59476099968605],[-74.33892999966598,41.59484100007883],[-74.33856000027593,41.59486900025464],[-74.33815200049509,41.59488499992363],[-74.3378989994899,41.59493300007217],[-74.33715499965682,41.59519900016109],[-74.33662399944005,41.59537399960547],[-74.33641100006741,41.59549799971138],[-74.33627600040818,41.59565900019381],[-74.33616900019503,41.59616200009472],[-74.3360239996828,41.596442999879564],[-74.33585399984523,41.59673899980608],[-74.33562700016235,41.59703800005655],[-74.33513599981484,41.59736599978996],[-74.33492299980868,41.59747500004325],[-74.33467700031942,41.59751699962096],[-74.33440000028692,41.59751099982501],[-74.33422599964172,41.59741699988937],[-74.33410900029236,41.597314999974465],[-74.3339199998423,41.59706000036295],[-74.3338290000614,41.5969180001676],[-74.33354999975083,41.5967520003421],[-74.33299600005891,41.596658000058596],[-74.33239799986997,41.59664399961737],[-74.33203299976137,41.59673899994831],[-74.33054999954412,41.59776699956487],[-74.33021100053887,41.598060999812404],[-74.32995300042073,41.59836199958701],[-74.32975100029029,41.59862200010896],[-74.32972900028986,41.59878099978601],[-74.3297950003247,41.599062000136804],[-74.32983800004067,41.59915800029712],[-74.32991800016902,41.59922900038154],[-74.33015599969261,41.599538000239804],[-74.33034499978088,41.60000400011875],[-74.33038400054473,41.60025400027636],[-74.33035599981422,41.60057299999854],[-74.33029300058361,41.600825999870445],[-74.33014899992303,41.60114199984802],[-74.32995000000663,41.60137000009616],[-74.32974599972852,41.6015029996045],[-74.3296139997924,41.601547000343004],[-74.3293439997435,41.60154700004612],[-74.32910600018035,41.601479000305474],[-74.32834699976124,41.60146199983893],[-74.32774799981289,41.60153899987849],[-74.327207999718,41.60165799957792],[-74.32698800024559,41.601734999937484],[-74.32650200039464,41.60206699988666],[-74.32627199961439,41.6022180003295],[-74.32588699955686,41.60241199992838],[-74.32505699986334,41.602665000398865],[-74.32435299971164,41.60290600012711],[-74.32405300028383,41.602955000394296],[-74.32375199951055,41.602956999733806],[-74.32323200037654,41.602840000277894],[-74.3228130005302,41.60273900029139],[-74.32237300025847,41.60269099956373],[-74.32169600048007,41.602691000040934],[-74.32128999944202,41.60270700018728],[-74.32107100027368,41.602724999629615],[-74.32071799965888,41.602795999859254],[-74.32050900019347,41.60284999971081],[-74.32016099941853,41.603006000053114],[-74.31968100008756,41.60329499975223],[-74.31936300042355,41.60352000022532],[-74.31799400038427,41.60464200043538],[-74.31726200045526,41.60503600044656],[-74.3163239995612,41.60543000034241],[-74.31616799954088,41.60554099971948],[-74.31599299996547,41.60568499994922],[-74.31568199967555,41.60604299979518],[-74.31479200047451,41.60744900032083],[-74.31459500001334,41.60804500021134],[-74.31453899981439,41.608329000418514],[-74.31448299952746,41.60887200008587],[-74.3144050005783,41.60927400029967],[-74.31434899964157,41.60959199984176],[-74.31424799957762,41.60986000034607],[-74.31392599980101,41.61018900018543],[-74.3138350000174,41.6102669998814],[-74.31349699949465,41.6104779995989],[-74.3126420004909,41.610950000343756],[-74.31204599995336,41.61127000003521],[-74.31171599976376,41.61137700015794],[-74.31143999994723,41.611449000143814],[-74.31111700015276,41.61147699958058],[-74.31078899965694,41.611486999663896],[-74.31007099955106,41.61143700018993],[-74.30988299965162,41.61139499977768],[-74.3096219998529,41.61130999986134],[-74.3094040000807,41.61120100038212],[-74.3093169995037,41.61115299985292],[-74.30916000025766,41.61102800030411],[-74.3088330004733,41.61073699997317],[-74.30859999985005,41.610418000439815],[-74.30833399980742,41.61005199955669],[-74.30792400054817,41.60935500012319],[-74.30764200044484,41.60908199972072],[-74.30733300002548,41.60887100005627],[-74.30701699993114,41.608815999969586],[-74.30670099995413,41.60881999980453],[-74.30633499948968,41.60888900020962],[-74.30602900000947,41.60903699995718],[-74.30585099986487,41.60918900001886],[-74.30577199992067,41.60937999990046],[-74.30568600032122,41.60978599989987],[-74.30563800056994,41.6102399999263],[-74.30555199954303,41.61055999989949],[-74.3053789994707,41.61086799987362],[-74.30522899985944,41.61104999994538],[-74.30500300039026,41.61128900000462],[-74.3048160004456,41.61147000030574],[-74.30450100027642,41.611892999702604],[-74.30441200038781,41.61215100024331],[-74.30437499946464,41.61258800015368],[-74.30439100032952,41.612934000375084],[-74.30447699972495,41.613385000355386],[-74.30454599988173,41.61383100018806],[-74.3047109995169,41.61525099981138],[-74.30465899954253,41.6154270002019],[-74.3045409994529,41.61558900043817],[-74.30434699993836,41.61570399960322],[-74.3041210000878,41.615788000133016],[-74.30274799985848,41.61598799987831],[-74.30115599976999,41.61621100030926],[-74.30064099946965,41.616306999715746],[-74.30028599958789,41.61643200028319],[-74.2998230004059,41.61674299980421],[-74.29803500057363,41.61812600033205],[-74.29720999998584,41.618721000377896],[-74.29657500021466,41.61909799977574],[-74.29611900002628,41.6193630002841],[-74.29590500000516,41.61955000025955],[-74.29574400015188,41.61965499977205],[-74.2954479996422,41.61968699985822],[-74.29521200012096,41.61967899956358],[-74.29492699980669,41.61956999972854],[-74.29468499969884,41.619413999624314],[-74.29445900000862,41.619232999592086],[-74.29430399949156,41.61911599959537],[-74.2938689996149,41.61894799967846],[-74.29356200058658,41.618794000133896],[-74.29305299969808,41.618468000358924],[-74.29289900017125,41.61834799981803],[-74.29277599991511,41.61827199983814],[-74.29262199983998,41.61824099982804],[-74.29244700056057,41.6182559997664],[-74.292302999803,41.61829499987274],[-74.29215899970849,41.61836400003615],[-74.29200499996578,41.61845600043012],[-74.29191299964273,41.618594000319014],[-74.29181000002696,41.61871700025749],[-74.29169700052087,41.618794000040914],[-74.29154300023471,41.61887799962131],[-74.290268999964,41.61929300042468],[-74.29005400041929,41.61937699967508],[-74.28986900003443,41.61947699955747],[-74.28970399983037,41.61960800024563],[-74.2895710003496,41.619807000034285],[-74.2894990000878,41.62001500017132],[-74.28943700051008,41.620546999971474],[-74.28931699955987,41.621037000021715],[-74.28923099942084,41.62121200025172],[-74.28917000010944,41.621280000184804],[-74.28905800037086,41.621342000248724],[-74.28884200032611,41.62139000010946],[-74.28811599993762,41.621412999971554],[-74.28739600041231,41.62135699984614],[-74.28710500032136,41.62134000044817],[-74.28664000053405,41.62136199992119],[-74.28633600000272,41.62140699988726],[-74.28596600059088,41.62149199982842],[-74.2855989994476,41.62173799982091],[-74.28402800045276,41.622824000378166],[-74.28386100052595,41.622959000016884],[-74.28322399977195,41.623611999768855],[-74.28302500050057,41.62378099978131],[-74.28219700008312,41.62429499971304],[-74.28148200041977,41.6247240003339],[-74.2813010000047,41.62489200013363],[-74.28113099987794,41.62503499967041],[-74.28100099949245,41.625132999813005],[-74.28084400057286,41.625215999692834],[-74.28036199960748,41.62536900005939],[-74.28000399957631,41.625471999906374],[-74.2796969996522,41.62561500021401],[-74.2793939998089,41.62572800026622],[-74.27911200003146,41.62582199998167],[-74.27882000002384,41.62587600026877],[-74.27865299940592,41.6258880002152],[-74.27805599949444,41.625881999675286],[-74.27765600059502,41.62581499998737],[-74.2773239999738,41.625720999581645],[-74.27708999944849,41.625662000337556],[-74.27679199944696,41.62557800030608],[-74.27640300040537,41.62553500021898],[-74.27596600017266,41.62557799959606],[-74.27578600039021,41.62563899987952],[-74.2754099999734,41.625892999700085],[-74.27505800027639,41.62619400043065],[-74.27441999968828,41.6265560003551],[-74.2739969996992,41.62680700027377],[-74.27347900043407,41.62706900037261],[-74.27325299982775,41.62720700002604],[-74.27310999941267,41.627322999885344],[-74.27288400044952,41.62754499965568],[-74.27254900001212,41.62791299993656],[-74.272345999904,41.628151000377706],[-74.2720720004823,41.62852700000595],[-74.27190700013547,41.628719000185775],[-74.27168800057619,41.62889599974114],[-74.27135800024557,41.62910200004624],[-74.27103800013462,41.62927500021347],[-74.27076499953924,41.62934300030569],[-74.27064799961285,41.6293629997048],[-74.27041000023502,41.62934000007601],[-74.27020800003748,41.62924299957315],[-74.2698880004249,41.628893000063236],[-74.26964500054383,41.62875300005448],[-74.2692849994921,41.628642000199164],[-74.26899799978341,41.628602000382166],[-74.26861300055336,41.62861799989608],[-74.26826100034796,41.62868700007666],[-74.2679540000604,41.628778000232664],[-74.26771499998947,41.62889600030769],[-74.26732199995668,41.6292009997105],[-74.26691799982251,41.62958300008441],[-74.26616500046083,41.6303949999952],[-74.26561000038215,41.63120000041315],[-74.26467600021283,41.63224999992178],[-74.2642919997647,41.63262899956268],[-74.26409300042522,41.63273800035446],[-74.2633589996537,41.632596999897125],[-74.25018600026281,41.62932400037405],[-74.25022199972557,41.62587500033022],[-74.25022999980501,41.62509300002289],[-74.25051300009498,41.622754999648514],[-74.25063899971272,41.62171199998369],[-74.25098700054166,41.61525399997004],[-74.25100499985493,41.61492199996193],[-74.25137899945297,41.609304999764696],[-74.2514130000312,41.608665999772505],[-74.25160099988202,41.605374000165305],[-74.24959299992915,41.60483100003285],[-74.24937400002081,41.60480700007366],[-74.24881299977763,41.60468900016748],[-74.24864500044444,41.60464900021104],[-74.24665699953165,41.6041799997755],[-74.2465880002736,41.60416400027988],[-74.24509300004601,41.60380100001626],[-74.24163999950206,41.60299099964001],[-74.24017899997058,41.60266199981534],[-74.23908100038555,41.60241500017085],[-74.23655499941255,41.601846000260636],[-74.23361500043362,41.6011829995683],[-74.23059900021181,41.600504999971896],[-74.22240099956879,41.598658999973125],[-74.21896499969458,41.59793199982541],[-74.21791199986048,41.59771100037093],[-74.20782499993291,41.595427999955454],[-74.202247999928,41.59428999994261],[-74.2018959996944,41.594219000342676],[-74.19714699984964,41.592991000125544],[-74.19651499950992,41.59285700006723],[-74.19496899981705,41.5925299996381],[-74.19072500013154,41.591453999815535],[-74.18791599943988,41.59090000037088],[-74.18773099948665,41.590864000406036],[-74.1875049998592,41.59079300024274],[-74.1855480004136,41.593837999715454],[-74.18536099998391,41.59412799995578],[-74.18453100036353,41.59396100027962],[-74.18430400023584,41.59391600043378],[-74.18238699972557,41.5935329997003],[-74.18154299944509,41.59336499978786],[-74.17729699997454,41.59272899999859],[-74.17639400019846,41.592396000218244],[-74.17633199982534,41.5923830000029],[-74.17246299997218,41.59159500008526],[-74.1709689997599,41.59125199964914],[-74.16610099964625,41.59042900016748],[-74.16073799971808,41.58940799964608],[-74.15864200011757,41.589009000092865],[-74.15860400057753,41.58900100012589],[-74.15399200000364,41.587898000007506],[-74.14881299948986,41.58693199992714],[-74.14353999983021,41.58594900030835],[-74.14149800052888,41.58556900032474],[-74.1413830005336,41.58554699983345],[-74.13758800006674,41.58469100019857],[-74.12853599944843,41.58295500022892],[-74.12639300048662,41.582544000428804],[-74.12727399992325,41.58709600011152],[-74.12777799997413,41.588321999752495],[-74.12821000006223,41.59012099986413],[-74.12976899968157,41.59618800044081],[-74.13015099948663,41.59784000007507],[-74.13047100052425,41.59919799973228],[-74.13156199983403,41.60382900001902],[-74.13198799959851,41.60553100027704],[-74.13346499958628,41.611433000446596],[-74.13451099968887,41.61569499994832],[-74.13426399958462,41.61616400042894],[-74.13295300037636,41.618561000196536],[-74.13119699984249,41.62169400034976],[-74.12931399976459,41.625093000114326],[-74.12878500042798,41.62605200035568],[-74.12770900014436,41.627924000170175],[-74.12669900036933,41.62967599961808],[-74.12607599999478,41.63082899998869],[-74.12466300058091,41.63313300030361],[-74.12482000056718,41.63316800040632],[-74.12842299948059,41.63402800021012],[-74.12900699993206,41.63417600040979],[-74.1292669994506,41.63426499973811],[-74.13078200019801,41.634376000251855],[-74.13585800056981,41.63566499981017],[-74.13629899951746,41.635792000101134],[-74.13950300006243,41.636690000236804],[-74.1396280003724,41.636710000413096],[-74.14008399940688,41.63684899956842],[-74.14087200053497,41.63706100010948],[-74.1442479996146,41.637893999785994],[-74.14392399997524,41.63839299987993],[-74.14369899940209,41.63877900011024],[-74.14333600048391,41.63944800003625],[-74.14243399973181,41.641239999925986],[-74.14287000055296,41.64136399957352],[-74.14411100000811,41.64166699961445],[-74.14474999960811,41.64183099993124],[-74.14554799965572,41.64202099967635],[-74.14576599947146,41.64206399960089],[-74.14804699974178,41.642625999841904],[-74.14871599961995,41.64279200009885],[-74.1502079997232,41.64317000012964],[-74.15232100008252,41.64365500015276],[-74.15525200025291,41.64438299998532],[-74.15619400006508,41.64460299957577],[-74.15810100011565,41.64505000028976],[-74.15945999974299,41.6453889995888],[-74.16449200037438,41.646576000028574],[-74.16460399995628,41.64660099999724],[-74.1655919997301,41.64681300010065],[-74.16582700030938,41.64688999988044],[-74.16896700022909,41.64747099976812],[-74.17226299958777,41.64828100018696],[-74.17290999973405,41.64843400032025],[-74.17376199985165,41.64863299997586],[-74.17443299972506,41.648783999649346],[-74.18371099984645,41.65097600021118],[-74.19193400057928,41.65292799956873],[-74.20519900049125,41.65601800017741],[-74.20627599972207,41.65626500020641],[-74.2107400002072,41.657287999653214],[-74.21755500037713,41.658870999991485],[-74.21747100050122,41.65930799956885],[-74.21740400034373,41.65950099976993],[-74.2173369999376,41.659630999735676],[-74.21730500022048,41.65972200036888],[-74.21729700005083,41.65980500039101],[-74.21730899954122,41.65989599980891],[-74.21734300026526,41.65998999979292],[-74.21741800018043,41.660096999664006],[-74.21768599958664,41.660285999840305],[-74.21772599948147,41.66032599972423],[-74.21777699981534,41.660475999845055],[-74.21778100024146,41.660586000190456],[-74.21758900058953,41.66116599998062],[-74.2175739994179,41.661324000411796],[-74.21757799953964,41.661433999845],[-74.21759699947266,41.661541000241556],[-74.2176269999021,41.6616160003286],[-74.2177339998481,41.66175000040553],[-74.21781600017559,41.66181700026494],[-74.21798199984966,41.661912000053384],[-74.21823900022186,41.66204199960936],[-74.21832199989647,41.662105000445855],[-74.21836099985165,41.66215599997485],[-74.21839300019575,41.6622739998421],[-74.21838499952534,41.66236099995529],[-74.2182130002157,41.662811000255125],[-74.21813800047153,41.66308299985632],[-74.2179229998265,41.664215000160794],[-74.21789500016513,41.6644599999166],[-74.21789200004082,41.66485400032968],[-74.21793899953575,41.66525700037092],[-74.21793099976747,41.66557599976102],[-74.2178839999706,41.66606100019945],[-74.21786000054108,41.6661209997651],[-74.2177890005292,41.666180000321596],[-74.21770999977997,41.66620700001629],[-74.21760299959921,41.66622699969218],[-74.21686300017883,41.666202999865426],[-74.21617200031999,41.66620300009869],[-74.2159920003295,41.66619199967838],[-74.2150560004299,41.66608099988659],[-74.21452699952111,41.665986999616294],[-74.21425100044051,41.66599400034677],[-74.2141480001417,41.666009999781394],[-74.21406099975214,41.66604999985087],[-74.2139920000777,41.66614799983738],[-74.21396099953083,41.666218999701975],[-74.21391699999944,41.66653099989332],[-74.21389700030875,41.66677200007275],[-74.21385800032157,41.66697700043526],[-74.21375300038073,41.66736699989346],[-74.21362700048128,41.667725999956055],[-74.21353399987665,41.667939000070305],[-74.21345500042338,41.668045999607564],[-74.21337200027581,41.66820699983255],[-74.21333299978622,41.6683100000758],[-74.21332599984405,41.668437999647324],[-74.21336799978835,41.668640999764186],[-74.21340399991995,41.66870100008524],[-74.21344299996197,41.66874400022947],[-74.21351399958752,41.66878300042085],[-74.21365700027576,41.66882700035937],[-74.21397200006403,41.668893999846816],[-74.21423299968816,41.668902000350926],[-74.21448599952679,41.66889000028944],[-74.21464799952034,41.66886200008008],[-74.2152699996123,41.66859400039219],[-74.215503000593,41.668519000158994],[-74.21568800034488,41.668502999791436],[-74.21586999946321,41.668514999710084],[-74.21601599996173,41.66855500002133],[-74.21618199984124,41.66864899983928],[-74.21635199962739,41.668791000249904],[-74.21646599971363,41.66893699969524],[-74.21652899949602,41.66907499985115],[-74.2165529999808,41.669198000334944],[-74.21655499989131,41.66940299999485],[-74.21647600000546,41.66978499969583],[-74.21638100029998,41.669970999584784],[-74.21630000059776,41.670077000229796],[-74.21611500024413,41.67027300009846],[-74.21618999995106,41.670442999767786],[-74.21619000040427,41.670489999650634],[-74.21617500054272,41.670525999557775],[-74.21613099940146,41.67056100003586],[-74.2159730002284,41.67060400029242],[-74.21587799959816,41.67063900042895],[-74.21583899976686,41.67067899962193],[-74.21581500050408,41.670766000150856],[-74.21583499943821,41.67082499971449],[-74.21587399995788,41.670867999927275],[-74.21593000011886,41.67095899957256],[-74.21598500050852,41.67111299963681],[-74.21606000057812,41.67121500037749],[-74.21616700022466,41.67133400041323],[-74.21644699947993,41.67154699974484],[-74.21662499959876,41.671711000002],[-74.21683000005137,41.67196300034705],[-74.2170749998576,41.672294999916716],[-74.21711899959907,41.672326000290425],[-74.21723299961903,41.67234999974792],[-74.21734000045898,41.672353999836595],[-74.21760000043484,41.67231399976498],[-74.21772299964024,41.67227499960047],[-74.21784200055005,41.672211999737826],[-74.21793799994565,41.672566000041485],[-74.21795000012656,41.67277400032201],[-74.21792299962665,41.672965000045785],[-74.21788899954399,41.67307000023109],[-74.21774499989856,41.67336000032229],[-74.21599800057405,41.67648400028888],[-74.21575699981166,41.676903000013354],[-74.2154320003214,41.677533999994466],[-74.21514900050796,41.678195000144925],[-74.21468999947072,41.67933599988796],[-74.21406899968449,41.68077699978917],[-74.21398100035046,41.681093999865176],[-74.2139529994383,41.68135199960766],[-74.21391099987879,41.68188599996489],[-74.21389500057587,41.682109999902075],[-74.21379499944216,41.68347200043674],[-74.21376900017543,41.68371099980359],[-74.21370800054589,41.683931999561764],[-74.21349299971382,41.684491000183215],[-74.21329700047657,41.68533600019775],[-74.21297800028853,41.686384999669926],[-74.21261199975005,41.687501999989664],[-74.21182600012105,41.68942700021177],[-74.21149299944527,41.69035600041301],[-74.21109800026187,41.69153200035106],[-74.2109020003223,41.69198800040115],[-74.21055499966552,41.69262999970193],[-74.21030800023327,41.69307100012082],[-74.21015499988943,41.693301999989565],[-74.20991599999584,41.69358399990068],[-74.20801000028955,41.69544099997127],[-74.20776000009242,41.69569500031168],[-74.20743199982333,41.69597899965768],[-74.20723799951331,41.69612399988028],[-74.20682800012159,41.69635700043262],[-74.20650700034577,41.69648599995408],[-74.20629799978927,41.69654799956637],[-74.20610800021367,41.696591999784594],[-74.20420200005675,41.69693699982403],[-74.20353699945028,41.69705100027234],[-74.20291600010627,41.69713799992462],[-74.20072999985801,41.69733000037802],[-74.1995289996871,41.69744499961636],[-74.19823999980181,41.69754700029655],[-74.1977759998011,41.697568999846375],[-74.1973520003977,41.697597999769265],[-74.19659899949966,41.6977059996616],[-74.19427200059384,41.69805699955948],[-74.19313099972629,41.69819599960081],[-74.19271400040414,41.698254999760245],[-74.19251299959527,41.69829199988352],[-74.19205000057956,41.69838400043496],[-74.19198500014384,41.69840300042011],[-74.1921819994792,41.698596000220725],[-74.19229099978672,41.698723999801175],[-74.19236399954488,41.698821999630226],[-74.19251900000921,41.69906700032472],[-74.19262199988981,41.69927100022615],[-74.19274000044862,41.699582999789406],[-74.19293799949261,41.700364999639355],[-74.19362699993317,41.70317500023851],[-74.19418399970597,41.70526599999485],[-74.19431699963626,41.70562099969923],[-74.19463000042828,41.70627000006415],[-74.19518899958062,41.70734299990761],[-74.19532199965452,41.707551000104225],[-74.19699500034598,41.7098779997522],[-74.19861899999103,41.71224900028535],[-74.19875999955644,41.712482999570206],[-74.1988730000208,41.71272999965713],[-74.19895099974931,41.71296700013772],[-74.19896800025634,41.713043999841126],[-74.199169999961,41.713056999813595],[-74.19924899984674,41.71310100019664],[-74.19930299999658,41.713154999755474],[-74.19985399949694,41.71389000034803],[-74.2001460005115,41.71423300011736],[-74.19959399969483,41.714687000163615],[-74.19945799961936,41.71478000043769],[-74.19911600033609,41.71497300017789],[-74.1989740001293,41.71508499978055],[-74.19876500056915,41.715284999841685],[-74.19850399960305,41.71550300031301],[-74.19840000002488,41.71556399992697],[-74.19830499948041,41.71559799975994],[-74.19818599981384,41.71561399997254],[-74.19806500031754,41.71561399955871],[-74.19791399951303,41.71581499995926],[-74.19735900017263,41.71659399966724],[-74.19713099965625,41.716956999835375],[-74.19695200048595,41.71731300036954],[-74.19681800052882,41.717669999673696],[-74.19672700023604,41.717958000372846],[-74.19596799952832,41.7209489996222],[-74.1958869998727,41.7211840001914],[-74.19582899974893,41.7213159999461],[-74.19570199976744,41.72155000020074],[-74.19537600021505,41.72202999962802],[-74.19536300047046,41.72205100029426],[-74.20328499962962,41.72744299981895],[-74.20463200017436,41.7259659996778],[-74.20822599996589,41.7226779997965],[-74.20920900017886,41.721739000160014],[-74.21136999946712,41.72026300022349],[-74.21684600018256,41.71590199981345],[-74.22035400052613,41.71388999982725],[-74.21963700023804,41.7134189997412],[-74.21910299967305,41.71281500005348],[-74.2208030003942,41.712623000283116],[-74.22116699977892,41.711883999842065],[-74.22249199994239,41.71103299985624],[-74.22401100046017,41.715165000135265],[-74.22255499950694,41.71586899992042],[-74.22545300005721,41.71937800014316],[-74.2265920002476,41.72076899964482],[-74.22748599978058,41.721872999570145],[-74.22539600031006,41.7293520004],[-74.22041099983343,41.7340690002517],[-74.22037099943265,41.734126999568595],[-74.21978400039546,41.734624999899275],[-74.21886999979182,41.73520700028806],[-74.21817100004813,41.7356729999546],[-74.21810600028925,41.73583499955705],[-74.21748099979828,41.736587999884854],[-74.21637900000653,41.73765100021908],[-74.2158210003334,41.73818600000589],[-74.21114299980512,41.74253300028092],[-74.20634999942676,41.746894999655126],[-74.20283799975213,41.750092999730015],[-74.20172099949407,41.751258999739385],[-74.20075899978723,41.75213999967894],[-74.1992240004429,41.751950000012464],[-74.19658199969128,41.75168599986883],[-74.19417500053405,41.75143599993793],[-74.19105200003159,41.75119999992036],[-74.18836299945181,41.75093999959593],[-74.18353799979454,41.75048399961575],[-74.18076399947121,41.75021299994555],[-74.1797960003236,41.75009299965358],[-74.17784900048916,41.749870999866886],[-74.17640900007254,41.74972799973624],[-74.1738170005353,41.749501000069515],[-74.17191500055215,41.749335999568956],[-74.16902699988533,41.74906500005928],[-74.16802300034692,41.750092999656914],[-74.16319399998477,41.75464399989481],[-74.16312299968581,41.75478000008437],[-74.1615799995108,41.756146999836574],[-74.16064800037499,41.7570009997014],[-74.16060299999583,41.757078000009344],[-74.15879299973601,41.75872200039003],[-74.15785799960524,41.759579000373364],[-74.15673600015349,41.76060800003404],[-74.15610999954887,41.76118299965892],[-74.15599499961878,41.76127999989036],[-74.14518400030221,41.771098999752276],[-74.14403400024422,41.77220399957335],[-74.14387600012778,41.77222800016784],[-74.14306799987544,41.77278800000012],[-74.14289099965086,41.772903999997155],[-74.14123899988856,41.774394000025666],[-74.14057799974891,41.77499100033237],[-74.13959900024047,41.775929000187894],[-74.13939400019386,41.77619600010748],[-74.13940100004656,41.77649799998103],[-74.13922200034102,41.77652299960986],[-74.13874200008405,41.776863999886274],[-74.1386810000664,41.77702600005697],[-74.13859699959306,41.7770459996442],[-74.13702899960636,41.7780550000756],[-74.1368719997091,41.778145999922344],[-74.1367669998273,41.7787020004096],[-74.1358829994057,41.779527999891634],[-74.1355629994887,41.77976100031332],[-74.1353609997359,41.77987800010757],[-74.13537599980958,41.779965999602986],[-74.13544099947376,41.78013200043037],[-74.13543199994082,41.78025399956861],[-74.13539399966912,41.78040899967723],[-74.13525100008543,41.780696999674284],[-74.13485500049471,41.780868999592464],[-74.13436400013836,41.781225999997396],[-74.13342600042905,41.78207800030397],[-74.1286790002254,41.78615500044007],[-74.12653299945032,41.78799099961977],[-74.12568799986501,41.78879199969959],[-74.12503499977704,41.78937300021435],[-74.12458800026737,41.78929300020943],[-74.12344200029217,41.79108900014004],[-74.12074699998348,41.79381000019124],[-74.11957299989135,41.79495900000467],[-74.11835700016826,41.79615000015106],[-74.11815000052145,41.79635400019776],[-74.11679999953287,41.79763600034606],[-74.11631500040444,41.79809800000927],[-74.11303300032412,41.79838399961156],[-74.10973000038034,41.798618999749344],[-74.10803199991533,41.798739999928586],[-74.10310699959038,41.79910400007786],[-74.09684800033729,41.79956399990247],[-74.09066400016252,41.799992000398696],[-74.08772799986991,41.8002189997191],[-74.08683899941265,41.800287000045586],[-74.08483400048823,41.80045799989126],[-74.08451100027014,41.800492000222135],[-74.08470099947459,41.80078399967899],[-74.08487500001775,41.801508999972555],[-74.08490500012734,41.80259599996709],[-74.08472300005447,41.80348900013754],[-74.08390500040372,41.80449000045138],[-74.0832830005221,41.80525899992703],[-74.082350000228,41.80603399985937],[-74.08139700010882,41.80660699962929],[-74.08001400021466,41.80723499995991],[-74.07849400037603,41.807610999941026],[-74.07725799949594,41.80766000033321],[-74.07596000019625,41.807482000041745],[-74.07512399971905,41.80725099975728],[-74.07431299992889,41.80679499958631],[-74.07355700045922,41.80624300015764],[-74.07304799960332,41.80564400010862],[-74.07265799993056,41.80498900017503],[-74.07226900007615,41.80414400039704],[-74.07196799985604,41.80253699983539],[-74.07152700049555,41.80165699984204],[-74.07102800039975,41.801171000062624],[-74.0701720005559,41.80079499977481],[-74.06970000021327,41.800742999603045],[-74.06924599984758,41.80099000041285],[-74.06906099998655,41.80115800019514],[-74.06834999965972,41.80179500030518],[-74.0676390003573,41.80237200043824],[-74.06738800009204,41.802701000372544],[-74.0671670004084,41.80317399977853],[-74.06713899996065,41.80374599956021],[-74.06740699945837,41.80465700016408],[-74.06773999968735,41.80556099966401],[-74.06786799960601,41.806536000069194],[-74.06785899954757,41.80732499978055],[-74.06803200019742,41.80808300024914],[-74.06823700036585,41.80890600016481],[-74.06847599999847,41.80960000027167],[-74.06921500049931,41.81066700028711],[-74.07052599976473,41.81246299965062],[-74.07202999941443,41.81431500011519],[-74.07250499947682,41.81507500018606],[-74.072703000186,41.81560799970937],[-74.07281299944786,41.81630099998446],[-74.07271000011245,41.81680800023219],[-74.07252300050094,41.81716899972125],[-74.0721849997142,41.817505000336006],[-74.07174399968642,41.81808400024315],[-74.07100300008712,41.81835300030102],[-74.07073700012332,41.81842199977273],[-74.07030900029196,41.81845699996341],[-74.06974199975167,41.81849099987977],[-74.06921000051737,41.81829200040966],[-74.06877200019088,41.8179900002313],[-74.06661200045983,41.81706600001371],[-74.06592800005245,41.81676300023804],[-74.06512400004662,41.81655699956488],[-74.0647390000423,41.81640099979989],[-74.06429999992896,41.81627000042597],[-74.06407599945837,41.816188000321375],[-74.0638740005885,41.81597699965701],[-74.06377999991336,41.8157109997276],[-74.06376500050699,41.815187000147816],[-74.0637019994782,41.814188999821724],[-74.06356100046479,41.813422999834614],[-74.06348800033835,41.81324499992901],[-74.06324600053811,41.81283299984808],[-74.06287399977536,41.8124440004259],[-74.06248900057373,41.812281000177066],[-74.06211300013744,41.81224599967959],[-74.06105799990905,41.81237600013234],[-74.0607769999656,41.812526999873214],[-74.06062399952071,41.81273499979508],[-74.0603010002995,41.8136350001747],[-74.06006999958989,41.81406000024843],[-74.05987400058298,41.81423599996362],[-74.05960400013392,41.81437899956512],[-74.05918700017213,41.81456199989933],[-74.05912699972802,41.81459200013295],[-74.05831999993968,41.81485400011309],[-74.05787099995435,41.815048999679846],[-74.05760499993542,41.81545099957576],[-74.05744199976962,41.816045000320344],[-74.05723099965802,41.81642100025736],[-74.0569190003775,41.81688200013787],[-74.05639499977428,41.817231999603834],[-74.05631700002361,41.81728899972967],[-74.05610700008334,41.81744799997264],[-74.05561400027602,41.817806999793284],[-74.05400599958708,41.81858599992511],[-74.05301300006045,41.8196409996209],[-74.05224100057468,41.820623000070015],[-74.051415999489,41.82147300034647],[-74.05074499953565,41.82199899999707],[-74.05003300052816,41.82197099998033],[-74.04980900027523,41.821859000167706],[-74.04939800054302,41.82192300003869],[-74.04919399995606,41.8221400004116],[-74.0488489994427,41.82227699989508],[-74.04819999970599,41.82224200031277],[-74.04775700045298,41.82212900025266],[-74.04725800054709,41.82187000018296],[-74.04696600031949,41.822040000440595],[-74.04641499948451,41.82270300006411],[-74.04632500022022,41.823374999976394],[-74.04680700005083,41.82448700008188],[-74.0471989999558,41.82581800028634],[-74.04760100026641,41.82715699968734],[-74.0479690000671,41.828745000332525],[-74.04793399985218,41.82979199981268],[-74.04801999986603,41.830709999796134],[-74.04765800050053,41.832092000429846],[-74.0474710001646,41.83255100032474],[-74.04711499996041,41.833432999666286],[-74.0467879997176,41.834694999755456],[-74.04627199970979,41.83637399989037],[-74.04604500055608,41.837331000387984],[-74.04552499968663,41.83856699968355],[-74.04502800017688,41.839562000423626],[-74.04470299989718,41.84066300007028],[-74.04422999940546,41.841505000290546],[-74.04376100039646,41.84202499987299],[-74.04277500029512,41.8426709997054],[-74.04224600038877,41.84364099995175],[-74.04202099940377,41.84446900020512],[-74.04190800049533,41.84491899962661],[-74.04161799982475,41.84576300026991],[-74.04129700032993,41.846493000212824],[-74.0413139999623,41.84682299968571],[-74.04155599968516,41.847276000052524],[-74.04214399958897,41.847520999863406],[-74.04240099999743,41.847612000162236],[-74.04322599966508,41.84785899999845],[-74.04428800051174,41.84805100036411],[-74.0447709999939,41.848101999730865],[-74.04509600001904,41.84812899995056],[-74.0452329995109,41.84817000019626],[-74.04603900048214,41.848215999811345],[-74.04641500023641,41.84825000024958],[-74.04689699999757,41.84837400023896],[-74.04719699996795,41.848512999650936],[-74.04745200000268,41.84870800021373],[-74.04779299945301,41.84895200033799],[-74.04823200019067,41.849163999993266],[-74.04961900015583,41.84964700008198],[-74.05004199989894,41.85004600027648],[-74.05028499969403,41.85056599985322],[-74.05037199971765,41.85106900038406],[-74.05026799984778,41.85151900007375],[-74.04988600028875,41.85199999991254],[-74.04934699980907,41.85259899980741],[-74.04899899970958,41.853194999817966],[-74.04867100037931,41.85377199979597],[-74.04797600003668,41.85420200024734],[-74.04732899941175,41.85430300037085],[-74.04659800044124,41.85429799974605],[-74.04509300003974,41.854215000101036],[-74.04404699987727,41.854490000210205],[-74.04375400013348,41.854633000268535],[-74.04329699946868,41.855121000015245],[-74.04261000023956,41.85588900029173],[-74.04243399966566,41.85691100007509],[-74.04251699953876,41.8571850001969],[-74.04272000050771,41.857339000264304],[-74.04324399981657,41.857632999669654],[-74.04391599982318,41.85803999997282],[-74.04462799973805,41.85872100011767],[-74.04482400042548,41.85939000001931],[-74.04477299959406,41.8600500002063],[-74.04464700040747,41.8606849996621],[-74.04431700013255,41.861255000241215],[-74.0436659998937,41.86174099986229],[-74.04300399994251,41.862147999581424],[-74.042394000583,41.862771000066026],[-74.04215299960681,41.86309999976542],[-74.04204000008654,41.86354999962237],[-74.04206499963229,41.864105999795406],[-74.0421329994753,41.86470199994414],[-74.04240099958122,41.86558099968541],[-74.04268999951356,41.86660600003654],[-74.04294100056696,41.86799199976168],[-74.0429720002236,41.869007000119126],[-74.0426859996774,41.87035699985909],[-74.0422219999474,41.87131200017902],[-74.0415989999632,41.872104999643604],[-74.0411410000894,41.87260100031927],[-74.04011199948083,41.87314999958247],[-74.03937700050741,41.87347500034389],[-74.03811400048404,41.873756000349275],[-74.03780600052886,41.87385400000941],[-74.03678599980742,41.87418199981945],[-74.0361799997782,41.874460000244994],[-74.03565999957182,41.87473800002496],[-74.03507900040462,41.87509199970882],[-74.03459699983871,41.87541199972408],[-74.03467700007226,41.87565100000996],[-74.03493599973822,41.87644999971593],[-74.03494899962182,41.87649299986841],[-74.03542800032939,41.87797599967178],[-74.03555899974778,41.87842600017688],[-74.0357329999511,41.87894599972195],[-74.03734000026594,41.883613000233865],[-74.03853299998869,41.88711800042708],[-74.03863800016036,41.88744000009159],[-74.03913600051106,41.8890039996525],[-74.03920400015927,41.889209000061676],[-74.04018199983909,41.89192400043433],[-74.04065300012935,41.89329000034804],[-74.04089699978081,41.893999000295246],[-74.04194600013574,41.89723799970851],[-74.04215699990348,41.897885000180466],[-74.04268400000741,41.89947100019233],[-74.04280499969906,41.89992100038273],[-74.04341699976624,41.901890000110846],[-74.04356399945114,41.90222399999237],[-74.04356199996293,41.90224900030229],[-74.04357299957363,41.90250300023811],[-74.04365899990098,41.90289400043197],[-74.04375900032404,41.90326000019416],[-74.04393799988146,41.903853000054],[-74.04402299942399,41.90409500034387],[-74.04415699954342,41.904398999757056],[-74.04435899986183,41.90475999991884],[-74.04444900056473,41.90498899981223],[-74.04447299980067,41.9050910002271],[-74.04450799999346,41.90572499962306],[-74.04454500038896,41.90604200033721],[-74.04463600014,41.90653399973663],[-74.04482599978505,41.90731500023473],[-74.04489700056409,41.90768300017886],[-74.04511300032348,41.90860099979584],[-74.04535300010456,41.90914800008383],[-74.04557399947787,41.90973299956402],[-74.04562199999846,41.90997099997258],[-74.04562900022347,41.910112999710414],[-74.04561599983437,41.91046800041152],[-74.04563200014634,41.91053899969669],[-74.0456879996493,41.9106009996164],[-74.04578399964298,41.910654000123394],[-74.04587800034206,41.9106650002384],[-74.04589599997406,41.91081899996532],[-74.04598299998908,41.91153599995811],[-74.04724099979074,41.91683799975722],[-74.0476220002238,41.91851499998417],[-74.04773100015001,41.918996000435214],[-74.04790999987591,41.919764999896984],[-74.04816299992511,41.92086400032172],[-74.04837100027105,41.92173199993116],[-74.04863100024548,41.92283800023492],[-74.04892299972687,41.92403600028342],[-74.04939999946667,41.92601100012434],[-74.04958899994759,41.92684700012575],[-74.04975599992815,41.92779800002467],[-74.04997999980044,41.928598999873934],[-74.05022500047424,41.929529000347074],[-74.05036199986526,41.92997399987151],[-74.05072200055305,41.93146600002646],[-74.0509269998282,41.93234500009919],[-74.05105099958033,41.93280799989944],[-74.05109200026051,41.932973999681955],[-74.0511089994293,41.93301799980501],[-74.05148199974417,41.93325600028831],[-74.05156199976733,41.93331499987626],[-74.05239500005415,41.93384300035593],[-74.05393100030946,41.934809999990215],[-74.05409200008681,41.93490899991532],[-74.05753299951748,41.93720699989745],[-74.05777099959619,41.93742999957628],[-74.05808700026495,41.937828999658514],[-74.05818599946178,41.93834900006863],[-74.06042399976735,41.94133299991979],[-74.06053000036975,41.941456999679275],[-74.06176600033528,41.94313200017133],[-74.06267400009918,41.94436000019749],[-74.06368200004532,41.94566599971444],[-74.06552000014331,41.948097000212734],[-74.06703099946282,41.950094000275826],[-74.0695919998523,41.95351000016274],[-74.07269499941069,41.95761299989607],[-74.07454599965666,41.96007399969722],[-74.07570099941064,41.96161700039106],[-74.08037499951995,41.967860000313664],[-74.08262600015311,41.97086400005116],[-74.08427200040953,41.97304399995356],[-74.0851440005215,41.97419799980406],[-74.08574700025599,41.97491500034069],[-74.08581599966386,41.975080000158265],[-74.08597899989343,41.975291999925844],[-74.08599599995975,41.975400999657616],[-74.08606900023268,41.97577899992781],[-74.08613799997279,41.976110999586055],[-74.08639199960552,41.977345999829254],[-74.08681799941799,41.979406000302525],[-74.08700600041239,41.98031599990116],[-74.08748599976417,41.98270799977214],[-74.08765200052473,41.98355299995408],[-74.08804600033275,41.98558500018085],[-74.0888219995368,41.989490000174264],[-74.08935000046522,41.99213100034874],[-74.08942900021137,41.992501000415835],[-74.08935799990375,41.99345400013222],[-74.08935900028078,41.993509000301515],[-74.08934200050604,41.99369399970699],[-74.08933199975924,41.994629999601756],[-74.08844400047424,41.99449900033452],[-74.08782099963729,41.994401000041236],[-74.0837810004086,41.993751000120874],[-74.08346699988249,41.993710000281226],[-74.08158899982232,41.99873399989351],[-74.08210500032253,41.998854000109176],[-74.08767899944908,42.00014200037527],[-74.0918779995613,42.001113000429875],[-74.09253800057121,41.999889000327386],[-74.09333700023198,42.00670199971901],[-74.09445499999147,42.01612200014606],[-74.09443999970368,42.01638699961202],[-74.09855600000662,42.018808999817125],[-74.09995599978267,42.01961500018465],[-74.10048400032893,42.01992000031255],[-74.10116099959635,42.020314999823526],[-74.10482200056097,42.02250199974039],[-74.1063530000112,42.02341499970418],[-74.10949500057689,42.02504100006295],[-74.11009299953712,42.025388000045545],[-74.11029599988998,42.025344999681316],[-74.11365599959593,42.02462700033074],[-74.11795200045364,42.02371100015688],[-74.12202899972394,42.0193499998767],[-74.12385300030813,42.01899499970217],[-74.12458599969979,42.01885299995116],[-74.12593200022324,42.01862200010826],[-74.12994799942837,42.01756500030206],[-74.13602099987791,42.01603200019501],[-74.13668900008838,42.01607400007693],[-74.13978400042268,42.016262000005995],[-74.15211500028717,42.01655500015176],[-74.16385799943401,42.012439999896166],[-74.16823700043354,42.01086499958787],[-74.17006700001764,42.01026300031364],[-74.1780519995157,42.00742300009383],[-74.18245500024808,42.005822000227866],[-74.18339299972108,42.00548600003757],[-74.18365099995685,42.00539299971911],[-74.18999699967519,42.003120999808644],[-74.24213300000144,42.00929800035944],[-74.24300600013486,42.013939000119386],[-74.2490740002488,42.01236399996214],[-74.24939099990182,42.016298999943864],[-74.2495900005155,42.01873700025546],[-74.24959000011434,42.01947400041493],[-74.25007399962067,42.01956699955112],[-74.2505910002161,42.019665000001694],[-74.2509879997688,42.019718999857126],[-74.25118300018748,42.01975499965805],[-74.25155199963761,42.01985399987713],[-74.25175799985685,42.01988799981986],[-74.25187000003035,42.019901000411075],[-74.2523520004891,42.01990599998247],[-74.25312500038658,42.01984599973437],[-74.2533229999697,42.01984299991847],[-74.2534880005405,42.01986300044431],[-74.25397300046484,42.019947000207836],[-74.254260999411,42.02001300019434],[-74.25448500025192,42.02008199998737],[-74.25464999966144,42.020150999900956],[-74.25474000038298,42.020203999751814],[-74.25482600006268,42.02026999973731],[-74.25513299961744,42.02043399962625],[-74.25543999965954,42.02056900029028],[-74.25569400032158,42.020698000348084],[-74.25582599991382,42.02073399981304],[-74.25595800017369,42.02075399988679],[-74.25608400046448,42.02074099963358],[-74.25618300037837,42.020711000029195],[-74.25630200035043,42.020651000299075],[-74.25673100005675,42.020322999862564],[-74.25718000056925,42.02003299980526],[-74.2573390003849,42.01995300030065],[-74.25771500023207,42.019782000444714],[-74.25782400045696,42.019745000245216],[-74.25850500038976,42.01960999989563],[-74.25861100045582,42.01956700011186],[-74.25870300024862,42.0195079997285],[-74.25888100038486,42.01932599993285],[-74.25906000014055,42.01910400007717],[-74.25917199974313,42.01901799975964],[-74.25927799968287,42.01896500027157],[-74.25939700055278,42.01892499997596],[-74.25978599970325,42.0188250002077],[-74.25997099996042,42.01880499977399],[-74.26009400022079,42.018802000064426],[-74.26023900047068,42.01881799994649],[-74.26038399951982,42.01886100039974],[-74.26050299978907,42.01890999996215],[-74.26060199986573,42.0189760001392],[-74.26067500013411,42.019046000099],[-74.26079999970024,42.019257000228876],[-74.2609130000859,42.019373000138046],[-74.26120699948153,42.01953300027206],[-74.261599999826,42.01984599960945],[-74.26167900026769,42.01994199982481],[-74.26176800035913,42.0201129997542],[-74.26239000028261,42.025747999789395],[-74.2624680005806,42.02646799990085],[-74.26348500004086,42.03595599971685],[-74.26486800043459,42.05031899970046],[-74.26498300023725,42.0515380000141],[-74.26529200048341,42.05552300041616],[-74.2686009997903,42.08394100038258],[-74.27007199983667,42.09733900020094],[-74.27018599975747,42.09840199956652],[-74.27160600033007,42.11162500025205],[-74.2501680002036,42.11007099985124],[-74.243268999828,42.10949000029331],[-74.2427570004268,42.10944699974918],[-74.24229400056313,42.10940699990273],[-74.24119400008011,42.10931900010107],[-74.2400949997784,42.10921800012397],[-74.24004700010191,42.10921400041139],[-74.23998500009091,42.1092180002115],[-74.23996100012519,42.10920700022401],[-74.23910800053746,42.10913399975929],[-74.23897199946242,42.10912299984309],[-74.23811899985014,42.109050999845195],[-74.23704100009269,42.108957999679],[-74.23179700049862,42.10850300023533],[-74.23118999963259,42.10845799979269],[-74.22474800033892,42.10797500043635],[-74.21128400050804,42.106954000121384],[-74.2085150005488,42.1067440004473],[-74.20801100050548,42.10670499978839],[-74.20745099948506,42.10666300007205],[-74.20616299967149,42.10656499978205],[-74.20168799971516,42.10622599988799],[-74.19846699959392,42.10598099971591],[-74.17168499962506,42.103950999884844],[-74.17149499962538,42.1039389997147],[-74.17122699987007,42.10391799958727],[-74.15649500037372,42.10283000032667],[-74.12788299979405,42.10071799976969],[-74.1266610000583,42.10062800011536],[-74.12501900009465,42.100506000207915],[-74.12452499939184,42.100469000394355],[-74.1165569996963,42.09984100022731],[-74.10053600016049,42.098577000032506],[-74.0994810001853,42.098492999554885],[-74.09846500019889,42.09841300013066],[-74.09527299940298,42.0981610004188],[-74.09131500017408,42.09784900015389],[-74.0894769995071,42.09770800020393],[-74.08219400032333,42.09715299960715],[-74.07542299962317,42.096637000027606],[-74.07479699974793,42.09658900010028],[-74.06441199947706,42.12022399964298],[-74.06423899993607,42.12061599994714],[-74.06388599969738,42.12141099966189],[-74.06381700001495,42.121581999613625],[-74.06233400009557,42.12508900029618],[-74.04756600017814,42.15863300034615],[-74.04239299965842,42.17038600016062],[-74.02671999984143,42.16300000008643],[-74.02575800024405,42.16254799958638],[-74.02487799993558,42.162134000153706],[-74.02047699990771,42.162247000311105],[-74.0193740004161,42.16224599984792],[-74.01794300040612,42.16227099969659],[-74.01777500046933,42.162273000011254],[-74.01720600017245,42.16231800002054],[-74.01343800028454,42.16261300019023],[-74.01119500037258,42.1627889999968],[-74.0106119994132,42.16283399970071],[-74.00962500045254,42.162910999558896],[-74.00748200033318,42.16300900036637],[-74.00661500051913,42.16304799996254],[-74.00658299991814,42.16305100023969],[-74.00515999978428,42.16320000006822],[-74.00358899976473,42.163364999696206],[-74.00325600013544,42.167185999867975],[-74.00282500000228,42.17245700005774],[-74.00269300039528,42.174061999754315],[-74.00251899946329,42.17616200010776],[-74.0024499994604,42.17699199995484],[-74.00211099953474,42.176745999791244],[-74.0020259999215,42.17670300031636],[-73.9999330004859,42.17566399964535],[-73.99958099945658,42.175339999761064],[-73.99948999950566,42.175282000196404],[-73.99912499982112,42.17505899964408],[-73.99642100047488,42.173390000434146],[-73.99624400026798,42.17327500001573],[-73.99478999940509,42.17244800008187],[-73.99207399957167,42.17090399973427],[-73.99048099966225,42.16998700032471],[-73.98987900003134,42.169639999978735],[-73.98931400035728,42.16932500017037],[-73.98927500027695,42.16928299990685],[-73.98908999941939,42.169178000432545],[-73.98377499950958,42.16615600020069],[-73.97590399983517,42.16165999957669],[-73.97581900005459,42.16161200017588],[-73.9729459997052,42.15997100005537],[-73.97084799942192,42.158772999905636],[-73.96949999953837,42.15800299977008],[-73.96897299993033,42.15770499974964],[-73.96834799993375,42.15734900007473],[-73.96810000035518,42.157207000369475],[-73.96622200010384,42.15613499961482],[-73.96113799968775,42.153237999857126],[-73.96095700054813,42.15313600013871],[-73.96019799954853,42.15271599999876],[-73.95904399961721,42.15207400016676],[-73.95725899986847,42.15108200004185],[-73.95701199998791,42.150941000404494],[-73.95067999971113,42.147307000392445],[-73.95035299990005,42.1471190001731],[-73.94832099957509,42.145953000204045],[-73.94715599961174,42.1452840003995],[-73.94694099976674,42.1451620003603],[-73.94674199979154,42.14504699969112],[-73.94433500013416,42.14366599999024],[-73.94330200003996,42.1430740003258],[-73.93663300005836,42.13926200016033],[-73.93629400013026,42.13906799986365],[-73.93514200036196,42.13842600007116],[-73.93424599993963,42.13791200033891],[-73.93308299968784,42.13723700016753],[-73.93174100041595,42.13646799990033],[-73.93105700003035,42.136071999588836],[-73.9303720002833,42.13567699998128],[-73.92764600026304,42.134103000435495],[-73.92649400027081,42.13345599978113],[-73.92623299959946,42.133323000251195],[-73.92519200042838,42.1327229997603],[-73.92106400010879,42.130423999622],[-73.92051599939894,42.130118999905704],[-73.91907100031568,42.129321000246506],[-73.91878600058872,42.12915899961891],[-73.91835599980394,42.12891600033536],[-73.91793699959867,42.128827999858714],[-73.91679499996948,42.12861099999867],[-73.91067499995678,42.12729299982587],[-73.91124099951212,42.12663499970857],[-73.91156599946936,42.12621600030815],[-73.91192299962019,42.12572400022469],[-73.91218299971757,42.12536099976932],[-73.91237000023222,42.1250889998923],[-73.91532100027122,42.121336999761645],[-73.91887299991,42.11413699982004],[-73.91999300053074,42.112200999887506],[-73.92146500016585,42.110024999659956],[-73.921961000232,42.10860199977251],[-73.9225529994291,42.10665000029473],[-73.92293699964351,42.10437800027847],[-73.9232729999213,42.1021699997203],[-73.92424899945364,42.09781800024618],[-73.92472900002926,42.09541799975979],[-73.92572199953115,42.0922180001511],[-73.92668200044393,42.090297999816386],[-73.92911399957711,42.081658000206765],[-73.929626000075,42.078778000026745],[-73.92159400007537,42.07733799970037],[-73.92133799971663,42.077273999837075],[-73.92111400052046,42.07724200003904],[-73.9170979996653,42.07647399981559],[-73.9155929995887,42.08090600028833],[-73.91484100003133,42.08063400030819],[-73.90943300051293,42.07871400001485],[-73.90863299986813,42.07840999975018],[-73.90778500044294,42.07960999955776],[-73.90356500050115,42.07822799995805],[-73.90319300017013,42.07810600027604],[-73.89599399978006,42.07543800004276],[-73.89589000030165,42.07539899972885],[-73.89500699979635,42.075071999720365],[-73.8843090001784,42.07112900028529],[-73.87226500020518,42.06675199992068],[-73.87109999962678,42.06632300020884],[-73.87087800014363,42.0662450003396],[-73.87026299943396,42.06603700000028],[-73.86944800034937,42.065786000294835],[-73.86881300014112,42.065591000307634],[-73.86836399953508,42.06543699992875],[-73.86833299980115,42.065429000071994],[-73.86796300035967,42.065293000084175],[-73.86770099985755,42.06520200043047],[-73.86664300035865,42.064811000437395],[-73.86545500015524,42.064350000296805],[-73.86514199992753,42.064238999858226],[-73.86297899970015,42.06338700020653],[-73.86248800053683,42.063193999870926],[-73.85869000017021,42.061720999552016],[-73.85856799949987,42.06167400036303],[-73.85198899979181,42.05931000026677],[-73.85053200006719,42.05878700034163],[-73.84511100056422,42.056729999716005],[-73.84499899943609,42.05668700001104],[-73.8421829994254,42.05561000043713],[-73.84198600014307,42.055536000314284],[-73.82153699968913,42.04786200006114],[-73.82133299985338,42.047784999748785],[-73.820882999664,42.04762399994287],[-73.8197530003379,42.047194000171274],[-73.81891599969363,42.046880000231305],[-73.81864100020874,42.04677800027727],[-73.8179769994525,42.04653899982747],[-73.81788000036428,42.04650000002662],[-73.8176090004081,42.04640300042059],[-73.81725999982439,42.04628200034673],[-73.81715100031523,42.046251999727566],[-73.81644300010214,42.04602400022696],[-73.81384200008074,42.04509799979926],[-73.81010200028739,42.04377099979892],[-73.80973400014054,42.04359500025133],[-73.80688600051663,42.04261900018544],[-73.8065029997733,42.042443000041125],[-73.80123800047505,42.04065099962903],[-73.8011190001073,42.04060599985758],[-73.79890200009828,42.03977099963595],[-73.79870599978943,42.039698999956336],[-73.79089300025,42.03680800003895],[-73.78902099990671,42.03611500040736],[-73.78620799992653,42.035073999809185],[-73.78610199981418,42.03503500044324],[-73.7595409995797,42.02498700002368],[-73.75666999942406,42.023926000104964],[-73.75598899954424,42.02367499992318],[-73.75566900024995,42.023482999781926],[-73.755380999642,42.02341899986934],[-73.75195700014943,42.02210700038056],[-73.75181500057853,42.0220500000728],[-73.74957300004199,42.02114199967358],[-73.74599599985972,42.01968599998335],[-73.7459169999372,42.0196539998217],[-73.74514299996511,42.01935200013532],[-73.7410039994486,42.01765700016896],[-73.73924000017212,42.01693199997885],[-73.73906300046559,42.01685900030956],[-73.73638199961115,42.01575999988305],[-73.73624399953918,42.01570200032017],[-73.73559899988742,42.01543599982016],[-73.73487800014087,42.01515199985408],[-73.7344019996459,42.01496300038374],[-73.73240100058655,42.01417600031947],[-73.7294250000002,42.012956999895586],[-73.7291909994612,42.01286100004807],[-73.72575199944828,42.01145999993519],[-73.72367499945084,42.01062500039334],[-73.72265199953613,42.01021500016818],[-73.72230099997068,42.01007499998778],[-73.71948699971128,42.00895400039581],[-73.71848199988165,42.008541999598414],[-73.71790699945758,42.00830500014067],[-73.71731499986144,42.00806399991172],[-73.7166879997836,42.0078159999793],[-73.71621500029876,42.007627999803226],[-73.7156340000143,42.00739899970488],[-73.71439299945592,42.00685199964952],[-73.71355800021166,42.00648300025269],[-73.71178099975238,42.00582800039936],[-73.71093000018652,42.00548800020325],[-73.70944599974831,42.00531799977352],[-73.70845999982406,42.00516599964656],[-73.70713199994668,42.00495100028107],[-73.70657300034063,42.00484899990209],[-73.70461800044666,42.004584999720436],[-73.70310600054823,42.004381000208205],[-73.70187600049546,42.004199000338915],[-73.69775200033254,42.003589999659376],[-73.69212899998843,42.00281000022077],[-73.6862860000161,42.00191299992567],[-73.68001200051475,42.00099000010958],[-73.67607800007582,42.00043499994443],[-73.67264800037466,42.000121999601696],[-73.67232299944772,42.000090999769455],[-73.66792799942688,41.99935399985976],[-73.6595690004133,41.99795199958114],[-73.65830800037838,41.997740000198675],[-73.6573329994735,41.99757700000047],[-73.64219100033225,41.995015999771354],[-73.62941600031992,41.99299100043433],[-73.6287889999413,41.99289200012584],[-73.62847400002153,41.99284800034145],[-73.62449800038664,41.99228400012109],[-73.6201769999307,41.991543000360906],[-73.62001799956592,41.991515999643454],[-73.59995600022694,41.988506999954936],[-73.5954289997448,41.98782299996489],[-73.59215799953796,41.98732899984901],[-73.59135800023492,41.98720900013431],[-73.58651900012845,41.986479999731834],[-73.58617699975639,41.9864279995657],[-73.57542500040394,41.98473200018098],[-73.5752790004332,41.984710000166416],[-73.55604799961839,41.981756000034984],[-73.55125000030422,41.98113199962887],[-73.55061399952231,41.981049000101606],[-73.55049399948348,41.98103899979937],[-73.5503430005789,41.98101899984369],[-73.54727099978724,41.98058800041893],[-73.5468760002001,41.98052599978493],[-73.54466300042945,41.98025499965931],[-73.54386800048104,41.980162000298314],[-73.54261500050652,41.979982000093386],[-73.54182300015461,41.979886000318125],[-73.53963899957597,41.97969599963388],[-73.53435400009579,41.97896599972339],[-73.53343599946197,41.97883699989028],[-73.53089299949484,41.978487000412585],[-73.52707199977614,41.9779799997047],[-73.52613100025025,41.99385799985688],[-73.52576100034861,42.00009200031408],[-73.52554199998094,42.00377799961156],[-73.52539199973116,42.006318999818795],[-73.52536100022162,42.0068520002317],[-73.52532299977445,42.00726899994291],[-73.52470600001853,42.01399999959615],[-73.52454699944441,42.0157409997361],[-73.52431700050329,42.01825399990059],[-73.52358400008609,42.02626700021686],[-73.52357900017623,42.02631899957292],[-73.52141600035722,42.04996599969746],[-73.51967600037652,42.04994299958088],[-73.51824999990436,42.04992199993192],[-73.51809499977767,42.0499200001269],[-73.51325099982378,42.0498449999068],[-73.5129790004303,42.049840000201435],[-73.51210099984132,42.04983100021748],[-73.51098700028625,42.04982300041401],[-73.51024499950758,42.04980400042468],[-73.50990899943523,42.04977800018318],[-73.50253099948935,42.0497209998853],[-73.49956499982693,42.049713000107936],[-73.49701800057785,42.049624000051395],[-73.49956500032053,42.057936999888135],[-73.5030230001796,42.0692690004218],[-73.50316500036567,42.06973299997536],[-73.5056340005541,42.07773299974907],[-73.50804799941415,42.0855909997138],[-73.50821000045948,42.08613399973853],[-73.50776799968389,42.08735699963413],[-73.50725200031121,42.08873299959522],[-73.49956299980975,42.109989999762064],[-73.49909899943185,42.11114800032351],[-73.49758399993824,42.115305000400106],[-73.49727699957246,42.11615800017374],[-73.49402500050853,42.12508999967451],[-73.49368899943494,42.12599499987483],[-73.4931189997951,42.127666000223954],[-73.49293099984712,42.128168000099045],[-73.49026899967907,42.135450999767066],[-73.48967099978607,42.13709500004989],[-73.4888219996352,42.139433999647274],[-73.48688200036912,42.144860999590435],[-73.48617999958101,42.14682899958071],[-73.48405300009077,42.152690999737956],[-73.48341599966398,42.1544479998805],[-73.48323200022331,42.15493200026851],[-73.48233400021375,42.15731399958974],[-73.48011399964926,42.163403999826954],[-73.47949399956782,42.16510700019826],[-73.47946199967033,42.16519600015563],[-73.47898399983018,42.16650799980075],[-73.47817300040823,42.16869200016119],[-73.47794600048042,42.16930000040502],[-73.47685599944461,42.17224100034998],[-73.4761659998747,42.17409499976751],[-73.47498100033077,42.177290999956035],[-73.4706780000518,42.18906900036452],[-73.47024800057632,42.190228999882],[-73.46595199992593,42.201851000057054],[-73.4634739998352,42.20857600003953],[-73.46301900023548,42.209815000356826],[-73.4602159996284,42.217527000058816],[-73.46017200050385,42.21764999958325],[-73.45952399955215,42.21941300013512],[-73.45653700050293,42.22755299984072],[-73.45584099948007,42.229452000411904],[-73.45535700013515,42.23077800031781],[-73.45445599996293,42.233244000292316],[-73.45380099977577,42.23503299959757],[-73.45377300000179,42.235114999722725],[-73.453686999454,42.235347000294304],[-73.45097400042893,42.242778999867504],[-73.45023100005429,42.24479300015745],[-73.45021799958305,42.24482700027328],[-73.44950600019392,42.2467540004141],[-73.44827500032837,42.25008799978131],[-73.44761500058242,42.25187100027972],[-73.44311600035682,42.26401799975065],[-73.44078600012513,42.27037300012527],[-73.43738500026261,42.279649000349906],[-73.43731800022913,42.279828999611134],[-73.43653299997105,42.28195800031252],[-73.43416500060694,42.2883839998478],[-73.43170599993228,42.29505800016249],[-73.43130499983938,42.29614700042931],[-73.4295830004359,42.3008220003918],[-73.41917000029427,42.329085999792376],[-73.41916799990588,42.3291019998726],[-73.41888899947196,42.3298549998174],[-73.41853799946581,42.330813000403325],[-73.41837800014393,42.331251999942985],[-73.41644200054292,42.33653699996565],[-73.41640300032174,42.336637000304336],[-73.4143439997133,42.342261999691175],[-73.41426599951913,42.3424689998145],[-73.41387400027261,42.34353000042482],[-73.4122349999442,42.34799899970652],[-73.41215999947025,42.34819399986772],[-73.4117840001834,42.349225999878044],[-73.41153900002837,42.3498829998168],[-73.41143400048293,42.35017599990222],[-73.41125600035605,42.35064800036369],[-73.41089499948491,42.35162899972641],[-73.41085499963167,42.3517459995576],[-73.40931799977605,42.35588799969559],[-73.40639000056215,42.36385699993994],[-73.40574000030723,42.365622000137215],[-73.40562600013358,42.365933000123675],[-73.40539700021779,42.36654800002351],[-73.40309200000469,42.37274600011117],[-73.40222099993892,42.37508500012751],[-73.40187800007585,42.37597499989858],[-73.40076100001302,42.379029000341085],[-73.39807900035768,42.38632299959907],[-73.39676899953582,42.38988599968619],[-73.39166700040658,42.40376499973189],[-73.39001699970439,42.408212000233156],[-73.38970300012018,42.40908000041713],[-73.38878199946113,42.41158100025158],[-73.38577199976632,42.41976299983264],[-73.38391400060252,42.42481000010934],[-73.38366100019263,42.425497000425544],[-73.38360099997571,42.42566300041661],[-73.3833020004632,42.42647200012461],[-73.38270800028515,42.42808099985423],[-73.38220500008649,42.429440999766975],[-73.37945600033788,42.436882999787194],[-73.3788309998607,42.438568999860884],[-73.37859500019204,42.439223000411964],[-73.37533499941675,42.44806000002373],[-73.37458500012126,42.45002899959137],[-73.37451399967165,42.45026700011465],[-73.36981599962085,42.462989999878225],[-73.36942200039213,42.46404600043576],[-73.36902099995814,42.46512999996374],[-73.36500299942298,42.47601300019517],[-73.36462699952742,42.477042999735104],[-73.36352299965476,42.48003600015013],[-73.36281199967755,42.48194800004573],[-73.3623500004518,42.48318600040301],[-73.3621110004922,42.48379300030329],[-73.35930999969769,42.49141699954725],[-73.35863899964133,42.49324699980271],[-73.35714299939782,42.4972800004296],[-73.356759000562,42.49831399955901],[-73.35633699995249,42.499429999633065],[-73.35423900031658,42.50512300021091],[-73.35242900040257,42.510016999699126],[-73.35201000037404,42.51114400038413],[-73.35184999945902,42.511603000043245],[-73.34720199959796,42.5241369998711],[-73.34401599956394,42.5327419997966],[-73.34295100013027,42.53576599973419],[-73.34265999972861,42.53655100022902],[-73.34163099976594,42.539322999801755],[-73.34128600026105,42.54025500001675],[-73.32907199957987,42.57318500044059],[-73.32903399993806,42.57328499991879],[-73.3282449999824,42.575391000083556],[-73.32767699971518,42.576906000118136],[-73.32534600024891,42.58312499992273],[-73.32503400028814,42.583963000325056],[-73.32270400008744,42.5902090002088],[-73.32269699941466,42.59023099966737],[-73.32105500015511,42.59468199974713],[-73.31777499993709,42.603525000264355],[-73.31696399948716,42.60570100035763],[-73.31622100048182,42.60762900013789],[-73.31617599948046,42.60774499968125],[-73.31501400023708,42.61090599972921],[-73.31475100042945,42.611622999752086],[-73.31453299972323,42.61221500029888],[-73.31251099945938,42.617714999893444],[-73.31011600020099,42.62428800028458],[-73.30982799983362,42.62508099987332],[-73.30833299941939,42.62906400029666],[-73.30698400014916,42.63264599982051],[-73.30504900037131,42.63778800035679],[-73.294055000251,42.66733599991055],[-73.28344300040101,42.695860000151555],[-73.28140800018132,42.70139400030172],[-73.28096699958934,42.702505999589455],[-73.28078699941037,42.7029830003585],[-73.27869900042298,42.708596999720804],[-73.27731700036254,42.71230199970352],[-73.27400300010429,42.72119300003986],[-73.27327199992736,42.723153999942184],[-73.27297599976156,42.723946999883275],[-73.26583099996357,42.743121000337844],[-73.26535600003015,42.74439399971576],[-73.26482700040415,42.745851000373456],[-73.26506599985223,42.74585500035741],[-73.27642100028655,42.746018999665786],[-73.28155700021495,42.76613999964227],[-73.28585899950247,42.78254899972275],[-73.28736199995643,42.78826299978744],[-73.28947900058262,42.796336999747176],[-73.29094399970869,42.80192000017714],[-73.28930499975645,42.804097000020256],[-73.28634299948199,42.80806300031169],[-73.28654699986046,42.80948399973875],[-73.2863079997716,42.809954000107766],[-73.28585599947691,42.81072999999218],[-73.28540699965613,42.811365999602955],[-73.28526199948715,42.81156900025101],[-73.28511400014102,42.81178099957295],[-73.28476000035495,42.812321000009476],[-73.28455899952775,42.812663000393414],[-73.28369499973189,42.813856000054145],[-73.28410000005509,42.81443499999382],[-73.284327999698,42.81490099955659],[-73.28499199963365,42.81623900026403],[-73.28532200021392,42.81686099962188],[-73.28564599999976,42.817482999968085],[-73.28605099958843,42.81826199973831],[-73.28706300013913,42.82014000026394],[-73.28662700022917,42.82315200008913],[-73.28627000055944,42.82630099991652],[-73.28538800059202,42.834093000357164],[-73.28431099951224,42.834954000102236],[-73.27867300039209,42.833410000009415],[-73.27831999977928,42.83739100036816],[-73.27830600038295,42.8375579997755],[-73.29713900057422,42.8353069995749],[-73.32367400015909,42.83203300008936],[-73.32444700044114,42.83193599988251],[-73.32510199954959,42.83186400039795],[-73.3273489995368,42.831599999748335],[-73.33569700035746,42.83062400029047],[-73.33616899946956,42.83057199999998],[-73.35582799966832,42.82825000028325],[-73.37252500008877,42.82629400043613],[-73.37424399953727,42.82609299998999],[-73.37455000025602,42.82606400038123],[-73.37475800019993,42.82603999956763],[-73.3891819994065,42.82444700041838],[-73.40147499967053,42.82303399998362],[-73.40814799960012,42.82228300023051],[-73.41572499948738,42.82143000042972],[-73.41701100034217,42.82128500034961],[-73.43114999943772,42.81970200027214],[-73.43240600033492,42.81958800035635],[-73.4362229995087,42.819164000286115],[-73.44738400032003,42.81785999992011],[-73.46502800038058,42.81579400017487],[-73.46768899945889,42.81556599994833],[-73.47352499952525,42.81443500042631],[-73.48122399973074,42.81386900044569],[-73.49163299951208,42.81262199977585],[-73.49411099952783,42.812387000163106],[-73.49617599999351,42.81220700024617],[-73.49943199945649,42.81168200022436],[-73.50594400000593,42.811165000434485],[-73.50602299994343,42.8111590001503],[-73.50628900026166,42.811128000198465],[-73.50672399967678,42.81107399955548],[-73.50704200035838,42.81104000019688],[-73.50776500039167,42.81095399957929],[-73.50827600053341,42.81089499969494],[-73.5085520001721,42.81086200044978],[-73.51175499984141,42.81049299967283],[-73.51206899978146,42.81045299992529],[-73.51218399992477,42.81043999978907],[-73.52308999940146,42.8091849996273],[-73.53978200045228,42.80724700029117],[-73.54816799967531,42.80629299975958],[-73.56641999942603,42.80417699983645],[-73.57536299964852,42.803144000339444],[-73.57743899969795,42.802905000193206],[-73.58809800015672,42.801674000378156],[-73.58862299970627,42.80161399985768],[-73.59092600056036,42.80135199974694],[-73.59593399996199,42.80077300005619],[-73.5986349995455,42.8003979998989],[-73.60376799990182,42.799784000429256],[-73.61113099973974,42.79892400039052],[-73.61142199947683,42.79883899991123],[-73.61156499966916,42.798810000294225],[-73.61242800001713,42.79869999994739],[-73.61256800054193,42.798665000377255],[-73.61272900052323,42.79861300021491],[-73.62074599952325,42.79714300004837],[-73.62455599977916,42.796388000118476],[-73.63532600012914,42.79540700016114],[-73.64024900052654,42.7947340002769],[-73.64081500059488,42.79465700016566],[-73.64445500029672,42.79415900008937],[-73.64860599990587,42.79341599965423],[-73.64878000049767,42.793223000199795],[-73.64901799999724,42.79296399994341],[-73.6492739997574,42.792713999725805],[-73.64954699950044,42.792486999753145],[-73.64980799954192,42.79229100036856],[-73.65075600019388,42.79194299976417],[-73.65123999961256,42.79176700031526],[-73.65330600050454,42.791020000081566],[-73.6544689999519,42.79059200029215],[-73.65211899974898,42.78651599999732],[-73.65004300046178,42.78446300029209],[-73.65000000028189,42.78446399987813],[-73.64987400005126,42.7844810001342],[-73.64926699940408,42.78457500034306],[-73.64859800001994,42.784757000441985],[-73.6478950001346,42.78497400008],[-73.64749199982975,42.785119000044524],[-73.64674799961794,42.78535799974809],[-73.64632899941303,42.78547700020377],[-73.64615000021789,42.7855170003736],[-73.64594399973349,42.78551599981827],[-73.64581699996131,42.78550400044348],[-73.6451190005963,42.785413999779784],[-73.64451600019586,42.7853450003967],[-73.6441849994872,42.78533500012326],[-73.64403999976398,42.785348000275846],[-73.64383500048774,42.78539900037921],[-73.64360199983916,42.78547900023366],[-73.6425140000071,42.785875000189854],[-73.64253399970055,42.78572599994727],[-73.64259699940344,42.784638999707425],[-73.64265999982034,42.78422999955443],[-73.64272200057493,42.78410099976962],[-73.6428750000381,42.783863000421356],[-73.64316999952258,42.78348200020884],[-73.64332900010004,42.783304999843665],[-73.64365499983423,42.78297100015038],[-73.64376900040722,42.78282699976566],[-73.64381200002666,42.78276599973742],[-73.64387100057365,42.782638000257236],[-73.64398899947706,42.78210000044063],[-73.64405400057568,42.78193900018806],[-73.64415199940653,42.78179000019409],[-73.64430999948219,42.7816100004183],[-73.64481799969369,42.78115999976267],[-73.64537799952737,42.780713000204834],[-73.64549099997112,42.780596999695724],[-73.64557199962941,42.78046200040364],[-73.64563000033202,42.780316000165556],[-73.6456749996932,42.78007599981991],[-73.64572299995352,42.77964199995499],[-73.64572500053684,42.779379999967716],[-73.64571000036234,42.779278000302945],[-73.6456339994371,42.779077999994286],[-73.64559000029078,42.7789769999704],[-73.64540099969513,42.77862899982652],[-73.64529499993559,42.77836099969875],[-73.64527299950839,42.77824600001976],[-73.6452779994325,42.77814299959452],[-73.64501100024147,42.77799499993914],[-73.64435400027644,42.777564000186466],[-73.64399599947987,42.77730400042175],[-73.64370399997097,42.77703299980225],[-73.64357199943379,42.77688500008012],[-73.64350000003924,42.77678799993953],[-73.64331199997015,42.77648099997779],[-73.64313500030201,42.776148000439264],[-73.64294300055991,42.77587100024684],[-73.64278099949655,42.775679999689125],[-73.64181200036369,42.77476200030759],[-73.64130100007957,42.77423800016769],[-73.64046899996814,42.77330900032006],[-73.6402750005339,42.773076000276205],[-73.63998400012032,42.772662000380265],[-73.6397469997906,42.772254999852706],[-73.63960100000382,42.77194700040776],[-73.63902999993917,42.77212800044371],[-73.63842999948943,42.77235300001403],[-73.63828200013897,42.77215199980084],[-73.63790100003442,42.77167800017368],[-73.63750099988931,42.77123499976823],[-73.63741199989083,42.77116199955225],[-73.63697000026359,42.77085200028785],[-73.6374510001034,42.77042399983954],[-73.63800200014495,42.769900000131955],[-73.63825100001294,42.77005999978338],[-73.6389410004213,42.77032599976975],[-73.63904800015827,42.77037100020069],[-73.6391430000805,42.7703979996009],[-73.63927500040137,42.77033499979969],[-73.6393680001117,42.77025599964555],[-73.63942100053433,42.770160000390625],[-73.63951299994916,42.769817999755915],[-73.63953099989936,42.76966999978306],[-73.63958700015161,42.769334999758335],[-73.63962199977627,42.7691710003816],[-73.63968499972734,42.769012999748654],[-73.63981999938841,42.768739000415295],[-73.63992699947296,42.76861900037291],[-73.64057099968126,42.76808099988563],[-73.64074900031073,42.76792499968595],[-73.64086300037245,42.76780299982663],[-73.64094599946887,42.76768500034806],[-73.64128300014029,42.767152000142495],[-73.64155300016776,42.76677200030656],[-73.64163999959771,42.766606000207545],[-73.64169499960995,42.766464999962835],[-73.6417319999196,42.76631699980964],[-73.64177999982748,42.76581700019969],[-73.64178800047618,42.76557300035709],[-73.64178000002251,42.765321000441375],[-73.64174599997799,42.765036999896985],[-73.6414820000149,42.76307500035903],[-73.6407939998569,42.763128999840674],[-73.64046399989284,42.76314299991469],[-73.64022800039034,42.76312500030979],[-73.63997599985774,42.763070999841624],[-73.63972499971425,42.76298800025113],[-73.63980099950656,42.76281499975702],[-73.64001300012583,42.76249899997578],[-73.64004900010926,42.762403999675065],[-73.64006399983552,42.762238999681315],[-73.64024599990142,42.76201999992865],[-73.64035900026498,42.76193900033388],[-73.64058399951031,42.76184399978775],[-73.6408659993999,42.761642000343635],[-73.64109699949056,42.76141400010968],[-73.64119100004253,42.76133500029743],[-73.64123500041148,42.761285999779545],[-73.64134099971369,42.761124999794404],[-73.64136399982144,42.761022999899204],[-73.64139099979485,42.76094600014731],[-73.64144899975881,42.76085199973745],[-73.64148700031687,42.760646000363444],[-73.64154199950018,42.760567999976764],[-73.64156199979818,42.76048099963526],[-73.64159100018284,42.76039799993746],[-73.64166800025679,42.76035099996591],[-73.6418019994782,42.76024299987743],[-73.64187899997877,42.76021700004975],[-73.64202600034223,42.760217999661805],[-73.64223099951333,42.76019099965449],[-73.64240199959316,42.760132999887574],[-73.64277399975275,42.76003000037349],[-73.64287599972944,42.7600239997137],[-73.6429409994481,42.76003200040653],[-73.6429829995199,42.760047999830896],[-73.64302000038191,42.76005199991091],[-73.64307899953273,42.76003799978587],[-73.64312799946535,42.76001000042165],[-73.64318399970848,42.75995499974249],[-73.6432559994636,42.759900000400584],[-73.64330800036565,42.75988400001446],[-73.64335899984317,42.75987900028209],[-73.64351700021957,42.75988399966841],[-73.64363800029089,42.759880999735486],[-73.64390800039138,42.75982600023545],[-73.64409400008587,42.75981199971045],[-73.64431699950316,42.75977800039051],[-73.6445470002429,42.7597759999862],[-73.6448630000564,42.75979499961729],[-73.64501499963318,42.759781000445265],[-73.64538499941654,42.75977899976568],[-73.64548099963964,42.75976799992264],[-73.64562499943258,42.75971499984481],[-73.64570200011107,42.759723000435336],[-73.64591600024632,42.75981800009912],[-73.64596200008828,42.75982499993892],[-73.64601299952423,42.759821000408785],[-73.64610400025383,42.759826999606545],[-73.64616099983928,42.75984899982593],[-73.64641099995761,42.75974299974833],[-73.64654700017536,42.75969999975109],[-73.64704200007058,42.75956600044673],[-73.64717999957291,42.759516000107475],[-73.64731099975235,42.75945999955321],[-73.64741300013247,42.75940099973916],[-73.64748499965866,42.759353000218184],[-73.64652300036539,42.759196000015386],[-73.64820199967579,42.75474799962223],[-73.64728999976012,42.75456000022423],[-73.64741700014639,42.75412799990691],[-73.64722600057753,42.753108000367696],[-73.64810099995627,42.75297200015442],[-73.64811200016369,42.75248300013516],[-73.64691200029014,42.75258599962398],[-73.64685100009679,42.752873000179946],[-73.64618899984045,42.75283500043172],[-73.64607199961542,42.75262000015352],[-73.64549799992261,42.75260999959935],[-73.64538100049414,42.75159000040531],[-73.64565600001211,42.749416999783534],[-73.64499999956845,42.75002200000211],[-73.64366399973973,42.7491189996212],[-73.64339399976264,42.749201000182936],[-73.6425239999619,42.748717000154095],[-73.64376699952955,42.747936000301564],[-73.6438399999176,42.74766899995254],[-73.64243700040409,42.746557000085964],[-73.64201999947873,42.74679199965067],[-73.641348999916,42.74605099989984],[-73.64044000011256,42.74656600002962],[-73.64028800038541,42.746655000054126],[-73.64020000056868,42.74659199961392],[-73.64045500044628,42.74643999964711],[-73.6407299995899,42.74627400004794],[-73.64137999983627,42.74588899966336],[-73.6423069999385,42.74533799963242],[-73.64339199972999,42.74469500001244],[-73.64327400061097,42.74463099992606],[-73.64318399981576,42.74459799988886],[-73.64246000024458,42.7444049996473],[-73.64193900048127,42.7442770001189],[-73.64179200026484,42.74425500013381],[-73.64152200019204,42.744245999722224],[-73.6413230002398,42.74425099965415],[-73.64094900043952,42.74427399969654],[-73.64023500050551,42.74428799971914],[-73.63996900023807,42.74432299976304],[-73.63961100015514,42.74441599986938],[-73.63942599992097,42.7444709998938],[-73.63890299983527,42.744582999686834],[-73.63884299977092,42.744305999704046],[-73.63881300026287,42.744087999651235],[-73.63882999962382,42.74391900042353],[-73.63885900015093,42.74383499979551],[-73.63905199946767,42.743442999792954],[-73.63924000058115,42.74309300015514],[-73.63945999952271,42.74275099974472],[-73.63948799981048,42.74266199992304],[-73.6394709998142,42.742538000384826],[-73.63931799969866,42.74224099975301],[-73.63894499969604,42.74147200040404],[-73.63883500023753,42.7412789999192],[-73.63864599977082,42.74112899968566],[-73.63850500015718,42.74101100014203],[-73.63840700044474,42.740902000113906],[-73.6383650002462,42.740833000125846],[-73.63835199989826,42.74078599999546],[-73.63834699952477,42.74069400007633],[-73.63830300055413,42.740364999723695],[-73.6381879995983,42.740041000312],[-73.6381280005729,42.73990900035306],[-73.63795099966312,42.73970099986393],[-73.63792500061334,42.73964999980238],[-73.63790199965939,42.73956200021401],[-73.6378840002022,42.7392480001452],[-73.63784600055475,42.7389819999263],[-73.63776099974305,42.73856499985673],[-73.63770899957387,42.738440999656405],[-73.63756599941112,42.738271999728354],[-73.63751200005562,42.73822800033275],[-73.63742099947477,42.738175999789256],[-73.63725599989154,42.73810499991179],[-73.63711899994773,42.73807599965893],[-73.63695900001886,42.73807799997504],[-73.63679399980128,42.73811000022773],[-73.63669599998967,42.73815200044178],[-73.63502699942694,42.73767799989955],[-73.63216400041507,42.73686100039836],[-73.63036499969252,42.73632599986505],[-73.62765499961758,42.73554099963718],[-73.62779299948683,42.735243000234036],[-73.62789000045005,42.735155999774385],[-73.62795700017558,42.735123000265666],[-73.62808800037381,42.735099999726216],[-73.62841700022173,42.735106999933684],[-73.62857799973122,42.73509699979001],[-73.62885700041333,42.73505299995591],[-73.62894200002776,42.735016000012635],[-73.62896099966913,42.734986999890396],[-73.62895700004206,42.73493300034608],[-73.62888199991315,42.73484899963582],[-73.62887500011107,42.734795000186],[-73.62890699984487,42.73474100032091],[-73.62913300051184,42.73455700006675],[-73.62917199992377,42.73455699956037],[-73.62920700055777,42.73456900026589],[-73.62927000043082,42.73463800017692],[-73.62935299939828,42.734636000294785],[-73.62939299974305,42.73462500001129],[-73.62971100000179,42.73425500016595],[-73.6301669998786,42.734339000127335],[-73.63039600026953,42.73434500009062],[-73.63045600010098,42.73433499958055],[-73.63063399947164,42.73424399994225],[-73.63075499953057,42.734122999925475],[-73.63080900004557,42.734008999998274],[-73.63102500051662,42.73338299966996],[-73.63108500029267,42.73325800019522],[-73.63113799987102,42.73318200041728],[-73.63138499939848,42.732910000076835],[-73.63147400012767,42.732840000184794],[-73.63191199961192,42.73290700029294],[-73.63240499949035,42.73295499971461],[-73.63270199962513,42.73297200024113],[-73.63301600005998,42.73297200010353],[-73.63326999947178,42.73296200033045],[-73.63373299992796,42.73292300044509],[-73.63403899962094,42.732879000278565],[-73.63514800031233,42.73266099971114],[-73.63824100026063,42.73203699961502],[-73.63901600043133,42.73188799969939],[-73.64296800054636,42.73119399962152],[-73.64334200034635,42.73110700012894],[-73.64351500041188,42.731049999923684],[-73.64380899959144,42.73092499976476],[-73.64407699939126,42.73077300015555],[-73.64428499978384,42.73062300020273],[-73.64447999988738,42.73044400016474],[-73.64486000036571,42.7299970000978],[-73.64508800010672,42.729770999943774],[-73.645363000358,42.729557000174566],[-73.6456720003724,42.72936000043812],[-73.64595700020575,42.72921200036165],[-73.6462979996938,42.7290670002473],[-73.6464380004257,42.72902099991552],[-73.64837099952958,42.7284189995944],[-73.64915099962361,42.728179999708686],[-73.65000299985601,42.72792299967822],[-73.65095699991748,42.72762800018539],[-73.65127500011853,42.72753400040935],[-73.65192900013817,42.727337000349344],[-73.65303699976495,42.72700100024777],[-73.65407200043154,42.7266889996203],[-73.65440999949487,42.72658499970783],[-73.65470800043161,42.72648799972977],[-73.65515400017216,42.726325999595645],[-73.65582700047558,42.726002000132645],[-73.65614799951275,42.7258220004194],[-73.65637800022388,42.72568299960965],[-73.65621600002795,42.72344900029925],[-73.65552599988733,42.718948000428355],[-73.65496899962803,42.715439999946106],[-73.653850999627,42.70901199990579],[-73.6531470002446,42.70485399967245],[-73.65326200014705,42.704175000333926],[-73.65307300015685,42.70341100026969],[-73.65285099992495,42.70237599976678],[-73.6528640001315,42.70144699974351],[-73.65276800037722,42.700550000280295],[-73.6526710000788,42.700012000132276],[-73.65255900012488,42.69940099972747],[-73.65236100027548,42.69847799963402],[-73.65094099968326,42.69859500008093],[-73.65053199992244,42.69865100006505],[-73.64733799971299,42.69903100004309],[-73.64616100005686,42.69917799999297],[-73.64611300057676,42.699173999715484],[-73.64465899939978,42.6991800001445],[-73.64354999962376,42.69937900043443],[-73.6416609994893,42.69957799960233],[-73.64076099983242,42.69977799987895],[-73.6397169997354,42.69990299985832],[-73.6388419994359,42.70000700028709],[-73.63708800038864,42.70021700020069],[-73.63404799971872,42.70057699998113],[-73.63365300030726,42.70057800010902],[-73.63248299999997,42.700583999987266],[-73.62978600049252,42.70091699972186],[-73.62503199961664,42.70150299983489],[-73.61750299975469,42.7024260000358],[-73.61062800005277,42.70319700013304],[-73.60846000032797,42.70337800022581],[-73.60919100001061,42.701277999952836],[-73.60949800021571,42.700174999736234],[-73.60951899951506,42.7000869996051],[-73.61021200015962,42.69823599994085],[-73.61116600057403,42.6942439995574],[-73.61232899951425,42.69018800008606],[-73.61302900042915,42.68778400021953],[-73.61431099944954,42.683316999586566],[-73.61510699973572,42.68054299960814],[-73.6151579993998,42.68036299993638],[-73.61588100010862,42.67784299958452],[-73.6172259996164,42.67315399996691],[-73.6176069994911,42.671603999657954],[-73.61769800040528,42.671283000355146],[-73.61794599977453,42.670674999870194],[-73.61801700006717,42.67000299972419],[-73.61824299948083,42.669414999629794],[-73.61849299970642,42.66883699994602],[-73.61884899943685,42.66762800000242],[-73.61944699971875,42.6648699999045],[-73.61964100060413,42.6639030002101],[-73.6207900003289,42.65986699990873],[-73.62611199957574,42.64356700023602],[-73.62627700025837,42.64304999957464],[-73.62785800052264,42.63789399956972],[-73.62866200015094,42.63567999963117],[-73.63684099962359,42.63688799963654],[-73.65180299975836,42.63909799962166],[-73.65343100028568,42.63933099977421],[-73.65911700032552,42.640149000409956],[-73.6620019996166,42.6406379995707],[-73.66367600026034,42.64080899991784],[-73.66538700012194,42.64095800044878],[-73.66715300012872,42.641124999559004],[-73.66978900013709,42.6415079996575],[-73.68027099956795,42.64302499999427],[-73.68060200011945,42.64307500039371],[-73.6824539998095,42.64334300025006],[-73.68587899952338,42.643927000150995],[-73.68612199959993,42.64396799972811],[-73.68736399989733,42.64418000026003],[-73.68790600029583,42.644253999674234],[-73.68770300009693,42.64455100007249],[-73.68864500036696,42.64508200031455],[-73.68908899949655,42.64441899958443],[-73.69130700027257,42.64481999996855],[-73.69166399993871,42.6449229995984],[-73.69259999993695,42.64511099995116],[-73.69284999960915,42.64516600019387],[-73.69565399989727,42.645711000355625],[-73.696134999586,42.64580500034097],[-73.69605500047436,42.646117999966776],[-73.69624199967261,42.646142000159166],[-73.6963260003459,42.64584500000885],[-73.69668399976345,42.645931000284335],[-73.69654200033698,42.64637699962836],[-73.69678000007936,42.64641500013285],[-73.69668799977845,42.64690099976],[-73.69749800006072,42.64700399987194],[-73.69743199970598,42.64719200001685],[-73.6987789996245,42.647497000293946],[-73.69930900024536,42.645862999917476],[-73.7003499994841,42.64600599969989],[-73.70253400000716,42.64630500004911],[-73.70239700058346,42.647285999930624],[-73.71107199999672,42.64836600041362],[-73.71122899984033,42.64815300042298],[-73.71082799987026,42.647435000023115],[-73.71139499982911,42.647521999764216],[-73.71182599965643,42.64757900013248],[-73.71326399994697,42.647782000412526],[-73.72392000028613,42.649214000262624],[-73.72471699963909,42.647852999639476],[-73.7249930002011,42.64738300010893],[-73.72519800009889,42.647506000038696],[-73.72581399939423,42.646461000101674],[-73.72721900002465,42.64685499977135],[-73.72752699965346,42.646529000204666],[-73.72761299976808,42.64637500037103],[-73.72763000021054,42.6461870002631],[-73.72744099995644,42.64562199975982],[-73.72749300057153,42.645382000105684],[-73.72781800015107,42.64474799989846],[-73.72811800004008,42.643778999620594],[-73.72828799957428,42.64373400019292],[-73.72828000024126,42.64457700041046],[-73.72923999951372,42.64476500033694],[-73.72910300000773,42.64526200039111],[-73.73027200039697,42.64548199963899],[-73.73044600054112,42.644882999940826],[-73.73097300015533,42.64389099988406],[-73.73333700029077,42.63943900021342],[-73.73361499998427,42.6388719995623],[-73.7344220003195,42.63723300018163],[-73.73442900034712,42.637162999591965],[-73.7344570000256,42.637078000048774],[-73.73467499979421,42.6367570000234],[-73.734795000495,42.636395999986235],[-73.73489500052099,42.636100999800675],[-73.73470899998533,42.63519600003858],[-73.73393599998045,42.632021000207594],[-73.73386900043427,42.63188299984243],[-73.73444300036644,42.63187999982141],[-73.73486500035956,42.631878999683515],[-73.73657199997116,42.63178499958733],[-73.74163799997605,42.63161000024816],[-73.74260800012574,42.63158199959203],[-73.74262599964221,42.63126699964098],[-73.74299399944049,42.62918500022605],[-73.74304199939736,42.628959000073785],[-73.7431010003421,42.628513000220465],[-73.7434579994995,42.62621399999854],[-73.74390400014735,42.62327099968897],[-73.74431599971454,42.620809999740864],[-73.7448669998863,42.61728099979466],[-73.74669999973895,42.616473000439726],[-73.7471660000642,42.61639899978763],[-73.74727000045172,42.61637599968795],[-73.75217199944144,42.61428499968905],[-73.75256299989894,42.61417800040056],[-73.7566889997438,42.61417900033603],[-73.7595649998074,42.6141790000084],[-73.76126500054758,42.61037899967034],[-73.76136500053774,42.607678999691714],[-73.76138499965072,42.60727400036516],[-73.76156499986968,42.603579000058],[-73.76126500019342,42.60077899998248],[-73.75957099981564,42.59462500037376],[-73.7582649995113,42.58987999996079],[-73.75726499977267,42.58717999968525],[-73.75436499972592,42.58257999989797],[-73.75236499958578,42.57668000041262],[-73.75218499970526,42.567656999889245],[-73.75216800017445,42.566720000273804],[-73.75216500022178,42.566580000026505],[-73.75406500008438,42.55678000030735],[-73.75566500040613,42.5515799996809],[-73.75646500044309,42.54868000025861],[-73.75676500008204,42.54378000026648],[-73.75666599962712,42.543680999733255],[-73.756788999795,42.54297200035589],[-73.75696000001359,42.54198999988798],[-73.75831299949805,42.534215000425036],[-73.75984699993352,42.52943299967722],[-73.7613319994338,42.525831999752405],[-73.76309099977665,42.52202599998084],[-73.76377000027874,42.52113500036053],[-73.76408499983712,42.520721000385066],[-73.76510099974756,42.519649000093175],[-73.76607899964799,42.518781999660476],[-73.76668300038834,42.51804799967913],[-73.76853400038875,42.51556999967637],[-73.77316099957731,42.50937700007976],[-73.77390299989727,42.50840099988451],[-73.77588000026637,42.50581699969396],[-73.77708499958122,42.50399900017155],[-73.77939699986193,42.500080999772045],[-73.78046000011337,42.498022999699444],[-73.78088300049178,42.49730599985012],[-73.78138199980856,42.49592099974289],[-73.78459400059397,42.48994700033386],[-73.78497300058376,42.48901300030265],[-73.78524400048316,42.48813499984385],[-73.78554800016478,42.48720900022147],[-73.78575399972686,42.48611400009111],[-73.78592699949424,42.484760999651805],[-73.78604700038545,42.483835000195754],[-73.78611200000356,42.48280400008434],[-73.7861649997476,42.48006500016601],[-73.78612799993593,42.47801700032466],[-73.78612400035652,42.47781400025604],[-73.78607799972126,42.47524900022263],[-73.78583899951471,42.4728810002614],[-73.78570899995746,42.47163199988177],[-73.78545899961419,42.47085900031823],[-73.78503600015594,42.46985199989209],[-73.78453699999524,42.46839399986305],[-73.7842979998,42.46774900019368],[-73.7841359998127,42.467507999769616],[-73.78405999953345,42.46696800035289],[-73.78404899941603,42.46651699999549],[-73.78372100028122,42.46423100006507],[-73.78748400008264,42.463831000107774],[-73.79186200051167,42.463367000200904],[-73.8000809999128,42.46249300017971],[-73.80027699986626,42.46247299972857],[-73.80789500049417,42.461663000168784],[-73.80802099952236,42.46164999965485],[-73.80925100025213,42.46151899986835],[-73.80941400014613,42.46150100040698],[-73.81244200021088,42.46117899997555],[-73.81745500033435,42.46064699961581],[-73.8180969999828,42.46057799983236],[-73.82517299983994,42.45982499959325],[-73.83675699990177,42.45859199986409],[-73.83805600030851,42.45839899970484],[-73.83949100018665,42.458186999929744],[-73.84371500038574,42.45756499980644],[-73.85273000023678,42.45628599989313],[-73.85407599951891,42.456095000297935],[-73.86559000041886,42.45437200010873],[-73.86570399939914,42.45435499975673],[-73.87457099997071,42.45307799955305],[-73.87603499951969,42.452881000032555],[-73.87661200040118,42.45280299956747],[-73.87850499986959,42.45254899982349],[-73.87913099959087,42.45245799974139],[-73.8845359998123,42.45172599984373],[-73.88598600029538,42.451525999897925],[-73.88612599968376,42.451507000279356],[-73.88976500055216,42.45100799996746],[-73.89277100052473,42.450549999600696],[-73.89489999975679,42.45021599963596],[-73.90103699990765,42.44936199995447],[-73.90359900028974,42.44899899995577],[-73.90382700005215,42.44896700015323],[-73.90547800028003,42.448755999738424],[-73.9070849999584,42.44850699990038],[-73.90791899949691,42.44839000029329],[-73.91353599967844,42.44760799989861],[-73.92009699983544,42.44662799983914],[-73.92714699944312,42.44571800022868],[-73.92969699957158,42.44534100017278],[-73.9306990004335,42.44519199975814],[-73.93326000018105,42.44481399985591],[-73.93786700014087,42.44428099966155],[-73.93983699967762,42.44406300044722],[-73.93997299970657,42.444050000306426],[-73.94231000013829,42.44379400011757],[-73.94761199964567,42.44324299974564],[-73.94800300054938,42.443203999724886],[-73.95156400057469,42.44285600010418],[-73.95876000030809,42.44214699962522],[-73.96271200002893,42.441735000412564],[-73.96379199959381,42.44162200000764],[-73.96666399943227,42.44132299986263],[-73.96950199975348,42.44102700008379],[-73.97111699973215,42.440859000065196],[-73.97580800058964,42.440389999714114],[-73.97951800043569,42.44006599964835],[-73.98029300050005,42.439998999675275],[-73.98415599970896,42.439657999693424],[-73.98818500012014,42.43918999979229],[-73.99201700030105,42.4386440002449],[-73.99264099973588,42.43855600002911],[-73.99568400012195,42.43831600018734],[-73.99587300012277,42.43827299968244],[-73.99811499963322,42.43806100019101],[-73.99957500025167,42.43791800017089],[-74.017280000464,42.435827000382474],[-74.01863599986741,42.435669000144514],[-74.0236899997678,42.43508599997607],[-74.02874399978515,42.43450200038807],[-74.03643500018627,42.43361000013553],[-74.04357899969285,42.432703000285954],[-74.05705499993104,42.43098500029786],[-74.06153899943453,42.43042800039669],[-74.07183100048141,42.4291549999847],[-74.07637700016745,42.428591999571964],[-74.08405799965873,42.427643000203034],[-74.08709899987625,42.42726800003761],[-74.08734799981225,42.427236999699865],[-74.09067099977797,42.42683399970012],[-74.09636600007683,42.42614500016652],[-74.09649499989013,42.42612900041331],[-74.10793400010509,42.42474399974641],[-74.10805700053574,42.42472900027026],[-74.11684499946081,42.42366399985523],[-74.11731100011413,42.42360799992205],[-74.12457800051479,42.42324299987635],[-74.12644199952267,42.422984000126256],[-74.12672200008609,42.42293799977482],[-74.12964499939109,42.42256900022711],[-74.1300670005346,42.422514999957336],[-74.13740399963575,42.421580999709704],[-74.13826600025371,42.42147099986128],[-74.1391009995188,42.42136299988499],[-74.1474019997117,42.42029400036936],[-74.14749599946586,42.420274999959624],[-74.14965599997116,42.41999499957052],[-74.15636099991178,42.41912799998304],[-74.15785799967327,42.41893200041935],[-74.16025299952112,42.4186240004285],[-74.16496300034748,42.41810600022545],[-74.17401400059066,42.41710899993334],[-74.17542399999179,42.41695500027604],[-74.19056800034933,42.41528899968532],[-74.19464600000586,42.41484100005851],[-74.19484400003086,42.41482000041197],[-74.19818599954158,42.41445300032213],[-74.19852099983457,42.41441700030606],[-74.2014700002856,42.41409299974001],[-74.20199300042478,42.41403600033875],[-74.21703999957131,42.412364999800296],[-74.21755799973572,42.41230699997643],[-74.22565199965557,42.411408000334625],[-74.23235600013265,42.41066300021743],[-74.24091500054915,42.40971200004954],[-74.24480899943828,42.40928000000262],[-74.249586999941,42.40876199970374],[-74.2533020002367,42.40832499966103],[-74.2543030005364,42.40820700012337]]]},"properties":{"District":"New York 19","Code":"NY-19"}}
]}