<?xml version="1.0" encoding="utf-8" ?>
<kml xmlns="http://www.opengis.net/kml/2.2">
<Document id="root_doc">
<Schema name="shape" id="shape">
	<SimpleField name="District" type="string"></SimpleField>
	<SimpleField name="Code" type="string"></SimpleField>
</Schema>
<Folder><name>shape</name>
  <Placemark>
	<Style><LineStyle><color>ff0000ff</color></LineStyle><PolyStyle><fill>0</fill></PolyStyle></Style>
	<ExtendedData><SchemaData schemaUrl="#shape">
		<SimpleData name="District">New York 23</SimpleData>
		<SimpleData name="Code">NY-23</SimpleData>
	</SchemaData></ExtendedData>
      <Polygon><outerBoundaryIs><LinearRing><coordinates>-76.6866219995125,42.3903509999395 -76.69403599975,42.3899950002132 -76.6958899997841,42.3899070001928 -76.6962429996773,42.3898919998839 -76.6964650000979,42.3899460002142 -76.6965909994998,42.3899599995702 -76.6969080004241,42.3899669996453 -76.6977079996138,42.3899589997175 -76.6982329994985,42.3899399999926 -76.6986279998891,42.389936999578 -76.699264000005,42.3899109997199 -76.7035819995344,42.3897369995596 -76.7063430004229,42.389643000231 -76.7068270004512,42.3896270003526 -76.7088979997455,42.3895430003813 -76.709750999744,42.3895210003151 -76.7103210000612,42.3894989999624 -76.7109849996845,42.3894770002465 -76.7119099995986,42.3894429997619 -76.7143770005404,42.3893560003314 -76.7163120004262,42.3892840004162 -76.7178289998833,42.3892430001265 -76.7181419995662,42.3892229996812 -76.7182630002688,42.3892099997649 -76.71829899978,42.3892379999555 -76.7248649994932,42.3890340003923 -76.7370120004821,42.388657000219 -76.7384560005648,42.3886119997843 -76.7427900005707,42.3884779998922 -76.7442350000976,42.3884340002086 -76.7446400001521,42.3884229999241 -76.745966000065,42.3883410000303 -76.7497460000446,42.3881110002876 -76.7528940004748,42.3879760000639 -76.7622239994232,42.3875709996019 -76.7631080005775,42.387532999709 -76.7651600001794,42.3874229998017 -76.7713179999864,42.387097000256 -76.7733709995744,42.3869890001183 -76.7744459995015,42.3869529995616 -76.7776740006092,42.3868490001001 -76.7787499994851,42.3868149996558 -76.7789699994677,42.3868440000352 -76.7801780004025,42.3867910002622 -76.7853279998793,42.3865690000643 -76.7870049997857,42.386496000215 -76.7870980002827,42.3865000003437 -76.7905210001711,42.3863660000017 -76.7936780002274,42.3862499995838 -76.7998340003991,42.3860180001054 -76.8015519995812,42.3859599997238 -76.8027849997985,42.385914000023 -76.8077179999981,42.3857350003896 -76.8080240002977,42.3857199998533 -76.8095939997912,42.3856479997744 -76.809859999679,42.3856400000916 -76.8116869996062,42.3855920003447 -76.8122960001546,42.3855770001753 -76.8165539995044,42.3854550003187 -76.8176190004791,42.3854040001112 -76.8182690004496,42.3853870004413 -76.8208709999433,42.3853230000575 -76.8208890001907,42.3852499998529 -76.8209419995358,42.3852100003888 -76.821074000322,42.3851840003011 -76.8213950000745,42.3851609997871 -76.8221270004103,42.3851500002301 -76.8239749999692,42.3850569999224 -76.8249390003882,42.3850209997452 -76.8260430005695,42.3849749999158 -76.8274400004253,42.3849099999246 -76.828496000441,42.3848619995891 -76.8324879996649,42.3846979996569 -76.833031000344,42.3846589998093 -76.8339890000503,42.3845980000101 -76.8352550005326,42.3845320002393 -76.8356619998439,42.3845119998736 -76.8358109994288,42.3844999997934 -76.8397760001801,42.3842970003006 -76.8409500005158,42.3842379996991 -76.8439379998974,42.3840999998008 -76.8507120000329,42.3837899997449 -76.852969999395,42.3836869997696 -76.8532199997691,42.3836730000437 -76.8536489995302,42.3850019998764 -76.8538429997869,42.3854360003449 -76.85404700047,42.3863630000072 -76.85416799998,42.3867289995624 -76.8545100006106,42.3875490004165 -76.854610000263,42.3876489998485 -76.8546639997617,42.387669000128 -76.8548739995879,42.3876799997552 -76.8548690000719,42.387884000298 -76.8555849996667,42.3879940002198 -76.8641829997148,42.3890580002695 -76.8663330003815,42.3893249998991 -76.8679999997402,42.3894730003531 -76.8730040003468,42.3899180001102 -76.8746719994091,42.3900670000751 -76.879163999984,42.3904920004261 -76.8797469996138,42.3905309996468 -76.8798209996043,42.3904800002102 -76.8798180003164,42.3904259995771 -76.8796250005574,42.3901759995641 -76.8795110005742,42.3900050003269 -76.8793449997881,42.3898400004096 -76.8791490005853,42.3896950000609 -76.8790439999489,42.3895239995712 -76.8790200004324,42.3894290002865 -76.8789389995717,42.3892880001187 -76.8786049999457,42.3888909996441 -76.8785349994183,42.3888940004113 -76.8784509997491,42.3889270004206 -76.8783910002925,42.388890999601 -76.8783219997882,42.3886980002439 -76.8783190005525,42.3886110003075 -76.87829499981,42.3885720004358 -76.8779959998896,42.3883050003964 -76.8778879995117,42.3881820001035 -76.8776890001851,42.38805599955 -76.8776409997664,42.3880109996574 -76.8774880003823,42.3878030001136 -76.8774399995792,42.387689999694 -76.8773039995205,42.3874319996465 -76.8773069999535,42.3873869999034 -76.8773849997666,42.3873600003898 -76.8773730002347,42.387273000148 -76.877283000054,42.3871739997247 -76.8771869999046,42.3871099996425 -76.8771420001706,42.3870260002209 -76.8771299995878,42.3869030000415 -76.8771899996555,42.3868579996775 -76.8772169999263,42.3868040001675 -76.8771960001839,42.3867130002345 -76.8771109997472,42.3866229999284 -76.8770899996487,42.3865329996013 -76.877151000142,42.386377000434 -76.8771529994212,42.3863410001814 -76.8769400003198,42.3859349999799 -76.876869999933,42.3858539998816 -76.8768069998197,42.3858059996357 -76.8766269997858,42.3857199996439 -76.8764819996254,42.3854669999107 -76.8764369996304,42.3854249996597 -76.8763530005793,42.3853769998517 -76.8759580004508,42.3852249997433 -76.8758409998564,42.3852069997973 -76.8758110003303,42.3851280000699 -76.8759009998713,42.3851009996832 -76.876126999906,42.3850169999462 -76.8762050000732,42.3849540003918 -76.8761479995768,42.3847920003649 -76.8761210006155,42.3847770004142 -76.876033000277,42.3847949995582 -76.8759790005707,42.3846770003769 -76.875915999622,42.3845840003913 -76.8758230003068,42.3844789996786 -76.8755209994738,42.3842089999266 -76.8754399995454,42.3841609998833 -76.875316999469,42.3841279996547 -76.875322999397,42.3839810000973 -76.875285000203,42.3835189998371 -76.8751740004039,42.3834580000556 -76.8750410000591,42.3833700001453 -76.8749079998797,42.3832259995552 -76.8748380003515,42.3831289996712 -76.8753959998856,42.3829509996051 -76.8756480005369,42.3828910003763 -76.8764089998686,42.3828670001772 -76.8766569995554,42.3828609997675 -76.8773049998988,42.3827619998483 -76.8785519995109,42.3826540000323 -76.8799860005055,42.3826309996266 -76.8806379999711,42.3826039998044 -76.8813819994633,42.3825760002813 -76.8823559995813,42.382552999946 -76.8838510005132,42.3824780000074 -76.8853559997968,42.3823640000974 -76.8857170001756,42.3823180003565 -76.8858600003139,42.3822850004069 -76.8881200001266,42.3823050001643 -76.8888960003854,42.3823109998809 -76.8916469994279,42.382334999627 -76.8917239996939,42.3823140000973 -76.8920010003505,42.3823189996445 -76.8921889999339,42.38230000011 -76.894415999831,42.3823009998363 -76.8949729995028,42.3823020002962 -76.8954009995549,42.3822199997261 -76.8958409996399,42.3821519999974 -76.8961290001642,42.3821210004066 -76.8968110005523,42.3820719995551 -76.8986169994256,42.3820050002671 -76.9000579998535,42.3819539998264 -76.9021669999973,42.3818860003215 -76.9030240004743,42.3818620004355 -76.9060500003226,42.3817600000589 -76.9069799996433,42.3817089995801 -76.9089599995035,42.3816440003138 -76.9098559996698,42.3816029995736 -76.9108830003451,42.3815800000509 -76.9132730001823,42.3815049996374 -76.9137499998625,42.3814799996498 -76.9150479997873,42.3814319999288 -76.9206919996412,42.3812059997049 -76.9208930001731,42.3811989999218 -76.924114999662,42.3811039996977 -76.9256249994828,42.3810350002553 -76.9267300003838,42.3810099996295 -76.9277599997072,42.3809739996325 -76.9283410001787,42.3809550000419 -76.9298510003338,42.380892000253 -76.9317610000467,42.380815000354 -76.9325869996525,42.3807969996696 -76.9342819998329,42.3807479998798 -76.9373190004984,42.3806320000036 -76.9378900002192,42.3806189998832 -76.9385270005762,42.380594999628 -76.9410770005271,42.3805029998635 -76.9430449998403,42.3804190001653 -76.9467299998006,42.3803109995724 -76.9489989994126,42.3802350000267 -76.9509209996072,42.380155999678 -76.9593459999907,42.3800060001207 -76.9605639999283,42.3799680002122 -76.9642200002625,42.3798549997803 -76.9650799997629,42.3798290001019 -76.9654340002928,42.3797660000526 -76.9695589999873,42.37963899996 -76.9819370005045,42.3792589998798 -76.9831629994158,42.3792229997105 -76.9832950003098,42.3792160001325 -76.9835869994208,42.3819699998409 -76.983854000268,42.3852260003394 -76.9842959999253,42.390570000389 -76.9854670000924,42.3906299996257 -76.9856890002103,42.3906160003882 -76.9875009999037,42.3905439997323 -76.9881050003215,42.3905300001023 -76.9903429994558,42.3905619998837 -76.9917940000799,42.3905569995957 -76.992267000436,42.3905799999629 -76.9932360003609,42.390583999989 -76.9941580000159,42.3905760001831 -76.9954529995389,42.3905670002788 -76.9961350000852,42.3905689997234 -76.9990600004403,42.3905359999569 -77.0017489998571,42.3905459996789 -77.002922999661,42.3905380003243 -77.0037269999163,42.3905300000184 -77.0073839999328,42.3904980001428 -77.0088689995803,42.3904869998318 -77.0090270000721,42.3904969999209 -77.0091350001006,42.3905129996492 -77.0192239998725,42.3905529999299 -77.021746999801,42.3905640003314 -77.0227800002851,42.3905440002032 -77.0258790004215,42.3904870004108 -77.0269130003342,42.3904690003953 -77.0299699994541,42.3904380004321 -77.0307349999506,42.3904310002123 -77.032800000176,42.3903840002317 -77.0386779998299,42.3904319997014 -77.0412390001073,42.3904139999326 -77.0470299996132,42.3902669997716 -77.0623130003108,42.3900450003763 -77.0627109995398,42.3900279996102 -77.0762350003742,42.3897510003526 -77.0788419998263,42.3895929997945 -77.0822170003007,42.3895729999342 -77.0830619994165,42.3895690000548 -77.0835860000975,42.3895619999604 -77.0865039998109,42.389550000052 -77.0869670001435,42.3895490004216 -77.0881720005808,42.3893800002776 -77.0897409994445,42.3893840000995 -77.09013399973,42.3893860004014 -77.0920590004113,42.3893870004008 -77.0921009999898,42.3893879996306 -77.0942350001347,42.3893860001178 -77.0967110003785,42.3893640002554 -77.0997620003451,42.3894390001962 -77.100783000002,42.3893840000366 -77.1015930001467,42.389342000204 -77.1038499999689,42.3893059996369 -77.1048730000386,42.3892909998294 -77.1048730004427,42.3950359999159 -77.1049879997008,42.3992329998129 -77.1051110002273,42.4036850001021 -77.1051499996644,42.40543300005 -77.1051699998789,42.4059230001957 -77.1051799999074,42.4068169999776 -77.1052309994795,42.4082019997453 -77.105269000577,42.4087450002086 -77.1052819999229,42.4095489997229 -77.1052909999826,42.4099770000033 -77.1053349998979,42.4124979998146 -77.1053799997486,42.4131699996511 -77.1053750000093,42.4144680003503 -77.1054320004492,42.4175639999098 -77.1054480004126,42.4180140001275 -77.1054930005025,42.4265349995464 -77.1055670002263,42.4276310002405 -77.1056129996791,42.428347000406 -77.1057319995432,42.4301490004355 -77.1057650005775,42.4312450000691 -77.1058329998169,42.4321059998323 -77.1058579996408,42.4360210002337 -77.1060399999007,42.438926999836 -77.1060619996976,42.4393459995956 -77.1058449998261,42.4415789998988 -77.1058300006105,42.4421640001172 -77.1058139994972,42.44267699967 -77.1062579994129,42.4479960001025 -77.1064499996155,42.4530039999161 -77.106429999526,42.4602700004582 -77.1065789994222,42.4642390002199 -77.1066930005972,42.465344999807 -77.1066349997714,42.4658879996315 -77.1066360000032,42.4661549999235 -77.1066769994739,42.467242999726 -77.1066769994523,42.4681610003777 -77.1066960000785,42.4693189997337 -77.1067010004219,42.4694099999152 -77.1067529995346,42.4696749996357 -77.1068430002131,42.4707149995685 -77.1068649996245,42.4715040001723 -77.1072029998654,42.4837710000257 -77.1072090001364,42.4839789999457 -77.107546000409,42.4997070001531 -77.1075659998491,42.504379000275 -77.1075740004337,42.5051069999239 -77.1075929994545,42.5057700001861 -77.1147929999611,42.5082699996164 -77.114993000592,42.5078700000282 -77.1153929999948,42.5069700001605 -77.1158929994742,42.5063700004173 -77.1162929994717,42.5058700003596 -77.1167930001976,42.5052700002254 -77.117393000131,42.5045699996241 -77.1178930004409,42.5038700003869 -77.1183930005766,42.5035700003151 -77.1188929998004,42.5031700002108 -77.119492999888,42.5026699995879 -77.1199929997333,42.5022700000655 -77.1205929997351,42.5017699999748 -77.121192999758,42.5013700000213 -77.1217930000721,42.5008699999339 -77.122192999969,42.5006699998197 -77.122593000331,42.5003700004125 -77.1228930004204,42.5002699997831 -77.1229929994659,42.5002699999144 -77.122993000611,42.500170000202 -77.1230930004552,42.500069999639 -77.1231119998466,42.5000699996276 -77.1242169996499,42.4993730003592 -77.1246930002071,42.4991280000255 -77.1255099994506,42.498471999604 -77.1272790003918,42.4972589996124 -77.1303540001402,42.4960049997494 -77.1347769995028,42.4948070002996 -77.1389040002789,42.4942790001784 -77.1410590004808,42.4943619999034 -77.1439459995892,42.4947049996202 -77.1464379997886,42.4922210004152 -77.1541930003556,42.4837100001831 -77.1691959994369,42.4658999998073 -77.1688890003715,42.4591199997293 -77.1801259994652,42.4589060003143 -77.1808190004854,42.458897000289 -77.1816860000934,42.4588809995935 -77.1871570000989,42.4587830003752 -77.1923369996581,42.4586930002727 -77.1929970002508,42.4587859996645 -77.1932390000941,42.4588629997368 -77.1936810002494,42.4588579999154 -77.1962899998204,42.4586949997523 -77.2032490003287,42.4586260004095 -77.204635999796,42.4586260003302 -77.2058270002316,42.4586229997022 -77.2092589995219,42.4586280001087 -77.2127319996129,42.458621999912 -77.2207329997463,42.4586439995882 -77.2294089997934,42.4586109999594 -77.229547999659,42.4624850000979 -77.2297379994137,42.4687020002341 -77.2297840002676,42.4702260001337 -77.229862999684,42.4728060000773 -77.2299239997068,42.4741820001398 -77.2301330003003,42.4814219998329 -77.2302039999515,42.4834870002248 -77.2339360005344,42.4836519998163 -77.2408549996156,42.4835600004577 -77.2409769995117,42.4851550000302 -77.2474449995777,42.4852369998807 -77.2496989997714,42.4852429999203 -77.2602190003973,42.4853789999363 -77.2601470001494,42.4825769996872 -77.2601340000742,42.4796919995568 -77.2601599997747,42.4784809997054 -77.2601370005274,42.4757309997948 -77.2600989994423,42.4711209997884 -77.2600479999611,42.4578400003457 -77.2603760005149,42.4578320001762 -77.2605680004885,42.4578760003033 -77.2606430005556,42.4579069998461 -77.2605940001553,42.4578130003054 -77.2694390002341,42.4579090000202 -77.2694419996839,42.4550029998242 -77.2693349995037,42.4505479996909 -77.2692180005698,42.4442420003215 -77.2691060002021,42.4390209999732 -77.2690149996585,42.4291360000167 -77.2690149994226,42.4273639996193 -77.2737420000876,42.427262000283 -77.2746189995996,42.427241000434 -77.2790210000819,42.4271319996835 -77.2842850003022,42.4270070004337 -77.2870469994574,42.4269599996209 -77.2869149994969,42.4240780001507 -77.286775999579,42.4192489997284 -77.286821000546,42.4183719998058 -77.2867830004003,42.4174699996279 -77.2884939994182,42.4173809996406 -77.288111000156,42.40992200041 -77.2881800005939,42.4098490001255 -77.2886380005072,42.409262000338 -77.2892519994532,42.4085769997025 -77.2893179995751,42.4084840001282 -77.289439000311,42.4082849998745 -77.2895270006024,42.4080389998243 -77.2895989995105,42.4079399997144 -77.2900400005245,42.4075500002827 -77.2909349998456,42.40681099993 -77.2910299998727,42.4067500000356 -77.291222999417,42.4066860003163 -77.2914150004909,42.4066609999595 -77.291314999433,42.4061080000546 -77.2911969995024,42.405211000131 -77.2911490001311,42.4049960004422 -77.2910699996288,42.4047610001161 -77.2905440000234,42.4034849996198 -77.2905120002934,42.4033869999 -77.290478000179,42.4031940001913 -77.2904730002768,42.4028840002387 -77.290519000524,42.4025980003937 -77.2906110000953,42.4021700001156 -77.3024939995175,42.4018410001982 -77.302469000162,42.4015000002246 -77.3024970004243,42.400797999772 -77.3025540001936,42.4001020003158 -77.3025969995672,42.3995350003298 -77.3015589999426,42.386291000119 -77.3054350004066,42.3863709995584 -77.3060210005716,42.3863760002866 -77.3074520004197,42.3863960001906 -77.3091369998208,42.386357000002 -77.3113280000669,42.38638299957 -77.312418000448,42.3864160000991 -77.3135049996467,42.3864059997255 -77.3143329997405,42.3864150004526 -77.314475000185,42.3864270002066 -77.3166700000919,42.3862889998948 -77.3168729998156,42.3864059998101 -77.317790000135,42.3863099995527 -77.3220409999464,42.3863520004374 -77.3264800004117,42.3864530001321 -77.3306800002904,42.3865050000516 -77.3344099999958,42.3864470000256 -77.3356559997665,42.3865300000341 -77.3476470002151,42.386538000094 -77.3555139994014,42.3867329997979 -77.3568609994924,42.3866579998241 -77.3615899999117,42.3865739999933 -77.3649649999743,42.3866969996611 -77.3708240004439,42.3830310001032 -77.3711790003198,42.382804000391 -77.3747419995387,42.3805329998478 -77.3759249995147,42.3798649999758 -77.3796230001673,42.37747300015 -77.3796610000212,42.3774480001065 -77.3828880003166,42.3753859995789 -77.3833480002885,42.3750689998773 -77.3850409998258,42.3739979997109 -77.3852340001798,42.3730320000182 -77.3892599999338,42.373133000318 -77.3938510001268,42.3733480001141 -77.4033319999399,42.3734979997266 -77.4033910003394,42.3716569995811 -77.4035529994901,42.367863000218 -77.4162340005268,42.3679429996748 -77.4200949999695,42.3679499997061 -77.4202899996943,42.362957999944 -77.4319520000513,42.362962999928 -77.4320650000382,42.3634920002425 -77.4351649997447,42.3635679998179 -77.4362030000536,42.3636429999019 -77.4398890000951,42.3667340002295 -77.4401629999593,42.3669709996413 -77.4414649997607,42.3668589999238 -77.441464999612,42.3666690001453 -77.4414870002052,42.3664459998492 -77.4417499997929,42.3633819997572 -77.4438329998359,42.3634080001964 -77.44792600045,42.3634399997313 -77.449801999849,42.3635050001988 -77.4534629997409,42.3635380004374 -77.4541189995103,42.3635449998509 -77.4614110000571,42.3637989995856 -77.47125700046,42.3639069997972 -77.4712289995984,42.3685050001278 -77.4712640003902,42.370421999568 -77.4712829996946,42.371849000441 -77.4713019999197,42.375055999968 -77.4711519995329,42.3831540002815 -77.4711139996914,42.3857060000333 -77.4710650005029,42.3875920001926 -77.4710570003478,42.3884250000003 -77.4710299994061,42.3897389996121 -77.4709969999649,42.3906109998557 -77.4709369999583,42.3931079997624 -77.4709050000761,42.3956110002868 -77.4709000005711,42.3964059997324 -77.4744369994516,42.3965409997652 -77.4791989997356,42.3966379997621 -77.4803709994313,42.3966649998363 -77.4856559994672,42.3967989998436 -77.4904999998759,42.3969409999568 -77.4944429996026,42.3970250003063 -77.4964000005688,42.3970589999479 -77.4997619997731,42.39711600031 -77.5072919996041,42.3973229998628 -77.5153750002604,42.3978149996818 -77.5153739995778,42.4018939998861 -77.5153670003732,42.4029339996786 -77.5153780000162,42.4040479999772 -77.5153669998382,42.4050100002362 -77.5151630002927,42.4090070001839 -77.515148999502,42.4091389999787 -77.5146199997424,42.4206769998165 -77.5144149995239,42.4267220000845 -77.514401999978,42.4270139999768 -77.5143629995113,42.4284559999897 -77.5256480000433,42.4286009996954 -77.5342370001722,42.4286439998944 -77.5440310002989,42.4288600002325 -77.5438310005569,42.4340219996179 -77.5436389999689,42.4408130001564 -77.5435950003543,42.4427429999998 -77.5447219998985,42.4427599997984 -77.5479490002486,42.4428120004197 -77.5540219995673,42.4429060000311 -77.5557140003679,42.4429330004387 -77.5553240000938,42.4504069997086 -77.5566080005228,42.4504129996269 -77.557582000307,42.4504319999014 -77.558295000475,42.4504340003718 -77.5609340002877,42.4504619999022 -77.5646850002594,42.4505550002218 -77.5646499998191,42.4549080001749 -77.571557000578,42.4549970001466 -77.5727110005951,42.4550060002153 -77.5746249997305,42.4549399997016 -77.5747110000519,42.4531369998654 -77.5747659996897,42.4507679995971 -77.5851930005819,42.4510970003533 -77.5855360005503,42.4435060002296 -77.5858489996243,42.4370109997145 -77.5911090003694,42.4370930002619 -77.5913260003046,42.4370970004237 -77.5953399996362,42.4372099997896 -77.5962830005446,42.4372350001154 -77.5967110001758,42.4372289999475 -77.599079999885,42.4371759997273 -77.5992139997609,42.4371130004035 -77.5994889997291,42.4371270001857 -77.6037130003239,42.437329999924 -77.6047259995026,42.4373539996324 -77.6055110005298,42.4374050004335 -77.6058320003347,42.4374519996716 -77.6060100005492,42.4333249998028 -77.6081830000109,42.4333379997377 -77.6157389995247,42.43331099972 -77.6169990001888,42.4332850002778 -77.6169849994357,42.4285020004281 -77.6255780001738,42.4286370002538 -77.6328210003483,42.4286850000996 -77.6451579998446,42.4287710003782 -77.6551239994719,42.4287379999816 -77.6648080004276,42.4288809998333 -77.6649569996408,42.4288920002435 -77.66491900014,42.4189840001966 -77.6650549998242,42.4063270003632 -77.6650919995147,42.4049599996974 -77.6650930005786,42.4036000002587 -77.6651059994512,42.4025320002825 -77.6651279995885,42.4024089996989 -77.666920000142,42.4024590002083 -77.6736030005389,42.4026019995557 -77.6869190001689,42.4029040002453 -77.6869560000279,42.4029070001215 -77.6882459994253,42.4028910001005 -77.6893310005411,42.4029089999974 -77.6981909998215,42.4031170001591 -77.7013349995008,42.4031939998548 -77.7095489995481,42.4033820000939 -77.7138080004546,42.4034850000431 -77.7151590005337,42.4035159995383 -77.7237970001765,42.4039300002265 -77.7258399998375,42.4040309998161 -77.7261110001516,42.4040429997887 -77.7260080000475,42.4059669998526 -77.7250420005402,42.4211019998805 -77.7250460000946,42.4234490002521 -77.7250440002683,42.4236189996243 -77.7248239995459,42.4277539996805 -77.724800999561,42.4281789996535 -77.7247800006169,42.4284690002986 -77.724684999895,42.4298509997829 -77.7246219997075,42.4309500002359 -77.7246230002423,42.4313019996054 -77.7246199997142,42.4316790003262 -77.7246070000793,42.4319180003826 -77.7243979994871,42.4356490000008 -77.7243660003771,42.4363129996591 -77.7243260005123,42.4365109996472 -77.7239320001592,42.4483560002445 -77.723930000524,42.4484279998776 -77.7239559994146,42.4541230002567 -77.7237789997051,42.4571579999363 -77.723676999833,42.4582629995746 -77.7232449994092,42.4629219996105 -77.7231520000601,42.4639640000845 -77.7231339994789,42.4644000000874 -77.7229749995634,42.4694200000435 -77.722966999779,42.4711519995856 -77.7229639995032,42.4712160002108 -77.7234760006063,42.4712249999162 -77.7293250004764,42.4713360002774 -77.7302759994544,42.4713549999448 -77.7329369999419,42.4714050003098 -77.7409200002127,42.4715580002917 -77.7455460005995,42.4716469999243 -77.746717999694,42.4716689997086 -77.7497189997792,42.4717280001879 -77.7512180002457,42.4718669999754 -77.7514010004253,42.4718699996466 -77.7523359994934,42.4718750001481 -77.7560780003515,42.4718989999278 -77.758667000178,42.4719759997834 -77.7675729999681,42.4722460003595 -77.7753390000373,42.4724660001568 -77.7772810000533,42.4725220000672 -77.777415000524,42.4725320004366 -77.7797690004592,42.4726760004083 -77.7869550000319,42.4729010003002 -77.7919479996549,42.4730579999604 -77.8069279999307,42.4735289997669 -77.8119219994455,42.4736870002927 -77.8175829996607,42.4738640001097 -77.8345690002693,42.4743979996308 -77.8402309999867,42.4745760001841 -77.8402660006165,42.4764370002726 -77.8403729997461,42.4820229998983 -77.8404090004121,42.4838849998279 -77.8404609996749,42.4870859999516 -77.8406170005667,42.4966909999165 -77.8406730001945,42.5000660004218 -77.8406369999839,42.5011830002254 -77.840628000172,42.5015060004398 -77.8406320000501,42.5021280000549 -77.8406529996376,42.5059939999382 -77.8407010001082,42.5142649996067 -77.8407170000823,42.5170219998743 -77.8406939999305,42.5177710001519 -77.8409009998461,42.5177670003065 -77.8455320004601,42.5178149996243 -77.8466899996045,42.5178280001758 -77.8487290003111,42.5178480003713 -77.8548490001545,42.517909999667 -77.8587810000934,42.5179500002608 -77.8644569998243,42.5180090004267 -77.8663490005686,42.5180290000886 -77.874722000182,42.5181149997205 -77.8779449999442,42.5180409997727 -77.8829020001008,42.518037999848 -77.8885649997497,42.5181080000607 -77.8903379995522,42.5181010001184 -77.8912409996092,42.5180989997949 -77.8912540003089,42.518095999792 -77.8922750001267,42.5180960004366 -77.8925690002761,42.5180840003931 -77.8928939997678,42.5180639999418 -77.8950609998594,42.5180819998606 -77.8961929999776,42.5180800000565 -77.8979679994785,42.5180709995879 -77.8990429999856,42.5181109998293 -77.9016070005593,42.5183130003192 -77.9025080005995,42.518280000314 -77.9032240002485,42.5182830000931 -77.9036239994655,42.5181819996733 -77.9037669997281,42.5181819996098 -77.9049350005582,42.5181030003485 -77.9052050004719,42.5180979998314 -77.906180999955,42.518161000044 -77.9072260005824,42.5181800001505 -77.9076249996985,42.5181820003146 -77.9084249996437,42.5181509996701 -77.9087270004902,42.51814899965 -77.9090349995189,42.5181659997206 -77.9094280006114,42.5181790003951 -77.9107589998628,42.5182270002848 -77.9110030004137,42.5182289998918 -77.9120090001857,42.5182500004138 -77.9128979994152,42.5182540003402 -77.9163789994368,42.5183059999646 -77.9165009994999,42.5182759996786 -77.917084999455,42.518190000429 -77.918420000124,42.5182260001962 -77.9202110001423,42.5182500001103 -77.9212490002931,42.5182630001538 -77.9243860002997,42.5182719996868 -77.9334610005064,42.5183010001579 -77.9364860003814,42.5183109996909 -77.9429420001145,42.5183310002701 -77.9491269994572,42.5183509996348 -77.9548799998332,42.518368000087 -77.9558959994504,42.5183730002322 -77.9626879998564,42.5183929997666 -77.9643860002386,42.5183990002513 -77.9649179996904,42.5184019998042 -77.9689349995067,42.5184140002292 -77.9809859995831,42.518453000088 -77.9850040001585,42.5184659997676 -77.9879480000523,42.5184749998163 -77.9967809995691,42.5185040003656 -77.9997259999355,42.5185139998507 -78.0001839997367,42.5185139995603 -78.0042160001511,42.5185080003778 -78.0163119999022,42.5184920001018 -78.0203450002261,42.5184879996916 -78.0231690004541,42.5184840000144 -78.0269460002147,42.5184800000408 -78.0282060002501,42.5184790003234 -78.0302200004405,42.518476000251 -78.0362639997937,42.5184689996161 -78.0382789995816,42.5184669997935 -78.0397259999288,42.5184589997767 -78.0405910003098,42.5184579995861 -78.0434179999693,42.5184640003349 -78.0428399998483,42.5186320003224 -78.0421949999533,42.5189330000472 -78.0413039994103,42.5194709998893 -78.0399009998559,42.5204430000498 -78.0393740005211,42.5207569999811 -78.0383719998385,42.5213579996478 -78.0382610000005,42.5215220003272 -78.0402410000836,42.5209679998993 -78.0419820005268,42.5209729999133 -78.0482999997675,42.520988999784 -78.0496229996173,42.5209760000878 -78.0512460005288,42.5209800001732 -78.0519170005916,42.5209829998268 -78.0543549999947,42.5209900003593 -78.062248000246,42.521015000183 -78.0648800005571,42.5210239998211 -78.0683360000476,42.5210340002089 -78.0747559994952,42.5210549998598 -78.0774279995023,42.5210629999551 -78.082164000386,42.5210930000975 -78.0829349996401,42.5210970002031 -78.0860220000368,42.5211169998895 -78.0865999995459,42.5211200000459 -78.0890130003993,42.5211350003657 -78.0894120001768,42.5211390003628 -78.0906769998531,42.5211460001922 -78.0981589998931,42.521193000245 -78.104783000461,42.5212349998331 -78.1077529996611,42.5212549998111 -78.1179929996949,42.5213210003295 -78.1183019994922,42.5213219998612 -78.1210439998734,42.5213380002534 -78.1247289996075,42.5213629999043 -78.1268000005686,42.5213650000965 -78.132372999789,42.521372000028 -78.1334500002808,42.5213740004392 -78.1387129994855,42.521378000355 -78.1400109994767,42.5213800003518 -78.1402609994506,42.5213820003535 -78.1410770000988,42.5213820000212 -78.1458930001344,42.5213880000412 -78.1480830001312,42.5213909998058 -78.1510729999152,42.5213940001592 -78.1600440005735,42.5214050000489 -78.1630349997722,42.5214089995727 -78.1638949997302,42.5214110000349 -78.1652110005051,42.5214120000795 -78.1697379995287,42.5214170000415 -78.1748569997006,42.5214229998886 -78.1856880003987,42.5214349996639 -78.1892989997821,42.5214389998198 -78.1902109999557,42.5214389996018 -78.1915579997279,42.5214470003371 -78.1952210000876,42.5214709998592 -78.1967759998874,42.5214820004082 -78.1972450006013,42.5215039996081 -78.2003320002917,42.5216530002569 -78.2006279995855,42.5216709998258 -78.2012100002111,42.521691000389 -78.2029819994791,42.5217350004044 -78.2046790000455,42.5217639996269 -78.206042999478,42.521752000003 -78.206771999935,42.5217520000936 -78.2074590004829,42.5217770002554 -78.2082840002462,42.521780000035 -78.2085860005615,42.5217920001147 -78.2092270005861,42.5217730001194 -78.2100139999906,42.5217570002897 -78.2109300000007,42.5217600001258 -78.2128550000884,42.5217549998184 -78.2143369999998,42.5217589997922 -78.2150749995926,42.5217469999334 -78.2161879996391,42.5217430003722 -78.2164229994706,42.5217320002832 -78.2166770004223,42.5217009996729 -78.2169019997538,42.5216839997832 -78.217342000094,42.5216800002534 -78.2175260000835,42.5216919998928 -78.2176389995259,42.5216919998715 -78.2177519998625,42.5217159996762 -78.2178819994287,42.521722999906 -78.2188149996002,42.521731000083 -78.2198300000451,42.5217270001186 -78.2207849997416,42.5217319999422 -78.2216829997531,42.5217579998715 -78.2220440005627,42.5217289997915 -78.2234919999509,42.5216189995815 -78.2237320000407,42.5216160000306 -78.2246930003134,42.5216099998972 -78.2265530000047,42.5215960003458 -78.2321370004724,42.5215559995576 -78.2351310004351,42.5215349997227 -78.2358010005274,42.5215720004266 -78.238481000284,42.5217230002544 -78.2404349995208,42.5217100000174 -78.2473770003114,42.5217130003983 -78.2487590002384,42.5217109998378 -78.2497800003389,42.5216450000505 -78.2502700001579,42.5216270000604 -78.2518900000862,42.5216009999429 -78.2569229996372,42.5215880000635 -78.2579489996374,42.5215849998323 -78.2620579998017,42.5215770000004 -78.2703019994592,42.521546999687 -78.2761520003093,42.5214950001157 -78.2772600002676,42.521484000376 -78.2787370000091,42.5214720000411 -78.2806209995939,42.5214719996381 -78.2812450002575,42.5214830003327 -78.2820710004129,42.5214720000045 -78.2845039994508,42.5214530002948 -78.2897190004829,42.5214129998411 -78.2900350001292,42.5214100000931 -78.2904450003442,42.5213970003052 -78.2921750003748,42.5213959995544 -78.2938160003926,42.521363000122 -78.295142999686,42.5213659999025 -78.2957770003097,42.5213609996472 -78.2964730001,42.5213579996445 -78.2972310000859,42.5213520003108 -78.3059429998109,42.521274000097 -78.308838999659,42.5212170002425 -78.3117980004614,42.5211750004266 -78.3170150000309,42.521101999826 -78.317661999754,42.5210920000541 -78.3183979997935,42.5210829995773 -78.3198739998984,42.5210680001618 -78.3272510003473,42.5209610001926 -78.3293359995417,42.5209309995962 -78.3412800004595,42.5207460002676 -78.3434690006018,42.5206920001127 -78.3439609994633,42.5206819996103 -78.3503670002843,42.5206179999088 -78.3542179995251,42.5205380002898 -78.3549850000407,42.5205270002305 -78.3580600004602,42.5204809999119 -78.3604549998911,42.520457999567 -78.3617790000075,42.5204239997394 -78.3624159998117,42.5204000003215 -78.363513000648,42.5203920004309 -78.3670440003147,42.5203500001248 -78.3692860000488,42.520296000159 -78.3720190004958,42.5202370003759 -78.3740119999406,42.5201970002374 -78.3766610000376,42.5201590000475 -78.3813220003504,42.5200800003521 -78.3845009995195,42.5200299999161 -78.3861559995846,42.5199870000682 -78.38838299944,42.519923000166 -78.3902730002514,42.5198809999323 -78.3943950000152,42.519807000376 -78.3998700003804,42.5196979998771 -78.4022659994412,42.5196409998032 -78.403752000129,42.5196249999742 -78.4038909995064,42.519595999951 -78.4040250006212,42.5195419998517 -78.4041979999088,42.5194300000866 -78.4043129997885,42.5193210000385 -78.4068279996799,42.5192969997375 -78.4080199996769,42.5192909998732 -78.4127899996724,42.5192709998043 -78.4149849996272,42.5192610000827 -78.415542999837,42.5192569999167 -78.4184880002604,42.5192429995547 -78.4213260002229,42.5192310004109 -78.4219669995719,42.5192290001435 -78.4245330004717,42.5192259996565 -78.425459000066,42.5192259998149 -78.4269159999299,42.5192240001361 -78.4327460001252,42.5192200001536 -78.4332640000244,42.5192219996625 -78.4353360001133,42.5192340000573 -78.4376380001112,42.5192290003919 -78.4445460005697,42.5192180001067 -78.4504469999235,42.5192090001623 -78.4581490001638,42.5191970000682 -78.4607159998744,42.5191939997861 -78.461393999904,42.5191940000688 -78.4639570004474,42.5191710004256 -78.4643289994472,42.5191750000519 -78.4645559994973,42.5191659998842 -78.4645000004186,42.51982799972 -78.4644990004272,42.5199629997383 -78.4643840005221,42.5218360003628 -78.4643429998846,42.5225209997637 -78.464255999666,42.5241209996606 -78.4642310001834,42.5248499999195 -78.4641789999933,42.5270839996824 -78.4640539998415,42.5306640000864 -78.4640769998432,42.5307539998753 -78.4640650004921,42.5317969999961 -78.4640590003761,42.5321869998473 -78.4639630001682,42.5355020001191 -78.463939999698,42.536331999715 -78.4639310004425,42.5364029997561 -78.463773000048,42.5415570000953 -78.4637319994524,42.5427250002732 -78.4637379994286,42.5428479995729 -78.4634740003894,42.5514710004079 -78.4633860000118,42.5542570001586 -78.4631639998594,42.5612979998709 -78.4629380001707,42.5684620001225 -78.4627480002866,42.58132099986 -78.4627440000386,42.5815479998093 -78.4626559998806,42.5874880003309 -78.462554000091,42.594290999712 -78.4625190004993,42.595801999761 -78.4624679994704,42.600604000453 -78.4623700004844,42.6065449996184 -78.4622330000797,42.6166570004193 -78.4622109997526,42.6172129997454 -78.4621649998327,42.620232000295 -78.4620450002852,42.6250300004012 -78.462544000274,42.6386740001194 -78.4625490001124,42.6393390001284 -78.4625669994577,42.6408359999415 -78.4628049994277,42.6469610001138 -78.4628469994963,42.6482430000825 -78.4628680004596,42.6491140002964 -78.4631679995718,42.6584079999298 -78.4632110004253,42.6598039995993 -78.4633020000509,42.6627229997427 -78.4633060003062,42.6628720000784 -78.463390000426,42.6664619995972 -78.4634760005557,42.6694309998492 -78.4634850005116,42.6703530001345 -78.4635290001793,42.6721410001608 -78.4635510003469,42.6733120001248 -78.463636000424,42.6783779999056 -78.4636690002569,42.6794779997778 -78.4637200001361,42.6848240000777 -78.4637269997392,42.6870779998235 -78.4637430000211,42.6908419998921 -78.4637400000365,42.6914619999149 -78.4637960000022,42.6935939999955 -78.4638010005788,42.6939180000776 -78.4638359995581,42.6977759997334 -78.463814000465,42.698903999669 -78.4638080004616,42.6999560002156 -78.4637839997217,42.7054729998377 -78.4637699996744,42.7066469996008 -78.4637430006327,42.7110590004155 -78.4637399997339,42.7113459997916 -78.4637250002179,42.7137240004422 -78.4637240005724,42.7137830001989 -78.463712999659,42.7158240001088 -78.4637190000978,42.7159839997376 -78.4636980001073,42.7178739996759 -78.4637119997451,42.718397999811 -78.4636940004815,42.7202749999607 -78.4636699998462,42.7226829999723 -78.4636519996172,42.7246049995622 -78.4636420000192,42.7255910003662 -78.4636049999161,42.7294109995674 -78.463562000326,42.7338959997973 -78.4635379999031,42.7370769995796 -78.4634170000808,42.7482629997657 -78.4634220003246,42.7501190001355 -78.4634419999867,42.7536200002182 -78.4634419999301,42.7546200000205 -78.4634469996085,42.7615940003679 -78.4634310004086,42.7639039997144 -78.4634670003575,42.7696369999706 -78.4632330005875,42.7804610003514 -78.4829590002006,42.780618999893 -78.4835009998147,42.7806230001066 -78.488143000233,42.780660000247 -78.4881179998793,42.7815709997939 -78.4880789996009,42.7832060004203 -78.4880699998482,42.7835359996332 -78.4879480003302,42.7884420001673 -78.487677000029,42.799141999602 -78.4876759998385,42.7992400002161 -78.4876259998799,42.8025759999652 -78.4876189998447,42.8031530002415 -78.487552999855,42.8039490002182 -78.4875510001397,42.8049080001188 -78.4873980002148,42.8084830000398 -78.4872730002891,42.8134309996026 -78.4872629995821,42.813786000172 -78.4870750002628,42.8220709997826 -78.4870670001872,42.8224379999826 -78.4869989996346,42.8241829996652 -78.4867990001255,42.8325560003104 -78.4867979996383,42.8325859999839 -78.4865910001296,42.8411440002852 -78.4864550000096,42.8467380002998 -78.4863899998785,42.8496780000632 -78.4863890003007,42.8496870003816 -78.4863080003571,42.8543640002826 -78.4862490006065,42.8573300002158 -78.4861499999238,42.8616629996163 -78.4862360001263,42.8666039997399 -78.486255999497,42.8677309996358 -78.4796719994346,42.8675939999385 -78.4781690001587,42.8675789997814 -78.4751190001625,42.8675590003282 -78.4643810004507,42.8674609997957 -78.4643110003232,42.8719970002447 -78.4642870001726,42.8732509996635 -78.4642580003262,42.8750530000468 -78.4642200003503,42.877123000007 -78.4641949999773,42.87835100011 -78.4641079998476,42.8825029996062 -78.4640860005392,42.8861520000951 -78.4640670000762,42.8868100002174 -78.4640420000481,42.8882790001556 -78.4639460001806,42.8937810001097 -78.4639189996765,42.8951329999062 -78.463875999652,42.8964899996895 -78.4638550004828,42.8999089996179 -78.4638559995598,42.9010239999487 -78.4638579996784,42.901614000101 -78.4638550001528,42.9038650004077 -78.463845999682,42.9087130002879 -78.4638419995085,42.9109859998271 -78.4638109996717,42.9153209997313 -78.4638500003409,42.9206040003542 -78.4638619997957,42.9221720002497 -78.4638700005662,42.9238839995553 -78.4638870004915,42.9243250002707 -78.4639559997501,42.9309909998745 -78.4640050002873,42.9343380004013 -78.464045000386,42.938254000199 -78.464051000186,42.9382889997009 -78.4642409995515,42.9466980000067 -78.4642429999945,42.9467749999459 -78.4642490002933,42.9484859998141 -78.4642280003047,42.954362999626 -78.4642310001667,42.9545550003474 -78.4642689999455,42.9551809998036 -78.4642800000699,42.9553070002991 -78.4642949996681,42.9559610002443 -78.4643260002655,42.9566400001251 -78.4643169996225,42.9574129997208 -78.4643329999322,42.9604660003132 -78.464345999697,42.9631899995702 -78.4643290004274,42.9641669997217 -78.464313999886,42.9654690001678 -78.4643300004209,42.9673830000964 -78.4643139997615,42.9687119999363 -78.4642810005718,42.9694419997861 -78.4642349999127,42.9738650003448 -78.4642330004735,42.9744300003449 -78.4641909996236,42.9761589995955 -78.4642400004118,42.9762999995914 -78.4638499998934,42.9857419998353 -78.4638279999489,42.9865839999133 -78.463543999635,42.99795599981 -78.4633769995417,43.0022370002498 -78.4632290005146,43.0064789995454 -78.46318099971,43.0078079996136 -78.4631440003556,43.0096779996635 -78.4630519998216,43.0134130002268 -78.4632379996599,43.022087999923 -78.4634840004423,43.0329909996426 -78.463540999801,43.0355100002262 -78.4636439994889,43.0392940002012 -78.4636439996042,43.0393180000564 -78.4638349998942,43.0417700001593 -78.4638379999396,43.0418909997785 -78.4638460005322,43.0439560003679 -78.4641330003109,43.0543950000905 -78.4642449997914,43.0649580001406 -78.4642639998521,43.0677109996585 -78.4642540000548,43.0790380004282 -78.4642270002753,43.0802329996725 -78.4642289994393,43.0803029997968 -78.4644490001443,43.0887030003518 -78.464584000177,43.0886500003014 -78.4647750005597,43.0885309998036 -78.4650039998224,43.0883260002629 -78.4651720002717,43.0881540001935 -78.4653470005947,43.0880389998234 -78.4654619998626,43.0880090003857 -78.4656369994565,43.087985999892 -78.4660489994552,43.0879780004128 -78.4665040000599,43.0880549997381 -78.4668799997733,43.0881079997317 -78.46728799955,43.0880920001514 -78.4676480002847,43.0879960003903 -78.4678190005985,43.0879210000889 -78.4679180001682,43.0878410000214 -78.4680099994419,43.0877230000002 -78.4680179998532,43.0876499999588 -78.4680099996021,43.0875280003404 -78.4679640000669,43.0873830000155 -78.4678120003043,43.0871389998017 -78.4677199999737,43.0870290000734 -78.4675749999988,43.0869479996876 -78.4673689997735,43.0868569997373 -78.4663010003942,43.0864180003742 -78.4652710006025,43.0862009998681 -78.4651569999073,43.0861280000366 -78.4651259998226,43.0860859996688 -78.4651569994927,43.0859680000412 -78.4652179995167,43.0859030004426 -78.4654919997824,43.0856819998265 -78.4656309996226,43.0855909999279 -78.4660139995528,43.0854909999703 -78.4662249999711,43.0854129999937 -78.4666579996274,43.0851610003939 -78.4674919997008,43.0846190002637 -78.4682580006549,43.0840970003277 -78.4684690001583,43.0839400001703 -78.4686739994101,43.0837059999174 -78.4688720001729,43.083404999845 -78.4690169998203,43.0832730002453 -78.4692990000294,43.083059999735 -78.469620000228,43.0828550003576 -78.4697360000194,43.0827970003468 -78.4705890004897,43.08243900027 -78.4706880006439,43.0823860002959 -78.4715039995016,43.0818370002743 -78.4718860004215,43.0815960001163 -78.4720380002772,43.0815200004209 -78.4721450001659,43.0814970000697 -78.4722820005621,43.0814969997134 -78.4723819996875,43.0815279998497 -78.4724730000976,43.0815890003624 -78.4725370004382,43.0816499999654 -78.4726029995017,43.0817409999193 -78.472632999523,43.0818290004411 -78.4726280005356,43.082008000054 -78.4725999994851,43.0821600000184 -78.4722900000865,43.0825770002364 -78.4722559997062,43.0826590001595 -78.4721260000084,43.0831110001414 -78.4719700003694,43.0834690000731 -78.4717329995141,43.0837969995874 -78.4717119996092,43.0838959998661 -78.4717249999913,43.0840260003396 -78.4718090005384,43.0841259997963 -78.4719159998455,43.0842020004419 -78.4720380001044,43.0842320002903 -78.4722519994654,43.0842509999634 -78.4723279994734,43.0842319997862 -78.4724959998364,43.0841520000807 -78.4725719997077,43.084079999568 -78.4726509994934,43.0838009997138 -78.4727169999023,43.0836790002868 -78.4728389994382,43.0836070002505 -78.4730299998636,43.0835460004054 -78.4734089999211,43.0834679999573 -78.4735180001668,43.0834270000783 -78.4736790005001,43.0833359997967 -78.4737630001949,43.0832330000615 -78.4739720003654,43.0828770000426 -78.4740679999444,43.0827899998232 -78.4741670004356,43.08275999983 -78.4744170002855,43.0827340002756 -78.4745410001142,43.0827520002886 -78.4746400004624,43.0827879998057 -78.474685999753,43.0828439999536 -78.4747159999287,43.0829349999743 -78.4747090004183,43.0830569995431 -78.4745709994255,43.0833659998537 -78.4744570001601,43.0838929996273 -78.4743419998438,43.0840610000008 -78.4741289995421,43.0842739999981 -78.4740829997392,43.0843960000562 -78.4740909995696,43.08452600006 -78.4741519995488,43.0846479999508 -78.4742200004566,43.0847019998366 -78.4743729996612,43.0847549996981 -78.4751049994484,43.0847629997071 -78.475265999731,43.0847970001117 -78.4753570001661,43.0848390001777 -78.4754100004725,43.0849000003519 -78.4754709994728,43.0850449998393 -78.4754559995829,43.0851399997969 -78.4753950001012,43.0852579995711 -78.4752350003076,43.0856820001983 -78.4752119997028,43.08579600017 -78.4751960001481,43.0859409999506 -78.4752270005889,43.0860479998046 -78.4752880003703,43.0861240002806 -78.4754100002093,43.0862350003745 -78.4756470002306,43.0863299996844 -78.4758379995479,43.0863379996241 -78.4763789996841,43.0862850002917 -78.4766770001337,43.0862460000365 -78.4767990003951,43.0861889997419 -78.4769360001749,43.0860639998854 -78.4770199996536,43.0858839997346 -78.4770429997199,43.0856700001806 -78.4770200004295,43.0856019997213 -78.4769589997033,43.0855519996669 -78.4767149996667,43.085411000237 -78.4766389997386,43.0853879995596 -78.4765400004482,43.0853000001496 -78.4765010000725,43.0852050002885 -78.476531999982,43.0849799997061 -78.4766080000013,43.0848879999097 -78.4766919998837,43.0848349999222 -78.4769299998193,43.0847289997463 -78.4771190002751,43.0847240001108 -78.477744999748,43.0848080002574 -78.4778880002735,43.0848219996988 -78.4780269997475,43.0848159998513 -78.4781649995106,43.084784999606 -78.4784700003021,43.0846900002277 -78.4790189999664,43.084464999595 -78.479308999581,43.0843729999817 -78.481117000542,43.0838999996912 -78.4816210002857,43.0837779995803 -78.4816889999974,43.0837779999591 -78.4817810005574,43.0838319998422 -78.4818420002551,43.0839160003106 -78.4818649995071,43.0840419997603 -78.4818529999908,43.0841639998458 -78.4816589999829,43.0851590000838 -78.4816859995095,43.0852800003213 -78.4817659994233,43.0853459996111 -78.4825970005847,43.0856899998938 -78.4827579995329,43.0857620002825 -78.4828870000654,43.0857849997865 -78.4830249999327,43.0857729998375 -78.4833520000098,43.0857270001255 -78.4836270001446,43.0857770003434 -78.4836960001818,43.0857960004146 -78.4846679999888,43.0861629999885 -78.4847790001642,43.0861740002155 -78.4848710001176,43.0861549999653 -78.485246999669,43.0859850001491 -78.4854000006164,43.0859089998905 -78.4862589995939,43.0853920003309 -78.4863510000796,43.0853039998591 -78.4865569997044,43.0851360001114 -78.4866639999683,43.085013999867 -78.4868730003789,43.0846579999656 -78.4871439995662,43.0842900004098 -78.487747000575,43.0835949996777 -78.4883800006004,43.0830570000854 -78.4888230001966,43.0827600002231 -78.4889450004659,43.0827100000658 -78.4891429994242,43.0826800002372 -78.4893110000862,43.0826840004471 -78.4895879999269,43.0827430002455 -78.4898160000259,43.0828259996718 -78.4899250002702,43.082874999901 -78.4906389997708,43.0833849998357 -78.4910899998703,43.0836419997939 -78.4916460004447,43.0839550003167 -78.4919430001127,43.0840610000801 -78.4922099996589,43.0841329997825 -78.4924849996241,43.0841830002519 -78.492607000505,43.0841749998982 -78.4926829994809,43.0841410002459 -78.4927220003508,43.0840870001038 -78.4927359997826,43.0839969995643 -78.4925540002472,43.08323700029 -78.4925229996499,43.0826380002859 -78.492438999441,43.081965999621 -78.4924469995534,43.081881999785 -78.4925000001654,43.0818250004349 -78.492590999698,43.0817920001952 -78.4927280000913,43.081794000222 -78.4929349995166,43.0818370000093 -78.4930949995804,43.0819659997507 -78.4934009999421,43.0823750000975 -78.4935150005044,43.082484999825 -78.4935910004505,43.0825459997871 -78.4936680001541,43.0825840003837 -78.4937519996848,43.0825919996083 -78.4939500001913,43.0825730003684 -78.4941940004669,43.0825270002294 -78.4945530004973,43.082420000405 -78.494758999851,43.0823329996287 -78.4955139995097,43.0819360000239 -78.4956280002764,43.081890000089 -78.4959639999222,43.0818100003568 -78.4962919997269,43.0817529997152 -78.4964980005541,43.0817509999542 -78.4973199997506,43.0819180000719 -78.4978490000049,43.0820330002392 -78.4979170005432,43.082076999798 -78.4979320001929,43.0821340004275 -78.4979320005263,43.0824089996248 -78.4978639996415,43.0825159995698 -78.4976810001959,43.08271399989 -78.4976609997914,43.0828219996197 -78.4976809995867,43.0829049997596 -78.4977490002961,43.0829770003871 -78.4978789997568,43.0830230003412 -78.4980239998403,43.0830119997555 -78.49816900033,43.0829619998258 -78.4983829996226,43.0828549995884 -78.4986420000587,43.082802000333 -78.4987869994687,43.0828170000315 -78.4988559995016,43.0828359999297 -78.4993799997809,43.0831340000627 -78.4994890003908,43.0832330001098 -78.4995649997415,43.0833469997538 -78.4996030000015,43.0834770002507 -78.4995890005207,43.0836219996219 -78.4995500005038,43.0838090001692 -78.4994739998564,43.0839500004115 -78.4993209998513,43.0840530002947 -78.4990309999104,43.0841519998464 -78.4988780004543,43.084194000051 -78.4984280003232,43.0842970001716 -78.4983059998501,43.0843469996519 -78.4982380002804,43.0844039997568 -78.4980929998144,43.0846099999448 -78.4979480000739,43.0848810002928 -78.4977419995811,43.0851970000759 -78.497687999566,43.0853229998657 -78.4976199996896,43.0854260001198 -78.4975430000002,43.085460999787 -78.4971790004581,43.0855899998852 -78.4970170000622,43.0856779998107 -78.4969100004983,43.0857850002937 -78.496857000133,43.0858570002195 -78.4968189995308,43.0859530000749 -78.4968189996851,43.0861170001156 -78.4968570003593,43.0862730000177 -78.4968870001662,43.0864449995764 -78.4969709999411,43.0865590001378 -78.4971009995381,43.086665999988 -78.4972690003714,43.0867650002917 -78.4974290001162,43.0868379999559 -78.4976400000717,43.0869209995791 -78.4979099996003,43.0870019995759 -78.4982150000644,43.0870549999338 -78.4983139999467,43.0870479999791 -78.4984210004801,43.087017000277 -78.4990229999813,43.0867859999716 -78.4991910004437,43.0867040000299 -78.4998929997687,43.0864329998647 -78.5003590005007,43.0861550000393 -78.5005310002651,43.0860790000443 -78.5007250000268,43.0860209998612 -78.5009159998648,43.0860020003285 -78.5011749999646,43.085998999787 -78.5012970003138,43.0860209998551 -78.5014649998149,43.0860819997011 -78.5018620005962,43.0861979995573 -78.5022589999242,43.086282999735 -78.5025289996045,43.0864110003914 -78.502800000156,43.0865750002889 -78.5028779996244,43.0866470001757 -78.5029449997542,43.0867460001185 -78.5029450006418,43.0868990000919 -78.5029299998949,43.0870319995801 -78.5028840002942,43.0871240003676 -78.5028309994646,43.0871999998421 -78.5027619995478,43.0872539998974 -78.5026960002278,43.0872799997336 -78.5020369999793,43.0874209999931 -78.5018019998272,43.0875000003897 -78.5013279998877,43.0877639999078 -78.5011260000627,43.0879190002738 -78.5009770005786,43.0880889996459 -78.5008769999072,43.0883059997011 -78.5007780001841,43.0885959998359 -78.5007100002228,43.0889699995519 -78.5007240003275,43.0890620002753 -78.5008089995278,43.0891149998011 -78.500915999808,43.0891269999697 -78.5013199998559,43.0891080001292 -78.5015109995765,43.0890850000749 -78.501663000245,43.0890539998594 -78.5022810000211,43.0887829996306 -78.5026089997764,43.08873000002 -78.5028310004684,43.0887150001882 -78.5031279994713,43.0887150002282 -78.5034110000535,43.0887729998593 -78.5035380002561,43.0888320002604 -78.5037769994318,43.0889660001942 -78.5041120000217,43.0892369998508 -78.5043429995405,43.0894009996341 -78.5044780005558,43.0895499997442 -78.5046040003173,43.0898539998628 -78.5046689998372,43.089980999796 -78.5047759996608,43.0900500003595 -78.5048900005084,43.0900800004189 -78.5050430000889,43.0900839997838 -78.5051879998702,43.0900609996626 -78.5053860005514,43.0900119995948 -78.5057439996951,43.0898249999639 -78.5058820005196,43.0897329995685 -78.5059970001509,43.0896910004424 -78.5060880001677,43.0896869996926 -78.5061380001602,43.0897279998414 -78.5061720003325,43.089801999952 -78.506179999747,43.0899279996484 -78.5062029999991,43.0900960002111 -78.5060890003279,43.0905860001521 -78.5060270001887,43.0907289998646 -78.5058519999312,43.0909459998646 -78.5051729999969,43.0916020004365 -78.5051269995101,43.0916940003098 -78.5051039997839,43.0918240003415 -78.5051500004459,43.0919609996994 -78.5052109995355,43.0920749998189 -78.5053479995116,43.092262000205 -78.5054549996496,43.0923420000336 -78.5056079994857,43.0924299996163 -78.5058519998424,43.0925480003695 -78.5059780000308,43.0926840003923 -78.5061189994655,43.0928879996727 -78.5061310004096,43.0929680003843 -78.5061190003648,43.0930710001868 -78.5060199999197,43.0931550003112 -78.5059199998537,43.0931889995696 -78.5057600003471,43.0932009998041 -78.5055920003438,43.0931820002044 -78.5053579999836,43.0931269997659 -78.504745000308,43.0929029997687 -78.5045619999455,43.0928039997169 -78.5043720004857,43.0926739995757 -78.5042109996192,43.0925139998002 -78.5041089995636,43.0923709998263 -78.5039439999874,43.0918959997987 -78.5038600006344,43.0917130002351 -78.5037079998902,43.0915149996404 -78.5035890001958,43.0914340001156 -78.503478999985,43.091415000338 -78.5033450001706,43.0914620002157 -78.5032729995749,43.0915489996723 -78.5032500004914,43.0916139999358 -78.5032879994295,43.0918579998878 -78.5033040003876,43.092006999648 -78.5032959995197,43.0921520000147 -78.5034329996364,43.092552000394 -78.503661000103,43.0931110003564 -78.5037260003188,43.0932379998537 -78.503967000494,43.0935210004179 -78.5040510006106,43.0935940003334 -78.5041889996778,43.0936780003265 -78.5043950004231,43.0937649995474 -78.5045620002568,43.0938219997209 -78.5046920001851,43.0938300001557 -78.5048749999794,43.0938189996023 -78.505324999672,43.0937420002905 -78.5054469998299,43.093739000367 -78.5057980002551,43.0937769996974 -78.5060200002896,43.0938300002423 -78.5062030002781,43.0939030003453 -78.5067230000687,43.0942150002913 -78.5068379999679,43.0942629996146 -78.5069810002998,43.0942899999295 -78.5071260000868,43.0942879995847 -78.5072499999112,43.0942549996196 -78.5074689994744,43.0941850002099 -78.5075740002202,43.0941249998047 -78.507683000474,43.0940249996107 -78.5078879999204,43.0937679996037 -78.5083759998565,43.0933849999678 -78.5085909995501,43.0932879999419 -78.5088960002939,43.0932540001591 -78.5090030006481,43.0932620004032 -78.5091089996172,43.0933000004511 -78.5091780005725,43.0933800001521 -78.5092929999635,43.0936050000733 -78.5093310005335,43.0937390001433 -78.509330999972,43.093829999791 -78.5093150005459,43.0939449996155 -78.5092849998504,43.0940089996278 -78.5089490002709,43.0944940000454 -78.5088419999776,43.0947300000903 -78.5088230001287,43.0951569998485 -78.5087509996094,43.0953519997082 -78.5086899995719,43.0954859995977 -78.508385000452,43.095866999914 -78.5083199995962,43.0959639997465 -78.5083239999909,43.0960539995922 -78.5083469998225,43.0961609997372 -78.5084610006348,43.0962790001957 -78.5085600001858,43.0963170003968 -78.5086360001808,43.0963670000537 -78.5087360000515,43.0963860001848 -78.5091930005489,43.0963519996795 -78.5093079995909,43.0963670002743 -78.5094379998696,43.0964130002955 -78.5096630004783,43.0965359997177 -78.5098570004665,43.0966839998765 -78.5099639999161,43.0968210002475 -78.5099790003636,43.0969090000901 -78.5099390000794,43.0969560002544 -78.5097349997833,43.0973239999288 -78.5097049998949,43.0974349998372 -78.5097349998001,43.0976910001571 -78.5097429996604,43.0979269997461 -78.5098039994848,43.0980340003957 -78.5099260005147,43.0980639999375 -78.510056000268,43.0980719996158 -78.5102229999387,43.0980340004334 -78.5103839998203,43.0979580001843 -78.5105590005489,43.0978160003982 -78.5106509994904,43.0976559996898 -78.5107440003473,43.0974470000745 -78.5111159996797,43.0969619996312 -78.5112079994631,43.0967979998575 -78.511463000053,43.0958860003851 -78.5114830002754,43.0957309995508 -78.511535999658,43.0956570004291 -78.511611999915,43.095591999767 -78.5120389997349,43.0953669999877 -78.5121229999302,43.0953370003269 -78.5122599994482,43.0953289996556 -78.5126269994377,43.0953369996635 -78.51273299974,43.0953099996438 -78.5128100001444,43.0952680000655 -78.5128780003354,43.0952029995506 -78.5130309994441,43.0947989999094 -78.5131529998272,43.094700000421 -78.5132449999415,43.0946540000809 -78.5133820005459,43.0946429997692 -78.5136370001617,43.0946430001598 -78.5139170005292,43.0946799995524 -78.5143730000019,43.0947789997182 -78.5148389995624,43.0948750001774 -78.5149689994041,43.0948749998067 -78.5150910004642,43.0948300003144 -78.5151900001302,43.0946879998316 -78.5152870003726,43.0941659996402 -78.5152910002074,43.0939549995542 -78.5151910003997,43.0936210000592 -78.5150070006123,43.093291999639 -78.5149770000242,43.0931850000665 -78.51496899961,43.0930370003601 -78.5150150003201,43.0929409997948 -78.5150990004676,43.0928499999138 -78.5156019996714,43.0924449999355 -78.5159680005541,43.0922089999175 -78.5160599996791,43.0921289999012 -78.5161129994763,43.0919460004467 -78.5160519997277,43.0917400000371 -78.5159839999097,43.0916399996854 -78.5158770005131,43.0915530003085 -78.5157849997361,43.0915070001461 -78.5150529994751,43.0913309996513 -78.5146409998448,43.091248000223 -78.5145569996991,43.0912439997654 -78.514412000527,43.0912700001428 -78.5142009997546,43.0913550004218 -78.5141070005609,43.0913729999421 -78.5140300000098,43.0913700002929 -78.5139849996285,43.0913239995766 -78.5139469996666,43.0912359996657 -78.5139310003697,43.0911480004066 -78.5139390000006,43.0910190000828 -78.5140099999724,43.0907539997369 -78.5140989998658,43.0903630004194 -78.5141449998426,43.0902900004167 -78.514235999937,43.0902369998654 -78.514464999479,43.0901719999456 -78.5145800005764,43.0901640004014 -78.514946000279,43.0902179999565 -78.5156710002848,43.0905080002953 -78.5158229997264,43.090542000406 -78.5161019994878,43.0905159995956 -78.5164140002507,43.0904669999768 -78.5165720003103,43.0904120000705 -78.5166400006324,43.0903780001018 -78.5167450003255,43.0902840001728 -78.517029000121,43.0899660003408 -78.5171129995032,43.0898969997886 -78.5172809996502,43.0898400002546 -78.5175479995718,43.0897940004144 -78.5178989999988,43.089801999712 -78.5182890000232,43.0897230001679 -78.5185510004911,43.0896409998242 -78.5190309997308,43.0893360002776 -78.5195690000715,43.0890389997312 -78.5200420004755,43.0888050002571 -78.5202329995128,43.0887599996109 -78.5204390003631,43.0887340000689 -78.5206450001868,43.088759999834 -78.5207899997693,43.0887989998811 -78.5208819994559,43.0888750003148 -78.5210720002794,43.0892220004267 -78.5213089999313,43.0897900000211 -78.5213699996474,43.0898780001129 -78.5214440000654,43.0899419997458 -78.5215679999619,43.0900150003814 -78.521712999453,43.0900309999341 -78.5218199994725,43.090018999744 -78.5220410002173,43.0899429997817 -78.522141000348,43.0898699999816 -78.5222779994265,43.0897219998858 -78.5223770002551,43.0895609996417 -78.5222930000586,43.0885929996604 -78.5222169998444,43.0883140001436 -78.5222239995058,43.0882109997527 -78.5222630000767,43.0881499999884 -78.5223919995841,43.0880579996082 -78.5224690001283,43.0880170001603 -78.5228880006021,43.0879099996034 -78.5229950004295,43.0878980001314 -78.5232070000741,43.0878909995871 -78.5237659997585,43.0879100001013 -78.5247190004492,43.0880780002661 -78.5249809997847,43.0880880004442 -78.525337000359,43.0880320001392 -78.5254970002508,43.0879750003103 -78.52566499944,43.0878829997349 -78.5262220005453,43.0876119997192 -78.5264360003056,43.0875629998791 -78.5267260002881,43.0875400002402 -78.5270609997418,43.0875629999542 -78.5272669998199,43.0876310003677 -78.5275420002851,43.0877300002215 -78.5276789994704,43.0877909997055 -78.5279680006344,43.0879760001209 -78.5280610001973,43.0880620003995 -78.5281220000058,43.0881419996846 -78.5281069993988,43.0882449997775 -78.5280690003736,43.0882989998599 -78.5279690005713,43.088352000188 -78.5276109999774,43.0884629998991 -78.5273060002679,43.0885930003538 -78.5266719995701,43.0889659996693 -78.5266420003785,43.0890269995822 -78.5266039997949,43.0891760000788 -78.526610999472,43.0892600001964 -78.5269700006282,43.0903630003373 -78.5270159999087,43.0904310000516 -78.5271830006225,43.0905770001392 -78.5272959997481,43.0906200002225 -78.5274050004512,43.090649000248 -78.5275730003607,43.0906490003117 -78.5280000002279,43.0905720003016 -78.5286010005446,43.090417000311 -78.5287320003981,43.0903470002373 -78.5288310004106,43.0902790000773 -78.5288929998579,43.0902210002257 -78.5289760005279,43.0901150000285 -78.5289909998164,43.0899979998889 -78.5289689998165,43.0898059998103 -78.5288769996012,43.0896260004544 -78.5284579997561,43.0892220000403 -78.5282589996099,43.0889050000667 -78.5282140005393,43.0887720003813 -78.5282060002689,43.0886959996148 -78.5282440003885,43.0885699997048 -78.5283279998271,43.0885429999467 -78.5284880003124,43.0884550003446 -78.5286789995592,43.0883669996486 -78.5289310005291,43.0882030003644 -78.5292820000217,43.0880619995799 -78.5297469999052,43.0877489997685 -78.5298999998101,43.0876879997909 -78.5300449997257,43.0876879998096 -78.5302199996864,43.0877300003942 -78.5303039994498,43.0877760001443 -78.5304910006391,43.0877970001103 -78.5306019995193,43.0877489997533 -78.530730999808,43.0876810003844 -78.5311359998556,43.0873759998684 -78.5312419997394,43.0873409999555 -78.5313950004475,43.0873490003351 -78.5315400003155,43.0874020001931 -78.5317149999821,43.0875319997755 -78.5317990004384,43.0876540003255 -78.5318530005198,43.0877840003814 -78.531853000285,43.0879359997338 -78.5319519997773,43.0885930003403 -78.5320049996898,43.0886649999689 -78.5320890003062,43.0886959998428 -78.5322339997431,43.0886920002972 -78.532410000293,43.088660999836 -78.5325550004391,43.088585000133 -78.5327610001179,43.0884399995647 -78.5328850004205,43.0882850001083 -78.532996999824,43.0881650000832 -78.5331479996107,43.08792500006 -78.5337830002217,43.0868799998069 -78.5340350000139,43.0865629995753 -78.5344309998861,43.0861819999831 -78.5347369999603,43.0859910002266 -78.5349809994217,43.0859379997748 -78.5352250005148,43.0859109999067 -78.5357209997812,43.0856320003174 -78.5361330004598,43.0854910001656 -78.5362700005941,43.0854910002986 -78.5364299999664,43.0855639999681 -78.5365599998692,43.0856779999884 -78.5366739995747,43.0858959998776 -78.5368040002719,43.0862730003572 -78.5368170000313,43.0864269995956 -78.5368270000057,43.0867500000926 -78.5368580004811,43.086819000206 -78.5376819996149,43.08733000004 -78.5380480002424,43.0874329996381 -78.5382920005605,43.0874209998286 -78.5384689996935,43.0873739999032 -78.5386730001231,43.0872759999695 -78.5388110003893,43.0870899999863 -78.5390850001254,43.0869099997703 -78.5391309998028,43.0868640002768 -78.5391309999164,43.0867580004534 -78.5390780005918,43.0865709996223 -78.5390470002934,43.086539999713 -78.5388640001079,43.0864299999695 -78.5386810005353,43.0863690003395 -78.5382159999937,43.0863000001682 -78.5380859995517,43.0862390001972 -78.5380330004583,43.0861820000894 -78.5379870005833,43.0860750004234 -78.5380020003857,43.0860139999933 -78.5380860005132,43.0859110001474 -78.5382999996042,43.085803999995 -78.538459999638,43.0857390001671 -78.5386280004915,43.0857050000544 -78.5390470000877,43.0857090002495 -78.5397570002258,43.0856779997513 -78.5399170004202,43.0856930001622 -78.5400000003134,43.0856699997664 -78.5401149996428,43.0857510004384 -78.5402540004223,43.0858919997945 -78.5403940003628,43.0862030000957 -78.5403349996763,43.0865559998733 -78.5401609999507,43.0870900003757 -78.5401459996602,43.0871659996015 -78.5402149997673,43.0873530003795 -78.5403120000839,43.0874779998355 -78.5404360000327,43.0876010004305 -78.5405959999052,43.0876960003319 -78.5407409998822,43.0877490001446 -78.5409010004838,43.0877879996303 -78.5410919997803,43.0877949996868 -78.5414430003602,43.0877720002992 -78.5417560001382,43.0877110001793 -78.5418540006484,43.0877060003366 -78.5419769999253,43.0877339997745 -78.5420610000831,43.0878029999863 -78.5421140002095,43.0878720002044 -78.5421369999106,43.0879750002053 -78.5421140005173,43.0880889995649 -78.5420079998645,43.0881990003292 -78.5417329998624,43.0882990002691 -78.5414730002746,43.0883450000155 -78.5413510004301,43.0883520001063 -78.5409159994137,43.0883219997723 -78.5404819995344,43.0882989996211 -78.5402829994719,43.0883520000233 -78.5402370005998,43.0884020003335 -78.5401989997725,43.0885240001731 -78.5403590005439,43.0889279995384 -78.5404209995025,43.089950999812 -78.5404429996844,43.0900920000693 -78.540519999514,43.0902629997451 -78.5406270005603,43.090426999588 -78.5408100004414,43.090594999681 -78.5414960003266,43.0910529997134 -78.5416870001215,43.0911369999728 -78.5419590004035,43.0912059995701 -78.5421840003966,43.0911460002994 -78.5422820005365,43.0910990001276 -78.5426249996722,43.0906940001867 -78.5429230003805,43.0901530000199 -78.5430070003325,43.0897600000166 -78.5429760002528,43.0895880001252 -78.5428770003871,43.0894320001294 -78.5428239996704,43.0893859995748 -78.5424190004372,43.0893169997834 -78.5423890006076,43.0892869998292 -78.5423890001068,43.0891379997981 -78.5424419999242,43.0890269997748 -78.542625000262,43.0888019997243 -78.542759999941,43.0887410002602 -78.5428850000922,43.088740999734 -78.5433430004611,43.0888439997723 -78.543633000431,43.0889209999752 -78.5438539994204,43.0890119997165 -78.5442890004423,43.0892369999729 -78.5446010006055,43.0894470000138 -78.5446620001478,43.0894999996984 -78.5450439996704,43.0901830003134 -78.5451950006371,43.0903400000347 -78.5454029999485,43.0904499999851 -78.5455470005041,43.0904770000914 -78.5457299999957,43.0904840001089 -78.54594400007,43.0904459996044 -78.5464859997321,43.0900610003185 -78.5466229996492,43.0900079998101 -78.5466769997601,43.0900079996573 -78.546821999672,43.0900650001582 -78.546889999524,43.0902560002422 -78.5469209997571,43.0908779998862 -78.5469589998241,43.0910220002167 -78.5470429995166,43.0911899995733 -78.5471879997376,43.0913510004452 -78.5473790000667,43.091498999881 -78.5473790003176,43.091557000424 -78.547461999536,43.0917510001096 -78.5474549998906,43.0919689999005 -78.5473559994148,43.0923229996081 -78.5472579997045,43.0925249996738 -78.5471699999279,43.0926720003296 -78.5470050003311,43.0928649995957 -78.5466230000158,43.093139999983 -78.5463939997823,43.0932849999678 -78.5463099996797,43.093314999595 -78.5461570003569,43.0933389997982 -78.5460740003301,43.0933299998651 -78.5456920003739,43.0932460002481 -78.5455320001433,43.093246000245 -78.5452269997432,43.0932849996286 -78.544587999628,43.0932679996967 -78.5443850006419,43.0932800002441 -78.5441820004224,43.0932660002516 -78.5440670004027,43.0932270001908 -78.5440220006001,43.0931970003444 -78.54358699987,43.0927890001233 -78.5434880004545,43.0927619997065 -78.5434340000419,43.0927809999488 -78.5431369995654,43.0929409996293 -78.5427779997533,43.0930820001699 -78.5424039995108,43.0931969997151 -78.5420609996225,43.0932809997488 -78.541892999613,43.0932920002883 -78.5413960005756,43.0933029997347 -78.5413130002305,43.0933150003641 -78.5412669995085,43.0933489996112 -78.5411910001505,43.093463999882 -78.541106999698,43.093652999789 -78.5410840005229,43.0938380000051 -78.5410949995708,43.0939139995766 -78.5411380000422,43.0940060004437 -78.5413439996988,43.0941699996436 -78.5414430001036,43.0942570003798 -78.5417019998014,43.0945509999716 -78.5418619994107,43.0947419998537 -78.5420069999851,43.0949669998349 -78.5420910000736,43.0951580002481 -78.5421069999141,43.0952339995808 -78.5421139998922,43.0954250004042 -78.542090999792,43.0957109998024 -78.5420460003637,43.0958480003765 -78.5418850005791,43.0960999997276 -78.5418549999647,43.0961950000598 -78.5418559998858,43.0963260001678 -78.5419079996259,43.0964780003111 -78.542106999671,43.0966380003004 -78.5422739999264,43.0967100002142 -78.5423579999165,43.096737000165 -78.5425639996169,43.0967409999187 -78.5432589999971,43.0966869997974 -78.5438609999536,43.0966209996377 -78.544067000613,43.0966149997523 -78.5443730000592,43.0966449998848 -78.5445940004712,43.0967249998298 -78.5447770000085,43.0968479996457 -78.5448680004325,43.0969469999023 -78.5450290005372,43.0972060003188 -78.5452190000843,43.0975690003121 -78.5452730003449,43.0977480003493 -78.5452799996451,43.0979269997706 -78.5452650005822,43.0980829998691 -78.5452189995126,43.0984310001584 -78.5452579998549,43.098549000319 -78.5452959999148,43.0985910000202 -78.5454559996258,43.0986560003578 -78.5456159999929,43.0986860000767 -78.545822000388,43.0986939996684 -78.545860000069,43.0987050000968 -78.5459979999706,43.0986939997938 -78.546096999829,43.0986669996185 -78.5462340000676,43.0986020002014 -78.5463029996864,43.0985570002989 -78.5466539995723,43.09818599959 -78.5475769998089,43.0974460001712 -78.5477369999723,43.0973629995665 -78.5486450003776,43.0970420003159 -78.5492550002047,43.096905000435 -78.5498680000779,43.0967549999062 -78.5500789994347,43.0966679998127 -78.5501710006426,43.0965880003128 -78.5502240005429,43.0964779998116 -78.5502620002314,43.096370999824 -78.5502469996087,43.0962180000915 -78.5501789996345,43.09608800008 -78.5500950003221,43.096004000288 -78.5492550000346,43.0953560000937 -78.5491869995871,43.0952570003782 -78.5491550004823,43.095148999806 -78.5491560005166,43.095054999947 -78.5492709994564,43.0948910002481 -78.5493470005551,43.0945280000135 -78.5494000003368,43.0943570001939 -78.549484000555,43.0941539997351 -78.5495679995497,43.0939710002391 -78.5496599996526,43.0938150003012 -78.5497669996669,43.0936809997139 -78.5500639998368,43.093403000052 -78.5503360003791,43.0931829997385 -78.5507210002043,43.0929069997143 -78.5510969994908,43.0927519997944 -78.5516660005329,43.092544999762 -78.5524869999029,43.0923339997146 -78.5530239998929,43.0922509999271 -78.5531919999803,43.0922320002493 -78.5534580003281,43.0922240000989 -78.5537920000204,43.0922680002807 -78.5548100000571,43.0924799999896 -78.5550009997031,43.09247400041 -78.5551449998265,43.0924189999889 -78.5552370004767,43.092184000064 -78.5551759994343,43.091732000278 -78.5552600000548,43.0915529996561 -78.5554280003257,43.0914460000929 -78.5579510001662,43.0906839999694 -78.5601499996772,43.0899349998053 -78.5604479995429,43.0899010001968 -78.5606610001908,43.0899509998149 -78.5607429997718,43.0900100002519 -78.5608980001867,43.0902099995648 -78.5608750002191,43.0904049995871 -78.5606639999696,43.0907569997133 -78.5603639996184,43.091147999665 -78.5601270002853,43.0912899998217 -78.5594639999265,43.0915760001486 -78.559204000477,43.0917050001861 -78.5590130005428,43.0918430003084 -78.5588379997316,43.0920259997702 -78.5582769999224,43.092935999882 -78.5580439999425,43.0932200002496 -78.5578360006044,43.0934370000151 -78.5573879999392,43.0938450003326 -78.5570709996279,43.0940189995899 -78.5558399994942,43.0944980000108 -78.5548930000608,43.0949130001674 -78.5548100005119,43.0950700001378 -78.5548509999629,43.0952109997673 -78.5549700004671,43.0953450001035 -78.5552029994639,43.0953749999419 -78.5565869996622,43.0950359996155 -78.5570299997191,43.0949819999601 -78.5572129998946,43.0949750003941 -78.5573429994477,43.0949860002231 -78.5576319997606,43.0950809996007 -78.5580600005637,43.0955580000725 -78.5582959997786,43.0960120001943 -78.5583499998564,43.0961490003325 -78.5583499995438,43.0962330000997 -78.558296000581,43.096309999697 -78.5581730001928,43.0963969997658 -78.5581250001736,43.0964679996782 -78.5581130006468,43.0965460001546 -78.5581359998393,43.0966990000394 -78.5581590003755,43.0967710001772 -78.5582580005585,43.0969429997409 -78.5584340000871,43.097075999646 -78.5585629997114,43.0971409995769 -78.5587310000564,43.0972140002814 -78.5591139995865,43.0972920003607 -78.5594480001743,43.0973549997292 -78.5596239997687,43.0973660003382 -78.5597840001944,43.097358999883 -78.5599980005798,43.097336000225 -78.5602649994721,43.097279000416 -78.5606159994859,43.0971680002271 -78.5607870002996,43.0970920001272 -78.5610109996503,43.0969720000937 -78.5625229997934,43.0958980001051 -78.5632249994655,43.0954739997433 -78.5637889994568,43.0950360000775 -78.5640340001273,43.0948069996293 -78.5640720004639,43.0947300001592 -78.5640639999216,43.0946349997184 -78.5640030003047,43.0945550001485 -78.5635369998913,43.0941439998955 -78.5633620001457,43.094025000036 -78.5630950003689,43.093899000096 -78.5630110001184,43.0938190003684 -78.5629809997126,43.0937389998957 -78.563010999442,43.0936430001383 -78.5634960002304,43.092766000112 -78.5636060001015,43.0925410000775 -78.5636670002292,43.0923880003488 -78.563907000047,43.0915269996616 -78.5642399994597,43.0905149995832 -78.5644840005612,43.0888940004188 -78.5647010001736,43.0885539999587 -78.5649639999874,43.0883669996042 -78.5653229999874,43.0882190001426 -78.5671309999133,43.0880129999231 -78.5679019994706,43.0879630002195 -78.5684129995523,43.0880129998004 -78.5688099998347,43.0881649996979 -78.5691680003192,43.0884669998483 -78.5695420003,43.0886079997584 -78.5703430005723,43.0886690002488 -78.5711539996001,43.0884449997459 -78.5714110000548,43.088378999924 -78.5729540001197,43.088459000333 -78.5741349998433,43.0884739999054 -78.5743560001474,43.0884859997527 -78.5754549998283,43.0886080001707 -78.576247999767,43.088790999735 -78.5763699994654,43.088669000446 -78.5763020004537,43.0884249996272 -78.5761410003193,43.0882799997768 -78.5747760004084,43.0875019998448 -78.5743330002152,43.0871199995982 -78.5742340002962,43.0868800003824 -78.5742799997536,43.0866050003152 -78.5744929994415,43.0862349997016 -78.5751040001375,43.0858989996321 -78.5753100003219,43.0857389997373 -78.5753629998672,43.0855180000256 -78.5752939994413,43.0849339998118 -78.5747380005339,43.0831490002966 -78.5741649999612,43.0824090001479 -78.573775999787,43.0822529995633 -78.5732730005126,43.0822070000266 -78.5726470000384,43.082275000005 -78.572509999682,43.0822300004027 -78.5723719998195,43.0820499995923 -78.5723339999427,43.0817869995572 -78.5723719999544,43.0816960000379 -78.5724869995034,43.0815010004611 -78.5732689994378,43.080879000186 -78.5743100005148,43.0802079996134 -78.5749889999234,43.0799060003073 -78.5751650001356,43.0798450000625 -78.5754320005281,43.0797809996468 -78.5755770006215,43.0797580001982 -78.5757450001765,43.0797419999185 -78.575905000393,43.0797419999783 -78.5760650000617,43.0797580004353 -78.5762499999268,43.0797509997683 -78.5764850000062,43.0799129997962 -78.5766040000457,43.0800380000376 -78.5766909999719,43.0801829995681 -78.5767150002103,43.0803130003458 -78.576591000555,43.0813749996308 -78.5766369998739,43.0817070003372 -78.5767359996235,43.0818900001317 -78.5769650000185,43.0820960001004 -78.5776509997316,43.0824709996933 -78.5781779996579,43.0826640001106 -78.578255000108,43.0827409998503 -78.5782389996094,43.0829160001471 -78.5781859999857,43.0829849995888 -78.5772169995183,43.0835800004001 -78.5771180004998,43.0837780000154 -78.5771299996784,43.083881999731 -78.5772710002481,43.0841409997401 -78.5782320003994,43.0845150002867 -78.5784230000015,43.0846020001901 -78.5792080003415,43.0852279999828 -78.5793079999501,43.0853770002967 -78.5793149997658,43.0855790002351 -78.5791399997671,43.0860400002535 -78.5784679997287,43.0870510001663 -78.5782009995007,43.0874979999819 -78.5781560004902,43.0877490003875 -78.578239000446,43.087921000019 -78.578293000159,43.0879709999114 -78.5785829995066,43.0879940000951 -78.5788880005515,43.0878639997115 -78.5794910002182,43.087516999975 -78.5798569999914,43.087428999643 -78.5802309996262,43.0875470003219 -78.5812530005799,43.0887870004151 -78.5815199995436,43.0889169996276 -78.5817569994754,43.0889280002038 -78.5820309996365,43.0888859996533 -78.5824970001686,43.0886539998692 -78.5845569998017,43.0866550003243 -78.5848080000851,43.08631500036 -78.5850750002297,43.085632000271 -78.5851360005892,43.0851899999684 -78.5850890001503,43.0845739999583 -78.5848259996404,43.0841439997554 -78.5844800004136,43.0837290002854 -78.584319999559,43.0836099996836 -78.5837169998817,43.0832180003689 -78.5834350001143,43.0830759999643 -78.5823499999795,43.0825900003536 -78.5821230002198,43.0824999999439 -78.5819469996637,43.0823669995748 -78.5816350005117,43.0821110000067 -78.580772000605,43.0812910000833 -78.5805049995648,43.0809820003997 -78.5803320002364,43.0807370001113 -78.5802310006443,43.0804440004275 -78.5801930002585,43.0801699996231 -78.5802459995117,43.0799639996992 -78.5804439997992,43.0795820002241 -78.5812990001765,43.0785140001132 -78.5817729994396,43.0779260002425 -78.5821299999804,43.0774990001334 -78.582519999847,43.0772549997886 -78.582976999467,43.077091000363 -78.5833660002751,43.0769769996915 -78.5841139997533,43.0768589997285 -78.584244000517,43.0767140002921 -78.584395999633,43.0763930001685 -78.5843729999533,43.0762109998753 -78.5842819994687,43.0760649998941 -78.5840989997385,43.0759579999974 -78.5838779998399,43.0759279995747 -78.5831760000908,43.075892999792 -78.5829540006072,43.0758359995893 -78.5827360000896,43.0756930001139 -78.5826030005334,43.0755120004273 -78.5825770003525,43.0753590003978 -78.5826559999893,43.0751499999595 -78.5828170002178,43.0749699997114 -78.5831010002582,43.0747849996347 -78.5842970004351,43.0742720000191 -78.5846099996175,43.0741230004059 -78.5848010002149,43.0740170002287 -78.5856359997585,43.0734279996416 -78.5861360001802,43.0731089999873 -78.5863720000314,43.0730089998173 -78.5865329999712,43.0729710000612 -78.5867080005039,43.072974999984 -78.5869140002062,43.0730399997124 -78.587062000119,43.073160999649 -78.5871890000571,43.0733180001207 -78.587865000564,43.0744120001776 -78.5880049999182,43.0745890004525 -78.5885889995127,43.0750179999372 -78.5892790002431,43.075443000232 -78.5900650000001,43.0758670003172 -78.5907690002954,43.0761219999737 -78.5909040003907,43.0761570004035 -78.5910639994082,43.076121999627 -78.5912070003422,43.0760400000645 -78.5913390003099,43.075893000278 -78.5913540002871,43.0757250003426 -78.5910889997457,43.0748960003788 -78.591057000078,43.0746769996804 -78.5910949999773,43.0744859999506 -78.5911639999736,43.0743260003095 -78.5915000000424,43.0739159997933 -78.5916060002868,43.0737109996041 -78.5917210003874,43.0735049997794 -78.5917589998033,43.0733380002778 -78.5917739996962,43.073170000252 -78.5917889998556,43.0721860003024 -78.5918659997378,43.0717089997757 -78.5919489998261,43.0713649997757 -78.5921020002986,43.0710139997146 -78.592255000064,43.0707470001452 -78.5923459995399,43.070614000283 -78.5925220002963,43.0703929997527 -78.5926510003809,43.0702670003805 -78.5929949997348,43.0699839996689 -78.5935750005566,43.0696640002561 -78.5937879997884,43.0695840003851 -78.5940400005942,43.069499999589 -78.594315000164,43.0694499997906 -78.5945030005622,43.0694250000835 -78.5946959997405,43.0694239999589 -78.5948790003396,43.0694390003732 -78.5950469998684,43.0694769997949 -78.5952299996436,43.0695610000616 -78.5953060004788,43.0696410000586 -78.5954060005282,43.0698849995981 -78.5954209996895,43.0699920003358 -78.5954129997111,43.0701409996784 -78.5953059999667,43.070438000242 -78.5948179996562,43.0712169999527 -78.594665999503,43.071521999781 -78.5946580000201,43.0716630000922 -78.594718999961,43.0719800003545 -78.5948489994142,43.0722729997412 -78.5949480004668,43.0723500003356 -78.5952610002689,43.0724529996311 -78.5954740002252,43.0724679998242 -78.5956270004117,43.0724679998163 -78.5972290002934,43.0722270000784 -78.5981600003322,43.0721209999303 -78.5986249997931,43.0720750001422 -78.599274000095,43.0720480002624 -78.5999370000728,43.0720899999529 -78.6003880002076,43.0721440002621 -78.6006619996194,43.0722619998609 -78.6009290002588,43.0724980002387 -78.6010889999001,43.0727500001814 -78.6012120002812,43.073074000139 -78.6012339997022,43.0736699997719 -78.6012650002916,43.0738830000369 -78.601317999955,43.0739359999215 -78.6015319997468,43.0739519998888 -78.6017069995258,43.073832999808 -78.6017839998518,43.0736960002456 -78.6021190003593,43.0727730000805 -78.6022109998331,43.0725940003291 -78.6023029994218,43.0724529999782 -78.6025619994959,43.0722500001215 -78.602814000324,43.0721239999083 -78.6033550002777,43.0719989998748 -78.6039890006454,43.0720250001392 -78.6054379994326,43.0724110002776 -78.6065440002024,43.0726739996262 -78.6067619998062,43.0728359999817 -78.6068759994668,43.0731129998992 -78.6068499995084,43.0733570002641 -78.6066889995433,43.0734670002162 -78.6062470003868,43.0735860002356 -78.6060030000594,43.0736309999707 -78.6052250002937,43.0737529996679 -78.6044850000348,43.0739099997342 -78.6042219994043,43.0739829996533 -78.6039959999579,43.0740809997894 -78.6037370006624,43.07421100037 -78.603316999934,43.074448000076 -78.6030959995943,43.0745929998156 -78.6022029999659,43.0753750001646 -78.6014790004444,43.075863000325 -78.6013489997349,43.0760569996955 -78.6013550004252,43.0762129997238 -78.6014790005802,43.0764350001589 -78.6016379997525,43.0765439996823 -78.6018309997702,43.0766359997778 -78.6024930000784,43.0766940002221 -78.6031649997116,43.0766139996989 -78.6034320002378,43.0765690002056 -78.6037449996057,43.0764810000027 -78.6050799995317,43.075847999654 -78.6053619997339,43.0757519997212 -78.6059040005733,43.0755839999139 -78.6063920002845,43.0755310003624 -78.6070180004791,43.0755919995468 -78.6079180003955,43.0757900003853 -78.6082690001287,43.0759049996313 -78.6088789995551,43.0761569996839 -78.6096690002799,43.0765049997507 -78.6116800005629,43.0777329999962 -78.6119160002791,43.0778810004277 -78.6120880005775,43.0779130001628 -78.6122669995839,43.0778920002417 -78.6124499997925,43.0777820002452 -78.6125780004277,43.0775540003253 -78.6126049994645,43.077315000373 -78.6125639996793,43.0771290003458 -78.6124729995541,43.0769730002125 -78.6121520001711,43.0765949998961 -78.6120570003833,43.0764219997902 -78.6120530002949,43.076247999947 -78.6121290003884,43.0760729995849 -78.6121979996486,43.0759739996265 -78.6123580000034,43.0758629998041 -78.6127690000246,43.0757680002275 -78.6131209997795,43.0756000000595 -78.6135790001532,43.0751650002929 -78.6140749994917,43.0744089999758 -78.6141740005196,43.0742910002565 -78.6144560003497,43.0741350003127 -78.6146390005042,43.0740969998382 -78.615411000528,43.0740549998244 -78.615841999584,43.0741050003514 -78.6160739999172,43.0742000002467 -78.6162950004973,43.0744860003582 -78.6163480001688,43.0746380002356 -78.6162949997695,43.0749699997187 -78.6157230004713,43.0756909998353 -78.6154479997801,43.0762179998131 -78.6154179994634,43.0765810004638 -78.6154860000741,43.0766980003784 -78.6163250006523,43.0771940003211 -78.6167139999192,43.0774079998355 -78.617118999444,43.077736000363 -78.6172100003451,43.0778920002917 -78.6172120006167,43.0781189997838 -78.6171490002754,43.0783419997464 -78.6168440002552,43.0789599997947 -78.6161580004473,43.080177000278 -78.6160280004292,43.0802989996543 -78.6158679997267,43.0804059997449 -78.6154329997945,43.080547000135 -78.614566999531,43.0807259998529 -78.6143649998697,43.0808260004013 -78.6131210003689,43.0819169999349 -78.6127700003224,43.0822680003075 -78.6125180002701,43.0827519997123 -78.6124339998219,43.0833970001412 -78.6124570001151,43.0835569998765 -78.6125110003101,43.0836449999667 -78.6127169998873,43.083809000191 -78.6129069996136,43.0839230002401 -78.6132510002871,43.084060999831 -78.6139680003356,43.0842249996751 -78.61524199971,43.0845219999348 -78.615577999647,43.0845829997425 -78.6158220003899,43.084656000428 -78.6162409998175,43.084800999926 -78.6164469998718,43.0848849995706 -78.616615000038,43.0849910000289 -78.6167600003154,43.0851169997269 -78.6168750002065,43.0852390002428 -78.6170370003496,43.085483999722 -78.6173779995466,43.0862850000825 -78.6174869999105,43.0864590000673 -78.6175719994443,43.0865529997407 -78.6176949998787,43.0875320001667 -78.6177189997493,43.0896639997076 -78.6177910002478,43.0960629998889 -78.6178149998759,43.0981959995799 -78.6178479994696,43.1016230002301 -78.6178570005824,43.102480000351 -78.6178560005957,43.1032690003614 -78.6178559996712,43.1064269998228 -78.6178549997398,43.1078360000797 -78.617854999588,43.1134729996544 -78.6178530001344,43.1142389997951 -78.6178490002344,43.1173030001223 -78.6179080000772,43.119873000067 -78.61808499948,43.1275859999368 -78.6181449998848,43.1301569997234 -78.6181720000511,43.1307119997533 -78.6182830001696,43.1329360002682 -78.6183989995188,43.1348009996593 -78.618429000642,43.1352680003662 -78.6199140005338,43.1352770003713 -78.6212250002849,43.1352869996487 -78.62118799956,43.1384330003926 -78.6211709994258,43.1399189997374 -78.6211720005806,43.1399710003113 -78.6215409998099,43.1399719996323 -78.623229000488,43.1399819996107 -78.6279089994758,43.1401310001033 -78.6290789996085,43.1401689998795 -78.6291069994751,43.1406749998147 -78.6290930000905,43.1416149999954 -78.6290510001529,43.1427999997791 -78.6290289996826,43.1434589996853 -78.6286029997312,43.1434510003811 -78.6269009994587,43.1434229997308 -78.6266250000554,43.1448189996119 -78.6256949999145,43.1499150001908 -78.6255769999607,43.1505650000265 -78.6253899999805,43.1515379996699 -78.627811999937,43.1515810002874 -78.6324489998287,43.1516800002951 -78.6335190006662,43.1516930003737 -78.635044999472,43.1517340003056 -78.6350290000834,43.1504719998862 -78.6338470006302,43.1504240003772 -78.6321470001948,43.1503679995615 -78.6319750000442,43.150346999567 -78.6318409997547,43.1502810003845 -78.6317640001405,43.1501909998417 -78.6317540004336,43.1500649997862 -78.631761999978,43.1496849995641 -78.6318010000007,43.1489750001054 -78.631815999431,43.1482619998792 -78.6318460002292,43.1476080001531 -78.6334180004009,43.1476399998512 -78.6341149996285,43.1476490000605 -78.6342490004158,43.1476379999003 -78.634375000203,43.1476160003762 -78.6346189997024,43.147533000279 -78.6346870001344,43.1479320002918 -78.6347500006377,43.1480879998949 -78.6348179996798,43.1481670004419 -78.6349030004671,43.148234999647 -78.6349879995507,43.1482730004172 -78.6351629995497,43.1483039998695 -78.6364690004535,43.148352000406 -78.6370599994825,43.1483750000508 -78.6370540003378,43.147971000149 -78.6383270000819,43.1479659997165 -78.6383389995375,43.1484930002286 -78.6383910001637,43.1506009996598 -78.6384150005039,43.151854999571 -78.6398490001948,43.1519040001946 -78.6411009995172,43.1519539996733 -78.6417729996875,43.1519819998312 -78.6430920004171,43.1520309998444 -78.6439729997893,43.1520649995821 -78.6470510006573,43.1521900002657 -78.6483710003128,43.1522450000118 -78.6503960005877,43.1523330003311 -78.6515149997083,43.1523960000627 -78.6557600004495,43.1526139997624 -78.657458999637,43.152707000023 -78.658142000187,43.1527420001621 -78.6603460005991,43.1528679998413 -78.6616110003147,43.1529330002314 -78.663075000581,43.1530099997645 -78.6642870001174,43.1530649998718 -78.6649609996396,43.1530809997529 -78.6658700001278,43.153140999552 -78.6678459997024,43.1532300004078 -78.6691929998498,43.1532960000786 -78.6699779995417,43.1533289997957 -78.6721780002005,43.1534270001419 -78.6732369999282,43.1534699995936 -78.6745850001895,43.1535380002534 -78.675334999956,43.1535669997417 -78.6763999994797,43.1536250001289 -78.6781409998774,43.1537050001768 -78.6801509996626,43.1537899999488 -78.6801000005572,43.1526280001082 -78.6800329996915,43.1511679998819 -78.6799899994098,43.1501689996091 -78.6799600004411,43.149561000183 -78.6831439996668,43.1496599997513 -78.6832889996483,43.1508590001725 -78.6861650004171,43.1508589999282 -78.6861699995437,43.1505340001572 -78.6968569995363,43.1507389997009 -78.6968660002752,43.1511919996562 -78.6982679997728,43.1511720001256 -78.7008419995164,43.1511369996658 -78.7028440006,43.1511059997377 -78.703489999881,43.1510939998773 -78.7034909996726,43.1511889997998 -78.703349999977,43.1511889996802 -78.7033700001256,43.1517920001539 -78.703841000408,43.1518120003695 -78.7051610004758,43.1517720001352 -78.7094440000089,43.1517929996323 -78.7094449995951,43.1511399996159 -78.7114510000542,43.1511590001921 -78.7119319996403,43.1511450001457 -78.7122699994444,43.1511469995718 -78.7136239999758,43.1511589999368 -78.7138259996652,43.1511589998382 -78.7150270006134,43.1495489996155 -78.7177819996933,43.1453650003955 -78.7186649998765,43.1440249998056 -78.7192890000285,43.1441399996374 -78.7233620000335,43.1438210004333 -78.724381000091,43.1437420002754 -78.7243070001763,43.1459490003369 -78.7242899994858,43.1465019999479 -78.7241409997798,43.1483279999519 -78.7236929996597,43.1538059999131 -78.7235449994973,43.1556329998808 -78.7234590002917,43.156912000349 -78.7232019998258,43.1607520003821 -78.7231169995862,43.1620330004508 -78.722940000139,43.1640219995888 -78.7228969999285,43.1645200004231 -78.7228720000153,43.1646740004171 -78.7229120001294,43.1647369998373 -78.7229609994228,43.1653269998289 -78.7235960005883,43.1651420000895 -78.725430000367,43.1646009995804 -78.7269649996027,43.1641449997389 -78.7275169998219,43.1639719998873 -78.7292639996316,43.1634270000902 -78.7315209998988,43.1627710002445 -78.7328600000266,43.1623829996841 -78.7327839995618,43.1622039999895 -78.7340220004205,43.1618359997792 -78.7340900002205,43.1620209999097 -78.7342810004671,43.1625080002971 -78.7348679997443,43.1617899996191 -78.736148999965,43.1614090002391 -78.7371049999385,43.1611030001492 -78.7380859996202,43.1608020003743 -78.7381169999129,43.1608009996331 -78.7385929999845,43.1606569997177 -78.7396020001106,43.1603729995619 -78.7406890002981,43.1600810004399 -78.7409510004868,43.16001200007 -78.7420089997255,43.1597640003142 -78.7424220005372,43.1596809996601 -78.7432060001976,43.1595369998713 -78.744512999452,43.1593319997991 -78.7468760005664,43.1589649995691 -78.7474029995047,43.1588739998755 -78.7480010004743,43.1587799996494 -78.7479040003684,43.1605800000428 -78.7476150005885,43.1659829999237 -78.7475970005489,43.1663309997539 -78.7461420005157,43.1662769998552 -78.7461290000969,43.1668159995564 -78.7461100004186,43.1674090004209 -78.7484129998569,43.1674359998687 -78.7506320003616,43.1674829998355 -78.7520059995898,43.1674970000876 -78.7545839997347,43.1675409996987 -78.7545910001579,43.1658509995497 -78.7545940003058,43.1630300003912 -78.7545999995317,43.1596660003932 -78.754602000091,43.1589760001537 -78.7546109999138,43.1576979998141 -78.754599000245,43.157193999947 -78.7545990001679,43.1566780001054 -78.7546149998226,43.1558969995833 -78.7546080003,43.1528629997418 -78.7546200000136,43.1513249997704 -78.7546349994344,43.1505039999465 -78.7546440004043,43.1498770003377 -78.7546620001264,43.1456679997333 -78.7546750004312,43.1445229996817 -78.7546559998238,43.1423070001614 -78.7546700000735,43.1394710002316 -78.7546799999074,43.1377320000268 -78.7546889994877,43.1367650002836 -78.754720000191,43.1363919995705 -78.7548020004169,43.1359939999631 -78.7548560004801,43.1358480002951 -78.7548210003629,43.1337860001049 -78.7548130003601,43.1332710002501 -78.7561740004226,43.1332839997492 -78.756545000184,43.1332829997738 -78.7583210006252,43.1332929998486 -78.7622129997078,43.1333349995925 -78.7698589994901,43.1333939996086 -78.7705650002415,43.1333979997263 -78.7784970006003,43.1334069999783 -78.7787990005187,43.1334080004301 -78.7808330004183,43.1334079999838 -78.7822439998943,43.1334179997927 -78.783986000101,43.1334109997713 -78.7879600001967,43.1334169999317 -78.7888259998005,43.1334080003712 -78.7938849997343,43.1333949998831 -78.7953370001828,43.1333870003812 -78.7960309998217,43.1333850000014 -78.7973560002266,43.1333849999346 -78.8020440000612,43.1333690001629 -78.8057100006681,43.1333440002263 -78.8112559995323,43.1332810004614 -78.8139299995717,43.133261999788 -78.8205479999903,43.1331660002715 -78.8239890003674,43.1331209996399 -78.8242179997175,43.1331190000043 -78.8250490004786,43.1330960001081 -78.8250119996352,43.132076000427 -78.8249650003092,43.1309460003404 -78.8247029998279,43.1244990003031 -78.8246959998465,43.1243210000565 -78.8246059998826,43.1223510001421 -78.8266599997514,43.1222829996141 -78.828180000351,43.1222390000411 -78.831337999633,43.1221280001821 -78.8322069998584,43.1220989998422 -78.8335640002148,43.1220450002698 -78.8350260005746,43.1220000003816 -78.835856000098,43.1219759997489 -78.8376320004208,43.1219110001543 -78.8375540002029,43.1204730001776 -78.837495000232,43.1192529997398 -78.8373639995845,43.1168900003403 -78.8373259996942,43.1161910001508 -78.8371279995224,43.1123210000695 -78.8369980005757,43.1099479997344 -78.8369540003436,43.1089969996171 -78.8368500003727,43.1075719999177 -78.8367719996917,43.1059010000952 -78.8365780005329,43.1021389997769 -78.8364910001873,43.1004400000532 -78.8364009996386,43.0980269997865 -78.8363220002686,43.0953540003923 -78.8361719997259,43.0908489997688 -78.8361529999247,43.0902670002555 -78.8359989997394,43.0847570001172 -78.8359949997793,43.0846670003432 -78.8358410005632,43.079951999989 -78.8358060002868,43.0788629996412 -78.8357630002487,43.0773260001554 -78.8319319997093,43.0773359999169 -78.8310590006298,43.077336000005 -78.8308839997904,43.0773549998198 -78.8307579999063,43.077399000098 -78.8306759998719,43.0774569996904 -78.8296619997997,43.0785869995887 -78.8296199995041,43.0786789996625 -78.8296229998095,43.078971000248 -78.8277610006626,43.0790050002314 -78.8274400001533,43.0793840001361 -78.826479000248,43.0805240003519 -78.8261599997786,43.0809040002209 -78.8238749997882,43.0833139998983 -78.8233050006007,43.0839170000677 -78.823249999849,43.0826859996544 -78.8231630005082,43.0807090001398 -78.8231350003205,43.0800499997651 -78.8230999996187,43.0790889996244 -78.8230790001478,43.0787340003543 -78.8230229995326,43.077156000277 -78.8230070003943,43.076673000402 -78.8228410003147,43.071385999588 -78.8227829996602,43.0698710003733 -78.8227679997398,43.0695339998998 -78.8226790004929,43.0670689997839 -78.8226600002782,43.0657820001891 -78.8225789995502,43.0622900000181 -78.822494999609,43.0589890000184 -78.8224750002768,43.0576000000884 -78.8224630004877,43.0565679998632 -78.8224180003586,43.0525800003543 -78.8223850003263,43.0524479999274 -78.8222609995003,43.0517099999747 -78.8223569996128,43.0515570000164 -78.8195419996483,43.0515900001122 -78.8138449998419,43.0516650001375 -78.8108910004102,43.0524459998498 -78.8103039995431,43.0525959996535 -78.8095650002542,43.052910000404 -78.8073499995031,43.0535549999021 -78.8068209995372,43.0536259998339 -78.8046240006181,43.0551870002553 -78.804403000081,43.0557960000476 -78.8050499997915,43.0572459996606 -78.8064830000658,43.0585719997744 -78.8069119998404,43.0594570000796 -78.807076000007,43.0602430000104 -78.807122000376,43.0611390000546 -78.8068169995958,43.0622969999233 -78.8061430003817,43.0631809996421 -78.8045150003074,43.0644259996959 -78.8020509997099,43.0657809998842 -78.8007590002792,43.06627200044 -78.7995710005372,43.0664349997074 -78.7985249997678,43.0661760003057 -78.7975049996821,43.0661609999679 -78.7967100000728,43.0661109999829 -78.7903029999911,43.0663439996372 -78.7893479996561,43.0664419997752 -78.7868510004317,43.0665569995654 -78.7864699995609,43.0665599998012 -78.783668999612,43.0661840001725 -78.7823870003847,43.0658710000264 -78.7785800002391,43.0654149996303 -78.7776439999517,43.065496000222 -78.7742719998148,43.0668179999835 -78.7738899998774,43.0670980001733 -78.773074000415,43.0678119995966 -78.7728110003535,43.0681829997315 -78.7723699994865,43.0685449996374 -78.7710570006558,43.0694220003554 -78.7707840001277,43.0695389997379 -78.7690270000961,43.0700269999435 -78.7682920000027,43.0701389999226 -78.7680940003944,43.070103000196 -78.7669949997303,43.0702040002892 -78.7658859999193,43.0702259998288 -78.7653199998652,43.0702669996509 -78.7635820005012,43.0703379997873 -78.7619220003784,43.0704939995916 -78.7610400001789,43.0707150003194 -78.7600000003307,43.0708730002316 -78.7591410003462,43.0709279998053 -78.7576529997859,43.0708600000704 -78.7554869995528,43.070076999582 -78.7537399995331,43.0694589996633 -78.751256999624,43.0692559995999 -78.7476559997107,43.0696549995657 -78.7471179996835,43.0694349999367 -78.7461969995174,43.06961400026 -78.7453539996379,43.0697859997601 -78.744930999794,43.0699209997257 -78.7440149998065,43.070375999836 -78.7431850002456,43.0709499998062 -78.7425080001912,43.0717700000678 -78.7422789998593,43.0722080000084 -78.7415170002633,43.07369099974 -78.7411760001042,43.0743380002174 -78.7412489999086,43.0748540000208 -78.7399489998071,43.0761060003068 -78.7376630003092,43.0782559998387 -78.736700000343,43.0802849995776 -78.7363769997268,43.081231999723 -78.7361570002195,43.0817970003136 -78.7357480003326,43.0824699998776 -78.7351679995553,43.0830309996031 -78.7349549998342,43.0831900000798 -78.7336059998547,43.084219000121 -78.7329710001201,43.0844540001087 -78.7324979999724,43.084598999774 -78.7311780005072,43.0849040000978 -78.7307740000893,43.0850070002178 -78.7300800004062,43.0852619996166 -78.7294770006138,43.0854989996301 -78.7282860000872,43.0860789997248 -78.7279820000586,43.0861740004205 -78.7276469999172,43.0862199997858 -78.7274559994609,43.086222999598 -78.7272419999121,43.0862009996642 -78.7269210005401,43.08613999986 -78.7267070006333,43.0860900002301 -78.724509999483,43.0856209997633 -78.724250999734,43.0855450000685 -78.7240139998902,43.0854609997758 -78.72381600013,43.0853459997997 -78.7236250006544,43.0851940003872 -78.7229970000802,43.0845970002343 -78.7228239998151,43.0844840003803 -78.7224500006193,43.0843279997838 -78.7222979999481,43.0842290000531 -78.7221300005406,43.084079999825 -78.7217480005352,43.0836410001898 -78.7214579999484,43.0831789997778 -78.7208019995661,43.0818250004047 -78.720665000531,43.081608000323 -78.720566000624,43.0815090003681 -78.7203369996584,43.0813640002828 -78.719879000522,43.0811999996516 -78.7193679996037,43.0810889999729 -78.7190479997784,43.0810550004054 -78.7189030005283,43.0810780002961 -78.7183149998586,43.0812260002016 -78.7180329998657,43.0813290001842 -78.7177659999854,43.0814479999038 -78.7173769998136,43.0816459998512 -78.7171329996145,43.0818019996322 -78.7170709994694,43.0818600002969 -78.7167279996183,43.0822230004595 -78.716438000578,43.0825160001558 -78.716094999467,43.0827869998 -78.7159420006124,43.0828899998389 -78.7157350003875,43.0829959998763 -78.7154999996522,43.0830920001818 -78.715217999827,43.0831830003358 -78.7147670004275,43.0832369998417 -78.7144790005234,43.0832360000677 -78.7141799995665,43.0831990002724 -78.7137760002997,43.0831030003162 -78.7135160002424,43.0830150003881 -78.7117460004341,43.0823519995888 -78.7115479995653,43.0822979996769 -78.7113569997885,43.0822600002773 -78.711205000522,43.0822490001476 -78.711057999853,43.0822640003824 -78.7096249997438,43.0825199996493 -78.7094879998053,43.0825809998599 -78.70904800029,43.0829340001673 -78.708833999523,43.0831799997839 -78.7086290003735,43.0834230003629 -78.7083510003514,43.0838929996591 -78.7081929997457,43.0842080001611 -78.708053999727,43.0847209996883 -78.7080309997596,43.0848770000487 -78.7080199996576,43.0850619999431 -78.7080150006204,43.0856110003402 -78.7080000005968,43.0860440003894 -78.7079989995542,43.0862519998421 -78.7079620002803,43.0864029999858 -78.7078929994629,43.086554999757 -78.7077659997837,43.0867139999136 -78.7075109998328,43.08689100045 -78.7073210004515,43.0869480002279 -78.7070240003191,43.0869830002693 -78.7058049995733,43.0870320002112 -78.7044050003441,43.0869209995817 -78.7040629995935,43.0868759997616 -78.7033459996879,43.0866969998947 -78.7030789999123,43.0866430001401 -78.7026819994577,43.086601000197 -78.7023930001685,43.0865939995683 -78.7020569999333,43.0866050002858 -78.7011410000171,43.0866660003125 -78.6996990003497,43.0868610002259 -78.699478000515,43.0868839995781 -78.6990890003873,43.0868420000265 -78.699019999731,43.0868230001484 -78.6981789994266,43.0865649998415 -78.6974260002195,43.0863439999532 -78.697296000081,43.0863299996909 -78.6969060001232,43.0863369996585 -78.696865000207,43.0850960000366 -78.6968660004149,43.0838599999432 -78.6968660001651,43.0823440002033 -78.6968670004944,43.0800889997827 -78.6968850002707,43.0739229998016 -78.6968970005936,43.0730730001526 -78.6969050000126,43.0713449999458 -78.6968960002924,43.067772999559 -78.6968950004917,43.0659649998939 -78.6969089996462,43.0630410004086 -78.6969359994493,43.0587220001168 -78.6969129994688,43.0577259999022 -78.696904999954,43.054711000434 -78.6969010000433,43.0527149996422 -78.6969100005523,43.0470650004247 -78.6969120001413,43.045138000318 -78.6969179997073,43.0439920003537 -78.6969349995427,43.0400610003978 -78.6969419998841,43.038607000286 -78.6969420003291,43.038409000141 -78.6969509995243,43.0342509997949 -78.6969350002249,43.0313479999101 -78.6969370002667,43.030334000049 -78.6969219997498,43.0274000001162 -78.6969370006062,43.0261170004066 -78.6969370004175,43.0242890002861 -78.6969359996261,43.022258000437 -78.6969350003656,43.0187050002849 -78.6969539995181,43.0169120003603 -78.6969500002199,43.0165630002992 -78.6969350003243,43.0147950001659 -78.6969420006461,43.012868000308 -78.6969369997942,43.0111239997223 -78.6969270001506,43.0071940003165 -78.6969229995743,43.0053270001951 -78.6969269996672,43.0029229996229 -78.69692100005,43.0004640000585 -78.6969179997641,42.9989810003598 -78.6969260003068,42.9970970003443 -78.6969299995527,42.9959740001585 -78.6969429998493,42.9927429996368 -78.6969460002551,42.9914580002492 -78.696949999647,42.9892890002375 -78.6969250004034,42.981467999746 -78.6969170001586,42.9805630001148 -78.6969210003193,42.9792140002982 -78.6968990002508,42.9781919997591 -78.6968749997094,42.9769940001526 -78.6969300004787,42.9763170002717 -78.6969309998704,42.9759400000615 -78.696929999546,42.9748300003482 -78.6969210003375,42.9741190001489 -78.6969159996714,42.9729310001134 -78.6969239998443,42.971021000243 -78.6969280005098,42.9687979998911 -78.6969220001394,42.965403999601 -78.6968750004076,42.9632020001581 -78.6968820005018,42.9623070004128 -78.6969480002277,42.9593010003721 -78.6970170001391,42.9564659998915 -78.6970149997397,42.9563819996534 -78.6970219998005,42.9517110000622 -78.6970279995201,42.950775000356 -78.6970069996577,42.9503429995645 -78.696924999538,42.9498980000068 -78.6969260002916,42.949682000403 -78.69692299953,42.9487280003342 -78.6969279994641,42.9476619995918 -78.6969400001124,42.9455049996859 -78.6969449999687,42.9425390003263 -78.696937000624,42.9412270000628 -78.6969540001959,42.94017899984 -78.6969880004184,42.938678999859 -78.6969549994927,42.9367300001562 -78.6969339994437,42.9355359996009 -78.6969349999114,42.9342399997646 -78.6969390000697,42.9306560001507 -78.6969360003095,42.9290619995759 -78.696925000177,42.9278470000783 -78.6969140006435,42.9262200002818 -78.6969149994243,42.9257899997886 -78.6969209995409,42.9245970002204 -78.6969119998659,42.9240610002944 -78.6969140002911,42.9230110000423 -78.6969110003271,42.9224119997392 -78.696909000116,42.921377999749 -78.696908999792,42.9195439996412 -78.6969119994863,42.9186039998287 -78.6968899995267,42.9173499998302 -78.6968980003578,42.9156979996303 -78.6969069998187,42.9151649997868 -78.6969180002196,42.9147029998525 -78.6969150004039,42.9138689995728 -78.6969170002178,42.9137339996751 -78.6969280004118,42.9109399997214 -78.6969279996209,42.9106590004509 -78.696932999468,42.9099829999893 -78.6969339994179,42.9092919996593 -78.6969320000779,42.9079970000308 -78.6969360005131,42.9066890000353 -78.6969250002214,42.9060369996473 -78.696914000267,42.9056220004232 -78.6969119997447,42.9048049996403 -78.6969120001267,42.9038380000995 -78.6969090000635,42.9028279996327 -78.6969109996914,42.9019309996556 -78.6969100004533,42.900842000175 -78.6969119994499,42.899746000362 -78.6969260001325,42.8987959997796 -78.6969280003896,42.8958989996852 -78.6969309996477,42.8954299995688 -78.6969309997621,42.8939559996606 -78.6969300003023,42.8930459997281 -78.6969330004699,42.8927520003645 -78.6969620003243,42.8923229999685 -78.6969349998616,42.8909289995675 -78.6969299997041,42.8891460002546 -78.696937000375,42.8872520000183 -78.6969120003702,42.885002000043 -78.6969149999958,42.8846429997017 -78.696934000166,42.8818529996949 -78.6969460005283,42.8802699995467 -78.6969400003693,42.8797579999415 -78.6969360000518,42.8789609998397 -78.6969330001814,42.8778669996042 -78.6969289998313,42.8771380002453 -78.6969219999472,42.8763079995551 -78.6969280004539,42.8740999998834 -78.6969320005178,42.8721099998067 -78.6969379998434,42.8704430003964 -78.6969410003884,42.8698550000633 -78.6969450005363,42.8681169999286 -78.6969540002174,42.8650000001572 -78.6969469996066,42.8636440001207 -78.696962000198,42.8620890002765 -78.6969560005096,42.86003399963 -78.6969630002241,42.8594969997858 -78.6969560000636,42.8572230003299 -78.6969390000288,42.8544130000654 -78.6969320002967,42.8534599996345 -78.6969170004881,42.8508799995422 -78.6969129997258,42.8490119997256 -78.6969030002373,42.8461349995451 -78.696898000043,42.8435820001572 -78.6969099994286,42.8418339998849 -78.6969139996322,42.839551999906 -78.6969149997431,42.8384210002825 -78.6969219995842,42.8352410003584 -78.696933999603,42.8340290000933 -78.696978999473,42.8330930004673 -78.6969699999563,42.8328009998835 -78.6969540004979,42.8319059998387 -78.6969339999152,42.8274309998292 -78.6969320004903,42.82527100009 -78.6969339999674,42.8216080003539 -78.6969270003298,42.818952999607 -78.6968310001804,42.8161550000097 -78.6968299997626,42.8153600001136 -78.6968900000708,42.8143889999544 -78.6968439996109,42.8135249998168 -78.6968560005232,42.8134000000379 -78.696900999831,42.8126500001227 -78.6969129994118,42.8115949996868 -78.6969149995098,42.8111659999319 -78.6976829997485,42.8111980003563 -78.6978990005093,42.8111969995482 -78.7008019997747,42.8111909998839 -78.7013520005957,42.8111949998663 -78.7051310004869,42.8112150003759 -78.7067940005597,42.8112230004319 -78.7075810005414,42.8112220004313 -78.7099129996496,42.8112320000958 -78.712863999746,42.8112410002949 -78.7151650004224,42.8112450001912 -78.7155190001157,42.8112450000147 -78.7235499995424,42.8112700000076 -78.7241169997467,42.8112710000715 -78.7264060000425,42.811271999898 -78.7288739998981,42.8112760000507 -78.7367470005889,42.8112810000585 -78.7383880003802,42.8112830003795 -78.7383929998436,42.8098320002498 -78.738398000255,42.8080849999205 -78.7384020000533,42.8050009995583 -78.7384109999742,42.8038620001338 -78.7429929998318,42.803883000056 -78.7449650006045,42.8038899995794 -78.749592999541,42.8038999995828 -78.7517530002978,42.8039099998763 -78.7534360003726,42.8039189999091 -78.7553760003116,42.8039410004296 -78.7618610000355,42.8039889999402 -78.7648280001889,42.8039609997974 -78.7660519994265,42.8039579996708 -78.7664400002627,42.8039649999186 -78.7674550001512,42.8040210002886 -78.7687300001032,42.8040490003788 -78.7695459996688,42.80400099995 -78.7717119999571,42.8040190003968 -78.7753689994339,42.8040309996486 -78.7781780005353,42.8040310004002 -78.7782669998106,42.8040420004121 -78.7793760006046,42.8040259997598 -78.7798550002337,42.8040949996499 -78.7801439999262,42.8041189999261 -78.7812440001842,42.8041220004074 -78.7821460003966,42.8041299998819 -78.7844509995668,42.8041560000744 -78.7891379995531,42.8042210000069 -78.7927490000045,42.8042920002583 -78.7934309998657,42.8043060000207 -78.7947750002191,42.8043299996201 -78.7972600001708,42.8043780002821 -78.7990829996727,42.8044109997626 -78.8025749996868,42.8044900001448 -78.8036779999699,42.8045099996224 -78.804888999799,42.8045390001088 -78.8065709996618,42.8045720002916 -78.8097260005654,42.8046410001489 -78.8101249996792,42.8046560001321 -78.8104670005986,42.8045299997697 -78.810948999735,42.8046560000177 -78.8114160001188,42.8046789997464 -78.8132310006411,42.8047180000102 -78.8139480006503,42.8047399998973 -78.8170910005264,42.804816000278 -78.8204440003223,42.8048719995452 -78.8239469994623,42.8049279997858 -78.828796000425,42.804861999804 -78.8317999999752,42.8049509996312 -78.8322159998698,42.8049620003718 -78.8343800002823,42.8050520003094 -78.8355709995344,42.8050589996114 -78.8360579998541,42.8050500002906 -78.8384460003001,42.8050140000996 -78.840290999555,42.8049870001989 -78.8419549996859,42.8049580001968 -78.8426210002782,42.8049909998579 -78.8461589998157,42.8051690002768 -78.8484270005763,42.8051569995777 -78.8495859997285,42.8051750002099 -78.8526760002636,42.80522499968 -78.8532290005351,42.8052330000868 -78.8545020004926,42.8052540003584 -78.8593799998095,42.8053320001819 -78.8623749995783,42.8053789997451 -78.8624420005733,42.8056130001116 -78.8625690006532,42.8058890004145 -78.8627190005774,42.8061660000083 -78.86301300042,42.8069110001687 -78.8633409999495,42.8075199996857 -78.863438999829,42.8077729998522 -78.863581000416,42.8080500001956 -78.863879000093,42.8083609997084 -78.8640810003229,42.8086389997564 -78.8643160000708,42.8090919995527 -78.8645059997639,42.8095070002803 -78.8649770004799,42.8103590001825 -78.8650369994617,42.8106340002584 -78.8650339998552,42.8107490001473 -78.8649840001391,42.8108699997776 -78.8649889996725,42.8109699999355 -78.8651010004677,42.8110579995699 -78.8652050003591,42.8111029999699 -78.8653560001884,42.8112920002253 -78.8656340006422,42.8118120001948 -78.8659349995996,42.8123149996557 -78.8662350000003,42.812836000029 -78.8665669997249,42.8135590000249 -78.8669999996719,42.8141359997042 -78.8673760004461,42.8146190000513 -78.8677760003423,42.8150199999745 -78.8682679997875,42.8156250003274 -78.8684079995789,42.8159620002197 -78.8686290004631,42.81639299963 -78.8688790005361,42.8168090001862 -78.8692140001435,42.8174280000663 -78.8694259994487,42.8179029996665 -78.8695690004545,42.8181689996226 -78.8697349996445,42.8186710001518 -78.8699529997256,42.819206000353 -78.8702950000094,42.8201330002598 -78.8704290000237,42.8204259999742 -78.8706319999758,42.8206759997833 -78.8708340002956,42.8209420003875 -78.8710979999805,42.8214290001593 -78.8712899996963,42.8218100000169 -78.871478000422,42.8220160003632 -78.8717030004444,42.8222719997594 -78.8717679999145,42.8223769995882 -78.8718050001402,42.8226789997257 -78.8718720005749,42.8229879999642 -78.8719550001992,42.8235109997637 -78.8720439995401,42.8241319997223 -78.8722540001603,42.8246789996788 -78.8723690003,42.8251740002205 -78.8725159999367,42.8255440003226 -78.8725529994757,42.8258740001003 -78.8724660005348,42.8260369999708 -78.8723009995632,42.8264030002548 -78.8722050003049,42.8266649997819 -78.8722639999393,42.8269730001757 -78.8723059994905,42.8276880000662 -78.8723750000977,42.8279139999924 -78.872487000428,42.8281730000337 -78.8726539997717,42.8283899999454 -78.8726669997085,42.828456000347 -78.8726140000386,42.8284769997367 -78.8724879998199,42.828459000275 -78.8722140006279,42.828366999632 -78.8718889999864,42.8282249996726 -78.871490000517,42.8281049995527 -78.8713019996899,42.828151000164 -78.8709290001965,42.8284369997712 -78.8705549996852,42.8288000000357 -78.8701450002141,42.8290739997139 -78.8696920003603,42.8292929995947 -78.8691350006149,42.8294989997989 -78.8680670000421,42.8298299999273 -78.8678940004122,42.829905000046 -78.8678550001603,42.8299759997653 -78.8678889995882,42.8301080002778 -78.8680420001818,42.8302469999336 -78.8682669999437,42.8304809996772 -78.8685749997732,42.8306770001404 -78.8687709995305,42.8309220004355 -78.8690279994616,42.831359000125 -78.8690649999189,42.8316780000781 -78.8689940002221,42.8321430001925 -78.8689650002031,42.8322989997474 -78.8701959999888,42.8323049999922 -78.8729440005315,42.8323269998961 -78.9248889999602,42.8326440002519 -78.9305480004639,42.8326509998529 -78.9379560000228,42.832657000166 -78.9452510003479,42.8325949999289 -78.9568770006256,42.8327099996621 -78.9970139995853,42.8061830002966 -78.9997600001977,42.8043680004366 -79.0184479999396,42.7973500002844 -79.0435750006488,42.7879130001199 -79.0455040000517,42.7871880000754 -79.1247640000942,42.7574229996191 -79.1434740006459,42.7500570001843 -79.24976599977,42.7103850003505 -79.3121360003979,42.6868049998144 -79.3380100003758,42.6770340002408 -79.366462999507,42.6662899996827 -79.374768999852,42.6631529997227 -79.4115729997475,42.6494300001559 -79.4769420007034,42.625056999686 -79.4958270005938,42.6177369996096 -79.4997710004034,42.6162089998926 -79.5322280005737,42.6038550004137 -79.624773000148,42.5686290000068 -79.6631550005607,42.55399100015 -79.7497750000847,42.5209559997467 -79.7624180002272,42.5160719997388 -79.7625900005476,42.5000579997814 -79.762326000291,42.4453400001579 -79.7625689999947,42.3750579997314 -79.7620240007867,42.2820829995469 -79.7619980004569,42.2777250000249 -79.761974000831,42.2736730003139 -79.7619490001079,42.2694000002287 -79.7618690007981,42.2694080003754 -79.7618610008207,42.2691580000382 -79.7618470005078,42.2680489996465 -79.7618489996974,42.2676409997966 -79.761854999862,42.267545999661 -79.7619400005199,42.2527049998399 -79.7619360007952,42.2523029996906 -79.7618839997983,42.2518880002751 -79.761919999887,42.2496710001485 -79.761916000606,42.2494189999763 -79.761840000452,42.2438700002925 -79.7618470000604,42.2432479998505 -79.7618520004954,42.2415370002375 -79.7618659999167,42.2358250002019 -79.7618769996719,42.233251000214 -79.7618500006987,42.2309409999166 -79.7618430001546,42.2306660003049 -79.7618220007149,42.2286289999112 -79.76192800019,42.2191630001428 -79.7619219999298,42.2176459999198 -79.7618539997899,42.2003160002566 -79.7618589998092,42.1970320002266 -79.761851999665,42.1951350002239 -79.7618920005506,42.194980999998 -79.7618900001706,42.1946700000327 -79.7617549997724,42.1836219999971 -79.7617940003528,42.1796120001362 -79.7617889999045,42.1733180000981 -79.7617649999904,42.1679589999258 -79.7617409998573,42.1626950003325 -79.7617680005245,42.1600460003113 -79.7617320002996,42.1552880002459 -79.7617900002789,42.1507180000198 -79.7619520000688,42.1506579999328 -79.7619389999728,42.1501649998222 -79.7619590002717,42.147943999718 -79.7619609998733,42.1424550000567 -79.7619790001911,42.1393980001785 -79.7619059998233,42.1345569998615 -79.7618960006067,42.133916000035 -79.7619239998489,42.1326999996539 -79.7619650003356,42.1311829998548 -79.7618500007398,42.1305049999558 -79.7618550007784,42.1301910003842 -79.7618550002074,42.1294349998785 -79.7618620004892,42.1230489996577 -79.7618690007893,42.1188220004005 -79.761870999984,42.1075130002382 -79.7618730005687,42.1005569999923 -79.7618710006747,42.0947949996527 -79.7618750000348,42.0862809996731 -79.7618900005945,42.0605679996879 -79.7618910002233,42.05407199958 -79.7618920007112,42.0418929998818 -79.7618770004721,42.0375350000611 -79.7619189999863,42.0279810002296 -79.7619370006973,42.0229390003218 -79.7619480000789,42.0188970000449 -79.7619430001185,42.0185640004441 -79.7619540004989,41.9988410001882 -79.7613129997006,41.9988079998316 -79.7602740000225,41.9988160001435 -79.7527480000178,41.99880000001 -79.7496590003418,41.9988439998015 -79.7299160006919,41.9988589995528 -79.7286640007658,41.9988670003933 -79.7257859998213,41.9988500004342 -79.7245820005808,41.998846000026 -79.7186840004609,41.9988079997812 -79.7161090002045,41.9988909995654 -79.7088050005477,41.9988799997159 -79.7035080003483,41.9988710001292 -79.7033050006481,41.9988709999343 -79.6947650002324,41.9988560002267 -79.6934870006082,41.9989149998977 -79.691865000646,41.9989159997444 -79.6868270005757,41.9989159996633 -79.6794039996688,41.9989160003309 -79.6782780002339,41.9988750001543 -79.6774349999867,41.9989189995817 -79.6751280001723,41.9989210001047 -79.6744020006489,41.9989210001414 -79.6597709997322,41.9989120001959 -79.6583419999233,41.9989030000024 -79.6549830000049,41.9988830004487 -79.6518580005083,41.9988859996817 -79.6498430005752,41.998904000132 -79.6468360000256,41.9988980000237 -79.6459699996698,41.9988900003426 -79.6435300002833,41.9988860000415 -79.6405980006281,41.9988509995722 -79.6401879999845,41.9988479998042 -79.6357060005031,41.9988380001001 -79.6343880004348,41.9988150001066 -79.6325330006694,41.9988230003035 -79.6321669999028,41.9988330003518 -79.6253249999235,41.9988019997276 -79.6243830004936,41.9987989999244 -79.6220840001316,41.9987890001142 -79.6108370002005,41.998757000178 -79.5920760000225,41.9986590004275 -79.589153999981,41.9986429998521 -79.5815289998269,41.9986260000046 -79.5643730002056,41.9985879996787 -79.5620620005486,41.9985790003706 -79.5592770007032,41.9985660001052 -79.5587049995941,41.9985539998355 -79.5530599999746,41.9985390000586 -79.5515950006561,41.9985319999888 -79.5377640005358,41.9984659996032 -79.5330510005485,41.9984609996523 -79.5318899998702,41.9984589999089 -79.5279940003478,41.9984509998472 -79.5137709997108,41.9983790000659 -79.5109929998793,41.9983640004139 -79.5074410003067,41.9983770002288 -79.5034950006098,41.9983860001925 -79.4938269996335,41.9984139999541 -79.4916539996806,41.9984200002209 -79.4872750002437,41.9984189998828 -79.4777290006917,41.9984170003795 -79.4684450005688,41.9984119997388 -79.4643149998683,41.9984099996582 -79.4522709999123,41.9984659999529 -79.4490790007107,41.9984870002422 -79.4455740003703,41.9985050003046 -79.4397319998073,41.9984879996863 -79.4347179998304,41.9984730003463 -79.4250309997898,41.9984440001279 -79.4117310000202,41.9984039998315 -79.4056239998543,41.9984749997145 -79.394057000453,41.9986080003803 -79.3883020000735,41.99864400024 -79.3824670006546,41.9986770001497 -79.3803950006719,41.9986890003267 -79.3795739999636,41.9986929995724 -79.3747720005896,41.9987059998886 -79.3722019995973,41.9987039996568 -79.3718160000574,41.9987369999683 -79.3651140003061,41.9987739997196 -79.3516200003162,41.9988689996563 -79.3423420003873,41.9989329998047 -79.3406199999874,41.9989189999947 -79.3142730003725,41.9987049996823 -79.3079179995686,41.9987250001381 -79.2955729997608,41.9987660001992 -79.2879870001995,41.9987919996836 -79.2871390005545,41.9987940003392 -79.2858650004346,41.9987990002026 -79.2653040001467,41.9988249999511 -79.2563939995016,41.9988349999371 -79.2497720000727,41.9988969997447 -79.2343880001154,41.9990409998167 -79.2343360003648,41.9990409999308 -79.2173810006776,41.9991969999549 -79.2071449999606,41.9992860003999 -79.2020120006811,41.9993319998468 -79.1848130004628,41.9994849997559 -79.1844190003439,41.9994880003496 -79.1795220002055,41.9995310001198 -79.1584379998431,41.9996699997784 -79.1456289996677,41.9996289996064 -79.1452299997761,41.9996239996624 -79.1447839997294,41.9996220002989 -79.1416619996894,41.9996110002528 -79.1302190003889,41.9995719999533 -79.1022809998443,41.9995099997024 -79.0911080005062,41.999484999658 -79.0903900002953,41.9994829999162 -79.0790880006475,41.9994550003404 -79.0647920003678,41.9994179997377 -79.0612589999089,41.9994109997127 -79.0524700002998,41.9993869997703 -79.0420620004744,41.9993139995841 -79.0375979997822,41.9992830000779 -78.9967220006074,41.9989859998768 -78.9965069997204,41.9989880002016 -78.9832119997813,41.9988850003626 -78.9817590004765,41.9988710001233 -78.9800600006641,41.9988589999301 -78.9738949996626,41.9988089996545 -78.9719579999095,41.9987939995798 -78.9627309999451,41.9987179998987 -78.961378000635,41.9987069999563 -78.9445210002873,41.9984620001158 -78.9414680002697,41.998417999582 -78.936329000022,41.9983219997101 -78.9351770002198,41.9983090003595 -78.9243229995967,41.998183000165 -78.9188960003869,41.9981190002926 -78.9111890005198,41.9980219996143 -78.9084569999624,41.99798799957 -78.9059440000443,41.9979550002526 -78.9056800000266,41.9979929999455 -78.8898380005998,41.9978999995633 -78.8887010001144,41.9978710000467 -78.8581949996374,41.9977109995723 -78.857359000011,41.9977050003288 -78.8331900004368,41.9979180001761 -78.8274119997184,41.997942999911 -78.8166769994807,41.998009999798 -78.8145019999449,41.9980119995965 -78.8141349998624,41.9980150003397 -78.7844649996669,41.9980669995774 -78.7836280000836,41.9980679999566 -78.7805470000817,41.9980739995862 -78.7803359999322,41.9980760004197 -78.7592360004222,41.9982029999714 -78.7553690002026,41.9982659995665 -78.71647800049,41.9985309996688 -78.7153370002493,41.9985389995907 -78.7149520005351,41.9985440003542 -78.7097369996793,41.9986049999582 -78.7088859994924,41.9985719997141 -78.6988100005445,41.9986339996787 -78.6967929996913,41.9986800000516 -78.6836320002573,41.9989099996241 -78.6781859995148,41.9989739998669 -78.6779120003051,41.9990109999782 -78.6763839995518,41.9990339998986 -78.6753009996476,41.9990539999408 -78.6496099997853,41.9995210000028 -78.6318609995175,41.9998349999569 -78.6228759996391,41.9999749999026 -78.6227079996511,41.9999740001384 -78.62260699965,41.9999630002137 -78.6194739998163,41.9999759996663 -78.6187750003687,41.9999689998597 -78.6179840000973,41.9999670000798 -78.6113260000511,41.9999529997507 -78.5823780005641,41.9999099996217 -78.5796810006387,41.9999050003719 -78.5715409995346,41.9998900000991 -78.5661409996629,41.9998800003595 -78.5608630001755,41.9998700003678 -78.5588690001219,41.9998669996409 -78.5458880003421,41.9998500003389 -78.5417530004714,41.9998449995704 -78.5344299997659,41.9998649998382 -78.528339999951,41.9998890004433 -78.5251309994781,41.9999010001175 -78.5216140005007,41.999907000265 -78.5202120005812,41.9999049999151 -78.5197859997966,41.9998970004223 -78.516621000629,41.9998809999645 -78.5164170003269,41.9999139996677 -78.5102859997386,41.9999210003855 -78.5056450006174,41.9999240000986 -78.5035640001516,41.9999179996402 -78.4917750001493,41.999878999788 -78.491700999977,41.9998779999901 -78.4881010003679,41.9998660003342 -78.4877280004311,41.9998250002552 -78.4783540004378,41.9998079996728 -78.4780920003613,41.99980699973 -78.4741369994508,41.9997979998543 -78.4716940001907,41.9997940004166 -78.4688780000622,41.9997900000099 -78.4654069996754,41.9997840004332 -78.4633180003173,41.999779000314 -78.4628200001285,41.9997790002202 -78.4612600000269,41.9997759996411 -78.4607269997434,41.9997739997557 -78.4566340002454,41.9997649999553 -78.4563269997409,41.9997929996743 -78.4481680000264,41.9998129998028 -78.4446890000576,41.9998120003835 -78.4435709999614,41.9998110001552 -78.4421459998471,41.9998109997532 -78.4287790002729,41.9998100002694 -78.4175359997086,41.9997540000238 -78.4127189996591,41.9997290000326 -78.4118540004401,41.9997250001229 -78.4095520000029,41.999712000311 -78.4072049996357,41.9997019996149 -78.4059849999431,41.9996959995788 -78.396702999622,41.9996540000576 -78.3902859996653,41.9996249998459 -78.3859019996619,41.9996090002058 -78.385545000098,41.9996079999993 -78.3813640002631,41.9996139999644 -78.3804659999252,41.999614000105 -78.3785960002182,41.9995809996229 -78.3668180005648,41.9995360000822 -78.3599430000387,41.9995100003568 -78.3505840003366,41.9994729995556 -78.3499740004319,41.9994689998536 -78.3487710003862,41.9994659998915 -78.3478290005545,41.9994609998536 -78.3469570003336,41.9994580002145 -78.3448279995777,41.9994489996516 -78.3227210002133,41.9992799999593 -78.3131040001964,41.9992250001293 -78.311488999524,41.9992119999271 -78.3103570005236,41.9992059996667 -78.3070720005681,41.9991869997733 -78.3024949995709,41.9991710001435 -78.302271000464,41.9991689999422 -78.300265999949,41.9991629999107 -78.2980879995441,41.99915899962 -78.2840230000835,41.9991079998848 -78.2810270004095,41.9990989998752 -78.2792739994912,41.999098999915 -78.2749100006005,41.9991050002495 -78.272898000346,41.9991109997117 -78.2688140000358,41.9991510004483 -78.2573589999562,41.999235999636 -78.2480610001969,41.9993130000458 -78.2474780004265,41.9993139996585 -78.24583099985,41.9993269997745 -78.2200559994581,41.9994539997335 -78.2066039998611,41.9995170003533 -78.1968140002651,41.9995620002245 -78.1951259998448,41.9995689998623 -78.1912669997223,41.9996640000659 -78.1848359999483,41.9998230001641 -78.1782169995543,41.9999860002639 -78.1770900002945,42.0000139996823 -78.1768879996764,42.0000209997744 -78.1743930001774,42.0000419999129 -78.1675639999626,42.0001009996428 -78.1561039996054,42.0001649997991 -78.1536730001817,42.0001959996517 -78.1449210002073,42.0003130001338 -78.1447569998556,42.0003139998653 -78.1429569996749,42.0003069998876 -78.1366819999668,42.0002809996781 -78.1361960005209,42.0002820002646 -78.134814000263,42.0002889997763 -78.1221310001833,42.0003580000335 -78.1215150002384,42.0003889996561 -78.114453999877,42.00025700014 -78.1122440000568,42.0002170004412 -78.1115790002213,42.0002140000367 -78.1108240005275,42.0002079997325 -78.1088279998074,42.0001889997637 -78.1035569994884,42.0001490004305 -78.0934360005751,42.0000659997934 -78.093087000351,42.0000659998883 -78.0928340000658,42.0000529998843 -78.0890509996714,42.000010999851 -78.0889790003428,42.0000079997644 -78.074354999813,41.9998480001854 -78.0725780003288,41.9998259998149 -78.0596200004327,41.9996609995437 -78.0552450002355,41.9996430004099 -78.0541730004553,41.9996269997382 -78.0404200000222,41.9994189998737 -78.0334430003464,41.9993690002385 -78.031448000119,41.9993539999298 -78.0300969996389,41.9993430001277 -78.026750999712,41.9993179998989 -78.0235080002319,41.9992920001681 -78.0037949995239,41.999136999816 -78.0019059997985,41.9991219996286 -77.9969949999196,41.9990799995877 -77.9814709997601,41.9989550002189 -77.9809130005407,41.9989469999106 -77.9674730002935,41.9987929998187 -77.9654300004165,41.9987699999467 -77.9645499995453,41.9987589998387 -77.9628209998779,41.9987430000441 -77.957122000278,41.9986920000679 -77.9474779995331,41.9985530003678 -77.9406400000915,41.9984729999576 -77.94035399968,41.9984700004128 -77.929829000093,41.9984030004047 -77.9113499994837,41.9982800002055 -77.9068170000621,41.9982270004042 -77.9063640003151,41.9982350003692 -77.9044080004966,41.9982189997362 -77.8943510000919,41.9982069999117 -77.8804080005822,41.9982229995537 -77.8702589998771,41.9982370004263 -77.8697200001437,41.9982310002247 -77.8632850000671,41.9982430004278 -77.8627700000055,41.9982430000215 -77.8611909995886,41.9982459997595 -77.8456769996111,41.9982720001251 -77.8403820004415,41.9982770003426 -77.8320449998339,41.9982859995839 -77.8298029995985,41.9982880002989 -77.8297659994021,41.9982859998385 -77.8283959999937,41.9982590003916 -77.8235749999164,41.9983029997368 -77.8232470005526,41.9982960000307 -77.8229370000084,41.9982960003741 -77.8175399999765,41.9983229996261 -77.8162139996171,41.9983310000781 -77.7984350000487,41.998424000187 -77.7973460002368,41.9984500004437 -77.7920820003984,41.9984439995864 -77.7918230003147,41.998457000256 -77.7708019999911,41.9985609998345 -77.7699319996078,41.9985649995904 -77.7620339998509,41.998605000201 -77.7499360002942,41.998663000035 -77.7452619999342,41.9986850001514 -77.7368660000567,41.9987219999549 -77.7325880002926,41.9987420000933 -77.7323020005509,41.9987280000289 -77.7276140004836,41.9987679999993 -77.7272930005338,41.9987689998671 -77.7218940005756,41.9987969996906 -77.7143729999527,41.9988329997707 -77.7132000003745,41.9988390001445 -77.7078629998046,41.998795999866 -77.6876300002488,41.9990580002293 -77.657781999811,41.9993769996646 -77.6532720005106,41.9994249997869 -77.6487189998285,41.9994730002313 -77.6357160001502,41.9994389998813 -77.6316219997424,41.9994280003884 -77.6311660005902,41.9994260001534 -77.6205150005995,41.9994019999037 -77.6198469997567,41.9993970001889 -77.6100269995593,41.9993679998904 -77.6097710000531,41.9993839996469 -77.5989270004294,41.9994269998385 -77.5987959999788,41.9994279998647 -77.5956039999374,41.9994420004021 -77.590253999485,41.9994610002156 -77.584694000529,41.9994960000938 -77.5846309995062,41.9994960002536 -77.5706599995817,41.9995689996147 -77.5628560003386,41.9996059996804 -77.5119609997173,42.0000769995966 -77.5039879999866,42.0001009997984 -77.5029679999289,42.0001029999347 -77.5014300003535,42.0001040002045 -77.4903270005504,42.0001250003024 -77.4887689995605,42.0001280001761 -77.4763619995795,42.0001469997149 -77.4757689999622,42.0001490004383 -77.4637859998343,42.0001560002904 -77.4617050004179,42.0001560000718 -77.4585070005614,42.0001570000103 -77.4565770001094,42.0001620001398 -77.4396709994022,42.0001179996803 -77.4375829998306,42.0001089997313 -77.4335329998915,42.0001270001748 -77.4282229999359,42.0001130003876 -77.427115000033,42.0001110003316 -77.425418000097,42.0001039996971 -77.4250940003738,42.0000719996099 -77.4240220001911,42.0000709999232 -77.4033339996727,42.0000709997164 -77.4033159997156,42.000079000213 -77.4029979995372,42.0000709997534 -77.3958259997765,42.000070999667 -77.3952890001248,42.0000569996502 -77.3945959999412,42.0000569999091 -77.392631000226,42.0000490001069 -77.3908500001643,42.0000399997993 -77.3751259994597,41.9999639996598 -77.3695449996172,41.9999429999018 -77.3676189998062,41.9999480002686 -77.3624539998733,41.9999150003643 -77.3552760004409,41.9998930004084 -77.3389749994843,41.9998359998039 -77.3370150004859,41.9998290002179 -77.3300490004014,41.9998109996746 -77.319839000129,41.9997830002388 -77.3194730005182,41.9997980000686 -77.3163090003538,41.9997660001731 -77.3121860002248,41.9997450003288 -77.3053279997259,41.999714999763 -77.3044330001064,41.9997189995865 -77.3036470001936,41.9997210002754 -77.3029500000104,41.999713000315 -77.302933000214,41.9997219998047 -77.2956359999715,41.9997370001267 -77.2941739997891,41.9997410004024 -77.2911739996682,41.9997339999045 -77.2880319997764,41.999728000165 -77.2833550002682,41.9997109998011 -77.2793240000928,41.9997290000299 -77.2748650000166,41.9996779997945 -77.274369999671,41.9996899998011 -77.2576579997098,41.9996490002085 -77.2567950001413,41.9996470000193 -77.248266000125,41.9996239997633 -77.2443509999995,41.9996340000641 -77.2436810000328,41.9996119996792 -77.2394079995533,41.999601000228 -77.2287939999285,41.9996120001993 -77.2208029998333,41.9996200000025 -77.2196399997156,41.99962300032 -77.2185109995676,41.9996279998991 -77.2102300005334,41.9996759998293 -77.2038280004031,41.99971300042 -77.2004050001459,41.9996589997165 -77.1948799995681,41.9996860003067 -77.1928449997945,41.999694999766 -77.1877659995853,41.999684999952 -77.1866339995158,41.9996829999542 -77.1849919996168,41.9996710003953 -77.1845439995136,41.9996809996805 -77.1844519993994,41.9996939997063 -77.1831459993999,41.9996729997185 -77.1830149999753,41.9997210002473 -77.182515000216,41.9997189997169 -77.1808140001893,41.9997309998712 -77.1803739999857,41.999736999668 -77.1791159995055,41.9997610000187 -77.1760059997862,41.9997259998885 -77.1744130000165,41.999725000102 -77.1728670001911,41.9996950002825 -77.1719629996133,41.9996920002639 -77.1718910005331,41.9996989999829 -77.1715629999008,41.9996739997323 -77.1614189995992,41.9996050001266 -77.1564250005581,41.9996400003756 -77.1439590003604,41.9997079997787 -77.1356990004291,41.999755000227 -77.1340849999103,41.9997599999325 -77.1311090004005,41.999778999586 -77.1270429998293,41.9997980001585 -77.1269419995506,41.9997989997277 -77.1147020002721,41.9998169996768 -77.1140269993948,41.9998199995706 -77.1137150005886,41.9998190001023 -77.1117890000449,41.9998199999762 -77.1032520004137,41.9998330001441 -77.1027229995403,41.9998349998646 -77.0992039999578,41.9998670004008 -77.0960689998595,41.9998989999733 -77.0939059995012,41.9999199997793 -77.0832719999521,42.000017999795 -77.0831189997698,42.0000189997321 -77.0644279999779,42.000200000383 -77.0635870001259,42.0002040001716 -77.0527469996523,42.0003079995889 -77.0498599997465,42.0003350002695 -77.0386480003994,42.0004410000002 -77.0359369996266,42.0004660000483 -77.0351100002278,42.0004830002879 -77.0310030001642,42.0005100001126 -77.0276570000706,42.0005550003439 -77.0260409999924,42.0005790002963 -77.0215449996325,42.0005850002121 -77.0210030002156,42.0005960002099 -77.0202349998114,42.0006019995751 -77.0197640001595,42.0006029996816 -77.0191900001784,42.0006079997539 -77.0185469999846,42.0006319995656 -77.0175540004285,42.0006740003815 -77.0169840004812,42.0006950003255 -77.0159389998059,42.00070000004 -77.0141570005711,42.0007370003473 -77.013410000244,42.0007339998919 -77.0122400000125,42.0007170003178 -77.0089440000965,42.0007220000939 -77.0074079998279,42.0007329999548 -76.9853759996438,42.0009469999526 -76.9657909997908,42.0011139999724 -76.9559809999632,42.0012330000488 -76.9553990001823,42.001235999696 -76.9463740005938,42.0013449997361 -76.9426410002845,42.0013640003891 -76.9425330004992,42.0013870002682 -76.9424230001851,42.0013959996796 -76.9403229994167,42.0014440004379 -76.9373809995288,42.0014629999805 -76.9270590001586,42.0015750001085 -76.9252610003437,42.0015899997344 -76.9074659995345,42.0017329999706 -76.902710000551,42.0017700001103 -76.901372999418,42.0017809998483 -76.8887580000836,42.0018779998985 -76.8759520005278,42.001906000388 -76.8708599995711,42.0019180000161 -76.8684640005878,42.0019220000594 -76.8604379995232,42.0019359996727 -76.8339970000882,42.0019910004147 -76.8339849994354,42.0020000002447 -76.8308349999368,42.0019990001927 -76.8302719999964,42.0019790000743 -76.8299269995702,42.0019820001661 -76.8296049998014,42.0019960001071 -76.8293959995047,42.0020109996184 -76.8289770004574,42.0020179999288 -76.8286939995731,42.0020140001231 -76.8284710003557,42.0019920003003 -76.8277839999077,42.0019969996748 -76.8231350003616,42.0019660004135 -76.8212580005462,42.0019159995594 -76.8155859994372,42.0018980002064 -76.8151850000999,42.0018669996786 -76.814810000163,42.0019380004104 -76.8107869997466,42.0019270001838 -76.8106129996858,42.0019269996854 -76.7879239999117,42.001866000052 -76.7855890002456,42.0018559998928 -76.7835090002567,42.0018540000457 -76.7834379995726,42.0018510002596 -76.778523999599,42.0018379999674 -76.7778299997471,42.0018370004419 -76.7722500001339,42.0018140001267 -76.7637300001983,42.0017560002421 -76.7551170003289,42.0016960004359 -76.7506660004741,42.0016639996469 -76.749674999712,42.0016890002772 -76.7485240002125,42.0016839997831 -76.7472729998947,42.0016679998103 -76.7424539994096,42.0016280003199 -76.741259999779,42.0016169998521 -76.7348859998111,42.0015639997436 -76.7307560004682,42.0015290000262 -76.7299109997833,42.0015229997815 -76.7285479998003,42.0015089998184 -76.7250620004661,42.0014799998838 -76.7123509995828,42.0013750003508 -76.7071390001794,42.0013309996923 -76.7069509997849,42.0013270000538 -76.705707000248,42.0013190001863 -76.7016519997267,42.001284999574 -76.6934359994316,42.0012170002722 -76.686951999969,42.0011430000473 -76.6774299997213,42.0010619996517 -76.6707709994421,42.0010049997275 -76.6620649996922,42.0009320001246 -76.6564709996117,42.0008830001498 -76.6477810003967,42.0008070001063 -76.6470260005032,42.0008000001514 -76.6413819998801,42.0007509997095 -76.6381029998684,42.000722000102 -76.6330029998742,42.00067799997 -76.6256990004569,42.0006139999025 -76.622088000535,42.0005820002107 -76.6210909994642,42.000573999651 -76.6126550005386,42.0004989997987 -76.5959809998009,42.0003480003013 -76.5892860005162,42.0002879997074 -76.5887720005747,42.0002830002973 -76.5862120003486,42.0002630001029 -76.5678140000362,42.0001270001668 -76.5581550000926,42.0000659998968 -76.5576779998281,42.0000640000452 -76.5530990002027,42.0000330003879 -76.5517409998982,42.0000259997393 -76.5488670002769,42.000004999752 -76.5487629996648,42.0000029997796 -76.5439320001604,41.9999730000244 -76.5413610004242,41.999954999885 -76.5378530002753,41.9999170003419 -76.5349939996278,41.999884000198 -76.5348989994868,41.9998839999711 -76.5335259993978,41.9998699998536 -76.5289910003466,41.9998209997102 -76.5261589997304,41.9997909996316 -76.5247639997111,41.999773999829 -76.5231350003623,41.9997580002238 -76.5217980004987,41.9997400000514 -76.5214880005532,41.999741000261 -76.521054000286,41.9997360003339 -76.5119509994211,41.9996360002042 -76.5096189998186,41.9996100004053 -76.5095109994847,41.9996080003361 -76.5027509999022,41.9995120000126 -76.4996070005117,41.999473000343 -76.4993150002595,41.9994629995992 -76.4964430000751,41.9994219996043 -76.4920989996572,41.9993719997662 -76.4851389997293,41.9992950003528 -76.4849720004535,41.9992900002793 -76.4806019996153,41.9992260001075 -76.4803330003673,41.9992190001605 -76.478193000463,41.9992040004225 -76.475868000071,41.9991890000386 -76.4755259996119,41.9991799995751 -76.4744560003802,41.9991430000692 -76.4742199996692,41.9991539996497 -76.4732779995989,41.9991459998578 -76.4712980004067,41.9991119999143 -76.4673970005939,41.999039999952 -76.4665189998581,41.9990580004314 -76.4628609996419,41.9990149998929 -76.4615470002167,41.9989829999135 -76.4600880004817,41.9989659996265 -76.4449969997095,41.9987839998345 -76.4428929997217,41.99875899986 -76.4400279997702,41.9987370003961 -76.4398930005629,41.9987249999564 -76.4380989998176,41.9987230001355 -76.4252809995745,41.9986259995601 -76.41807699987,41.9985950000156 -76.3979800002877,41.9985310002108 -76.3908420005105,41.9985039998167 -76.3895070001159,41.9984979996664 -76.3854680004014,41.998486000344 -76.3849820001293,41.998483999795 -76.383133999488,41.9984850000748 -76.3817399994508,41.9984829997232 -76.3810980003622,41.9984770001964 -76.3786549999093,41.9984570001137 -76.3784930001808,41.998478999562 -76.3508330003815,41.9984010004324 -76.34963100057,41.9983970002864 -76.3448269997889,41.9983830001581 -76.3435720003938,41.9983820000544 -76.3405089998785,41.998377999556 -76.3127179995548,41.9983339998864 -76.3115099994136,41.9983310001111 -76.3041009997766,41.9983179996999 -76.303130999813,41.998319999623 -76.2949950001535,41.9983399998476 -76.2927249998488,41.998344999657 -76.2857529994595,41.9983609995909 -76.2790189998783,41.9983759999244 -76.2758459996325,41.9983820002961 -76.2757989997589,41.9983779997002 -76.269333000151,41.9984110001849 -76.2664499997078,41.9983919997213 -76.2662939994118,41.9984030002492 -76.2644829996332,41.9984070003081 -76.2543519997953,41.9984060001682 -76.2540299999759,41.9984020001262 -76.2446680005458,41.998404999711 -76.2445030002809,41.998403999582 -76.2420499998515,41.9984009996458 -76.2418279997291,41.9984159999804 -76.2393470000273,41.9984269998318 -76.2368100005814,41.9984370003761 -76.2248879999665,41.9984859996165 -76.2243300001636,41.9984889998808 -76.2158199997848,41.9985269996708 -76.2069139999634,41.9985670000739 -76.2048730005215,41.9985750002219 -76.19036699962,41.9985989998658 -76.1901950004816,41.9985990002444 -76.1747029998529,41.9986720001881 -76.1740660005451,41.9986390000448 -76.1566740006022,41.9987610002679 -76.1564040003375,41.9987570001891 -76.1490890000112,41.9988259997681 -76.1460549994256,41.99885499975 -76.1455190003211,41.9988419996161 -76.1404059995873,41.9988900002541 -76.1403229994015,41.9988920002198 -76.1383189997104,41.9989029999555 -76.1379370005111,41.9989059996664 -76.1365029995505,41.9988630000355 -76.1363050002359,41.9988580001479 -76.1350490005262,41.9988810001054 -76.1312460000716,41.9988879997558 -76.1286969999695,41.9988679999547 -76.1260459998545,41.9988589999695 -76.1236139997084,41.9988659999222 -76.1109089996536,41.9989010002409 -76.105840000337,41.998913999939 -76.1058229994945,42.0096509996872 -76.1058230005479,42.0098340004275 -76.1062619994835,42.027905000132 -76.1062569999314,42.0280270001119 -76.1062620005969,42.0288809998434 -76.106273000319,42.0290100003059 -76.1062569996888,42.030600999625 -76.1062679994277,42.0311739996287 -76.1048290003281,42.031567999792 -76.1052930002357,42.0362279996106 -76.1060329998011,42.0436829999264 -76.1063130000677,42.0463610000524 -76.1063359994771,42.0465860000404 -76.1067309998914,42.050103000127 -76.1069090003612,42.0519610001604 -76.1072750004768,42.0560190003542 -76.1074469997765,42.0579180004329 -76.1076589999441,42.0601679999353 -76.1078610001223,42.0623019995819 -76.1080630002679,42.0645120003046 -76.1082339996619,42.0664079997071 -76.1083249999401,42.0673450000398 -76.1083769996424,42.0679490001055 -76.1086630000314,42.0711170001438 -76.1088379998138,42.0733159998856 -76.1088470002976,42.0735720002314 -76.1089220004302,42.0743310002188 -76.1089489999327,42.0745739996936 -76.1089469994745,42.0751609995826 -76.1089480002915,42.0756749998723 -76.1090469994875,42.0761729997674 -76.1098390004452,42.084215999938 -76.1109350001192,42.0953310003469 -76.1110269999405,42.0958060002086 -76.1110469999716,42.0962950004167 -76.1114939997986,42.1004419996354 -76.1115339999826,42.1011700003457 -76.1085620004586,42.1012559996839 -76.1086190000486,42.1019530003577 -76.1071910000562,42.1020209997148 -76.1075589999296,42.1123580000666 -76.1083660004345,42.1123220002911 -76.1094609995273,42.1122840002039 -76.1110100002735,42.1122920000437 -76.1114819997007,42.1122969996329 -76.1114989997241,42.1126030001842 -76.1115429997001,42.113229999839 -76.1117780003884,42.1165390002065 -76.1118650001508,42.1179630003258 -76.1120979995553,42.1218000004168 -76.1123590005192,42.1260829996974 -76.1127859999815,42.1327249998663 -76.112809000262,42.1330940002533 -76.1130270004406,42.1364849997603 -76.1130389995273,42.1366589999552 -76.1132449998026,42.1398609996257 -76.1132999999991,42.1407279997637 -76.1135309999286,42.1443149998881 -76.1136679995218,42.1464579998987 -76.1138190004652,42.1487959998748 -76.1140580000342,42.1527800002588 -76.1140330001816,42.1534180002221 -76.1145930001952,42.1603299999544 -76.115459999401,42.1729679997998 -76.1157409998057,42.1770710003674 -76.1157620002328,42.1777060000885 -76.1157779995623,42.1778840000353 -76.1161500005156,42.1801599997952 -76.1162409999802,42.1839430004219 -76.1162469999123,42.184237999778 -76.1162059996026,42.1842740002867 -76.1162569995958,42.1851460000023 -76.1162249998683,42.1856100003534 -76.1020000005034,42.1862029996512 -76.0866829995452,42.186858000087 -76.0868239994723,42.1870269996156 -76.0869069995487,42.1871990000439 -76.0869590001526,42.1873750002138 -76.0869919999883,42.1875360004434 -76.0870079999679,42.1877049998609 -76.0870739997436,42.1897349997364 -76.0871500003655,42.1909189999294 -76.0872159994209,42.1917090002687 -76.0872330002588,42.1920409996284 -76.0872419999747,42.1926109997688 -76.0873180004455,42.1936100001898 -76.0848739994997,42.1936389999179 -76.0848780002323,42.1938050004113 -76.0837169994114,42.1938490000687 -76.0840200000889,42.196613999662 -76.084195000239,42.1993160001115 -76.0848979998732,42.1992880003007 -76.0851310002554,42.2025380001377 -76.0852159999803,42.2052899997608 -76.08521100023,42.2054639997028 -76.0853730000435,42.207394999921 -76.0854110001121,42.2079279998341 -76.0856230004364,42.2108410004426 -76.0819060001936,42.2109900001453 -76.0814200002203,42.2110100001187 -76.081623000264,42.2142800000993 -76.081701999561,42.2155430000092 -76.0818889997253,42.218641000422 -76.0816590000754,42.21865099966 -76.0810880000231,42.2186429999834 -76.0811119997063,42.2248859997309 -76.08111800004,42.2274880000938 -76.081094999429,42.2293919999139 -76.0811019997826,42.2297870003256 -76.0811340004589,42.2304949997432 -76.0844990002863,42.2304709999862 -76.0846749996941,42.234255999948 -76.0846880004828,42.234474000297 -76.0847050000215,42.2348630002089 -76.0864979997698,42.2348629996634 -76.0868479998402,42.2402979998567 -76.0871819999273,42.244058000342 -76.0871970005186,42.2442369998598 -76.088932999426,42.2442340003492 -76.0905940004432,42.2442249998142 -76.0909080001123,42.2496360004303 -76.0963460002082,42.249521000044 -76.0963650001074,42.2500670004368 -76.0966290001441,42.257450000043 -76.0939180001791,42.257539999842 -76.0897429995866,42.2577019997651 -76.0887069997441,42.2577390001401 -76.0872839994831,42.2577799995587 -76.086161000304,42.2578159996121 -76.086011000283,42.2578230003652 -76.0847540001897,42.2578599997527 -76.081418999795,42.2579750002472 -76.0806659999802,42.2579850001588 -76.0809950003561,42.2619889997239 -76.0812140002724,42.2647110002801 -76.0828150002704,42.2647420003691 -76.0834450004325,42.2718119997794 -76.0854750004729,42.2717340001256 -76.0856039995415,42.2717280003759 -76.0872520004366,42.2716760001368 -76.0877280002776,42.2787519998937 -76.0918619996456,42.2786540002084 -76.1006080003383,42.2784219995688 -76.1008089997442,42.2813179998508 -76.1010360005136,42.2845730003732 -76.1012259997168,42.2872879997117 -76.103158999819,42.2873119997001 -76.1065819999921,42.2873560002645 -76.1065720005893,42.2935299995525 -76.1059149996798,42.2935429996693 -76.1025399994549,42.2936119999735 -76.1010280002159,42.2936450003108 -76.0987589996283,42.2936529997379 -76.0988030004978,42.2948839998266 -76.0991149999568,42.303398000204 -76.1015929995517,42.3033279997781 -76.1016219999549,42.3103950001197 -76.1062539998351,42.310346000217 -76.1063940003426,42.3187320004311 -76.1124010000165,42.3186029995778 -76.1124270000646,42.3265230001082 -76.1163569999251,42.3265659996283 -76.1167020002044,42.3372300001594 -76.11290000045,42.3372789995527 -76.1092860000538,42.3373250003513 -76.1097629997784,42.3449139997306 -76.1099120000874,42.3473439998183 -76.111403000359,42.3473180001413 -76.1114590000249,42.3484209998417 -76.1117970000199,42.3546350001133 -76.1119420001993,42.3572659998448 -76.1146180003793,42.3572839998817 -76.1145869996412,42.3624300003854 -76.1145509995395,42.3630139999004 -76.114551000097,42.3642350002421 -76.1145539998374,42.3669710002279 -76.114635999845,42.3671089996715 -76.1192120003874,42.367154999977 -76.1224390001499,42.3671870003885 -76.1225729995024,42.3742379997351 -76.1225559999538,42.37507199964 -76.1226499994948,42.3768680003256 -76.1228539999458,42.3807869997483 -76.1212610003394,42.3807589998671 -76.1202110001632,42.3807380002731 -76.1210079996621,42.3839779997081 -76.122961999535,42.3919020002246 -76.1244670001148,42.3920010003723 -76.1244839994484,42.3951589999531 -76.1245209994246,42.402012999864 -76.1246489996691,42.402037000163 -76.1296730002735,42.4020379995709 -76.1297430006013,42.4031779996777 -76.1301810002765,42.4103370002545 -76.1327379999972,42.4102809998244 -76.1399219997264,42.4101239999117 -76.1492740005199,42.4099200002081 -76.1571979996568,42.4097460002361 -76.1576589999479,42.4097349997389 -76.1632159998899,42.4096139995814 -76.1650969994547,42.4095710004415 -76.1711149996278,42.4094410003782 -76.1730189996538,42.4093989997048 -76.1813789998538,42.4092160003852 -76.1899430004102,42.4090279996591 -76.1978960005044,42.4088550003692 -76.2002039996813,42.4088039997764 -76.2018730002635,42.4088140003683 -76.209041000506,42.4086489999346 -76.2132369995791,42.4085530002609 -76.2190099998021,42.4084199999254 -76.2231889996992,42.40832400038 -76.2377659997588,42.4079890002828 -76.2496529996449,42.4077120003546 -76.2520359996509,42.4076190001295 -76.2533590004987,42.4075680000782 -76.254042000501,42.4075500000676 -76.2613389996793,42.4073679999221 -76.269717999598,42.4071579996568 -76.2888339998547,42.4066800001908 -76.2904550003248,42.4066389996518 -76.2928980000425,42.4065780002326 -76.2931679998349,42.4065719995962 -76.293185999552,42.4065299996313 -76.2931859997346,42.406402999618 -76.293162999692,42.4062870003289 -76.2931409997088,42.4062549996041 -76.2931189994071,42.4061020003362 -76.293133999857,42.4060190001118 -76.293319000076,42.4058219999591 -76.293400999422,42.4056900004478 -76.2935789997002,42.4055470002839 -76.2936749996558,42.4054919999033 -76.2942080003654,42.4053549996924 -76.2943490003884,42.4053110000738 -76.2944969999872,42.4052509998479 -76.2945709996658,42.4052020000925 -76.2946969994783,42.4050860004448 -76.2947640003397,42.4049599997286 -76.2948019996709,42.4048459999235 -76.2948310001735,42.4046420003545 -76.2948819998142,42.4044659999002 -76.2949189995749,42.4043949997125 -76.2949560002901,42.4043669995815 -76.295001000578,42.4042959999385 -76.295037999984,42.4042679997956 -76.2950969996781,42.4041590003959 -76.2951339998975,42.4041199996052 -76.2951860003241,42.4040210000527 -76.2952079995314,42.4038789998833 -76.2952010000933,42.4036100004134 -76.2951840000823,42.4035960002362 -76.2951270001697,42.4033520003088 -76.2950830002293,42.4031230003497 -76.2950679997405,42.4028959998219 -76.2950679996429,42.402730999684 -76.2951050002447,42.4026229998954 -76.2951500002927,42.402539000277 -76.2952170004989,42.4024510002204 -76.2954090001288,42.4022980001171 -76.2955350004661,42.4021609997289 -76.2955789994976,42.4020780000908 -76.2956529999012,42.4018700000328 -76.2957199995345,42.4017869997142 -76.2958309995037,42.4016889998608 -76.2960760002475,42.4014460004395 -76.2961870002807,42.4013480002376 -76.2963720001697,42.4011399998509 -76.2963869996315,42.401100999804 -76.2965050001385,42.4009639996518 -76.2965419997584,42.4008929998098 -76.2965199997229,42.4008099997301 -76.2964090000095,42.4006899999013 -76.2963719998852,42.4006070001321 -76.2964460004199,42.4002609996808 -76.2964680000377,42.4002180002081 -76.2964980005122,42.3999979998271 -76.2965430003034,42.3997880000481 -76.2966169998985,42.399542000134 -76.2966169999174,42.3995040000558 -76.2966610004071,42.3993670001292 -76.2966609999437,42.3992789997143 -76.2966980000445,42.3992020001184 -76.2967720003393,42.3991199997602 -76.2968910005499,42.3990149999735 -76.2969949996014,42.3988620003441 -76.2970469996599,42.3987520001657 -76.2970690005333,42.398587000431 -76.2970760002966,42.39837900011 -76.2971429994474,42.3981650001757 -76.2972540000903,42.3980109997649 -76.2973209996946,42.3979510002542 -76.2973950004489,42.3978410003603 -76.2974620004475,42.397719999791 -76.29748399939,42.3976599998161 -76.2974910004058,42.397494999552 -76.297417000569,42.3972749998589 -76.2974249999044,42.3972370001835 -76.2973949994914,42.3971929995558 -76.2974250001602,42.3970009997516 -76.2974909995509,42.3968749996334 -76.2975140005564,42.3967920000241 -76.2975580003804,42.3967150001414 -76.2976910005203,42.3965559996673 -76.2977060005316,42.3965179999637 -76.2979080000511,42.3963420003548 -76.298062000053,42.3962379998145 -76.2983139999385,42.3960350002419 -76.2983879997819,42.3959419999957 -76.2984399998092,42.3957709999563 -76.2984319996364,42.3956889997379 -76.2982469996328,42.3955190000834 -76.2982030000139,42.3954530002628 -76.2981510005798,42.3953380002412 -76.298129000294,42.3952610000815 -76.2981209995725,42.3951459997735 -76.2981049999841,42.3951320003842 -76.29808399977,42.3949699999587 -76.2980399994468,42.3948220001806 -76.2979950001451,42.3947389995756 -76.2979660004831,42.3947230003842 -76.2979360005118,42.3946350000809 -76.2977879999781,42.3944869998043 -76.2976470002574,42.3942780001248 -76.2976179999245,42.394185000083 -76.2976769994301,42.3940040002758 -76.2977269994288,42.3937719996216 -76.2977220003483,42.3935650004043 -76.2976990000153,42.3934660003008 -76.2975659998859,42.3932080001321 -76.2975439994698,42.3931860002608 -76.29746999977,42.3930159999232 -76.2974400000553,42.3928850002015 -76.2973660004699,42.3927030004113 -76.2973589999942,42.3925930004234 -76.2973439999501,42.3925779998658 -76.2973220000173,42.392400999614 -76.2973439994757,42.3919120003249 -76.2973130005414,42.3917839999896 -76.2972410005014,42.3917199998379 -76.2971299999505,42.3916429997691 -76.2971050005703,42.3916420002306 -76.2969819998121,42.391577000098 -76.2969149994988,42.3915170002964 -76.2968999999308,42.3914620002477 -76.2969370005515,42.3913409997619 -76.2969449998382,42.391259000266 -76.2969149999135,42.3912210000454 -76.2969080004849,42.3911490001193 -76.296818999762,42.3910720002892 -76.2965669995636,42.3908910004078 -76.2965299999094,42.3907979995534 -76.2965369999746,42.3906610001182 -76.2965599995497,42.3905339999086 -76.2965449997553,42.3903149998839 -76.2965150001853,42.3902819995886 -76.2964559996349,42.390167000419 -76.2963150000081,42.389855000033 -76.2962930005232,42.3897600003611 -76.2962929996539,42.3896229999357 -76.2964120003962,42.3892940000559 -76.2964420000542,42.3892330001253 -76.2965230002269,42.3890140003536 -76.2965449999413,42.3889149997745 -76.2965749997208,42.3888480001135 -76.2967310003829,42.3884210003569 -76.2967450003131,42.3883500002317 -76.2967819999446,42.3882779996319 -76.2967820000509,42.3882400003825 -76.2968199999643,42.3881409997467 -76.2968639997201,42.3880640000325 -76.2969819994556,42.387740000051 -76.2970740004945,42.3875519995647 -76.2971750002421,42.3873290004273 -76.2974269996391,42.3868679995846 -76.2975830005362,42.3866039998226 -76.2977230003559,42.3863520002602 -76.2979010005481,42.3861320003069 -76.2980489994248,42.3860220003762 -76.2982939996895,42.385902000275 -76.2984420005248,42.385802999552 -76.2987310005145,42.3856219997422 -76.2987749997547,42.385583000341 -76.2989680000767,42.3854900002992 -76.2991900004552,42.3853250000358 -76.2993080003259,42.3852259995937 -76.2994190006071,42.3851110002399 -76.2994929998993,42.3850120003572 -76.2996119994244,42.3847649997054 -76.2996419998804,42.3846009999331 -76.2996269995416,42.3844469998205 -76.2995969995804,42.3843810001783 -76.2995009998228,42.3842989996815 -76.299411999981,42.3842600001221 -76.2991900005022,42.3841290002542 -76.2990790004319,42.3840459995484 -76.299056999441,42.3839759996691 -76.2990940003893,42.3836620003363 -76.2990570005198,42.3835250003162 -76.2990719995996,42.3834750000786 -76.299183000431,42.3833770003589 -76.2991959997536,42.3833309997514 -76.2991239995047,42.383140000203 -76.2991010002876,42.3830310000988 -76.29915300046,42.3829480000487 -76.2991980003291,42.3828499999213 -76.2991750005893,42.3827179997947 -76.2991460005201,42.3826899996678 -76.2991009996115,42.3825920000894 -76.299034999404,42.3823499998776 -76.2989609997,42.3822789996841 -76.2988269995239,42.3822019996581 -76.2987310001611,42.3821300003692 -76.2987020000131,42.3820209997085 -76.2987309999016,42.381943999844 -76.2987310002013,42.3818719998671 -76.2986939995373,42.3818060000196 -76.2985980005502,42.381712999865 -76.2985909999406,42.3816860003792 -76.2984289998306,42.3815459996327 -76.2983240004303,42.381510000159 -76.2981389997397,42.3815160002941 -76.2979239997397,42.3816250002072 -76.2978129999495,42.3816310003497 -76.29768699948,42.3816139999483 -76.2975390003419,42.3815760000142 -76.2974580005712,42.3815429999102 -76.2972880003832,42.3814489999218 -76.2970799999394,42.381344999992 -76.2968210002873,42.3812740004178 -76.2967470001885,42.3812630002676 -76.2963839999529,42.3812959995683 -76.2962290002854,42.3812790004037 -76.2961550004511,42.3812349997233 -76.2961330004914,42.3811910000251 -76.2961920004918,42.3810539995981 -76.2962360001029,42.3809280001015 -76.2962140001529,42.3808070003739 -76.2961769999884,42.3807299999397 -76.2960880000318,42.3806150000665 -76.2959480002004,42.3804939997312 -76.2958590003165,42.3804449999723 -76.2957110005177,42.3804169995696 -76.2956290000544,42.3803679997654 -76.2955920004062,42.3803240001798 -76.2955699994588,42.3801759998731 -76.2954809994326,42.3801100003674 -76.2952300001816,42.3800819997648 -76.2949500002647,42.3800659996147 -76.2949260001277,42.3800549999068 -76.2947340005345,42.3800379996994 -76.2943260001218,42.3799399999416 -76.2940450003888,42.3798790003051 -76.2938970001177,42.3798629996604 -76.2938450003786,42.3798409999092 -76.2936900005941,42.3798299997 -76.2936230000999,42.3798129998811 -76.2930969997931,42.3797860002141 -76.2926969996192,42.3797800000775 -76.2923569999074,42.3798130001126 -76.2922270005859,42.3798409996078 -76.2919940005225,42.3798730003561 -76.2916459999424,42.379906000202 -76.2913059994926,42.3799280000784 -76.291016999924,42.3799219999358 -76.2906469997514,42.3798569996292 -76.2905259999249,42.3798019996643 -76.2901730003724,42.3796199995665 -76.2899730001402,42.3795600001035 -76.2897660005305,42.3795710001669 -76.2896770002857,42.379604000221 -76.2895059996017,42.3797300003518 -76.2894980001175,42.3797469997356 -76.2891509999217,42.3800150002903 -76.2890549999997,42.3800649996833 -76.2889440001445,42.3800810003411 -76.2888550001057,42.3800760004434 -76.288580999984,42.3799989998522 -76.2884619994734,42.3799819997596 -76.2881509994305,42.3799929995725 -76.2878179994375,42.3799659996271 -76.287655000235,42.3799329996605 -76.2875590003212,42.3799049998758 -76.2874479999894,42.3798389998595 -76.2873150003998,42.3796909998944 -76.2872330002309,42.379625000002 -76.287062999497,42.3796030001152 -76.2867969999247,42.3796750000923 -76.2866109999261,42.3797079995915 -76.2864930001864,42.379690999727 -76.2863149998648,42.3796419997882 -76.2861079999447,42.3795590000085 -76.2857680000741,42.3794489998916 -76.2855969999937,42.3794049996184 -76.2854709999954,42.3793830001113 -76.2853380000808,42.3793889998178 -76.2852200004891,42.3794710000421 -76.2849969997751,42.3796690001276 -76.2848199995598,42.3797399996224 -76.2845979996885,42.3797730003871 -76.2844120002267,42.3797619999936 -76.2842939995774,42.3797230001638 -76.2841830002811,42.3796580002152 -76.2839979997606,42.3794819997227 -76.2839170004886,42.3794430002102 -76.2838059999302,42.379442999694 -76.2837169998926,42.3795039997434 -76.2836870000512,42.3797340004078 -76.2836649996673,42.3797510003729 -76.2836499996289,42.3798549995908 -76.2836049999169,42.3798989999864 -76.2834569996867,42.3799869999141 -76.283256999856,42.380041999833 -76.2830720002803,42.3800580000458 -76.282776000317,42.3800360000279 -76.282758999554,42.380023000292 -76.2825540004117,42.3799920003472 -76.2822309995797,42.3799249997445 -76.2820649994351,42.3799039995766 -76.2819020004714,42.3799479996162 -76.2818279997791,42.3799920003143 -76.2817530002237,42.3800919997567 -76.2816510002827,42.3801560002176 -76.2815619999054,42.3801729995736 -76.2812949995092,42.3801399995735 -76.2811689997494,42.3801669998167 -76.2810359996148,42.3802279996206 -76.2809469994324,42.3802550004039 -76.2807989996867,42.3802709995602 -76.2806880000336,42.3802599998631 -76.2803029995373,42.3801180003427 -76.2801479997596,42.3800789997065 -76.2797030003048,42.3800299998582 -76.2795550002274,42.379991000428 -76.279495999484,42.3799640002015 -76.2794069996923,42.3798870001171 -76.2793780005415,42.3797169995454 -76.279445000604,42.3793929999049 -76.279437000398,42.3792389998211 -76.2794519999185,42.3791949999811 -76.2796369999574,42.3790309996873 -76.2796890002829,42.378920999784 -76.2796889999626,42.3788329999144 -76.2795859997026,42.3787180002099 -76.2795189994373,42.3786899995723 -76.2792009994856,42.3786789996638 -76.2791039994498,42.3786130001008 -76.2790819996274,42.3785359996003 -76.2790230004155,42.3784540003032 -76.2788750005286,42.378360999922 -76.2786900000385,42.3782950000921 -76.2785940001877,42.3782510001627 -76.2784129998689,42.3781490002589 -76.2782239995447,42.3780260002421 -76.2780609995516,42.3778770000906 -76.2778979994707,42.3777730002019 -76.2775059996692,42.3777670001082 -76.2773430000539,42.3777289997939 -76.2772000005356,42.3776480003615 -76.2769059995886,42.3775040000524 -76.2766770001551,42.3773549999877 -76.2764920004204,42.3772509999338 -76.2761960005959,42.3771850000282 -76.2760990001439,42.3771519998899 -76.2757879999593,42.3770750004394 -76.2752850001428,42.3770149995703 -76.27483300055,42.3769429999838 -76.2746709999,42.3769269995846 -76.2746519995118,42.376914999806 -76.2744710005161,42.3768939995787 -76.2744520006075,42.3768810001104 -76.274145999656,42.3768320001897 -76.2739449996375,42.3768109998959 -76.2737600003567,42.3767840000637 -76.2730570000675,42.3766300000842 -76.2727980005615,42.3765859996719 -76.2727240001618,42.3765969997228 -76.2726789997946,42.3765690002684 -76.2725320006018,42.3765360001261 -76.2723160002742,42.3765199996373 -76.2722569999765,42.3764980002089 -76.2720130002985,42.3764870001518 -76.2719460001471,42.3764919997645 -76.2717909999699,42.3765360002567 -76.2715979999721,42.3766569998592 -76.2715240004506,42.3767170000496 -76.2713909999138,42.3768050000003 -76.2712279998937,42.3768700000804 -76.271064999443,42.3768869995626 -76.2708060005586,42.3768649995781 -76.2705130004511,42.376750999975 -76.2702880002098,42.3766839997224 -76.2701439994651,42.3766220004175 -76.2699470006031,42.3765239999348 -76.2698879999029,42.3765020001899 -76.2697179999701,42.3763980004029 -76.2696930002471,42.3763959997218 -76.269533000295,42.3763149997553 -76.2693110004526,42.3762549997295 -76.2691770004478,42.3762550001393 -76.2691569996556,42.3762659998025 -76.2689629998028,42.3762820003257 -76.2686440000522,42.3762769998729 -76.2683630003788,42.3762269999349 -76.2682149997341,42.3761939999229 -76.2677489999176,42.3761170001973 -76.2673559997199,42.3760179998206 -76.2671490003885,42.3759190000455 -76.266949000233,42.3757600001798 -76.2669420004854,42.3757420000589 -76.2667720005561,42.3755729996051 -76.2666390002729,42.375517999753 -76.2663199998853,42.3754469996082 -76.2660970001564,42.3754179998847 -76.265824000349,42.3753969997105 -76.265543000266,42.37536500008 -76.2654689999031,42.3753420000846 -76.2652689996166,42.3752980004363 -76.265187999964,42.3752490001118 -76.2650619996423,42.3751549995885 -76.2650060001349,42.375073000402 -76.2650430001484,42.3750019995676 -76.2649250003633,42.3743539999086 -76.2648950000236,42.3742720001522 -76.2648290003004,42.3741570002155 -76.2647180002689,42.3740799998776 -76.2645769996747,42.3740519999244 -76.264398999467,42.3740299996507 -76.2642139994559,42.3739919999108 -76.2639770003445,42.3739529999081 -76.2638290002692,42.3738870002755 -76.2636740002928,42.3737610003284 -76.2636370004862,42.3736839999996 -76.2635709998865,42.3736240000066 -76.2633629996013,42.3735140000766 -76.2631780004915,42.3734640001191 -76.2627929999353,42.3734150000317 -76.2626899995169,42.3733930003278 -76.2622600001733,42.3732769995638 -76.2620749997622,42.3732549998031 -76.2616090003415,42.3731119997554 -76.2614090002306,42.3730410000177 -76.2613569994087,42.3730130001667 -76.2610389994855,42.3729470004199 -76.2608250001271,42.3729139999512 -76.2607730004453,42.3728980001515 -76.2605880004329,42.3728759997818 -76.26026200052,42.3727820001189 -76.2601509999271,42.3727330000024 -76.2600550004357,42.3726729999172 -76.2599590000861,42.3725849995875 -76.2598480005025,42.3724689999392 -76.2598030005216,42.3723210001728 -76.2595299998467,42.3720739995734 -76.2594560001235,42.3720189995777 -76.259278000588,42.3719200000639 -76.2590930005129,42.3718380001075 -76.2590780002811,42.3718099998766 -76.2588930006004,42.3716129999207 -76.2588850004457,42.3715950003686 -76.2586490002887,42.3713870001202 -76.2585379997886,42.3713380002216 -76.2584200005,42.371349000366 -76.2582720002808,42.3713930003213 -76.2579830000619,42.3715300003798 -76.2578939997743,42.3715409996583 -76.2577019995991,42.3714310002281 -76.2576789999528,42.3713820003072 -76.2575759995085,42.3712940000002 -76.2575170004592,42.3711730002942 -76.257471999576,42.3711069999166 -76.2573610002243,42.3710410002608 -76.2572499998336,42.3710079998546 -76.2566800001477,42.370898000126 -76.2566209996406,42.3708759998092 -76.2565469995684,42.3708099999372 -76.2565400001047,42.3706839997292 -76.256488000314,42.370644999655 -76.2562960000674,42.3706340003957 -76.256154999909,42.3706670003758 -76.2559329996142,42.3706999996581 -76.2558369997725,42.3706889997091 -76.2556960000919,42.3706070003183 -76.2555630002334,42.3704690001168 -76.2554809997922,42.3704139996002 -76.2553780002909,42.3703809998061 -76.2550519996741,42.3702930002722 -76.2549040000971,42.3702769995914 -76.2547559999862,42.3702109998675 -76.2546450002128,42.3701450002674 -76.2545710000068,42.3700570004367 -76.2544750005182,42.3699639998755 -76.254401000432,42.369826000168 -76.2543860005884,42.369744000028 -76.2543639996886,42.3697279995574 -76.2543500002038,42.3696449996191 -76.2543200004994,42.3696000003607 -76.2542830001136,42.3693979997711 -76.2542459994802,42.3693540001941 -76.2542540005542,42.3692940001101 -76.2542240004362,42.3692450004143 -76.2542090002506,42.3691509999055 -76.2541719994143,42.3690799997631 -76.2540909996305,42.3689919996307 -76.2537280003849,42.3688219998952 -76.2536319996957,42.3687940003904 -76.2535579997348,42.3687559996491 -76.2533509998951,42.3686729998044 -76.2532030002736,42.3685960000524 -76.2530699999841,42.3685520003268 -76.2528849997016,42.3684590003818 -76.2526179997554,42.3682939998215 -76.2523669994874,42.3681569996573 -76.2522339996892,42.3680910002708 -76.2520490000048,42.3680469999853 -76.2519149997408,42.3680029999259 -76.2516559997532,42.3678710000664 -76.2511530001802,42.367475000375 -76.2510430003902,42.3674039997626 -76.2507909999684,42.3672719998895 -76.2506280000334,42.3671240004188 -76.2504729996165,42.3669650001158 -76.2503620005643,42.366799999968 -76.2503249994622,42.3667169999997 -76.2503179999992,42.3666460000631 -76.2502660000107,42.3665310000279 -76.2501399997384,42.3664039997007 -76.250022000405,42.3663160002514 -76.2499110005169,42.3662779998122 -76.2498369997323,42.3662400002519 -76.2496519999638,42.3661899999465 -76.2493490004116,42.3661719999831 -76.2490600001258,42.3661389995759 -76.2488749999128,42.3660789996785 -76.248742000182,42.3660239995947 -76.2486089997752,42.3659859997828 -76.248519999681,42.3659420000049 -76.2484230005283,42.3659150003319 -76.2483570001225,42.365876000388 -76.2482750005168,42.3658490002556 -76.2480610004878,42.3657499995914 -76.248000999639,42.3657340000119 -76.2477640004902,42.3656349997033 -76.2476089998242,42.3655970004273 -76.2473939998054,42.3655799999313 -76.2469650001867,42.3655860000236 -76.2467650002499,42.3655530001236 -76.2465060005004,42.3654600002451 -76.2463869998304,42.3654000000261 -76.2461719994126,42.3652739998229 -76.2460759996099,42.365197000085 -76.2459130004058,42.3650380003181 -76.2457870000708,42.3649449995989 -76.2457209998644,42.3649169997216 -76.2454980000584,42.3649010002905 -76.2454100003622,42.3649009999137 -76.2453129996857,42.3648790003873 -76.2452470005749,42.3648460001521 -76.2451730001827,42.3647800000346 -76.2451280003342,42.3646809997956 -76.2450909998994,42.3646429996336 -76.2450389994166,42.3645329999426 -76.2449430000373,42.3644339996374 -76.2447800003081,42.3643740000311 -76.2447209997944,42.3643190004463 -76.2447210000556,42.3642810000717 -76.2446689995773,42.3642419999755 -76.244469000308,42.3642209999986 -76.2443360001431,42.3641550003751 -76.2440250000305,42.363929999698 -76.2439870000171,42.3639079999865 -76.2438690002126,42.3639079997503 -76.2437660000852,42.3639350002365 -76.2436909996546,42.3639360003489 -76.2435729998105,42.3639030004063 -76.2433879997102,42.3639029996842 -76.2432770001937,42.3639300000372 -76.2430990004802,42.364012999612 -76.242966000321,42.3640129998985 -76.2427589996294,42.3640289997197 -76.2426920002345,42.3640240000711 -76.2426180000972,42.36398499976 -76.2424850001771,42.3638760002286 -76.2423219995147,42.3638209998974 -76.2421660001249,42.3637169998409 -76.2421290005718,42.3636779999477 -76.2420850002125,42.3635359998081 -76.2419879994025,42.3633929996328 -76.2419659998896,42.3630859999963 -76.2419069999052,42.3629919997992 -76.2418839999428,42.3628609997128 -76.2418919994077,42.3627670004544 -76.2418550000576,42.3626850000026 -76.241706000406,42.3625310001702 -76.24170599999,42.3624650004501 -76.241832000284,42.3623940002094 -76.2420019997449,42.3623440004166 -76.242128000003,42.3622839996549 -76.2421719994622,42.3622019997136 -76.2421799995072,42.3621030003448 -76.2422090004373,42.362025999972 -76.2421349995335,42.3618889998489 -76.2420979997481,42.3618449998587 -76.2419279994087,42.3616909999782 -76.2418299998381,42.3615700001428 -76.2414680004773,42.3612630003411 -76.2413869999217,42.3612140001173 -76.2413350004267,42.3612079996882 -76.2412089996128,42.3611369997665 -76.2410979993953,42.3610549996073 -76.2409130002686,42.3608899995549 -76.2408170005968,42.3608189995586 -76.2407049993984,42.3606820000007 -76.2406540005213,42.3606050003154 -76.2405940000741,42.3604789996447 -76.2405350003458,42.3604070001053 -76.2404459997278,42.3603249998929 -76.2403500002517,42.3602540003941 -76.2400980000916,42.3601170000709 -76.2400019998945,42.3600399996515 -76.2398539995293,42.3598700001325 -76.2397790004982,42.3597049999578 -76.2397649996137,42.3596059999799 -76.2397719997266,42.3594579996153 -76.2398010002197,42.3593869995517 -76.239831000336,42.3592599998671 -76.2397420000133,42.3590789998843 -76.2396899996515,42.3590240002899 -76.2397119996443,42.3589530002957 -76.2396820004946,42.358815999971 -76.2396900003866,42.3587060000016 -76.2395049996871,42.3585029998912 -76.2394449999349,42.3583820004373 -76.2393489995751,42.3582779997388 -76.2392970001631,42.3582010003206 -76.2392380005692,42.3580370002483 -76.2392230004563,42.3580199998405 -76.2391629994434,42.3578340001146 -76.2391190002035,42.3576140003086 -76.2390519994302,42.357437999777 -76.2390219999496,42.3574110000903 -76.2389479994713,42.3572739995726 -76.2387410000654,42.3569719998151 -76.2387039999058,42.3568900000598 -76.2386369993947,42.3567799999529 -76.2385930001071,42.3567359996581 -76.2385550000514,42.3566210003986 -76.2385259998032,42.3564010003739 -76.2385400000442,42.356153999871 -76.2385599995448,42.3559289999197 -76.238554999988,42.3558689998302 -76.2385769998039,42.3558360004518 -76.2386140001112,42.3556709996937 -76.2386660004894,42.3555500000289 -76.2387100003602,42.355395999973 -76.2387469996814,42.3553140003397 -76.2387839999441,42.3550559999828 -76.2387760002692,42.3549409998961 -76.2387470001981,42.3548969996738 -76.2387759994525,42.3548579996325 -76.2387679998435,42.3547430004413 -76.2386870004319,42.3543589999414 -76.2386650004227,42.3543370002493 -76.2386499998404,42.3542270002138 -76.2386279999435,42.354211000251 -76.2385980000364,42.3540129997893 -76.2385680005902,42.3539140003992 -76.2385379995274,42.353755000027 -76.238515999826,42.3537390000389 -76.2384859997364,42.3535139998068 -76.2384640002299,42.3534810002449 -76.2384119997279,42.3532340002473 -76.2384039994817,42.35312900027 -76.2383669996596,42.3529589999605 -76.238308000013,42.3527400001341 -76.2382119994498,42.3524760001928 -76.2381670003348,42.352376999667 -76.2381450000008,42.3523609996096 -76.237997000386,42.352114000445 -76.2378859998337,42.3519709999467 -76.2378109995418,42.3518340003405 -76.237772999546,42.351733000413 -76.2377269995975,42.3515640003169 -76.2376950002894,42.3513580004394 -76.2377019994583,42.3512570000752 -76.2377369999939,42.3511229996165 -76.2378179999167,42.3509980001318 -76.2379630002347,42.3508600002172 -76.238299000323,42.3506739998454 -76.2383659995242,42.3506249999278 -76.2385200005593,42.3505450001516 -76.2385859994307,42.3504980003189 -76.2387670000843,42.3503970003022 -76.2391720005098,42.3502290002899 -76.2393269997984,42.350181000172 -76.2394080001667,42.3501319995863 -76.2396010000082,42.3500629998406 -76.2396530001703,42.3500329999261 -76.2398010004253,42.3498789995481 -76.2398369997208,42.3498130003197 -76.2398669995323,42.3496870000934 -76.2398459997207,42.3495580003844 -76.2398089995636,42.3494570001913 -76.2397630004251,42.3494139999524 -76.239782000376,42.3492559999843 -76.23981199965,42.3492290000308 -76.2399800000113,42.3491640002485 -76.2400079999485,42.349096999565 -76.24001800046,42.3489920003603 -76.240008000532,42.3488900003119 -76.239988999501,42.3488570001042 -76.2399670004267,42.3487169996698 -76.2399659994586,42.3485779996253 -76.239984999918,42.3485459996199 -76.2400119998415,42.3483769996913 -76.2401049997551,42.3482180001925 -76.2401340001816,42.3481899995911 -76.2401839997954,42.3480909996981 -76.240215999409,42.348065000168 -76.2403740005454,42.3478150002842 -76.2404199998535,42.347759999662 -76.2403829999725,42.3475620004485 -76.2403310004608,42.3474410002162 -76.2403029995621,42.347268000407 -76.2403450004195,42.3472070000952 -76.2405050000085,42.3470800001719 -76.2406090001723,42.3470079999937 -76.2408159999519,42.3469209996559 -76.2409540001977,42.3469020002639 -76.241019999396,42.346873999704 -76.241088000334,42.3468989998009 -76.2412700005046,42.3469140001674 -76.2413640004407,42.3469089999621 -76.2414839998917,42.3468530003857 -76.2416679998906,42.3466899998356 -76.2417649999906,42.3465699999102 -76.2417509993999,42.3464709999552 -76.2415729994167,42.3463369996002 -76.2415729998092,42.3462720002507 -76.2416399997266,42.3461070003058 -76.2417580000534,42.3459419999894 -76.2418099994931,42.3458980002866 -76.2419350001357,42.3457600002663 -76.2420339999608,42.3456849999475 -76.2422190004375,42.3455220002612 -76.2422989996869,42.3454370000758 -76.2423660003725,42.3453440002408 -76.2424159994259,42.345151000015 -76.2424309994043,42.3450360002189 -76.2424970004639,42.3449209997559 -76.2426380001306,42.3448380003555 -76.2428119997566,42.3447889997513 -76.2428520001833,42.3447700004066 -76.2429030004167,42.3447100003028 -76.2429449993977,42.3446090001284 -76.2429519994758,42.3445390004353 -76.2429929995265,42.3443300003113 -76.2430370003618,42.3441559997789 -76.2431020000996,42.343988000034 -76.2431499996744,42.3439279999292 -76.2432200002254,42.3438019999573 -76.2433140005488,42.3437250002828 -76.2434879998503,42.3435169999321 -76.2435500003532,42.3434209997077 -76.2436010004304,42.3432859997319 -76.2436089999571,42.3431819998765 -76.2435869999711,42.3431139997104 -76.2435979998315,42.3429060001856 -76.2436419999355,42.342767999687 -76.2436939998654,42.3426970002402 -76.2438949996153,42.3425499997798 -76.2441940003991,42.34238299959 -76.2444939997611,42.3422720001467 -76.2445310001877,42.3422510001401 -76.2447079997722,42.3422029997713 -76.2447460003971,42.3421819996433 -76.2448830002884,42.3421529999061 -76.2450540004198,42.3420909995909 -76.2452390005019,42.3420509997409 -76.2453430001711,42.3419819996201 -76.2453799994765,42.3419820002746 -76.2454909994784,42.3418619999564 -76.2455130005733,42.3417520002911 -76.245498999889,42.3416520001676 -76.2454370000335,42.3413770004352 -76.2454320001191,42.3411700003412 -76.2454719999189,42.3410010000305 -76.2455620006,42.3408010002327 -76.2457539996977,42.3405669997294 -76.2458649997091,42.3404529996789 -76.2459379996471,42.3403620002697 -76.2460640003767,42.3401719998637 -76.246124999451,42.3400009995988 -76.2461340005192,42.3396459996452 -76.2460800002942,42.3395109995819 -76.2460460003186,42.3393369998751 -76.2460109999901,42.3392710002518 -76.2460070005101,42.3391669999907 -76.2459709999255,42.3389990001314 -76.2459679995844,42.3388949998127 -76.2459820000226,42.3387910002518 -76.2459550005342,42.3386560002556 -76.2458699993962,42.3385689999718 -76.2457380004044,42.3384720003789 -76.2456250003606,42.3384089996475 -76.2455190002321,42.338296999826 -76.2454759996825,42.3382329997988 -76.2454640003975,42.3380979997229 -76.2455170001158,42.3379629995855 -76.2456709999845,42.3377900002635 -76.2457039994566,42.33772499982 -76.2457149999119,42.3376569998668 -76.2457749998477,42.337524000309 -76.2458280003033,42.3374289998677 -76.2458609997852,42.3374029995752 -76.2459530005801,42.3372850000809 -76.2460710003495,42.3371799998924 -76.2461319996929,42.3371079999838 -76.2462110004605,42.3369050003681 -76.2462029996557,42.3367999997792 -76.246103999948,42.3367240003479 -76.246021999859,42.3366870000002 -76.2459309999963,42.3366680002975 -76.245681000098,42.3365660003649 -76.2455890004429,42.3364859996391 -76.2455749995511,42.3364160000114 -76.2455949995078,42.3363480004459 -76.2456440000883,42.3362889997298 -76.2457650000386,42.3361789995707 -76.2457869996193,42.3360750004261 -76.2457439994942,42.3357599996051 -76.2457480000649,42.3356559997031 -76.2457650002076,42.3355880002743 -76.2458149999809,42.3354900001181 -76.2459139994246,42.3354170001912 -76.2460029998309,42.3353880001858 -76.24614399976,42.3353700003523 -76.2463150003827,42.3354360004136 -76.2464580002686,42.3354239998225 -76.2465399996796,42.3353860002321 -76.2466679997835,42.3352820002063 -76.2467780001214,42.3351289999468 -76.2468349997435,42.3350720002031 -76.2468410004695,42.3350379996695 -76.2469719997208,42.3348899996953 -76.2470970001793,42.3347830004124 -76.2472400002309,42.3346409999304 -76.2472719999752,42.334575999978 -76.2472899999784,42.33439899957 -76.2470919996545,42.3338090003849 -76.2469549995647,42.3333220002302 -76.2468810000995,42.3332310002883 -76.2467269995959,42.3331439998413 -76.2465160005763,42.3330559996429 -76.2464219996785,42.3330419997119 -76.2463560005031,42.3330560000716 -76.2462600003487,42.33303400015 -76.2461340001604,42.3329519999283 -76.2461119999166,42.3328910004499 -76.2461190002658,42.3327379998776 -76.2461109995492,42.3326720003373 -76.2460449996874,42.3325620004169 -76.2460450002225,42.332507000224 -76.2459849999069,42.3324410002338 -76.2459699996997,42.3323149999102 -76.2460069995826,42.3322550000805 -76.2460739996564,42.3321890004406 -76.2460810000214,42.3321339998162 -76.2461849994644,42.3320080002488 -76.2463180004236,42.3318149999202 -76.2463319998399,42.3317770002621 -76.2464650002141,42.3315850003243 -76.246553999656,42.3313930004292 -76.2466649995829,42.3312389995722 -76.2467389995947,42.3310909999543 -76.2467390000061,42.3310519997104 -76.2467749998613,42.3308980001512 -76.2468569998133,42.3307449998105 -76.2469449998648,42.3306020000949 -76.2469670003206,42.3305079999265 -76.2470189994481,42.3303990000838 -76.247107999521,42.3300529998624 -76.2470999999912,42.3300140001741 -76.2471149996863,42.3298170003718 -76.2471070002624,42.3296630001588 -76.2470400002889,42.3294869998488 -76.2470329994441,42.3294000002048 -76.2470029997033,42.329377999861 -76.2469959997092,42.3292679999174 -76.2469660005059,42.3292509996588 -76.2469659995597,42.329103000447 -76.2469960000469,42.32904799995 -76.2471289996412,42.3289049996369 -76.2473279997794,42.3287959999693 -76.247423999682,42.3287569999485 -76.2474840002816,42.3287519999441 -76.2476240000579,42.3286970001482 -76.2478679998008,42.3286309995697 -76.2481050003055,42.3285980004093 -76.2484010000654,42.3285749997755 -76.2485860002601,42.3285530001159 -76.2490519994901,42.328449000264 -76.2492439999374,42.3284210000681 -76.2494289994706,42.3283829999914 -76.2495320000899,42.3283719997555 -76.2496059995953,42.3283329999225 -76.2497470003706,42.3283070001844 -76.2498879999267,42.3281919999157 -76.2499399996397,42.3280929998195 -76.2499920004097,42.3277969999899 -76.2498960000875,42.327593999741 -76.2497550000078,42.327473000067 -76.2497629998307,42.3271820000183 -76.2497999994315,42.3271160000683 -76.2499340000869,42.326989999604 -76.2500889998972,42.3268910004089 -76.2505029998215,42.3266829998483 -76.2506439999213,42.3265509998947 -76.2506519996478,42.3265180003901 -76.2507699999549,42.3263980003269 -76.2508150003979,42.3261890000471 -76.2508439999252,42.326161999939 -76.2508589998154,42.3260519997256 -76.250932999736,42.3259309998491 -76.2509410004535,42.3258980003106 -76.2510589995953,42.3257610003223 -76.251080999911,42.3256949997081 -76.2510740003987,42.32556300022 -76.2510959994083,42.3253659999555 -76.2511189997342,42.3253489997035 -76.2511710002752,42.3252230000619 -76.2512739994194,42.3251130003653 -76.2513560002827,42.3249650003968 -76.2513629998864,42.3248940003314 -76.2513190001543,42.3246300000686 -76.2512829998171,42.3242569998886 -76.2512090000641,42.3241140004248 -76.2510089994018,42.3239110002427 -76.2508540002671,42.3236909999331 -76.2508389996547,42.3236470001931 -76.2508540005634,42.3235100000751 -76.2508909997572,42.3234880001331 -76.2510170000693,42.3232909998384 -76.2510099996386,42.3231860001533 -76.2509730000088,42.3230990001741 -76.2508469997317,42.3229780001786 -76.2502850002656,42.3225549999798 -76.2501379995781,42.3224169998015 -76.2501150004572,42.3223619999362 -76.2500560002469,42.3222909999479 -76.2500200004815,42.3221700002645 -76.25001200023,42.322098999874 -76.249961000257,42.3219509999414 -76.2499389998148,42.321693000289 -76.2499089998281,42.3216759998808 -76.2498799995664,42.3215939997801 -76.2498650000856,42.3214179995686 -76.2499099995674,42.3211330000075 -76.2499539997874,42.3210720002899 -76.2499839998598,42.3209459995869 -76.2500429994792,42.3208530002438 -76.2502210002098,42.3206610003663 -76.2502279994993,42.3206280000614 -76.2503390000151,42.3205180003412 -76.250353999476,42.3204800000327 -76.2504799997196,42.3203749997103 -76.2506499997931,42.3201779998512 -76.2507689994826,42.3200240002987 -76.2507760001036,42.3199859998346 -76.2508430005862,42.3199259997802 -76.2508499995542,42.3198869996677 -76.2509240000961,42.319815999868 -76.2510280005456,42.3196840004373 -76.2510799997253,42.3196020002592 -76.2510869997433,42.3194649999675 -76.2510650003824,42.3194210000424 -76.250954000461,42.3193519998156 -76.250819999577,42.3193109995754 -76.2507869999197,42.3192889995826 -76.2507539998151,42.3191850003172 -76.2507339995387,42.319079000399 -76.2507450003179,42.3188649996365 -76.250736999778,42.3187940001621 -76.2507819995989,42.3185830003259 -76.2507620005666,42.318371000222 -76.2507180004753,42.3181610000772 -76.2505529995901,42.3176119997304 -76.2504639994801,42.3174489997645 -76.2503999996509,42.317354000386 -76.2502349996945,42.3171790000495 -76.2501079997877,42.3169880003318 -76.2500650003287,42.316812999656 -76.250055999943,42.3166720004438 -76.2500350004082,42.3166200002048 -76.250011999398,42.3164800001868 -76.2499679997071,42.3163409999999 -76.2499050003544,42.3162069998918 -76.2498290004551,42.3160769996172 -76.2497550003111,42.3159849997767 -76.2496850002154,42.3159360003005 -76.2496010000619,42.315898999812 -76.2494659997923,42.3158600000574 -76.2494039997806,42.315805999571 -76.2493639995675,42.3157409999005 -76.2493600002813,42.3155269995843 -76.2493869999737,42.31542200021 -76.2494049998485,42.3152819999457 -76.2494479998205,42.3151799998996 -76.2495279995144,42.3150499996316 -76.2496089994018,42.3150100003433 -76.2497459994837,42.3149789999772 -76.2498580003246,42.3149100002085 -76.2499569994755,42.3148329997781 -76.2500929996693,42.3146879997574 -76.2501669995471,42.314519999831 -76.2501769996156,42.3144499999825 -76.2502399996745,42.3142799999369 -76.2502730002634,42.3141399998508 -76.2504070001561,42.3137679997082 -76.2504820000693,42.3136400003689 -76.2504860004038,42.3133960003528 -76.2504720001888,42.3133269998092 -76.2504870001543,42.3131619999587 -76.2505610001227,42.3130359999806 -76.2506350005227,42.3129369998453 -76.250724000134,42.3128549996214 -76.2508569999546,42.3127510004474 -76.2508870005363,42.3126959997069 -76.2507829996472,42.3126240004136 -76.250709000162,42.3126079998039 -76.2506279994033,42.3125700000792 -76.2505320001004,42.3125420002039 -76.2504209996264,42.3124760001481 -76.2503100005675,42.3123939999606 -76.2502729994694,42.3123500004068 -76.2502219998233,42.3120480000257 -76.2501990001396,42.3120259997595 -76.2501850004637,42.3118829997927 -76.2501550001411,42.311778999928 -76.2501259998646,42.3117620003453 -76.2501040005349,42.3116960003835 -76.2500810001634,42.3115430001331 -76.2500589995383,42.3114989999626 -76.2500589995763,42.311367000329 -76.2501710006079,42.3111750002575 -76.2502369997466,42.311076000236 -76.2502599998364,42.3107739998145 -76.2503260000579,42.3106920003001 -76.2504370000242,42.3106319997116 -76.2505709998095,42.3105770004418 -76.2506219999221,42.3105109995642 -76.2506370000575,42.3104400003666 -76.2506819999444,42.3103740000661 -76.2507560002172,42.3103080004069 -76.2508590001877,42.3102530003362 -76.2509330002085,42.3102369999297 -76.2511399996243,42.3101649999847 -76.2512660003213,42.3100939998163 -76.2513179998178,42.3100450000046 -76.2513549998776,42.3099840004031 -76.251413999797,42.3099399999124 -76.2514070001654,42.3099129998479 -76.2514370000122,42.3094030000113 -76.2514150004076,42.3091390003166 -76.2513860003842,42.3085790001515 -76.2513489994547,42.3084579998158 -76.2513200002169,42.3083270001617 -76.2512610001366,42.3082440001355 -76.2512240003472,42.3081339996392 -76.2511720002346,42.3077669998415 -76.2511950005759,42.3074759998779 -76.2511729997063,42.307271999689 -76.2510990002054,42.3071129996792 -76.2508989999477,42.3069430001092 -76.2506409995147,42.3067889997365 -76.2504709994247,42.306645999918 -76.2504489996526,42.3066129996769 -76.2502570004091,42.3063940002316 -76.2502569995269,42.3063659997499 -76.250109000457,42.3061740001992 -76.2499609999742,42.3059270000417 -76.2499389994601,42.3058449999668 -76.2498649996051,42.305685000352 -76.2497990000732,42.3054159996467 -76.2498359999759,42.3051580000514 -76.2498580003289,42.3051359999832 -76.2498730003021,42.3050489998968 -76.2498960003264,42.3050269997311 -76.2499179997797,42.3049440003444 -76.2499470000416,42.3049109996953 -76.2499849997848,42.3047629999079 -76.2500140002226,42.3047469998318 -76.2500359999661,42.304619999888 -76.25005899939,42.3045709997597 -76.2500590004486,42.3044829995911 -76.2499780003914,42.3042579999965 -76.2499700004232,42.3042030003128 -76.2498740004834,42.3040660004098 -76.2497040002995,42.3039340001777 -76.2495919997621,42.3038890003336 -76.249471000225,42.3038889995764 -76.2493369996518,42.3036310000339 -76.2493000001002,42.3035479996568 -76.2493300003966,42.3033290002729 -76.249314999919,42.3030869999913 -76.2492849999854,42.3030650001235 -76.2492780004448,42.3029830003425 -76.2492110000682,42.3028839998454 -76.2492030000655,42.3028130000603 -76.2491369999773,42.3026370000499 -76.2491659999152,42.3024730003225 -76.2491659998274,42.3023409995867 -76.2492029996452,42.3021269997099 -76.2492030004685,42.3020550004416 -76.2492400000638,42.3018580002465 -76.2492390000704,42.3016380002836 -76.2492019998143,42.3015830003669 -76.2490909997375,42.3014629998508 -76.2490539997209,42.3013910001795 -76.2490169999498,42.3012649996895 -76.2490020003084,42.3010779997405 -76.2490169999902,42.3009959998346 -76.2490910002022,42.3008090003123 -76.2491640003299,42.3007269998454 -76.2493859997317,42.3003969999475 -76.249385999595,42.3003530002892 -76.2494299998465,42.3002489996968 -76.2494229995617,42.3001610001039 -76.2493859997064,42.3000950003116 -76.2492749998569,42.299985999852 -76.2491120004717,42.2998759996311 -76.2490229995442,42.2997939996827 -76.2489789997707,42.2997329995792 -76.2489409995977,42.2995740002682 -76.2489409999545,42.2994860000304 -76.2489640002361,42.2993770003625 -76.2490599996369,42.2992560002455 -76.2491329994985,42.2991949999536 -76.2492069998195,42.2991569999224 -76.2493480001993,42.2991680000141 -76.2495179998989,42.2991129996243 -76.2496580003672,42.2990470000038 -76.2497460001791,42.299042999567 -76.2498199995567,42.298994000134 -76.2499089994219,42.2989059997005 -76.2499609995864,42.2988179999801 -76.2499899998978,42.2987139996601 -76.2499760000505,42.2986149999168 -76.2499310000478,42.2985000003382 -76.249865000002,42.2982310002382 -76.2498800005422,42.2980769999693 -76.2499249997426,42.2979839998908 -76.2500869998953,42.2978240003343 -76.2501170003694,42.2977590003208 -76.2501170005091,42.2977039998213 -76.2499179995563,42.2975390000388 -76.2498809999874,42.297484000292 -76.2498729996344,42.297401999673 -76.2498439994316,42.2973799998346 -76.24985099983,42.2971709997899 -76.2498589998516,42.2971270002627 -76.249925000091,42.2970449999236 -76.2501249996876,42.2968530002368 -76.2501490004602,42.2966760004299 -76.2515909999744,42.2966719997482 -76.2546860003285,42.296691000227 -76.2596669994594,42.2967010002991 -76.2710420004043,42.2967260001056 -76.2802479994182,42.2967480001689 -76.283191000163,42.2967529996377 -76.2835219994742,42.2967529999662 -76.2881739999358,42.296763999867 -76.2882449997255,42.3041189996252 -76.2882200002175,42.308227000372 -76.2886959995472,42.3082340003138 -76.2925859996775,42.3083049997022 -76.2928720004622,42.3082289997313 -76.2930139994027,42.3081999996235 -76.2932299995181,42.3081710004491 -76.2934489997966,42.3081590000001 -76.296098000169,42.3081830001301 -76.2986059997629,42.3082000002447 -76.3004360001227,42.3081789996376 -76.3007220005307,42.3081710003204 -76.3018729995634,42.3082190001599 -76.3021909998619,42.3082149999181 -76.3099299994002,42.3082710001541 -76.3141969998473,42.3082989999024 -76.3156630002076,42.3083050001355 -76.3183599998031,42.3083149996439 -76.327849000414,42.3083489995808 -76.3303419994761,42.3083569998054 -76.3305749996265,42.3083589998941 -76.3426520001131,42.3084020003574 -76.347383000312,42.3084189999144 -76.3474860000123,42.3084189998553 -76.3506189995493,42.3084369997516 -76.3507850002171,42.3139839998415 -76.3508009997607,42.3143200001484 -76.3508009994138,42.3146420000928 -76.3508089993997,42.3148460000921 -76.3508049998681,42.3155480001917 -76.3508400000655,42.315688999862 -76.3508950003621,42.317202999818 -76.350870999909,42.318287999849 -76.3731870004199,42.3181780001229 -76.3742560003235,42.3181720000754 -76.3746580000523,42.3181710002333 -76.3938030002881,42.3184949996369 -76.3946499998747,42.3185090001711 -76.3994840001995,42.3184849996855 -76.4004379995027,42.3184739999667 -76.4035190003695,42.3184440001422 -76.4090839999693,42.3184080004221 -76.4100969998611,42.3184009997988 -76.4152430004215,42.3183680001721 -76.4153049996103,42.3183680003336 -76.4154749995831,42.3055769999558 -76.4155690005368,42.2984759996297 -76.4156559996579,42.2919599999711 -76.4156799994604,42.2886499997267 -76.4157349995759,42.2865160003015 -76.4159489997696,42.2783499998023 -76.4160180001996,42.2746699999064 -76.4160240004311,42.2743960002607 -76.4160700002873,42.2719809998652 -76.4161989994438,42.2629759996249 -76.4224469997168,42.2630519999754 -76.4243679998757,42.2630749998535 -76.432698000173,42.2631779996064 -76.4392939998396,42.2632690000143 -76.4419310000935,42.2633049996879 -76.4450600003326,42.2633429998055 -76.4553410003487,42.2634689996299 -76.458872000297,42.2635129997441 -76.4628650003502,42.2635859997589 -76.4672400004311,42.263666999585 -76.4700370000385,42.2637040002513 -76.4744939994193,42.2637610002528 -76.4741420002725,42.2751429999044 -76.473962000343,42.2811319998659 -76.4749360002366,42.2811190003937 -76.4800250004933,42.281054999561 -76.4817990005424,42.2811169997555 -76.4866749996944,42.2812909999718 -76.4918510001238,42.2812670001504 -76.492121000229,42.2812660004042 -76.4931330002471,42.2811489997193 -76.4943889994019,42.281256000147 -76.4996610000024,42.2812820003299 -76.501065999705,42.2813050003927 -76.5091050003011,42.2814340004292 -76.5141409999197,42.2815140001208 -76.5149199999398,42.2815280002212 -76.5187890005009,42.2815909996976 -76.5189650005934,42.2815930000936 -76.5290149996623,42.2816769999852 -76.5302880001185,42.2816869996443 -76.5304469997495,42.2816900000179 -76.5383489994213,42.2817549997047 -76.5409789998962,42.2817509996246 -76.5412209999455,42.2817520004436 -76.5423959999166,42.2817730001958 -76.5449510003898,42.2817850000314 -76.5489290000077,42.2818319996761 -76.5530249999838,42.2818820000806 -76.5616010005031,42.2819860001213 -76.5617969998824,42.2819919995827 -76.5711979997149,42.2823100004259 -76.5713540002382,42.2823140000928 -76.5794889996017,42.2825900002816 -76.5796140001923,42.2825950002272 -76.5825750000187,42.2826129995641 -76.5845850000483,42.2826239997856 -76.5956779997067,42.2826909996104 -76.6091339999297,42.2827829999551 -76.6186859994512,42.2828480001071 -76.6193029999369,42.2828530000623 -76.6246889999298,42.282997999818 -76.6256689997301,42.2830170000253 -76.6270699998901,42.2830460000107 -76.6457309996126,42.2834300003503 -76.6458939996381,42.283433000124 -76.6574560002896,42.2836719995845 -76.6679329996454,42.2838880004095 -76.6701349996654,42.2839330002353 -76.6896389996496,42.2843359999855 -76.6914060002039,42.2843070000414 -76.6914520003812,42.2863430001912 -76.6914219999611,42.2884629998051 -76.6914170000959,42.288730999864 -76.6914030000953,42.2898070001234 -76.6913850004477,42.2909380001806 -76.6913279994621,42.2951269999534 -76.691316999614,42.2959040002061 -76.6911610002873,42.3068240000909 -76.6911519997297,42.3072940001221 -76.6911470003152,42.3077609997985 -76.6910689998762,42.3133189996366 -76.691068000531,42.3134120001596 -76.6897269998894,42.3134429999937 -76.6900740004151,42.3236360003711 -76.6900579996008,42.3247219997628 -76.6900759999954,42.3289490001045 -76.690063000139,42.3291579997177 -76.6900349994422,42.3294549997848 -76.6900150000497,42.3297619998624 -76.6900179994652,42.3299920000943 -76.690015999851,42.3308829997637 -76.6900279995938,42.3312920002234 -76.6900570001264,42.3331569996579 -76.6900450001129,42.3336180000881 -76.6901560001916,42.336817999845 -76.6903819997001,42.3503040001215 -76.6904089995819,42.3539760003111 -76.6904079995877,42.3540199999998 -76.6904580005344,42.3606840002996 -76.6904810002021,42.3635380001174 -76.6905240000178,42.3695689995526 -76.6905239997747,42.3696249998181 -76.6905520002911,42.3732170003851 -76.6904210003122,42.3732149996624 -76.6901360003465,42.3732210000495 -76.6882309999174,42.373219999613 -76.6874009999204,42.3732279997625 -76.6866269997654,42.3732029996603 -76.6860929998451,42.3731929996677 -76.6859379995107,42.373193999951 -76.685725999876,42.3751080000634 -76.6862059998621,42.3832439998366 -76.6865210004944,42.3886699995655 -76.6865559995968,42.3891829999675 -76.686577999651,42.38961200009 -76.6866219995125,42.3903509999395</coordinates></LinearRing></outerBoundaryIs></Polygon>
  </Placemark>
</Folder>
</Document></kml>
