<?xml version="1.0" encoding="utf-8" ?>
<kml xmlns="http://www.opengis.net/kml/2.2">
<Document id="root_doc">
<Schema name="shape" id="shape">
	<SimpleField name="District" type="string"></SimpleField>
	<SimpleField name="Code" type="string"></SimpleField>
</Schema>
<Folder><name>shape</name>
  <Placemark>
	<Style><LineStyle><color>ff0000ff</color></LineStyle><PolyStyle><fill>0</fill></PolyStyle></Style>
	<ExtendedData><SchemaData schemaUrl="#shape">
		<SimpleData name="District">Louisiana 3</SimpleData>
		<SimpleData name="Code">LA-3</SimpleData>
	</SchemaData></ExtendedData>
      <Polygon><outerBoundaryIs><LinearRing><coordinates>-90.468043,29.803474 -90.468116,29.803546 -90.468429,29.803853 -90.469223,29.80455 -90.469717,29.805046 -90.469917,29.805246 -90.470405,29.806043 -90.470893,29.807041 -90.471084,29.807638 -90.471275,29.808633 -90.471862,29.810028 -90.47245,29.810625 -90.472929,29.810944 -90.473045,29.811021 -90.473838,29.811317 -90.474632,29.811515 -90.474929,29.811714 -90.475026,29.811812 -90.475097,29.811885 -90.475156,29.811944 -90.475418,29.81221 -90.475504,29.812374 -90.475591,29.812539 -90.475639,29.812629 -90.475784,29.812915 -90.475906,29.813632 -90.475917,29.813928 -90.475952,29.81487 -90.476036,29.815898 -90.476119,29.817514 -90.476303,29.818014 -90.476335,29.818225 -90.476394,29.818605 -90.476692,29.81949 -90.476773,29.81959 -90.476836,29.819676 -90.476999,29.819873 -90.477005,29.819904 -90.477188,29.820765 -90.477124,29.821062 -90.477042,29.821448 -90.477033,29.821482 -90.477009,29.821585 -90.477006,29.821601 -90.477002,29.82162 -90.476999,29.821629 -90.476992,29.821657 -90.47699,29.821667 -90.476985,29.821686 -90.47697,29.821742 -90.476966,29.821762 -90.476905,29.822008 -90.47683,29.822158 -90.476608,29.822614 -90.476424,29.823349 -90.476409,29.823411 -90.476201,29.823686 -90.476211,29.823698 -90.476391,29.823876 -90.476417,29.823902 -90.476318,29.824497 -90.476314,29.82462 -90.476306,29.824875 -90.476303,29.824977 -90.476423,29.825626 -90.476432,29.825675 -90.476341,29.82657 -90.476341,29.826739 -90.476341,29.826768 -90.476448,29.827556 -90.476364,29.827891 -90.476348,29.827959 -90.476355,29.828652 -90.476356,29.828754 -90.476521,29.829724 -90.476936,29.832145 -90.477153,29.832917 -90.477218,29.833148 -90.47747,29.833956 -90.4775,29.834053 -90.477563,29.834256 -90.477842,29.835159 -90.477936,29.83546 -90.477966,29.835557 -90.478027,29.835686 -90.478344,29.836348 -90.478446,29.836561 -90.478451,29.836569 -90.478507,29.836654 -90.479026,29.837364 -90.479705,29.838365 -90.479995,29.838867 -90.480186,29.839265 -90.480079,29.840068 -90.480002,29.840289 -90.479873,29.840669 -90.479766,29.84107 -90.479545,29.842258 -90.479438,29.842548 -90.479316,29.843223 -90.478981,29.844175 -90.479064,29.844755 -90.479148,29.845529 -90.479331,29.846015 -90.479713,29.846891 -90.479904,29.847377 -90.480789,29.848287 -90.481292,29.848703 -90.48191,29.849128 -90.48233,29.849346 -90.482849,29.849758 -90.483276,29.850067 -90.484008,29.850769 -90.484025,29.850793 -90.48442,29.851364 -90.484596,29.851712 -90.484619,29.851758 -90.484939,29.852056 -90.485244,29.852453 -90.485984,29.853141 -90.486511,29.853828 -90.486648,29.854103 -90.486694,29.854194 -90.487014,29.854814 -90.487197,29.855508 -90.487487,29.8563 -90.48753,29.856435 -90.487712,29.857012 -90.48777,29.857196 -90.488075,29.857791 -90.488487,29.858381 -90.488914,29.858869 -90.489227,29.85926 -90.489761,29.85964 -90.490509,29.860008 -90.491035,29.860286 -90.491859,29.860559 -90.493064,29.861225 -90.493865,29.861701 -90.494171,29.861993 -90.494927,29.862501 -90.49517,29.862665 -90.49607,29.863437 -90.496566,29.863723 -90.497268,29.864006 -90.497516,29.864176 -90.497973,29.864477 -90.498181,29.864621 -90.49887,29.86506 -90.499067,29.865056 -90.500267,29.865377 -90.500465,29.865423 -90.501564,29.865497 -90.502761,29.865371 -90.503251,29.86528 -90.503967,29.865148 -90.505561,29.864721 -90.506462,29.864408 -90.507362,29.863996 -90.508758,29.863578 -90.510154,29.863265 -90.511848,29.863349 -90.513244,29.863441 -90.514236,29.863834 -90.514465,29.863932 -90.51493,29.864131 -90.515692,29.864703 -90.515724,29.864727 -90.516517,29.865524 -90.517311,29.866422 -90.518394,29.867523 -90.519189,29.868424 -90.519279,29.868526 -90.520759,29.870037 -90.521446,29.870841 -90.522132,29.871749 -90.52272,29.872556 -90.523054,29.873077 -90.523109,29.873163 -90.523835,29.874117 -90.524108,29.874475 -90.527482,29.880988 -90.528335,29.882636 -90.529188,29.884283 -90.529227,29.884397 -90.529601,29.884997 -90.53069,29.886738 -90.53187,29.888143 -90.533192,29.889504 -90.535416,29.891061 -90.535846,29.891303 -90.53631,29.891393 -90.536595,29.891492 -90.537588,29.891674 -90.539176,29.891964 -90.540565,29.892248 -90.541459,29.892433 -90.541558,29.892436 -90.54192,29.892308 -90.542469,29.892114 -90.543012,29.891924 -90.543377,29.891797 -90.543485,29.891817 -90.553005,29.893338 -90.553137,29.893338 -90.555675,29.893339 -90.563291,29.893344 -90.56583,29.893346 -90.566383,29.893346 -90.568042,29.893347 -90.568595,29.893348 -90.570604,29.893349 -90.576632,29.893352 -90.578551,29.893354 -90.578642,29.893351 -90.581614,29.893266 -90.590532,29.893011 -90.593505,29.892927 -90.593666,29.892897 -90.59415,29.892809 -90.5942,29.892801 -90.594314,29.892799 -90.594589,29.892789 -90.594688,29.892683 -90.594985,29.89257 -90.595184,29.892459 -90.595481,29.892347 -90.595801,29.892203 -90.596473,29.891902 -90.597061,29.891574 -90.597358,29.891359 -90.597557,29.89125 -90.597854,29.891035 -90.598152,29.890718 -90.598449,29.890504 -90.598846,29.890186 -90.599647,29.889347 -90.599683,29.889295 -90.599945,29.888933 -90.600646,29.888208 -90.600753,29.888065 -90.600766,29.888047 -90.600808,29.887992 -90.600822,29.887975 -90.601043,29.887694 -90.601249,29.887286 -90.601785,29.88674 -90.602447,29.886069 -90.603056,29.885264 -90.603454,29.88496 -90.603941,29.884763 -90.604337,29.884562 -90.604833,29.884462 -90.605222,29.884363 -90.605632,29.884364 -90.605712,29.884365 -90.606211,29.884262 -90.606701,29.884263 -90.607141,29.884023 -90.607594,29.88384 -90.608621,29.883428 -90.608947,29.883277 -90.609348,29.883094 -90.609392,29.883114 -90.609822,29.883315 -90.610101,29.883414 -90.610233,29.883461 -90.610477,29.883768 -90.610769,29.884345 -90.610809,29.884423 -90.611019,29.885222 -90.610995,29.885851 -90.61069,29.886636 -90.610776,29.887475 -90.610792,29.888078 -90.610826,29.888888 -90.611189,29.889935 -90.61125,29.890015 -90.612091,29.891103 -90.61264,29.891277 -90.612747,29.891286 -90.612941,29.891254 -90.613365,29.891119 -90.613731,29.891025 -90.614212,29.89093 -90.614494,29.890731 -90.614875,29.890737 -90.615325,29.890837 -90.615348,29.890842 -90.61573,29.890846 -90.616056,29.890738 -90.616279,29.890661 -90.616561,29.89047 -90.617055,29.890222 -90.617656,29.890235 -90.617813,29.890481 -90.617996,29.890584 -90.618194,29.890781 -90.618451,29.890956 -90.618904,29.891265 -90.619194,29.891368 -90.619384,29.891571 -90.619773,29.891674 -90.620651,29.891979 -90.621337,29.891979 -90.621826,29.89208 -90.622123,29.892282 -90.622215,29.892381 -90.622558,29.892572 -90.622657,29.892751 -90.622747,29.892799 -90.622926,29.892896 -90.622962,29.892915 -90.623138,29.893215 -90.623144,29.893227 -90.623283,29.893503 -90.623481,29.893775 -90.623779,29.894071 -90.624176,29.894268 -90.624473,29.894367 -90.624572,29.894365 -90.624771,29.894561 -90.625076,29.894659 -90.625233,29.894657 -90.625381,29.894657 -90.625679,29.894754 -90.626487,29.894947 -90.626626,29.894968 -90.627098,29.895042 -90.6276,29.895135 -90.628003,29.89523 -90.628102,29.895229 -90.629134,29.89523 -90.629753,29.895126 -90.630059,29.895032 -90.630406,29.894944 -90.630467,29.894929 -90.630989,29.894731 -90.631608,29.894537 -90.631771,29.894532 -90.632116,29.894535 -90.633142,29.894727 -90.633455,29.894727 -90.633625,29.894754 -90.634676,29.894921 -90.635292,29.894823 -90.635497,29.894724 -90.635903,29.894437 -90.636221,29.894238 -90.63643,29.894043 -90.636735,29.893843 -90.637046,29.893555 -90.637248,29.893454 -90.637415,29.893414 -90.637653,29.893358 -90.63786,29.893259 -90.638474,29.893163 -90.63929,29.8929 -90.639403,29.892861 -90.639732,29.892829 -90.639846,29.892818 -90.640205,29.892785 -90.640891,29.892842 -90.641279,29.892985 -90.641593,29.893159 -90.641815,29.89328 -90.642053,29.893198 -90.642104,29.89318 -90.642456,29.893182 -90.642517,29.893184 -90.642676,29.893082 -90.642896,29.892938 -90.643006,29.892897 -90.643059,29.892869 -90.643206,29.892802 -90.643258,29.892782 -90.643282,29.892774 -90.643325,29.892764 -90.643642,29.89269 -90.643805,29.892668 -90.644003,29.892647 -90.644093,29.892639 -90.644461,29.892596 -90.645193,29.892483 -90.645558,29.892419 -90.645764,29.892399 -90.645929,29.892397 -90.646011,29.892402 -90.646055,29.892406 -90.646258,29.892429 -90.646421,29.892453 -90.646626,29.892477 -90.646741,29.892479 -90.646753,29.892466 -90.64679,29.892427 -90.646803,29.892415 -90.646847,29.892369 -90.646945,29.892302 -90.647085,29.89217 -90.647161,29.892084 -90.647279,29.891936 -90.647416,29.891802 -90.64749,29.89177 -90.647525,29.891751 -90.64759,29.891705 -90.647647,29.891653 -90.648017,29.891625 -90.648307,29.891619 -90.648616,29.891638 -90.648718,29.891645 -90.649089,29.891679 -90.649749,29.891717 -90.650324,29.891784 -90.650531,29.891787 -90.650613,29.891783 -90.651336,29.891622 -90.651573,29.891558 -90.651609,29.89154 -90.651675,29.891497 -90.651787,29.891391 -90.651908,29.891245 -90.651991,29.891165 -90.652141,29.89104 -90.652278,29.89096 -90.652392,29.890917 -90.652472,29.890898 -90.652594,29.890878 -90.652842,29.890874 -90.653007,29.890886 -90.653213,29.890895 -90.653337,29.890896 -90.65346,29.890881 -90.6535,29.890871 -90.653576,29.890842 -90.653671,29.890788 -90.653711,29.890794 -90.653753,29.890793 -90.653835,29.890783 -90.65411,29.890707 -90.654149,29.890693 -90.654296,29.890628 -90.654366,29.890589 -90.654425,29.890538 -90.654488,29.890455 -90.654567,29.890433 -90.654577,29.890428 -90.654642,29.890403 -90.654882,29.890261 -90.654942,29.890212 -90.654965,29.890182 -90.65511,29.889923 -90.655241,29.88962 -90.655339,29.889461 -90.655363,29.889432 -90.655496,29.889347 -90.65557,29.889314 -90.655728,29.88927 -90.65585,29.889251 -90.655892,29.88925 -90.656127,29.889246 -90.656163,29.889245 -90.65618,29.889245 -90.656274,29.889245 -90.656312,29.889246 -90.656345,29.889246 -90.656511,29.889255 -90.656592,29.889244 -90.656711,29.889212 -90.656788,29.889182 -90.656823,29.889187 -90.656895,29.889224 -90.656973,29.889248 -90.657054,29.889261 -90.657219,29.889269 -90.65738,29.889305 -90.65742,29.889311 -90.657503,29.889314 -90.657667,29.889291 -90.657764,29.889266 -90.657901,29.88934 -90.657938,29.889354 -90.658016,29.889372 -90.658458,29.889389 -90.658618,29.889391 -90.658738,29.889403 -90.658778,29.88941 -90.65889,29.889449 -90.659094,29.889563 -90.659291,29.889684 -90.659704,29.889964 -90.66007,29.890181 -90.660105,29.890198 -90.660215,29.890242 -90.660513,29.890346 -90.660682,29.890415 -90.660774,29.890375 -90.660922,29.890331 -90.660973,29.890323 -90.661282,29.890304 -90.661301,29.890305 -90.661616,29.89033 -90.662195,29.890349 -90.662277,29.890341 -90.662521,29.890305 -90.66268,29.890263 -90.663253,29.890054 -90.663718,29.889903 -90.663838,29.889874 -90.66392,29.889865 -90.664292,29.889856 -90.664869,29.889902 -90.665515,29.890026 -90.66568,29.890035 -90.665721,29.890044 -90.665759,29.890044 -90.665837,29.890019 -90.665919,29.890007 -90.666132,29.890013 -90.66629,29.890017 -90.666455,29.890001 -90.666576,29.889979 -90.66677,29.889916 -90.667379,29.889694 -90.667534,29.889643 -90.667851,29.889563 -90.667999,29.8895 -90.668035,29.889481 -90.668167,29.889394 -90.668279,29.889439 -90.668308,29.889447 -90.668358,29.889461 -90.66859,29.889537 -90.66898,29.889655 -90.669519,29.889841 -90.669597,29.889864 -90.669837,29.889916 -90.670001,29.889938 -90.670289,29.889957 -90.670697,29.890007 -90.670862,29.890012 -90.670978,29.89001 -90.671092,29.890053 -90.671132,29.890062 -90.671331,29.890091 -90.671572,29.890157 -90.671718,29.890225 -90.671822,29.890289 -90.672069,29.890476 -90.672214,29.890604 -90.672254,29.890645 -90.672267,29.890659 -90.67233,29.890706 -90.672507,29.890799 -90.672571,29.890822 -90.672584,29.890827 -90.672606,29.890855 -90.672649,29.890917 -90.67275,29.891023 -90.672834,29.891111 -90.672891,29.891207 -90.672973,29.891373 -90.673044,29.891461 -90.673196,29.891703 -90.673203,29.891714 -90.673356,29.891925 -90.673474,29.891961 -90.673545,29.891997 -90.673578,29.892019 -90.673911,29.892289 -90.673954,29.892321 -90.674194,29.892501 -90.674515,29.892727 -90.674551,29.892745 -90.674702,29.892805 -90.674858,29.892853 -90.674978,29.892879 -90.675221,29.892923 -90.675549,29.892959 -90.675673,29.892965 -90.675966,29.892968 -90.676003,29.892969 -90.676168,29.892974 -90.676538,29.892931 -90.676616,29.892907 -90.676678,29.892876 -90.676717,29.892888 -90.676798,29.892901 -90.676932,29.892915 -90.676963,29.892919 -90.677004,29.892918 -90.677325,29.892883 -90.677496,29.892864 -90.677578,29.892872 -90.677702,29.892876 -90.677784,29.892866 -90.67795,29.892809 -90.678058,29.892826 -90.678429,29.892805 -90.67873,29.892758 -90.678958,29.892724 -90.67924,29.892666 -90.679399,29.892629 -90.67991,29.892484 -90.680073,29.892458 -90.680155,29.892451 -90.680403,29.892464 -90.680444,29.89247 -90.680601,29.892516 -90.680637,29.892534 -90.680667,29.892559 -90.680691,29.892588 -90.680799,29.892782 -90.680841,29.892877 -90.680855,29.892918 -90.680948,29.893451 -90.680992,29.893591 -90.681007,29.893624 -90.681004,29.893642 -90.680997,29.89369 -90.680997,29.893726 -90.681013,29.893833 -90.68109,29.894259 -90.681102,29.894294 -90.681149,29.894394 -90.681219,29.894524 -90.681328,29.894796 -90.681496,29.895125 -90.681601,29.895321 -90.681735,29.895544 -90.68185,29.895735 -90.682011,29.896027 -90.682077,29.896119 -90.682324,29.896361 -90.682468,29.896491 -90.682674,29.896667 -90.68278,29.896778 -90.68295,29.896981 -90.68331,29.897375 -90.683438,29.89756 -90.683456,29.897593 -90.68353,29.897761 -90.683678,29.898058 -90.683832,29.898272 -90.683886,29.898326 -90.68398,29.898396 -90.68412,29.898473 -90.684194,29.898505 -90.684788,29.898659 -90.685196,29.898721 -90.685525,29.898746 -90.685607,29.898749 -90.685773,29.898745 -90.686183,29.898705 -90.686455,29.89869 -90.686678,29.898678 -90.686843,29.898688 -90.687294,29.898739 -90.687536,29.898787 -90.687808,29.898876 -90.687921,29.898921 -90.688056,29.899003 -90.688148,29.899076 -90.688232,29.899156 -90.688251,29.899226 -90.688299,29.89932 -90.688294,29.899359 -90.688293,29.899467 -90.688304,29.899538 -90.688377,29.899695 -90.688474,29.899905 -90.688497,29.899974 -90.688551,29.900184 -90.688565,29.900218 -90.688632,29.900308 -90.68866,29.900335 -90.688693,29.900358 -90.688702,29.90039 -90.688702,29.900499 -90.688671,29.900676 -90.688668,29.900748 -90.688659,29.900799 -90.688624,29.901031 -90.688612,29.901066 -90.688576,29.901131 -90.68854,29.901168 -90.688523,29.901186 -90.68846,29.901233 -90.688455,29.901287 -90.688408,29.9015 -90.688404,29.901511 -90.688374,29.901603 -90.688347,29.901671 -90.688221,29.902049 -90.688088,29.902537 -90.688075,29.902624 -90.688067,29.902679 -90.688051,29.90275 -90.688025,29.902817 -90.688007,29.902887 -90.688002,29.903002 -90.688001,29.903031 -90.688008,29.903138 -90.688047,29.903163 -90.688075,29.903181 -90.688295,29.90328 -90.688328,29.903301 -90.688414,29.903379 -90.68844,29.903407 -90.688484,29.903468 -90.688523,29.903455 -90.688604,29.903439 -90.688645,29.903438 -90.688671,29.90344 -90.688687,29.903442 -90.688727,29.903451 -90.688994,29.903547 -90.689072,29.903567 -90.689152,29.903589 -90.689367,29.903695 -90.689533,29.903802 -90.689655,29.903898 -90.689683,29.903924 -90.68975,29.904015 -90.689779,29.904081 -90.689801,29.90415 -90.689846,29.904399 -90.689849,29.904435 -90.689842,29.904578 -90.689845,29.904614 -90.689865,29.904683 -90.689892,29.904752 -90.689912,29.904783 -90.689956,29.904835 -90.690032,29.904864 -90.690113,29.904875 -90.690155,29.904873 -90.690195,29.904865 -90.69027,29.904836 -90.69031,29.904826 -90.690423,29.904783 -90.690582,29.904714 -90.690681,29.904672 -90.69106,29.904535 -90.691133,29.904503 -90.691469,29.90437 -90.691883,29.904216 -90.692269,29.904093 -90.69242,29.904038 -90.692446,29.904027 -90.692945,29.903833 -90.69306,29.90378 -90.693509,29.903535 -90.694111,29.903161 -90.694335,29.903005 -90.694461,29.902912 -90.69494,29.902576 -90.695155,29.902409 -90.695184,29.902383 -90.695279,29.902266 -90.695297,29.902234 -90.695396,29.902107 -90.69547,29.902009 -90.695609,29.901955 -90.695621,29.901921 -90.695648,29.901815 -90.695702,29.90168 -90.695734,29.90154 -90.695745,29.901506 -90.695842,29.90139 -90.695917,29.901223 -90.695953,29.901159 -90.696101,29.900943 -90.696219,29.900797 -90.696297,29.900714 -90.69638,29.900634 -90.696534,29.900517 -90.696714,29.90043 -90.696789,29.9004 -90.696829,29.90039 -90.69695,29.900373 -90.69703,29.900358 -90.697193,29.900359 -90.697233,29.900366 -90.697354,29.900375 -90.697433,29.900376 -90.697474,29.900381 -90.697585,29.900423 -90.697658,29.900455 -90.697691,29.900475 -90.697749,29.900524 -90.69783,29.900606 -90.697869,29.900666 -90.697883,29.900699 -90.697919,29.90076 -90.697929,29.900794 -90.697945,29.900825 -90.697968,29.900854 -90.697974,29.900889 -90.698014,29.900949 -90.698144,29.901356 -90.698172,29.901421 -90.698193,29.90149 -90.698312,29.90179 -90.698375,29.901922 -90.698566,29.902352 -90.698798,29.902728 -90.698814,29.902798 -90.698854,29.9029 -90.698863,29.902935 -90.698868,29.902983 -90.69887,29.903031 -90.699017,29.903099 -90.699093,29.903126 -90.699217,29.903179 -90.699279,29.903205 -90.699514,29.903274 -90.699793,29.90334 -90.700241,29.903404 -90.700528,29.903431 -90.700733,29.903443 -90.700815,29.903451 -90.701104,29.903439 -90.701227,29.903426 -90.701469,29.90338 -90.701745,29.903305 -90.70186,29.903265 -90.702591,29.902932 -90.702662,29.902896 -90.703049,29.90277 -90.70339,29.902639 -90.703683,29.902508 -90.704059,29.902285 -90.704156,29.902217 -90.704217,29.902169 -90.704264,29.902135 -90.704474,29.901989 -90.704936,29.901685 -90.705062,29.901593 -90.705378,29.901391 -90.705502,29.901311 -90.705829,29.901103 -90.705866,29.901086 -90.70588,29.901081 -90.706022,29.901038 -90.706177,29.900988 -90.706463,29.90096 -90.706691,29.900959 -90.706712,29.900959 -90.707041,29.900981 -90.70728,29.901038 -90.707431,29.901097 -90.70757,29.901175 -90.707698,29.901266 -90.707845,29.901393 -90.707952,29.901503 -90.708095,29.901679 -90.708272,29.901922 -90.708318,29.901997 -90.70839,29.902112 -90.708482,29.902273 -90.708614,29.902412 -90.70868,29.902454 -90.70876,29.902492 -90.708842,29.902487 -90.708884,29.902485 -90.709007,29.90247 -90.709091,29.902472 -90.709131,29.902474 -90.709174,29.902471 -90.709152,29.902436 -90.709119,29.90238 -90.70909,29.90233 -90.70907,29.902295 -90.709104,29.902294 -90.709205,29.902261 -90.709356,29.902085 -90.709514,29.901777 -90.709668,29.901307 -90.709735,29.901106 -90.709905,29.900606 -90.709892,29.900061 -90.709917,29.899616 -90.709861,29.899242 -90.709778,29.89889 -90.709583,29.89845 -90.709291,29.897829 -90.709229,29.897697 -90.709173,29.897604 -90.709135,29.897462 -90.709172,29.897164 -90.709295,29.897092 -90.709423,29.897052 -90.709531,29.897021 -90.709878,29.896954 -90.710562,29.896822 -90.711155,29.896707 -90.711359,29.896641 -90.711412,29.896625 -90.711759,29.896542 -90.711989,29.896536 -90.712204,29.896531 -90.712624,29.89652 -90.713261,29.896553 -90.713363,29.89655 -90.713886,29.896536 -90.714542,29.896597 -90.715114,29.896601 -90.715192,29.896602 -90.71552,29.896651 -90.71677,29.896618 -90.716835,29.896604 -90.717054,29.896558 -90.717136,29.896596 -90.717218,29.896678 -90.717344,29.8967 -90.71747,29.896678 -90.717634,29.896728 -90.717809,29.896975 -90.717868,29.897058 -90.718045,29.897371 -90.718013,29.897476 -90.717994,29.897591 -90.718001,29.897734 -90.717808,29.897906 -90.71778,29.898064 -90.717799,29.898537 -90.717856,29.898883 -90.717827,29.899066 -90.71778,29.899361 -90.717768,29.899719 -90.717774,29.89995 -90.717749,29.900164 -90.717717,29.900362 -90.717724,29.900522 -90.717773,29.900727 -90.717871,29.901139 -90.717983,29.90161 -90.717932,29.901885 -90.717939,29.902083 -90.71798,29.902204 -90.717952,29.902232 -90.717869,29.902316 -90.717842,29.902345 -90.717851,29.902352 -90.718276,29.902839 -90.718408,29.902976 -90.718661,29.903214 -90.718859,29.903375 -90.718894,29.903403 -90.719055,29.903533 -90.71953,29.903934 -90.719938,29.904239 -90.720077,29.904316 -90.720317,29.904425 -90.720591,29.904549 -90.720778,29.904628 -90.721164,29.904758 -90.721269,29.904815 -90.721301,29.904838 -90.72138,29.904922 -90.721505,29.905108 -90.721579,29.905237 -90.721782,29.905509 -90.721829,29.905609 -90.72187,29.90571 -90.721929,29.905806 -90.721954,29.905834 -90.72207,29.905937 -90.722165,29.906007 -90.722255,29.90608 -90.722486,29.906286 -90.722799,29.90662 -90.723045,29.906864 -90.723191,29.906991 -90.723224,29.907007 -90.723273,29.906988 -90.72341,29.906908 -90.723456,29.906882 -90.723734,29.906772 -90.724131,29.906722 -90.72444,29.906711 -90.724775,29.90654 -90.725451,29.906277 -90.725469,29.906271 -90.726068,29.906117 -90.726643,29.906045 -90.727286,29.906039 -90.727633,29.906061 -90.727879,29.90611 -90.727936,29.906122 -90.728157,29.90616 -90.728309,29.906111 -90.728473,29.905995 -90.728567,29.906067 -90.728586,29.906138 -90.728629,29.906186 -90.728916,29.905958 -90.729214,29.905624 -90.729527,29.905402 -90.730326,29.905037 -90.731146,29.905048 -90.731797,29.90522 -90.731854,29.905237 -90.732119,29.905322 -90.732705,29.905506 -90.733656,29.905429 -90.734637,29.905108 -90.735536,29.904754 -90.736517,29.904498 -90.737518,29.90441 -90.738939,29.904461 -90.739842,29.90449 -90.740576,29.904717 -90.7408,29.904786 -90.741135,29.90489 -90.741265,29.904944 -90.742193,29.905328 -90.743034,29.90564 -90.743956,29.905943 -90.744744,29.906247 -90.745837,29.906626 -90.747146,29.906993 -90.748252,29.907398 -90.749463,29.907889 -90.750507,29.908376 -90.752309,29.909321 -90.753539,29.910086 -90.754347,29.910637 -90.755997,29.911575 -90.756171,29.911729 -90.75622,29.911773 -90.756309,29.911851 -90.756482,29.912005 -90.756647,29.912152 -90.75675,29.912243 -90.756787,29.912276 -90.756924,29.912393 -90.756951,29.912411 -90.757054,29.912479 -90.757123,29.912524 -90.75762,29.912851 -90.758071,29.912966 -90.758804,29.912844 -90.759992,29.912842 -90.761032,29.912982 -90.761965,29.913134 -90.762491,29.913386 -90.762626,29.91345 -90.762892,29.913613 -90.762945,29.913648 -90.763483,29.914004 -90.764477,29.914627 -90.766059,29.915186 -90.767016,29.915551 -90.767233,29.915634 -90.76776,29.915781 -90.768507,29.915989 -90.769664,29.91638 -90.76975,29.916409 -90.769801,29.916426 -90.769837,29.916438 -90.769872,29.91645 -90.769918,29.916465 -90.76997,29.916472 -90.770026,29.91648 -90.770136,29.916495 -90.77034,29.916523 -90.770401,29.916531 -90.772215,29.916778 -90.77349,29.9173 -90.775231,29.917449 -90.775957,29.918031 -90.776632,29.918581 -90.777094,29.919249 -90.777553,29.919921 -90.777767,29.920573 -90.777805,29.920687 -90.777816,29.920721 -90.77785,29.920823 -90.777887,29.920936 -90.777904,29.920969 -90.777934,29.921024 -90.777955,29.921062 -90.77804,29.92122 -90.77822,29.921548 -90.778281,29.921607 -90.778348,29.921671 -90.7787,29.922007 -90.784107,29.921768 -90.784124,29.921767 -90.785765,29.921694 -90.785759,29.921423 -90.785517,29.911312 -90.785507,29.910878 -90.785465,29.909154 -90.785427,29.907585 -90.795444,29.907373 -90.795603,29.90737 -90.81884,29.906877 -90.819966,29.906853 -90.822602,29.906797 -90.832437,29.906589 -90.84296,29.906366 -90.859865,29.906007 -90.861328,29.905979 -90.862902,29.905947 -90.867626,29.905853 -90.869201,29.905822 -90.872479,29.905755 -90.875083,29.905702 -90.882311,29.905461 -90.88387,29.90541 -90.884561,29.905387 -90.885749,29.905348 -90.885486,29.890243 -90.885266,29.877565 -90.885452,29.877562 -90.885433,29.877453 -90.885411,29.87732 -90.885405,29.877311 -90.88538,29.87727 -90.885367,29.876913 -90.885362,29.876865 -90.885348,29.876715 -90.885355,29.87628 -90.885376,29.875652 -90.885387,29.875346 -90.885343,29.875259 -90.885309,29.875194 -90.885338,29.874538 -90.885427,29.873999 -90.885415,29.873686 -90.885402,29.872905 -90.885377,29.872492 -90.885441,29.87158 -90.885441,29.871261 -90.885415,29.871192 -90.885401,29.871123 -90.885382,29.871067 -90.885355,29.870985 -90.885338,29.870953 -90.885296,29.870892 -90.885281,29.870859 -90.885185,29.870742 -90.885071,29.87064 -90.884944,29.870551 -90.884886,29.870502 -90.884846,29.870498 -90.884557,29.870512 -90.884477,29.870513 -90.884238,29.870552 -90.883465,29.870642 -90.882898,29.870724 -90.882777,29.870745 -90.88262,29.87078 -90.88254,29.870794 -90.882464,29.870816 -90.882062,29.870877 -90.882025,29.870885 -90.881943,29.870902 -90.881906,29.870917 -90.881791,29.870949 -90.881634,29.870983 -90.881559,29.871008 -90.881283,29.871068 -90.881202,29.871078 -90.880838,29.871067 -90.880798,29.871063 -90.880717,29.871063 -90.880515,29.871053 -90.880433,29.871054 -90.880313,29.871046 -90.880272,29.871047 -90.880111,29.871039 -90.880071,29.871034 -90.87999,29.871033 -90.87995,29.871029 -90.87946,29.871012 -90.879048,29.871022 -90.878968,29.871035 -90.878926,29.871037 -90.878805,29.871053 -90.878646,29.871081 -90.876784,29.871105 -90.875082,29.871106 -90.873046,29.871115 -90.868833,29.871134 -90.86644,29.871145 -90.863876,29.871157 -90.863716,29.871181 -90.863345,29.871201 -90.863183,29.871179 -90.863061,29.87117 -90.86298,29.871174 -90.862616,29.871176 -90.862535,29.871181 -90.862088,29.871187 -90.862007,29.871183 -90.861682,29.871187 -90.861601,29.871192 -90.861275,29.871195 -90.861194,29.871192 -90.861071,29.871197 -90.860907,29.871211 -90.860827,29.871227 -90.860749,29.871259 -90.860714,29.871279 -90.860687,29.871306 -90.86064,29.871405 -90.860629,29.871439 -90.860643,29.871651 -90.86065,29.871686 -90.86066,29.872109 -90.860665,29.872179 -90.860662,29.87225 -90.860668,29.872531 -90.860676,29.872602 -90.860677,29.872684 -90.86068,29.872778 -90.860677,29.872849 -90.860682,29.872919 -90.860688,29.873237 -90.860695,29.873307 -90.860708,29.873802 -90.860706,29.874015 -90.860701,29.874085 -90.86066,29.874298 -90.860648,29.874333 -90.860592,29.874427 -90.860543,29.874485 -90.860484,29.874535 -90.860346,29.874668 -90.860248,29.874733 -90.860218,29.874757 -90.860109,29.874821 -90.85995,29.874801 -90.859836,29.874762 -90.859653,29.87468 -90.859577,29.874654 -90.859381,29.874599 -90.85934,29.874592 -90.859217,29.874581 -90.858686,29.874547 -90.858522,29.874541 -90.858157,29.874536 -90.85643,29.874515 -90.856349,29.874511 -90.855406,29.874499 -90.855324,29.874503 -90.854873,29.87454 -90.85475,29.874554 -90.854511,29.874609 -90.854187,29.874646 -90.854023,29.874643 -90.853942,29.874636 -90.853613,29.874619 -90.852495,29.874601 -90.852197,29.874604 -90.852165,29.874605 -90.851959,29.874603 -90.851629,29.874592 -90.851548,29.874596 -90.851469,29.87461 -90.851345,29.874602 -90.851224,29.874621 -90.850916,29.874723 -90.850802,29.874765 -90.850647,29.874815 -90.850575,29.874848 -90.850462,29.87489 -90.850381,29.874903 -90.85034,29.874901 -90.850299,29.874894 -90.85026,29.874882 -90.850268,29.874847 -90.850283,29.874813 -90.850305,29.874782 -90.850335,29.874758 -90.850541,29.87456 -90.850666,29.874442 -90.850717,29.874387 -90.851184,29.873939 -90.851242,29.873889 -90.851483,29.873658 -90.851544,29.8736 -90.851596,29.873545 -90.851627,29.87352 -90.851754,29.873322 -90.851795,29.873317 -90.851834,29.873307 -90.851871,29.87329 -90.851957,29.873213 -90.852258,29.872924 -90.852285,29.872894 -90.852309,29.872869 -90.852771,29.872421 -90.853047,29.87216 -90.853072,29.872132 -90.853128,29.872081 -90.853179,29.872025 -90.85356,29.871656 -90.853679,29.871557 -90.853794,29.871455 -90.853911,29.871354 -90.854036,29.871259 -90.854152,29.871158 -90.854346,29.871034 -90.854427,29.87105 -90.854468,29.871051 -90.854671,29.871028 -90.854752,29.871015 -90.85499,29.87096 -90.855072,29.870948 -90.855317,29.870939 -90.855399,29.870941 -90.85544,29.870937 -90.855522,29.870939 -90.855553,29.870938 -90.856341,29.87093 -90.856422,29.870925 -90.857241,29.870916 -90.857323,29.870918 -90.858018,29.87091 -90.8581,29.870905 -90.859208,29.870895 -90.85945,29.870893 -90.859777,29.870886 -90.860063,29.870886 -90.860145,29.870883 -90.860555,29.870883 -90.860509,29.870351 -90.86051,29.870315 -90.860501,29.87028 -90.860495,29.870138 -90.86049,29.869744 -90.860488,29.869498 -90.860483,29.869427 -90.86048,29.868965 -90.860471,29.868254 -90.860465,29.868183 -90.860467,29.86804 -90.860461,29.867969 -90.860447,29.867011 -90.86044,29.86694 -90.860434,29.866516 -90.860431,29.866197 -90.860424,29.866126 -90.860416,29.86544 -90.86041,29.865404 -90.860413,29.865334 -90.860403,29.865087 -90.860393,29.864698 -90.860397,29.864628 -90.860393,29.864552 -90.860395,29.864523 -90.860387,29.864241 -90.860382,29.864205 -90.860386,29.864099 -90.860393,29.864029 -90.860391,29.863993 -90.860406,29.863887 -90.860428,29.863818 -90.86047,29.863757 -90.860517,29.863698 -90.860603,29.863621 -90.860705,29.863561 -90.860746,29.863555 -90.861033,29.863545 -90.861114,29.863547 -90.861479,29.863535 -90.861559,29.863539 -90.8616,29.863533 -90.861679,29.863539 -90.86176,29.863534 -90.861799,29.863536 -90.861997,29.863519 -90.862156,29.863497 -90.862241,29.863493 -90.862434,29.863462 -90.862593,29.863425 -90.862707,29.863386 -90.862744,29.86337 -90.862775,29.863347 -90.862846,29.863315 -90.862909,29.863267 -90.862965,29.863216 -90.863013,29.863131 -90.86304,29.863064 -90.863103,29.862857 -90.863123,29.862654 -90.863131,29.862574 -90.863168,29.862434 -90.863202,29.862332 -90.863229,29.862265 -90.863236,29.86223 -90.863281,29.86213 -90.863321,29.862067 -90.863542,29.861763 -90.863608,29.861556 -90.863701,29.861313 -90.863843,29.860842 -90.863808,29.860783 -90.863718,29.860517 -90.863581,29.860113 -90.863448,29.859519 -90.863444,29.859508 -90.863323,29.859181 -90.863265,29.859024 -90.863037,29.858482 -90.862159,29.856395 -90.862046,29.856126 -90.862053,29.855764 -90.86211,29.855681 -90.862088,29.855642 -90.862022,29.855527 -90.862001,29.855489 -90.861708,29.855275 -90.861366,29.855026 -90.86133,29.855 -90.860927,29.854907 -90.860246,29.854733 -90.860197,29.854721 -90.860026,29.854676 -90.85909,29.854432 -90.858776,29.854351 -90.858355,29.85443 -90.858324,29.854436 -90.858004,29.854518 -90.857956,29.854531 -90.857023,29.854413 -90.856732,29.854377 -90.856734,29.854341 -90.854671,29.853891 -90.853536,29.853523 -90.852119,29.853063 -90.851757,29.852946 -90.851643,29.852858 -90.85132,29.852732 -90.850009,29.85222 -90.846577,29.850962 -90.844698,29.850154 -90.844262,29.850066 -90.843941,29.850083 -90.8436,29.850033 -90.843278,29.85005 -90.843257,29.849994 -90.843234,29.849929 -90.843177,29.849901 -90.842083,29.849229 -90.841701,29.848994 -90.84049,29.848263 -90.840306,29.848169 -90.83808,29.847037 -90.835969,29.845977 -90.834522,29.845251 -90.834288,29.845138 -90.833588,29.844802 -90.833369,29.844665 -90.83333,29.844641 -90.832972,29.844472 -90.831774,29.84391 -90.831375,29.843723 -90.829413,29.84281 -90.828946,29.842651 -90.828082,29.842381 -90.827666,29.842235 -90.827344,29.842123 -90.827136,29.842046 -90.826779,29.841907 -90.826304,29.841722 -90.825351,29.841337 -90.824897,29.841188 -90.824304,29.840978 -90.823074,29.840545 -90.823011,29.84054 -90.822791,29.84049 -90.82253,29.840356 -90.822374,29.840276 -90.822103,29.840094 -90.821982,29.840056 -90.821408,29.839873 -90.819686,29.839325 -90.819113,29.839143 -90.819006,29.839132 -90.818754,29.839044 -90.818515,29.839003 -90.818142,29.83894 -90.817404,29.838885 -90.816969,29.838912 -90.816677,29.83895 -90.81637,29.838874 -90.816092,29.838764 -90.815846,29.838951 -90.815607,29.839143 -90.815411,29.839303 -90.814919,29.83955 -90.813967,29.839975 -90.813406,29.840226 -90.813339,29.840258 -90.813151,29.840351 -90.813136,29.840348 -90.813063,29.840338 -90.813294,29.839764 -90.813371,29.839559 -90.813389,29.839478 -90.8135,29.839006 -90.813655,29.838358 -90.813765,29.83787 -90.813824,29.837556 -90.813919,29.836958 -90.813937,29.836699 -90.813919,29.836369 -90.813899,29.836133 -90.81388,29.835862 -90.814107,29.835825 -90.814186,29.835785 -90.814239,29.835416 -90.814296,29.835153 -90.81489,29.832421 -90.815088,29.831511 -90.815193,29.830956 -90.815508,29.829291 -90.815614,29.828736 -90.815667,29.828576 -90.816007,29.827 -90.817137,29.821778 -90.817514,29.820038 -90.81779,29.818758 -90.818621,29.814918 -90.818898,29.813639 -90.819249,29.81206 -90.81955,29.810714 -90.81999,29.808917 -90.820376,29.807341 -90.820761,29.805771 -90.820783,29.805694 -90.820853,29.805463 -90.820876,29.805387 -90.820884,29.805359 -90.820908,29.805279 -90.820917,29.805252 -90.820907,29.805179 -90.82088,29.804959 -90.820871,29.804887 -90.820915,29.804826 -90.82105,29.804644 -90.821095,29.804584 -90.821123,29.804461 -90.821208,29.804095 -90.821237,29.803973 -90.821377,29.803342 -90.821403,29.803247 -90.821436,29.803124 -90.821537,29.802759 -90.821571,29.802637 -90.82158,29.802605 -90.82161,29.802511 -90.821621,29.80248 -90.821645,29.802386 -90.82172,29.802106 -90.821745,29.802013 -90.82191,29.80131 -90.822249,29.799877 -90.822458,29.799041 -90.822544,29.798703 -90.822514,29.798723 -90.822501,29.798731 -90.822534,29.798356 -90.822522,29.798289 -90.82251,29.798224 -90.822485,29.798086 -90.822478,29.798046 -90.822471,29.798008 -90.822457,29.797931 -90.822445,29.797867 -90.822433,29.797787 -90.822411,29.797668 -90.822395,29.797573 -90.822365,29.797406 -90.822369,29.797373 -90.822371,29.797356 -90.82243,29.796899 -90.822467,29.796344 -90.822474,29.796226 -90.822497,29.795874 -90.822505,29.795757 -90.822512,29.795665 -90.822534,29.795392 -90.822542,29.795302 -90.822557,29.795087 -90.822605,29.794444 -90.822621,29.79423 -90.822636,29.794041 -90.822684,29.793476 -90.8227,29.793288 -90.822701,29.793268 -90.822708,29.793209 -90.82271,29.79319 -90.822788,29.792116 -90.82285,29.791079 -90.82137,29.79097 -90.821324,29.790967 -90.82125,29.790941 -90.821062,29.791347 -90.8208,29.791928 -90.820728,29.79209 -90.820678,29.792197 -90.820492,29.792611 -90.820337,29.792952 -90.82032,29.792991 -90.82011,29.79343 -90.819939,29.793795 -90.819883,29.79392 -90.819709,29.793863 -90.818742,29.793514 -90.818315,29.793355 -90.817762,29.793176 -90.81756,29.793107 -90.816954,29.792903 -90.816752,29.792835 -90.816596,29.792809 -90.81613,29.792734 -90.815975,29.792709 -90.816121,29.791926 -90.816563,29.78958 -90.81671,29.788798 -90.816718,29.788754 -90.816748,29.7886 -90.816866,29.788006 -90.816906,29.787809 -90.816852,29.787794 -90.816691,29.787752 -90.816638,29.787738 -90.816555,29.787718 -90.816309,29.78766 -90.816227,29.787641 -90.816148,29.787619 -90.815912,29.787553 -90.815834,29.787532 -90.815761,29.787512 -90.815361,29.78743 -90.815279,29.787417 -90.815033,29.787381 -90.814952,29.787369 -90.815401,29.785697 -90.814549,29.785721 -90.814556,29.785691 -90.814579,29.785603 -90.814588,29.785574 -90.814311,29.785562 -90.813481,29.785526 -90.813205,29.785515 -90.812941,29.785501 -90.812829,29.785496 -90.81218,29.785293 -90.811928,29.785215 -90.811815,29.785163 -90.811598,29.785063 -90.811489,29.784987 -90.811388,29.784916 -90.810694,29.784496 -90.810389,29.7843 -90.810053,29.783937 -90.809415,29.783144 -90.809069,29.782713 -90.808562,29.782082 -90.808578,29.782055 -90.808629,29.781976 -90.808646,29.78195 -90.808656,29.781931 -90.808691,29.781863 -90.808828,29.781602 -90.808874,29.781516 -90.80902,29.781238 -90.809128,29.78099 -90.809161,29.780915 -90.80923,29.78071 -90.809549,29.779291 -90.809678,29.778722 -90.80968,29.778709 -90.80969,29.778671 -90.809694,29.778659 -90.80973,29.778515 -90.809784,29.7783 -90.809837,29.778083 -90.809873,29.77794 -90.809879,29.777913 -90.8099,29.777832 -90.809907,29.777806 -90.809958,29.777612 -90.810114,29.77703 -90.810167,29.776837 -90.810189,29.776774 -90.810255,29.776585 -90.810277,29.776522 -90.810301,29.776454 -90.810332,29.77633 -90.810348,29.776264 -90.810364,29.776199 -90.810872,29.77627 -90.811107,29.776341 -90.811909,29.776444 -90.813894,29.776805 -90.813931,29.776816 -90.814064,29.776848 -90.814092,29.776854 -90.814217,29.776871 -90.81457,29.776933 -90.814611,29.776941 -90.815162,29.777064 -90.815266,29.777073 -90.816038,29.777135 -90.816126,29.77714 -90.816197,29.777146 -90.816592,29.777208 -90.816778,29.77723 -90.816831,29.777197 -90.817329,29.777231 -90.81764,29.777242 -90.817789,29.77721 -90.817962,29.777181 -90.818197,29.777215 -90.818756,29.777433 -90.81964,29.777787 -90.819681,29.777803 -90.819932,29.777902 -90.81999,29.777926 -90.821404,29.777558 -90.82311,29.777171 -90.823391,29.777107 -90.823691,29.777044 -90.823771,29.777015 -90.823875,29.77697 -90.82392,29.776936 -90.824184,29.776792 -90.824357,29.776728 -90.824404,29.776702 -90.825053,29.776443 -90.825705,29.776221 -90.82572,29.776216 -90.825873,29.776164 -90.826109,29.7761 -90.82622,29.77607 -90.826397,29.776039 -90.826676,29.77599 -90.827799,29.775828 -90.827735,29.775778 -90.827403,29.768238 -90.827598,29.768287 -90.827691,29.76831 -90.827701,29.768108 -90.827804,29.765782 -90.827857,29.764618 -90.82789,29.764603 -90.828536,29.764316 -90.829093,29.764068 -90.829432,29.763916 -90.833439,29.762131 -90.838979,29.759664 -90.841582,29.760017 -90.842137,29.760092 -90.842195,29.759863 -90.842751,29.757688 -90.842855,29.757281 -90.843223,29.75584 -90.843348,29.755871 -90.844085,29.75606 -90.844243,29.756101 -90.844213,29.755882 -90.844404,29.755922 -90.844655,29.755649 -90.845376,29.754867 -90.845423,29.754857 -90.845456,29.754851 -90.845541,29.754776 -90.84565,29.754724 -90.845687,29.75471 -90.845749,29.754695 -90.84577,29.754765 -90.845773,29.754873 -90.845762,29.754908 -90.845753,29.754987 -90.84574,29.755122 -90.845738,29.755194 -90.845745,29.755301 -90.845757,29.755372 -90.845833,29.755538 -90.845867,29.755603 -90.845924,29.755736 -90.845947,29.755766 -90.845975,29.755827 -90.846055,29.755998 -90.846112,29.756092 -90.84619,29.756114 -90.846228,29.756129 -90.846297,29.756169 -90.84636,29.756215 -90.846388,29.756241 -90.846422,29.756262 -90.846495,29.756295 -90.847,29.756442 -90.847493,29.756593 -90.8482,29.756811 -90.848511,29.756903 -90.849362,29.757166 -90.849867,29.757318 -90.851068,29.757688 -90.851146,29.757709 -90.851739,29.75789 -90.853155,29.758324 -90.853665,29.758468 -90.854675,29.758774 -90.855301,29.758965 -90.85581,29.759114 -90.857012,29.75948 -90.857091,29.759501 -90.85845,29.759913 -90.858831,29.760044 -90.858909,29.760067 -90.859061,29.760119 -90.859224,29.760168 -90.860742,29.760631 -90.861753,29.760943 -90.862171,29.761073 -90.862246,29.761101 -90.864064,29.761663 -90.864788,29.761877 -90.865576,29.76211 -90.865653,29.762136 -90.865803,29.762177 -90.865841,29.762192 -90.866072,29.762263 -90.866151,29.762283 -90.866924,29.762518 -90.867,29.762544 -90.867522,29.762703 -90.867657,29.762744 -90.867735,29.762764 -90.868741,29.76307 -90.868817,29.763097 -90.87056,29.763624 -90.870714,29.763675 -90.870789,29.763704 -90.870829,29.763713 -90.870911,29.763723 -90.870987,29.763746 -90.871023,29.763764 -90.871144,29.763789 -90.871226,29.763791 -90.871267,29.763788 -90.871629,29.763845 -90.871668,29.763854 -90.871872,29.763876 -90.872119,29.763868 -90.872201,29.76386 -90.872642,29.76377 -90.872734,29.763739 -90.873295,29.763551 -90.873477,29.763467 -90.873688,29.763355 -90.873756,29.763315 -90.873853,29.763248 -90.874103,29.76306 -90.874169,29.763016 -90.874205,29.763 -90.874283,29.762976 -90.87434,29.762966 -90.874373,29.763032 -90.874381,29.763067 -90.874381,29.763103 -90.874362,29.763173 -90.874344,29.763278 -90.874344,29.763314 -90.874302,29.763486 -90.87428,29.763554 -90.874255,29.763659 -90.874249,29.76373 -90.874248,29.763762 -90.874246,29.763909 -90.874256,29.764017 -90.874272,29.764087 -90.874275,29.764122 -90.874292,29.764192 -90.874347,29.764366 -90.874406,29.764499 -90.874533,29.764762 -90.874588,29.764858 -90.874629,29.76492 -90.874645,29.764953 -90.874712,29.765043 -90.874762,29.765101 -90.874843,29.765181 -90.874901,29.765231 -90.874927,29.765259 -90.875017,29.765332 -90.875051,29.765353 -90.875125,29.765383 -90.87529,29.76549 -90.875557,29.765697 -90.875566,29.765704 -90.875698,29.76579 -90.875833,29.765872 -90.875905,29.765905 -90.876009,29.76596 -90.876218,29.766069 -90.876275,29.766093 -90.876291,29.7661 -90.876323,29.766117 -90.876465,29.766194 -90.876513,29.76622 -90.876971,29.76645 -90.877044,29.76648 -90.877113,29.766517 -90.877645,29.766778 -90.877714,29.766816 -90.877831,29.766874 -90.878104,29.767009 -90.878177,29.767041 -90.878247,29.767078 -90.878284,29.767093 -90.878781,29.76734 -90.878851,29.767378 -90.879242,29.767571 -90.879315,29.767603 -90.879487,29.7677 -90.880483,29.768195 -90.881655,29.768784 -90.881727,29.768816 -90.881785,29.768845 -90.882332,29.769119 -90.88272,29.769321 -90.882819,29.769385 -90.882963,29.769453 -90.883093,29.769521 -90.883165,29.769554 -90.883657,29.769809 -90.883725,29.769848 -90.88411,29.770047 -90.884124,29.770054 -90.884214,29.770102 -90.884287,29.770134 -90.884565,29.770279 -90.884633,29.770318 -90.884911,29.770462 -90.884948,29.770477 -90.885016,29.770514 -90.885089,29.770544 -90.88537,29.770684 -90.885438,29.770723 -90.885613,29.770811 -90.885686,29.770841 -90.885754,29.770878 -90.885966,29.770982 -90.886034,29.771021 -90.88642,29.771213 -90.886493,29.771244 -90.88688,29.771437 -90.886948,29.771476 -90.88723,29.771616 -90.887303,29.771647 -90.887372,29.771685 -90.887408,29.7717 -90.887795,29.771894 -90.887864,29.771932 -90.887901,29.771947 -90.887951,29.772003 -90.887981,29.772024 -90.888204,29.772119 -90.888259,29.772158 -90.888238,29.772218 -90.888264,29.772592 -90.887168,29.774269 -90.886106,29.775895 -90.885444,29.776995 -90.884169,29.779051 -90.883258,29.780464 -90.881936,29.782518 -90.881166,29.783713 -90.880806,29.784291 -90.879387,29.786571 -90.878116,29.788526 -90.877765,29.789067 -90.877408,29.789604 -90.876263,29.791332 -90.876247,29.791357 -90.876213,29.791339 -90.876111,29.791289 -90.876078,29.791272 -90.875995,29.791397 -90.875749,29.791771 -90.875667,29.791897 -90.87532,29.792418 -90.875232,29.792552 -90.874313,29.794003 -90.873979,29.794532 -90.873899,29.79465 -90.873633,29.795052 -90.87325,29.79563 -90.872822,29.796274 -90.872612,29.796624 -90.872292,29.797161 -90.87211,29.797463 -90.871567,29.79837 -90.871387,29.798673 -90.871342,29.798737 -90.871209,29.798932 -90.871166,29.798997 -90.871094,29.799102 -90.871055,29.799158 -90.870724,29.799643 -90.870635,29.799775 -90.870614,29.799805 -90.8706,29.799826 -90.870559,29.799892 -90.870546,29.799914 -90.87047,29.800034 -90.870241,29.800395 -90.870166,29.800516 -90.870042,29.800713 -90.869993,29.800788 -90.869467,29.801601 -90.869412,29.801686 -90.869293,29.801873 -90.868742,29.801565 -90.86709,29.800643 -90.866722,29.800437 -90.866582,29.800359 -90.86654,29.800336 -90.866396,29.800255 -90.866098,29.800087 -90.864772,29.799343 -90.864331,29.799095 -90.863821,29.798808 -90.862293,29.79795 -90.862225,29.797912 -90.861775,29.797681 -90.861197,29.797383 -90.859465,29.796492 -90.858888,29.796196 -90.858722,29.796131 -90.858224,29.795939 -90.858058,29.795875 -90.857675,29.795725 -90.856527,29.795276 -90.856145,29.795127 -90.855695,29.794953 -90.855645,29.794934 -90.854139,29.794381 -90.853637,29.794197 -90.853408,29.794601 -90.852723,29.795816 -90.852495,29.796221 -90.85227,29.796595 -90.851597,29.797718 -90.851373,29.798093 -90.851273,29.798274 -90.850976,29.798819 -90.850878,29.799001 -90.850865,29.799025 -90.85076,29.799213 -90.850405,29.799852 -90.850288,29.800065 -90.850011,29.800537 -90.84918,29.801952 -90.848934,29.802372 -90.848903,29.802425 -90.848739,29.802713 -90.848695,29.80279 -90.848796,29.802823 -90.848945,29.802873 -90.850656,29.803398 -90.852311,29.804012 -90.85283,29.804265 -90.8532,29.804426 -90.85382,29.804714 -90.854265,29.804906 -90.854632,29.805073 -90.855528,29.805516 -90.856325,29.805895 -90.856713,29.806099 -90.856963,29.806225 -90.857583,29.806579 -90.858129,29.806901 -90.858304,29.806996 -90.858646,29.807195 -90.858717,29.807232 -90.858749,29.807254 -90.859096,29.807448 -90.85978,29.807848 -90.860312,29.808122 -90.86094,29.808468 -90.861018,29.808509 -90.861504,29.808767 -90.861955,29.80902 -90.862519,29.809319 -90.863251,29.809654 -90.863438,29.80973 -90.863802,29.809912 -90.864009,29.809995 -90.86414,29.810047 -90.864936,29.810429 -90.865773,29.810819 -90.866358,29.811087 -90.866655,29.811215 -90.86679,29.811298 -90.8672,29.811499 -90.867221,29.81151 -90.867584,29.811679 -90.867942,29.811858 -90.868964,29.812322 -90.869978,29.812799 -90.870642,29.813087 -90.871316,29.813361 -90.871547,29.81344 -90.871796,29.813567 -90.8721,29.813679 -90.872432,29.813823 -90.872806,29.813973 -90.873139,29.814116 -90.873211,29.81415 -90.873475,29.814253 -90.873546,29.814288 -90.873881,29.814428 -90.875116,29.814845 -90.875703,29.815015 -90.87574,29.815031 -90.87656,29.815278 -90.876831,29.815367 -90.877018,29.815421 -90.877252,29.81549 -90.87753,29.815559 -90.878285,29.815737 -90.879099,29.815957 -90.879858,29.816163 -90.880217,29.816245 -90.880438,29.816293 -90.880492,29.816305 -90.880697,29.81635 -90.881019,29.816415 -90.881262,29.816458 -90.881947,29.816591 -90.882033,29.816611 -90.882265,29.816667 -90.882749,29.81676 -90.883104,29.816854 -90.883863,29.817024 -90.883939,29.817051 -90.884019,29.81707 -90.8849,29.817266 -90.885251,29.817376 -90.886441,29.817678 -90.88678,29.817735 -90.887334,29.817829 -90.887574,29.817884 -90.887971,29.817985 -90.88837,29.81808 -90.888449,29.818099 -90.888661,29.818139 -90.888732,29.818153 -90.889016,29.818199 -90.889336,29.81827 -90.889533,29.818324 -90.88973,29.818378 -90.88982,29.818406 -90.890054,29.818476 -90.890113,29.818492 -90.890329,29.818552 -90.890693,29.818619 -90.891012,29.818683 -90.891313,29.818744 -90.891508,29.818804 -90.891588,29.818824 -90.89229,29.818969 -90.892473,29.819007 -90.892673,29.819053 -90.89275,29.819079 -90.893148,29.819179 -90.893534,29.819306 -90.893733,29.819354 -90.893969,29.81942 -90.894207,29.819479 -90.895097,29.819772 -90.895184,29.819797 -90.895723,29.819954 -90.895876,29.820009 -90.896147,29.820084 -90.896269,29.820118 -90.896777,29.82027 -90.897367,29.820436 -90.898299,29.820732 -90.899186,29.821034 -90.899543,29.821124 -90.899571,29.821133 -90.899736,29.821188 -90.899902,29.821249 -90.899965,29.821272 -90.900039,29.821303 -90.900231,29.82137 -90.900703,29.821502 -90.90124,29.821691 -90.901703,29.821847 -90.902009,29.821958 -90.902204,29.822017 -90.902509,29.822129 -90.903553,29.822559 -90.903856,29.822673 -90.904231,29.822822 -90.904529,29.822945 -90.904592,29.822965 -90.904627,29.822985 -90.905152,29.823192 -90.905298,29.823259 -90.905935,29.823516 -90.90608,29.823584 -90.906304,29.823676 -90.90676,29.823846 -90.906914,29.823898 -90.907025,29.823946 -90.907103,29.823969 -90.907141,29.823984 -90.907212,29.824021 -90.907324,29.824067 -90.908008,29.824321 -90.908337,29.824471 -90.908974,29.824727 -90.909381,29.824902 -90.909589,29.825 -90.909671,29.825039 -90.910554,29.825429 -90.910667,29.825473 -90.910936,29.825563 -90.911124,29.825636 -90.911467,29.825759 -90.911904,29.825964 -90.91209,29.826043 -90.912242,29.826097 -90.912661,29.82625 -90.912852,29.826316 -90.912909,29.826341 -90.912963,29.826365 -90.91303,29.82638 -90.913257,29.826467 -90.914095,29.826859 -90.91434,29.826992 -90.914843,29.82724 -90.91509,29.82737 -90.915132,29.827389 -90.915309,29.827472 -90.915655,29.827668 -90.916461,29.828037 -90.916571,29.828091 -90.916712,29.828161 -90.916934,29.828258 -90.917198,29.82836 -90.917503,29.828471 -90.917576,29.828505 -90.918188,29.828723 -90.918487,29.828847 -90.918633,29.828915 -90.918937,29.829029 -90.919053,29.829067 -90.919641,29.829243 -90.919955,29.829333 -90.920146,29.829402 -90.920524,29.829547 -90.920759,29.829618 -90.921197,29.829723 -90.921319,29.829744 -90.921791,29.82984 -90.922045,29.82991 -90.922578,29.830058 -90.922659,29.830073 -90.92327,29.830168 -90.923515,29.830193 -90.9238,29.830239 -90.92447,29.830307 -90.924626,29.830326 -90.92508,29.829579 -90.925187,29.829404 -90.925666,29.828617 -90.925862,29.828297 -90.92728,29.825966 -90.928266,29.824346 -90.936322,29.81111 -90.936419,29.810951 -90.939866,29.805287 -90.940486,29.804267 -90.940632,29.804032 -90.941906,29.801933 -90.944413,29.797812 -90.944895,29.79702 -90.947117,29.793367 -90.947393,29.792913 -90.947605,29.792532 -90.950955,29.787864 -90.951883,29.786571 -90.958309,29.777615 -90.959163,29.776424 -90.960278,29.77487 -90.966105,29.766745 -90.966314,29.766454 -90.968109,29.76395 -90.970841,29.76014 -90.972152,29.758312 -90.972456,29.757899 -90.974529,29.754995 -90.977826,29.750398 -90.981838,29.744875 -90.982762,29.743769 -90.983083,29.743385 -90.984443,29.741757 -90.985833,29.740093 -90.986125,29.739743 -90.988923,29.736394 -90.990082,29.735005 -90.991828,29.732916 -90.992076,29.732617 -91.000199,29.722888 -91.000653,29.722358 -91.00104,29.721908 -91.001359,29.721535 -91.001775,29.721051 -91.002054,29.720729 -91.003398,29.719161 -91.003561,29.71897 -91.00689,29.715093 -91.007381,29.714524 -91.012404,29.708693 -91.013768,29.707098 -91.016505,29.703911 -91.023282,29.696018 -91.024065,29.695101 -91.030875,29.687164 -91.033953,29.683576 -91.036521,29.680582 -91.039542,29.677061 -91.044083,29.671764 -91.044526,29.671247 -91.044599,29.671161 -91.04515,29.67052 -91.045332,29.670307 -91.045378,29.670255 -91.045501,29.670111 -91.047062,29.66829 -91.047201,29.668128 -91.04731,29.668001 -91.047416,29.667877 -91.047607,29.667656 -91.04828,29.666873 -91.049887,29.664997 -91.050399,29.664393 -91.051982,29.662555 -91.053964,29.660242 -91.055142,29.658867 -91.06198,29.650891 -91.061965,29.650804 -91.062081,29.650773 -91.062682,29.650072 -91.064242,29.648252 -91.065733,29.646509 -91.077049,29.633307 -91.077294,29.633022 -91.077445,29.632846 -91.078849,29.631209 -91.080073,29.629781 -91.080709,29.629037 -91.082056,29.62746 -91.082339,29.627131 -91.082611,29.626814 -91.082617,29.627128 -91.082612,29.627935 -91.082613,29.628165 -91.082616,29.628662 -91.082695,29.629324 -91.082885,29.629971 -91.083393,29.631224 -91.084782,29.633177 -91.086163,29.634838 -91.087776,29.636267 -91.089628,29.637624 -91.091612,29.638716 -91.093468,29.639476 -91.095188,29.640009 -91.096171,29.640216 -91.097387,29.640473 -91.099633,29.640904 -91.100746,29.641095 -91.101546,29.641219 -91.101759,29.641253 -91.102568,29.641443 -91.103543,29.641763 -91.10415,29.641992 -91.104609,29.642309 -91.104749,29.642395 -91.104912,29.642496 -91.105149,29.642828 -91.105249,29.643012 -91.105354,29.643206 -91.105395,29.643281 -91.10554,29.643718 -91.105579,29.644141 -91.105347,29.645497 -91.103936,29.648131 -91.101275,29.653863 -91.100235,29.65641 -91.099907,29.657921 -91.099612,29.66041 -91.099478,29.661546 -91.099475,29.661578 -91.099251,29.665007 -91.099041,29.668437 -91.099031,29.668596 -91.098911,29.670579 -91.09891,29.670602 -91.098908,29.670633 -91.098905,29.670687 -91.098902,29.670743 -91.09879,29.672786 -91.098618,29.676252 -91.098584,29.676953 -91.098601,29.681602 -91.099012,29.685644 -91.099071,29.68662 -91.098969,29.687902 -91.098947,29.688186 -91.098093,29.690663 -91.098089,29.690675 -91.097373,29.691644 -91.096132,29.692837 -91.095151,29.694261 -91.094998,29.695465 -91.095213,29.696239 -91.095303,29.696318 -91.095814,29.696769 -91.096248,29.696944 -91.096507,29.697049 -91.097024,29.697007 -91.097423,29.697153 -91.097809,29.697294 -91.098586,29.697545 -91.098966,29.697816 -91.099524,29.698497 -91.099953,29.699217 -91.10001,29.699402 -91.100297,29.700333 -91.106551,29.733487 -91.106335,29.734172 -91.105852,29.734694 -91.105278,29.735192 -91.10492,29.735494 -91.104815,29.735677 -91.104054,29.736434 -91.103555,29.73664 -91.102899,29.73664 -91.101901,29.736411 -91.10135,29.736366 -91.101218,29.736297 -91.100431,29.73616 -91.099328,29.735839 -91.09833,29.736 -91.096624,29.73639 -91.095836,29.736642 -91.095364,29.737032 -91.095259,29.737421 -91.095154,29.738108 -91.094944,29.738841 -91.094813,29.739505 -91.094866,29.73962 -91.09484,29.740789 -91.09463,29.741637 -91.094499,29.742003 -91.094394,29.742049 -91.094315,29.742209 -91.093737,29.742737 -91.093475,29.742828 -91.093422,29.74308 -91.093344,29.743126 -91.093212,29.743401 -91.093239,29.743951 -91.093318,29.744157 -91.093344,29.744455 -91.093449,29.744707 -91.093449,29.74567 -91.092478,29.74787 -91.092084,29.748488 -91.091533,29.749153 -91.091376,29.749497 -91.091323,29.749807 -91.091286,29.750206 -91.091328,29.751262 -91.091171,29.752064 -91.091118,29.752133 -91.090305,29.753668 -91.089859,29.754906 -91.089465,29.755547 -91.089465,29.755868 -91.08978,29.756212 -91.090489,29.756762 -91.090778,29.757128 -91.090752,29.757197 -91.090857,29.757243 -91.090831,29.75738 -91.090936,29.757541 -91.091015,29.757609 -91.090989,29.757701 -91.091094,29.757793 -91.09133,29.758595 -91.09133,29.759076 -91.091541,29.75942 -91.092145,29.759992 -91.092434,29.760107 -91.092907,29.760565 -91.092985,29.760771 -91.092907,29.761367 -91.092828,29.761413 -91.092723,29.761642 -91.092749,29.762329 -91.092828,29.76249 -91.092907,29.762879 -91.092986,29.763086 -91.093275,29.763338 -91.094037,29.763635 -91.094273,29.764116 -91.094405,29.76446 -91.094378,29.764575 -91.094405,29.764804 -91.094589,29.764941 -91.094667,29.765079 -91.094878,29.765308 -91.095061,29.765445 -91.095088,29.765674 -91.095167,29.765858 -91.095193,29.766064 -91.095272,29.76611 -91.095324,29.766408 -91.095403,29.766453 -91.095403,29.766637 -91.095771,29.767187 -91.095902,29.767278 -91.095955,29.76737 -91.096507,29.767851 -91.097499,29.768634 -91.097663,29.768676 -91.097957,29.768998 -91.098182,29.769339 -91.098552,29.76977 -91.099068,29.770186 -91.099321,29.770512 -91.099697,29.771161 -91.100245,29.771981 -91.100366,29.772556 -91.100288,29.772991 -91.099992,29.773231 -91.099758,29.773496 -91.099666,29.773601 -91.099591,29.773786 -91.099319,29.774309 -91.099119,29.774881 -91.098732,29.775088 -91.098452,29.775498 -91.098089,29.775972 -91.09769,29.776445 -91.097562,29.77709 -91.097303,29.777355 -91.096996,29.777691 -91.096562,29.777971 -91.096384,29.778285 -91.096125,29.778517 -91.095983,29.778912 -91.096043,29.779235 -91.09628,29.77931 -91.096716,29.779572 -91.097228,29.780376 -91.097354,29.781273 -91.097507,29.781517 -91.097884,29.782069 -91.098543,29.783585 -91.09906,29.783977 -91.099633,29.784232 -91.099931,29.78459 -91.100052,29.785059 -91.100033,29.785196 -91.099597,29.787132 -91.099346,29.788124 -91.099017,29.789584 -91.098836,29.790116 -91.09821,29.791072 -91.098061,29.792033 -91.097445,29.792925 -91.096539,29.79434 -91.095974,29.795539 -91.095513,29.797297 -91.095187,29.797682 -91.094975,29.798505 -91.094807,29.79877 -91.093754,29.799473 -91.093346,29.79989 -91.092889,29.800509 -91.092682,29.801 -91.092678,29.801258 -91.092676,29.801428 -91.092748,29.801574 -91.093713,29.802761 -91.094859,29.804055 -91.095649,29.805353 -91.095808,29.805815 -91.095794,29.806946 -91.095847,29.807835 -91.096183,29.808727 -91.097237,29.810173 -91.097691,29.810629 -91.098096,29.811036 -91.098603,29.812252 -91.099183,29.814163 -91.099415,29.81465 -91.099961,29.81492 -91.100757,29.815048 -91.101478,29.815271 -91.102049,29.815704 -91.10223,29.815981 -91.102427,29.816281 -91.102892,29.817189 -91.103356,29.817378 -91.103813,29.817519 -91.104282,29.817337 -91.1054,29.816594 -91.105767,29.816532 -91.105948,29.816703 -91.106082,29.816939 -91.106691,29.820288 -91.107319,29.821318 -91.107403,29.821405 -91.10797,29.821994 -91.108744,29.822412 -91.109462,29.823945 -91.109518,29.824187 -91.110187,29.825622 -91.111055,29.82655 -91.112171,29.826736 -91.113647,29.826651 -91.114711,29.826521 -91.115718,29.826674 -91.118852,29.827328 -91.120658,29.827916 -91.122538,29.829303 -91.124406,29.831563 -91.125101,29.83242 -91.126297,29.833477 -91.128103,29.834855 -91.131153,29.836701 -91.131844,29.836991 -91.133079,29.837306 -91.13482,29.837378 -91.137972,29.837142 -91.139087,29.837142 -91.14139,29.837391 -91.14327,29.837382 -91.145307,29.837204 -91.147481,29.836751 -91.148177,29.836723 -91.148919,29.836694 -91.150227,29.836831 -91.152706,29.837902 -91.154366,29.839087 -91.155721,29.840054 -91.158135,29.840876 -91.160716,29.84156 -91.163738,29.842373 -91.167913,29.843169 -91.171882,29.843993 -91.174911,29.844663 -91.174951,29.844672 -91.17499,29.844681 -91.175069,29.844698 -91.175082,29.844701 -91.175316,29.844752 -91.175355,29.844761 -91.175889,29.84485 -91.175973,29.844864 -91.175989,29.844867 -91.17607,29.84488 -91.176099,29.844885 -91.17884,29.845339 -91.182817,29.846172 -91.184496,29.846722 -91.187338,29.84869 -91.188343,29.849719 -91.18935,29.850732 -91.190044,29.851434 -91.192522,29.854848 -91.193133,29.855528 -91.193142,29.855538 -91.193185,29.855585 -91.193875,29.856352 -91.198621,29.859717 -91.199559,29.860721 -91.199646,29.860814 -91.199801,29.860979 -91.200263,29.861793 -91.200577,29.863398 -91.200643,29.865124 -91.201114,29.866527 -91.201566,29.867745 -91.201881,29.870091 -91.202047,29.871193 -91.202187,29.872116 -91.202723,29.873938 -91.203184,29.875203 -91.203456,29.876054 -91.203829,29.876992 -91.204305,29.877697 -91.205048,29.878499 -91.205643,29.879358 -91.205759,29.880029 -91.205764,29.880812 -91.206179,29.882517 -91.206749,29.884481 -91.207207,29.886598 -91.207414,29.889157 -91.207427,29.891635 -91.207328,29.892869 -91.207107,29.894361 -91.206886,29.895797 -91.206778,29.896805 -91.207086,29.897888 -91.207926,29.899507 -91.208075,29.899751 -91.209673,29.902364 -91.212049,29.905169 -91.214076,29.907569 -91.215261,29.908632 -91.215489,29.908738 -91.215511,29.908749 -91.215865,29.908915 -91.215874,29.90892 -91.215986,29.908975 -91.216301,29.90913 -91.217342,29.909579 -91.218578,29.909804 -91.21988,29.909988 -91.221022,29.91039 -91.222064,29.910758 -91.222963,29.911155 -91.223022,29.911181 -91.22305,29.911193 -91.223087,29.911209 -91.223216,29.911266 -91.223331,29.911317 -91.22399,29.911608 -91.225518,29.912584 -91.225939,29.913119 -91.226112,29.913548 -91.226543,29.914123 -91.2269,29.91469 -91.227351,29.914975 -91.227885,29.915365 -91.22852,29.915667 -91.228661,29.915727 -91.229303,29.916002 -91.229985,29.91632 -91.230684,29.916856 -91.231272,29.917344 -91.231814,29.917863 -91.232016,29.918171 -91.232093,29.919196 -91.232428,29.920433 -91.232616,29.921386 -91.232434,29.922539 -91.232123,29.923772 -91.23157,29.925101 -91.230592,29.92666 -91.230461,29.926871 -91.22988,29.928458 -91.229601,29.930401 -91.229538,29.931773 -91.229652,29.932718 -91.229943,29.933656 -91.230501,29.93449 -91.23096,29.935138 -91.231576,29.935649 -91.233059,29.936416 -91.234081,29.936905 -91.235114,29.937233 -91.236258,29.937449 -91.236986,29.937768 -91.237475,29.938004 -91.238385,29.938695 -91.239982,29.940519 -91.241781,29.942747 -91.242727,29.943785 -91.243596,29.945201 -91.24408,29.946213 -91.2445,29.947143 -91.245085,29.948292 -91.245893,29.949313 -91.246352,29.949864 -91.246802,29.950326 -91.24728,29.950684 -91.247675,29.951146 -91.247856,29.951752 -91.247781,29.952141 -91.247574,29.952393 -91.247097,29.952576 -91.245861,29.952898 -91.245466,29.953173 -91.245256,29.953563 -91.245124,29.954158 -91.245151,29.954869 -91.245336,29.955556 -91.245625,29.956014 -91.246442,29.95677 -91.246994,29.95693 -91.247836,29.956838 -91.248336,29.956632 -91.249125,29.956173 -91.249573,29.956081 -91.250104,29.956252 -91.250487,29.956307 -91.25079,29.956674 -91.251159,29.957133 -91.251211,29.95727 -91.25129,29.957316 -91.251395,29.957591 -91.251394,29.95892 -91.251342,29.959035 -91.251289,29.959378 -91.251025,29.960364 -91.250945,29.961326 -91.251024,29.961968 -91.25105,29.962037 -91.251103,29.962312 -91.251208,29.962449 -91.251286,29.96277 -91.251497,29.963389 -91.251575,29.963435 -91.251602,29.963733 -91.252048,29.964558 -91.252075,29.964695 -91.25218,29.96481 -91.25218,29.964902 -91.252259,29.964993 -91.252285,29.965474 -91.252416,29.965681 -91.252416,29.965864 -91.252574,29.96607 -91.252679,29.966368 -91.252994,29.966689 -91.253783,29.967744 -91.25423,29.968156 -91.254309,29.968294 -91.254468,29.968455 -91.254494,29.968615 -91.254626,29.968821 -91.254678,29.969142 -91.25481,29.969325 -91.254809,29.969623 -91.254915,29.969967 -91.254967,29.970013 -91.254967,29.970288 -91.255046,29.970357 -91.255229,29.971457 -91.254808,29.971755 -91.254518,29.972098 -91.254492,29.972396 -91.254518,29.972511 -91.255176,29.973175 -91.255175,29.973634 -91.255412,29.974023 -91.255517,29.974115 -91.25557,29.974207 -91.255833,29.974505 -91.255859,29.974642 -91.255991,29.974803 -91.255991,29.974917 -91.256069,29.974986 -91.256174,29.975536 -91.256542,29.976911 -91.256568,29.977461 -91.256647,29.977622 -91.256673,29.978332 -91.256778,29.978355 -91.256857,29.978859 -91.256962,29.979272 -91.256988,29.979684 -91.25704,29.980074 -91.257119,29.98012 -91.257119,29.980257 -91.257487,29.980624 -91.257777,29.980899 -91.257803,29.981037 -91.257908,29.981151 -91.257987,29.98161 -91.258065,29.982458 -91.258249,29.983099 -91.258564,29.983856 -91.25867,29.984291 -91.258775,29.98436 -91.258827,29.984635 -91.258932,29.984727 -91.258906,29.984864 -91.259117,29.985025 -91.259801,29.985254 -91.259932,29.985598 -91.259878,29.987981 -91.2594,29.999897 -91.259388,30.0002 -91.259329,30.000263 -91.258944,30.000674 -91.25813,30.001044 -91.255744,30.001331 -91.253314,30.001329 -91.25067,30.001172 -91.250104,30.001147 -91.250104,30.001099 -91.249088,30.001031 -91.246384,30.000537 -91.244797,30.0002 -91.243437,30.0002 -91.240252,30.0002 -91.239199,30.0002 -91.237703,30.0002 -91.236346,30.000894 -91.235889,30.001128 -91.23455,30.002978 -91.233143,30.00549 -91.231923,30.00764 -91.230402,30.011006 -91.228858,30.015163 -91.226908,30.01919 -91.225414,30.022524 -91.225015,30.023583 -91.22479,30.024182 -91.224723,30.02436 -91.224528,30.024878 -91.224356,30.025336 -91.22423,30.02556 -91.224193,30.025626 -91.223841,30.026248 -91.223266,30.027268 -91.223153,30.027538 -91.22264,30.028758 -91.222236,30.029882 -91.221965,30.030635 -91.221729,30.031739 -91.221912,30.037765 -91.222239,30.039041 -91.223552,30.040789 -91.225448,30.042273 -91.226897,30.042617 -91.228681,30.042535 -91.230033,30.041903 -91.231842,30.040385 -91.233708,30.038633 -91.234554,30.037692 -91.236155,30.03502 -91.237617,30.03263 -91.238177,30.031422 -91.238689,30.03052 -91.239534,30.029733 -91.2407,30.02935 -91.241909,30.029532 -91.244729,30.031107 -91.250105,30.034978 -91.251529,30.036177 -91.254594,30.038598 -91.255942,30.039776 -91.257418,30.041543 -91.258774,30.043124 -91.259401,30.044172 -91.260554,30.046002 -91.261605,30.047543 -91.262527,30.048809 -91.263432,30.049769 -91.264069,30.050801 -91.263947,30.051736 -91.263824,30.053299 -91.264072,30.054145 -91.264404,30.054976 -91.265198,30.055702 -91.266352,30.056646 -91.26686,30.057251 -91.267515,30.058114 -91.268983,30.05926 -91.269085,30.059308 -91.26947,30.059306 -91.273231,30.059293 -91.273284,30.059293 -91.275116,30.059286 -91.276554,30.059281 -91.278738,30.059274 -91.284923,30.059225 -91.286591,30.059213 -91.291164,30.05919 -91.303555,30.059131 -91.313099,30.059063 -91.318869,30.059019 -91.319049,30.059018 -91.329174,30.059031 -91.336225,30.059034 -91.336306,30.059027 -91.336665,30.058995 -91.337496,30.059857 -91.33854,30.060648 -91.339705,30.061204 -91.340648,30.061463 -91.341989,30.061471 -91.343497,30.0614 -91.346272,30.060708 -91.34728,30.060467 -91.348113,30.0605 -91.34876,30.060516 -91.349731,30.06042 -91.351156,30.060091 -91.352358,30.060301 -91.353523,30.060929 -91.353772,30.061091 -91.353948,30.06105 -91.354151,30.060876 -91.354256,30.06051 -91.354519,30.059891 -91.354835,30.059524 -91.355467,30.058584 -91.355915,30.058103 -91.357574,30.05714 -91.359234,30.056612 -91.359287,30.056498 -91.359524,30.056521 -91.360446,30.056177 -91.361341,30.055924 -91.362447,30.05574 -91.363554,30.055717 -91.364534,30.055455 -91.365635,30.054948 -91.366735,30.054699 -91.366978,30.055257 -91.36711,30.055441 -91.367452,30.055578 -91.367558,30.055716 -91.367689,30.055784 -91.3679,30.05599 -91.368085,30.056288 -91.368137,30.056426 -91.368269,30.056655 -91.368428,30.05709 -91.368481,30.057548 -91.368507,30.057938 -91.368612,30.058007 -91.368718,30.058511 -91.368824,30.058717 -91.368835,30.058824 -91.36885,30.058969 -91.368956,30.059061 -91.368956,30.059198 -91.369035,30.059267 -91.369087,30.05945 -91.369641,30.060413 -91.370432,30.061191 -91.371407,30.061764 -91.37196,30.062245 -91.371987,30.062405 -91.372066,30.062451 -91.372093,30.064536 -91.371988,30.064949 -91.371778,30.065041 -91.371541,30.065362 -91.371225,30.065568 -91.369855,30.066027 -91.369434,30.066301 -91.369197,30.066645 -91.369039,30.067057 -91.36896,30.068341 -91.368935,30.069487 -91.368856,30.070128 -91.368752,30.072397 -91.368831,30.072512 -91.368831,30.072603 -91.369095,30.072924 -91.369095,30.073107 -91.369174,30.073153 -91.369306,30.074368 -91.369412,30.074551 -91.369544,30.074849 -91.369649,30.075032 -91.369623,30.07517 -91.369728,30.075238 -91.369808,30.075926 -91.370019,30.076453 -91.370045,30.076774 -91.370124,30.076865 -91.370177,30.077232 -91.370652,30.079042 -91.370758,30.079294 -91.371206,30.079844 -91.371364,30.080325 -91.371391,30.080531 -91.371523,30.080692 -91.371549,30.080852 -91.37176,30.081425 -91.37176,30.081562 -91.373026,30.08273 -91.37321,30.083005 -91.373975,30.083761 -91.374714,30.084769 -91.375109,30.0851 -91.375633,30.085431 -91.375923,30.085592 -91.37616,30.085798 -91.376344,30.086073 -91.376344,30.086165 -91.376423,30.086211 -91.376423,30.086302 -91.37645,30.086371 -91.376529,30.086554 -91.376765,30.087334 -91.376818,30.087425 -91.376818,30.087563 -91.376897,30.087609 -91.377002,30.088136 -91.377081,30.088388 -91.377317,30.089121 -91.377317,30.089396 -91.377423,30.089534 -91.377449,30.089717 -91.377607,30.090267 -91.377659,30.090909 -91.377738,30.091138 -91.377842,30.092513 -91.377921,30.092994 -91.378025,30.094851 -91.378236,30.094988 -91.378341,30.095218 -91.378657,30.095516 -91.380027,30.096479 -91.380791,30.096892 -91.381476,30.097167 -91.38469,30.098039 -91.385613,30.098475 -91.385955,30.098544 -91.386615,30.098567 -91.388196,30.099072 -91.38925,30.099256 -91.389487,30.09937 -91.390594,30.100212 -91.390576,30.100234 -91.38895,30.102294 -91.388841,30.102445 -91.389202,30.102444 -91.389801,30.102444 -91.392206,30.102454 -91.406684,30.102501 -91.41663,30.102536 -91.423199,30.10256 -91.429262,30.102579 -91.457472,30.102668 -91.461333,30.102678 -91.463898,30.102682 -91.463913,30.102725 -91.463992,30.102931 -91.463992,30.103046 -91.464282,30.103321 -91.464915,30.104192 -91.466233,30.105291 -91.466865,30.106093 -91.467445,30.106643 -91.468131,30.107147 -91.46821,30.107239 -91.468342,30.107262 -91.468368,30.107376 -91.469212,30.108155 -91.46995,30.109072 -91.470319,30.109347 -91.470319,30.109484 -91.47082,30.110057 -91.470975,30.110346 -91.471163,30.110699 -91.471216,30.110882 -91.471321,30.110928 -91.471347,30.11118 -91.471743,30.111982 -91.47177,30.112326 -91.471849,30.112349 -91.47206,30.113334 -91.472139,30.114159 -91.472007,30.114824 -91.471902,30.115076 -91.47156,30.115672 -91.470927,30.116405 -91.469372,30.11746 -91.46903,30.11778 -91.46874,30.118124 -91.468608,30.118468 -91.468477,30.118995 -91.468266,30.119316 -91.468029,30.119545 -91.46758,30.119706 -91.467422,30.120072 -91.467467,30.120503 -91.467475,30.120577 -91.467554,30.120829 -91.467686,30.120943 -91.467721,30.121132 -91.464822,30.12283 -91.464603,30.12335 -91.464497,30.123556 -91.46397,30.124313 -91.46339,30.124804 -91.463129,30.125199 -91.462151,30.128273 -91.4614,30.13048 -91.461313,30.131246 -91.461848,30.132032 -91.463064,30.133814 -91.46325,30.134087 -91.464151,30.134492 -91.464739,30.134794 -91.46531,30.135265 -91.465631,30.13552 -91.465907,30.135975 -91.466175,30.136607 -91.46646,30.137392 -91.466755,30.13816 -91.46727,30.138919 -91.468208,30.139628 -91.468943,30.13985 -91.46978,30.140031 -91.470809,30.140443 -91.471811,30.141104 -91.472262,30.141695 -91.4724,30.142127 -91.472468,30.142702 -91.472363,30.142954 -91.472363,30.143367 -91.472232,30.144008 -91.471599,30.145452 -91.47123,30.146071 -91.470545,30.146965 -91.470071,30.147492 -91.469702,30.14779 -91.468937,30.148226 -91.468183,30.148957 -91.468157,30.150343 -91.468261,30.154226 -91.468292,30.155367 -91.468378,30.158501 -91.467993,30.159536 -91.467893,30.160378 -91.468889,30.16309 -91.468826,30.164501 -91.468313,30.165552 -91.468094,30.166539 -91.468288,30.167468 -91.469049,30.168575 -91.469233,30.168987 -91.469365,30.16956 -91.469313,30.170843 -91.469658,30.171134 -91.470126,30.171781 -91.470248,30.172256 -91.470372,30.172576 -91.470456,30.172868 -91.470407,30.173203 -91.470258,30.173493 -91.470183,30.173698 -91.470154,30.17386 -91.470159,30.17399 -91.470276,30.174185 -91.470456,30.174406 -91.470474,30.174453 -91.470727,30.174762 -91.470738,30.174762 -91.47087,30.175014 -91.471345,30.175541 -91.471583,30.175839 -91.471583,30.176045 -91.471662,30.176137 -91.471741,30.176755 -91.471741,30.176847 -91.471794,30.176985 -91.472032,30.178314 -91.472138,30.178566 -91.472164,30.179047 -91.472402,30.17962 -91.472454,30.179849 -91.47257,30.18005 -91.472586,30.180078 -91.472645,30.180467 -91.472666,30.180605 -91.472745,30.180766 -91.472745,30.181613 -91.472561,30.182507 -91.472403,30.182897 -91.472297,30.183286 -91.47177,30.18473 -91.471691,30.185372 -91.471797,30.186266 -91.471982,30.186747 -91.472193,30.187068 -91.472351,30.187182 -91.472351,30.187389 -91.472932,30.188236 -91.473644,30.189038 -91.475386,30.19055 -91.475571,30.190779 -91.476679,30.191742 -91.47718,30.192085 -91.479001,30.192955 -91.480267,30.19323 -91.480927,30.193344 -91.482483,30.193848 -91.483196,30.194398 -91.484593,30.195626 -91.485307,30.196254 -91.48631,30.196964 -91.48689,30.197559 -91.487603,30.198086 -91.488183,30.19843 -91.488764,30.198934 -91.489081,30.199277 -91.489503,30.200056 -91.489503,30.200194 -91.489609,30.200262 -91.489662,30.200446 -91.489952,30.201064 -91.49019,30.201385 -91.490295,30.201568 -91.490243,30.201912 -91.488239,30.203792 -91.488239,30.204388 -91.488424,30.204846 -91.488846,30.205304 -91.489295,30.205533 -91.489611,30.205648 -91.489849,30.205854 -91.489849,30.206221 -91.489691,30.206473 -91.489507,30.206954 -91.489428,30.207642 -91.489138,30.2081 -91.488426,30.208971 -91.488215,30.20943 -91.488189,30.20959 -91.488136,30.21085 -91.487873,30.211401 -91.486291,30.21383 -91.485684,30.214564 -91.485183,30.214999 -91.484682,30.215275 -91.482941,30.217108 -91.482519,30.217475 -91.481992,30.217842 -91.481517,30.218071 -91.481332,30.218301 -91.481333,30.218851 -91.48165,30.219698 -91.481729,30.21979 -91.481834,30.220111 -91.481782,30.220844 -91.481597,30.221234 -91.481334,30.221509 -91.480727,30.222105 -91.480621,30.222265 -91.480358,30.222747 -91.47983,30.223824 -91.479619,30.22403 -91.479197,30.224168 -91.477878,30.224329 -91.477218,30.224512 -91.476664,30.224925 -91.47611,30.225589 -91.475583,30.226529 -91.475319,30.227377 -91.475241,30.228867 -91.475277,30.229231 -91.475303,30.229491 -91.478561,30.231417 -91.480732,30.232249 -91.483307,30.233104 -91.487438,30.23489 -91.489656,30.23585 -91.492305,30.236776 -91.494752,30.237447 -91.497272,30.237885 -91.500112,30.238169 -91.503707,30.239084 -91.508268,30.240297 -91.51064,30.240659 -91.513678,30.240801 -91.514342,30.241013 -91.517236,30.241187 -91.521073,30.240844 -91.526611,30.240944 -91.530015,30.24122 -91.531256,30.241151 -91.532971,30.240854 -91.534634,30.240304 -91.536139,30.239961 -91.538224,30.239892 -91.539649,30.240007 -91.541575,30.240008 -91.542024,30.239916 -91.542288,30.239687 -91.54279,30.23971 -91.545816,30.239992 -91.550064,30.24083 -91.554827,30.241896 -91.555164,30.241882 -91.5585,30.241753 -91.559662,30.241806 -91.56276,30.241949 -91.566959,30.243403 -91.570264,30.244831 -91.573222,30.246412 -91.575655,30.247773 -91.57862,30.250197 -91.588039,30.257113 -91.590302,30.260184 -91.591098,30.263704 -91.590836,30.266812 -91.588595,30.269342 -91.587732,30.273282 -91.589959,30.277047 -91.590808,30.277799 -91.598215,30.284359 -91.603974,30.289459 -91.609706,30.296563 -91.61141,30.298475 -91.619146,30.307156 -91.621055,30.309938 -91.622199,30.313505 -91.624412,30.32057 -91.625112,30.322774 -91.625835,30.323901 -91.627544,30.330102 -91.627409,30.331002 -91.627145,30.331901 -91.626325,30.332607 -91.626074,30.332761 -91.625991,30.332898 -91.62589,30.33297 -91.625673,30.333327 -91.625418,30.333854 -91.625335,30.334243 -91.625528,30.334897 -91.625457,30.335527 -91.625253,30.336287 -91.625161,30.336817 -91.625155,30.336838 -91.625116,30.336933 -91.625051,30.337083 -91.624982,30.337248 -91.624939,30.337372 -91.62489,30.337512 -91.624854,30.337632 -91.624406,30.338182 -91.624591,30.338503 -91.624655,30.341803 -91.625112,30.343554 -91.625422,30.343702 -91.625501,30.344367 -91.625554,30.344665 -91.625567,30.344848 -91.625706,30.345169 -91.625837,30.345559 -91.626128,30.345994 -91.626392,30.346728 -91.626391,30.346865 -91.626471,30.346911 -91.626893,30.348034 -91.627209,30.349203 -91.627156,30.349753 -91.626706,30.350647 -91.626336,30.351151 -91.625578,30.352044 -91.625458,30.35248 -91.625436,30.352618 -91.625419,30.352732 -91.625445,30.353878 -91.625483,30.354209 -91.628484,30.355594 -91.628675,30.355682 -91.629895,30.356248 -91.629918,30.356259 -91.630043,30.356317 -91.630175,30.356378 -91.630197,30.356388 -91.63147,30.356978 -91.631922,30.357186 -91.632861,30.357619 -91.633194,30.357778 -91.634077,30.358201 -91.635342,30.358764 -91.637849,30.359984 -91.640831,30.361435 -91.640987,30.361506 -91.641244,30.361623 -91.641323,30.361664 -91.641874,30.361946 -91.644027,30.363063 -91.644846,30.363445 -91.644998,30.363519 -91.645921,30.36395 -91.647893,30.364953 -91.648118,30.365068 -91.648079,30.365159 -91.648016,30.365306 -91.647892,30.365592 -91.647684,30.366075 -91.647628,30.366206 -91.6473,30.366866 -91.64722,30.367024 -91.647017,30.36743 -91.646393,30.368388 -91.646362,30.368436 -91.645223,30.370022 -91.644498,30.371061 -91.644273,30.371364 -91.644243,30.371404 -91.644125,30.371563 -91.644042,30.371683 -91.644028,30.371704 -91.643879,30.371922 -91.643719,30.372036 -91.643315,30.37247 -91.641491,30.373638 -91.638875,30.373879 -91.638836,30.373883 -91.638765,30.37389 -91.638752,30.373891 -91.636836,30.374098 -91.636491,30.374135 -91.636363,30.374149 -91.636154,30.374172 -91.633044,30.375195 -91.632827,30.375741 -91.629032,30.377933 -91.627757,30.379553 -91.62774,30.381352 -91.628591,30.383176 -91.628633,30.383266 -91.626258,30.386418 -91.626254,30.386467 -91.625997,30.389388 -91.625112,30.392368 -91.624655,30.394369 -91.62483,30.394789 -91.625112,30.396207 -91.625624,30.396945 -91.627084,30.399358 -91.626632,30.401959 -91.628422,30.404667 -91.630019,30.407084 -91.630008,30.409554 -91.630003,30.410778 -91.628087,30.413915 -91.629346,30.416223 -91.632547,30.417676 -91.634717,30.419729 -91.634517,30.421382 -91.634411,30.422467 -91.634938,30.423137 -91.6351,30.423343 -91.639568,30.429032 -91.637172,30.434866 -91.639559,30.441277 -91.640078,30.442673 -91.640952,30.442909 -91.645315,30.444107 -91.64572,30.444221 -91.645894,30.444522 -91.646142,30.444985 -91.646999,30.446535 -91.647677,30.448949 -91.647731,30.449082 -91.654658,30.454338 -91.655353,30.454866 -91.655459,30.454946 -91.658342,30.457133 -91.662597,30.460362 -91.663015,30.46068 -91.661847,30.460898 -91.661186,30.461173 -91.661001,30.461288 -91.660898,30.461342 -91.674592,30.47438 -91.674766,30.474546 -91.677543,30.475962 -91.685488,30.476343 -91.6876,30.4783 -91.688984,30.479339 -91.689771,30.47993 -91.692453,30.481301 -91.701316,30.492556 -91.701341,30.497435 -91.701339,30.497747 -91.716526,30.497832 -91.717022,30.497833 -91.71798,30.49784 -91.719074,30.497845 -91.719629,30.49785 -91.739556,30.497961 -91.740484,30.497966 -91.741016,30.497969 -91.74855,30.498011 -91.748961,30.498014 -91.749607,30.498025 -91.750055,30.498034 -91.750448,30.49804 -91.75064,30.498044 -91.753164,30.49809 -91.753764,30.498102 -91.75395,30.498104 -91.755803,30.498138 -91.756209,30.498133 -91.756193,30.497738 -91.755601,30.493027 -91.754157,30.485334 -91.752385,30.481234 -91.750644,30.478569 -91.750115,30.478556 -91.748667,30.477563 -91.743841,30.470576 -91.742337,30.466373 -91.742177,30.461042 -91.742071,30.457481 -91.740527,30.454611 -91.739685,30.453044 -91.736545,30.451489 -91.730338,30.45168 -91.72264,30.452326 -91.718679,30.448898 -91.715949,30.443215 -91.715253,30.43727 -91.713295,30.431893 -91.703556,30.422078 -91.6985,30.414607 -91.695221,30.403798 -91.6943,30.401748 -91.689344,30.399859 -91.684578,30.399031 -91.680137,30.397151 -91.679416,30.395969 -91.679234,30.395537 -91.678896,30.394731 -91.680314,30.394716 -91.681536,30.394703 -91.68828,30.394634 -91.691046,30.394606 -91.698145,30.394533 -91.698595,30.394528 -91.698783,30.394526 -91.698829,30.394526 -91.699056,30.394524 -91.709247,30.394419 -91.711948,30.394391 -91.724542,30.394265 -91.725522,30.394254 -91.726315,30.394253 -91.72658,30.394253 -91.726905,30.394252 -91.727541,30.394251 -91.72969,30.394249 -91.73447,30.394243 -91.74707,30.394228 -91.748718,30.394227 -91.750114,30.394338 -91.752514,30.394455 -91.764861,30.394424 -91.773391,30.394403 -91.777193,30.394394 -91.778909,30.39439 -91.78661,30.394337 -91.788237,30.394332 -91.791106,30.394323 -91.802674,30.394285 -91.802688,30.394285 -91.802711,30.394285 -91.802742,30.394285 -91.802773,30.394285 -91.802826,30.394285 -91.803624,30.394279 -91.804258,30.394281 -91.804273,30.394281 -91.804292,30.394281 -91.804529,30.394282 -91.804627,30.39428 -91.805182,30.394279 -91.805627,30.394276 -91.806444,30.394275 -91.807221,30.394271 -91.811299,30.394258 -91.811504,30.394258 -91.811683,30.394258 -91.812592,30.394259 -91.81271,30.39426 -91.812977,30.394419 -91.812998,30.394421 -91.813711,30.394471 -91.813953,30.394605 -91.814414,30.395199 -91.814855,30.395517 -91.814934,30.395868 -91.814906,30.396399 -91.815017,30.396591 -91.815873,30.397203 -91.816413,30.397694 -91.816672,30.397873 -91.816752,30.397996 -91.816995,30.398044 -91.81762,30.398305 -91.818218,30.398624 -91.818477,30.398855 -91.818577,30.399051 -91.818737,30.399215 -91.819043,30.399382 -91.819745,30.399663 -91.820225,30.399935 -91.820475,30.400001 -91.82054,30.399986 -91.820952,30.399888 -91.821323,30.399897 -91.821823,30.400216 -91.82206,30.400273 -91.822466,30.400218 -91.823012,30.399971 -91.823799,30.39999 -91.824117,30.400072 -91.824636,30.400362 -91.825159,30.400859 -91.825397,30.401148 -91.826208,30.401628 -91.826409,30.40193 -91.826583,30.402027 -91.826937,30.402121 -91.827443,30.401966 -91.828598,30.401965 -91.828749,30.40202 -91.82946,30.402558 -91.831884,30.403255 -91.832112,30.403411 -91.832294,30.403651 -91.832384,30.40387 -91.832487,30.404123 -91.83254,30.404658 -91.832344,30.405126 -91.832445,30.405355 -91.83293,30.405678 -91.833549,30.405644 -91.833792,30.405589 -91.834071,30.405738 -91.834213,30.405768 -91.834305,30.405787 -91.834502,30.406294 -91.834544,30.406355 -91.834608,30.406385 -91.834727,30.40644 -91.835039,30.406527 -91.835536,30.406506 -91.835823,30.406539 -91.836625,30.406369 -91.836759,30.406386 -91.836789,30.40639 -91.837322,30.406674 -91.837526,30.406706 -91.837983,30.406877 -91.838273,30.407076 -91.838692,30.407226 -91.838981,30.407199 -91.839795,30.406937 -91.841591,30.406698 -91.842168,30.406661 -91.842374,30.40668 -91.843052,30.406944 -91.843334,30.406999 -91.844609,30.406858 -91.845025,30.406865 -91.845476,30.406924 -91.846481,30.407149 -91.846729,30.40714 -91.847214,30.407057 -91.847346,30.40697 -91.847725,30.406544 -91.847977,30.406422 -91.848422,30.406377 -91.848701,30.406443 -91.848969,30.406539 -91.849097,30.40661 -91.849423,30.406791 -91.850024,30.407283 -91.851073,30.408562 -91.851236,30.408969 -91.851444,30.409318 -91.852225,30.410245 -91.852592,30.410879 -91.852757,30.411322 -91.85283,30.411709 -91.852748,30.412239 -91.852784,30.412415 -91.852906,30.412602 -91.853107,30.412729 -91.853377,30.412813 -91.855476,30.412796 -91.856218,30.412737 -91.856487,30.412646 -91.856984,30.41233 -91.857508,30.412249 -91.857955,30.41233 -91.85865,30.412524 -91.859244,30.41269 -91.861167,30.412965 -91.861578,30.413101 -91.861599,30.413108 -91.86163,30.413118 -91.862403,30.413534 -91.862723,30.413606 -91.863036,30.413523 -91.863807,30.413099 -91.864132,30.413037 -91.864924,30.413662 -91.865203,30.414016 -91.866016,30.414725 -91.868509,30.416617 -91.868988,30.417005 -91.869273,30.417235 -91.86935,30.417214 -91.869428,30.417192 -91.869818,30.417097 -91.86985,30.417089 -91.869933,30.417069 -91.87006,30.417038 -91.87068,30.416849 -91.871317,30.416618 -91.871463,30.416565 -91.871959,30.416398 -91.872127,30.416341 -91.873334,30.415933 -91.87408,30.415673 -91.878572,30.414156 -91.880062,30.413639 -91.882793,30.412708 -91.883797,30.412366 -91.883917,30.412326 -91.88529,30.411866 -91.886788,30.411373 -91.887535,30.411119 -91.888073,30.41093 -91.888102,30.41092 -91.88866,30.41074 -91.891141,30.409908 -91.891659,30.409734 -91.892951,30.409294 -91.894058,30.408918 -91.894188,30.408874 -91.894729,30.40869 -91.894813,30.408657 -91.894906,30.408621 -91.894931,30.408611 -91.895253,30.408512 -91.896374,30.408137 -91.897125,30.407878 -91.898991,30.407252 -91.899736,30.406997 -91.900693,30.406678 -91.900723,30.406668 -91.90086,30.406622 -91.902129,30.406189 -91.902673,30.40601 -91.902691,30.406004 -91.902882,30.405941 -91.903475,30.405738 -91.903505,30.405728 -91.903568,30.405706 -91.904006,30.405556 -91.904154,30.405496 -91.904217,30.40547 -91.904239,30.405465 -91.904381,30.405429 -91.906846,30.404598 -91.907089,30.404516 -91.907205,30.404477 -91.907216,30.404473 -91.907226,30.40447 -91.907236,30.404467 -91.907402,30.404411 -91.907425,30.404403 -91.907448,30.404395 -91.90781,30.404265 -91.908727,30.403955 -91.909126,30.40382 -91.909137,30.403817 -91.909149,30.403813 -91.91007,30.403502 -91.910286,30.403429 -91.910538,30.403339 -91.910656,30.403297 -91.910782,30.403256 -91.910794,30.403252 -91.910824,30.403242 -91.911029,30.403174 -91.912122,30.402799 -91.912525,30.402661 -91.912584,30.402642 -91.912818,30.402565 -91.91283,30.402561 -91.912903,30.402537 -91.913346,30.402387 -91.913367,30.40238 -91.913379,30.402376 -91.9134,30.402369 -91.913654,30.402282 -91.91411,30.402127 -91.914776,30.401901 -91.915818,30.401538 -91.916205,30.401412 -91.916266,30.401392 -91.916714,30.401237 -91.917587,30.400942 -91.917613,30.400933 -91.917624,30.400929 -91.917666,30.400915 -91.918119,30.400762 -91.918133,30.400757 -91.918157,30.400749 -91.918214,30.40073 -91.918278,30.400707 -91.918361,30.400677 -91.91844,30.400651 -91.918455,30.400646 -91.918587,30.400604 -91.919854,30.400167 -91.919975,30.400126 -91.920011,30.400114 -91.920036,30.400105 -91.920065,30.400095 -91.920671,30.39989 -91.921352,30.399659 -91.921728,30.399535 -91.921806,30.399508 -91.922365,30.399315 -91.922386,30.399308 -91.922403,30.399302 -91.922471,30.399278 -91.923245,30.399017 -91.923271,30.399008 -91.924715,30.39852 -91.92492,30.398452 -91.925307,30.398323 -91.92536,30.398305 -91.925464,30.398271 -91.925481,30.398267 -91.926,30.398142 -91.926161,30.398103 -91.926333,30.398043 -91.926541,30.397995 -91.926618,30.397973 -91.92719,30.39778 -91.927219,30.39777 -91.927299,30.397744 -91.927609,30.397642 -91.927716,30.397606 -91.927819,30.397573 -91.928047,30.397495 -91.928272,30.397419 -91.928415,30.397377 -91.928619,30.397349 -91.928645,30.39734 -91.929548,30.397011 -91.930282,30.396715 -91.930338,30.396692 -91.930474,30.396637 -91.930518,30.396619 -91.930692,30.396552 -91.930824,30.396569 -91.930956,30.396586 -91.93097,30.396588 -91.930991,30.396591 -91.931207,30.396618 -91.931325,30.396654 -91.931608,30.396742 -91.931634,30.39675 -91.931657,30.396757 -91.931829,30.396807 -91.93197,30.396848 -91.932434,30.396848 -91.932648,30.396847 -91.932662,30.396847 -91.932992,30.396715 -91.933034,30.396698 -91.933656,30.39645 -91.933869,30.396344 -91.93392,30.396318 -91.934708,30.395923 -91.934792,30.395895 -91.934891,30.395863 -91.934959,30.395841 -91.93499,30.395831 -91.935002,30.395827 -91.935323,30.395725 -91.936248,30.394969 -91.936912,30.394742 -91.937256,30.394719 -91.937271,30.394718 -91.937905,30.395035 -91.938332,30.395243 -91.939204,30.395427 -91.941292,30.395587 -91.941874,30.395954 -91.942191,30.396275 -91.942218,30.396435 -91.942297,30.396481 -91.94235,30.396733 -91.942641,30.397169 -91.94354,30.397512 -91.944412,30.398292 -91.945285,30.398796 -91.946395,30.399254 -91.947083,30.399896 -91.947532,30.400171 -91.948087,30.400262 -91.949436,30.400079 -91.950017,30.400079 -91.950335,30.400262 -91.951075,30.400812 -91.951762,30.401087 -91.952608,30.401339 -91.953666,30.401889 -91.954512,30.402141 -91.955517,30.402668 -91.956178,30.403241 -91.957051,30.403447 -91.957289,30.403722 -91.957394,30.40402 -91.9575,30.404158 -91.9575,30.404295 -91.957844,30.40473 -91.958373,30.40512 -91.959616,30.405647 -91.960964,30.40638 -91.962286,30.406953 -91.962604,30.407274 -91.96263,30.407434 -91.96271,30.407503 -91.96271,30.407595 -91.962815,30.407755 -91.963133,30.408511 -91.963371,30.408901 -91.964402,30.409794 -91.965169,30.41023 -91.965698,30.410367 -91.966438,30.410184 -91.967232,30.409886 -91.96747,30.409863 -91.968342,30.410114 -91.969003,30.410183 -91.970034,30.410206 -91.970748,30.409885 -91.971065,30.40961 -91.971383,30.409426 -91.972652,30.409243 -91.973736,30.409013 -91.975771,30.40805 -91.9763,30.407889 -91.977516,30.40782 -91.977886,30.407728 -91.978124,30.407499 -91.978184,30.407403 -91.97821,30.407353 -91.978278,30.407222 -91.97831,30.407159 -91.978332,30.407117 -91.978336,30.407107 -91.978362,30.406766 -91.978626,30.406055 -91.978864,30.40562 -91.979366,30.404932 -91.979975,30.404152 -91.980318,30.403395 -91.980318,30.40264 -91.980027,30.402089 -91.98,30.401608 -91.980079,30.40131 -91.980211,30.400875 -91.980264,30.400646 -91.980898,30.399293 -91.981347,30.398055 -91.981716,30.396587 -91.981716,30.395809 -91.981531,30.395259 -91.981663,30.394755 -91.981821,30.394388 -91.98227,30.393677 -91.982429,30.393196 -91.982508,30.393059 -91.982666,30.392165 -91.982534,30.391569 -91.981989,30.39101 -91.98182,30.390836 -91.981767,30.390423 -91.981925,30.390171 -91.982454,30.38985 -91.982956,30.389414 -91.983114,30.389093 -91.983167,30.388635 -91.982955,30.387879 -91.982955,30.387649 -91.982849,30.387352 -91.982796,30.387054 -91.982664,30.386504 -91.982531,30.385954 -91.982398,30.384648 -91.98224,30.384144 -91.981816,30.383388 -91.981684,30.383296 -91.981499,30.382746 -91.981446,30.382677 -91.981393,30.382219 -91.981472,30.381692 -91.98279,30.380105 -91.9828,30.380093 -91.98311,30.37972 -91.984193,30.378299 -91.985443,30.376266 -91.985536,30.376116 -91.985639,30.375949 -91.985664,30.375908 -91.985804,30.37568 -91.985935,30.375198 -91.98572,30.374427 -91.985714,30.374407 -91.985836,30.374053 -91.986187,30.373534 -91.986599,30.373065 -91.986919,30.372534 -91.987224,30.372168 -91.987514,30.371729 -91.987652,30.371302 -91.987819,30.370867 -91.988033,30.370474 -91.988277,30.370123 -91.988476,30.369917 -91.988659,30.36962 -91.988674,30.369326 -91.988618,30.369197 -91.988765,30.368895 -91.988718,30.368598 -91.988689,30.368163 -91.988583,30.367743 -91.988431,30.367475 -91.988417,30.367465 -91.988287,30.367372 -91.9882,30.367285 -91.988193,30.367278 -91.987887,30.366974 -91.987866,30.366953 -91.987759,30.366846 -91.98718,30.366746 -91.986661,30.366701 -91.985898,30.366739 -91.985471,30.366827 -91.985013,30.367064 -91.984616,30.367171 -91.984357,30.367343 -91.983868,30.367457 -91.983456,30.367446 -91.982632,30.36719 -91.98196,30.366896 -91.981594,30.366728 -91.981218,30.366597 -91.980739,30.366282 -91.980312,30.366187 -91.979763,30.36611 -91.979168,30.366095 -91.978893,30.365988 -91.978518,30.365598 -91.978481,30.365219 -91.978557,30.364902 -91.978634,30.364467 -91.978618,30.363998 -91.978618,30.363651 -91.978818,30.363098 -91.978494,30.363098 -91.97848,30.362951 -91.978265,30.362924 -91.978124,30.362905 -91.97651,30.362697 -91.966788,30.361453 -91.964889,30.361199 -91.964541,30.361154 -91.964179,30.36111 -91.964233,30.361223 -91.963775,30.361168 -91.963316,30.361112 -91.959027,30.360593 -91.958127,30.360453 -91.953942,30.360006 -91.95377,30.359987 -91.953731,30.359819 -91.953555,30.359138 -91.953533,30.359056 -91.953512,30.358976 -91.952081,30.353488 -91.95159,30.351603 -91.95129,30.350455 -91.951261,30.35034 -91.951234,30.350238 -91.950888,30.348911 -91.950827,30.348678 -91.95079,30.348536 -91.950745,30.348369 -91.95072,30.348266 -91.951295,30.348387 -91.953274,30.347298 -91.955224,30.346224 -91.956927,30.345287 -91.957405,30.345023 -91.9559,30.341971 -91.954541,30.339216 -91.954369,30.338867 -91.954197,30.338845 -91.954095,30.338832 -91.953747,30.338786 -91.953098,30.3387 -91.952937,30.33868 -91.955016,30.333575 -91.95526,30.333595 -91.955611,30.333624 -91.955811,30.333641 -91.96099,30.330468 -91.963946,30.328656 -91.964385,30.328701 -91.964883,30.328752 -91.964934,30.328587 -91.965504,30.326744 -91.965801,30.325782 -91.966028,30.325046 -91.966215,30.32444 -91.966084,30.323714 -91.96582,30.322249 -91.965613,30.321074 -91.965555,30.320777 -91.964427,30.320636 -91.964055,30.319635 -91.96362,30.318466 -91.963224,30.317399 -91.962996,30.316787 -91.96293,30.316558 -91.962873,30.316361 -91.962578,30.315111 -91.962389,30.314301 -91.962125,30.31319 -91.961941,30.313053 -91.961236,30.312554 -91.956129,30.308902 -91.955247,30.308271 -91.955219,30.308129 -91.955212,30.308094 -91.955223,30.308076 -91.955236,30.308049 -91.955283,30.307951 -91.955306,30.307885 -91.955324,30.307815 -91.955347,30.307674 -91.955346,30.307603 -91.955333,30.307462 -91.955329,30.307434 -91.955327,30.307423 -91.955321,30.307384 -91.955312,30.307322 -91.955307,30.307292 -91.955305,30.30728 -91.955168,30.306492 -91.955041,30.305798 -91.954898,30.305113 -91.954747,30.304427 -91.954725,30.304321 -91.95472,30.304301 -91.954717,30.304286 -91.954713,30.304266 -91.954652,30.303977 -91.954631,30.30388 -91.954588,30.303676 -91.954583,30.303651 -91.954578,30.303628 -91.954568,30.303583 -91.954312,30.302382 -91.954307,30.30236 -91.95417,30.30168 -91.954152,30.301599 -91.95414,30.301543 -91.954099,30.301352 -91.954027,30.301015 -91.95402,30.300981 -91.953958,30.300691 -91.953951,30.300659 -91.953872,30.300292 -91.953866,30.300264 -91.953765,30.29979 -91.953581,30.298932 -91.953447,30.29825 -91.953404,30.297945 -91.953397,30.297896 -91.953382,30.297793 -91.953369,30.297701 -91.953349,30.297562 -91.953208,30.296875 -91.952903,30.295499 -91.952623,30.294123 -91.952409,30.293103 -91.952406,30.29309 -91.952403,30.293079 -91.952329,30.29278 -91.952315,30.292723 -91.952307,30.292669 -91.952303,30.292641 -91.952302,30.292632 -91.952298,30.29261 -91.951943,30.290888 -91.951909,30.290751 -91.951835,30.29041 -91.951629,30.289381 -91.951584,30.289174 -91.951554,30.289037 -91.951302,30.287801 -91.951207,30.287334 -91.951205,30.287324 -91.951202,30.28731 -91.951048,30.286551 -91.950981,30.28622 -91.950802,30.285285 -91.950798,30.285264 -91.950795,30.285246 -91.950788,30.285209 -91.950783,30.285181 -91.950587,30.284158 -91.950504,30.283765 -91.950472,30.283614 -91.950442,30.283458 -91.950397,30.283221 -91.950394,30.283209 -91.950349,30.283014 -91.950347,30.283005 -91.950251,30.282505 -91.950179,30.282129 -91.949997,30.281231 -91.949994,30.281218 -91.949944,30.280972 -91.949929,30.280894 -91.949921,30.280855 -91.949914,30.280823 -91.949909,30.280798 -91.949877,30.280635 -91.94978,30.280156 -91.949761,30.280061 -91.949662,30.279722 -91.949658,30.279705 -91.949656,30.279695 -91.949501,30.279374 -91.949446,30.279303 -91.949433,30.279286 -91.949307,30.278654 -91.949201,30.278159 -91.949062,30.277438 -91.948939,30.276825 -91.950966,30.275612 -91.95134,30.275389 -91.951474,30.275309 -91.951518,30.275282 -91.951652,30.275202 -91.952309,30.274809 -91.952601,30.274634 -91.952656,30.274601 -91.953365,30.274177 -91.953495,30.274099 -91.953572,30.274055 -91.955988,30.272608 -91.956043,30.272576 -91.958921,30.270853 -91.959408,30.270561 -91.959907,30.270262 -91.960048,30.270178 -91.960112,30.270143 -91.961765,30.26915 -91.961872,30.269087 -91.962126,30.268935 -91.96221,30.268884 -91.962252,30.268861 -91.962763,30.268553 -91.962842,30.268537 -91.962922,30.268546 -91.963003,30.268549 -91.963033,30.268546 -91.963083,30.268541 -91.96316,30.268521 -91.963234,30.268495 -91.963295,30.268459 -91.963629,30.268262 -91.964047,30.268016 -91.964057,30.26801 -91.965417,30.267208 -91.966077,30.266814 -91.966512,30.266561 -91.966744,30.266425 -91.967886,30.265787 -91.967907,30.265775 -91.968094,30.26567 -91.968291,30.265557 -91.968765,30.265285 -91.969964,30.26458 -91.970104,30.264509 -91.971925,30.26342 -91.972,30.263361 -91.972394,30.263142 -91.97306,30.262748 -91.973728,30.262362 -91.974393,30.261972 -91.97505,30.261576 -91.975764,30.261129 -91.975891,30.261045 -91.975974,30.261009 -91.976035,30.260982 -91.976091,30.260969 -91.976114,30.260964 -91.976194,30.260952 -91.976274,30.26095 -91.976403,30.260963 -91.976453,30.260968 -91.976525,30.260975 -91.976933,30.260649 -91.976514,30.260403 -91.975018,30.259842 -91.974413,30.259616 -91.97338,30.25939 -91.971383,30.259254 -91.968119,30.259032 -91.967912,30.258653 -91.967718,30.258299 -91.968114,30.254442 -91.968118,30.254399 -91.967351,30.252291 -91.967339,30.252259 -91.967316,30.252195 -91.969011,30.248488 -91.96895,30.248398 -91.968925,30.248361 -91.968915,30.248346 -91.968887,30.248304 -91.968856,30.248259 -91.968759,30.248116 -91.968661,30.247972 -91.96839,30.247573 -91.96823,30.247338 -91.963702,30.240672 -91.963682,30.240657 -91.958909,30.237184 -91.953016,30.238795 -91.951218,30.238999 -91.948928,30.238482 -91.948667,30.238423 -91.946681,30.237975 -91.945018,30.237599 -91.944558,30.23739 -91.942818,30.236599 -91.942852,30.236448 -91.942867,30.236386 -91.944018,30.2317 -91.942918,30.2301 -91.943618,30.226 -91.950114,30.224847 -91.952618,30.2244 -91.953118,30.2215 -91.955415,30.219105 -91.955438,30.219041 -91.955466,30.218965 -91.955852,30.217852 -91.957918,30.2119 -91.960418,30.2121 -91.964319,30.2121 -91.966219,30.214 -91.969019,30.2118 -91.973419,30.2105 -91.976879,30.210933 -91.97678,30.211007 -91.976604,30.211115 -91.976625,30.211316 -91.976633,30.211427 -91.976651,30.211775 -91.976651,30.212008 -91.97661,30.212242 -91.976489,30.212755 -91.976409,30.213096 -91.976372,30.21335 -91.976376,30.213478 -91.976387,30.213557 -91.976399,30.213624 -91.976427,30.213679 -91.976459,30.213727 -91.976498,30.213782 -91.976553,30.213853 -91.976599,30.213894 -91.976646,30.213935 -91.976752,30.214008 -91.976832,30.214059 -91.976949,30.214117 -91.977466,30.214294 -91.977773,30.214413 -91.978083,30.214551 -91.978365,30.214659 -91.978727,30.214793 -91.979012,30.214906 -91.979238,30.214999 -91.979516,30.215107 -91.979957,30.215262 -91.979986,30.215272 -91.980097,30.215302 -91.980108,30.215305 -91.980216,30.215335 -91.980272,30.215351 -91.982619,30.2154 -91.984219,30.2155 -91.986319,30.2154 -91.988219,30.2153 -91.992587,30.217131 -91.996722,30.215102 -91.998019,30.2145 -91.998373,30.214432 -92.000323,30.21406 -92.00053,30.214004 -92.000629,30.213978 -92.002223,30.211998 -92.002491,30.211184 -92.002621,30.21081 -92.002504,30.210703 -92.002058,30.210068 -92.001716,30.209599 -92.001683,30.209545 -92.001674,30.209518 -92.001674,30.20943 -92.001687,30.209314 -92.001718,30.209158 -92.00175,30.209084 -92.001795,30.209018 -92.001834,30.208978 -92.001878,30.208941 -92.001966,30.208884 -92.002012,30.208861 -92.002058,30.208841 -92.002113,30.20882 -92.002151,30.208807 -92.002191,30.208795 -92.002233,30.208783 -92.002693,30.208677 -92.002843,30.208642 -92.003032,30.208595 -92.003228,30.208536 -92.003239,30.208532 -92.003517,30.20842 -92.003618,30.208365 -92.004021,30.208149 -92.004269,30.208588 -92.00432,30.208684 -92.004491,30.209009 -92.005093,30.210145 -92.005409,30.210778 -92.005862,30.211571 -92.006316,30.212289 -92.006694,30.212809 -92.007548,30.214187 -92.008819,30.216697 -92.008854,30.216769 -92.008889,30.216839 -92.009413,30.21774 -92.009867,30.21862 -92.009914,30.218681 -92.010262,30.219404 -92.010516,30.219818 -92.01183,30.222378 -92.013026,30.224858 -92.013719,30.226162 -92.014582,30.227765 -92.014612,30.227825 -92.014645,30.227887 -92.014809,30.227821 -92.015679,30.227465 -92.015729,30.227431 -92.015806,30.227349 -92.016596,30.227026 -92.017168,30.226794 -92.017201,30.226778 -92.01726,30.226732 -92.017395,30.226604 -92.018336,30.225698 -92.018735,30.225301 -92.01877,30.225242 -92.018783,30.2252 -92.018789,30.225144 -92.018779,30.224076 -92.018777,30.222907 -92.019788,30.222899 -92.019787,30.2226 -92.020796,30.222593 -92.020788,30.222906 -92.021835,30.222906 -92.022851,30.222902 -92.022854,30.224077 -92.022847,30.224722 -92.024825,30.22469 -92.025492,30.222647 -92.025643,30.222188 -92.025714,30.222257 -92.025857,30.222414 -92.025929,30.222497 -92.026104,30.22274 -92.026217,30.222925 -92.026233,30.222959 -92.026362,30.223234 -92.026371,30.223266 -92.02648,30.223459 -92.026616,30.223674 -92.02728,30.224666 -92.028279,30.226078 -92.028766,30.226824 -92.029237,30.227537 -92.029722,30.228252 -92.030451,30.229311 -92.031177,30.230374 -92.031813,30.231321 -92.032083,30.231719 -92.032131,30.231801 -92.032172,30.231881 -92.03225,30.232068 -92.032292,30.232186 -92.03234,30.232349 -92.032358,30.232454 -92.032369,30.232555 -92.032374,30.232742 -92.032378,30.23359 -92.032383,30.234346 -92.032378,30.234796 -92.032379,30.234841 -92.032659,30.23484 -92.033867,30.234836 -92.034468,30.234835 -92.03702,30.234857 -92.038903,30.23486 -92.039102,30.234864 -92.039377,30.234855 -92.039508,30.23485 -92.040714,30.234808 -92.042563,30.234787 -92.045174,30.234829 -92.046806,30.234808 -92.047882,30.234798 -92.05447,30.234882 -92.056829,30.234829 -92.058545,30.234829 -92.062445,30.234854 -92.062591,30.234854 -92.062593,30.235133 -92.062605,30.235324 -92.062623,30.235447 -92.062662,30.235627 -92.062703,30.235773 -92.062788,30.235996 -92.062888,30.236192 -92.063009,30.236385 -92.063074,30.236476 -92.063206,30.236643 -92.063289,30.236731 -92.063379,30.236819 -92.063499,30.236927 -92.063647,30.237045 -92.064336,30.237546 -92.064823,30.237906 -92.065005,30.238041 -92.065192,30.238197 -92.065344,30.238351 -92.065471,30.238497 -92.065551,30.238604 -92.065667,30.238779 -92.065726,30.23888 -92.06582,30.239068 -92.065863,30.239169 -92.065964,30.23949 -92.065987,30.239613 -92.066014,30.239809 -92.066055,30.240241 -92.066247,30.242259 -92.066299,30.242882 -92.066304,30.243139 -92.066277,30.243193 -92.066244,30.243239 -92.066255,30.243614 -92.066256,30.243893 -92.066257,30.244223 -92.066259,30.244733 -92.066282,30.24684 -92.066284,30.247083 -92.066303,30.249191 -92.066299,30.249345 -92.066298,30.249362 -92.066292,30.24962 -92.066279,30.250494 -92.066273,30.25095 -92.06627,30.254043 -92.06627,30.254068 -92.067116,30.254065 -92.067526,30.254064 -92.068395,30.254071 -92.069991,30.254085 -92.070049,30.254085 -92.070147,30.254084 -92.070581,30.254081 -92.070792,30.25408 -92.070958,30.25408 -92.072071,30.254067 -92.074534,30.254039 -92.078196,30.253997 -92.078461,30.253991 -92.078503,30.253991 -92.078695,30.253998 -92.078719,30.254003 -92.078742,30.254014 -92.078767,30.25404 -92.078782,30.254067 -92.078793,30.254102 -92.078796,30.254143 -92.078791,30.256253 -92.078787,30.257633 -92.08084,30.257633 -92.081334,30.257634 -92.08203,30.257635 -92.082826,30.257636 -92.082897,30.257644 -92.082915,30.257596 -92.082937,30.257559 -92.082946,30.25751 -92.082901,30.256233 -92.082856,30.254924 -92.08284,30.25448 -92.082851,30.254419 -92.082862,30.254389 -92.082887,30.254345 -92.082929,30.254302 -92.083016,30.25425 -92.083159,30.254199 -92.083209,30.25419 -92.083249,30.254189 -92.083322,30.254186 -92.086884,30.254205 -92.088706,30.254215 -92.0904,30.254224 -92.090896,30.254227 -92.090995,30.254228 -92.091071,30.254228 -92.091073,30.254663 -92.091074,30.254772 -92.091077,30.255529 -92.091088,30.257563 -92.091089,30.257839 -92.0911,30.258897 -92.091105,30.259289 -92.091108,30.259649 -92.091111,30.259852 -92.091112,30.25992 -92.091112,30.259956 -92.091101,30.260074 -92.091101,30.260091 -92.091101,30.260248 -92.091104,30.260403 -92.091101,30.260604 -92.091096,30.260932 -92.091129,30.261442 -92.091149,30.263222 -92.091164,30.264626 -92.091168,30.264988 -92.091213,30.269 -92.09124,30.271449 -92.091257,30.272252 -92.091271,30.273615 -92.09129,30.27829 -92.091295,30.279395 -92.091313,30.281329 -92.091318,30.282186 -92.091333,30.283263 -92.091344,30.285378 -92.091347,30.286403 -92.091348,30.286912 -92.09136,30.288271 -92.091364,30.289556 -92.091375,30.290575 -92.09138,30.291785 -92.091386,30.293878 -92.091397,30.294883 -92.091425,30.297086 -92.091422,30.29741 -92.09142,30.297846 -92.09069,30.297841 -92.089048,30.297838 -92.088125,30.297837 -92.085154,30.297837 -92.085024,30.297838 -92.084323,30.297838 -92.084078,30.297838 -92.081946,30.297841 -92.078006,30.297834 -92.076442,30.297832 -92.0745,30.297829 -92.070703,30.29781 -92.070344,30.297812 -92.070371,30.30104 -92.070376,30.301736 -92.070379,30.302092 -92.070384,30.302334 -92.070397,30.303281 -92.0704,30.303488 -92.070405,30.303531 -92.070434,30.303616 -92.070465,30.30365 -92.070512,30.30368 -92.070547,30.303693 -92.070588,30.303703 -92.070639,30.303709 -92.074542,30.303704 -92.077227,30.303709 -92.077298,30.303709 -92.078294,30.303711 -92.080384,30.303717 -92.080387,30.305591 -92.08039,30.306898 -92.080389,30.315337 -92.080335,30.315337 -92.078072,30.315339 -92.077548,30.315345 -92.075976,30.315353 -92.074877,30.315353 -92.074842,30.31536 -92.074789,30.315389 -92.074773,30.315402 -92.074747,30.315447 -92.074733,30.315492 -92.074728,30.315531 -92.074727,30.317476 -92.073859,30.317473 -92.073013,30.31747 -92.072225,30.317466 -92.072141,30.317466 -92.071389,30.317462 -92.070508,30.317458 -92.07051,30.317564 -92.070509,30.318377 -92.070517,30.320424 -92.07052,30.321205 -92.066242,30.321211 -92.065247,30.321213 -92.06517,30.321212 -92.064328,30.32121 -92.063668,30.321209 -92.061583,30.321207 -92.059192,30.321207 -92.058933,30.321208 -92.05832,30.321212 -92.056775,30.321229 -92.056416,30.321232 -92.056154,30.321234 -92.053597,30.321236 -92.049528,30.321237 -92.049538,30.322289 -92.049546,30.323444 -92.049553,30.324522 -92.04956,30.32554 -92.049568,30.32636 -92.049562,30.326553 -92.049538,30.326791 -92.049492,30.327048 -92.049463,30.327161 -92.049358,30.327468 -92.049297,30.327613 -92.049153,30.327875 -92.048432,30.329062 -92.047983,30.329803 -92.04765,30.330344 -92.047477,30.330629 -92.047359,30.330825 -92.04719,30.331105 -92.0471,30.331254 -92.047022,30.331403 -92.046978,30.33151 -92.046926,30.331667 -92.046899,30.331801 -92.046885,30.331947 -92.046884,30.332078 -92.046895,30.332197 -92.046919,30.332331 -92.04695,30.332452 -92.047031,30.332674 -92.04721,30.333058 -92.047544,30.333801 -92.047631,30.334004 -92.047718,30.334225 -92.047815,30.334505 -92.047942,30.334934 -92.048055,30.335354 -92.048326,30.336462 -92.049223,30.340048 -92.049259,30.340168 -92.049319,30.340437 -92.04955,30.3414 -92.049584,30.341586 -92.049615,30.341846 -92.049621,30.341931 -92.049633,30.342318 -92.049634,30.343033 -92.049645,30.346965 -92.049665,30.347286 -92.04968,30.347419 -92.04974,30.347745 -92.049782,30.347904 -92.049885,30.348256 -92.050247,30.349402 -92.050458,30.350082 -92.051037,30.351922 -92.051117,30.352191 -92.051639,30.35386 -92.051689,30.354066 -92.05171,30.354157 -92.051734,30.35429 -92.051749,30.354403 -92.05177,30.354639 -92.051774,30.354778 -92.05177,30.354983 -92.051758,30.355153 -92.051726,30.355395 -92.051699,30.355541 -92.051645,30.355752 -92.051577,30.355964 -92.051545,30.356047 -92.051491,30.356188 -92.050434,30.358608 -92.049666,30.360356 -92.049415,30.360939 -92.049323,30.361169 -92.049184,30.361397 -92.049033,30.361656 -92.049,30.361712 -92.048982,30.361745 -92.048829,30.362034 -92.048786,30.362131 -92.048661,30.362409 -92.048612,30.36252 -92.048452,30.362896 -92.048102,30.363688 -92.047936,30.364063 -92.047626,30.364771 -92.0472,30.365744 -92.04682,30.366856 -92.046444,30.367737 -92.046133,30.368455 -92.045776,30.369282 -92.045741,30.369359 -92.04549,30.369931 -92.045008,30.37103 -92.044552,30.372085 -92.044056,30.373217 -92.043141,30.375305 -92.042619,30.376496 -92.042703,30.376553 -92.042717,30.376563 -92.043325,30.377112 -92.044357,30.377526 -92.044541,30.377731 -92.044621,30.378053 -92.044831,30.37819 -92.045784,30.37787 -92.045918,30.377879 -92.045938,30.37788 -92.045982,30.377883 -92.046005,30.377885 -92.046413,30.377913 -92.046617,30.377975 -92.046666,30.37799 -92.046682,30.377995 -92.046697,30.378 -92.046947,30.378076 -92.047792,30.378717 -92.048056,30.379084 -92.0484,30.379313 -92.04869,30.379405 -92.048849,30.379565 -92.048796,30.379955 -92.048135,30.380757 -92.048135,30.381032 -92.048373,30.381307 -92.048713,30.38149 -92.049113,30.381559 -92.04943,30.381307 -92.050303,30.381009 -92.050488,30.380826 -92.050488,30.380322 -92.050276,30.379795 -92.050276,30.379451 -92.050435,30.379313 -92.051716,30.379223 -92.051757,30.37922 -92.052047,30.379199 -92.052801,30.379075 -92.05301,30.379043 -92.053025,30.379041 -92.053279,30.378997 -92.0533,30.378993 -92.053444,30.378964 -92.053505,30.378952 -92.053521,30.378949 -92.054772,30.37874 -92.055749,30.378465 -92.055792,30.378434 -92.055811,30.37842 -92.055827,30.378409 -92.055837,30.378402 -92.056066,30.378237 -92.056832,30.377274 -92.05707,30.376884 -92.057149,30.376243 -92.057201,30.376179 -92.057281,30.376082 -92.058382,30.375714 -92.058577,30.375649 -92.058906,30.375198 -92.05872,30.375198 -92.058882,30.374984 -92.059156,30.374588 -92.0594,30.374324 -92.059645,30.373993 -92.059965,30.373783 -92.060377,30.373771 -92.06085,30.373657 -92.061201,30.373424 -92.06132,30.373198 -92.061491,30.372886 -92.061735,30.372551 -92.061964,30.372177 -92.062147,30.371765 -92.062116,30.371433 -92.062452,30.371193 -92.062544,30.370903 -92.062712,30.37062 -92.063063,30.370411 -92.063383,30.370353 -92.06378,30.37025 -92.06407,30.370041 -92.064298,30.36977 -92.064482,30.369602 -92.064787,30.369285 -92.064833,30.368989 -92.064802,30.36863 -92.065046,30.368321 -92.06555,30.368066 -92.065992,30.367901 -92.066374,30.367577 -92.066618,30.36723 -92.066831,30.367081 -92.067137,30.366891 -92.067625,30.366803 -92.068113,30.36673 -92.0688,30.366841 -92.069227,30.366685 -92.069532,30.366475 -92.069837,30.36641 -92.070295,30.366334 -92.070571,30.366097 -92.070708,30.365842 -92.070937,30.365582 -92.071181,30.365548 -92.071471,30.36554 -92.071761,30.365601 -92.072188,30.365369 -92.072585,30.365021 -92.072997,30.364674 -92.073421,30.364499 -92.073775,30.36456 -92.074004,30.36472 -92.074263,30.365018 -92.074386,30.365338 -92.074447,30.36562 -92.074521,30.365799 -92.074569,30.365937 -92.074828,30.366017 -92.075179,30.366017 -92.075484,30.365925 -92.075805,30.365903 -92.07611,30.365758 -92.076323,30.365521 -92.076629,30.365445 -92.077056,30.365239 -92.077285,30.364926 -92.077453,30.364636 -92.07762,30.364167 -92.077849,30.363881 -92.077987,30.363595 -92.078063,30.363175 -92.0782,30.362946 -92.078414,30.36261 -92.078338,30.362298 -92.078643,30.362012 -92.079223,30.361771 -92.079818,30.361611 -92.080642,30.361386 -92.081298,30.361222 -92.081314,30.361217 -92.082106,30.360997 -92.082854,30.360776 -92.083321,30.360599 -92.083617,30.360398 -92.083938,30.360078 -92.084136,30.359757 -92.084258,30.359368 -92.084441,30.358716 -92.084563,30.358212 -92.084456,30.35785 -92.084417,30.357757 -92.084288,30.357449 -92.084227,30.356984 -92.084243,30.356573 -92.084365,30.356252 -92.084502,30.355858 -92.084441,30.355488 -92.084243,30.355113 -92.084136,30.354779 -92.084212,30.35403 -92.08435,30.353371 -92.084554,30.352806 -92.084559,30.352791 -92.08467,30.352486 -92.084868,30.352238 -92.085216,30.352037 -92.085332,30.351978 -92.085374,30.351957 -92.08541,30.351939 -92.085431,30.351928 -92.08563,30.351827 -92.085676,30.351789 -92.085728,30.351745 -92.085759,30.351719 -92.085905,30.351597 -92.08612,30.351269 -92.086181,30.350908 -92.086059,30.350601 -92.085936,30.350311 -92.085738,30.349959 -92.085631,30.349674 -92.085585,30.349278 -92.085493,30.348957 -92.08516,30.348518 -92.084807,30.348077 -92.084792,30.347732 -92.0847,30.347283 -92.08467,30.346762 -92.084807,30.346188 -92.084808,30.346165 -92.084809,30.346144 -92.084813,30.34604 -92.084818,30.345918 -92.084819,30.345895 -92.084823,30.345794 -92.085097,30.345429 -92.085418,30.345168 -92.085738,30.344867 -92.086287,30.344382 -92.086791,30.343918 -92.087049,30.343435 -92.087063,30.343325 -92.087065,30.343309 -92.087067,30.343297 -92.087069,30.34328 -92.087077,30.343214 -92.087082,30.343171 -92.087098,30.343041 -92.087111,30.342932 -92.087121,30.342601 -92.08702,30.342437 -92.086882,30.342187 -92.086533,30.341862 -92.08639,30.341748 -92.086381,30.341741 -92.086369,30.341732 -92.086342,30.34171 -92.086104,30.34152 -92.085864,30.341337 -92.085819,30.341303 -92.085775,30.341269 -92.085765,30.341261 -92.08574,30.341242 -92.085654,30.341168 -92.085633,30.34115 -92.085624,30.341143 -92.085463,30.341005 -92.085357,30.34073 -92.085311,30.340391 -92.085402,30.34013 -92.085402,30.339891 -92.085418,30.339516 -92.085601,30.339226 -92.085844,30.339006 -92.085866,30.338979 -92.085892,30.338947 -92.08592,30.338913 -92.085933,30.338897 -92.085945,30.338883 -92.085967,30.338856 -92.085967,30.338651 -92.08612,30.33849 -92.086362,30.338415 -92.086577,30.338334 -92.08673,30.338192 -92.08673,30.338026 -92.086944,30.337782 -92.087218,30.337488 -92.087554,30.337147 -92.08789,30.3368 -92.088225,30.336331 -92.088521,30.335999 -92.088683,30.33569 -92.088927,30.335206 -92.088988,30.335084 -92.089248,30.334523 -92.089385,30.334115 -92.089492,30.333741 -92.089446,30.333523 -92.089461,30.333302 -92.089492,30.333058 -92.0894,30.332856 -92.089385,30.3326 -92.089431,30.332219 -92.08937,30.332013 -92.089171,30.33186 -92.089049,30.331612 -92.089019,30.331158 -92.089034,30.330853 -92.089099,30.33073 -92.089106,30.330716 -92.089215,30.330509 -92.089229,30.330487 -92.08924,30.330471 -92.089446,30.330166 -92.090178,30.32961 -92.090575,30.329415 -92.091002,30.329392 -92.091384,30.329503 -92.091949,30.32961 -92.092361,30.329671 -92.092972,30.329796 -92.093429,30.329819 -92.093903,30.329964 -92.094406,30.330044 -92.094908,30.32998 -92.095231,30.329879 -92.095688,30.329652 -92.096129,30.329495 -92.096604,30.3292 -92.097001,30.328876 -92.097306,30.328586 -92.097549,30.328248 -92.097822,30.327999 -92.097854,30.327963 -92.098038,30.327683 -92.098222,30.327499 -92.101743,30.325694 -92.102766,30.325014 -92.105893,30.322934 -92.109619,30.320443 -92.110047,30.320158 -92.116133,30.316099 -92.11759,30.315129 -92.120503,30.313178 -92.121043,30.312825 -92.122125,30.312104 -92.12231,30.31198 -92.125365,30.309943 -92.125961,30.309549 -92.126159,30.309418 -92.126901,30.308926 -92.127103,30.308793 -92.127559,30.308491 -92.12818,30.30808 -92.12886,30.307629 -92.129617,30.307128 -92.142184,30.298817 -92.141932,30.306062 -92.141932,30.306073 -92.141917,30.306476 -92.141912,30.306601 -92.14179,30.309818 -92.141789,30.309839 -92.141754,30.310858 -92.141663,30.313489 -92.141635,30.314308 -92.141633,30.314358 -92.141633,30.314368 -92.141633,30.314381 -92.141632,30.31441 -92.141631,30.31443 -92.141617,30.314839 -92.141606,30.315162 -92.141601,30.31529 -92.141591,30.315692 -92.14159,30.315733 -92.141561,30.316967 -92.14155,30.317431 -92.141549,30.317454 -92.141549,30.317467 -92.141548,30.317491 -92.141548,30.317514 -92.141547,30.317539 -92.141544,30.317614 -92.141542,30.317671 -92.14154,30.31779 -92.14154,30.317801 -92.141511,30.319453 -92.141507,30.319704 -92.141517,30.32058 -92.141509,30.320764 -92.141735,30.320756 -92.142589,30.32075 -92.143143,30.320752 -92.14688,30.320769 -92.147739,30.320765 -92.149301,30.320771 -92.149326,30.320771 -92.149954,30.320774 -92.149976,30.320774 -92.15033,30.320775 -92.152047,30.320776 -92.153502,30.320781 -92.153521,30.320781 -92.153783,30.320782 -92.156343,30.32078 -92.158331,30.320794 -92.158447,30.320791 -92.15846,30.320806 -92.158446,30.321686 -92.158473,30.325077 -92.158473,30.325092 -92.158487,30.326901 -92.158497,30.327713 -92.158497,30.327747 -92.1585,30.328004 -92.158501,30.328086 -92.158518,30.329106 -92.158523,30.330602 -92.158528,30.331207 -92.158528,30.331262 -92.158532,30.331664 -92.158532,30.331691 -92.158542,30.332839 -92.158542,30.334698 -92.158542,30.335078 -92.158546,30.335826 -92.158543,30.336571 -92.158546,30.337535 -92.158546,30.337545 -92.158548,30.338063 -92.158546,30.338805 -92.158548,30.339331 -92.158548,30.339501 -92.158548,30.339568 -92.158551,30.340832 -92.158551,30.341104 -92.15855,30.342242 -92.158552,30.342329 -92.158554,30.342445 -92.158556,30.342778 -92.158562,30.343963 -92.158564,30.345461 -92.158569,30.34631 -92.158578,30.347699 -92.158582,30.34803 -92.158582,30.348041 -92.158606,30.349736 -92.158605,30.349909 -92.158689,30.349909 -92.160067,30.34989 -92.165151,30.34983 -92.170329,30.349767 -92.171766,30.349749 -92.173871,30.349726 -92.175778,30.3497 -92.175778,30.349736 -92.175778,30.349843 -92.17578,30.350481 -92.175791,30.351427 -92.175791,30.351438 -92.175802,30.352716 -92.175809,30.353175 -92.175827,30.354355 -92.175836,30.35495 -92.175843,30.355695 -92.175844,30.355733 -92.175858,30.356434 -92.175854,30.356635 -92.175854,30.356699 -92.17587,30.358897 -92.175878,30.359985 -92.175878,30.360047 -92.175884,30.360942 -92.175884,30.360979 -92.175885,30.361103 -92.175886,30.361225 -92.175886,30.361259 -92.175893,30.362518 -92.175896,30.363195 -92.175902,30.36425 -92.175918,30.366463 -92.175918,30.366473 -92.175924,30.367232 -92.175917,30.367983 -92.175916,30.368728 -92.175922,30.369423 -92.175936,30.370976 -92.175947,30.371472 -92.175948,30.371541 -92.175949,30.371672 -92.175951,30.371822 -92.175951,30.371833 -92.175951,30.371844 -92.175953,30.371949 -92.175954,30.372008 -92.175954,30.37203 -92.175962,30.372676 -92.175981,30.376246 -92.175981,30.376265 -92.175982,30.376479 -92.175994,30.378573 -92.175971,30.378661 -92.175959,30.378749 -92.175935,30.37892 -92.175972,30.381405 -92.175982,30.38213 -92.17608,30.384146 -92.176091,30.384621 -92.176123,30.385937 -92.176124,30.385983 -92.176053,30.386025 -92.176001,30.386082 -92.175981,30.386154 -92.175988,30.38638 -92.175988,30.386608 -92.176,30.387342 -92.176,30.387355 -92.176,30.388099 -92.176006,30.388839 -92.176006,30.389542 -92.176006,30.389611 -92.176009,30.390026 -92.176006,30.390779 -92.17601,30.391525 -92.176004,30.393002 -92.176008,30.393198 -92.176011,30.394852 -92.176019,30.395593 -92.176041,30.396982 -92.176054,30.397839 -92.176059,30.400471 -92.176061,30.400737 -92.176055,30.400974 -92.176054,30.401034 -92.176058,30.401482 -92.176209,30.40773 -92.176298,30.41113 -92.176302,30.411277 -92.17639,30.414612 -92.17642,30.418986 -92.176435,30.421033 -92.176435,30.421105 -92.176436,30.421185 -92.176436,30.421273 -92.176444,30.422449 -92.176445,30.422669 -92.176447,30.422818 -92.176451,30.423417 -92.176469,30.424024 -92.176469,30.424036 -92.176469,30.424055 -92.176468,30.424423 -92.176472,30.424731 -92.176477,30.425179 -92.176475,30.425931 -92.176467,30.426679 -92.17648,30.428174 -92.176482,30.428918 -92.176479,30.429493 -92.176478,30.429662 -92.176474,30.434068 -92.176459,30.435544 -92.176459,30.436259 -92.176447,30.436751 -92.176444,30.436852 -92.178277,30.436849 -92.178961,30.436854 -92.179143,30.436855 -92.1792,30.436857 -92.179403,30.436866 -92.179607,30.436884 -92.179737,30.436896 -92.179892,30.436897 -92.181175,30.436895 -92.192267,30.436892 -92.193511,30.436892 -92.195699,30.436891 -92.198365,30.43689 -92.198699,30.43689 -92.206844,30.436887 -92.20724,30.436887 -92.207569,30.436887 -92.216284,30.436884 -92.217674,30.436813 -92.21832,30.436787 -92.218396,30.436784 -92.218471,30.436781 -92.218646,30.436784 -92.220612,30.436785 -92.227443,30.43677 -92.227532,30.436767 -92.230004,30.436753 -92.234168,30.436729 -92.234196,30.436729 -92.234356,30.436728 -92.236932,30.436713 -92.237324,30.436711 -92.238699,30.436703 -92.238741,30.436703 -92.239431,30.436702 -92.239607,30.436702 -92.240012,30.436699 -92.241336,30.43669 -92.244167,30.436677 -92.244189,30.436677 -92.24425,30.436678 -92.244241,30.436847 -92.244249,30.437499 -92.24425,30.437546 -92.244258,30.438112 -92.244295,30.44186 -92.244334,30.444859 -92.244339,30.445146 -92.244339,30.445162 -92.244399,30.449 -92.24444,30.451212 -92.244505,30.454704 -92.244553,30.457718 -92.244565,30.458461 -92.244566,30.45855 -92.244576,30.45927 -92.244648,30.464457 -92.244667,30.465585 -92.244665,30.465702 -92.244689,30.467302 -92.244758,30.473061 -92.244757,30.47311 -92.244757,30.473264 -92.244821,30.479229 -92.244803,30.480049 -92.244795,30.480193 -92.245872,30.480197 -92.249052,30.480233 -92.249312,30.480236 -92.251036,30.480242 -92.254483,30.480243 -92.255344,30.480237 -92.257056,30.480237 -92.258539,30.480228 -92.25871,30.480227 -92.259478,30.480222 -92.261357,30.48021 -92.262212,30.48021 -92.262564,30.480215 -92.264419,30.480194 -92.264483,30.480193 -92.264948,30.480188 -92.265662,30.48018 -92.266314,30.480177 -92.266521,30.480176 -92.268248,30.480186 -92.268416,30.480188 -92.268633,30.480191 -92.268709,30.480192 -92.269034,30.480192 -92.270303,30.48029 -92.271096,30.480351 -92.272314,30.480445 -92.277162,30.480433 -92.279645,30.480424 -92.280641,30.480424 -92.281588,30.48042 -92.282423,30.480419 -92.284739,30.480414 -92.284948,30.480411 -92.285501,30.480412 -92.296447,30.480383 -92.298853,30.480377 -92.301319,30.48037 -92.30207,30.480364 -92.304923,30.48036 -92.305457,30.480359 -92.308896,30.480349 -92.310468,30.480338 -92.313039,30.480338 -92.320042,30.480318 -92.331658,30.480284 -92.334488,30.480276 -92.335197,30.480274 -92.339575,30.480261 -92.339771,30.48026 -92.34209,30.480249 -92.343661,30.480248 -92.345788,30.480242 -92.347667,30.480236 -92.356664,30.480207 -92.357115,30.480206 -92.357469,30.480205 -92.357801,30.480202 -92.359132,30.480199 -92.360365,30.480194 -92.360831,30.480194 -92.364289,30.480183 -92.366684,30.480175 -92.367591,30.480172 -92.368428,30.480169 -92.368759,30.480168 -92.371439,30.480159 -92.375269,30.480146 -92.378563,30.480158 -92.379773,30.480163 -92.380733,30.48024 -92.380751,30.480241 -92.380795,30.480252 -92.380907,30.480263 -92.381248,30.480274 -92.381763,30.480282 -92.381848,30.480272 -92.381925,30.480245 -92.381979,30.480187 -92.382,30.48014 -92.382008,30.480123 -92.382056,30.48006 -92.38213,30.480022 -92.382213,30.480012 -92.382574,30.480016 -92.382897,30.48002 -92.38354,30.480017 -92.384108,30.480015 -92.384617,30.480013 -92.385004,30.479999 -92.386188,30.479994 -92.388347,30.479996 -92.389177,30.480004 -92.389213,30.480004 -92.391079,30.480018 -92.391541,30.480019 -92.393276,30.480023 -92.393955,30.480025 -92.395386,30.480028 -92.396439,30.480034 -92.396456,30.480034 -92.397557,30.480037 -92.39765,30.480039 -92.398574,30.480038 -92.398598,30.480038 -92.401146,30.480037 -92.401933,30.480038 -92.407171,30.480048 -92.408897,30.480056 -92.411205,30.480062 -92.411337,30.480062 -92.41148,30.480062 -92.412688,30.48006 -92.412875,30.480068 -92.413187,30.480059 -92.413567,30.480061 -92.414421,30.480064 -92.414523,30.480063 -92.414747,30.480044 -92.414759,30.480043 -92.414861,30.480035 -92.41509,30.480006 -92.415113,30.480003 -92.415127,30.480001 -92.415203,30.479992 -92.415271,30.479988 -92.415459,30.479977 -92.415804,30.479972 -92.416852,30.479978 -92.417346,30.479975 -92.41758,30.479978 -92.417678,30.479979 -92.41821,30.479986 -92.419074,30.479992 -92.419643,30.480003 -92.419934,30.480008 -92.42009,30.480008 -92.421659,30.480016 -92.422516,30.480024 -92.423133,30.480022 -92.423667,30.480021 -92.423834,30.48002 -92.424228,30.480019 -92.424399,30.480023 -92.42442,30.480023 -92.42509,30.480037 -92.4259,30.480043 -92.426091,30.480044 -92.426106,30.480044 -92.426743,30.480049 -92.426808,30.480049 -92.426955,30.480048 -92.427483,30.480047 -92.427666,30.480046 -92.427882,30.480048 -92.429384,30.480059 -92.431099,30.480066 -92.431544,30.480074 -92.431753,30.480198 -92.431814,30.480234 -92.433484,30.480259 -92.434029,30.480259 -92.434859,30.480259 -92.436112,30.48026 -92.436184,30.480261 -92.44038,30.480296 -92.441092,30.480302 -92.445193,30.480338 -92.448611,30.480369 -92.449359,30.480376 -92.455924,30.480396 -92.456306,30.480398 -92.456361,30.480398 -92.456561,30.480398 -92.456738,30.480399 -92.45683,30.480372 -92.456958,30.480346 -92.457138,30.480342 -92.458018,30.480402 -92.458854,30.480405 -92.459163,30.480369 -92.459595,30.48036 -92.460027,30.480359 -92.460209,30.48036 -92.461282,30.480368 -92.461381,30.480369 -92.461406,30.480369 -92.461693,30.480372 -92.462263,30.480379 -92.462506,30.480378 -92.462535,30.480378 -92.462781,30.480377 -92.463507,30.480375 -92.464409,30.480373 -92.465683,30.480369 -92.466058,30.480371 -92.466917,30.480368 -92.467167,30.480373 -92.467518,30.48038 -92.468375,30.480382 -92.470947,30.480376 -92.472661,30.480393 -92.473086,30.480391 -92.47337,30.480392 -92.473704,30.480394 -92.473814,30.480394 -92.474228,30.480392 -92.474252,30.480392 -92.474318,30.480392 -92.475417,30.480389 -92.476274,30.48039 -92.481147,30.480373 -92.481489,30.480366 -92.482089,30.480361 -92.482215,30.480362 -92.482232,30.480362 -92.482602,30.480364 -92.48354,30.480353 -92.483659,30.480353 -92.484318,30.480354 -92.484348,30.480354 -92.484654,30.480355 -92.484962,30.480352 -92.485338,30.480348 -92.485509,30.48035 -92.485765,30.480364 -92.485787,30.480367 -92.485908,30.480366 -92.486303,30.480362 -92.487053,30.480354 -92.487987,30.480345 -92.489777,30.480501 -92.49255,30.48051 -92.493141,30.480501 -92.493259,30.480499 -92.493292,30.480499 -92.494174,30.480509 -92.498353,30.480494 -92.499016,30.480493 -92.499886,30.480489 -92.500072,30.480488 -92.500137,30.480488 -92.500832,30.480486 -92.501479,30.480452 -92.502301,30.480443 -92.502668,30.480443 -92.504575,30.480447 -92.505581,30.48045 -92.505931,30.480451 -92.506613,30.480452 -92.507206,30.480454 -92.507408,30.480454 -92.508054,30.480456 -92.509162,30.480458 -92.509308,30.480458 -92.512986,30.480462 -92.513468,30.480462 -92.514585,30.480464 -92.517095,30.480466 -92.517274,30.480466 -92.521692,30.480474 -92.521875,30.480474 -92.526048,30.480479 -92.526144,30.480476 -92.526785,30.48048 -92.529853,30.480483 -92.534465,30.480491 -92.535919,30.480493 -92.536041,30.480494 -92.54198,30.480503 -92.542867,30.480504 -92.543031,30.480504 -92.547295,30.480509 -92.548135,30.480509 -92.548628,30.480524 -92.549119,30.480525 -92.549362,30.480509 -92.549545,30.480478 -92.549887,30.480486 -92.550996,30.480516 -92.552238,30.480519 -92.555785,30.480525 -92.559058,30.48053 -92.559293,30.48053 -92.559903,30.480533 -92.55997,30.480533 -92.560394,30.480536 -92.564294,30.480536 -92.565794,30.480536 -92.566512,30.480536 -92.569243,30.480536 -92.571201,30.480551 -92.572068,30.480558 -92.572761,30.480539 -92.573064,30.480533 -92.573314,30.48054 -92.574308,30.480546 -92.580074,30.480557 -92.581298,30.480555 -92.583405,30.48056 -92.585289,30.480565 -92.585685,30.480565 -92.585749,30.480565 -92.586113,30.480565 -92.586938,30.480575 -92.587304,30.480581 -92.589778,30.480621 -92.590316,30.480633 -92.591137,30.480647 -92.591511,30.480654 -92.591619,30.480656 -92.592066,30.480663 -92.5927,30.480674 -92.592897,30.480678 -92.593143,30.480682 -92.593313,30.480685 -92.593366,30.480686 -92.593456,30.480688 -92.593545,30.480689 -92.593667,30.480691 -92.593778,30.480694 -92.593874,30.480696 -92.593938,30.480697 -92.594005,30.480698 -92.594221,30.480702 -92.594273,30.480703 -92.59536,30.480722 -92.595761,30.48073 -92.595832,30.480731 -92.595914,30.48073 -92.596008,30.480735 -92.596251,30.480739 -92.596501,30.480736 -92.596524,30.480736 -92.597227,30.480747 -92.597352,30.480748 -92.597538,30.480751 -92.597574,30.480752 -92.597589,30.480752 -92.59762,30.480753 -92.597837,30.48076 -92.598293,30.480769 -92.598368,30.48077 -92.598444,30.480772 -92.59988,30.480799 -92.599965,30.480801 -92.600277,30.480807 -92.600495,30.480811 -92.600715,30.480815 -92.600768,30.480819 -92.600845,30.480824 -92.600874,30.480826 -92.600997,30.480828 -92.601281,30.480821 -92.601588,30.480827 -92.601754,30.48083 -92.602264,30.48084 -92.603599,30.480862 -92.60366,30.480863 -92.604161,30.480872 -92.604724,30.480881 -92.605119,30.480889 -92.605718,30.480901 -92.605775,30.480902 -92.605935,30.480905 -92.606297,30.480912 -92.606387,30.480913 -92.606695,30.480919 -92.606947,30.480917 -92.607489,30.480935 -92.608147,30.480945 -92.608969,30.480963 -92.609532,30.480971 -92.609782,30.480975 -92.609918,30.480976 -92.610614,30.480987 -92.611266,30.480998 -92.611467,30.48101 -92.611704,30.481014 -92.612696,30.48103 -92.612819,30.481031 -92.612899,30.481028 -92.612986,30.481034 -92.613266,30.481039 -92.615285,30.481071 -92.61551,30.481072 -92.615748,30.481082 -92.615842,30.481084 -92.617468,30.481112 -92.619278,30.481137 -92.619615,30.481135 -92.619822,30.481129 -92.620235,30.48112 -92.620612,30.481099 -92.620642,30.481097 -92.622775,30.480941 -92.623591,30.480884 -92.624041,30.480849 -92.624094,30.480845 -92.625481,30.480744 -92.626579,30.480889 -92.628129,30.481093 -92.62817,30.481098 -92.629037,30.481117 -92.629459,30.481127 -92.630374,30.481147 -92.632025,30.481182 -92.63249,30.481622 -92.633495,30.482287 -92.63365,30.482515 -92.63376,30.482677 -92.633839,30.483319 -92.633733,30.483525 -92.633495,30.483616 -92.631933,30.483707 -92.631237,30.483501 -92.63069,30.48334 -92.630266,30.483386 -92.630028,30.483569 -92.630002,30.484134 -92.630001,30.484165 -92.63008,30.484257 -92.630212,30.485105 -92.629841,30.485403 -92.629471,30.485586 -92.629232,30.486205 -92.629285,30.486869 -92.629576,30.487236 -92.630211,30.487534 -92.630369,30.487764 -92.630347,30.487873 -92.630321,30.488012 -92.645581,30.488152 -92.645886,30.488156 -92.650645,30.488201 -92.651221,30.488206 -92.653018,30.488223 -92.671126,30.48839 -92.688193,30.488367 -92.70526,30.488343 -92.708268,30.488337 -92.709814,30.488335 -92.709974,30.488335 -92.713362,30.48833 -92.713765,30.488329 -92.714287,30.488328 -92.716377,30.488325 -92.722379,30.488313 -92.73998,30.488282 -92.748467,30.488267 -92.75029,30.488264 -92.750307,30.488312 -92.75704,30.488284 -92.765461,30.488251 -92.76702,30.488245 -92.768823,30.488237 -92.773981,30.488218 -92.774022,30.487658 -92.774151,30.485927 -92.774153,30.485901 -92.774173,30.485682 -92.774226,30.484956 -92.774252,30.484638 -92.774253,30.484626 -92.774261,30.484533 -92.774281,30.484297 -92.774303,30.484039 -92.774306,30.484003 -92.774307,30.483991 -92.774323,30.483801 -92.774344,30.483551 -92.774394,30.482871 -92.774463,30.48179 -92.774468,30.481649 -92.774473,30.481484 -92.774492,30.472702 -92.774484,30.467562 -92.774513,30.463539 -92.774522,30.463174 -92.774545,30.462811 -92.774572,30.46262 -92.774593,30.462451 -92.774639,30.462173 -92.775366,30.458121 -92.775581,30.456303 -92.77561,30.455637 -92.775584,30.454444 -92.77561,30.453252 -92.775632,30.453092 -92.77561,30.448911 -92.775607,30.44051 -92.77559,30.439882 -92.775588,30.439578 -92.775567,30.439445 -92.775554,30.437656 -92.775737,30.437617 -92.77615,30.437621 -92.776587,30.43762 -92.779473,30.43761 -92.77949,30.43761 -92.783004,30.437599 -92.783335,30.437598 -92.7834,30.437597 -92.783415,30.437597 -92.783438,30.437597 -92.783498,30.437597 -92.783788,30.437596 -92.783881,30.437596 -92.78401,30.437596 -92.784323,30.437595 -92.785885,30.43759 -92.786389,30.437588 -92.787835,30.437589 -92.788087,30.437585 -92.78813,30.437584 -92.788183,30.437583 -92.788287,30.437582 -92.791145,30.437836 -92.791226,30.437833 -92.792373,30.437855 -92.793401,30.437862 -92.797526,30.437612 -92.797575,30.437612 -92.797722,30.437639 -92.797948,30.437651 -92.798396,30.437655 -92.799672,30.437655 -92.800568,30.437655 -92.800597,30.437655 -92.802767,30.437648 -92.805649,30.437648 -92.809049,30.43764 -92.809298,30.437639 -92.809404,30.437645 -92.809915,30.437643 -92.810283,30.437646 -92.811381,30.437636 -92.81315,30.437635 -92.813576,30.437635 -92.813616,30.437635 -92.814684,30.437645 -92.816865,30.43768 -92.817376,30.437687 -92.817394,30.437687 -92.820149,30.437725 -92.823447,30.437779 -92.824531,30.437792 -92.826247,30.437827 -92.826484,30.437828 -92.827029,30.437831 -92.827441,30.437833 -92.833285,30.437887 -92.838753,30.437924 -92.840951,30.43793 -92.842039,30.437939 -92.84311,30.437942 -92.843288,30.437948 -92.844559,30.437939 -92.850044,30.437933 -92.854421,30.437939 -92.855511,30.437933 -92.858785,30.437934 -92.859864,30.43793 -92.860248,30.437934 -92.860345,30.437935 -92.862244,30.437914 -92.862622,30.43791 -92.864814,30.437896 -92.865911,30.437893 -92.86921,30.437873 -92.871138,30.437857 -92.872245,30.437848 -92.872488,30.437846 -92.873235,30.437843 -92.873685,30.437842 -92.873948,30.437841 -92.874578,30.437833 -92.875143,30.437827 -92.875196,30.437826 -92.875218,30.437825 -92.875233,30.437825 -92.875244,30.437825 -92.875259,30.437825 -92.87527,30.437825 -92.875411,30.437823 -92.875756,30.437816 -92.875968,30.437812 -92.876279,30.437806 -92.87641,30.437803 -92.876485,30.437807 -92.87654,30.437818 -92.876555,30.437821 -92.876569,30.437824 -92.876619,30.437833 -92.876768,30.437852 -92.876908,30.437835 -92.876978,30.43782 -92.877139,30.437816 -92.878084,30.437795 -92.878301,30.437794 -92.879908,30.437785 -92.881368,30.437782 -92.882097,30.437775 -92.88283,30.437773 -92.884663,30.437754 -92.885394,30.437761 -92.886111,30.437781 -92.886846,30.437809 -92.887579,30.437848 -92.890084,30.437957 -92.890488,30.437975 -92.891224,30.437999 -92.891886,30.438005 -92.892179,30.438008 -92.892277,30.438009 -92.893417,30.43802 -92.894273,30.438025 -92.894321,30.438025 -92.894334,30.438025 -92.894678,30.438027 -92.894767,30.438028 -92.895801,30.438034 -92.897804,30.438046 -92.899256,30.438077 -92.899572,30.438081 -92.899995,30.438087 -92.900727,30.438089 -92.901534,30.438082 -92.902181,30.438077 -92.902916,30.438075 -92.903607,30.438082 -92.903694,30.438083 -92.904572,30.438077 -92.905622,30.438064 -92.905798,30.438062 -92.907491,30.438042 -92.908128,30.438039 -92.90862,30.438037 -92.908953,30.438036 -92.91041,30.438018 -92.912604,30.438029 -92.914803,30.438047 -92.915757,30.438057 -92.916986,30.438071 -92.919177,30.438085 -92.920273,30.438108 -92.920379,30.438107 -92.920601,30.438106 -92.920713,30.438111 -92.920785,30.438108 -92.924446,30.438144 -92.925908,30.438168 -92.926641,30.438171 -92.928829,30.438197 -92.92917,30.438198 -92.929838,30.438199 -92.930111,30.438205 -92.930566,30.438212 -92.932747,30.438212 -92.93324,30.438202 -92.933265,30.438201 -92.933296,30.438199 -92.934044,30.438194 -92.934777,30.438179 -92.93624,30.438104 -92.936974,30.438077 -92.937513,30.438067 -92.93758,30.438066 -92.937632,30.438065 -92.937649,30.438065 -92.937675,30.438064 -92.937734,30.438063 -92.938113,30.438056 -92.938138,30.438056 -92.938284,30.438058 -92.938428,30.43806 -92.938725,30.438063 -92.938758,30.438063 -92.939044,30.438066 -92.93961,30.438072 -92.943496,30.438081 -92.94354,30.438082 -92.943562,30.438083 -92.943716,30.438086 -92.947825,30.438096 -92.950024,30.438113 -92.952367,30.438122 -92.953324,30.43813 -92.953702,30.438131 -92.953773,30.438131 -92.955529,30.438134 -92.960059,30.438152 -92.960426,30.43815 -92.960792,30.438141 -92.960838,30.438139 -92.960853,30.438138 -92.960881,30.438137 -92.961158,30.438126 -92.961233,30.438121 -92.961376,30.438111 -92.961436,30.438107 -92.961485,30.438103 -92.961571,30.438097 -92.96173,30.438086 -92.961783,30.438082 -92.96184,30.438078 -92.961855,30.438077 -92.961878,30.438076 -92.961935,30.438072 -92.962118,30.438059 -92.962605,30.438027 -92.963334,30.437994 -92.964061,30.437971 -92.964784,30.437954 -92.965352,30.437945 -92.965511,30.437943 -92.965569,30.437942 -92.966962,30.437913 -92.968793,30.437891 -92.971361,30.437847 -92.971715,30.437838 -92.971731,30.437838 -92.971858,30.437834 -92.971941,30.437832 -92.971955,30.437832 -92.972141,30.437827 -92.972157,30.437827 -92.972606,30.437806 -92.972797,30.437799 -92.972809,30.437799 -92.972838,30.437798 -92.972858,30.437797 -92.973342,30.437779 -92.973708,30.437772 -92.974808,30.437768 -92.975169,30.437774 -92.976618,30.437758 -92.977354,30.437754 -92.978082,30.437755 -92.979313,30.43774 -92.979388,30.437743 -92.979461,30.437752 -92.979534,30.43777 -92.979604,30.437799 -92.979663,30.437851 -92.979702,30.437918 -92.979705,30.43793 -92.979808,30.437929 -92.983294,30.437901 -92.993466,30.437815 -92.996677,30.437787 -93.000129,30.437759 -93.000252,30.437758 -93.000293,30.437758 -93.006392,30.437775 -93.00702,30.437776 -93.008963,30.437782 -93.010786,30.437797 -93.013333,30.437803 -93.013553,30.437803 -93.013909,30.437829 -93.014027,30.437838 -93.014145,30.437847 -93.014212,30.437852 -93.014279,30.437858 -93.016403,30.438009 -93.020424,30.438303 -93.023106,30.438493 -93.030924,30.43907 -93.031291,30.439059 -93.034557,30.438962 -93.03482,30.438952 -93.034967,30.438945 -93.035077,30.438939 -93.037524,30.438874 -93.04051,30.438794 -93.041626,30.438751 -93.046436,30.438608 -93.048997,30.438532 -93.050163,30.438542 -93.051854,30.438556 -93.056536,30.438599 -93.056784,30.4386 -93.058485,30.438615 -93.061439,30.438642 -93.062991,30.438655 -93.065364,30.438676 -93.065525,30.438677 -93.065536,30.438653 -93.065561,30.438598 -93.065584,30.438537 -93.065584,30.438494 -93.065585,30.438434 -93.065589,30.438036 -93.065606,30.437848 -93.065603,30.437804 -93.065595,30.437449 -93.065593,30.436624 -93.065593,30.436428 -93.065592,30.435998 -93.065596,30.43518 -93.06558,30.435135 -93.065572,30.435111 -93.065517,30.435056 -93.065465,30.43505 -93.065427,30.429843 -93.065413,30.428195 -93.065391,30.424927 -93.065386,30.424346 -93.06557,30.424344 -93.067018,30.424328 -93.080104,30.424188 -93.089098,30.424095 -93.092772,30.424055 -93.097252,30.424007 -93.104913,30.423926 -93.105395,30.423921 -93.112651,30.423844 -93.113177,30.423838 -93.113859,30.42383 -93.114021,30.423835 -93.115289,30.423842 -93.11561,30.423819 -93.115668,30.423708 -93.116058,30.423719 -93.118612,30.42372 -93.119425,30.423713 -93.119454,30.423713 -93.119487,30.423712 -93.119505,30.423712 -93.119527,30.423712 -93.119961,30.423703 -93.119974,30.423703 -93.12003,30.423702 -93.121122,30.423706 -93.121459,30.423702 -93.121627,30.423708 -93.121794,30.42373 -93.121846,30.423744 -93.123412,30.423727 -93.125136,30.423708 -93.125261,30.423705 -93.126073,30.42369 -93.131155,30.423591 -93.131157,30.422014 -93.131162,30.420569 -93.131163,30.420396 -93.131164,30.420176 -93.131179,30.416005 -93.131181,30.415449 -93.131194,30.411821 -93.131197,30.411159 -93.131224,30.403248 -93.131224,30.403058 -93.131224,30.40292 -93.131202,30.398381 -93.131187,30.397742 -93.131184,30.39442 -93.131176,30.394088 -93.131178,30.393056 -93.131146,30.38641 -93.13114,30.384817 -93.131137,30.384566 -93.131123,30.381863 -93.131123,30.381419 -93.131087,30.380008 -93.125192,30.380001 -93.120925,30.379971 -93.120032,30.379971 -93.119535,30.379966 -93.118104,30.379951 -93.098349,30.379815 -93.094304,30.379787 -93.094265,30.379786 -93.094226,30.379786 -93.093781,30.379783 -93.09127,30.379766 -93.091176,30.379765 -93.091078,30.379764 -93.087538,30.37974 -93.087412,30.379739 -93.087052,30.379736 -93.063703,30.379575 -93.062864,30.379507 -93.062161,30.379504 -93.060002,30.379496 -93.048148,30.379453 -93.047911,30.379452 -93.047371,30.37945 -93.039198,30.37942 -93.03616,30.379409 -93.033069,30.379398 -93.030959,30.37939 -93.03096,30.379341 -93.031007,30.376257 -93.031024,30.37517 -93.031021,30.373901 -93.031016,30.37185 -93.031015,30.371454 -93.031008,30.368984 -93.031006,30.367962 -93.030999,30.365603 -93.030989,30.361368 -93.030987,30.360826 -93.030986,30.360548 -93.030983,30.359328 -93.030969,30.353717 -93.030969,30.353573 -93.030968,30.353413 -93.030959,30.350352 -93.030949,30.346644 -93.030941,30.342941 -93.030927,30.337425 -93.030922,30.335699 -93.030904,30.328513 -93.030893,30.324231 -93.030878,30.318771 -93.030875,30.317036 -93.030868,30.314761 -93.030853,30.308813 -93.030849,30.307661 -93.030848,30.306957 -93.031125,30.305713 -93.031173,30.305805 -93.031247,30.305857 -93.032549,30.30586 -93.042701,30.305883 -93.047054,30.305897 -93.048476,30.305906 -93.048634,30.305847 -93.048713,30.305728 -93.048578,30.301895 -93.051904,30.301904 -93.052338,30.301905 -93.059026,30.301913 -93.0653,30.301953 -93.06635,30.301955 -93.077743,30.301978 -93.077824,30.30198 -93.081373,30.30199 -93.086203,30.302004 -93.085923,30.294962 -93.085898,30.294322 -93.085741,30.290715 -93.081596,30.290688 -93.081533,30.288863 -93.081492,30.287304 -93.081391,30.283417 -93.081326,30.27978 -93.081312,30.278396 -93.081306,30.277812 -93.081289,30.276184 -93.08676,30.276196 -93.088571,30.276199 -93.090241,30.276203 -93.093354,30.276201 -93.097359,30.276146 -93.097933,30.27615 -93.10217,30.276161 -93.112364,30.276134 -93.114758,30.276128 -93.117751,30.276105 -93.12192,30.276076 -93.121987,30.276075 -93.122083,30.276074 -93.122506,30.276071 -93.12994,30.276019 -93.129962,30.278339 -93.130032,30.285869 -93.128309,30.285881 -93.127356,30.286163 -93.125154,30.287025 -93.12481,30.287159 -93.124298,30.28736 -93.123813,30.287571 -93.12357,30.287667 -93.123466,30.287702 -93.123322,30.287758 -93.123189,30.287803 -93.122685,30.288003 -93.122594,30.288039 -93.121981,30.288283 -93.121929,30.288304 -93.121959,30.28877 -93.121928,30.289138 -93.121669,30.290205 -93.121521,30.2907 -93.121504,30.290756 -93.121454,30.291537 -93.121544,30.293517 -93.121615,30.295393 -93.121602,30.295542 -93.122097,30.295668 -93.122801,30.296157 -93.123429,30.296872 -93.124044,30.297422 -93.125002,30.297955 -93.125797,30.298297 -93.126196,30.298886 -93.125841,30.299337 -93.125092,30.299636 -93.125003,30.299671 -93.123837,30.300651 -93.12321,30.301741 -93.123084,30.302538 -93.12349,30.302945 -93.124067,30.30305 -93.124998,30.302774 -93.126429,30.302071 -93.127075,30.301978 -93.128552,30.302963 -93.129784,30.301423 -93.130437,30.299964 -93.130741,30.299273 -93.131331,30.298712 -93.132745,30.298025 -93.134216,30.297679 -93.135003,30.297118 -93.135377,30.296447 -93.134959,30.295743 -93.133983,30.295313 -93.133812,30.294466 -93.134358,30.293674 -93.134902,30.293421 -93.13541,30.293185 -93.13652,30.293136 -93.137509,30.293186 -93.13839,30.29367 -93.1396,30.29487 -93.140671,30.295536 -93.141349,30.295459 -93.142262,30.294948 -93.144888,30.292897 -93.145421,30.291665 -93.145776,30.290564 -93.14686,30.290433 -93.148312,30.291121 -93.149908,30.292634 -93.151949,30.294731 -93.152715,30.296777 -93.152721,30.298675 -93.152048,30.300441 -93.151973,30.300807 -93.151604,30.302619 -93.150899,30.304715 -93.150721,30.306046 -93.151513,30.30696 -93.151768,30.306956 -93.152147,30.306949 -93.152902,30.306575 -93.154107,30.305299 -93.155109,30.303737 -93.156504,30.303044 -93.157696,30.302962 -93.158812,30.303336 -93.159522,30.303963 -93.160542,30.305102 -93.16226,30.307155 -93.165017,30.308943 -93.166064,30.308916 -93.166685,30.308558 -93.167808,30.307079 -93.169152,30.303932 -93.169349,30.302925 -93.169203,30.30149 -93.168754,30.300823 -93.168644,30.300659 -93.168474,30.300406 -93.165223,30.298249 -93.164139,30.297335 -93.164506,30.294556 -93.165167,30.292588 -93.16544,30.291334 -93.165554,30.289733 -93.166334,30.288369 -93.167482,30.287951 -93.169199,30.287896 -93.17034,30.289046 -93.171012,30.290669 -93.172882,30.29177 -93.176825,30.292991 -93.181528,30.29314 -93.183215,30.293503 -93.184273,30.294317 -93.184723,30.295836 -93.184704,30.297613 -93.18492,30.29824 -93.185135,30.298922 -93.186809,30.298581 -93.18764,30.29816 -93.189662,30.297134 -93.190866,30.2955 -93.190416,30.294328 -93.187696,30.292045 -93.184007,30.288915 -93.184235,30.28754 -93.185281,30.286946 -93.187386,30.286423 -93.188273,30.285756 -93.188533,30.286153 -93.188787,30.286599 -93.191927,30.29125 -93.194211,30.294668 -93.194557,30.295298 -93.194804,30.295826 -93.194983,30.296322 -93.195132,30.296745 -93.195309,30.297694 -93.195355,30.298293 -93.195372,30.298512 -93.195365,30.298624 -93.195236,30.300662 -93.196262,30.300627 -93.197422,30.300626 -93.198897,30.300612 -93.199652,30.300606 -93.200032,30.300603 -93.200978,30.300605 -93.202337,30.300612 -93.205776,30.300624 -93.206051,30.300624 -93.206437,30.300625 -93.207524,30.300631 -93.20815,30.300631 -93.209642,30.300638 -93.210652,30.30064 -93.212106,30.300636 -93.213339,30.300647 -93.213603,30.30064 -93.21439,30.300651 -93.2149,30.30065 -93.215919,30.300667 -93.217038,30.300659 -93.218476,30.300668 -93.219397,30.300666 -93.219383,30.30371 -93.219384,30.304323 -93.21938,30.304792 -93.219361,30.306784 -93.219385,30.30799 -93.219437,30.308621 -93.219461,30.309833 -93.220993,30.309829 -93.22138,30.309829 -93.22254,30.309827 -93.223402,30.309826 -93.22518,30.309837 -93.225873,30.309841 -93.228135,30.309855 -93.228219,30.30982 -93.228292,30.309737 -93.228328,30.306855 -93.228387,30.306658 -93.232846,30.306668 -93.232841,30.306179 -93.232834,30.306086 -93.232837,30.305864 -93.232828,30.304862 -93.232825,30.304387 -93.232825,30.304244 -93.232824,30.303997 -93.232823,30.303787 -93.23282,30.303201 -93.232819,30.303078 -93.232814,30.30198 -93.232794,30.300733 -93.235479,30.30075 -93.236265,30.300756 -93.237455,30.300764 -93.237509,30.300764 -93.237693,30.300765 -93.239945,30.300781 -93.241991,30.300795 -93.242431,30.300824 -93.243496,30.300857 -93.244131,30.300798 -93.244286,30.300813 -93.244464,30.300867 -93.244579,30.300969 -93.244588,30.300845 -93.244636,30.300732 -93.244755,30.300615 -93.245591,30.300198 -93.245635,30.300182 -93.246692,30.299618 -93.24696,30.299393 -93.247205,30.299188 -93.248588,30.297271 -93.248609,30.297242 -93.248706,30.297108 -93.248824,30.296945 -93.248825,30.297209 -93.24927,30.297587 -93.250117,30.298132 -93.250789,30.298564 -93.251022,30.298714 -93.251781,30.299197 -93.252733,30.299273 -93.254009,30.298583 -93.25477,30.297209 -93.254818,30.295766 -93.254378,30.294672 -93.25305,30.293349 -93.252136,30.29214 -93.251916,30.289813 -93.252613,30.288592 -93.253655,30.287741 -93.256885,30.287903 -93.258843,30.287768 -93.260739,30.288125 -93.261488,30.288917 -93.2608,30.28988 -93.259753,30.290886 -93.25966,30.291863 -93.2607,30.292869 -93.263114,30.293806 -93.265307,30.294222 -93.267037,30.294214 -93.267228,30.29408 -93.267892,30.293616 -93.268886,30.292403 -93.269821,30.291188 -93.270615,30.29064 -93.271757,30.290359 -93.273233,30.290808 -93.273822,30.292835 -93.273954,30.294487 -93.274521,30.295 -93.275464,30.296042 -93.275736,30.296361 -93.275796,30.296444 -93.27603,30.296769 -93.276628,30.296773 -93.277317,30.296613 -93.277425,30.296588 -93.277887,30.296343 -93.278425,30.295988 -93.278566,30.295521 -93.278537,30.294928 -93.278828,30.293635 -93.278595,30.293082 -93.278053,30.290882 -93.278499,30.291103 -93.278565,30.291716 -93.278659,30.292105 -93.279058,30.292215 -93.279612,30.29266 -93.279924,30.292938 -93.280089,30.293085 -93.280475,30.293446 -93.281319,30.293804 -93.281918,30.293601 -93.282624,30.29331 -93.283433,30.292969 -93.283359,30.292907 -93.285091,30.292091 -93.286328,30.2918 -93.28727,30.291824 -93.288282,30.292067 -93.289041,30.292504 -93.289519,30.292613 -93.290011,30.292419 -93.290826,30.291569 -93.291037,30.291278 -93.29143,30.290829 -93.291796,30.290538 -93.292428,30.290489 -93.292878,30.291181 -93.293221,30.291498 -93.293706,30.291484 -93.294442,30.291513 -93.295737,30.291729 -93.296088,30.292039 -93.29618,30.292234 -93.296623,30.292848 -93.296782,30.292862 -93.297041,30.292797 -93.298211,30.292516 -93.298854,30.29248 -93.299004,30.292487 -93.299548,30.292696 -93.299708,30.293043 -93.299751,30.293176 -93.300116,30.293674 -93.300566,30.293771 -93.30124,30.293722 -93.302477,30.292509 -93.302969,30.292205 -93.303517,30.291805 -93.303433,30.291404 -93.303278,30.291162 -93.303236,30.291004 -93.303278,30.290348 -93.303531,30.289802 -93.303874,30.289704 -93.304417,30.289693 -93.305246,30.289632 -93.305372,30.289499 -93.305766,30.289026 -93.306005,30.288649 -93.306328,30.288312 -93.307113,30.287643 -93.30757,30.287368 -93.308276,30.287403 -93.308346,30.287463 -93.308515,30.287797 -93.308743,30.288716 -93.308862,30.289162 -93.309111,30.289488 -93.309409,30.289479 -93.309618,30.289256 -93.309747,30.288776 -93.309707,30.288347 -93.309618,30.287703 -93.309717,30.287557 -93.310085,30.287283 -93.310512,30.287248 -93.31084,30.287403 -93.310907,30.288514 -93.310928,30.289227 -93.3109,30.289458 -93.310984,30.289649 -93.311396,30.289725 -93.311741,30.289545 -93.311873,30.289385 -93.312001,30.288932 -93.312093,30.288325 -93.312185,30.288066 -93.312561,30.287683 -93.312878,30.287683 -93.313413,30.287972 -93.313442,30.288189 -93.313182,30.288919 -93.313165,30.289077 -93.3131,30.28972 -93.313165,30.290001 -93.314348,30.291391 -93.314461,30.291342 -93.314566,30.2913 -93.31647,30.29053 -93.316749,30.290328 -93.316809,30.290285 -93.317072,30.289994 -93.317212,30.289759 -93.317328,30.289519 -93.317391,30.289072 -93.317402,30.286852 -93.31762,30.286076 -93.318063,30.286058 -93.31817,30.286054 -93.318086,30.285653 -93.317617,30.283412 -93.31731,30.282016 -93.317002,30.280917 -93.316965,30.280816 -93.316792,30.28042 -93.315782,30.278104 -93.313503,30.273215 -93.312964,30.272055 -93.31272,30.271529 -93.312493,30.27104 -93.312142,30.270299 -93.311764,30.269491 -93.311682,30.269316 -93.311372,30.268651 -93.311231,30.268349 -93.311177,30.268234 -93.31116,30.268198 -93.311133,30.268141 -93.311067,30.267999 -93.310639,30.267082 -93.309392,30.264248 -93.305753,30.256821 -93.301672,30.247598 -93.301248,30.246755 -93.298842,30.24154 -93.297254,30.238705 -93.296486,30.237873 -93.300588,30.23781 -93.306878,30.237768 -93.307052,30.237767 -93.307117,30.237766 -93.307159,30.237766 -93.308596,30.237757 -93.318482,30.237668 -93.325555,30.237605 -93.328792,30.237629 -93.328882,30.237464 -93.328953,30.236849 -93.333908,30.23686 -93.333901,30.234807 -93.333898,30.234349 -93.333893,30.233482 -93.333884,30.231669 -93.333881,30.231502 -93.333807,30.231306 -93.333807,30.23125 -93.333804,30.230704 -93.333799,30.229902 -93.333791,30.228369 -93.333884,30.228204 -93.333884,30.227563 -93.332778,30.227566 -93.331759,30.227577 -93.330721,30.227587 -93.329748,30.227596 -93.328742,30.227605 -93.327704,30.227617 -93.327067,30.227612 -93.325517,30.227638 -93.325499,30.225824 -93.325484,30.22406 -93.325479,30.223968 -93.325452,30.220243 -93.325437,30.219196 -93.325428,30.218326 -93.325415,30.216976 -93.32541,30.216439 -93.325409,30.216293 -93.325422,30.215977 -93.325638,30.215977 -93.32681,30.215978 -93.327947,30.215979 -93.330221,30.215981 -93.331801,30.215981 -93.333838,30.215959 -93.350827,30.215778 -93.351649,30.215769 -93.354778,30.215718 -93.354871,30.215716 -93.358384,30.215658 -93.358507,30.215656 -93.358612,30.215656 -93.361768,30.215649 -93.362438,30.21565 -93.365532,30.215643 -93.367725,30.215639 -93.371072,30.215631 -93.37108,30.215375 -93.371081,30.215336 -93.371082,30.215093 -93.371065,30.214539 -93.371173,30.214475 -93.371202,30.213241 -93.372623,30.213223 -93.372608,30.212093 -93.372629,30.210971 -93.37263,30.210949 -93.374768,30.210925 -93.376154,30.210891 -93.376153,30.210516 -93.376149,30.209628 -93.376148,30.209375 -93.376149,30.20907 -93.376149,30.208786 -93.376149,30.20873 -93.376151,30.208521 -93.376151,30.208477 -93.376152,30.208443 -93.376153,30.208094 -93.376127,30.206842 -93.376078,30.205527 -93.376079,30.205458 -93.37608,30.205355 -93.376096,30.204235 -93.376134,30.201791 -93.376128,30.199356 -93.37612,30.198182 -93.376114,30.197243 -93.376092,30.195786 -93.376104,30.195482 -93.376097,30.193722 -93.376074,30.190914 -93.376073,30.190674 -93.376069,30.18982 -93.37608,30.189301 -93.376085,30.187191 -93.376091,30.185355 -93.376098,30.183571 -93.374358,30.183576 -93.37117,30.183591 -93.363426,30.183629 -93.362024,30.183644 -93.360596,30.183659 -93.358571,30.183654 -93.350864,30.183634 -93.346636,30.183643 -93.345961,30.183646 -93.32943,30.183714 -93.325646,30.18373 -93.3255,30.183737 -93.325347,30.183797 -93.325321,30.18353 -93.310972,30.183514 -93.308991,30.183642 -93.309471,30.183378 -93.310427,30.183 -93.311938,30.182363 -93.314578,30.180299 -93.316653,30.178346 -93.316956,30.177697 -93.317865,30.175751 -93.318545,30.174295 -93.318555,30.173907 -93.318121,30.173741 -93.317163,30.173376 -93.315884,30.172608 -93.314108,30.168722 -93.312231,30.167665 -93.310687,30.165929 -93.307916,30.162741 -93.302858,30.161595 -93.301222,30.161191 -93.294047,30.159598 -93.292855,30.159953 -93.290226,30.160489 -93.288655,30.160574 -93.28639,30.160767 -93.284822,30.160554 -93.284114,30.160405 -93.282925,30.15987 -93.282918,30.160118 -93.28293,30.161337 -93.282938,30.161835 -93.282947,30.162323 -93.282948,30.162364 -93.282952,30.162579 -93.282945,30.162893 -93.282956,30.163513 -93.282951,30.163931 -93.282956,30.164184 -93.282954,30.165482 -93.282954,30.165531 -93.282954,30.166424 -93.282954,30.166454 -93.282954,30.166934 -93.282967,30.167402 -93.282992,30.168558 -93.278206,30.168562 -93.277738,30.168563 -93.276502,30.16856 -93.274625,30.168596 -93.26989,30.168637 -93.268843,30.168637 -93.268652,30.168638 -93.266636,30.168644 -93.266214,30.168645 -93.266209,30.168236 -93.2662,30.167485 -93.266194,30.167023 -93.266197,30.166495 -93.266196,30.165342 -93.266195,30.164934 -93.266178,30.163331 -93.266168,30.162328 -93.266165,30.162016 -93.266158,30.161296 -93.266157,30.161229 -93.266154,30.161017 -93.266132,30.158719 -93.26612,30.157528 -93.266112,30.156803 -93.266092,30.154712 -93.266083,30.153814 -93.266051,30.1495 -93.266048,30.148429 -93.266013,30.147371 -93.265998,30.142312 -93.265991,30.141254 -93.265984,30.14023 -93.265978,30.139161 -93.261121,30.139188 -93.258229,30.139205 -93.256999,30.139212 -93.255881,30.13923 -93.254661,30.139235 -93.2524,30.139244 -93.250977,30.139253 -93.249125,30.139243 -93.249071,30.131404 -93.24904,30.129604 -93.248972,30.124807 -93.24892,30.119647 -93.248893,30.117093 -93.248903,30.116182 -93.248845,30.110298 -93.246801,30.110316 -93.234773,30.110369 -93.23208,30.110354 -93.226646,30.110347 -93.226406,30.110347 -93.222971,30.110342 -93.222645,30.110286 -93.222111,30.110123 -93.221614,30.109839 -93.221287,30.109544 -93.221068,30.10924 -93.220339,30.107894 -93.220096,30.107516 -93.219817,30.107212 -93.219308,30.106897 -93.218981,30.106782 -93.218569,30.106699 -93.218025,30.106669 -93.21799,30.106669 -93.216306,30.10666 -93.215725,30.106693 -93.213367,30.107412 -93.213384,30.11025 -93.213405,30.117832 -93.213406,30.118015 -93.213413,30.120624 -93.213414,30.1208 -93.213425,30.124851 -93.213476,30.12868 -93.213533,30.133005 -93.213618,30.139466 -93.207501,30.139553 -93.203018,30.139618 -93.202994,30.140647 -93.202767,30.141272 -93.202449,30.141652 -93.197415,30.146154 -93.197098,30.14663 -93.196954,30.147028 -93.196877,30.147538 -93.196863,30.151953 -93.196862,30.152494 -93.196917,30.154285 -93.196977,30.159826 -93.196817,30.160564 -93.196867,30.161552 -93.196892,30.168821 -93.196894,30.170513 -93.196898,30.172416 -93.196898,30.172517 -93.196904,30.176165 -93.188363,30.176184 -93.179863,30.176199 -93.179837,30.17362 -93.179827,30.172559 -93.179826,30.172506 -93.179824,30.170746 -93.179808,30.168923 -93.179789,30.167123 -93.179776,30.165785 -93.179774,30.165728 -93.179762,30.165318 -93.179761,30.165279 -93.179743,30.164706 -93.179745,30.164219 -93.179747,30.163481 -93.179752,30.162274 -93.17976,30.161216 -93.179776,30.158464 -93.179778,30.158051 -93.179776,30.157009 -93.179775,30.156383 -93.179774,30.155743 -93.179766,30.150305 -93.179742,30.149859 -93.179739,30.148484 -93.179745,30.14757 -93.179766,30.146061 -93.179763,30.144544 -93.179737,30.142743 -93.179708,30.139873 -93.179693,30.13818 -93.179688,30.137572 -93.179683,30.136915 -93.179679,30.136323 -93.179669,30.135058 -93.179654,30.133179 -93.179641,30.132606 -93.179624,30.12936 -93.179618,30.128596 -93.179603,30.126722 -93.179592,30.125288 -93.17956,30.112163 -93.179556,30.110704 -93.179538,30.10734 -93.179534,30.10667 -93.179504,30.100977 -93.179479,30.096178 -93.179479,30.096098 -93.179445,30.089779 -93.179401,30.081481 -93.17931,30.066821 -93.179206,30.059331 -93.179107,30.052193 -93.179396,30.05219 -93.195886,30.052044 -93.196288,30.05204 -93.213029,30.051892 -93.215361,30.051881 -93.216203,30.051877 -93.218546,30.051867 -93.222528,30.051849 -93.226505,30.051831 -93.231399,30.051809 -93.242605,30.051741 -93.243347,30.051736 -93.248219,30.051707 -93.248293,30.051687 -93.248358,30.051689 -93.24868,30.051699 -93.250145,30.05169 -93.258345,30.051682 -93.261062,30.051659 -93.261755,30.051662 -93.262372,30.051675 -93.263314,30.051661 -93.274818,30.051672 -93.274908,30.051672 -93.274983,30.051671 -93.274994,30.051671 -93.275013,30.051671 -93.27504,30.051671 -93.275776,30.051668 -93.279061,30.051653 -93.279546,30.051651 -93.280116,30.051661 -93.285442,30.051656 -93.286049,30.051665 -93.287617,30.051686 -93.296291,30.05186 -93.299219,30.051932 -93.300963,30.051953 -93.30213,30.051976 -93.312641,30.052187 -93.320701,30.052351 -93.327068,30.052337 -93.328515,30.052331 -93.328679,30.052331 -93.329987,30.052327 -93.341753,30.052287 -93.345964,30.052265 -93.374795,30.052116 -93.374915,30.052116 -93.375151,30.052115 -93.377217,30.052113 -93.386777,30.052107 -93.404177,30.052094 -93.408282,30.052091 -93.413095,30.052081 -93.444504,30.052018 -93.471863,30.051962 -93.492955,30.051934 -93.500088,30.051924 -93.500137,30.051924 -93.500872,30.051924 -93.517998,30.051926 -93.530545,30.051848 -93.543619,30.051767 -93.545543,30.051755 -93.54561,30.051755 -93.545811,30.051756 -93.548554,30.05178 -93.549709,30.05179 -93.550186,30.051795 -93.550952,30.051801 -93.552298,30.051813 -93.554612,30.051835 -93.554757,30.051836 -93.585963,30.052105 -93.586001,30.052104 -93.586062,30.052104 -93.586159,30.052105 -93.586272,30.052106 -93.586348,30.052106 -93.590084,30.052116 -93.59626,30.052131 -93.600301,30.052142 -93.601547,30.052145 -93.601687,30.052145 -93.601971,30.052146 -93.602255,30.052147 -93.602695,30.052148 -93.603015,30.052149 -93.604146,30.052149 -93.614896,30.052152 -93.618018,30.052154 -93.618264,30.052154 -93.618514,30.052154 -93.622124,30.052155 -93.622974,30.052155 -93.625072,30.052156 -93.625126,30.052156 -93.628425,30.052165 -93.640985,30.052201 -93.657326,30.052226 -93.683909,30.05227 -93.684651,30.05227 -93.684989,30.052271 -93.685474,30.052271 -93.68602,30.052273 -93.68678,30.052274 -93.698903,30.052298 -93.69914,30.052299 -93.703876,30.052309 -93.720321,30.052347 -93.721069,30.052348 -93.721298,30.052349 -93.721493,30.052074 -93.721589,30.051939 -93.722309,30.051059 -93.722517,30.050872 -93.722629,30.050771 -93.722741,30.050723 -93.72329,30.050095 -93.723302,30.050081 -93.723546,30.049874 -93.723564,30.049859 -93.724455,30.049104 -93.724964,30.048602 -93.725468,30.048105 -93.726885,30.046782 -93.726949,30.046722 -93.726969,30.046703 -93.72698,30.046693 -93.727002,30.046673 -93.727065,30.046614 -93.727187,30.0465 -93.727335,30.046375 -93.727895,30.045902 -93.727986,30.045828 -93.728077,30.045753 -93.728437,30.045459 -93.7289,30.045171 -93.728916,30.045165 -93.728932,30.045159 -93.728981,30.045139 -93.730773,30.043795 -93.732277,30.042723 -93.733013,30.042035 -93.734486,30.040803 -93.735638,30.039571 -93.73671,30.038387 -93.737446,30.037283 -93.737942,30.036211 -93.738182,30.035587 -93.73823,30.035427 -93.73847,30.034675 -93.738838,30.033779 -93.739158,30.032627 -93.739272,30.03184 -93.739334,30.031411 -93.739398,30.030307 -93.739318,30.029475 -93.739302,30.029411 -93.73965,30.025256 -93.739734,30.023987 -93.740006,30.023507 -93.740374,30.022579 -93.741078,30.021571 -93.74207,30.020771 -93.743078,30.020051 -93.743246,30.019953 -93.743291,30.019927 -93.743958,30.019539 -93.744544,30.019281 -93.745323,30.018928 -93.745698,30.018758 -93.745751,30.018734 -93.746022,30.018611 -93.746246,30.01852 -93.746296,30.0185 -93.74879,30.017491 -93.751462,30.016595 -93.751956,30.01643 -93.752038,30.016403 -93.753862,30.015795 -93.755014,30.015363 -93.755082,30.015309 -93.755238,30.015187 -93.75663,30.014163 -93.758534,30.012499 -93.760182,30.010836 -93.761959,30.00906 -93.763463,30.007444 -93.765159,30.00578 -93.766311,30.0045 -93.766455,30.00434 -93.767239,30.00338 -93.768391,30.001812 -93.768444,30.001694 -93.768807,30.00018 -93.768813,30.00009 -93.768819,30.000001 -93.768871,29.999252 -93.769127,29.99834 -93.769383,29.9977 -93.769863,29.997172 -93.770567,29.996532 -93.771575,29.995924 -93.772935,29.995588 -93.775111,29.995524 -93.776807,29.995396 -93.778888,29.99487 -93.780823,29.994276 -93.782171,29.993671 -93.782497,29.993524 -93.782822,29.993378 -93.783175,29.99322 -93.785191,29.991956 -93.786935,29.99058 -93.788417,29.989027 -93.788599,29.988836 -93.788766,29.988631 -93.789431,29.987812 -93.789645,29.987404 -93.790087,29.986564 -93.790695,29.9845 -93.791527,29.981844 -93.792423,29.979108 -93.793415,29.976741 -93.794439,29.974773 -93.796151,29.972037 -93.798519,29.968997 -93.800071,29.967013 -93.801607,29.965093 -93.802567,29.963685 -93.803079,29.963029 -93.803591,29.962309 -93.804999,29.960117 -93.806551,29.957445 -93.806677,29.957157 -93.807815,29.954549 -93.809175,29.950565 -93.810375,29.947349 -93.811431,29.943397 -93.812174,29.940853 -93.812743,29.938902 -93.813735,29.935126 -93.814311,29.931814 -93.814325,29.931733 -93.814982,29.927878 -93.815558,29.925094 -93.816134,29.92239 -93.81655,29.920726 -93.817286,29.918422 -93.818998,29.914822 -93.821478,29.910182 -93.822204,29.908912 -93.825158,29.90375 -93.827878,29.898886 -93.830374,29.894358 -93.833446,29.889878 -93.835974,29.88631 -93.838374,29.882853 -93.840646,29.880005 -93.842918,29.877285 -93.844784,29.875214 -93.844951,29.875001 -93.845079,29.874835 -93.845439,29.874561 -93.845699,29.874207 -93.84606,29.873836 -93.846477,29.873385 -93.84681,29.872942 -93.847329,29.872444 -93.848209,29.871437 -93.848727,29.870793 -93.849301,29.870246 -93.849811,29.869633 -93.850478,29.868933 -93.851024,29.868409 -93.851709,29.867733 -93.852348,29.867066 -93.85269,29.866711 -93.853718,29.865721 -93.854412,29.865053 -93.85514,29.864099 -93.856352,29.863028 -93.857388,29.862159 -93.858147,29.861539 -93.858897,29.860766 -93.859896,29.859921 -93.860738,29.859317 -93.862088,29.858368 -93.862811,29.857764 -93.86357,29.857177 -93.864679,29.856396 -93.86553,29.855857 -93.866409,29.855262 -93.867167,29.854819 -93.86811,29.854216 -93.869247,29.853605 -93.870061,29.853098 -93.871078,29.852519 -93.872446,29.85165 -93.8735,29.851176 -93.874334,29.850845 -93.875167,29.850527 -93.880999,29.848215 -93.886215,29.845719 -93.889992,29.843553 -93.890679,29.843159 -93.895575,29.840247 -93.900728,29.836967 -93.903576,29.835 -93.911268,29.829116 -93.913672,29.827192 -93.91636,29.824968 -93.922744,29.818808 -93.92572,29.814744 -93.927992,29.80964 -93.929208,29.802952 -93.928808,29.79708 -93.928544,29.796219 -93.92693,29.790951 -93.926504,29.78956 -93.922407,29.785048 -93.915447,29.780984 -93.90791,29.776825 -93.901206,29.773081 -93.90116,29.773056 -93.89847,29.771577 -93.895356,29.768766 -93.894854,29.768313 -93.894733,29.768188 -93.894668,29.768121 -93.894645,29.768098 -93.893863,29.767294 -93.893545,29.766895 -93.893506,29.766842 -93.893457,29.766776 -93.893363,29.766648 -93.892246,29.765241 -93.891699,29.763873 -93.890821,29.761673 -93.890789,29.760873 -93.891791,29.758822 -93.891829,29.758745 -93.892773,29.757033 -93.892817,29.756872 -93.893429,29.754649 -93.893813,29.753161 -93.893829,29.753033 -93.893733,29.752217 -93.893541,29.751049 -93.893381,29.750105 -93.892965,29.748153 -93.892805,29.747129 -93.892485,29.746121 -93.892101,29.745433 -93.891845,29.744985 -93.891637,29.744618 -93.891397,29.744314 -93.891013,29.743946 -93.890341,29.74337 -93.889829,29.742954 -93.889349,29.742586 -93.888821,29.742234 -93.887957,29.742138 -93.887557,29.74209 -93.886021,29.741402 -93.884005,29.740826 -93.881709,29.740137 -93.881125,29.739962 -93.878645,29.739162 -93.876101,29.738458 -93.873941,29.73777 -93.871908,29.736922 -93.87002,29.735482 -93.868836,29.733802 -93.868484,29.732666 -93.868228,29.732154 -93.867588,29.731146 -93.866468,29.729451 -93.8653,29.727355 -93.864084,29.725387 -93.863204,29.724059 -93.861892,29.722411 -93.860612,29.720651 -93.85898,29.718619 -93.856772,29.715883 -93.855156,29.713595 -93.853588,29.711612 -93.852292,29.709852 -93.850244,29.707228 -93.848148,29.70438 -93.846436,29.702012 -93.8445,29.699644 -93.842436,29.696668 -93.840996,29.69486 -93.839844,29.693181 -93.839252,29.692317 -93.839084,29.692085 -93.839059,29.692051 -93.838868,29.691789 -93.838309,29.691066 -93.838052,29.690733 -93.837971,29.690619 -93.8377,29.690237 -93.837412,29.689885 -93.836964,29.688957 -93.836756,29.688541 -93.836132,29.687197 -93.83554,29.685661 -93.835252,29.684445 -93.835194,29.684262 -93.8349,29.683341 -93.834564,29.682349 -93.834196,29.681069 -93.833796,29.679261 -93.833572,29.678173 -93.833252,29.676797 -93.8329,29.675629 -93.832868,29.675117 -93.832803,29.674796 -93.832708,29.674317 -93.832388,29.673021 -93.832036,29.671614 -93.831572,29.669902 -93.83138,29.668878 -93.831076,29.666879 -93.830948,29.666495 -93.830532,29.664975 -93.83002,29.663423 -93.828708,29.659535 -93.828306,29.657575 -93.822142,29.631021 -93.821368,29.627687 -93.820796,29.625224 -93.820771,29.625112 -93.820745,29.624999 -93.817548,29.610788 -93.814351,29.596576 -93.806615,29.596859 -93.800644,29.598342 -93.792539,29.601864 -93.785928,29.605942 -93.779317,29.611689 -93.773985,29.617992 -93.77036,29.623924 -93.766521,29.634305 -93.765455,29.64413 -93.766095,29.652843 -93.768441,29.663039 -93.770147,29.670825 -93.765881,29.672493 -93.76119,29.675459 -93.750001,29.67973 -93.722673,29.687867 -93.711547,29.690347 -93.686728,29.694812 -93.666188,29.697788 -93.644792,29.700269 -93.624536,29.702103 -93.587888,29.705693 -93.568274,29.707937 -93.544015,29.711976 -93.514594,29.715118 -93.487754,29.717811 -93.432758,29.71853 -93.415916,29.71701 -93.398738,29.715134 -93.387246,29.713771 -93.384324,29.711124 -93.380448,29.707756 -93.375096,29.704067 -93.369929,29.701341 -93.3655,29.699416 -93.360701,29.697812 -93.356088,29.696529 -93.349444,29.695406 -93.343538,29.695085 -93.342816,29.695085 -93.339294,29.695085 -93.329581,29.695927 -93.32177,29.697764 -93.317133,29.699178 -93.310787,29.702004 -93.303627,29.706102 -93.298257,29.710341 -93.293375,29.715287 -93.28947,29.720515 -93.287354,29.724331 -93.279218,29.726026 -93.268478,29.727439 -93.258389,29.727722 -93.240815,29.727298 -93.22863,29.726683 -93.223516,29.726425 -93.223168,29.726396 -93.215044,29.72506 -93.201761,29.723201 -93.188092,29.720799 -93.168565,29.716136 -93.160917,29.713592 -93.154571,29.712179 -93.147899,29.709918 -93.142041,29.708505 -93.136474,29.707489 -93.12515,29.706209 -93.096411,29.697301 -93.074308,29.689545 -93.063944,29.686803 -93.051461,29.683904 -93.043623,29.681762 -93.038398,29.680249 -93.029108,29.677855 -93.014184,29.672842 -93.012212,29.672109 -93.000513,29.668278 -92.989918,29.664497 -92.977,29.659582 -92.964517,29.654541 -92.95305,29.649374 -92.944196,29.645593 -92.934324,29.641106 -92.91658,29.632929 -92.904449,29.62774 -92.894672,29.623495 -92.875276,29.615633 -92.867864,29.612646 -92.849604,29.605098 -92.832791,29.597708 -92.82574,29.595192 -92.822848,29.594248 -92.817243,29.591261 -92.80965,29.587644 -92.806757,29.586386 -92.783436,29.577424 -92.775903,29.574698 -92.767597,29.570933 -92.750712,29.564883 -92.748129,29.564365 -92.739786,29.561772 -92.728463,29.558488 -92.719921,29.555722 -92.714558,29.553475 -92.708995,29.551747 -92.705013,29.549669 -92.686695,29.544119 -92.665789,29.537875 -92.648069,29.533536 -92.645282,29.533015 -92.632538,29.529718 -92.624974,29.528328 -92.617306,29.527129 -92.605311,29.525439 -92.593193,29.523191 -92.576705,29.520944 -92.55982,29.518179 -92.550285,29.517487 -92.534979,29.515621 -92.494448,29.511508 -92.453309,29.506914 -92.442727,29.504922 -92.433247,29.503027 -92.426491,29.501889 -92.405016,29.500289 -92.399551,29.499387 -92.396912,29.498702 -92.381405,29.494919 -92.353661,29.488716 -92.330582,29.484866 -92.316833,29.482941 -92.308433,29.482334 -92.29367,29.481496 -92.274092,29.482892 -92.263982,29.484149 -92.250137,29.487157 -92.231657,29.491894 -92.223462,29.494713 -92.216157,29.498802 -92.213298,29.500681 -92.208296,29.504448 -92.191928,29.513218 -92.183325,29.518334 -92.175352,29.521075 -92.169686,29.523815 -92.156886,29.527835 -92.146666,29.532037 -92.133447,29.533864 -92.121906,29.534778 -92.114142,29.535143 -92.107427,29.533316 -92.100083,29.531672 -92.092109,29.531306 -92.07805,29.531489 -92.074273,29.526921 -92.069027,29.521806 -92.062942,29.517421 -92.058654,29.514883 -92.055679,29.512423 -92.051865,29.509691 -92.048863,29.507664 -92.047344,29.506744 -92.045616,29.505806 -92.045162,29.50267 -92.044378,29.499325 -92.043068,29.49534 -92.041049,29.490513 -92.038818,29.486973 -92.036529,29.483342 -92.02985,29.475961 -92.022754,29.470636 -92.016353,29.466885 -92.007308,29.463375 -91.999655,29.461681 -91.991647,29.460713 -91.983867,29.460713 -91.980717,29.455049 -91.976178,29.449121 -91.970766,29.444104 -91.964831,29.439392 -91.958023,29.435896 -91.951738,29.433312 -91.945453,29.431336 -91.938296,29.430272 -91.933393,29.429774 -91.928102,29.426528 -91.921242,29.423282 -91.913207,29.420207 -91.913403,29.413885 -91.913011,29.405685 -91.91066,29.396117 -91.906348,29.387404 -91.897652,29.375219 -91.896419,29.374092 -91.88969,29.368953 -91.882436,29.365185 -91.876912,29.362689 -91.875032,29.361992 -91.868725,29.360315 -91.859843,29.358942 -91.849386,29.359066 -91.840934,29.36019 -91.832768,29.362562 -91.823027,29.366307 -91.816007,29.370302 -91.809704,29.375171 -91.808074,29.376541 -91.804391,29.377798 -91.797826,29.380171 -91.793183,29.382544 -91.789019,29.385475 -91.784376,29.389104 -91.780533,29.392734 -91.77749,29.396084 -91.773487,29.392594 -91.767883,29.388546 -91.762919,29.385754 -91.749308,29.380869 -91.749042,29.380708 -91.745468,29.376842 -91.741771,29.373405 -91.736718,29.369647 -91.729693,29.365888 -91.723408,29.363418 -91.717986,29.361808 -91.712193,29.360626 -91.706524,29.360197 -91.699993,29.360089 -91.694324,29.360626 -91.688901,29.361593 -91.685205,29.36256 -91.679906,29.364279 -91.674853,29.366319 -91.669677,29.369219 -91.665733,29.372011 -91.662529,29.374588 -91.656983,29.374373 -91.652424,29.374588 -91.645657,29.375489 -91.644044,29.375555 -91.640347,29.37244 -91.635418,29.369111 -91.630488,29.366212 -91.624696,29.363849 -91.619273,29.362024 -91.613235,29.360628 -91.606457,29.359983 -91.600171,29.359769 -91.594256,29.360306 -91.591864,29.359375 -91.588745,29.35838 -91.585882,29.357627 -91.582911,29.356968 -91.580805,29.35532 -91.577456,29.352919 -91.574647,29.351224 -91.56935,29.348602 -91.56832,29.348068 -91.560748,29.345398 -91.551914,29.34367 -91.544703,29.342885 -91.534968,29.343356 -91.52974,29.344455 -91.500114,29.333377 -91.479263,29.325137 -91.46412,29.319325 -91.421128,29.302828 -91.416761,29.297828 -91.411302,29.292589 -91.405024,29.288065 -91.398473,29.284969 -91.391649,29.281873 -91.388646,29.276635 -91.38346,29.269729 -91.376909,29.262585 -91.371722,29.258299 -91.363534,29.250917 -91.360258,29.247822 -91.354272,29.239606 -91.341698,29.227449 -91.334911,29.222512 -91.32737,29.215928 -91.318698,29.208357 -91.30814,29.202431 -91.292681,29.196177 -91.274583,29.189593 -91.256861,29.183668 -91.237255,29.177743 -91.22255,29.17478 -91.207845,29.171159 -91.187861,29.169842 -91.17014,29.170171 -91.159817,29.168422 -91.149359,29.165084 -91.14594,29.162975 -91.140309,29.157002 -91.133471,29.151555 -91.125426,29.14646 -91.118387,29.14277 -91.111348,29.140486 -91.103303,29.138377 -91.096062,29.137323 -91.09204,29.137147 -91.08661,29.135039 -91.080174,29.133106 -91.07233,29.131525 -91.063883,29.130998 -91.059459,29.130822 -91.047794,29.128538 -91.03633,29.12643 -91.034423,29.125887 -91.033094,29.125241 -91.031253,29.124733 -91.026892,29.123379 -91.02001,29.121771 -91.014486,29.121179 -91.011578,29.12084 -91.006054,29.119994 -91.000239,29.119825 -90.996551,29.119945 -90.986551,29.121224 -90.974925,29.121509 -90.973042,29.120474 -90.969234,29.118382 -90.966307,29.116322 -90.960372,29.111064 -90.966551,29.111135 -90.972161,29.11078 -90.976226,29.110211 -90.981917,29.108932 -90.986144,29.107725 -90.989396,29.106446 -90.999038,29.101385 -91.000899,29.100481 -91.006484,29.096143 -91.012069,29.090538 -91.017447,29.082584 -91.020756,29.075352 -91.023031,29.067398 -91.023238,29.059262 -91.022411,29.052393 -91.020756,29.046065 -91.017447,29.038653 -91.013103,29.032145 -91.008759,29.026902 -91.00214,29.020936 -90.993453,29.01497 -90.98187,29.009546 -90.970287,29.005027 -90.958497,29.002134 -90.954567,29.00123 -90.947868,29.000233 -90.941807,28.99772 -90.932105,28.994319 -90.920445,28.992516 -90.917104,28.99217 -90.90708,28.991132 -90.906279,28.991138 -90.886798,28.990388 -90.877156,28.990904 -90.864562,28.991593 -90.859446,28.990388 -90.849804,28.98901 -90.833077,28.987633 -90.822648,28.985911 -90.813007,28.986338 -90.80246,28.986638 -90.791271,28.988143 -90.775434,28.988294 -90.764761,28.987541 -90.757186,28.987691 -90.746858,28.988595 -90.734463,28.990702 -90.724841,28.992253 -90.720765,28.99263 -90.707191,28.995756 -90.691736,29.000235 -90.690037,29.000235 -90.62509,29.016574 -90.592649,29.025622 -90.589881,29.026393 -90.552547,29.036806 -90.536512,29.03003 -90.500088,29.014637 -90.491817,29.011805 -90.479847,29.008612 -90.469606,29.006426 -90.457756,29.004103 -90.449472,29.002588 -90.443514,29.001997 -90.441922,29.001655 -90.435312,29.000233 -90.409632,28.995388 -90.409629,29.000233 -90.40962,29.039784 -90.40962,29.045571 -90.409619,29.045842 -90.40962,29.047926 -90.409618,29.049209 -90.409619,29.049607 -90.409621,29.052012 -90.409618,29.054592 -90.409618,29.05548 -90.409614,29.071232 -90.409603,29.12523 -90.409602,29.131219 -90.409593,29.171411 -90.409589,29.192778 -90.409588,29.195163 -90.409588,29.197208 -90.409588,29.198088 -90.409587,29.20153 -90.409588,29.202621 -90.409586,29.203151 -90.409586,29.203222 -90.409586,29.205727 -90.409586,29.207414 -90.409586,29.207498 -90.409584,29.213188 -90.409581,29.215817 -90.409584,29.21634 -90.409584,29.217095 -90.409583,29.217982 -90.409583,29.218293 -90.409583,29.218802 -90.409583,29.219907 -90.409583,29.220792 -90.409583,29.221919 -90.409583,29.222244 -90.409582,29.224271 -90.409582,29.226616 -90.409581,29.228562 -90.409583,29.230431 -90.40958,29.233029 -90.40958,29.233075 -90.409581,29.237601 -90.40958,29.23961 -90.409548,29.240186 -90.409105,29.240786 -90.408152,29.241086 -90.407349,29.241562 -90.406668,29.241811 -90.405515,29.241829 -90.404849,29.242349 -90.404715,29.242389 -90.403665,29.242704 -90.403176,29.242693 -90.402907,29.242688 -90.402736,29.243199 -90.402733,29.244221 -90.402787,29.245081 -90.402972,29.246596 -90.403084,29.246713 -90.403213,29.246755 -90.403326,29.247068 -90.40341,29.247291 -90.403543,29.247444 -90.403746,29.248227 -90.403814,29.248766 -90.403913,29.249506 -90.403926,29.250226 -90.403814,29.251158 -90.403629,29.252857 -90.403742,29.253496 -90.403835,29.254335 -90.403928,29.254547 -90.40385,29.255246 -90.403636,29.255728 -90.403499,29.255936 -90.403265,29.256172 -90.403233,29.25625 -90.403054,29.256216 -90.401801,29.259359 -90.400111,29.261143 -90.398411,29.262402 -90.397156,29.263017 -90.396732,29.263297 -90.396608,29.263415 -90.396638,29.263674 -90.396663,29.264144 -90.396666,29.264327 -90.396674,29.26598 -90.396738,29.266159 -90.396647,29.266299 -90.396411,29.266734 -90.396099,29.267101 -90.39529,29.267903 -90.394559,29.268522 -90.393933,29.269233 -90.393307,29.270059 -90.392864,29.270609 -90.392081,29.271733 -90.391664,29.272534 -90.391404,29.273176 -90.390962,29.27494 -90.39044,29.276177 -90.389554,29.277438 -90.388692,29.278194 -90.386056,29.280053 -90.383837,29.281315 -90.383628,29.281567 -90.383498,29.281933 -90.383524,29.282369 -90.383682,29.282918 -90.383734,29.282987 -90.383918,29.283696 -90.383971,29.284177 -90.383945,29.285162 -90.383841,29.285804 -90.383711,29.286102 -90.383633,29.286124 -90.383565,29.286258 -90.383458,29.286733 -90.383415,29.286926 -90.383344,29.287247 -90.383355,29.287337 -90.383222,29.287543 -90.383218,29.288325 -90.383296,29.288487 -90.383346,29.288855 -90.383424,29.289039 -90.383528,29.289292 -90.38358,29.289362 -90.38376,29.289938 -90.383703,29.290811 -90.383622,29.291179 -90.383515,29.291569 -90.383409,29.291775 -90.383275,29.292326 -90.383062,29.292901 -90.382981,29.293383 -90.383001,29.294372 -90.383052,29.294648 -90.3831,29.295614 -90.382941,29.295935 -90.38281,29.295978 -90.382598,29.296226 -90.382175,29.296767 -90.381561,29.297875 -90.381138,29.29837 -90.379978,29.299424 -90.379115,29.299868 -90.378985,29.299926 -90.378332,29.300262 -90.377924,29.300673 -90.3776,29.301221 -90.377581,29.301408 -90.376666,29.302883 -90.376573,29.304801 -90.376763,29.305689 -90.376939,29.306077 -90.377104,29.30666 -90.377943,29.309222 -90.378163,29.310181 -90.378243,29.310273 -90.378246,29.310579 -90.378352,29.310624 -90.378491,29.311186 -90.379654,29.313215 -90.379628,29.313333 -90.379709,29.313403 -90.379873,29.3138 -90.38017,29.314361 -90.380441,29.31485 -90.380578,29.315249 -90.380901,29.315761 -90.381575,29.316413 -90.381899,29.316926 -90.381899,29.317019 -90.381981,29.317066 -90.381982,29.317207 -90.382009,29.317253 -90.382172,29.317721 -90.382445,29.318398 -90.382499,29.318468 -90.382854,29.319449 -90.383717,29.320755 -90.385281,29.322619 -90.385715,29.323458 -90.386473,29.324743 -90.386557,29.325235 -90.386374,29.326014 -90.386034,29.32693 -90.385929,29.326998 -90.385694,29.327434 -90.384386,29.329288 -90.383758,29.330227 -90.383601,29.33064 -90.383496,29.331121 -90.383417,29.331373 -90.382711,29.3327 -90.382082,29.334418 -90.381977,29.335105 -90.381951,29.335723 -90.38195,29.337533 -90.382026,29.339938 -90.382313,29.340992 -90.382312,29.342664 -90.38226,29.343329 -90.382286,29.343397 -90.382181,29.343489 -90.382103,29.34381 -90.381526,29.345436 -90.381343,29.345711 -90.381212,29.346008 -90.381003,29.346489 -90.380663,29.346924 -90.380035,29.348001 -90.379851,29.34839 -90.379589,29.349054 -90.379641,29.350016 -90.379849,29.351162 -90.379875,29.351872 -90.379927,29.351964 -90.38011,29.352697 -90.380162,29.352743 -90.380762,29.354805 -90.380945,29.355515 -90.38118,29.356156 -90.381676,29.357096 -90.382016,29.357531 -90.382643,29.358287 -90.383087,29.359067 -90.383113,29.35925 -90.383191,29.359319 -90.383478,29.360189 -90.383635,29.360875 -90.383739,29.361357 -90.383947,29.363304 -90.384051,29.363831 -90.384103,29.364816 -90.384285,29.365755 -90.384442,29.366122 -90.384834,29.366878 -90.385539,29.367749 -90.386663,29.368734 -90.386872,29.368895 -90.38716,29.369124 -90.387291,29.369215 -90.388519,29.370247 -90.389408,29.370912 -90.39129,29.372562 -90.392466,29.373616 -90.39371,29.375222 -90.393837,29.375422 -90.393873,29.375519 -90.395061,29.37663 -90.395551,29.377322 -90.395832,29.377874 -90.395829,29.37801 -90.395932,29.378195 -90.396107,29.378838 -90.396262,29.379068 -90.3967,29.379554 -90.397347,29.380156 -90.398434,29.380969 -90.400252,29.381927 -90.40116,29.38251 -90.401381,29.38269 -90.401446,29.382741 -90.402692,29.383642 -90.403304,29.38423 -90.404097,29.384609 -90.404912,29.38485 -90.40578,29.384884 -90.406067,29.384953 -90.406852,29.384999 -90.407846,29.385251 -90.408368,29.38548 -90.410173,29.386304 -90.411349,29.386785 -90.412814,29.38754 -90.413731,29.38793 -90.414071,29.387999 -90.414175,29.388044 -90.414513,29.388205 -90.414803,29.388297 -90.415457,29.388619 -90.415543,29.388672 -90.415875,29.388872 -90.416664,29.389223 -90.418556,29.390037 -90.419219,29.390579 -90.419379,29.390784 -90.420017,29.39144 -90.42015,29.391623 -90.420177,29.391713 -90.421882,29.393733 -90.422043,29.394005 -90.422282,29.394255 -90.42231,29.394416 -90.422472,29.394667 -90.422583,29.394723 -90.422644,29.394985 -90.423332,29.395833 -90.423512,29.395997 -90.423486,29.396088 -90.424023,29.396827 -90.424263,29.397096 -90.424532,29.397463 -90.424536,29.397571 -90.424924,29.397921 -90.42495,29.398036 -90.425334,29.398478 -90.425869,29.399137 -90.426704,29.400092 -90.427675,29.400928 -90.427759,29.400961 -90.427925,29.401043 -90.428865,29.401801 -90.430695,29.402905 -90.431401,29.403456 -90.432106,29.404054 -90.433151,29.40511 -90.433282,29.405179 -90.434326,29.406052 -90.435163,29.406833 -90.435554,29.407315 -90.435685,29.407659 -90.435789,29.407728 -90.435971,29.408072 -90.43725,29.409702 -90.437303,29.409816 -90.438191,29.410804 -90.439157,29.4117 -90.43989,29.412228 -90.440752,29.412826 -90.441379,29.413285 -90.443759,29.414367 -90.444073,29.414574 -90.444256,29.414597 -90.444729,29.414919 -90.445399,29.415438 -90.446861,29.416843 -90.448077,29.417998 -90.448693,29.419183 -90.449431,29.421117 -90.450156,29.4231 -90.450482,29.423668 -90.451232,29.424683 -90.451764,29.425251 -90.452549,29.425856 -90.455717,29.428177 -90.456599,29.428902 -90.457421,29.429809 -90.457844,29.430413 -90.457995,29.430668 -90.458077,29.430841 -90.458409,29.431891 -90.45865,29.433634 -90.458794,29.435529 -90.458998,29.436312 -90.459394,29.43721 -90.460029,29.438398 -90.460781,29.439765 -90.461162,29.440677 -90.461775,29.441881 -90.462433,29.442951 -90.463525,29.444445 -90.464049,29.44537 -90.464729,29.446964 -90.465777,29.449538 -90.466869,29.45189 -90.467604,29.452782 -90.468463,29.45364 -90.468998,29.454075 -90.46959,29.454369 -90.470671,29.454597 -90.472128,29.455053 -90.47552,29.456258 -90.475799,29.456358 -90.476524,29.456741 -90.477216,29.457377 -90.477951,29.458193 -90.478258,29.458599 -90.478604,29.459115 -90.479182,29.45991 -90.479597,29.460328 -90.480069,29.460655 -90.480442,29.460852 -90.480804,29.460989 -90.481094,29.461049 -90.481527,29.461093 -90.482678,29.461099 -90.483532,29.461115 -90.483965,29.461126 -90.484327,29.461148 -90.484606,29.461164 -90.48493,29.461219 -90.485247,29.461285 -90.485652,29.461399 -90.485818,29.461461 -90.486157,29.461598 -90.486493,29.461783 -90.486837,29.462029 -90.488293,29.463551 -90.490189,29.465299 -90.491443,29.466669 -90.49217,29.467499 -90.492693,29.468186 -90.493476,29.469314 -90.495611,29.472672 -90.496457,29.474004 -90.497053,29.474789 -90.497223,29.474985 -90.498227,29.475801 -90.498752,29.476056 -90.499225,29.476149 -90.499276,29.476158 -90.500084,29.476165 -90.500694,29.476149 -90.502179,29.476161 -90.50264,29.47618 -90.503575,29.476239 -90.503918,29.476269 -90.50428,29.476342 -90.504702,29.476533 -90.505819,29.477072 -90.506421,29.477508 -90.506916,29.478055 -90.507012,29.478176 -90.507185,29.4784 -90.507494,29.478896 -90.507654,29.479229 -90.508138,29.480228 -90.508345,29.480763 -90.508782,29.4816 -90.509528,29.483066 -90.509938,29.483697 -90.510155,29.483971 -90.510277,29.484117 -90.510638,29.484478 -90.510851,29.484683 -90.511151,29.484969 -90.511896,29.48554 -90.51245,29.485969 -90.512784,29.486186 -90.513145,29.486413 -90.513474,29.486608 -90.514307,29.48706 -90.515438,29.487723 -90.515805,29.487937 -90.516023,29.488067 -90.516375,29.488278 -90.516442,29.488326 -90.516759,29.488543 -90.517468,29.489017 -90.517936,29.489402 -90.519556,29.490648 -90.520025,29.491 -90.520385,29.491383 -90.520715,29.491795 -90.520764,29.491852 -90.520917,29.492106 -90.521061,29.49233 -90.521439,29.492947 -90.521976,29.493833 -90.522929,29.495332 -90.523032,29.495478 -90.52326,29.495784 -90.52349,29.496065 -90.52529,29.49809 -90.525357,29.498165 -90.525769,29.498561 -90.526078,29.498842 -90.526437,29.499084 -90.526791,29.499298 -90.527072,29.499415 -90.527387,29.499536 -90.527633,29.499622 -90.528016,29.499734 -90.528654,29.49992 -90.529149,29.500065 -90.529387,29.500138 -90.529601,29.500204 -90.530226,29.500404 -90.530557,29.500539 -90.530722,29.500607 -90.53129,29.500848 -90.532011,29.50115 -90.532431,29.501303 -90.532745,29.501443 -90.532897,29.501512 -90.533205,29.501708 -90.53363,29.501966 -90.533948,29.502161 -90.534143,29.502307 -90.534243,29.502398 -90.534972,29.503153 -90.535384,29.503596 -90.5358,29.503999 -90.536332,29.504442 -90.536665,29.504694 -90.537069,29.505065 -90.537349,29.505328 -90.537516,29.505506 -90.537866,29.505947 -90.538062,29.506308 -90.538102,29.506399 -90.538202,29.506626 -90.538299,29.50691 -90.538325,29.507057 -90.538329,29.507258 -90.538324,29.507418 -90.538304,29.507562 -90.538268,29.507675 -90.538149,29.507953 -90.537475,29.50925 -90.536858,29.510495 -90.53653,29.511047 -90.536285,29.511202 -90.536267,29.511252 -90.536183,29.51172 -90.536083,29.512283 -90.536109,29.513039 -90.536187,29.513268 -90.536266,29.513543 -90.536554,29.514299 -90.536659,29.514391 -90.536737,29.514528 -90.537287,29.515101 -90.537507,29.515278 -90.539905,29.517209 -90.541974,29.519065 -90.542419,29.519615 -90.542681,29.520028 -90.542681,29.520142 -90.542733,29.520188 -90.542812,29.520577 -90.542917,29.520623 -90.543152,29.521329 -90.543285,29.521728 -90.543385,29.522028 -90.543488,29.522337 -90.543579,29.52261 -90.54365,29.522822 -90.543685,29.522853 -90.543728,29.52289 -90.54378,29.523142 -90.543833,29.523188 -90.543937,29.523646 -90.544121,29.523944 -90.544147,29.52415 -90.54509,29.525502 -90.546335,29.527135 -90.546469,29.527267 -90.547504,29.52812 -90.5478,29.52837 -90.548591,29.529065 -90.549282,29.529696 -90.550174,29.530643 -90.550791,29.531265 -90.551101,29.531486 -90.551482,29.531759 -90.55319,29.533067 -90.553419,29.533233 -90.5541,29.533624 -90.555389,29.53442 -90.556553,29.535105 -90.557536,29.535468 -90.557711,29.535508 -90.55812,29.535613 -90.558411,29.535669 -90.558569,29.535685 -90.558985,29.535728 -90.559017,29.535735 -90.559068,29.53575 -90.559122,29.53575 -90.559813,29.535743 -90.560653,29.535712 -90.561521,29.53564 -90.563183,29.53548 -90.564734,29.535353 -90.565657,29.535265 -90.567318,29.53521 -90.568238,29.535197 -90.568408,29.535195 -90.568727,29.536496 -90.57052,29.543217 -90.570571,29.543407 -90.570627,29.543619 -90.573934,29.556023 -90.574013,29.556316 -90.574493,29.5587 -90.574514,29.558779 -90.574544,29.558887 -90.574591,29.559064 -90.574611,29.559141 -90.574935,29.559126 -90.57735,29.560338 -90.577417,29.56037 -90.577586,29.56046 -90.577896,29.560625 -90.578065,29.560715 -90.578655,29.561051 -90.578848,29.561161 -90.57907,29.561287 -90.579292,29.561436 -90.579445,29.561527 -90.579707,29.561683 -90.580833,29.562359 -90.581819,29.562981 -90.583257,29.563944 -90.583583,29.564184 -90.587322,29.56667 -90.587882,29.566948 -90.588241,29.567127 -90.58854,29.567226 -90.58911,29.567415 -90.589339,29.567491 -90.589761,29.567631 -90.590391,29.567915 -90.590546,29.567985 -90.590566,29.567994 -90.590613,29.568015 -90.590842,29.568118 -90.591294,29.568322 -90.591438,29.568387 -90.593596,29.569498 -90.593882,29.569717 -90.593969,29.569774 -90.594184,29.569886 -90.594567,29.569993 -90.59493,29.570095 -90.596041,29.570453 -90.597483,29.571015 -90.599663,29.571874 -90.600379,29.572154 -90.601488,29.572619 -90.602059,29.572856 -90.602126,29.572896 -90.602723,29.573249 -90.602959,29.573428 -90.603635,29.573936 -90.604546,29.574852 -90.604624,29.574965 -90.604673,29.575035 -90.60475,29.575103 -90.604905,29.575329 -90.605093,29.575599 -90.605172,29.57576 -90.605218,29.575843 -90.605285,29.575931 -90.605521,29.576241 -90.605797,29.576641 -90.605816,29.576718 -90.605867,29.57691 -90.60671,29.578192 -90.606994,29.578543 -90.607387,29.579025 -90.608105,29.579908 -90.608293,29.580126 -90.608781,29.580798 -90.608949,29.581116 -90.609095,29.581287 -90.609236,29.581452 -90.609376,29.581616 -90.609639,29.581924 -90.60975,29.582054 -90.610032,29.582383 -90.610468,29.582892 -90.611441,29.584027 -90.611578,29.584187 -90.611638,29.584257 -90.611674,29.584299 -90.612453,29.585188 -90.612837,29.585584 -90.614368,29.587016 -90.614528,29.587175 -90.614689,29.587365 -90.615372,29.588035 -90.617524,29.590556 -90.618016,29.591492 -90.618107,29.59196 -90.61816,29.592448 -90.618191,29.594044 -90.618046,29.594926 -90.617996,29.595652 -90.61803,29.596061 -90.618062,29.596518 -90.618354,29.597217 -90.618524,29.597495 -90.618802,29.597828 -90.619124,29.598181 -90.619586,29.598538 -90.620165,29.598837 -90.620574,29.598997 -90.621164,29.59919 -90.621627,29.599309 -90.622548,29.599514 -90.625273,29.600043 -90.626124,29.600294 -90.626289,29.600319 -90.627031,29.600407 -90.627525,29.600454 -90.628277,29.600523 -90.628331,29.60053 -90.628788,29.600583 -90.628828,29.600588 -90.629819,29.600718 -90.630175,29.600765 -90.630531,29.600822 -90.630958,29.600903 -90.631287,29.600976 -90.632262,29.601193 -90.632956,29.601347 -90.633127,29.601385 -90.633623,29.601495 -90.633713,29.601515 -90.634099,29.6016 -90.634666,29.601726 -90.634995,29.601792 -90.635294,29.601836 -90.63576,29.60189 -90.636453,29.60197 -90.637014,29.60201 -90.637452,29.602032 -90.637836,29.60203 -90.638228,29.601988 -90.639374,29.601749 -90.639656,29.60169 -90.6399,29.601639 -90.640414,29.601533 -90.640789,29.601465 -90.64122,29.601425 -90.64124,29.601423 -90.64162,29.60141 -90.641663,29.601409 -90.641828,29.601415 -90.642026,29.601423 -90.64237,29.601457 -90.642593,29.601489 -90.643874,29.601671 -90.6443,29.601739 -90.644909,29.601836 -90.645052,29.601865 -90.645431,29.60194 -90.645771,29.602017 -90.647983,29.602519 -90.64821,29.602571 -90.64894,29.602757 -90.649582,29.602948 -90.649894,29.603041 -90.650007,29.603075 -90.650636,29.603286 -90.651629,29.603666 -90.651841,29.603758 -90.65206,29.603867 -90.652445,29.6041 -90.653458,29.604767 -90.653627,29.60488 -90.654737,29.60566 -90.654797,29.605699 -90.655154,29.605932 -90.655423,29.606092 -90.657202,29.607048 -90.657411,29.607174 -90.657456,29.607206 -90.657558,29.607277 -90.657696,29.607393 -90.657745,29.607448 -90.657859,29.607576 -90.657917,29.607649 -90.658044,29.607858 -90.658374,29.608629 -90.658696,29.609391 -90.658904,29.609883 -90.658989,29.610085 -90.659152,29.610396 -90.659235,29.610553 -90.65934,29.610713 -90.659604,29.611068 -90.659834,29.611356 -90.660071,29.611632 -90.660237,29.611814 -90.660392,29.611967 -90.661284,29.612744 -90.662488,29.614035 -90.663182,29.614779 -90.663372,29.614983 -90.663468,29.615086 -90.663493,29.615122 -90.663634,29.615322 -90.663937,29.615753 -90.664041,29.615937 -90.664114,29.616076 -90.664272,29.616336 -90.664327,29.616455 -90.66435,29.616497 -90.664454,29.616683 -90.664641,29.617018 -90.665308,29.618183 -90.665644,29.618771 -90.665655,29.618793 -90.665703,29.61889 -90.665953,29.619398 -90.666636,29.620865 -90.666747,29.621078 -90.666846,29.621255 -90.667035,29.621545 -90.66766,29.622454 -90.667854,29.622737 -90.668385,29.623508 -90.668608,29.623832 -90.668902,29.6242 -90.669691,29.625185 -90.669739,29.625243 -90.670133,29.62573 -90.670927,29.626708 -90.671064,29.626877 -90.671144,29.626976 -90.671191,29.627034 -90.671848,29.627844 -90.671913,29.627924 -90.672275,29.628414 -90.672603,29.628903 -90.673694,29.630558 -90.67371,29.630583 -90.673777,29.630682 -90.674827,29.632234 -90.675273,29.632915 -90.675416,29.633124 -90.675533,29.633297 -90.675629,29.63344 -90.675964,29.633925 -90.676154,29.634165 -90.676374,29.634444 -90.676399,29.634471 -90.676908,29.635001 -90.677061,29.63515 -90.677462,29.635542 -90.677471,29.635551 -90.677572,29.635649 -90.677634,29.635721 -90.677657,29.635748 -90.677983,29.636128 -90.678235,29.636457 -90.67831,29.636555 -90.678373,29.636639 -90.678521,29.636833 -90.67903,29.637505 -90.67904,29.637519 -90.679374,29.637904 -90.679689,29.638267 -90.680163,29.638814 -90.680229,29.638888 -90.680587,29.639287 -90.680598,29.639298 -90.680739,29.639451 -90.681083,29.639756 -90.681482,29.64009 -90.681919,29.640454 -90.68209,29.640597 -90.682329,29.640796 -90.682764,29.64116 -90.684612,29.642715 -90.684925,29.643007 -90.685035,29.643109 -90.685575,29.643615 -90.685844,29.643867 -90.685942,29.643958 -90.686242,29.644238 -90.687572,29.645354 -90.688372,29.646025 -90.688655,29.646269 -90.688682,29.646293 -90.689301,29.646829 -90.689732,29.647191 -90.689942,29.647367 -90.690024,29.647436 -90.69028,29.647651 -90.690677,29.647985 -90.690918,29.648201 -90.691059,29.648327 -90.691138,29.648408 -90.691612,29.64889 -90.69168,29.648959 -90.692082,29.649368 -90.692424,29.649716 -90.693174,29.650479 -90.693603,29.650916 -90.694051,29.651372 -90.694493,29.651879 -90.694734,29.652178 -90.69518,29.652733 -90.695329,29.65292 -90.696173,29.65397 -90.696462,29.65433 -90.696659,29.654575 -90.696712,29.654641 -90.697179,29.655223 -90.697188,29.655234 -90.697417,29.655515 -90.697602,29.655758 -90.698119,29.656417 -90.698549,29.65697 -90.698888,29.657384 -90.698988,29.657507 -90.699432,29.658075 -90.699819,29.65855 -90.699964,29.658728 -90.700067,29.658863 -90.700856,29.659845 -90.700995,29.660018 -90.701072,29.660108 -90.701095,29.660134 -90.701365,29.660452 -90.701523,29.660619 -90.701756,29.66085 -90.701992,29.661068 -90.702009,29.661082 -90.702246,29.661279 -90.703048,29.661948 -90.703286,29.662162 -90.704554,29.66325 -90.70507,29.663681 -90.705206,29.663795 -90.705344,29.663911 -90.705784,29.664238 -90.706093,29.664433 -90.706443,29.664625 -90.706627,29.664727 -90.706686,29.664759 -90.707287,29.66509 -90.707368,29.665134 -90.707502,29.665208 -90.707639,29.665283 -90.707702,29.665317 -90.707733,29.665332 -90.707832,29.66538 -90.708165,29.665539 -90.708918,29.66588 -90.709269,29.666038 -90.709644,29.666207 -90.709759,29.666259 -90.71033,29.666517 -90.710969,29.66679 -90.711215,29.666886 -90.711708,29.667057 -90.712076,29.667159 -90.712566,29.667262 -90.712983,29.667329 -90.713401,29.667385 -90.713609,29.667423 -90.713715,29.667448 -90.713857,29.667482 -90.713944,29.667503 -90.71402,29.667521 -90.714208,29.667574 -90.714249,29.667585 -90.714329,29.667608 -90.714592,29.667697 -90.714782,29.667762 -90.714851,29.667791 -90.715068,29.667882 -90.715314,29.667986 -90.715628,29.66814 -90.715774,29.668217 -90.715998,29.668334 -90.716393,29.66854 -90.716569,29.668636 -90.71667,29.66869 -90.716938,29.668836 -90.717039,29.668898 -90.717388,29.669111 -90.717563,29.669218 -90.717673,29.66929 -90.71822,29.669648 -90.718548,29.669863 -90.718654,29.669932 -90.719315,29.670365 -90.719777,29.670668 -90.720194,29.670937 -90.721171,29.671565 -90.7216,29.671838 -90.721714,29.67191 -90.721913,29.672043 -90.721978,29.672087 -90.721987,29.672095 -90.722273,29.672287 -90.722559,29.672498 -90.722571,29.672506 -90.722599,29.672527 -90.722783,29.672668 -90.722841,29.672714 -90.724204,29.67383 -90.72431,29.673912 -90.724696,29.674213 -90.724945,29.674408 -90.725006,29.674447 -90.725034,29.674465 -90.725116,29.674517 -90.725368,29.674679 -90.725472,29.674745 -90.725518,29.67477 -90.725989,29.675021 -90.726117,29.675084 -90.726153,29.675101 -90.726196,29.675122 -90.726252,29.67515 -90.72631,29.675178 -90.726385,29.675215 -90.726653,29.675333 -90.726816,29.675405 -90.727161,29.675537 -90.727261,29.675569 -90.727302,29.675582 -90.72761,29.675656 -90.727646,29.675662 -90.727826,29.675694 -90.727982,29.675712 -90.728049,29.675717 -90.728571,29.67575 -90.72865,29.675748 -90.728709,29.675746 -90.729018,29.675739 -90.729172,29.675727 -90.729591,29.675675 -90.729749,29.675645 -90.729848,29.675627 -90.730095,29.675561 -90.730699,29.675399 -90.731151,29.675301 -90.731382,29.675257 -90.731421,29.675249 -90.731659,29.675204 -90.73204,29.675147 -90.73222,29.675128 -90.732434,29.675107 -90.733108,29.675069 -90.733481,29.675048 -90.73363,29.67504 -90.733678,29.675037 -90.733896,29.675025 -90.734059,29.675017 -90.734554,29.674996 -90.734829,29.674985 -90.735484,29.674983 -90.735505,29.674982 -90.736332,29.674995 -90.736635,29.675004 -90.736748,29.675013 -90.736828,29.675019 -90.737322,29.675079 -90.737593,29.675112 -90.738143,29.675206 -90.738708,29.675303 -90.738944,29.675343 -90.73921,29.675389 -90.7395,29.675439 -90.739751,29.675482 -90.740033,29.67553 -90.740238,29.675565 -90.740606,29.675642 -90.741074,29.675775 -90.741212,29.675814 -90.741479,29.675896 -90.741629,29.675942 -90.741954,29.676042 -90.742453,29.676208 -90.742703,29.676298 -90.742979,29.676398 -90.743366,29.676548 -90.743509,29.676606 -90.743954,29.676789 -90.744066,29.676843 -90.74437,29.676991 -90.74465,29.677141 -90.744966,29.677309 -90.744985,29.67732 -90.745361,29.677548 -90.746368,29.678271 -90.746553,29.678401 -90.746786,29.678564 -90.746849,29.678608 -90.74693,29.678665 -90.746995,29.678714 -90.747051,29.678756 -90.747093,29.678788 -90.74736,29.678989 -90.74762,29.679225 -90.747817,29.679405 -90.748322,29.679903 -90.74915,29.680776 -90.749289,29.680923 -90.749697,29.681353 -90.750146,29.681825 -90.750232,29.681915 -90.75051,29.682204 -90.750837,29.682551 -90.751073,29.682776 -90.751484,29.683179 -90.751759,29.683438 -90.751978,29.683645 -90.752312,29.68393 -90.752881,29.684435 -90.753369,29.684886 -90.754125,29.685623 -90.754673,29.68609 -90.754924,29.686314 -90.754946,29.686353 -90.754972,29.686391 -90.755014,29.686433 -90.755173,29.686579 -90.755374,29.686745 -90.755423,29.686786 -90.755976,29.687241 -90.756178,29.687407 -90.756758,29.68788 -90.757223,29.688261 -90.758067,29.688894 -90.758555,29.689223 -90.758576,29.689237 -90.758632,29.689276 -90.758691,29.689314 -90.759223,29.689636 -90.759513,29.689811 -90.75984,29.690022 -90.760182,29.690261 -90.760216,29.690287 -90.760507,29.69051 -90.760723,29.690681 -90.76079,29.690735 -90.761594,29.691401 -90.762232,29.691929 -90.762785,29.692386 -90.762819,29.692414 -90.762975,29.692543 -90.76389,29.693301 -90.764618,29.693903 -90.764868,29.69411 -90.765365,29.69456 -90.766453,29.69564 -90.766672,29.69586 -90.766757,29.695945 -90.767335,29.697094 -90.767788,29.697999 -90.768488,29.699397 -90.768525,29.699468 -90.768031,29.699685 -90.767725,29.699817 -90.769179,29.702487 -90.771497,29.706746 -90.772572,29.708721 -90.772594,29.708764 -90.772608,29.70879 -90.772066,29.709015 -90.771846,29.709109 -90.771731,29.709156 -90.771715,29.709163 -90.772727,29.711089 -90.775735,29.716816 -90.776627,29.718516 -90.77755,29.720273 -90.776911,29.720305 -90.77594,29.720356 -90.77513,29.72044 -90.774873,29.720573 -90.774731,29.720647 -90.77444,29.720854 -90.774348,29.720913 -90.774293,29.720948 -90.774243,29.72098 -90.773882,29.721212 -90.773568,29.721415 -90.773189,29.721635 -90.772882,29.721813 -90.772656,29.722008 -90.772288,29.722328 -90.771432,29.723913 -90.768865,29.728668 -90.76801,29.730254 -90.767861,29.730528 -90.767417,29.731351 -90.767269,29.731626 -90.767112,29.731915 -90.766643,29.732784 -90.766488,29.733074 -90.765917,29.732836 -90.764164,29.732191 -90.761065,29.731052 -90.757133,29.729708 -90.754781,29.728904 -90.754472,29.728796 -90.753547,29.728472 -90.753318,29.728392 -90.753239,29.728364 -90.752364,29.728055 -90.750091,29.727255 -90.749736,29.727144 -90.748851,29.726868 -90.747599,29.726415 -90.745175,29.72554 -90.744177,29.725312 -90.743785,29.725289 -90.742457,29.725211 -90.741922,29.725179 -90.74032,29.725086 -90.739786,29.725055 -90.739493,29.725038 -90.738616,29.724987 -90.738324,29.72497 -90.737572,29.724935 -90.735316,29.72483 -90.734564,29.724795 -90.734525,29.724793 -90.734409,29.724787 -90.734371,29.724786 -90.732668,29.724713 -90.727559,29.724496 -90.725856,29.724424 -90.725403,29.72463 -90.725252,29.724699 -90.724118,29.725389 -90.723694,29.725649 -90.722292,29.726503 -90.722028,29.726607 -90.721745,29.72662 -90.72136,29.726482 -90.721266,29.726449 -90.719089,29.725166 -90.716591,29.723532 -90.715364,29.723081 -90.714911,29.722914 -90.714481,29.722779 -90.712417,29.722135 -90.712181,29.722181 -90.712126,29.722319 -90.712102,29.72238 -90.712009,29.722349 -90.711731,29.722259 -90.711639,29.722229 -90.711422,29.722156 -90.711356,29.722135 -90.711279,29.722114 -90.710769,29.721945 -90.710553,29.721874 -90.710305,29.721791 -90.710227,29.721772 -90.710152,29.721744 -90.710085,29.721722 -90.709697,29.721597 -90.709622,29.721568 -90.709318,29.721468 -90.709241,29.721447 -90.708709,29.721272 -90.708682,29.721263 -90.708331,29.721143 -90.708253,29.721123 -90.708217,29.721106 -90.708128,29.721081 -90.707711,29.720943 -90.707637,29.720913 -90.707561,29.72089 -90.707524,29.720875 -90.707107,29.720737 -90.706954,29.72069 -90.70688,29.720661 -90.706765,29.720625 -90.706428,29.7205 -90.706388,29.720492 -90.706194,29.720436 -90.704288,29.72 -90.703581,29.719823 -90.703114,29.719695 -90.702808,29.7196 -90.702735,29.719569 -90.702546,29.719503 -90.702374,29.719437 -90.702361,29.719433 -90.701961,29.71926 -90.701926,29.719242 -90.701852,29.719213 -90.701782,29.719177 -90.701376,29.719014 -90.7013,29.718989 -90.701005,29.718875 -90.700969,29.718858 -90.700747,29.718774 -90.700566,29.718706 -90.700262,29.718598 -90.700069,29.718542 -90.699844,29.718489 -90.699716,29.718458 -90.699637,29.718445 -90.699567,29.718428 -90.699207,29.718345 -90.698935,29.718277 -90.698855,29.718265 -90.698739,29.718239 -90.698541,29.718197 -90.698463,29.718177 -90.698257,29.718134 -90.69822,29.718121 -90.698103,29.718092 -90.698042,29.71808 -90.698024,29.718077 -90.697597,29.717973 -90.697522,29.717949 -90.697405,29.717922 -90.697365,29.717917 -90.697289,29.717895 -90.697249,29.717888 -90.697134,29.717858 -90.696938,29.717816 -90.696863,29.717793 -90.696784,29.717777 -90.696705,29.717762 -90.696363,29.717682 -90.696277,29.717665 -90.6962,29.717642 -90.696043,29.717612 -90.695693,29.717532 -90.695614,29.717517 -90.695537,29.717494 -90.695342,29.717451 -90.695263,29.717438 -90.69495,29.717368 -90.694874,29.717346 -90.694561,29.717276 -90.694521,29.71727 -90.694444,29.71725 -90.694365,29.717237 -90.694169,29.717194 -90.694092,29.717171 -90.694013,29.717157 -90.693662,29.717074 -90.693582,29.717061 -90.693269,29.71699 -90.693192,29.716968 -90.692761,29.71687 -90.692681,29.716856 -90.692367,29.716785 -90.69229,29.716763 -90.691857,29.716665 -90.691778,29.716651 -90.6917,29.716631 -90.691226,29.716528 -90.691148,29.716506 -90.690478,29.71636 -90.690428,29.716351 -90.690398,29.716346 -90.689965,29.716252 -90.689887,29.716231 -90.68906,29.716054 -90.688983,29.716032 -90.688943,29.716026 -90.688907,29.716015 -90.6888,29.715982 -90.688765,29.715972 -90.688612,29.715926 -90.688259,29.715836 -90.687954,29.715805 -90.687653,29.715775 -90.687489,29.715769 -90.686467,29.715754 -90.686017,29.715751 -90.685977,29.715746 -90.685895,29.715743 -90.685468,29.715713 -90.68533,29.715704 -90.68525,29.715693 -90.685087,29.715685 -90.685007,29.715675 -90.684683,29.71565 -90.684642,29.715651 -90.684572,29.715641 -90.684531,29.715641 -90.684515,29.715638 -90.684451,29.715628 -90.68413,29.715593 -90.684049,29.715589 -90.68401,29.71558 -90.683793,29.715557 -90.683755,29.715547 -90.683722,29.715544 -90.683352,29.715521 -90.683273,29.71551 -90.683112,29.715508 -90.682854,29.715479 -90.682752,29.715468 -90.682673,29.715451 -90.682567,29.715437 -90.682472,29.715424 -90.682392,29.715419 -90.682354,29.71541 -90.682233,29.715407 -90.681782,29.715424 -90.6817,29.715431 -90.68166,29.715439 -90.681623,29.715454 -90.681473,29.715494 -90.68129,29.715572 -90.681255,29.71559 -90.68106,29.715644 -90.680983,29.715669 -90.680822,29.715696 -90.680735,29.715703 -90.680661,29.715709 -90.68058,29.715719 -90.680459,29.715723 -90.680215,29.71572 -90.679725,29.715673 -90.679563,29.71565 -90.67916,29.715581 -90.678874,29.715556 -90.678467,29.715534 -90.678426,29.715537 -90.678344,29.715535 -90.67802,29.715546 -90.677616,29.715594 -90.677536,29.7156 -90.676893,29.715714 -90.676812,29.715722 -90.67657,29.715755 -90.676086,29.715829 -90.675724,29.715873 -90.675643,29.715877 -90.675141,29.715927 -90.675079,29.715934 -90.675039,29.715941 -90.674798,29.715966 -90.674718,29.715969 -90.674637,29.71598 -90.674597,29.715981 -90.674316,29.716014 -90.673996,29.716046 -90.673915,29.716049 -90.673835,29.71606 -90.673795,29.716061 -90.673635,29.716083 -90.673514,29.716092 -90.673273,29.716103 -90.673015,29.716103 -90.672502,29.716105 -90.672379,29.716101 -90.6723,29.71609 -90.672243,29.716085 -90.672016,29.716069 -90.671987,29.716071 -90.671756,29.716089 -90.671447,29.716114 -90.671366,29.716124 -90.671066,29.716147 -90.670836,29.716165 -90.670698,29.716173 -90.670618,29.716184 -90.670457,29.716193 -90.670399,29.716197 -90.670359,29.716205 -90.670278,29.716207 -90.670198,29.716216 -90.669956,29.716235 -90.669876,29.716246 -90.669796,29.71625 -90.669434,29.716283 -90.669394,29.716283 -90.669314,29.716293 -90.669233,29.716295 -90.668992,29.716317 -90.668912,29.716321 -90.668872,29.716328 -90.668752,29.716339 -90.668671,29.716341 -90.668591,29.71635 -90.668431,29.716362 -90.668391,29.71637 -90.668351,29.716369 -90.667951,29.71641 -90.667911,29.716411 -90.666164,29.716541 -90.666084,29.716552 -90.666003,29.716556 -90.665842,29.716571 -90.665113,29.716625 -90.665034,29.716635 -90.664186,29.716698 -90.664106,29.716709 -90.663256,29.716765 -90.662933,29.716791 -90.662598,29.716814 -90.662365,29.71683 -90.6622,29.716827 -90.662161,29.716818 -90.661954,29.71682 -90.661913,29.716778 -90.661691,29.716835 -90.661569,29.716849 -90.661491,29.716866 -90.661371,29.716883 -90.661211,29.716889 -90.661132,29.716902 -90.660933,29.716919 -90.660773,29.716927 -90.660694,29.71694 -90.660614,29.716943 -90.660574,29.716949 -90.660334,29.716967 -90.660255,29.716976 -90.660214,29.716976 -90.660094,29.716985 -90.660015,29.716997 -90.659934,29.717 -90.659894,29.717006 -90.659694,29.717022 -90.659613,29.717025 -90.659413,29.717043 -90.659292,29.717049 -90.659213,29.71706 -90.659132,29.717062 -90.659092,29.717068 -90.658768,29.717073 -90.658604,29.717069 -90.658441,29.717053 -90.65832,29.717034 -90.658129,29.716974 -90.658093,29.716958 -90.657601,29.716697 -90.657467,29.716616 -90.657404,29.716572 -90.657336,29.716532 -90.657019,29.716364 -90.656881,29.716298 -90.656735,29.716235 -90.656394,29.716117 -90.656097,29.716004 -90.65602,29.715981 -90.655834,29.715911 -90.655761,29.715879 -90.655686,29.715854 -90.655465,29.715768 -90.655389,29.715744 -90.655279,29.715699 -90.655055,29.715621 -90.654979,29.715598 -90.654906,29.715566 -90.65472,29.715498 -90.654643,29.715474 -90.654608,29.715455 -90.654532,29.71543 -90.654127,29.715268 -90.654055,29.715235 -90.653906,29.715181 -90.65387,29.715163 -90.653495,29.715016 -90.653423,29.714983 -90.653384,29.714971 -90.653217,29.714905 -90.65184,29.71436 -90.651619,29.714265 -90.651468,29.714209 -90.651428,29.714205 -90.651248,29.714168 -90.651113,29.714141 -90.651033,29.714131 -90.650994,29.714122 -90.650557,29.71405 -90.650477,29.714042 -90.650278,29.714009 -90.6502,29.713992 -90.650174,29.713987 -90.649643,29.7139 -90.649562,29.713891 -90.649243,29.713839 -90.649044,29.713803 -90.649028,29.7138 -90.648845,29.713772 -90.648764,29.713764 -90.648685,29.713749 -90.648645,29.713745 -90.647875,29.713623 -90.647814,29.713617 -90.647795,29.713616 -90.647235,29.71353 -90.646836,29.713465 -90.646755,29.713458 -90.646195,29.713369 -90.645351,29.713248 -90.64532,29.713241 -90.645272,29.713232 -90.645231,29.71323 -90.645175,29.713223 -90.645097,29.713207 -90.644936,29.713187 -90.644489,29.713119 -90.644459,29.713114 -90.644379,29.713105 -90.6443,29.713089 -90.644034,29.713048 -90.643982,29.713041 -90.643942,29.713039 -90.643703,29.713006 -90.643625,29.712988 -90.643465,29.712971 -90.643426,29.712961 -90.643143,29.712928 -90.643063,29.712915 -90.642817,29.712912 -90.642664,29.712918 -90.64241,29.712929 -90.64237,29.712935 -90.642206,29.712948 -90.642127,29.712954 -90.642042,29.712957 -90.641601,29.71299 -90.641552,29.712996 -90.641521,29.713 -90.641389,29.71301 -90.640955,29.713042 -90.640873,29.713045 -90.640429,29.713077 -90.640349,29.713088 -90.639904,29.713121 -90.639883,29.713121 -90.639823,29.713123 -90.6395,29.713148 -90.639419,29.713159 -90.639176,29.713182 -90.638443,29.713233 -90.638077,29.71326 -90.637996,29.71327 -90.637585,29.713288 -90.637536,29.713288 -90.637455,29.713294 -90.637253,29.713294 -90.637172,29.71329 -90.637091,29.713293 -90.637051,29.71329 -90.63677,29.713294 -90.63653,29.713286 -90.636451,29.713287 -90.636411,29.713281 -90.636291,29.713277 -90.636211,29.713281 -90.635971,29.713272 -90.635891,29.713273 -90.635811,29.713266 -90.635612,29.713259 -90.635532,29.713263 -90.635412,29.713259 -90.635372,29.713253 -90.635361,29.713253 -90.635292,29.713254 -90.635132,29.713249 -90.635092,29.713253 -90.635012,29.713248 -90.634867,29.713244 -90.634732,29.713241 -90.634652,29.713242 -90.634612,29.713236 -90.634372,29.713228 -90.634292,29.713232 -90.634092,29.713228 -90.634011,29.713223 -90.633971,29.713217 -90.633935,29.713198 -90.633904,29.713175 -90.633878,29.713146 -90.633843,29.713154 -90.633828,29.713158 -90.633739,29.713165 -90.633705,29.713169 -90.633541,29.713184 -90.633421,29.713207 -90.633141,29.713225 -90.632481,29.713268 -90.631661,29.713338 -90.631445,29.713359 -90.630881,29.713415 -90.630833,29.713421 -90.630752,29.713426 -90.629779,29.713524 -90.629577,29.71354 -90.629235,29.713574 -90.629212,29.713577 -90.628727,29.713637 -90.628364,29.713683 -90.628284,29.71369 -90.627078,29.713844 -90.626998,29.71385 -90.626838,29.71387 -90.626637,29.713889 -90.626476,29.713898 -90.626437,29.713892 -90.626277,29.713894 -90.626197,29.713887 -90.626156,29.713887 -90.626036,29.713872 -90.625797,29.713834 -90.625638,29.7138 -90.625558,29.713787 -90.625043,29.713664 -90.624884,29.713645 -90.624805,29.713629 -90.62461,29.713578 -90.624491,29.713555 -90.624411,29.713546 -90.624333,29.713531 -90.624134,29.713493 -90.623819,29.713438 -90.62374,29.71343 -90.623622,29.713409 -90.62327,29.713335 -90.623191,29.713325 -90.623113,29.713306 -90.623074,29.713301 -90.622799,29.71324 -90.622759,29.713235 -90.62271,29.713224 -90.622641,29.713208 -90.622562,29.713186 -90.622454,29.713149 -90.622065,29.713017 -90.621696,29.7129 -90.621443,29.712821 -90.6212,29.712756 -90.621084,29.712725 -90.620781,29.71262 -90.62048,29.71253 -90.620278,29.71247 -90.62024,29.712456 -90.619874,29.712335 -90.619806,29.712313 -90.619383,29.712189 -90.61896,29.712059 -90.618772,29.711992 -90.61841,29.711864 -90.618388,29.711856 -90.61831,29.711829 -90.61799,29.711702 -90.617937,29.711681 -90.616715,29.711258 -90.61629,29.711111 -90.61624,29.711098 -90.616169,29.711067 -90.616057,29.711029 -90.616017,29.711021 -90.615981,29.711006 -90.615944,29.710992 -90.615719,29.710918 -90.615683,29.710903 -90.615607,29.71088 -90.615535,29.710849 -90.615495,29.710841 -90.61531,29.710772 -90.615085,29.710695 -90.615056,29.710682 -90.615012,29.710663 -90.614787,29.710585 -90.614748,29.710575 -90.614595,29.710516 -90.614436,29.710455 -90.614358,29.710433 -90.61417,29.71037 -90.614131,29.710354 -90.614096,29.71034 -90.613977,29.710301 -90.613793,29.710241 -90.613681,29.7102 -90.613604,29.710177 -90.613511,29.710143 -90.613307,29.710069 -90.613235,29.710037 -90.613123,29.709997 -90.613084,29.709988 -90.613049,29.70997 -90.61245,29.709768 -90.612218,29.709695 -90.61212,29.709656 -90.612032,29.709621 -90.611962,29.709586 -90.611812,29.709531 -90.611741,29.709497 -90.611701,29.709487 -90.611667,29.709469 -90.611453,29.709394 -90.610811,29.70917 -90.610597,29.709096 -90.610338,29.709009 -90.610315,29.709002 -90.610128,29.708933 -90.609974,29.708885 -90.609864,29.708838 -90.609729,29.70876 -90.609588,29.708688 -90.609554,29.708671 -90.609349,29.708559 -90.609259,29.708508 -90.609184,29.70847 -90.609153,29.708454 -90.608917,29.708311 -90.6087,29.708188 -90.608538,29.708097 -90.608473,29.708063 -90.608328,29.707998 -90.608224,29.707943 -90.608159,29.707901 -90.608129,29.707884 -90.608055,29.707844 -90.607983,29.707811 -90.60795,29.707792 -90.607807,29.707726 -90.607603,29.707618 -90.607534,29.707581 -90.607471,29.707539 -90.607332,29.707469 -90.607166,29.707375 -90.607034,29.707296 -90.606964,29.707263 -90.606912,29.707232 -90.606833,29.707184 -90.606796,29.70717 -90.60659,29.70706 -90.606525,29.707018 -90.60651,29.70701 -90.606346,29.706923 -90.606179,29.706835 -90.606112,29.706795 -90.605861,29.706658 -90.605803,29.706627 -90.605737,29.706585 -90.605701,29.706568 -90.60554,29.706481 -90.605524,29.706466 -90.605512,29.706455 -90.605358,29.706286 -90.605104,29.706019 -90.604964,29.705872 -90.604871,29.705781 -90.604673,29.70561 -90.60458,29.70553 -90.604556,29.705502 -90.604499,29.705451 -90.60445,29.705396 -90.604256,29.705214 -90.60407,29.705026 -90.603834,29.704794 -90.6038,29.704761 -90.603751,29.704705 -90.603639,29.704601 -90.603588,29.704546 -90.603555,29.704524 -90.603453,29.704426 -90.603421,29.704403 -90.60325,29.704252 -90.603198,29.704198 -90.603026,29.704048 -90.602947,29.703967 -90.602917,29.703943 -90.602708,29.703731 -90.60266,29.703674 -90.602581,29.703595 -90.60255,29.703572 -90.602357,29.703378 -90.602301,29.703327 -90.602253,29.703272 -90.602119,29.70314 -90.60209,29.703116 -90.602039,29.703062 -90.602009,29.703039 -90.601846,29.702884 -90.601797,29.702828 -90.601716,29.702751 -90.601685,29.702727 -90.601662,29.702698 -90.601503,29.702554 -90.601369,29.702423 -90.601338,29.7024 -90.601324,29.702387 -90.601091,29.702166 -90.601042,29.70211 -90.600803,29.701872 -90.600752,29.701817 -90.600364,29.701454 -90.600338,29.701429 -90.600033,29.701138 -90.600019,29.701104 -90.599983,29.701085 -90.599884,29.700996 -90.599811,29.700931 -90.599501,29.700643 -90.599473,29.700617 -90.599379,29.700521 -90.59934,29.700482 -90.59928,29.700427 -90.599246,29.700396 -90.598961,29.700171 -90.598854,29.700087 -90.598835,29.700104 -90.598803,29.700136 -90.598781,29.700156 -90.598764,29.700174 -90.597669,29.701156 -90.595475,29.703128 -90.594403,29.704123 -90.594197,29.704316 -90.593365,29.705089 -90.593326,29.705125 -90.593032,29.705395 -90.592152,29.706206 -90.591974,29.706372 -90.591883,29.706498 -90.591791,29.706624 -90.591195,29.707164 -90.589062,29.709099 -90.588811,29.709328 -90.588581,29.709497 -90.588431,29.709581 -90.588279,29.709638 -90.587951,29.70994 -90.586967,29.710846 -90.586701,29.711092 -90.58664,29.71115 -90.586314,29.71145 -90.585336,29.712353 -90.585011,29.712655 -90.584691,29.71295 -90.583731,29.713837 -90.583412,29.714133 -90.583185,29.714344 -90.582507,29.714977 -90.582398,29.715079 -90.582278,29.715185 -90.582209,29.715241 -90.582024,29.715394 -90.582002,29.715412 -90.581979,29.715432 -90.581934,29.715469 -90.582078,29.715624 -90.582292,29.715856 -90.582505,29.716096 -90.582569,29.716169 -90.58265,29.716252 -90.582782,29.716389 -90.582933,29.71657 -90.583073,29.716737 -90.58328,29.717005 -90.583741,29.717563 -90.583929,29.71779 -90.584012,29.717894 -90.58414,29.718054 -90.584294,29.718212 -90.58438,29.718299 -90.584686,29.718588 -90.584738,29.718643 -90.584888,29.718859 -90.585164,29.719144 -90.585284,29.719268 -90.585333,29.719325 -90.585449,29.719426 -90.585467,29.719443 -90.58556,29.71953 -90.585589,29.719551 -90.585984,29.719842 -90.586001,29.719854 -90.586026,29.719883 -90.586083,29.719935 -90.586103,29.719955 -90.586352,29.720205 -90.58637,29.720221 -90.586409,29.720256 -90.586599,29.720442 -90.586897,29.720686 -90.587226,29.720966 -90.587515,29.721211 -90.587544,29.721236 -90.58776,29.721402 -90.588354,29.721845 -90.588688,29.722111 -90.588746,29.722162 -90.589144,29.722418 -90.589462,29.722647 -90.589619,29.72277 -90.589829,29.722934 -90.589979,29.723057 -90.590072,29.723126 -90.590408,29.723334 -90.590513,29.72339 -90.591223,29.723745 -90.591296,29.723778 -90.591401,29.723834 -90.591777,29.724056 -90.592478,29.724501 -90.592952,29.724791 -90.593773,29.725271 -90.594391,29.725625 -90.594977,29.725944 -90.595122,29.726023 -90.595513,29.726219 -90.595696,29.726299 -90.596016,29.726461 -90.596442,29.726654 -90.596634,29.726741 -90.5971,29.726967 -90.597427,29.727115 -90.597502,29.727145 -90.59761,29.727197 -90.597857,29.727325 -90.59804,29.727405 -90.5984,29.727575 -90.598795,29.727733 -90.598825,29.727745 -90.599112,29.72786 -90.599554,29.728068 -90.599689,29.728132 -90.599838,29.728192 -90.599911,29.728225 -90.600256,29.728346 -90.600683,29.728474 -90.600759,29.728501 -90.600977,29.728591 -90.601045,29.728628 -90.601117,29.72866 -90.601493,29.7288 -90.601605,29.728845 -90.601792,29.728911 -90.602063,29.729008 -90.602283,29.729103 -90.602355,29.729138 -90.60243,29.729168 -90.602535,29.729204 -90.60258,29.729219 -90.602622,29.729234 -90.602716,29.729262 -90.602762,29.729277 -90.602894,29.729317 -90.603043,29.729372 -90.6035,29.729541 -90.603881,29.72967 -90.604163,29.729766 -90.604578,29.729906 -90.60474,29.729964 -90.604845,29.730002 -90.605178,29.73014 -90.60579,29.730357 -90.60629,29.730526 -90.606467,29.730571 -90.606837,29.730666 -90.606954,29.730693 -90.606994,29.730696 -90.607062,29.730709 -90.607229,29.730742 -90.607307,29.730762 -90.607347,29.730765 -90.607658,29.730854 -90.608025,29.730984 -90.608391,29.731113 -90.608805,29.73126 -90.609234,29.731381 -90.609352,29.731409 -90.609511,29.731438 -90.609589,29.731457 -90.609666,29.731483 -90.609891,29.731573 -90.61022,29.731719 -90.610469,29.731844 -90.610838,29.732035 -90.610856,29.732045 -90.611037,29.732128 -90.611185,29.732191 -90.611741,29.732476 -90.611961,29.732589 -90.612139,29.732677 -90.613014,29.733135 -90.613191,29.733224 -90.613264,29.733255 -90.613865,29.733558 -90.613933,29.733597 -90.614075,29.733663 -90.614109,29.733684 -90.614428,29.733842 -90.614502,29.733873 -90.614716,29.733978 -90.61475,29.733998 -90.614896,29.734063 -90.614975,29.734082 -90.615014,29.734095 -90.615913,29.734348 -90.616186,29.734428 -90.616305,29.734453 -90.616346,29.734457 -90.616705,29.734522 -90.616784,29.734541 -90.61722,29.734628 -90.6173,29.73464 -90.617774,29.734735 -90.617853,29.734748 -90.617931,29.734767 -90.618128,29.734805 -90.618139,29.734806 -90.618208,29.734815 -90.618364,29.73485 -90.618604,29.734886 -90.619165,29.734948 -90.619448,29.734972 -90.619528,29.734985 -90.61961,29.734991 -90.619841,29.735022 -90.619932,29.73503 -90.620458,29.735102 -90.620827,29.735128 -90.621899,29.735124 -90.622128,29.735125 -90.622353,29.735126 -90.623329,29.735014 -90.623369,29.735006 -90.623975,29.734927 -90.624057,29.734921 -90.624299,29.734886 -90.624578,29.734822 -90.625027,29.734774 -90.625105,29.734751 -90.625186,29.734737 -90.625593,29.734693 -90.625837,29.734661 -90.625917,29.734646 -90.625999,29.734638 -90.626328,29.734618 -90.626451,29.734606 -90.626654,29.734579 -90.628418,29.734376 -90.628499,29.734363 -90.628954,29.73431 -90.629516,29.734245 -90.630234,29.73409 -90.630591,29.734008 -90.630834,29.733984 -90.631081,29.733978 -90.631216,29.733964 -90.63122,29.734019 -90.631226,29.734102 -90.631231,29.734186 -90.631252,29.734514 -90.631262,29.734652 -90.631248,29.734874 -90.631206,29.735542 -90.631201,29.735638 -90.631158,29.735758 -90.63086,29.7366 -90.630788,29.736727 -90.629274,29.739453 -90.628862,29.740196 -90.62881,29.740379 -90.628626,29.740516 -90.627839,29.74209 -90.625424,29.746929 -90.625424,29.747227 -90.625667,29.747323 -90.627518,29.748053 -90.627321,29.748402 -90.626732,29.749451 -90.626537,29.749801 -90.623442,29.749358 -90.61416,29.748032 -90.61118,29.747607 -90.611066,29.74759 -90.610786,29.74755 -90.609949,29.74743 -90.60967,29.747391 -90.609491,29.747365 -90.608954,29.747289 -90.608776,29.747264 -90.60616,29.74689 -90.603107,29.746455 -90.598299,29.745891 -90.598173,29.745877 -90.595664,29.745722 -90.59548,29.745717 -90.594925,29.745684 -90.594853,29.745701 -90.594746,29.745689 -90.592801,29.745686 -90.592656,29.745686 -90.588994,29.745855 -90.588817,29.745863 -90.586983,29.746053 -90.58505,29.746255 -90.584765,29.746285 -90.583912,29.746376 -90.583628,29.746407 -90.581809,29.746798 -90.58003,29.747181 -90.576392,29.748141 -90.574594,29.748616 -90.574429,29.748681 -90.573936,29.748878 -90.573684,29.748837 -90.573436,29.748922 -90.572838,29.74911 -90.572384,29.749257 -90.570394,29.750003 -90.568983,29.750606 -90.565552,29.752255 -90.563116,29.753606 -90.561196,29.754802 -90.560351,29.755311 -90.559035,29.756215 -90.556808,29.757917 -90.552338,29.761601 -90.543552,29.768269 -90.531799,29.777187 -90.524953,29.782383 -90.524871,29.782316 -90.524625,29.782118 -90.524544,29.782052 -90.524484,29.782004 -90.524443,29.781971 -90.524287,29.781845 -90.524263,29.781825 -90.524175,29.781758 -90.52414,29.781732 -90.52408,29.781687 -90.52404,29.781653 -90.523815,29.781462 -90.52362,29.781352 -90.523437,29.781181 -90.523255,29.781022 -90.523123,29.780916 -90.520842,29.779075 -90.52037,29.778691 -90.519626,29.778085 -90.519539,29.778085 -90.519499,29.77808 -90.519471,29.77806 -90.519449,29.778006 -90.519395,29.778022 -90.519364,29.778018 -90.519336,29.777876 -90.517639,29.776513 -90.515865,29.775087 -90.513773,29.773421 -90.512015,29.771979 -90.51097,29.771122 -90.510145,29.770462 -90.509509,29.769967 -90.509232,29.769743 -90.506525,29.76755 -90.505623,29.76682 -90.505551,29.766741 -90.505297,29.766548 -90.505208,29.766492 -90.504986,29.766716 -90.504342,29.767318 -90.503799,29.76784 -90.50379,29.767849 -90.500751,29.770812 -90.500694,29.770863 -90.500146,29.771397 -90.49962,29.771902 -90.499603,29.771916 -90.499563,29.771953 -90.499537,29.771982 -90.498876,29.772633 -90.498214,29.773284 -90.49696,29.774522 -90.496908,29.774578 -90.493286,29.778161 -90.486485,29.784871 -90.486261,29.78506 -90.486228,29.785213 -90.48614,29.78525 -90.486106,29.785269 -90.486045,29.785318 -90.480894,29.790422 -90.480164,29.791137 -90.479434,29.791852 -90.478462,29.792804 -90.477489,29.793757 -90.469648,29.801485 -90.469488,29.80163 -90.469198,29.801998 -90.468331,29.803105 -90.468043,29.803474</coordinates></LinearRing></outerBoundaryIs></Polygon>
  </Placemark>
</Folder>
</Document></kml>
