<?xml version="1.0" encoding="utf-8" ?>
<kml xmlns="http://www.opengis.net/kml/2.2">
<Document id="root_doc">
<Schema name="shape" id="shape">
	<SimpleField name="District" type="string"></SimpleField>
	<SimpleField name="Code" type="string"></SimpleField>
</Schema>
<Folder><name>shape</name>
  <Placemark>
	<Style><LineStyle><color>ff0000ff</color></LineStyle><PolyStyle><fill>0</fill></PolyStyle></Style>
	<ExtendedData><SchemaData schemaUrl="#shape">
		<SimpleData name="District">North Carolina 8</SimpleData>
		<SimpleData name="Code">NC-8</SimpleData>
	</SchemaData></ExtendedData>
      <Polygon><outerBoundaryIs><LinearRing><coordinates>-79.1087596549409,34.3309322502031 -79.1082946517342,34.3311722494259 -79.1066416402221,34.3320422467107 -79.1060326359515,34.3323642457251 -79.1041556219408,34.3336012429418 -79.1037966190503,34.333899242472 -79.1008435967802,34.3358002382584 -79.1002935928282,34.3360812374296 -79.0980595766488,34.3372282341284 -79.0974475721834,34.3375432332416 -79.0952635549414,34.3390172304918 -79.094313547782,34.3395402292113 -79.0937145432496,34.3398702284137 -79.0902855181894,34.341441223638 -79.0881835019525,34.342593221028 -79.0861644852575,34.3439522189068 -79.0854724783855,34.3447122185567 -79.0844474692675,34.3455412177126 -79.0833494584275,34.3466922171702 -79.0831754566957,34.3468762170906 -79.0820404460755,34.3478882163626 -79.0807104292649,34.3501612169675 -79.0807054291799,34.3501752169771 -79.0806904289131,34.3502202170096 -79.0806864288302,34.3502352170221 -79.0805334257917,34.3507742174584 -79.0801134174048,34.3522582186776 -79.0800524165326,34.3523852187412 -79.0798664138589,34.3527752189409 -79.0797564129229,34.3528422188461 -79.0794254071772,34.3537812195319 -79.0792594057061,34.3538952194099 -79.0790244027149,34.3542842195394 -79.0783483940638,34.3554062199351 -79.0782103932098,34.355406219713 -79.0772443823241,34.3566202198043 -79.0766373761209,34.3572162196562 -79.0757233678699,34.3578362190749 -79.0746493581149,34.3585672184224 -79.0744283555854,34.3588422184673 -79.0746213554802,34.359162219215 -79.0747593563519,34.3591622194273 -79.0747323557066,34.3592772195471 -79.0750083562278,34.3595742203862 -79.0750083553794,34.3597802206741 -79.0751183555087,34.3599182210347 -79.0755053543003,34.3608112228644 -79.0757263503659,34.3621162250039 -79.0758373495811,34.3624822256743 -79.0763613501524,34.3631692273905 -79.076389349307,34.3634212277772 -79.0764723496562,34.3634672279612 -79.0766103483169,34.3640162289131 -79.0779913516564,34.3654132327858 -79.0784603518779,34.3661232343985 -79.0788193511234,34.3669022359367 -79.0788453511987,34.3669262360047 -79.0790123516645,34.3670852364475 -79.0792893513078,34.3676342375555 -79.0793443505791,34.3679092379933 -79.0797863511488,34.3685042393787 -79.0801793523566,34.3688592403759 -79.0804213531074,34.3690772409866 -79.0809183557877,34.3692372418643 -79.081390357745,34.3695412428894 -79.0819123599179,34.3698782440178 -79.0837903699291,34.3705422473468 -79.085309378997,34.3708382497149 -79.0853693792831,34.3708692498313 -79.0858893817742,34.3711362508353 -79.0865253840869,34.3716632522929 -79.0874683909988,34.3715132533474 -79.0885553982085,34.3715442548025 -79.0894034034905,34.3716632560437 -79.0906144110453,34.3718332578097 -79.0914974163491,34.3720172591578 -79.0921684186616,34.3726452607028 -79.0942964265299,34.3745372653948 -79.0949094285755,34.3751612667991 -79.095893429667,34.3768222696857 -79.0969984310295,34.3786862728527 -79.0973024316131,34.3791442736569 -79.0973024309983,34.3793272738358 -79.0982164342836,34.3802632757948 -79.0988784366992,34.3809412771937 -79.1010184451043,34.3830132814912 -79.1018414484166,34.3838102830998 -79.1019264485733,34.3839512833168 -79.1023234492924,34.384617284331 -79.1033304512012,34.3863052868579 -79.1034544510248,34.3866462872795 -79.1035664508649,34.3869552876598 -79.103796451327,34.387340288223 -79.1039904493686,34.3884162893358 -79.1039944490658,34.3885222894301 -79.1040464455495,34.3897672905414 -79.103955437514,34.3921182924595 -79.1039104334209,34.393317293442 -79.1040104333641,34.3935742937506 -79.1041594332794,34.3939582942095 -79.1041314327129,34.3940722942816 -79.1042774329875,34.3943352946331 -79.1042974330285,34.3943702946803 -79.1044904340522,34.3945072949649 -79.1046284341476,34.3948102953401 -79.1047944342768,34.3951712957864 -79.1052034359956,34.3956132965052 -79.1054304369558,34.395858296901 -79.1057624390469,34.3959952972948 -79.1060324405917,34.3961582976558 -79.1067844449071,34.3966132986533 -79.1070054458215,34.3968652990381 -79.1074204481494,34.3971392995981 -79.1076534492848,34.3973512999562 -79.1080004509842,34.3976663004854 -79.108028450581,34.3978723006682 -79.1082214515076,34.398055300966 -79.108763453404,34.3988113019798 -79.1088294536399,34.3989023021015 -79.1093554551082,34.3997723031712 -79.1096044552079,34.4003903038256 -79.1098264559127,34.4007343042504 -79.1099644558405,34.4011233046427 -79.110567458292,34.4018863056504 -79.110904459674,34.4023133062064 -79.1114294626416,34.4027023068651 -79.1116914641712,34.4028813071802 -79.1124774687706,34.403421308117 -79.112562469268,34.4034803082178 -79.1126734696147,34.4036643084229 -79.1127154688098,34.4040643087276 -79.1127564680604,34.4044423090159 -79.1126744650789,34.4052663095274 -79.1125884632821,34.4056603097418 -79.1125644627801,34.405770309802 -79.1123284599267,34.4061173098872 -79.1123154597669,34.4061373098926 -79.1117904542983,34.4065953098721 -79.1110504470702,34.4070653097322 -79.1106024426784,34.4073513096549 -79.1104994414631,34.4074873096891 -79.1101904378054,34.4078973097964 -79.1100224364538,34.4079013096949 -79.1100504354045,34.4083363100335 -79.1101864359888,34.4085083102435 -79.11063143792,34.4090683109224 -79.1108244381391,34.4095263113697 -79.1113274405561,34.4100893120691 -79.1117654426772,34.4105793126693 -79.1114224398671,34.4105943124841 -79.1112404383757,34.410602312386 -79.1111294363536,34.4109923126027 -79.1109424336872,34.4113913127853 -79.1107984316197,34.4117023129305 -79.1106044298496,34.4117703128733 -79.1104564272201,34.412261313151 -79.1104394269101,34.4123203131849 -79.1104954254327,34.4129843136998 -79.1109924274282,34.4136943144729 -79.1112444280454,34.41419431496 -79.1112694281088,34.4142433150077 -79.1114624292294,34.4144033152186 -79.1114634280492,34.414816315513 -79.1115794269529,34.4155293160761 -79.1116574262259,34.4160063164511 -79.11182342661,34.4163503167715 -79.1123214291615,34.4168993173838 -79.1124874292998,34.4173343177602 -79.1124374286432,34.4174193177969 -79.1120724238283,34.4180443180732 -79.112131422575,34.4186553185259 -79.1124394234662,34.4192453190642 -79.1125694228182,34.4198563195395 -79.1126374224887,34.4201733197851 -79.1126134200961,34.4209453203086 -79.1123394164364,34.4214203205358 -79.1117904105783,34.4218483206363 -79.1111844044786,34.4221873206617 -79.1108564004597,34.4226163208563 -79.110530394534,34.4237033215368 -79.1099543873719,34.4244743219208 -79.1099333870871,34.424510321941 -79.1094883809246,34.4253123224041 -79.109197375645,34.4262553230301 -79.1091143741741,34.4265113232007 -79.1088673697698,34.4272793237179 -79.1088203689247,34.4274273238185 -79.1087063679189,34.4274343237949 -79.1085963643801,34.4283043244332 -79.1085963630652,34.4287463247717 -79.1085973584625,34.4302963259589 -79.108460353511,34.4315563268996 -79.108543352808,34.4320373272831 -79.1084453500176,34.4326843277639 -79.1083783480786,34.4331363281016 -79.1081573448255,34.4335713284058 -79.1080743429956,34.4339373286782 -79.1082123437374,34.4340983288208 -79.1082963408612,34.4353113297674 -79.1083033407922,34.4353553298021 -79.108435339575,34.4361583304333 -79.1086283400747,34.4365703307659 -79.1086293373595,34.4374863314669 -79.1082703317397,34.4382883320627 -79.1071783194637,34.439094332647 -79.1069993174431,34.4392273327466 -79.1063083100042,34.4396173330399 -79.1058663056519,34.439731333122 -79.1049982933961,34.4411493342842 -79.1049552927844,34.4412203343436 -79.104568287905,34.4416553347118 -79.1038782778021,34.4428693357586 -79.1037122725392,34.4440603367861 -79.1035472692892,34.4446103372692 -79.1031882643882,34.4451133377304 -79.1029112611024,34.445342337952 -79.1028312598772,34.4454953380924 -79.1026632572802,34.4458233383946 -79.1025802538876,34.4466483391274 -79.1026642532133,34.4471063395202 -79.1026022521751,34.4472513396548 -79.1024162490599,34.4476853400597 -79.1023552480254,34.4478313401964 -79.1020012420587,34.4486633409827 -79.1016692374794,34.4491213414414 -79.1012552311584,34.4498773421884 -79.1001782174449,34.4509763433853 -79.0996502103473,34.4516203440865 -79.0990722025412,34.4523283448717 -79.0983261938637,34.4528093454929 -79.0973041813045,34.4536563465497 -79.0958951617827,34.4554433486824 -79.0943471428097,34.4566343503361 -79.0936561323235,34.4577333516907 -79.0936561296097,34.4585123525062 -79.0939051299569,34.459107353044 -79.0940161291299,34.4596563535771 -79.0936841227869,34.4605493546284 -79.0932141161107,34.4611453554307 -79.0925301037168,34.4627633574188 -79.0924411020863,34.4629773576843 -79.0918610929628,34.4639393589644 -79.091557088657,34.4643053594935 -79.0895670625732,34.4660693623507 -79.0895110612689,34.466275362609 -79.0894230603196,34.4662953626735 -79.089318059179,34.4663213627528 -79.0892110576693,34.4664433629419 -79.0891530568402,34.4665123630478 -79.0888480524932,34.4668703636017 -79.088323043726,34.4678323649614 -79.0880990396643,34.4683273656447 -79.0879920377158,34.4685653659744 -79.0874110284962,34.469481367343 -79.0867730198541,34.4700773683867 -79.0866920187539,34.4701533685206 -79.0866120176633,34.4702293686542 -79.0864970161591,34.4703213688263 -79.0864540155272,34.4703743689127 -79.0850059957943,34.4717253713488 -79.0839329799038,34.4730363735825 -79.0839009794211,34.4730773736523 -79.0836799723545,34.4743363753402 -79.0837079696636,34.4751153762839 -79.0834629645517,34.4757933772813 -79.0833139614232,34.4762093778954 -79.083064956717,34.4767663787548 -79.082933951116,34.4778703802215 -79.0829249507033,34.4779533803314 -79.082456944181,34.4783863812018 -79.0822279410537,34.478580381608 -79.0818079359742,34.4787653821403 -79.0813899315422,34.4787883824672 -79.0808849255708,34.4789733830649 -79.0787188928783,34.4815223879996 -79.0784028880689,34.4818963887398 -79.0777458756228,34.4832753911024 -79.0775758721618,34.4836893917965 -79.0773838624393,34.4855953945297 -79.0770418563814,34.4861943956314 -79.0767888527559,34.4864243961605 -79.0740128162098,34.4881064009185 -79.0731438050743,34.4885444023173 -79.0716827848319,34.4896264052058 -79.0709327674697,34.4918094091113 -79.0701617539906,34.4930064116314 -79.0696007441389,34.4938784134884 -79.0683587241976,34.4953514169685 -79.06723670838,34.49615641936 -79.0670907065004,34.4962194196091 -79.0665806999125,34.4964434204881 -79.0663426968334,34.4965484209005 -79.0658206896014,34.4968854219759 -79.0654576845578,34.4971214227302 -79.0650156779555,34.4975104238143 -79.0646556712229,34.4981284251816 -79.0646556677401,34.4989074264221 -79.064714667884,34.4990214265392 -79.0647386679443,34.4990674265861 -79.0647106650777,34.499639427527 -79.0645176621703,34.4998104280129 -79.064479661435,34.4998804281667 -79.064365660067,34.5000904280896 -79.0643286599786,34.5001614278325 -79.0639856575196,34.5004584269657 -79.0629596501998,34.5013504243531 -79.0626176477692,34.5016484234779 -79.062147640998,34.5013074254321 -79.0620186391413,34.5012144259662 -79.0616656340838,34.500965427405 -79.0613536297405,34.500773428559 -79.0610656257949,34.5006104295647 -79.0608866234077,34.5005234301297 -79.0606956208913,34.5004374307039 -79.0606576203865,34.5004194308219 -79.0605476189395,34.5003704311505 -79.0602596151973,34.5002524319674 -79.0601246134259,34.500193432366 -79.060093613017,34.5001794324595 -79.0600026118262,34.500140432725 -79.059972611433,34.5001274328131 -79.0595506063674,34.4999494337491 -79.0593166042238,34.4998514338429 -79.0589136005693,34.4996754339904 -79.0582875948535,34.4994124342318 -79.0578665910164,34.4992354343904 -79.0575035877138,34.4990824345243 -79.0564155778397,34.4986234349124 -79.0560535745633,34.4984704350369 -79.0557775720694,34.4983534351297 -79.0554065687289,34.4981944352496 -79.054307558857,34.4977234355917 -79.0534655512842,34.497369435853 -79.0531445484028,34.4972344359496 -79.0528195455046,34.4970944360396 -79.052386537852,34.4976844375729 -79.0523775376842,34.497698437608 -79.0519075294528,34.4983194392477 -79.0510715146714,34.4994424422256 -79.0508445106366,34.4997494430441 -79.0506315071873,34.5000274436126 -79.0505685068729,34.5001084433381 -79.0503795059451,34.5003544425019 -79.0503685058943,34.5003694424503 -79.050317505652,34.5004374422177 -79.0500435043405,34.5008004409774 -79.0497875031269,34.5011414398101 -79.0492225004503,34.5018924372383 -79.0491995003485,34.5019244371275 -79.0490294994169,34.5021234364678 -79.048921498747,34.5022334361185 -79.048860498373,34.5022964359175 -79.0486824971585,34.5024544354407 -79.0485054958505,34.5025904350564 -79.0482954942116,34.5027334346784 -79.0481034926385,34.5028484343997 -79.0478594905579,34.5029774341183 -79.0477054892481,34.5030594339381 -79.0475704880815,34.5031274337966 -79.0474244868176,34.5032004336458 -79.0469864830423,34.5034224331802 -79.0468414817956,34.5034964330237 -79.045884473545,34.5039784320162 -79.0444604613087,34.5046984304986 -79.0442494595776,34.5048214302033 -79.0440254578449,34.504973429798 -79.0436614552215,34.505259428972 -79.0434244535678,34.5054564283876 -79.0406924210576,34.5049704334512 -79.0391754026708,34.5046364365427 -79.0313003075625,34.5030204521435 -79.0297062882682,34.5026944553083 -79.0290482803018,34.5025604566134 -79.0271582573265,34.5021604604314 -79.0230002065362,34.5012494689864 -79.0227412064029,34.5017764669763 -79.0204181987735,34.5052374544283 -79.0169831879617,34.5103564357562 -79.0157371841721,34.5122124289538 -79.0135091782675,34.5156604161786 -79.0112481725382,34.5191624031416 -79.0111181722037,34.5193614024005 -79.0106341709606,34.5201013996437 -79.0087911663421,34.5229213891115 -79.0081781648532,34.5238613855907 -79.0082921667336,34.5239823849404 -79.0084271690775,34.5241473840746 -79.0085621715833,34.5243423830767 -79.0086651736692,34.5245233821734 -79.0088891786388,34.5249973798548 -79.0092501866251,34.5257583761325 -79.0093561889066,34.5259703750905 -79.009482191358,34.5261743740636 -79.009610193668,34.5263483731672 -79.0097331957725,34.5264943723994 -79.0098471976235,34.5266113717686 -79.0100092001169,34.5267523709837 -79.0102062030214,34.5269003701328 -79.0103922056511,34.527019369421 -79.0105882083276,34.5271273687477 -79.0108262114629,34.5272373680235 -79.0117152233127,34.5276753652007 -79.0118812255251,34.527757364673 -79.012925239442,34.5282753613465 -79.0132952443671,34.5284583601711 -79.0133212447138,34.5284713600879 -79.0143862591242,34.5290443565047 -79.0147502640459,34.5292403552803 -79.0147242645835,34.5293933546349 -79.0142992684695,34.5309713481321 -79.0141112701738,34.5316653452717 -79.0140552707104,34.5318773443963 -79.0139392720731,34.5323633423769 -79.0139132730729,34.532602341353 -79.0139042742744,34.5328453402947 -79.0139112756454,34.5330883392207 -79.0139832804311,34.5338423358387 -79.014070286179,34.5347473317795 -79.0142002945378,34.5360573259008 -79.0142182959379,34.5362843248867 -79.0142222972917,34.5365303238028 -79.0142082984186,34.5367693227671 -79.014179299121,34.5369583219654 -79.0141342996392,34.5371443211924 -79.0140632999906,34.5373503203568 -79.0139833000985,34.5375283196526 -79.013396299647,34.5385993155156 -79.013213299436,34.538919314286 -79.012343298494,34.5404473084045 -79.0121862981475,34.5406893074904 -79.0120132975971,34.5409243066221 -79.0118952970276,34.5410483061894 -79.0116822958566,34.541245305526 -79.0114722945571,34.5414123049915 -79.0108482903401,34.5418413036975 -79.0103942872821,34.542154302751 -79.0101212853363,34.5423223022703 -79.0098962836394,34.5424433019508 -79.0096562817434,34.5425563016807 -79.0094082796946,34.5426563014752 -79.0091532775031,34.5427433013335 -79.0083292701922,34.5429813010649 -79.0077012645572,34.5431503009138 -79.0073652614653,34.5432263008963 -79.0072042599381,34.543254300925 -79.0069822578457,34.543295300954 -79.0066382545084,34.5433413010763 -79.0058982470745,34.5433933015466 -79.0061182523332,34.5439362989377 -79.0067212641102,34.5449442939143 -79.0068302667044,34.5452122926277 -79.0068402686171,34.5455442911514 -79.0068542712305,34.5459972891368 -79.006742270552,34.5460862888484 -79.0067422737945,34.5466812862192 -79.0069032771702,34.546994284686 -79.0069902789874,34.5471622838627 -79.007543287337,34.5476432812235 -79.0085953012192,34.5481932778188 -79.0087333037641,34.5483992767821 -79.0088003070632,34.5488802745983 -79.0089333135236,34.5498192703339 -79.0089813158764,34.5501622687769 -79.0092853237262,34.5510332646568 -79.0095893303245,34.5516742615526 -79.0110213545343,34.5534322525034 -79.0110823555591,34.5535062521223 -79.0113033602918,34.5539642499058 -79.0115243636724,34.5541712487947 -79.0121053755295,34.5552702434351 -79.0121303927384,34.558430229514 -79.0118803965791,34.5596202245011 -79.0117423975114,34.5600552227092 -79.0113263954975,34.560467221263 -79.0111053957165,34.5609252194415 -79.0109384022793,34.5624592128345 -79.0103834034464,34.5637182077734 -79.0101064064529,34.5647942032732 -79.0101054098535,34.5654262004895 -79.0103264155927,34.5660771974312 -79.0104644183359,34.566328196207 -79.0120694422438,34.5677721884772 -79.0129264546531,34.5684821846254 -79.0130064556378,34.5685161844079 -79.0132494586215,34.568618183753 -79.0133304596159,34.5686521835348 -79.0131564615181,34.5693341806857 -79.0129834634448,34.5700181778261 -79.0127784655961,34.5708031745485 -79.0127134667832,34.5711461730954 -79.0126704674034,34.5713421722699 -79.0126584675138,34.5713851720909 -79.012540468666,34.5718201702774 -79.0125304688824,34.5718791700264 -79.0125014690324,34.5719611696901 -79.0124724689037,34.5719911695825 -79.0124134684597,34.5720181695132 -79.0123774682666,34.572049169407 -79.0123364682382,34.5721201691291 -79.0123094684514,34.5722101687559 -79.0122684689272,34.5723751680646 -79.0120994709813,34.5730721651401 -79.0120914710841,34.5731061649972 -79.0120734713877,34.5731961646164 -79.0116264769072,34.5750521568218 -79.0115674798141,34.5757021540102 -79.0114804809236,34.5760691524667 -79.0110784829541,34.5771871478753 -79.0100675010024,34.5823851257986 -79.0100035013567,34.5825671250477 -79.0092695056118,34.5846851162941 -79.0090575080422,34.5855171127922 -79.0084225153819,34.5880141022734 -79.0082665172119,34.5886310996718 -79.0078955134165,34.5885961001134 -79.0076735108569,34.5885221006119 -79.0074515072634,34.5882581019497 -79.0067214965901,34.5876021054144 -79.0063204908426,34.5872641072204 -79.0060294870474,34.5870881082253 -79.0056334824187,34.5869471091578 -79.004872473902,34.5867461106412 -79.0015634374996,34.5859961165546 -79.0012144335068,34.5858901172988 -79.0011304324432,34.5858461175601 -79.0006294205485,34.5845831235634 -79.0004924171281,34.5842081253375 -79.0004694165479,34.5841441256401 -78.9999474047784,34.5828531318577 -78.9994173966006,34.581334139729 -78.9989523987591,34.581683139165 -78.9988144003462,34.5819581382383 -78.9986454010068,34.5820631381315 -78.9983884012113,34.5820781386104 -78.9977924039053,34.582516137938 -78.9969064054464,34.5827221389127 -78.9955574064093,34.5827851415069 -78.9954394064961,34.5827911417317 -78.9951064062779,34.5827231427397 -78.9948294050337,34.5824711444367 -78.9947384043198,34.5823321452409 -78.9943374011401,34.5817121488145 -78.9933443943749,34.5803731567831 -78.9932433936912,34.5802371575914 -78.9923923902703,34.5795211625117 -78.9918433894426,34.5793131645712 -78.9901663889445,34.5790521692205 -78.9865823873384,34.5783791796254 -78.9862913872161,34.5783251804653 -78.9842013869504,34.5780511860007 -78.9842663877735,34.5782161851571 -78.9844613902507,34.5787121826209 -78.9845263910808,34.5788781817721 -78.9833693930434,34.579135183091 -78.9832853931872,34.5791541831855 -78.980833395809,34.5794081872381 -78.9801563976997,34.5797071873861 -78.9799683987242,34.5798881870115 -78.9794444015797,34.5803941859643 -78.9789934021612,34.5804631866215 -78.9780354051644,34.5809591865408 -78.9751604140439,34.5824461863603 -78.974203416968,34.5829431863102 -78.9744304176888,34.5831081851341 -78.9748624187549,34.5833601831543 -78.9754614207254,34.5838061799995 -78.9757404216436,34.5840131785314 -78.9788434329719,34.58650116134 -78.9789724336874,34.5866511604246 -78.9790024339564,34.5867061601264 -78.9790754345968,34.5868371594125 -78.9790904355441,34.5870241585868 -78.9790804367248,34.5872551576286 -78.979031437695,34.587442156942 -78.9789284381644,34.5875271568055 -78.9787914383401,34.5875521569975 -78.978732438834,34.5876451567317 -78.9786974397111,34.5878151560875 -78.9787174403858,34.587949155476 -78.9787224407657,34.5880241551472 -78.9788004414413,34.5881621543922 -78.9788324416391,34.5882031541486 -78.978891442001,34.5882781537019 -78.9790124425104,34.5883861529798 -78.979283443756,34.5886481512762 -78.9793144438988,34.5886781510811 -78.9794524443486,34.5887751503676 -78.9795424446409,34.5888381499033 -78.9797684459577,34.5891101482533 -78.9798434473141,34.5893801469417 -78.9798834478333,34.5894841464121 -78.979962448397,34.5895991457499 -78.9800304487342,34.5896691453031 -78.9800684489222,34.5897081450539 -78.9801024490295,34.5897311448814 -78.980127448981,34.5897231448605 -78.980205448609,34.5896551449784 -78.9804954473205,34.5894211453374 -78.9807264466943,34.5893131452905 -78.9808954463332,34.5892531451755 -78.9812924461617,34.5892441443437 -78.981570446692,34.5893641432225 -78.9817014472127,34.5894731424701 -78.9818754478601,34.5896091415078 -78.9820314487719,34.5897951403711 -78.9821924494822,34.5899421393894 -78.9824094505852,34.5901681379464 -78.98252045169,34.5903881367616 -78.9826094522022,34.5904921361209 -78.9826714525621,34.590565135672 -78.9827884534242,34.5907381346741 -78.9830384548616,34.591029132877 -78.9832694542324,34.5909201328335 -78.9833844545481,34.5909871322926 -78.9833984546013,34.5909981322145 -78.9833844546674,34.5910101321941 -78.9829954562829,34.591301131808 -78.9828374569521,34.5914221316397 -78.9824804584487,34.5916931312713 -78.9816974617299,34.5922901304586 -78.9805984662547,34.5931191293713 -78.9803024674651,34.5933421290826 -78.980013468758,34.5935821287073 -78.9799374691378,34.5936531285754 -78.9798084699174,34.593800128239 -78.979782470107,34.5938361281442 -78.9796974707485,34.5939581278161 -78.9796194714545,34.5940931274173 -78.9795454722868,34.5942531269035 -78.9794934730274,34.5943961264129 -78.9794494738886,34.5945631258026 -78.9794224747564,34.5947321251457 -78.9794124756462,34.5949061244296 -78.9794054765252,34.5950781237152 -78.9793724804444,34.5958451205338 -78.9792984893823,34.5975951132741 -78.9793014908202,34.5978771120706 -78.9793214920929,34.5981271109641 -78.9794044947923,34.5986581085209 -78.9795504995248,34.5995881042386 -78.9795655000239,34.5996861037881 -78.9796115015368,34.5999831024213 -78.9796275020411,34.6000821019641 -78.9796345022704,34.6001271017569 -78.9796555029584,34.6002621011353 -78.9796635031877,34.6003071009258 -78.979694504197,34.6005051000135 -78.9797875072317,34.6011000972716 -78.9798185082473,34.6012990963546 -78.97938751157,34.6019460946033 -78.978104521419,34.6038780893966 -78.9780965214798,34.6038900893645 -78.9776965248554,34.6045570874778 -78.9774995257419,34.604733087195 -78.9769095283971,34.605262086344 -78.9767135292826,34.6054390860573 -78.9759875321738,34.6060200853154 -78.9738105407462,34.6077650831283 -78.9730855435683,34.6083470824127 -78.9728055444312,34.6085270823257 -78.9719665470267,34.6090710820514 -78.9716875478908,34.6092530819576 -78.9716105481031,34.6092980819537 -78.9713815487491,34.6094350819292 -78.9713055489659,34.609481081919 -78.9711725486287,34.6094160825073 -78.9710535483872,34.609370082983 -78.9709125481775,34.6093310834818 -78.9708025480654,34.6093110838276 -78.9706525479973,34.6093010842271 -78.970501547998,34.6093050845708 -78.9703575480534,34.6093200848521 -78.9701805481291,34.6093400851914 -78.9696765484221,34.6094130860912 -78.9682545492597,34.6096230886172 -78.9674495497286,34.6097420900492 -78.967220549862,34.6097760904564 -78.9664805502622,34.6098800917971 -78.96631455035,34.6099030920994 -78.9658165506218,34.6099740929986 -78.9656515507186,34.6099990932906 -78.9654745606646,34.6120780851699 -78.9649475904067,34.6183150608406 -78.9647726002937,34.6203950527392 -78.964729602247,34.6208070511562 -78.9646026081174,34.6220460463919 -78.9645606100728,34.6224590448036 -78.9644926134917,34.6231810420141 -78.9642926237374,34.6253470336412 -78.9642266271535,34.6260700308464 -78.9641726305069,34.6267790280791 -78.9641216337124,34.6274570254319 -78.9640426405843,34.6289080196911 -78.9640046439501,34.629619016877 -78.96395464726,34.6303200141356 -78.9638086571879,34.6324240059007 -78.9637606604978,34.6331260031525 -78.9637496636405,34.6337880004717 -78.9637446651836,34.6341129991546 -78.9637426658769,34.6342589985623 -78.9636766792361,34.6370769872034 -78.9636536839181,34.6380649832214 -78.963613683921,34.6380719832994 -78.9634956839408,34.6380949835198 -78.9634566839492,34.638102983591 -78.9618926841719,34.6384019865412 -78.9587836845564,34.6389969924301 -78.9582546846126,34.6390979934367 -78.9572006847165,34.6392989954462 -78.9570306847351,34.6393319957684 -78.9564806847945,34.6394389968104 -78.9556376848714,34.6396009984179 -78.9553186848976,34.6396619990281 -78.9543606849747,34.6398460008596 -78.9540426850027,34.6399080014647 -78.9538146850157,34.6399510019045 -78.953131685062,34.6400820032145 -78.9529046850831,34.6401270036444 -78.9526746850968,34.6401710040866 -78.9519866851324,34.6403020054129 -78.9517576851496,34.6403470058492 -78.9516746851499,34.6403620060126 -78.9514276851609,34.6404090064896 -78.9513456851708,34.6404260066424 -78.9512566851748,34.6404430068141 -78.950990685183,34.6404930073307 -78.9509026851921,34.6405110074958 -78.9507716851975,34.6405360077489 -78.9503786852128,34.6406110085084 -78.9502486852229,34.640637008755 -78.9501656852221,34.6406520089189 -78.9499166852284,34.6406990094026 -78.9498346852371,34.640716009556 -78.9494766852424,34.6407830102542 -78.9484046852668,34.6409870123347 -78.9480476852775,34.6410560130243 -78.9472816852878,34.6412020145137 -78.947233685292,34.6412120146037 -78.9449836853022,34.6416430189829 -78.9442176852971,34.641790020477 -78.9433046852836,34.6419650222615 -78.9451737184169,34.649219988821 -78.9451687205344,34.6497079869254 -78.9452697217465,34.6499629856467 -78.9453917229508,34.6502109843366 -78.9455687244224,34.6505069826846 -78.9457267255581,34.6507299813707 -78.9459877272002,34.651043979412 -78.9465707307524,34.6517159751462 -78.9467297318238,34.6519219738923 -78.9468667329477,34.6521449726325 -78.9469627338447,34.6523259716522 -78.9470667350056,34.6525649704211 -78.9478737450104,34.654636959995 -78.9479447458575,34.6548109591088 -78.9481647487899,34.65541895609 -78.9482547502045,34.655715954664 -78.9483297516515,34.6560239532367 -78.948380753054,34.6563279518929 -78.948415754443,34.6566329505903 -78.9484297554142,34.6568489496985 -78.9484377559674,34.6569719491906 -78.9484627576329,34.6573419476597 -78.9484717581918,34.6574659471449 -78.9485677639021,34.6587309418794 -78.9486727700804,34.6600979361831 -78.9486757711244,34.6603329352469 -78.9486567721363,34.6605669343781 -78.9486217730085,34.6607739336621 -78.9485707738468,34.6609779330043 -78.9485027746499,34.6611789324076 -78.9484147754359,34.6613819318611 -78.9482957762786,34.6616069313179 -78.948173776975,34.66179993091 -78.9480357776234,34.6619869305726 -78.9477877786753,34.6622979300662 -78.9475207798092,34.6626339295181 -78.9470057820549,34.6632979284031 -78.9465587839423,34.6638629274853 -78.9452197895536,34.6655609247436 -78.9447737914023,34.6661269238384 -78.9443617930964,34.66664892301 -78.9443437931798,34.6666739229653 -78.9441237942372,34.6669889223833 -78.9439047954399,34.6673379216669 -78.9437267965589,34.6676549209558 -78.9432977995084,34.6684799190089 -78.9429778017097,34.669097917551 -78.9428558025225,34.669327917018 -78.9424918049692,34.6700209154046 -78.9423708057828,34.670251914867 -78.942155807215,34.6706599139225 -78.942148807256,34.6706719138967 -78.9417298101506,34.6714939119567 -78.9414938117017,34.6719399109328 -78.9412728131643,34.6723609099629 -78.9410508146128,34.6727799090055 -78.9409928149971,34.6728909087498 -78.9408748157873,34.6731189082214 -78.9404488186509,34.6739469062994 -78.9403978189793,34.6740429060819 -78.9401758204116,34.6744619051317 -78.9397648231423,34.6752589032951 -78.9395878243172,34.6756029025032 -78.9385238312267,34.6776478978556 -78.9381108338922,34.6784438960544 -78.9378698354347,34.6789068950121 -78.9371458400435,34.6802988918896 -78.9369058415721,34.680762890849 -78.9367198427385,34.6811188900578 -78.9361638462319,34.6821888876781 -78.9359788473925,34.6825458868851 -78.93716085051,34.6828008822474 -78.9375508516037,34.6828998806589 -78.937857852508,34.6829878793692 -78.9383618540015,34.6831338772449 -78.9394378572572,34.6834588726536 -78.9417738643374,34.6841548626998 -78.941867864628,34.6841838622947 -78.9422528657349,34.684282860712 -78.9424488662717,34.6843268599308 -78.9426518667611,34.6843568591822 -78.9428558671924,34.6843728584847 -78.9430618675671,34.6843748578354 -78.943241867844,34.6843648573139 -78.9434578681201,34.6843398567387 -78.9439018686928,34.6842898555513 -78.9446158695312,34.6841908537154 -78.9448708698575,34.6841618530352 -78.9453748704636,34.6840958517252 -78.9456888708017,34.6840458509442 -78.946811872066,34.6838808480992 -78.9471508724189,34.6838248472654 -78.9497748751329,34.6833938408142 -78.9502878755919,34.6832948396139 -78.9509288760849,34.6831538381843 -78.9524428771524,34.6828028348859 -78.9541948783686,34.6823988310732 -78.9543828784943,34.6823548306675 -78.9547068787184,34.6822808299614 -78.9549518789143,34.6822308294038 -78.9550228789733,34.6822168292404 -78.955142879094,34.6821978289454 -78.9553418792965,34.6821668284543 -78.9556228796357,34.6821348277137 -78.9562778806253,34.682103825813 -78.9596938857746,34.6819428159037 -78.9608328874894,34.6818898125993 -78.9619968892351,34.6818348092269 -78.9623548896859,34.6817998082638 -78.9624808898129,34.6817808079521 -78.9627098900458,34.6817468073836 -78.9642878912569,34.681431803801 -78.9651028918483,34.6812638019762 -78.9673418934835,34.6808107969417 -78.9689618946425,34.6804837933081 -78.9696578951309,34.6803427917522 -78.9717488965847,34.6799217870786 -78.9719838967472,34.6798747865531 -78.9722258968271,34.6798087860857 -78.9724358968328,34.6797387857335 -78.9725388968123,34.6796997855803 -78.9725498968158,34.6796967855591 -78.9728038966959,34.6795867852396 -78.9728408966586,34.6795667852097 -78.972939896581,34.679517785111 -78.9730278964948,34.6794707850377 -78.9730478964835,34.679461785014 -78.9732458962081,34.6793397849175 -78.9732828961356,34.6793127849171 -78.9733658959906,34.6792557849013 -78.9734798957826,34.679175784887 -78.9736748953256,34.6790187849473 -78.9738588947992,34.6788517850838 -78.973963894425,34.6787417852236 -78.974158893745,34.67854078547 -78.9755488882097,34.6769807877839 -78.9757608873617,34.6767437881367 -78.9760748860918,34.6763907886691 -78.9765098843145,34.6758997894187 -78.9775738799428,34.6747017912569 -78.9778208789609,34.6744317916529 -78.9779778783436,34.6742617918985 -78.9781798777085,34.6740747920808 -78.9782948773994,34.6739787921407 -78.9783928771295,34.6738957921969 -78.9787848762041,34.6735947922919 -78.980181872883,34.6725257926335 -78.980268872677,34.6724597926533 -78.9807688715253,34.6720877927381 -78.9807768741551,34.6725977905425 -78.9807828757451,34.672905789213 -78.9807658768483,34.6731257883273 -78.980731877915,34.6733437875013 -78.98068087895,34.6735607867308 -78.9806138799394,34.6737737860258 -78.9804868813427,34.6740857850806 -78.9804718815245,34.6741257849556 -78.9802858834382,34.6745557836873 -78.9801668846602,34.6748307828772 -78.9798088883211,34.6756567804494 -78.979690889544,34.6759327796345 -78.9794078924255,34.6765857777207 -78.9785599010382,34.678547771985 -78.978277903894,34.6792017700781 -78.9782539041282,34.6792557699231 -78.9781839048339,34.6794177694519 -78.9781609050747,34.6794727692895 -78.9778619080424,34.6801567673132 -78.9778339083297,34.6802227671201 -78.977670909716,34.6805507662343 -78.9773459120533,34.6811217648219 -78.9767609160342,34.6821087624607 -78.9766579167386,34.682283762041 -78.9763839186311,34.6827537609073 -78.9762409196,34.6829957603306 -78.975920921785,34.6835417590235 -78.9758029224666,34.6837187586448 -78.9757249229216,34.6838367583905 -78.9756409233355,34.6839487581803 -78.9755349238606,34.6840907579125 -78.9749929262592,34.6847617567792 -78.973034934811,34.687189752727 -78.9727509360431,34.6875437521393 -78.9723709375479,34.6879897514714 -78.9742199476859,34.6893337400116 -78.9751459528037,34.6900067342546 -78.9765329605407,34.6910187255923 -78.9767189615238,34.691142724478 -78.9769409625876,34.6912687232403 -78.9771479634871,34.6913677221638 -78.9773669643602,34.691456721091 -78.977605965207,34.6915327200091 -78.9778629660287,34.6915967189202 -78.9780969666949,34.6916387179974 -78.9783339672962,34.6916667171242 -78.9785719678286,34.691680716307 -78.9789009684713,34.6916817152549 -78.9803969714631,34.691699710414 -78.9826839760467,34.6917287030061 -78.98377497823,34.6917416994753 -78.983826978336,34.6917426993054 -78.9846069799219,34.6917566967607 -78.9851449809655,34.6917566950469 -78.9861769830409,34.6917706916992 -78.9863999835366,34.6917826909371 -78.9866209841075,34.6918096901165 -78.9868499847732,34.6918516892056 -78.9870359853821,34.6918986884099 -78.9872389860508,34.6919506875383 -78.9879949886529,34.6921646842025 -78.9880859889997,34.6921966837738 -78.9882199883234,34.6920196841128 -78.9882589880868,34.691960684244 -78.9884069872031,34.6917396847296 -78.9885579861329,34.6914826853623 -78.9886939850055,34.6912206860652 -78.9886999849321,34.6912046861155 -78.988820983753,34.6909386868841 -78.9891179808258,34.6902806887954 -78.9891849801293,34.6901256892556 -78.9893029789441,34.6898606900319 -78.9894949769764,34.6894226913259 -78.9898929729921,34.6885346939268 -78.9899659722056,34.6883616944486 -78.9901899699482,34.6878606959214 -78.9902729691726,34.6876866964171 -78.9904279677597,34.6873686973133 -78.9906749656682,34.6868926986096 -78.9908839640645,34.6865216995698 -78.9915119592563,34.6854127024388 -78.9917219576462,34.6850427033975 -78.9919209560883,34.684686704331 -78.9925219514192,34.6836217071138 -78.9927219498559,34.6832667080453 -78.9933989505991,34.6831847063036 -78.9954339528373,34.6829417010595 -78.996111953578,34.6828606993147 -78.9965089538814,34.6827896983974 -78.9977029548059,34.6825796956264 -78.9981009551116,34.6825096947039 -78.9987489560102,34.6824686928795 -78.9989939563524,34.6824536921876 -78.999443956978,34.682425690919 -78.9998929576013,34.6823976896538 -79.000694963252,34.6823476892602 -79.0013439683814,34.6823076891669 -79.0015119696504,34.6822866891899 -79.0018119719196,34.6822496892289 -79.0020179734747,34.6822236892582 -79.0021869747579,34.6822036892762 -79.0025089772699,34.682177689257 -79.0034749848077,34.6820996891989 -79.0037969873208,34.6820736891793 -79.0039609885582,34.6820526892037 -79.004453992296,34.681992689263 -79.0046189935476,34.6819726892825 -79.005888003482,34.6818746891844 -79.009695033325,34.6815836888712 -79.0100340359891,34.681558688839 -79.0109640432751,34.6814856887694 -79.0112190452195,34.6814556887942 -79.0119840510757,34.6813696888506 -79.0122400530401,34.6813416888659 -79.0125670556288,34.6813206888205 -79.013551063426,34.6812586886784 -79.0138800660374,34.6812386886275 -79.0139030662061,34.6812346886354 -79.0139730667257,34.6812236886542 -79.013997066908,34.6812206886572 -79.0143680698241,34.6811926886237 -79.0154830786014,34.6811106885131 -79.0158550815323,34.6810836884744 -79.0173750930747,34.6808906886777 -79.0219381277874,34.6803126892686 -79.0234591393802,34.6801206894582 -79.0232261368697,34.6800086900453 -79.0227861303466,34.6794546926471 -79.0227381296992,34.6794066928768 -79.0226671286478,34.6793176932952 -79.0226101278059,34.679246693629 -79.0225531269691,34.6791766939586 -79.0221591211653,34.6786896962512 -79.0218081155615,34.6781736986531 -79.0214921108954,34.6777827004958 -79.0214051095508,34.6776637010528 -79.0213171081976,34.6775447016104 -79.0210061033997,34.677121703592 -79.0208701013002,34.676936704459 -79.0208601011489,34.6769237045202 -79.0206440976549,34.6765997060293 -79.0202960920261,34.6760787084575 -79.0201340892128,34.6757997097476 -79.0196510808053,34.6749657136055 -79.019490078,34.6746877148922 -79.0193050749346,34.674398716238 -79.0179130443087,34.6708007326069 -79.017875043461,34.6707007330621 -79.017089019295,34.6673827479559 -79.0167790016641,34.664547760522 -79.0171559929689,34.6622947702054 -79.0182329857382,34.6591727833327 -79.0184369842771,34.6585617859022 -79.0190519799589,34.6567317935906 -79.0198629758613,34.6546128024307 -79.0199529753636,34.6543688034496 -79.0201039745581,34.6539648051351 -79.0202569742539,34.6536528064174 -79.020372974048,34.6534208073694 -79.0205829769788,34.6536318063374 -79.0212139857715,34.6542648032428 -79.0214249887106,34.6544768022073 -79.0215879909761,34.6546398014109 -79.0220769977781,34.6551307990143 -79.0222400000454,34.6552947982144 -79.0227820075718,34.6558387955618 -79.0244090301042,34.6574707876169 -79.0249520376073,34.6580157849684 -79.0250570390602,34.6581217844538 -79.0253770434859,34.6584447828864 -79.0258830504788,34.6589557804084 -79.0259380512356,34.6590107801415 -79.0266520610876,34.6597317766488 -79.0270780669571,34.6601617745675 -79.0273670709012,34.6604467731855 -79.0273920712441,34.6604717730645 -79.0282230827006,34.6613167689837 -79.0283550845172,34.661450768337 -79.0285100866428,34.6616067675836 -79.0296981029107,34.6628027618135 -79.0311281224351,34.6642427548809 -79.0316031288793,34.6647157526046 -79.0332451512064,34.6663717446586 -79.0332641514635,34.6663907445675 -79.0344481675438,34.667591738821 -79.0353841801822,34.6685327343223 -79.038192217941,34.6713577208577 -79.0388432266596,34.6720127177445 -79.0389332278611,34.6721027173167 -79.039129230477,34.6722987163853 -79.0394392346315,34.6726127148956 -79.0401642443489,34.6733497114033 -79.0403712470985,34.6735557104258 -79.0404482481228,34.6736327100608 -79.0406832512575,34.6738697089383 -79.0408342532694,34.6740217082184 -79.0411262571632,34.6743167068224 -79.0412892593127,34.6744767060634 -79.0414422613335,34.6746277053476 -79.0424472746491,34.6756317005986 -79.0431112834276,34.6762946974665 -79.0454733144483,34.6786336864355 -79.0459413205768,34.6790976842524 -79.0461683235514,34.6793236831901 -79.0462903251472,34.6794446826213 -79.0464823276605,34.6796356817239 -79.0465283282588,34.6796806815122 -79.0466663300629,34.6798176808687 -79.0467123306658,34.6798636806527 -79.0468063318975,34.6799576802116 -79.0470903356075,34.6802396788877 -79.0471853368464,34.6803336784463 -79.0473093384645,34.6804566778691 -79.0475863420689,34.6807296765876 -79.0477023435809,34.6808446760482 -79.0478313452671,34.6809736754438 -79.0486773562554,34.6818076715341 -79.0489613599393,34.6820876702227 -79.0501893759172,34.6833146644899 -79.0506093811823,34.6836946627004 -79.0509323850938,34.6839586614451 -79.0512883892879,34.6842256601642 -79.0522394004807,34.6849396567426 -79.0526844056961,34.6852706551565 -79.054020421337,34.6862666503918 -79.0543364250323,34.6865026492645 -79.0544664265467,34.6865986488055 -79.0545794278654,34.6866826484043 -79.0549204318501,34.6869376471875 -79.0550344331804,34.687022646782 -79.0551604346507,34.6871166463336 -79.0557834419252,34.6875836441084 -79.055945443818,34.6877056435278 -79.0566454519234,34.6882186410805 -79.0578344657842,34.6891156368214 -79.0580344680944,34.6892626361222 -79.0582124701505,34.6893936354994 -79.0587244762004,34.6898006335815 -79.0587714767723,34.6898416333902 -79.0589284787101,34.6899846327256 -79.0591054809948,34.6901676318847 -79.0592784833015,34.690362630995 -79.0593564843877,34.6904606305513 -79.0594894862389,34.6906276297955 -79.0595904877281,34.690772629145 -79.0596694888815,34.6908836286464 -79.0598504916832,34.6911726273581 -79.0598764921154,34.6912206271457 -79.0599634935355,34.6913756264588 -79.0600354947184,34.6915056258832 -79.0600734953721,34.6915806255524 -79.060334500172,34.6921636229954 -79.0607935085819,34.6931846185193 -79.0613975197475,34.6945546125232 -79.0617505262533,34.6953536090289 -79.0622165348934,34.6964226043594 -79.0627015438526,34.6975315995186 -79.0636275608049,34.6996255903859 -79.0641005694332,34.7006935857333 -79.0646215789216,34.7018705806105 -79.0647195807205,34.7020955796323 -79.0653745926865,34.7035905731355 -79.0663936109893,34.7058605632771 -79.0665446135628,34.7061675619408 -79.0666166146614,34.7062855614228 -79.0666856157091,34.7063975609309 -79.0668456179588,34.7066175599569 -79.0670026200352,34.7068045591225 -79.0671736221847,34.7069835583172 -79.067356624387,34.707153557546 -79.0675526266455,34.7073135568127 -79.0676626278731,34.707394556438 -79.0678916303621,34.7075485557196 -79.0681416329924,34.7076975550157 -79.0684016356507,34.7078355543548 -79.0686706383202,34.7079605537457 -79.0689126406651,34.70806055325 -79.0690366418385,34.7081055530223 -79.0691946433318,34.7081625527335 -79.0695446465484,34.7082685521787 -79.0698616493938,34.7083495517392 -79.0701476518931,34.7084075514058 -79.0704366543486,34.7084505511343 -79.0706926564742,34.7084775509401 -79.0709866588572,34.7084955507715 -79.0713376616201,34.7084985506474 -79.0736456795678,34.7084685500387 -79.0750486904844,34.7084515496633 -79.0751236910676,34.7084505496435 -79.0751986916551,34.7084505496197 -79.075242692647,34.7085985489903 -79.0752726935247,34.7087455483695 -79.0752976940702,34.7088255480289 -79.0754516973949,34.7093105459639 -79.0755896989721,34.7094245454465 -79.0760567030682,34.7095265448759 -79.0762267045627,34.7095645446647 -79.0763377062318,34.7097485438655 -79.0763107075149,34.7100915424491 -79.0761167073993,34.7104125411758 -79.0763107119057,34.7110995382617 -79.0762547126674,34.7113745371365 -79.0749797102524,34.7130915303865 -79.074979712756,34.7136635280075 -79.0752077157612,34.7139465267627 -79.0754237186014,34.7142135255885 -79.0754787223259,34.7149685224334 -79.0758397277176,34.7155645198506 -79.0758397297161,34.7160225179472 -79.0753687308857,34.7171215135142 -79.0753127329552,34.7176935111518 -79.0754237349098,34.7179455100727 -79.0752857375524,34.7187925065898 -79.075507744157,34.7199145018635 -79.0761457538303,34.7210134971224 -79.0763117573936,34.7215404948883 -79.0763117624813,34.7227084900363 -79.0757847639653,34.7239674849428 -79.0757847683644,34.7249754807534 -79.0760067746378,34.7260284763212 -79.0761457762854,34.7261654757171 -79.0761737772945,34.7263484749498 -79.0763957803691,34.7266694735609 -79.0763957830602,34.7272874709939 -79.076515784831,34.7274864701378 -79.0766447867297,34.7276994692216 -79.0768117923703,34.7287074649952 -79.0771447953681,34.7288214644418 -79.0772557975957,34.7291424630828 -79.0784758112081,34.7301724585205 -79.0791928208911,34.7311724542085 -79.0791968236194,34.731798451614 -79.0790028242456,34.7322794496653 -79.0793638277269,34.7324624488251 -79.0794748297345,34.732736447665 -79.0798908337204,34.7329424467182 -79.0798078351709,34.7334234447451 -79.0800018377965,34.7336984435633 -79.0797798388037,34.7343164410535 -79.0798078410804,34.7347974390556 -79.080015843595,34.7350234380747 -79.0804178484561,34.7354614361748 -79.0804578511124,34.7360114338901 -79.0804738521147,34.7362174330342 -79.0811118573181,34.7363304324313 -79.0813888608377,34.7366744309502 -79.0813618625968,34.7371324290622 -79.0812198629989,34.7374714276899 -79.0810288635679,34.7379334258187 -79.0809728663928,34.7386894227031 -79.0810568688733,34.7391244208868 -79.0809458703101,34.7396504187334 -79.0805018723563,34.740887413703 -79.0804188762672,34.7419404093613 -79.0801968769082,34.7424674072222 -79.0801698777936,34.7427194061842 -79.0805578816064,34.7429484051638 -79.0810298855106,34.7430564046289 -79.0810568857332,34.743062404599 -79.081195887628,34.7432684037212 -79.0819998938749,34.7433594031959 -79.0820008959344,34.743840401208 -79.082138897331,34.7439324008025 -79.0825279003574,34.7439784005414 -79.0824898978664,34.7434584026962 -79.0824158930078,34.7424444068986 -79.0824178906922,34.7418974091578 -79.0824208884947,34.7413764113095 -79.0837138978322,34.7413474111798 -79.0843769026199,34.7413324111138 -79.0852119086329,34.7413094110474 -79.0875249252243,34.7412294109298 -79.0909589513972,34.7414814092331 -79.0917079575343,34.7416414084337 -79.093264972404,34.7424934046507 -79.0942599821638,34.7431064019585 -79.0949539886162,34.7434494004287 -79.0970620064613,34.7440673975205 -79.0981440172694,34.7447993943429 -79.100279034777,34.7453023919155 -79.1004540511649,34.7491043764396 -79.1006080590319,34.7521643787334 -79.1006190594252,34.7523773793154 -79.1006330600733,34.7527483803299 -79.1006740618577,34.7537603830965 -79.1006780620349,34.7538613833726 -79.1006950627029,34.7542333843892 -79.1007230638624,34.7548873861767 -79.1007460648027,34.7554173876251 -79.1008040667665,34.7564813905306 -79.1008340672529,34.7566733910514 -79.1008790678067,34.7568423915064 -79.1009400684608,34.7570063919449 -79.1010090691401,34.7571513923298 -79.101105070027,34.7573143927591 -79.1011800706935,34.7574243930469 -79.1013080717888,34.7575843934621 -79.1016150743482,34.7579273943457 -79.1019310769713,34.7582813952573 -79.1029560853598,34.7594063981464 -79.1034050889929,34.7598993994106 -79.1044520971128,34.7608484018059 -79.1046120983373,34.7609884021578 -79.1046700987584,34.7610214022368 -79.1047040989985,34.7610354022686 -79.104694099225,34.7612694029093 -79.1044850983029,34.7616214039101 -79.1043780978263,34.7617954044058 -79.1034190936679,34.7633684088892 -79.1033780934963,34.7634374090859 -79.1032920931272,34.7635744094773 -79.103103092346,34.7638944103893 -79.1041510993492,34.7641404108539 -79.105728109381,34.7641314105164 -79.1061941122779,34.7640704102577 -79.1064761140337,34.7640344101037 -79.1077091214117,34.7635864086401 -79.1078881224881,34.7635214084279 -79.1087191276653,34.7633794078783 -79.1113461443206,34.7631614067713 -79.1130871557542,34.7634864073101 -79.1151491696709,34.7645814098624 -79.1166671797507,34.7653884117359 -79.1179381880458,34.7659894130982 -79.1177201868064,34.7662414138215 -79.1170681831408,34.7670014160036 -79.1168511819335,34.7672544167306 -79.1168171817137,34.7672374166918 -79.1167171810663,34.7671864165749 -79.116684180853,34.7671704165386 -79.1157301746477,34.7666874154319 -79.115375172325,34.7665074150187 -79.1149791697395,34.7663284146162 -79.1146181673865,34.7661814142927 -79.1142971652979,34.7660634140392 -79.1139331629521,34.7659684138564 -79.1134191596403,34.7658444136254 -79.112827155827,34.7657144133937 -79.1126991550038,34.7656894133519 -79.1122321519973,34.7655984132 -79.1116481482416,34.7654974130445 -79.1112331455902,34.7654504130009 -79.1109291436612,34.7654324130135 -79.1105141410447,34.7654274130837 -79.11015313878,34.7654354131784 -79.1098341367933,34.7654574133026 -79.1096651357472,34.7654754133856 -79.1087231299274,34.7655804138615 -79.1085291287337,34.7656054139687 -79.1082981273144,34.7656364140998 -79.1078571245951,34.7656844143198 -79.1076061230428,34.7657064144305 -79.1071421201629,34.7657364146062 -79.1066771172626,34.7657524147441 -79.1037160987553,34.7658094155005 -79.1019680878393,34.7658434159485 -79.1018870873159,34.7658324159348 -79.1018110868039,34.7658074158818 -79.101743086325,34.7657704157943 -79.101688086068,34.7658324159752 -79.1015250853117,34.7660184165176 -79.101471085064,34.7660814167011 -79.1011760837069,34.7664184176844 -79.1010940833337,34.7665134179614 -79.1009340826176,34.7667054185203 -79.1006950815387,34.7669814193258 -79.1007900822179,34.7670424194733 -79.100862082732,34.7670884195845 -79.1009170831271,34.7671254196745 -79.1009810835792,34.7671634197654 -79.1010540840955,34.7672074198709 -79.1011310846347,34.7672504199727 -79.1012070851688,34.7672944200775 -79.1012830857083,34.7673424201933 -79.1013620862717,34.7673944203193 -79.1014390868136,34.7674404204293 -79.1015080873043,34.7674854205383 -79.1015790878042,34.7675284206413 -79.1016400882377,34.7675684207381 -79.1016960886301,34.7676014208168 -79.1017450889749,34.7676314208887 -79.1017970893423,34.7676644209683 -79.1018540897431,34.7676994210522 -79.1019600903937,34.7676974210247 -79.1022740923221,34.7676924209456 -79.1036391007621,34.7677124207162 -79.1053881116374,34.7677924205703 -79.10690212111,34.767925420617 -79.1079481276803,34.7680544207496 -79.1086491320764,34.7681424208423 -79.1095961380447,34.7683034210814 -79.1099221401137,34.7683784212167 -79.1110731473947,34.7686414216883 -79.1114581498233,34.7687304218485 -79.1128721586523,34.7689844222378 -79.1136851640688,34.769621423789 -79.114334168138,34.7698244241993 -79.1145781696644,34.7699014243552 -79.1153371739088,34.7693704227586 -79.115669175967,34.7694414228797 -79.1159791778934,34.7695194230242 -79.1172871859421,34.7697554233816 -79.1195691999316,34.7702494242223 -79.120923208196,34.7706224249328 -79.1221252155152,34.7710804259015 -79.1225012177948,34.7712374262407 -79.1226882189234,34.7713034263769 -79.1233582229509,34.7715134267935 -79.1241002273935,34.7717544272765 -79.1248312317631,34.772136428138 -79.1263522407528,34.7731734305727 -79.1267822432608,34.773496431339 -79.1280612506337,34.7743774334015 -79.1293592579694,34.7753554357117 -79.1306582651947,34.7762114376905 -79.1321712734843,34.7771024397061 -79.1350512888344,34.7788004435277 -79.1362282949883,34.7794194448837 -79.1364562962746,34.7793594446704 -79.1366742975159,34.7792854444226 -79.1371343001755,34.7790734437523 -79.1372623009139,34.7790204435817 -79.1375563026122,34.778899443192 -79.1377773038883,34.7788134429123 -79.137814304096,34.7788084428903 -79.1379143046644,34.7787844428031 -79.1380193052727,34.7787424426672 -79.1381033057715,34.7786914425126 -79.138075305671,34.7786104423055 -79.1380633056762,34.778503442026 -79.1380503056444,34.7784434418708 -79.1379443052821,34.7781034409986 -79.1379113051897,34.7779654406422 -79.1379073051912,34.7779294405481 -79.1379093052341,34.777881440421 -79.137917305296,34.7778554403504 -79.1379353054136,34.7778294402776 -79.1379643055948,34.7778004401942 -79.1380003058118,34.7777764401224 -79.138034306013,34.7777594400695 -79.1381273065533,34.7777284399658 -79.1382253071423,34.7776674397818 -79.1383283077819,34.7775744395122 -79.1384583086161,34.7774204390754 -79.1384853087827,34.7773984390111 -79.1385153089606,34.7773844389671 -79.1386033094674,34.7773654388964 -79.1386863099385,34.7773574388558 -79.138743310256,34.7773604388504 -79.1389063111508,34.7773874388833 -79.138990311616,34.7773954388847 -79.1390263118185,34.7773944388736 -79.1390973122253,34.7773824388254 -79.1391983127982,34.777373438778 -79.1393003133843,34.777354438704 -79.139395313938,34.7773264386079 -79.1394973145426,34.7772834384707 -79.139564314952,34.7772394383391 -79.1396203153158,34.7771744381547 -79.1397163159631,34.7770334377608 -79.1397603162683,34.7769584375529 -79.1397903164896,34.7768904373668 -79.139815316706,34.7767924371029 -79.1398493169465,34.776729436929 -79.1398753171436,34.7766644367517 -79.1399083173719,34.7766104366018 -79.1399233174963,34.776559436464 -79.1399383175991,34.7765364363999 -79.1399463176506,34.776528436377 -79.1400133180796,34.7764644361929 -79.1400623183844,34.7764294360894 -79.1401413188601,34.7763934359763 -79.1402753196509,34.7763534358399 -79.1403563201396,34.7763164357237 -79.140401320422,34.7762824356238 -79.1404393206536,34.7762624355623 -79.1404603207929,34.7762374354917 -79.140504321113,34.7761504352525 -79.1405143212096,34.7761014351212 -79.1404943212183,34.7759504347283 -79.1404553211192,34.7757984343372 -79.1404543211798,34.7757164341216 -79.140464321274,34.7756704339982 -79.1404843214293,34.7756194338593 -79.1405223217096,34.7755414336453 -79.1405563219494,34.7754854334901 -79.1406123223226,34.7754204333062 -79.1406353224697,34.7754014332509 -79.1406783227427,34.7753684331542 -79.1407433231452,34.7753314330419 -79.1408693239123,34.7752764328684 -79.140966324514,34.7752214327015 -79.1404183218873,34.7745834311472 -79.1387763137766,34.7726714264779 -79.1382293109946,34.7720344249184 -79.137662308069,34.7713734232981 -79.1365003019372,34.770021419978 -79.1359612990322,34.7693934184328 -79.1353942959338,34.768733416807 -79.1353422956477,34.7686724166565 -79.1351572946271,34.7684554161211 -79.13444629066,34.7676244140695 -79.1342102893287,34.7673474133847 -79.1349182939232,34.7669054120678 -79.1354242972285,34.76659041113 -79.1355532980723,34.7665134108999 -79.1358172997862,34.7663864105099 -79.136061301364,34.7662864101955 -79.1363113029754,34.7661984099118 -79.1365683046248,34.7661244096637 -79.1366863053799,34.7660954095631 -79.1372123087643,34.765944409057 -79.1380153139468,34.7657164082921 -79.1381473148018,34.7656774081624 -79.1385443173737,34.7655644077838 -79.1386773182359,34.7655274076593 -79.1390383205816,34.7654234073122 -79.1392583220122,34.7653614071043 -79.1401253276602,34.7651234063027 -79.1404883300315,34.765024405969 -79.1405313303129,34.7650124059288 -79.1405713305738,34.7650024058945 -79.1407983320486,34.7649534057199 -79.1408243322171,34.7649484057016 -79.1409103327733,34.7649334056449 -79.1411713344558,34.7648954054925 -79.1412793351482,34.7648844054419 -79.1414463362175,34.764869405369 -79.1416213373325,34.7648604053103 -79.1423943422424,34.7648394051001 -79.1427673446112,34.7648304050018 -79.1428863453671,34.76482740497 -79.1445773561127,34.7647854045212 -79.1500073906693,34.7646534030899 -79.151421399681,34.7646194027188 -79.1518174022124,34.7646054026033 -79.1527044062043,34.7656854052332 -79.1544064135579,34.7677564102613 -79.1544814138552,34.7678584105103 -79.1546134143287,34.7680674110249 -79.1547014145862,34.7682414114578 -79.1547664147288,34.7683984118513 -79.1548124147818,34.7685384122047 -79.1550284151302,34.7691294136916 -79.1551444153169,34.769443414481 -79.1555024158114,34.7704454170015 -79.1559324163502,34.7716494200275 -79.1561214165719,34.772176421351 -79.156981417255,34.7746774276327 -79.1571004172737,34.7750554285836 -79.1571804173402,34.7752774291396 -79.1572354173841,34.7754304295228 -79.1573324174979,34.775678430142 -79.1574074175069,34.7759134307326 -79.1574804176026,34.7760924311787 -79.157578417801,34.7762924316732 -79.1576794180895,34.7764504320584 -79.1574674165663,34.7766314325756 -79.1572984153521,34.7767774329925 -79.1570134132903,34.7770354337264 -79.1568514121372,34.7771734341214 -79.1568384120431,34.7771854341555 -79.1567324112872,34.7772774344184 -79.1566304105496,34.7773724346882 -79.1564964095837,34.7774964350406 -79.1563714086665,34.7776224353962 -79.1562934080688,34.7777164356579 -79.1562274075577,34.7777994358884 -79.1561024065422,34.7779854363995 -79.1560074057202,34.7781574368675 -79.1559284049787,34.7783354373473 -79.1556814024594,34.7790174391729 -79.1556474021123,34.7791124394271 -79.1555264008398,34.7794744403942 -79.1554303998375,34.7797594411559 -79.1554093995843,34.779842441376 -79.1553683990804,34.7800104418214 -79.1553313985044,34.7802354424135 -79.155329398457,34.780257442471 -79.155310397968,34.7804894430769 -79.1552993970728,34.7809924443834 -79.1552963967792,34.781159444817 -79.1552703963006,34.7813634453521 -79.1552673962612,34.7813774453892 -79.1552293957636,34.7815544458573 -79.1552133955965,34.7816034459883 -79.1551623950551,34.7817654464208 -79.1551113945823,34.781886446747 -79.1550753942497,34.7819714469763 -79.1549663933406,34.7821704475192 -79.1549213929924,34.7822364477015 -79.1548533924617,34.7823394479854 -79.1547853919595,34.7824254482253 -79.1547253915151,34.7825024484399 -79.1545833905112,34.7826564488747 -79.1544283894555,34.7828014492894 -79.1542413882076,34.7829624497538 -79.1540093866623,34.7831634503335 -79.1537903851875,34.7833664509153 -79.1536533842315,34.7835164513391 -79.1535303833373,34.7836754517829 -79.1534223825145,34.7838404522386 -79.1533283817561,34.784012452709 -79.1532433810064,34.7842104532448 -79.1531813803953,34.7843974537463 -79.1531363798706,34.7845864542487 -79.1530973792293,34.7848724550016 -79.1530223779749,34.7854384564914 -79.1529943775344,34.7856324570026 -79.15295437692,34.7859004577093 -79.1529473768048,34.7859524578462 -79.1528483751508,34.7867074598337 -79.1528133745649,34.7869764605419 -79.1523793725052,34.786886460421 -79.1512393670715,34.7866514601061 -79.151079366305,34.7866194600643 -79.1506463642284,34.7865324599501 -79.150391363345,34.7862334592372 -79.1496283606487,34.7853394571035 -79.1493743597342,34.7850414563913 -79.1493103595023,34.784966456212 -79.1491183588033,34.784741455674 -79.1490543585692,34.7846664554946 -79.1487613568434,34.7848264559867 -79.1483903546628,34.7850314566164 -79.1479163518722,34.7853074574584 -79.1478913517261,34.7853214575014 -79.14760735005,34.7854964580314 -79.1472273482977,34.7853284576897 -79.146383344377,34.7849574569352 -79.1460863429848,34.7848304566786 -79.1457053411914,34.7846684563515 -79.1453653395855,34.7845234560582 -79.1442683344241,34.7839984549602 -79.1440253332807,34.7838734546937 -79.1432203294686,34.7834584538074 -79.1421343242697,34.7828934525952 -79.1398943134598,34.781552449622 -79.139192310025,34.7810994486005 -79.1389843090001,34.7809654482981 -79.1375973020354,34.7801474464772 -79.136383294994,34.7808924487404 -79.1360622931484,34.7810914493449 -79.1327442745084,34.7831304555667 -79.1315322678929,34.7838774578544 -79.1304272619558,34.7845424599017 -79.1290322545808,34.7853844624986 -79.129084254503,34.7876244684512 -79.1291142544523,34.7889144718789 -79.1291482544231,34.7901634751961 -79.1291522544229,34.790288475528 -79.127626246767,34.7935774847121 -79.1271012442664,34.7947114878847 -79.1263152406416,34.7945914877855 -79.1247552334154,34.7943534875877 -79.1239632297254,34.7941974873923 -79.1231832260777,34.7940454872036 -79.1227692242471,34.7944964885284 -79.1215282188894,34.7958524925165 -79.1211152171495,34.7963044938477 -79.1196442111494,34.7979724987536 -79.1152321948449,34.8029755135484 -79.1137621899776,34.8046445185101 -79.114292192521,34.8052225199092 -79.114608194021,34.8055675207436 -79.1149421957445,34.8061625222473 -79.1158031996497,34.8069865242023 -79.115815199702,34.8069955242228 -79.1164382024091,34.8074745253188 -79.1172962060801,34.8081325268209 -79.1194412149742,34.8097785305655 -79.1197752163879,34.8102065316086 -79.1204412191582,34.8110605336875 -79.120774220477,34.8113585343793 -79.1213582226637,34.811540534677 -79.1221072254211,34.8116555347402 -79.1222782260597,34.8117255348719 -79.1226632274923,34.8118835351692 -79.1243332336964,34.8131655380519 -79.124755235228,34.8135185388562 -79.1268892427042,34.815532543522 -79.1269272428329,34.8155675436025 -79.127759245593,34.8165755460093 -79.1281102467172,34.8171155473292 -79.1281282467732,34.817154547427 -79.1281832469434,34.8172755477307 -79.1282132470396,34.8173065478031 -79.1289612494569,34.8177155486359 -79.1290762498063,34.8179025490943 -79.1291272499605,34.8179855492978 -79.1300132527396,34.8185675505408 -79.1302602534349,34.8190405517135 -79.1307322548959,34.8192625521395 -79.1309792554367,34.8202105545735 -79.130996255486,34.82022655461 -79.1312562562329,34.8204795551911 -79.1313932565388,34.8209075562801 -79.1315422569382,34.8211215567961 -79.1327482605624,34.8214115571392 -79.1328612608914,34.8214615572319 -79.1339172639334,34.8219325581059 -79.1355572688913,34.8220045577131 -79.1367602722663,34.8224825585481 -79.1368902726268,34.822534558639 -79.1372892737771,34.8226165587131 -79.1380832760357,34.8228085589358 -79.1385102773358,34.8227785587038 -79.1397492811143,34.822694558039 -79.1397922812334,34.8227075580579 -79.1402012823572,34.8228385582565 -79.1402492824881,34.8228545582814 -79.1419972867548,34.8239315604859 -79.1424432877422,34.8242785612364 -79.1424572877728,34.8242895612603 -79.1424872878407,34.8243105613045 -79.1425082878879,34.8243255613363 -79.1429092887317,34.8246655620839 -79.1429962889182,34.8247335622308 -79.1433462895579,34.825113563101 -79.1435242898776,34.8253065635426 -79.1448282930144,34.8258565645081 -79.1458632955445,34.8262045650399 -79.1465072970973,34.826421565371 -79.1466192973957,34.8264335653612 -79.1467992978751,34.8264525653447 -79.147299298938,34.8267275658795 -79.1478262997208,34.827277567122 -79.1482423000554,34.8279185686417 -79.1482982996592,34.8283535697567 -79.1487142997738,34.8291325716347 -79.1487142995391,34.8293155721123 -79.1488252996832,34.8294295723681 -79.1494902981402,34.8319025785672 -79.1504332987636,34.8331395814289 -79.1504762987645,34.8332135816051 -79.1513492987297,34.8346975851303 -79.1527092997969,34.8360715881705 -79.1529063000068,34.8362225884853 -79.1527782995901,34.8363095887619 -79.1523972983529,34.8365715895935 -79.152270297942,34.8366595898725 -79.1523022979633,34.8366925899457 -79.152356297976,34.8367635901088 -79.152531298046,34.8369725905829 -79.1529362982844,34.8373955915214 -79.1533722984949,34.8378665925713 -79.1534052985,34.8379085926672 -79.1535882985909,34.8380995930902 -79.1536622986645,34.8381525931982 -79.1537632987852,34.838211593311 -79.1538522988642,34.8382805934545 -79.1539372989008,34.8383705936541 -79.1541702989658,34.8386365942512 -79.1543462990117,34.8388365946995 -79.1555842992618,34.8402185977833 -79.1560572993071,34.8407455989565 -79.1567122993222,34.8414756005794 -79.1569572993068,34.841752601196 -79.1571932992861,34.8420186017874 -79.1573792992391,34.8422426022905 -79.1575312991489,34.8424526027711 -79.1576522990352,34.84264160321 -79.1577552988894,34.842828603651 -79.1579442985346,34.8432166045759 -79.1588242964989,34.8451696092555 -79.1588832963683,34.845293609551 -79.1590712959542,34.8456846104817 -79.1592022957333,34.8459186110306 -79.1593212955779,34.8461056114632 -79.1594592954549,34.8462906118825 -79.1595872953795,34.8464406122156 -79.1596112953673,34.8464676122751 -79.1597832952937,34.8466526126797 -79.1603732950087,34.8472896140725 -79.1605702949034,34.8475026145379 -79.1607692947943,34.8477166150048 -79.1613662944338,34.8483606164092 -79.1615662943046,34.8485756168773 -79.1618582940866,34.8488996175864 -79.1618742940677,34.8489206176336 -79.1627002930012,34.850023620116 -79.1627072929945,34.8500316201335 -79.1628052928857,34.8501506203972 -79.1630002927259,34.8503586208476 -79.1630182927155,34.8503756208835 -79.1632362925849,34.8505826213212 -79.1635392924902,34.8508256218143 -79.1635542924853,34.8508376218386 -79.1638492924289,34.8510536222653 -79.1648532922375,34.8517636236506 -79.1652262921561,34.852022624152 -79.1655642920744,34.8522566246041 -79.1657962920235,34.8524126249024 -79.16594429199,34.8525116250912 -79.1665572918428,34.8529176258622 -79.1667052918308,34.8530036260173 -79.1669442925911,34.8528066254077 -79.1674292940992,34.8524286242272 -79.1679132956272,34.8520506230481 -79.1683972971761,34.85167262187 -79.1688812987461,34.8512946206928 -79.1693653003371,34.8509166195167 -79.1698503019506,34.8505386183411 -79.1703343035837,34.850160617167 -79.1708183052378,34.8497826159939 -79.171302306913,34.8494046148217 -79.1714963075865,34.849254614356 -79.1715443077585,34.849215614236 -79.1717863086092,34.8490266136506 -79.1720293094694,34.8488366130624 -79.1722713103306,34.8486476124775 -79.1725133111972,34.8484586118928 -79.172755312069,34.8482696113083 -79.1732393138283,34.8478916101402 -79.1737233156087,34.847513608973 -79.1742073174101,34.8471356078068 -79.1746913192325,34.8467576066417 -79.1751763210777,34.8463796054771 -79.1756603229422,34.8460016043139 -79.1761443248278,34.8456236031517 -79.1766283267373,34.845244601988 -79.1771123286649,34.8448666008278 -79.1775963306136,34.8444885996686 -79.1780803325833,34.8441105985104 -79.1785653345759,34.8437325973528 -79.1790493365877,34.8433545961966 -79.1795333386205,34.8429765950414 -79.1797753396449,34.8427875944641 -79.180090340986,34.8425415937132 -79.1802593417093,34.8424095933104 -79.1805013427525,34.8422195927314 -79.1807433437978,34.8420305921551 -79.1809853448484,34.8418415915792 -79.1812273459043,34.8416525910034 -79.1814693469654,34.8414635904279 -79.1817113480318,34.8412745898527 -79.1819533491034,34.8410855892777 -79.1821953501803,34.8408965887029 -79.1824373512625,34.8407075881284 -79.1826793523499,34.8405185875542 -79.1829213534426,34.8403295869802 -79.1831633545405,34.8401405864064 -79.1834063556457,34.8399515858326 -79.1836483567542,34.8397625852593 -79.1838903578679,34.8395735846863 -79.1841323589902,34.839383584111 -79.1843743601145,34.8391945835385 -79.184616361244,34.8390055829663 -79.1848143621598,34.8388545825074 -79.1848583623787,34.8388165823943 -79.1851003635188,34.8386275818225 -79.185342364664,34.838438581251 -79.1855393655905,34.8382875807931 -79.1858263669704,34.8380605801087 -79.1860683681314,34.8378715795379 -79.1863103692978,34.8376825789674 -79.1865523704693,34.8374935783972 -79.1867943716462,34.8373045778271 -79.1870363728282,34.8371155772574 -79.1872783740191,34.8369255766854 -79.1875203752117,34.8367365761161 -79.1877623764096,34.8365475755471 -79.1880043776127,34.8363585749783 -79.1882463788211,34.8361695744098 -79.1884883800348,34.8359805738415 -79.1887303812537,34.8357915732735 -79.1889723824778,34.8356025727057 -79.1892143837073,34.8354135721382 -79.1894563849419,34.8352245715709 -79.1896983861819,34.8350355710039 -79.1899403874271,34.8348465704371 -79.1900573880333,34.8347545701616 -79.1901823886812,34.8346565698681 -79.1904243899369,34.8344675693018 -79.1906663911979,34.8342785687357 -79.1909083924642,34.83408956817 -79.1911503937357,34.8339005676044 -79.1913903950002,34.8337135670449 -79.1917253957638,34.833721566935 -79.1920593965134,34.8337325668329 -79.1923933972626,34.8337435667308 -79.1930603987611,34.8337645665244 -79.1937274002581,34.8337855663179 -79.1943954017558,34.833806566111 -79.1950624032495,34.8338275659044 -79.1957294047416,34.8338485656977 -79.1963964062321,34.8338695654909 -79.1970644077233,34.8338905652837 -79.1977314092106,34.8339115650768 -79.1983984106963,34.8339325648698 -79.1990654121803,34.8339535646628 -79.1997334136651,34.8339745644552 -79.2004004151459,34.833995564248 -79.2010674166252,34.8340165640407 -79.2017344181028,34.8340375638333 -79.20206841884,34.8340485637306 -79.2024024195811,34.8340585636255 -79.2024724197368,34.8340605636032 -79.2027354203152,34.8340695635231 -79.2030694210555,34.834079563418 -79.2034024217887,34.8340905633156 -79.2037364225283,34.8341005632104 -79.204070423263,34.8341115631076 -79.2044034239995,34.8341215630027 -79.2046674245692,34.8341325629271 -79.2050714254714,34.8341425627946 -79.2054044262021,34.834153562692 -79.2057384269393,34.8341635625867 -79.2060714276692,34.8341745624842 -79.2064054284056,34.8341845623788 -79.2067394291371,34.8341955622759 -79.2070724298704,34.8342055621708 -79.207406430601,34.8342165620678 -79.2077394313335,34.8342265619627 -79.2080734320633,34.8342375618597 -79.2084074327973,34.8342475617543 -79.208740433524,34.8342585616516 -79.2090744342572,34.834268561546 -79.2094084349901,34.8342785614405 -79.2097414357155,34.8342895613378 -79.2100754364476,34.8342995612322 -79.2104084371722,34.8343105611294 -79.2107424379035,34.8343205610237 -79.2110764386296,34.8343315609205 -79.2114094393578,34.8343415608153 -79.211743440083,34.834352560712 -79.2120774408128,34.8343625606064 -79.2124104415349,34.8343735605034 -79.2125484418368,34.8343775604594 -79.2130774429851,34.8343945602948 -79.2137454444361,34.8344155600856 -79.2144124458831,34.8344365598768 -79.2150794473285,34.8344575596679 -79.2157464487774,34.8344775594565 -79.2160804494973,34.8344885593531 -79.2162204497866,34.8344955593154 -79.2167474509387,34.8345095591439 -79.2174154523808,34.8345305589344 -79.218082453819,34.8345515587252 -79.2187494552555,34.8345725585158 -79.2194164566905,34.8345935583064 -79.2200844581315,34.8346135580942 -79.2207514595633,34.8346345578846 -79.2214184609935,34.834655557675 -79.222085462422,34.8346765574653 -79.2227534638512,34.8346975572552 -79.2232254648593,34.834712557107 -79.2234204652766,34.8347185570453 -79.2240874667003,34.8347395568354 -79.2247544681224,34.8347605566254 -79.2254224695452,34.8347815564149 -79.2260894709698,34.8348015562024 -79.2267564723871,34.8348225559922 -79.2274234738028,34.8348435557818 -79.2280914752192,34.8348645555711 -79.2287584766317,34.8348855553606 -79.2294254780426,34.8349065551501 -79.2295914783888,34.8349125550995 -79.2301604796141,34.8349265549105 -79.23042648016,34.8349375548328 -79.2307604808678,34.834947554726 -79.2310934815668,34.834958554622 -79.2313804821719,34.8349675545313 -79.2314604823194,34.8349735545143 -79.2316874828226,34.8349765544327 -79.2320944836783,34.8349895543044 -79.232428484378,34.8350005542 -79.2327614850812,34.8350105540936 -79.2330954857862,34.8350205539867 -79.2334294864847,34.8350315538821 -79.2337624871867,34.8350415537756 -79.2339264875318,34.8350465537234 -79.2340964878843,34.8350525536711 -79.2344294885855,34.8350625535645 -79.2347634892886,34.8350725534576 -79.234821489409,34.8350745534396 -79.235097489985,34.835083553353 -79.235430490685,34.8350935532464 -79.2357644913807,34.8351045531417 -79.2360984920822,34.8351145530347 -79.2364314927747,34.8351255529304 -79.2367654934754,34.8351355528233 -79.2370984941734,34.8351455527166 -79.2374334948693,34.8351565526115 -79.2377664955666,34.8351665525047 -79.238099496257,34.8351775524004 -79.2384334969558,34.8351875522932 -79.2387674976542,34.835197552186 -79.2391004983434,34.8352085520816 -79.239434499041,34.8352185519744 -79.2397674997294,34.8352295518699 -79.2401015004262,34.8352395517626 -79.2404355011226,34.8352495516553 -79.2407685018098,34.8352605515508 -79.2411025025054,34.8352705514435 -79.2414015031275,34.8352795513475 -79.2417695038867,34.8352915512315 -79.2421035045811,34.8353015511241 -79.2424375052685,34.8353125510191 -79.2427705059599,34.8353225509121 -79.2431045066465,34.835333550807 -79.2434375073371,34.8353435507 -79.2437715080297,34.8353535505925 -79.244105508715,34.8353645504874 -79.2444385094044,34.8353745503803 -79.2447725100958,34.8353845502728 -79.2451065107799,34.8353955501676 -79.2454995115977,34.8354065500393 -79.2457735121515,34.8354165499552 -79.246106512839,34.835426549848 -79.2464465135351,34.8354375497404 -79.2467745142104,34.8354475496351 -79.2471165149172,34.8354575495243 -79.247441515578,34.8354685494225 -79.2477755162658,34.8354785493148 -79.248108516951,34.8354885492075 -79.2487845183358,34.8355095489913 -79.2491095190016,34.835519548887 -79.2494435196804,34.8355305487816 -79.2497765203636,34.8355405486742 -79.2499605207376,34.835546548616 -79.2501105204356,34.8355515490597 -79.2504445192972,34.8355615504295 -79.2507775181624,34.8355715517958 -79.2511115170176,34.835582553169 -79.2514455158802,34.8355925545403 -79.2517785147463,34.835602555908 -79.2521125136025,34.8356135572827 -79.2524475124629,34.8356235586595 -79.2527795113331,34.8356335600246 -79.2531135101903,34.8356445614008 -79.253446509058,34.8356545627709 -79.2537805079159,34.8356655641482 -79.254114506781,34.8356755655233 -79.2544505056401,34.8356855669071 -79.2547815045085,34.8356965682737 -79.2551145033778,34.8357065696463 -79.2554305023084,34.8357155709479 -79.255782501104,34.8357275724037 -79.2561154999743,34.8357375737776 -79.2564494988416,34.8357475751562 -79.2567834977025,34.835758576538 -79.2571164965736,34.8357685779135 -79.2574504954419,34.8357785792934 -79.2577844943038,34.8357895806768 -79.2581174931759,34.8357995820537 -79.2584514920384,34.835810583438 -79.2587844909112,34.8358205848159 -79.259118489781,34.8358305861983 -79.2594524886445,34.8358415875842 -79.2597854875183,34.8358515889635 -79.2601194863891,34.8358615903474 -79.2604374853111,34.8358715916668 -79.2607864841282,34.8358825931156 -79.261120483,34.8358925945009 -79.2614544818655,34.8359035958898 -79.2617874807411,34.835913597272 -79.2621214796138,34.8359235986588 -79.2624544784835,34.8359346000451 -79.2627884773569,34.8359446014329 -79.2631224762305,34.8359546028211 -79.2634554751012,34.835965604209 -79.2637894739755,34.8359756055982 -79.2641234728501,34.8359856069878 -79.2644564717218,34.8359966083773 -79.2647764706415,34.836006609711 -79.2651234694758,34.8360166111549 -79.2654574683453,34.8360276125499 -79.2657914672215,34.836037613942 -79.2661244661012,34.8360476153305 -79.2664584649717,34.8360586167271 -79.2667924638488,34.8360686181206 -79.2671254627295,34.8360786195105 -79.2674594616009,34.8360896209086 -79.267793460479,34.8360996223036 -79.2681264593606,34.8361096236949 -79.2684604582331,34.8361206250945 -79.2687934571153,34.8361306264869 -79.2691274559946,34.8361406278838 -79.2693744551686,34.8361476289156 -79.2694614548743,34.8361506292811 -79.2697944537513,34.8361616306787 -79.2698464535742,34.836163630898 -79.2701284526316,34.836171632077 -79.2704624515122,34.8361816334759 -79.2707954503902,34.8361926348749 -79.2711294492714,34.8362026362747 -79.271463448153,34.836212637675 -79.271796447032,34.8362236390756 -79.2721304459142,34.8362336404768 -79.2724634447998,34.8362436418745 -79.2727974436766,34.8362546432806 -79.2731314425598,34.8362646446833 -79.2732384422033,34.836267645132 -79.2734644414464,34.8362746460824 -79.2737984403242,34.8362856474901 -79.2741324392083,34.8362956488942 -79.2744654380958,34.8363056502948 -79.2747994369806,34.8363156516999 -79.2751334358597,34.8363266531096 -79.2754664347482,34.8363366545116 -79.2756304342005,34.8363416552025 -79.2758004336339,34.8363466559181 -79.2761334325171,34.8363576573253 -79.2764674314034,34.8363676587328 -79.27680143029,34.8363776601408 -79.2771344291743,34.8363886615494 -79.2774684280616,34.8363986629584 -79.2778024269491,34.8364086643679 -79.2781354258402,34.8364186657737 -79.2785234245407,34.8364316674182 -79.2788034236111,34.8364396685994 -79.2791364225031,34.8364496700067 -79.2794704213865,34.836460671423 -79.2797784203522,34.8364716727333 -79.2801374191689,34.8364806742441 -79.280471418059,34.8364906756574 -79.2808044169468,34.8365016770716 -79.2811384158375,34.8365116784859 -79.2814724147286,34.8365216799006 -79.2818054136175,34.8365326813164 -79.2821394125091,34.8365426827321 -79.2824894113452,34.8365536842186 -79.2828064102966,34.8365626855609 -79.2831404091836,34.8365736869827 -79.2834734080797,34.8365836883963 -79.2838074069729,34.8365936898144 -79.284141405861,34.8366046912378 -79.2843014053299,34.8366096919185 -79.284474404758,34.8366146926528 -79.2848084036522,34.8366246940724 -79.2851614024815,34.8366356955753 -79.2854754014392,34.8366456969137 -79.2858094003344,34.8366556983348 -79.2861433992298,34.8366656997563 -79.2864763981233,34.8366767011791 -79.2868103970194,34.8366867026015 -79.2871433959189,34.8366967040204 -79.2873783951428,34.8367037050217 -79.2874773948157,34.8367067054438 -79.2878113937073,34.8367177068728 -79.2881443926078,34.8367277082931 -79.2884783915055,34.8367377097179 -79.2888123904035,34.8367477111433 -79.2891453892996,34.8367587125701 -79.2894793881982,34.8367687139965 -79.2898133870971,34.8367787154233 -79.2901463859995,34.8367887168465 -79.2904803848938,34.8367997182794 -79.2908143837937,34.8368097197077 -79.291147382697,34.8368197211323 -79.2915073815159,34.8368297226687 -79.2917023808578,34.8368387235201 -79.2918143804963,34.8368407239924 -79.2921483793974,34.8368507254226 -79.2924823782988,34.8368607268532 -79.2928153772037,34.8368707282803 -79.2929633767143,34.8368757289176 -79.2931493761007,34.8368817297173 -79.2934833750031,34.8368917311494 -79.2938163739089,34.8369017325778 -79.2941503728119,34.8369117340109 -79.2944843717102,34.8369227354499 -79.294817370617,34.8369327368798 -79.2951513695209,34.8369427383143 -79.2954843684283,34.8369527397452 -79.2958183673279,34.8369637411863 -79.2961523662328,34.8369737426222 -79.2965493649211,34.8369877443416 -79.2968193640467,34.8369937454914 -79.2971533629477,34.8370047469345 -79.2978203607634,34.8370247498066 -79.2984873585756,34.8370457526864 -79.2991553563907,34.8370657555666 -79.2998223542055,34.8370867584503 -79.3002203529094,34.8370977601629 -79.3004893520263,34.8371067613301 -79.3008233509356,34.8371167627728 -79.3011563498436,34.8371277642178 -79.3014903487535,34.8371377656615 -79.3017873477699,34.8371497669643 -79.3021573465775,34.8371577685461 -79.3028253443949,34.8371787714428 -79.3034923422214,34.8371987743313 -79.3041593400445,34.8372197772278 -79.3048263378735,34.8372397801202 -79.3054943357005,34.8372597830185 -79.3058273346132,34.8372707844705 -79.3059623341745,34.8372747850565 -79.3061613335275,34.8372807859209 -79.3064953324422,34.8372907873718 -79.3071623302711,34.8373117902772 -79.3078293281057,34.8373317931781 -79.3084973259385,34.8373517960852 -79.3091643237712,34.8373727989965 -79.3094983226888,34.8373828004517 -79.3098313216096,34.8373928019032 -79.3099493212254,34.8373968024207 -79.310498319445,34.8374138048184 -79.3111663172828,34.8374338077331 -79.3118333151249,34.8374538106456 -79.3125003129641,34.8374748135667 -79.3131683108057,34.8374948164872 -79.3138353086475,34.8375158194122 -79.3145023064947,34.8375358223324 -79.3151693043431,34.8375558252544 -79.3158373021856,34.8375768281896 -79.3165043000366,34.8375968311155 -79.3171712978848,34.8376178340504 -79.3175052968098,34.8376278355171 -79.3178392957351,34.8376378369843 -79.318026295132,34.8376438378089 -79.3185062935898,34.837657839916 -79.3191732914419,34.8376788428568 -79.319841289296,34.8376988457965 -79.3205082871545,34.8377188487338 -79.3211752850104,34.8377398516805 -79.3218422828714,34.8377598546218 -79.3225102807305,34.8377798575691 -79.3231772785903,34.8378008605217 -79.3233712779684,34.83780686138 -79.323844276455,34.8378208634687 -79.3245122743179,34.8378408664217 -79.3251432722964,34.8378608692216 -79.3255752709155,34.837873871134 -79.3258462700501,34.837881872333 -79.3261242691632,34.8378898735616 -79.3261802689832,34.8378918738122 -79.3264972679727,34.8379008752127 -79.3266622674458,34.8379058759443 -79.326790267033,34.8379108765206 -79.3268472668501,34.8379128767756 -79.3270602661716,34.8379188777168 -79.3271812657842,34.8379228782562 -79.3275242646909,34.8379328797751 -79.3278482636565,34.8379428812147 -79.3281822625915,34.8379528826967 -79.3285262614926,34.8379638842292 -79.3288492604656,34.8379728856581 -79.3291832593982,34.8379838871495 -79.3293712587948,34.8379908879957 -79.3295162583376,34.8379938886293 -79.3298502572742,34.8380038901137 -79.3301842562112,34.8380138915987 -79.3305172551515,34.8380238930799 -79.3308512540891,34.8380338945658 -79.3311852530236,34.8380448960603 -79.3315182519649,34.8380548975429 -79.3318522509034,34.8380648990303 -79.3321862498422,34.838074900518 -79.3325192487844,34.8380849020022 -79.3328532477238,34.8380949034909 -79.3331872466636,34.8381049049801 -79.3335202456035,34.8381159064739 -79.3338542445439,34.8381259079641 -79.3341872434877,34.8381359094506 -79.3345212424287,34.8381459109418 -79.33485524137,34.8381559124334 -79.3351882403147,34.8381659139213 -79.3355222392566,34.8381759154139 -79.3358562381989,34.8381859169069 -79.3361892371415,34.8381969184047 -79.3365232360843,34.8382069198988 -79.3368572350276,34.8382169213933 -79.3371902339741,34.8382269228841 -79.3378582318621,34.8382469258755 -79.3381912308096,34.8382569273676 -79.3385252297514,34.8382679288732 -79.3388592286965,34.8382779303706 -79.338881228626,34.8382789304722 -79.3392032276112,34.8382879319107 -79.3395262265906,34.8382979333625 -79.3396092263242,34.8383019337482 -79.3398602255367,34.8383079348614 -79.3405272234327,34.8383279378562 -79.3411942213271,34.8383489408617 -79.3418612192257,34.8383689438604 -79.3425292171224,34.8383889468652 -79.3431962150234,34.8384089498677 -79.3438632129257,34.8384289528721 -79.3443482113999,34.8384439550621 -79.3445312108235,34.8384499558917 -79.3448642097772,34.8384599573935 -79.3451982087282,34.8384699588999 -79.3455322076796,34.8384799604069 -79.3458652066343,34.8384899619101 -79.3459992062138,34.8384939625149 -79.3461992055862,34.838499963418 -79.3465332045385,34.8385099649263 -79.3468662034942,34.838519966431 -79.3472002024445,34.8385309679495 -79.3475342013977,34.8385409694593 -79.3477742006487,34.8385469705335 -79.3478672003568,34.8385499709561 -79.3478222003313,34.8386139713604 -79.347806200319,34.8386379715156 -79.3477862001658,34.8387219722116 -79.3478251996851,34.8388639736983 -79.3478321996027,34.8388879739515 -79.3478381995259,34.838910974191 -79.3478531994242,34.8389329744597 -79.3479401988395,34.8390589760043 -79.3480731982003,34.8391519774402 -79.3482011976507,34.8392159785858 -79.3483651970662,34.8392509796165 -79.3485441964294,34.8392889807405 -79.3486501959986,34.8393329816078 -79.3487101957247,34.8393699822122 -79.3487361956111,34.8393839824552 -79.3488011950897,34.8395139839531 -79.3487561950574,34.8395809843866 -79.3487121950268,34.8396459848053 -79.3486181952265,34.8396789847078 -79.3484351957661,34.8396829839538 -79.3483741958863,34.8397079839236 -79.348276196082,34.8397469838636 -79.3482571958609,34.8398569848078 -79.3484421950725,34.8399499864792 -79.3485651945286,34.8400199876683 -79.3485891941277,34.8401509889982 -79.348523194073,34.8402509896456 -79.3483471942589,34.8403849901287 -79.3482581942048,34.8405109909151 -79.3482231939924,34.8406359919279 -79.3481981937905,34.8407449928348 -79.3481831936627,34.8408129934029 -79.3481111934595,34.8409769946145 -79.3479641937855,34.8410189943563 -79.3478581941762,34.8409879935994 -79.3477801946123,34.8409069925017 -79.3476711951788,34.840810991129 -79.347452195997,34.8407439895429 -79.347343196301,34.8407509891282 -79.3472601964484,34.8407889891148 -79.3472301965009,34.8408029891123 -79.3471411965882,34.8408709893495 -79.3470871965485,34.8409479898235 -79.3470831963537,34.8410279905457 -79.3471151960608,34.8411049913994 -79.3471851957057,34.841162992246 -79.3473851950083,34.8412059935307 -79.3474621944824,34.8413229949572 -79.3474591942783,34.8414059957137 -79.3473931942632,34.841486996171 -79.3473001943779,34.841547996322 -79.347211194403,34.8416389967677 -79.347172194037,34.8418249983149 -79.3472661935659,34.8419019994489 -79.3474451931544,34.8418599998618 -79.3476011927938,34.8418240002263 -79.3476941925339,34.8418200006055 -79.3478271919515,34.8418970019171 -79.347810191802,34.8419750025663 -79.3477331917188,34.8420950033361 -79.3476471917118,34.8421950038782 -79.347605191544,34.8423080047383 -79.3476441912118,34.8423940057131 -79.3477341905521,34.8425510075789 -79.3478401899193,34.8426800092589 -79.3479561891422,34.8428550114146 -79.3479671888973,34.8429390122468 -79.3479371886981,34.8430510131527 -79.3479031885583,34.843144013863 -79.3478251886322,34.8432020140459 -79.3476541890923,34.8432120133564 -79.3475751894395,34.8431640125494 -79.3475211897569,34.8431000117086 -79.3474931900262,34.8430260108941 -79.3474931902159,34.8429520102076 -79.3474811904809,34.842862009318 -79.3474381907679,34.8427980085289 -79.3472461914481,34.8427470071837 -79.3471611915314,34.8428090073713 -79.3470951915057,34.8428920078388 -79.3470761913094,34.8429890086493 -79.3470181911102,34.8431300096882 -79.3468861913584,34.8431790095374 -79.3467961917231,34.8431370087382 -79.346710192108,34.8430830078472 -79.3466131924752,34.8430480070817 -79.3465081927976,34.8430390065196 -79.3464021931256,34.8430290059439 -79.3462931933757,34.8430520056579 -79.3461421936191,34.8431230056205 -79.3460171938298,34.8431780055538 -79.3457411943891,34.8432630050695 -79.3456361946949,34.8432600045612 -79.3454881951733,34.8432380036825 -79.3453751955286,34.8432250030465 -79.3452701957733,34.8432450027484 -79.3451341958492,34.8433610031824 -79.3451261957381,34.8434110036011 -79.3451111955613,34.8434930042791 -79.3452631949103,34.8435760057346 -79.3453491945983,34.8436020063675 -79.3453801944869,34.8436110065924 -79.3454701938849,34.8437420082033 -79.3454791936124,34.8438350090942 -79.3454731934778,34.8438920095871 -79.3454711934383,34.8439090097331 -79.3454241931473,34.8440680109674 -79.3453361930713,34.8441890116633 -79.3451621931193,34.8443530123493 -79.345026193142,34.8444860129264 -79.3449371929843,34.8446370138844 -79.3448361928479,34.8447920148207 -79.3447911927196,34.8448860154637 -79.3447511925986,34.8449720160569 -79.3447401923005,34.8450940171131 -79.3447481919933,34.8452000181135 -79.3447871916011,34.8453060192604 -79.3448661911266,34.8454020205064 -79.344948190634,34.845502021804 -79.3450961900423,34.8455720231428 -79.3452111896216,34.845612024053 -79.3452971891898,34.8456860251362 -79.3453251889003,34.845766025999 -79.3453251886099,34.8458750269935 -79.3453071884882,34.8459390274915 -79.345291188377,34.8459970279441 -79.345159188406,34.8461200284346 -79.3450391885056,34.8462040286253 -79.3449571886492,34.8462330284964 -79.3448281889436,34.8462530280601 -79.3447001893158,34.8462430273558 -79.3445151899014,34.8462110261792 -79.3442981905876,34.8461740248051 -79.3441681908817,34.8461950243727 -79.3440361910883,34.8462500242373 -79.3438331914146,34.8463310239948 -79.3437441916981,34.8463150234237 -79.3436591921109,34.8462480224126 -79.3436501921544,34.8462410223065 -79.3435681926118,34.8461550211397 -79.3434081932645,34.8460750196552 -79.3433031934934,34.8460950193329 -79.3432501934546,34.8461610196718 -79.3431941934235,34.8462270199959 -79.3432651928427,34.8463680216017 -79.3433511924072,34.8464420226792 -79.3433551921924,34.8465160233632 -79.3433091921229,34.8465860237704 -79.3432271921992,34.8466380238421 -79.3430971924479,34.8466740235382 -79.3428961928529,34.8467220229985 -79.3428421928084,34.8467900233462 -79.342827192373,34.8469610248034 -79.3428861919046,34.8470730260914 -79.3429221914785,34.8471920273313 -79.342903191154,34.8473270284473 -79.3428641907932,34.8474940297517 -79.3427681906346,34.8476420306063 -79.3426741907009,34.8477070307273 -79.3425561908939,34.8477490305244 -79.3424721911063,34.8477520301397 -79.342375191378,34.847746029611 -79.3422771917338,34.8477110288192 -79.3421321923936,34.8476120272285 -79.3418671934619,34.84748102477 -79.3417781936233,34.8475070245664 -79.3416771935526,34.847626025128 -79.3417631930006,34.8477410265686 -79.3418801926196,34.8477670273725 -79.3419891922092,34.8478110282976 -79.3420481918909,34.8478690291025 -79.3420331915499,34.8480040302288 -79.3419201915999,34.8480910304458 -79.3417291921611,34.8480690293103 -79.3416041925956,34.8480310283585 -79.3414951928607,34.8480380278843 -79.3414791928684,34.8480500279117 -79.3414141929273,34.8480890279368 -79.3413911927482,34.8481730285664 -79.3413831925583,34.8482470291813 -79.3414231922265,34.8483270300863 -79.3414971918236,34.8484010311068 -79.3416341912323,34.8484840325197 -79.3418251904485,34.8485860343705 -79.3419421898465,34.8486920358922 -79.3422041885569,34.8489100391337 -79.3422401881582,34.8490190402834 -79.3422281878997,34.8491220411405 -79.3421471877812,34.8492380417678 -79.3419911881606,34.8492450410492 -79.3419051885698,34.8491780400238 -79.3417651892737,34.8490560382416 -79.3416241900725,34.8489020361734 -79.3415141905091,34.8488480351475 -79.3414211907858,34.8488350345696 -79.3413351908706,34.8488830345659 -79.3412471908603,34.8489660348608 -79.3412111907558,34.8490350352906 -79.3412001904984,34.8491350361186 -79.3411961902173,34.8492370369992 -79.3412181898697,34.84933903801 -79.3413121893845,34.8494250392411 -79.3414141889336,34.8494920403456 -79.3414731885559,34.8495720413498 -79.3414871883582,34.8496290419247 -79.3414881882618,34.8496620422217 -79.3414071881743,34.8497650427248 -79.3412281886536,34.8497560417427 -79.3411151891402,34.8496860405553 -79.3409861896969,34.8496060392004 -79.3408021904061,34.8495220375354 -79.3406621907019,34.8495430370165 -79.3405381908789,34.8495910368147 -79.3404911908105,34.8496560371489 -79.3404491906482,34.8497490377536 -79.340434190371,34.8498580386344 -79.3404651899197,34.8499870399231 -79.3405591891918,34.8501570418918 -79.3405991886556,34.8503080434214 -79.340588188386,34.8504110442704 -79.3405101882492,34.8505260448832 -79.3403741882966,34.8506270450758 -79.3402111887699,34.8506040440424 -79.3401251892431,34.8505150428247 -79.34005418986,34.8503640411419 -79.3399911903091,34.8502640399473 -79.3398311911022,34.8501300379647 -79.3397101916028,34.850063036767 -79.3396081919243,34.8500410360587 -79.3394801922471,34.8500410354107 -79.3393201924885,34.850096035079 -79.3392191926486,34.8501280348454 -79.3390871929779,34.850129034185 -79.3389971931186,34.8501580339804 -79.3388961931712,34.8502260340574 -79.3388031931466,34.8503130343387 -79.338790193105,34.8503380344891 -79.3387531929394,34.850425035054 -79.3387571926026,34.8505350360264 -79.3387771921904,34.8506570371845 -79.3387461919528,34.8507630379436 -79.3387281914626,34.8509430394091 -79.3388181909368,34.8510450407537 -79.3389661907038,34.8510000411234 -79.3390781906185,34.8509350411339 -79.3392301904686,34.850858041244 -79.3393081901719,34.8508930419477 -79.3394251894671,34.8510340437742 -79.3394801890168,34.8511410449881 -79.3395391884867,34.8512720464325 -79.3395941881255,34.8513490473868 -79.3396961876404,34.8514290486104 -79.339825187233,34.8514600495469 -79.3399611869165,34.8514540501967 -79.3400931866506,34.8514340507031 -79.3402061863469,34.8514430513652 -79.3403431857787,34.8515230527739 -79.3403551855147,34.8516040535462 -79.3403091853404,34.851703054176 -79.3402271851462,34.8518390549425 -79.3400921851001,34.8519680553706 -79.3399281851898,34.8520740554442 -79.3397501854141,34.8521450551369 -79.3396521855462,34.85218105494 -79.3395631857412,34.8521880545369 -79.3394031862991,34.8521300531978 -79.3393441866481,34.8520600522815 -79.3393241869234,34.8519830515079 -79.3393241872266,34.8518800506122 -79.3393081877396,34.8517190491293 -79.3391791881669,34.8516810481308 -79.3391171881561,34.8517360482872 -79.3390591880523,34.8518190487067 -79.3390321878402,34.851913049382 -79.3390441873763,34.8520600507197 -79.3390251871828,34.8521410513234 -79.3389011872344,34.8522250514051 -79.3387451877069,34.8521930503141 -79.3386621881369,34.8521160492153 -79.3386081884405,34.8520580484326 -79.3384631889328,34.852011047272 -79.3383781890616,34.8520370470541 -79.3382501890072,34.8521590474395 -79.3382501886209,34.8522880485513 -79.3383131881905,34.8523810496823 -79.3383561878088,34.8524740507094 -79.338353187538,34.852567051496 -79.3382171875354,34.8526770517309 -79.3381311876847,34.852696051443 -79.3380261879545,34.85269005084 -79.3378411884674,34.852667049671 -79.3377861886205,34.8526600493221 -79.3376381888577,34.8526990488798 -79.3375221889481,34.8527610488018 -79.3374321889999,34.852815048791 -79.3373201889155,34.8529310491941 -79.337367188433,34.8530530504855 -79.3374261881076,34.8531140513191 -79.3375081877672,34.8531620521633 -79.3375971874771,34.8531880528565 -79.3376871873026,34.8531750532207 -79.3377961871131,34.8531520535994 -79.3379681866382,34.8531740546974 -79.3380891860626,34.8532700561632 -79.338085185832,34.8533500568306 -79.3380001856635,34.8534730574383 -79.3379141856439,34.8535470576179 -79.3377821856928,34.8536340576637 -79.3376421858652,34.8536860573651 -79.3374321862225,34.8537310566328 -79.3372681866626,34.8537130556056 -79.3371051872133,34.8536580542683 -79.3369641874442,34.8536910537996 -79.3369221872496,34.8537870543944 -79.3369571869109,34.8538710552972 -79.3370361865794,34.8539190561282 -79.3371181862016,34.8539800570868 -79.3372431855992,34.8540820586265 -79.3372881852755,34.8541540594829 -79.337325185007,34.8542140601942 -79.3373761846153,34.8543040612377 -79.337531183341,34.8546060646569 -79.3375651830597,34.8546730654143 -79.3375711829915,34.8546910656009 -79.3376121825553,34.8548040667908 -79.3376431822211,34.8548910677044 -79.3376991815792,34.8550610694658 -79.3378041808928,34.8552090713058 -79.337973179873,34.8554200740379 -79.3380901791151,34.8555840760867 -79.3381511785782,34.855717077565 -79.3380781784728,34.8558070779406 -79.3380081784833,34.8558560779789 -79.3379031786022,34.8558950777391 -79.337782178826,34.8559110772135 -79.3376501791711,34.8558950763529 -79.3375441794367,34.855886075695 -79.337447179576,34.8559120753862 -79.3373731795754,34.8559670754513 -79.3373071794806,34.8560470757734 -79.3372691792709,34.8561440763941 -79.3372771788914,34.8562630774555 -79.3373321783799,34.8563910788532 -79.3374381777257,34.8565290806192 -79.3375281774775,34.8565450812534 -79.33762517735,34.8565160815407 -79.3377101773274,34.8564610815383 -79.3377721773947,34.8563930812967 -79.3378461774921,34.8563060809574 -79.3379511774896,34.8562290808738 -79.3380401773509,34.8562090811914 -79.3381421771801,34.856190081589 -79.3382941767745,34.8562120826147 -79.3383451763348,34.8563210838355 -79.3382671761225,34.8564500845178 -79.3381901761318,34.856504084558 -79.3381041761937,34.8565470844532 -79.3380791762102,34.856560084427 -79.3379411763026,34.8566310842748 -79.3378941761357,34.8567210847882 -79.3379571756506,34.8568360861259 -79.3380861752041,34.8568900873062 -79.3382651749356,34.8568480879376 -79.3384831745058,34.856831089 -79.3386551741355,34.8568280899279 -79.3388071737736,34.8568370908488 -79.3389511732015,34.856923092393 -79.3389711728614,34.857023093371 -79.3389481725595,34.8571420942748 -79.3389131723991,34.8572220947732 -79.3388551723629,34.8572770949264 -79.3387041724994,34.8573420946465 -79.3385361729881,34.8573010933545 -79.3383371736527,34.8572240915801 -79.3382321738434,34.8572370911068 -79.3381501736179,34.8573720918123 -79.3381471733725,34.857456092519 -79.3381711730026,34.8575620935662 -79.3383201718836,34.8578280966942 -79.3383751713913,34.8579530980817 -79.338405171055,34.8580440990358 -79.3384301707833,34.8581170998067 -79.3384531704027,34.8582281008947 -79.3384621702253,34.8582811014031 -79.3384511699115,34.8583941023166 -79.3383971697578,34.8584841027877 -79.3383031696707,34.8585801030832 -79.3380491698167,34.8587111027701 -79.337919169791,34.8588111028913 -79.3378591696648,34.8588951032718 -79.3378281694016,34.8590041040315 -79.3378051691576,34.8591011047333 -79.3378091688689,34.8591941055549 -79.3378491685139,34.8592841065566 -79.3378881682216,34.8593541073812 -79.3380211677397,34.8594221087277 -79.3381681676491,34.8593501089499 -79.3383711673987,34.8592921096117 -79.3384951671007,34.8593051104333 -79.3385851668203,34.8593361112163 -79.3386751663171,34.8594421126483 -79.3386911660429,34.8595231134407 -79.3386531656816,34.8596711145025 -79.3386381652633,34.8598221157219 -79.338685164738,34.8599661172382 -79.3387481642281,34.8600941187095 -79.3388421637206,34.8602001201707 -79.3389361633386,34.8602641212693 -79.3391231628439,34.860302122682 -79.3392321626389,34.8602961232613 -79.3394111621819,34.8603271245679 -79.3394511617976,34.8604301256962 -79.3393701614714,34.860597126679 -79.3395071607207,34.8607581288776 -79.3396041603018,34.860834130105 -79.3396981600448,34.8608571308538 -79.3397881597609,34.8608921316842 -79.3398701594468,34.8609431326081 -79.3399441590821,34.8610171336869 -79.3399951587553,34.8610941346582 -79.3400271583942,34.8611961357374 -79.3401051579851,34.8612831369556 -79.3402421575344,34.8613441382932 -79.3404291569589,34.8614141400046 -79.3405231565869,34.8614781411185 -79.3406171560481,34.861600142743 -79.3406331557944,34.8616771435139 -79.3406061554585,34.8618121445411 -79.3405991551954,34.8619081453433 -79.3406341548844,34.8619921462883 -79.3407361544537,34.8620721475951 -79.3408571540613,34.8621261487868 -79.3410361536277,34.8621551501027 -79.3412931530649,34.862176151811 -79.3414141528111,34.8621821525811 -79.3415181524486,34.8622381536932 -79.3415491521778,34.8623121545323 -79.3415301520047,34.8623861550746 -79.3414681518949,34.8624671554229 -79.3413711519096,34.8625281553854 -79.3412871520411,34.8625391549827 -79.3412691520703,34.8625411548932 -79.3411491521372,34.8625991546908 -79.3410521519184,34.8627411553652 -79.3409861516502,34.8628791561878 -79.340901151452,34.8630051567895 -79.340851151298,34.8630921572563 -79.3408431510547,34.8631821580006 -79.3408711507715,34.8632621588731 -79.3409261504372,34.863342159908 -79.3410821499573,34.86340616141 -79.3412421497563,34.8633701620543 -79.3413551496612,34.8633281623623 -79.3414751494415,34.8633251630568 -79.3416081489245,34.8634181646797 -79.341671148615,34.8634851656525 -79.3417411482728,34.86355916673 -79.3417531480237,34.8636391675118 -79.3417501477916,34.8637231682387 -79.3417231476074,34.8638061688116 -79.3416061474528,34.8639381692739 -79.3415681471662,34.8640641701597 -79.3416621466107,34.8641981719169 -79.3418181460036,34.8643101738577 -79.341943145526,34.8643971753903 -79.3420141451492,34.8644841765954 -79.3419991449148,34.8645771773305 -79.3419331447458,34.8646801778429 -79.341836144732,34.8647481778541 -79.3417191448845,34.8647701773344 -79.341591144793,34.8648851775707 -79.341633144251,34.8650491792808 -79.3416761439091,34.8651421803687 -79.3416571436969,34.865229181023 -79.3416221435335,34.8653091815167 -79.3416221432867,34.8653961822875 -79.3416341430381,34.8654761830701 -79.3416701427833,34.8655431838857 -79.3417561424276,34.8656141850457 -79.3418691418093,34.865761187048 -79.3419011413878,34.8658901883912 -79.3417771413542,34.8659801884218 -79.3416801412235,34.8660871887691 -79.341719140755,34.8662281902612 -79.3418831403126,34.8662821917598 -79.3419811401227,34.8662881924226 -79.3420821398713,34.8663141932819 -79.3421871395344,34.8663681944157 -79.3422231393587,34.8664081949959 -79.3422351392926,34.8664241952131 -79.3422581391848,34.8664481955701 -79.3423211387937,34.8665481968535 -79.3423481385221,34.8666281977348 -79.342333138324,34.8667081983539 -79.3422911381617,34.8667921988396 -79.3422251380603,34.8668691991123 -79.3421311380154,34.866943199182 -79.3420501380179,34.8669921991101 -79.341960138075,34.8670271988568 -79.3418591380576,34.8670951988268 -79.3417971378818,34.8671951993249 -79.3417961376148,34.8672902001614 -79.3418431373079,34.867370201167 -79.3419721368893,34.8674402026012 -79.3420881369724,34.8673402024429 -79.3421781369698,34.8672862025288 -79.3422711368661,34.8672662029357 -79.3423691366809,34.8672722036055 -79.3425051363493,34.8673072047731 -79.3426141360198,34.8673582059144 -79.3427431355396,34.8674512075578 -79.3428801348163,34.8676272099962 -79.3428891345593,34.8677142108316 -79.342846134346,34.8678172114813 -79.3428191342749,34.8678592116861 -79.3427771341317,34.8679362121087 -79.3427151340107,34.8680172124397 -79.3426331339702,34.8680812124912 -79.3425361340857,34.8680982120273 -79.342325134359,34.8681272109462 -79.3422271344645,34.8681482105108 -79.3422081344711,34.8681572104703 -79.3421071342662,34.8682902110116 -79.3421651337813,34.8684282126084 -79.3422661334588,34.8684832137418 -79.3424111331029,34.8685242150317 -79.3425321327595,34.8685752162587 -79.3426611323672,34.8686392176537 -79.3427501321754,34.8686552183651 -79.3428521319899,34.8686612190704 -79.3429681319062,34.8686222194621 -79.3430771320387,34.8685092191454 -79.3431781321391,34.8684122189194 -79.3433181320824,34.8683482192365 -79.3434081319239,34.8683512198364 -79.3435481314706,34.8684312214474 -79.3435261313533,34.8684872218109 -79.3434981312019,34.8685592222799 -79.3433821311712,34.8686402222675 -79.3432811310982,34.8687272224034 -79.3431801309443,34.8688432227983 -79.3431491307906,34.8689172232635 -79.3431421304702,34.8690372242947 -79.343142130083,34.8691772255502 -79.3431581297638,34.8692832266036 -79.3432251292986,34.8694122281922 -79.343319128661,34.8695882303782 -79.3434001280128,34.8697762325903 -79.3434221276114,34.8699092339279 -79.343426127338,34.8700062348256 -79.3433801272349,34.8700702351024 -79.3432751271974,34.8701442350854 -79.343162127241,34.8701932347911 -79.3430531273581,34.8702132342621 -79.3429171275816,34.8702102333514 -79.3427841278894,34.8701752321741 -79.3426901282974,34.8700822307325 -79.3426701287139,34.8699442293698 -79.3427081289069,34.8698532288028 -79.3427281290086,34.8698052285033 -79.3427131292276,34.8697352277806 -79.3427081292663,34.86972422765 -79.3426651295639,34.8696422266395 -79.342516130002,34.8695712250437 -79.3423961301226,34.8695972245011 -79.3422411301139,34.8696892243197 -79.3420971301537,34.869757223994 -79.3419681302167,34.869808223613 -79.3418711302278,34.8698592234381 -79.3418381300771,34.8699312238634 -79.3418641298378,34.8700012246533 -79.3419301295352,34.8700712257028 -79.3420011292223,34.8701422267944 -79.3420831289121,34.870206227896 -79.3422681283724,34.8702942298819 -79.3422531281883,34.8703682304432 -79.3422031280507,34.8704452308031 -79.3421561279446,34.8705092310663 -79.3420711278582,34.8705872312056 -79.3420011278042,34.8706452312642 -79.3419621276676,34.8707152316314 -79.3419581276287,34.8707312317474 -79.3419041272582,34.870892232824 -79.3419091269766,34.8709892337181 -79.341948126699,34.8710662346577 -79.3419831261882,34.8712282363266 -79.3419941260275,34.8712792368521 -79.3420491255348,34.8714242385027 -79.3420851250182,34.871588240198 -79.3420341248166,34.8716872407416 -79.3420321247915,34.8716972408173 -79.3420081244726,34.8718232417785 -79.3420311241506,34.8719252428372 -79.3420751238395,34.8720122439021 -79.3421531235146,34.8720862450774 -79.3423011232233,34.8721112462816 -79.3423871232937,34.8720402462192 -79.3424641233603,34.8719752461499 -79.342592123375,34.8719012463371 -79.3427721230348,34.8719262477521 -79.3428811226822,34.8719942490822 -79.3429561223117,34.8720872504119 -79.343018121953,34.8721832516831 -79.3430541215614,34.8723052530154 -79.3430351211351,34.8724692543585 -79.3429651210776,34.8725272544117 -79.3428601211601,34.8725532539447 -79.342763121303,34.8725532532981 -79.3426191213783,34.8726022527759 -79.3425221213672,34.8726572526198 -79.3425141213342,34.8726732527092 -79.3424441210759,34.8728022533924 -79.3424521208488,34.8728792541326 -79.3425701203472,34.8729972559752 -79.3426631201592,34.8730162567677 -79.3427531199674,34.8730382575673 -79.3428581197262,34.8730702585571 -79.3429761193333,34.8731502600644 -79.3430231188469,34.8733012617325 -79.3429921186946,34.8733722621602 -79.3429151185718,34.8734562623943 -79.3427981185611,34.8735202621793 -79.3426811185498,34.8735842619632 -79.342619118546,34.8736172618401 -79.3426271183087,34.8736982626174 -79.3426821180522,34.8737622635603 -79.3428431174794,34.8738862657566 -79.3429051172559,34.8739352666144 -79.3430101170831,34.8739442674052 -79.3431621166921,34.8740082690074 -79.3433151162399,34.8740942708153 -79.3434011158881,34.8741782721528 -79.3435141153619,34.8743122741242 -79.3436631146009,34.8745142769549 -79.3437611140795,34.8746552788925 -79.3438751136496,34.8747552805714 -79.3440581131647,34.8748412825967 -79.3442021131961,34.8747572828203 -79.3442531133624,34.8746702823812 -79.3442361136817,34.8745612812794 -79.3442011141049,34.8744232797932 -79.3442041143534,34.8743302789726 -79.3442191146231,34.8742232781067 -79.3442621147721,34.8741462777018 -79.3443361148258,34.8740882776784 -79.3444141148302,34.8740462778264 -79.3444471147893,34.8740442780317 -79.344511114713,34.8740392784198 -79.3446241145355,34.8740462792484 -79.3447411142099,34.8741062805856 -79.3448701137016,34.8742282825688 -79.3449841131727,34.8743662845978 -79.3450591125359,34.8745652869191 -79.3450591122174,34.8746842880025 -79.3450321120215,34.8747712886103 -79.3449781118193,34.8748742891789 -79.3449671114215,34.8750282905048 -79.3449521111308,34.8751442914574 -79.3449181107984,34.8752852925067 -79.3448481105514,34.8754122931808 -79.3448361105164,34.8754312932711 -79.3447391103179,34.8755532937126 -79.3447121100307,34.8756732946164 -79.3447051099484,34.8757072948768 -79.3447371096637,34.8757972959146 -79.3448071092862,34.8759032973604 -79.3449171089267,34.8759832988474 -79.3450141087137,34.8760152998089 -79.3450121081135,34.8762403018427 -79.345012107926,34.8763103024797 -79.3449381078745,34.8763653024669 -79.3448911077609,34.8764303027319 -79.3448821076624,34.8764713030421 -79.3448721075894,34.8765033032636 -79.3448531072243,34.8766483044496 -79.344834106894,34.876780305517 -79.3448161062879,34.8770143075179 -79.3448001058564,34.8771823089325 -79.3447951057122,34.8772383094063 -79.3447451055569,34.877319309792 -79.34467510541,34.8774063100913 -79.3445391053446,34.8774933099266 -79.3443561053091,34.8775903095207 -79.3442561050665,34.8777253100396 -79.3442951047229,34.8778343113004 -79.3444081044624,34.8778793125036 -79.3445021044446,34.8778433128395 -79.344595104452,34.8777983130862 -79.3446771044725,34.877753313255 -79.3448401044466,34.877688313811 -79.3450391042037,34.8776873152011 -79.34514410397,34.8777263162947 -79.3452421036705,34.8777933175948 -79.3453401032784,34.8778953192153 -79.3455061026689,34.8780483217827 -79.3456431022319,34.8781503236823 -79.3457171019464,34.8782243248822 -79.3457371016762,34.8783173258747 -79.3456981015009,34.8784013263673 -79.3456291013982,34.8784713265188 -79.3455821013324,34.8785173266062 -79.3455241012477,34.8785753267249 -79.3455941009283,34.8786643280352 -79.3457191006448,34.8787153293895 -79.3457631005873,34.8787173297203 -79.3459221003883,34.8787213308866 -79.3461330999911,34.8787773328998 -79.3463060995534,34.8788663349478 -79.3464590991119,34.8789663369567 -79.3465490987481,34.8790653385094 -79.346557098538,34.8791423392757 -79.3465260983628,34.8792233398004 -79.3464570981244,34.8793453404306 -79.3463440978416,34.8795033410756 -79.3462920977049,34.8795783413926 -79.3462260974081,34.8797203422243 -79.3462270972628,34.8797753427367 -79.3462300964648,34.8800783455421 -79.3462120955302,34.8804423487562 -79.3462170947011,34.8807563516769 -79.3462800939748,34.8810073544405 -79.3463510935214,34.8811513562807 -79.3464710931291,34.8812523580837 -79.3466700926669,34.8813483604184 -79.3467950923419,34.8814223620127 -79.3468650920784,34.8814953631975 -79.3468850918396,34.8815793641192 -79.3468660915926,34.8816823649313 -79.3468080914275,34.8817693653099 -79.3467260913207,34.881843365392 -79.3465900911678,34.8819563654366 -79.3464640909665,34.8820833656813 -79.3464100907346,34.8821933662967 -79.3464260903497,34.8823343677117 -79.3465890900432,34.8823883694092 -79.3466950900293,34.882352369858 -79.346789090074,34.8822983700519 -79.3468820901477,34.8822333701362 -79.3470100901927,34.8821653704491 -79.3472010898913,34.8822063722324 -79.3472990896341,34.8822673735181 -79.3474520891497,34.8823953758308 -79.3474790888736,34.8824923769295 -79.3474220885436,34.8826433779094 -79.3473240885004,34.8826983776953 -79.347231088493,34.8827373773693 -79.3470910885243,34.8827793767231 -79.3469740886253,34.8827853759135 -79.3468610887612,34.8827763749948 -79.3467630888745,34.882770374215 -79.3466230888552,34.8828313737421 -79.3466320885781,34.8829343747579 -79.3466710883626,34.8830023756736 -79.3467570880024,34.8831083772886 -79.3468980874573,34.8832653797843 -79.3470150870796,34.8833673815962 -79.3471360867715,34.8834413831806 -79.3472650865903,34.8834633843442 -79.3473630863981,34.8835013854257 -79.3474640861521,34.8835593867156 -79.347512085778,34.8836873882608 -79.3474580855987,34.8837773886928 -79.3473800854827,34.8838513887965 -79.3472870854627,34.8838933884908 -79.3472480854738,34.883903388292 -79.3471740855024,34.883919387887 -79.3470300854857,34.883978387356 -79.3469090852835,34.8841003875779 -79.346976084931,34.8842123891145 -79.3470510848536,34.8842153897044 -79.3470730848331,34.8842153898693 -79.3471710847343,34.8842183906316 -79.3473460846642,34.8841823916098 -79.3474440843907,34.8842533930027 -79.3474250840054,34.884410394316 -79.3473560837117,34.884549395086 -79.34734308359,34.8846013954701 -79.3473170833514,34.8847033962195 -79.3473220829817,34.8848453975728 -79.3473570827112,34.8849383986986 -79.3474390824325,34.8850184000594 -79.3475100822538,34.8850634010132 -79.3475990821362,34.8850784018249 -79.347720082118,34.8850434024141 -79.3478250820015,34.8850524032911 -79.3479150817992,34.8851004044179 -79.3480090814542,34.8852034060877 -79.348025081237,34.885283406954 -79.3480060809845,34.8853894077974 -79.3479680806086,34.8855504090085 -79.347945080326,34.8856694099417 -79.34796108018,34.8857214105474 -79.3479840799494,34.8858044114953 -79.3480900797472,34.8858484127119 -79.3481760797295,34.8858264131614 -79.3482730798184,34.885758413265 -79.3483780798267,34.8857194136993 -79.3484710797644,34.8857124143409 -79.3485570796176,34.885741415266 -79.3486240792387,34.8858694169733 -79.3485890790901,34.885940417371 -79.3485390789541,34.8860114176541 -79.348447078775,34.8861134179059 -79.3483350785764,34.8862294181344 -79.3483390784518,34.8862774186131 -79.3483430783198,34.8863284191199 -79.3483810780562,34.8864204202698 -79.3483910779874,34.8864444205705 -79.3484690777392,34.8865174218499 -79.3485980773342,34.8866364239514 -79.3486040771083,34.8867244248208 -79.3485910769204,34.8868034254601 -79.3485120767528,34.8868954257136 -79.348440076652,34.8869584257488 -79.3483490766165,34.8870014254505 -79.3482470765742,34.8870504251229 -79.348138076466,34.8871274250017 -79.3480650761562,34.8872724257905 -79.348108075732,34.8874264275576 -79.3481170756895,34.8874404277577 -79.3481670754581,34.8875164288526 -79.348292075207,34.8875774303884 -79.3484440752533,34.8875124309568 -79.3485490752849,34.8874674313476 -79.348654075276,34.8874384318876 -79.3488530751084,34.8874434334718 -79.3489080747833,34.8875564349564 -79.3488870747096,34.8875924351316 -79.3488500745782,34.8876564354453 -79.3487330744352,34.8877494354106 -79.348613074316,34.8878334352669 -79.3484440742784,34.8878994345732 -79.3483430740041,34.8880384350877 -79.3483720738007,34.8881104359854 -79.3484180734865,34.8882214373801 -79.3485660730222,34.8883624398506 -79.3486490727126,34.8884614414238 -79.3486570724809,34.8885514423287 -79.348614072349,34.8886164426013 -79.3485980723304,34.8886284425886 -79.3485330722694,34.888671442483 -79.3484310722951,34.8886904418636 -79.3483070723517,34.888703441016 -79.3482210723631,34.8887234405304 -79.348124072106,34.8888524409748 -79.3481280719157,34.8889264416959 -79.3481990716071,34.8890284432033 -79.3482810713623,34.8891024445368 -79.3483670711985,34.8891434455943 -79.3483810711912,34.8891424456948 -79.3485270711343,34.8891244466721 -79.3486750709026,34.8891754483107 -79.3487180705769,34.8892934497532 -79.3486840704123,34.8893684501882 -79.3486100702625,34.8894484503549 -79.3485360701749,34.889503450287 -79.3484660700842,34.88955845025 -79.3483690698652,34.8896714505414 -79.3483540696583,34.8897574512262 -79.3484050692762,34.8898954529179 -79.3484950689093,34.8900174547694 -79.3485740685984,34.8901204563577 -79.348598068334,34.890219457474 -79.3485980679296,34.8903804589803 -79.3485870676929,34.8904774598005 -79.3485540676009,34.8905224599593 -79.3485250675237,34.8905604600842 -79.3484550674119,34.8906224601073 -79.3483890672771,34.8906924602363 -79.3483580670921,34.8907734607461 -79.3483860668805,34.8908504616883 -79.3484600666885,34.8909084628201 -79.3485420665499,34.8909434638011 -79.3486480665021,34.890936464581 -79.3487990664816,34.8909074655134 -79.348893066401,34.8909164663472 -79.3490610661055,34.8909934684096 -79.3491200658778,34.8910704696036 -79.3491320656466,34.8911604705449 -79.3491280654501,34.8912404712644 -79.3491070653806,34.8912734714065 -79.349074065266,34.8913274716496 -79.3490200650266,34.8914364722405 -79.3490070648374,34.8915154728778 -79.3490300646245,34.8915954738131 -79.3490850643757,34.8916824750713 -79.3490950642704,34.8917224755272 -79.3491130640708,34.8917984763856 -79.3490900639074,34.8918694768675 -79.3489860634233,34.8920874780769 -79.3488480630134,34.892282478793 -79.3487670626952,34.8924274794977 -79.3487560624608,34.8925234803081 -79.3487790621905,34.8926264814591 -79.3488380618786,34.8927384829864 -79.3489130616289,34.8928224843819 -79.349069061275,34.8929314866704 -79.3491830608899,34.8930624888268 -79.3492070606291,34.8931624899617 -79.3491910603913,34.893261490762 -79.3491450601736,34.8933584912989 -79.3490600600171,34.8934384913575 -79.348982059879,34.8935094913878 -79.3489160595647,34.893648492153 -79.3489400593533,34.8937284930995 -79.3489750591591,34.8937994940518 -79.3490300589906,34.8938564950366 -79.3491980587906,34.8939044968624 -79.3494460583679,34.8940275000507 -79.3495630581868,34.8940785014901 -79.349680058085,34.8940975026285 -79.349824058042,34.8940875037149 -79.3499450580097,34.8940775046124 -79.3500550578724,34.8941125058453 -79.3501720575664,34.89421550778 -79.3502820570311,34.8944145105686 -79.3503140567126,34.8945395120165 -79.3502320563962,34.8946845127151 -79.350116056362,34.8947195120903 -79.3499320565679,34.8946685100914 -79.3497960567116,34.8946345086497 -79.3497780567467,34.8946235083976 -79.3496550569885,34.8945475066676 -79.3496270572943,34.8944285053151 -79.3495060575369,34.8943525036041 -79.3493310574658,34.8944135027399 -79.3492610573215,34.894484502832 -79.3491990570539,34.8946035034404 -79.3492580566207,34.8947675054683 -79.3493350561533,34.8949425077499 -79.3493100559683,34.8950215082865 -79.349229055685,34.8951495088203 -79.3490650556792,34.895179507745 -79.348878055805,34.8951605060191 -79.3487180557995,34.8951895049666 -79.3486020556597,34.8952645047082 -79.3485080554798,34.895351504743 -79.3484580552737,34.8954415051697 -79.3484530550137,34.8955455061002 -79.3485270546998,34.8956585077713 -79.3487110543235,34.8957795104335 -79.3488130540985,34.8958535119755 -79.3488260538133,34.8959655131335 -79.3488250537637,34.8959855133126 -79.3486950536728,34.8960415127535 -79.3485270538069,34.8960135110908 -79.3483590537395,34.896065510176 -79.3482970535356,34.896155510499 -79.3483060533125,34.8962425113863 -79.3483680530651,34.8963315127354 -79.348408052864,34.8964055137611 -79.3483920526353,34.896498514496 -79.3483730524302,34.8965825151215 -79.3484320521901,34.8966695164287 -79.3485220519901,34.8967365178096 -79.3486120518635,34.8967745189201 -79.3487950517604,34.8967905206054 -79.3488930516468,34.8968225217278 -79.348959051482,34.8968795228166 -79.3489870512954,34.896950523718 -79.3490030510831,34.8970335246313 -79.349035050751,34.8971625261114 -79.3490640504751,34.8972695273601 -79.3491310502621,34.897346528648 -79.3492050501193,34.897394529723 -79.3493110500214,34.8974205308617 -79.3494040499056,34.8974555319757 -79.3494860497292,34.8975165332423 -79.3495840493832,34.8976445352762 -79.3495840491982,34.8977195359832 -79.3495380490491,34.8977855362161 -79.3494720489403,34.8978375361473 -79.3493240487906,34.8979155356282 -79.3492040487784,34.8979345347902 -79.3490630487298,34.8979705339335 -79.348966048668,34.8980065334491 -79.348849048524,34.8980775331227 -79.3487680481364,34.898241533972 -79.3487730479347,34.898321534764 -79.3488510476734,34.8984175363269 -79.3489450475035,34.8984755376706 -79.3490090474616,34.8984855383092 -79.349070047423,34.898494538913 -79.3492290473586,34.8985035403511 -79.3493700472026,34.8985515420032 -79.3495260469889,34.8986215439914 -79.3496590467009,34.8987245460962 -79.3497570464179,34.8988295479231 -79.3498040461926,34.8989165491458 -79.3497860459243,34.8990275500399 -79.349725045693,34.899127550462 -79.3496690454969,34.8992125507845 -79.3495980451213,34.8993715516754 -79.3495050448556,34.8994875519707 -79.349419044721,34.8995495518162 -79.3493620446516,34.8995825516372 -79.349318044599,34.8996075514944 -79.3492210445799,34.8996235508114 -79.349107044604,34.8996235498318 -79.3490460446693,34.8996025491105 -79.3489590447626,34.8995725480815 -79.3488380449061,34.8995255466016 -79.3487210450116,34.8994935452974 -79.348612045068,34.8994805442401 -79.34846404505,34.8995005431568 -79.3483670448995,34.8995685429592 -79.348320044748,34.899632543153 -79.3483320443719,34.899780544638 -79.3483850441215,34.8998755459814 -79.3485910438667,34.8999605485505 -79.3487290437294,34.9000045501518 -79.3487710436887,34.9000175506356 -79.3489160434684,34.9000945526079 -79.349047043162,34.9002075547988 -79.3491150429355,34.9002935561937 -79.3491780426458,34.9004055577906 -79.3492270422747,34.9005515595869 -79.3492710419399,34.9006835612092 -79.3492920416612,34.9007945624353 -79.349295041626,34.900808562593 -79.3492780413162,34.9009345636304 -79.3492650410874,34.9010275643921 -79.3491010410219,34.9010635633045 -79.3489880410956,34.901040562106 -79.3488080411844,34.9010155603068 -79.348695041191,34.9010195593621 -79.3485200410456,34.9010875584767 -79.3484580406667,34.9012415593767 -79.3485120402995,34.901384561184 -79.3485450402047,34.9014205618084 -79.3485860400889,34.9014645625776 -79.3486220398986,34.9015385635842 -79.348625039725,34.901607564256 -79.3486030394011,34.9017375652802 -79.3485570390016,34.9018985663839 -79.3485610387347,34.9020045674103 -79.3485910385684,34.9020695682813 -79.3486080384788,34.9021045687578 -79.3486940382875,34.9021775701955 -79.3487480382449,34.9021925708099 -79.3488350381769,34.9022165717983 -79.3488560381524,34.9022255720671 -79.3489770380093,34.9022785736265 -79.3490520378208,34.9023515749706 -79.3490870376237,34.9024295760106 -79.3490910375462,34.9024605763369 -79.3490990373689,34.9025315770741 -79.3490450371638,34.9026155773874 -79.348933036745,34.9027865780051 -79.3487150367917,34.902773575961 -79.3485780366448,34.9028355753329 -79.348513036284,34.9029805761153 -79.3485250360092,34.9030895772405 -79.3485720358133,34.9031665783763 -79.3486770356629,34.903224579848 -79.3488370355608,34.9032625816201 -79.3489660354456,34.9033065831749 -79.3490640352499,34.9033835847657 -79.3490920349129,34.9035185862816 -79.3490810346568,34.9036215871512 -79.3491160343275,34.9037535887018 -79.3491750341673,34.9038175898276 -79.3492960340463,34.903865591355 -79.3494720339351,34.9039095933349 -79.3495500338157,34.9039575944813 -79.3495740334677,34.904098596024 -79.3495310333,34.9041665962815 -79.3494500332209,34.9041985958605 -79.3492900331463,34.9042285947157 -79.3491500329545,34.9043055941902 -79.3491560325916,34.9044515956155 -79.3492230324236,34.9045195968536 -79.349356032292,34.9045735985509 -79.3495390322263,34.9046016004518 -79.3496600320219,34.9046856023267 -79.3496290316885,34.9048206033221 -79.3495680311637,34.9050326047735 -79.3495670308184,34.905172606084 -79.349606030623,34.9052526071888 -79.3497200304246,34.9053356089973 -79.3498020302546,34.9054066104057 -79.3499030301036,34.9054706119199 -79.3500010300312,34.9055026131054 -79.3500980300079,34.9055146140931 -79.3501550300651,34.9054926143986 -79.3502000301093,34.9054756146431 -79.3502240301352,34.9054656147646 -79.3503630302845,34.9054076154669 -79.3505310302094,34.9054426173121 -79.3505330301853,34.905452617425 -79.3505540299251,34.9055606186397 -79.3505590298673,34.9055846189126 -79.3504740295587,34.9057096193324 -79.3503960293491,34.9057936194249 -79.3502790292234,34.905841618823 -79.3501120292471,34.905826617172 -79.3499400293832,34.9057656150414 -79.349749029374,34.9057636132977 -79.349655029202,34.9058306130808 -79.3496400288511,34.9059726142843 -79.3496870286975,34.9060366153132 -79.3497970285965,34.9060816167336 -79.3499450284946,34.9061286185177 -79.3500590283094,34.9062086203069 -79.3501330280407,34.9063216220471 -79.3502250274628,34.9065626251642 -79.3503540268623,34.9068156287352 -79.3505060265394,34.9069566314576 -79.3505790263674,34.9070316328353 -79.3506650259754,34.9071986352067 -79.350705025578,34.9073656371595 -79.3507300253718,34.9074526382153 -79.3507600251208,34.9075586394979 -79.3508570245464,34.9078036427179 -79.3509470240908,34.9079996454102 -79.3509440238115,34.9081156464873 -79.3509250235532,34.9082216473219 -79.3508590232857,34.9083276477231 -79.3508070230468,34.9084226481478 -79.3507760227441,34.9085456490319 -79.3508270223933,34.9086956509297 -79.3508750221941,34.9087826522013 -79.3509610219748,34.9088816539393 -79.3510660218972,34.9089236553112 -79.3512110218695,34.9089486568917 -79.3513390219218,34.9089386579812 -79.3514560220096,34.9089126588156 -79.3515650220646,34.9088996597 -79.3517330219431,34.9089666618964 -79.3517330217609,34.909043662634 -79.3516910215595,34.9091246630206 -79.3516130213732,34.9091956629771 -79.3514990211588,34.9092746626752 -79.3514400209472,34.909357662921 -79.3514410207333,34.9094476637906 -79.3514960205567,34.9095276650667 -79.3515590203659,34.9096146664848 -79.3515730202935,34.9096466669212 -79.3515940201517,34.90970866771 -79.3515940199714,34.9097846684372 -79.3514740196024,34.9099266686769 -79.3514750193435,34.9100356697283 -79.351588019175,34.9101196715869 -79.3517770191494,34.9101526736685 -79.3518670190163,34.9102196751519 -79.3518720186685,34.9103676766178 -79.3518140184936,34.9104346767172 -79.3516350181569,34.9105546761899 -79.3515610179829,34.9106186761087 -79.3514870176541,34.9107476766483 -79.3515540173992,34.9108636783868 -79.3516560173551,34.9108956796514 -79.3519070173653,34.9109246822878 -79.3520210172883,34.91097268382 -79.3520830171411,34.9110436850848 -79.3520950169641,34.9111206859373 -79.3520640167354,34.9112136865386 -79.352006016467,34.9113196870097 -79.3518390160903,34.9114556867394 -79.3515630156287,34.911610685618 -79.3513510151834,34.9117666851055 -79.3512030150761,34.9117896839252 -79.3510400149319,34.9118256827263 -79.350946014735,34.9118936824845 -79.3508650144893,34.9119836825742 -79.3508420142571,34.9120766832413 -79.3508580140608,34.9121606841924 -79.3509520138507,34.9122626860555 -79.3510420137,34.9123396876437 -79.3511980135681,34.9124196898888 -79.3514230135379,34.9124686924956 -79.3515910133893,34.9125586949541 -79.3517060131596,34.9126746971592 -79.351783012949,34.9127766988699 -79.3518030127231,34.9128757000093 -79.3517990124167,34.9130047012075 -79.3517760120503,34.9131557024349 -79.3517410117967,34.913256703068 -79.3517300117187,34.9132877032597 -79.3516590115914,34.9133287029731 -79.3515790114482,34.9133747026477 -79.3514650114278,34.9133627014417 -79.3513990114282,34.9133507006953 -79.3513210114282,34.9133366998151 -79.3511570113869,34.9133246981312 -79.351040011445,34.9132796965828 -79.3508720113857,34.9132746949282 -79.3507870110942,34.9133806951234 -79.3508030109083,34.9134606960376 -79.3509090106994,34.9135666980621 -79.3510930104804,34.9136917010177 -79.3512570103406,34.9137807034408 -79.3513540103602,34.9137907044676 -79.3515290105787,34.9137317055836 -79.3516190105121,34.9137767068782 -79.3517210103163,34.9138787088345 -79.3517450100836,34.9139817100518 -79.351796009665,34.9141687123344 -79.3517660094169,34.9142677129941 -79.3516530091031,34.9143777129583 -79.3515050091397,34.9143327111007 -79.3514460092855,34.9142597098341 -79.3513980094892,34.9141647084638 -79.3513050097322,34.9140447064225 -79.3512150097291,34.914028705404 -79.3511170096458,34.9140447046139 -79.3510240094255,34.9141187044244 -79.3509540092225,34.9141897044268 -79.3508880089896,34.9142737045908 -79.3508380087254,34.9143737050605 -79.3508150083266,34.9145347063705 -79.3508510078963,34.9147207084881 -79.3508910075071,34.9148907104931 -79.3507860072378,34.9149807103327 -79.3507120070292,34.9150517102909 -79.3506890068316,34.9151287107999 -79.3507050066612,34.9152027116585 -79.3507920064504,34.9153087135109 -79.3508700063682,34.9153597147537 -79.3509790063697,34.9153827160315 -79.3511120064176,34.9153917174095 -79.3511690064235,34.9154017180587 -79.3512010064259,34.9154077184269 -79.3513070063597,34.9154587199439 -79.3513810062247,34.9155317213607 -79.3513870061945,34.9155457215529 -79.3514300059817,34.9156447229173 -79.3514560057505,34.915747724155 -79.3513940054194,34.9158727247454 -79.3513170052773,34.9159147243958 -79.3512270051802,34.9159347237089 -79.351087004919,34.9160117230772 -79.3510170046405,34.9161117233469 -79.3509900044095,34.9162017239405 -79.350898003877,34.9164017249453 -79.3508240035097,34.9165367255055 -79.3507940030273,34.9167297270474 -79.3507590027585,34.9168327276835 -79.3507090025046,34.9169257280767 -79.3507130022825,34.9170187290001 -79.3507100018849,34.9171827305297 -79.350664001601,34.9172887310842 -79.3504900012547,34.9173877303097 -79.3504170008967,34.9175167308137 -79.3505030007247,34.917609732545 -79.3506160007519,34.9176277338318 -79.3507180006687,34.917688735419 -79.3508620004585,34.9178137380313 -79.3509100002799,34.9179007393342 -79.3509929998096,34.9181187422323 -79.3509999990774,34.9184257452264 -79.3509909979648,34.9188867495288 -79.3510079977221,34.9189927507081 -79.3510479974571,34.9191147522697 -79.3511499971907,34.9192557546326 -79.3512669970342,34.9193557567562 -79.3514469969497,34.9194447594066 -79.3516109970142,34.9194667612579 -79.351739996879,34.9195627634684 -79.3517599967018,34.9196437644447 -79.3517449962889,34.9198137659231 -79.3516829960306,34.919903766163 -79.3515269957167,34.9199877654005 -79.3514059957943,34.9199177635164 -79.3513279958754,34.9198597621794 -79.3512379959458,34.9198027607324 -79.3511439959085,34.9197897596656 -79.3510469957444,34.9198287590644 -79.3508989954128,34.919921758465 -79.3508399952299,34.9199797584247 -79.3507939950852,34.9200257584003 -79.3507399947824,34.9201347588942 -79.3507409944189,34.92028576034 -79.3507879942373,34.9203757616692 -79.3509369940566,34.9204977643315 -79.3510419938367,34.9206227665811 -79.3510629935076,34.9207667681655 -79.351027993279,34.9208507686125 -79.3509419930272,34.9209277684767 -79.3508209929231,34.9209317672915 -79.3507009928681,34.9209157659261 -79.3505949927685,34.920922764921 -79.3504939925637,34.9209747643934 -79.3504009922651,34.9210677643349 -79.3503269919564,34.9211707645624 -79.3501559916405,34.9212447635311 -79.3500309915851,34.9212267620942 -79.3498559915099,34.9212007600757 -79.3497269911764,34.9212947596559 -79.3497239909453,34.9213877605031 -79.3497479907187,34.9214877616903 -79.3498259906245,34.9215517630864 -79.3499469906441,34.9215837646176 -79.3500309906926,34.9215917655464 -79.3501459907445,34.9216087668755 -79.3502549905919,34.9217077689207 -79.3502599903769,34.9217977698242 -79.3502449900821,34.9219137707706 -79.3502099896853,34.9220647718443 -79.3501929892835,34.9222237731767 -79.3502059889508,34.9223647746448 -79.350271988756,34.9224677762947 -79.3503449885776,34.9225667779793 -79.3504529884203,34.9226697800611 -79.3505929882845,34.9227757825007 -79.3506679880331,34.9229067845138 -79.3507229877239,34.9230547864847 -79.3507039873283,34.9232117877822 -79.3506969870951,34.9233057886038 -79.3507169869271,34.9233827895414 -79.3507879867352,34.9234887912799 -79.3508039867303,34.9234967915207 -79.3508889867034,34.923539792805 -79.3510099868366,34.9235297939555 -79.3511309869792,34.9235157950678 -79.3512279869805,34.9235517964099 -79.3512869868811,34.9236157976285 -79.3513029866904,34.9237017986145 -79.3512259862882,34.9238407991473 -79.3511659862189,34.9238467985855 -79.3510389860785,34.9238567973704 -79.3509059859397,34.9238637960646 -79.350789985561,34.9239767959424 -79.350801985348,34.9240697969511 -79.350836985118,34.9241787983499 -79.3508689849145,34.9242757996041 -79.3508909846537,34.9243928009455 -79.3509499844546,34.924498802566 -79.3510239843255,34.9245818041239 -79.3511449843018,34.9246398059319 -79.351300984522,34.9246098072639 -79.3514219847896,34.9245458079073 -79.3515849852503,34.9244168083629 -79.351767985865,34.9242298084668 -79.3519459863046,34.9241138091953 -79.3521219866371,34.924041810323 -79.3522499867556,34.9240418116455 -79.3524469868982,34.9240588138446 -79.3525219868326,34.9241168151784 -79.3525339866505,34.9241998161023 -79.3525029863746,34.9243058168029 -79.3524409860388,34.924424817307 -79.3523359856522,34.9245478174028 -79.3522429853907,34.9246218171502 -79.3521579851197,34.9247028170468 -79.3521229848984,34.9247828174521 -79.3521079845599,34.924920818622 -79.3521979841335,34.9251398216626 -79.3522769840093,34.9252258233122 -79.3523859839597,34.9252928250925 -79.3525699840058,34.925350827569 -79.3526909841461,34.9253418287436 -79.3527299841868,34.9253408291405 -79.3528429842705,34.9253528304344 -79.3530069842916,34.9254138327341 -79.3531319842312,34.9254938348121 -79.3532499840316,34.9256318373803 -79.3533749837101,34.9258268405767 -79.3534579835287,34.9259428425702 -79.3535789834485,34.9260318447011 -79.3538579835489,34.9261128484114 -79.3542209835464,34.9262788538351 -79.3543199834979,34.9263458555278 -79.3544219834464,34.9264158572824 -79.3544719834243,34.92644885813 -79.3545889832666,34.9265738605817 -79.3546559829641,34.9267408629206 -79.3546179827167,34.9268338634306 -79.3545559824859,34.9269078635014 -79.3544389822881,34.9269408625912 -79.3542829821226,34.9269408609472 -79.3541929820047,34.9269508600962 -79.3541149817821,34.9270128598786 -79.3540569813953,34.9271568606704 -79.3541949812391,34.9272918634437 -79.3542399812493,34.9273088640849 -79.3543779812792,34.9273618660605 -79.3546129811402,34.9275378702661 -79.3547189809194,34.9276888728663 -79.3547939805457,34.9278938756692 -79.3548019802322,34.9280388771747 -79.3547639799542,34.9281448778095 -79.3546699796842,34.9282188775352 -79.3545649794639,34.928264876869 -79.3545069792266,34.9283418770051 -79.3544159788328,34.9284718773072 -79.3543779785655,34.9285718778793 -79.3543899783841,34.9286588788571 -79.3544369782585,34.9287388801399 -79.3545379782534,34.9287928817453 -79.3546479783215,34.9288188831735 -79.3547379782757,34.9288858847901 -79.3548199781368,34.9289908866945 -79.3548439779491,34.9290878879016 -79.3547629775169,34.9292398885245 -79.3546809772496,34.9293168884006 -79.3545099769397,34.9293658870487 -79.3543849765778,34.9294618866476 -79.354459976384,34.9295878886829 -79.3545579764084,34.9296288901351 -79.3547409765341,34.9296698925002 -79.354849976557,34.9297178941405 -79.3550069764162,34.9298658972784 -79.3551129762052,34.93001889992 -79.3552309760851,34.930137902359 -79.3553789760818,34.930220904769 -79.3554179759382,34.9303079060453 -79.3553799755735,34.9304529070624 -79.35527397503,34.9306409077671 -79.3552619747752,34.930749908709 -79.355324974585,34.9308719105899 -79.3554349743555,34.9310389134237 -79.3555299741241,34.9311989160285 -79.3555419739073,34.9313049172028 -79.3555089736224,34.9314159179379 -79.3554709733967,34.9314969183228 -79.3554009729827,34.9316449190188 -79.3553699727037,34.9317539197541 -79.3553469723708,34.9318919208613 -79.3553209720119,34.9320399220337 -79.3553349718058,34.9321419231895 -79.3553699716691,34.9322249243879 -79.3554599716245,34.9322989260987 -79.355600971678,34.9323589282298 -79.3557259716678,34.9324389303844 -79.3558429716131,34.9325349326109 -79.3559609715173,34.9326509350476 -79.3560159713195,34.9327759368851 -79.3560869710399,34.9329489393737 -79.3561289706899,34.933136941694 -79.3560979702717,34.9333109430745 -79.3560129698422,34.9334559435734 -79.3558649695208,34.9335109424881 -79.3556739694977,34.9334019393111 -79.3556269696019,34.9333249380353 -79.3556609699559,34.9331839370189 -79.3556289702775,34.9330169350213 -79.3554689701107,34.9329949330494 -79.3553759698738,34.933045932531 -79.3553099696003,34.9331299326328 -79.3552049691678,34.9332619327771 -79.3550919687716,34.9333719326154 -79.3550339684583,34.9334779330179 -79.3549959681296,34.9336029338262 -79.355019967835,34.9337509355429 -79.3550069676224,34.9338389362631 -79.3550009675233,34.9338799365992 -79.3549629672514,34.9339789371511 -79.35487296694,34.934062936981 -79.3547019664792,34.9341629360712 -79.3545579661328,34.9342279351154 -79.35435896576,34.9342699333251 -79.3542739654947,34.9343349330194 -79.3542159651095,34.9344699336947 -79.3542869649715,34.9345759355157 -79.3544429650356,34.9346459379286 -79.3545829652053,34.9346589396079 -79.3547409653429,34.9346979417418 -79.354768965138,34.9348079431298 -79.354785964713,34.9350099452974 -79.3547899643052,34.9351959471641 -79.3547789639891,34.9353309483642 -79.354767963744,34.9354339492507 -79.3548109636266,34.9355149505235 -79.3549339636908,34.9355669524048 -79.3549569637223,34.9355679526711 -79.3551489639788,34.9355789549205 -79.3552389639893,34.9356339564649 -79.3553019638924,34.9357199580135 -79.3553249637064,34.9358199592538 -79.3553219634051,34.935954960548 -79.355279962982,34.9361189616908 -79.3552049624119,34.9363269628954 -79.3551039617085,34.9365769642183 -79.355030961397,34.9366679642919 -79.3549259610673,34.9367449638678 -79.3548639607801,34.9368319640239 -79.3547869602271,34.9370279650784 -79.3546569596358,34.9372039653376 -79.3545509594503,34.9372139642409 -79.3543449592051,34.9371819616067 -79.3542269592464,34.9370829593112 -79.3541989594871,34.9369569577668 -79.3541909595537,34.9369219573354 -79.3540779596048,34.9368229550993 -79.3539989595072,34.9368129541138 -79.353960959463,34.9368069536282 -79.3537889591198,34.9368429520448 -79.353613958808,34.9368629502715 -79.3534539586146,34.9368409482588 -79.3533599585082,34.9368249470468 -79.3532939583414,34.9368539465858 -79.3532079581278,34.9368899459675 -79.3532049577901,34.9370349473379 -79.3532799577443,34.9371049488605 -79.353439957784,34.9371949515355 -79.3535529580102,34.9371719525856 -79.3536419582131,34.9371429533066 -79.3537749583015,34.9371939553008 -79.3537599579059,34.9373579567264 -79.3536319574894,34.9374539562151 -79.353472957051,34.9375379552356 -79.353357956602,34.9376559550809 -79.3534169564081,34.93778095696 -79.3535349563373,34.9378929593819 -79.3536169562678,34.9379799611551 -79.3537629563796,34.9380319633142 -79.3539819564921,34.9381349667982 -79.3541939564178,34.9383169709767 -79.3542659561883,34.938469973287 -79.3542939558804,34.9386269751376 -79.3542629556643,34.9387009755073 -79.354189955423,34.9387559752134 -79.3541179552958,34.9387609744428 -79.3540729552188,34.9387629739502 -79.3539669550977,34.9387409725296 -79.3538699549642,34.9387309713285 -79.3536899546426,34.9387449694165 -79.3536399542911,34.9388639700037 -79.3537149542373,34.9389409716062 -79.3537969540954,34.9390619737173 -79.3537899538797,34.9391519745128 -79.3537389536489,34.939216974563 -79.3535929532739,34.9392769734794 -79.3533789528873,34.9392929711913 -79.3532109525367,34.9393259695927 -79.353086952207,34.9393809687087 -79.3529779517836,34.9394869684882 -79.3529039514886,34.939561968367 -79.3528849511081,34.9397129696085 -79.352990951182,34.9397569712474 -79.3531389515976,34.939682972226 -79.3532319517583,34.9396799732613 -79.3533999519789,34.9397049754267 -79.3535599521342,34.9397529777243 -79.3537049522517,34.9398069799095 -79.3538379521527,34.9399479828049 -79.353752951609,34.9401249835513 -79.3536049511036,34.9402379829502 -79.3535159507487,34.9403279828016 -79.3534219504875,34.9403729821578 -79.3533019502828,34.9403739807881 -79.3531609501922,34.9403099785477 -79.3530009500037,34.9402749763708 -79.3529229497755,34.9403169758806 -79.3528999495657,34.9403909763313 -79.3529039494754,34.9404329767832 -79.352908949218,34.9405479779519 -79.352928948545,34.9408539811394 -79.3529959482096,34.9410489837973 -79.3530899481039,34.9411649860048 -79.3532239479811,34.9413189890442 -79.3533379477156,34.9415209923204 -79.3534149472502,34.941782995753 -79.3534629468498,34.9419949983665 -79.3534239463122,34.9421999999021 -79.3533569457698,34.9423850009168 -79.3533109452891,34.9425590020678 -79.3533349450593,34.9426780035009 -79.3533899449154,34.9427840051701 -79.3534569448028,34.9428860069413 -79.3535589447449,34.9429920091613 -79.3536879448394,34.943053011261 -79.353886945048,34.9431200142386 -79.3539749450448,34.9431920159686 -79.3539789448418,34.9432850169211 -79.3539559445374,34.9434010177815 -79.3538749441855,34.9434910177088 -79.3537639438391,34.9435540170208 -79.353646943579,34.9435740158437 -79.3535379432762,34.9436190150028 -79.353448942907,34.9437090148323 -79.3533169421848,34.9439180153092 -79.3531889414722,34.9441250158099 -79.3531589412853,34.9441820160088 -79.3531229410847,34.9442400161466 -79.3531309408995,34.9443270170828 -79.3531859408024,34.9444140185729 -79.35336994109,34.9444390209833 -79.3535449416327,34.944345022133 -79.3536339420179,34.9442490222487 -79.3537189424562,34.9441260220536 -79.353859942909,34.9440420228947 -79.3539689431544,34.9440230239911 -79.3540779433431,34.9440290253309 -79.3541679434021,34.9440770268569 -79.3542539433753,34.9441600286782 -79.3542859432192,34.9442560299917 -79.3542819429219,34.9443850312038 -79.3542509426255,34.944491031873 -79.3541819422054,34.9446200323178 -79.3540029415766,34.9447490314626 -79.3539329411523,34.9448780318921 -79.3539299409067,34.9449840328887 -79.35392994066,34.9450930339499 -79.354031940572,34.9452180363745 -79.3541179406214,34.9452690378899 -79.3542549406521,34.9453720405177 -79.3542399403197,34.9455070416573 -79.3542989401816,34.9456190434504 -79.3543399402788,34.9456110438588 -79.35445094054,34.945590044971 -79.3544909407201,34.945544044996 -79.3545209408562,34.9455090450096 -79.3545789411331,34.9454350449737 -79.3545979413482,34.9453550444163 -79.3545899415852,34.9452420432161 -79.3545939418005,34.9451490423536 -79.3546049420447,34.9450490415054 -79.3546399422831,34.9449720411658 -79.3547289426526,34.9448820413367 -79.3548499430264,34.9448170421294 -79.3550209435581,34.9447230432267 -79.3551689437604,34.9447580453176 -79.355258943761,34.9448350471372 -79.355298943674,34.9449090483374 -79.3552949434684,34.9449990491751 -79.3552329430818,34.945121049641 -79.3551669427066,34.9452340499701 -79.3551049423826,34.9453270501492 -79.3549969418834,34.9454590501648 -79.3550839417347,34.9456020526003 -79.3551689417752,34.9456580541592 -79.3552939418407,34.9457380564297 -79.3553839418459,34.9458150582563 -79.3555369418821,34.9459340612465 -79.3557009419089,34.9460680645181 -79.3557839418118,34.9461870666801 -79.3558229416727,34.9462860681218 -79.3557809413443,34.9463990687363 -79.3557699409938,34.946550070095 -79.3558059407515,34.9466940719459 -79.3559389408196,34.9467840744237 -79.3560279410244,34.9467710753588 -79.3561179412527,34.9467480762069 -79.3563319417051,34.9467350786352 -79.3565119419676,34.9467790812223 -79.3565869418554,34.9469010833295 -79.3564819413912,34.9470200832539 -79.3563539409056,34.9471270827821 -79.3563929407988,34.9472130841015 -79.3564049408014,34.9472230843444 -79.3564559408071,34.9472680854017 -79.356547940859,34.9473300871196 -79.3568049411243,34.9474480913742 -79.3569189411289,34.9475540937966 -79.3569389408954,34.9476830953203 -79.3568849406372,34.9477530953676 -79.3567799402514,34.9478340949105 -79.3566749398521,34.9479210945118 -79.3565939393276,34.9480890952046 -79.3566899393169,34.9481860973243 -79.3568579395528,34.9482370998561 -79.3571349400283,34.9482811036338 -79.3573579402024,34.94841610767 -79.3574789401832,34.9485441104087 -79.3575689401284,34.9486591126451 -79.3576399400141,34.9487841147531 -79.3576939398068,34.9489371169367 -79.3577599397172,34.9490461188266 -79.3578459397637,34.9491101205092 -79.3579189398542,34.9491401216944 -79.3579869399385,34.9491681227992 -79.3581199400787,34.9492351250836 -79.3582329401446,34.9493181272874 -79.3583389400979,34.9494491298898 -79.3583649398647,34.9495891316128 -79.3584509399214,34.9496501332713 -79.3585679400648,34.9497011352068 -79.3585899400869,34.9497131355952 -79.3586739401793,34.9497551370397 -79.3587829403904,34.9497651384663 -79.358958940825,34.9497351403043 -79.3590439413051,34.9495871398433 -79.3590829415374,34.9495131395696 -79.3590899418718,34.9493551380583 -79.3591869422435,34.9492721383962 -79.3593389425648,34.9492711402297 -79.359424942635,34.9493261418297 -79.359514942632,34.9494221438945 -79.3595549425041,34.9495281454545 -79.3595669422794,34.9496531468674 -79.3595989421552,34.9497491482298 -79.3596299420791,34.9498201493269 -79.3597749422859,34.949871151609 -79.3598519425909,34.949800151825 -79.3599069428805,34.9497131516101 -79.3600209433619,34.9495921517658 -79.3601659435424,34.9496561541793 -79.3602329434893,34.949755156002 -79.3603749436513,34.949826158453 -79.3603889436693,34.9498321586845 -79.3604859439128,34.9498131596711 -79.3606769444456,34.949748161331 -79.3608059446261,34.9497961633908 -79.3608839446871,34.9498501648922 -79.3609039445862,34.9499241658928 -79.3609049444333,34.9500041667236 -79.3608679441253,34.95012216748 -79.3608879439819,34.950218168706 -79.3610059439256,34.9503781717834 -79.361102944252,34.9503171723425 -79.3611419444843,34.9502401720293 -79.3611759447749,34.9501271712855 -79.3611989450089,34.9500311705815 -79.3612379452288,34.9499601703285 -79.3613659456379,34.9498891711584 -79.3615339459116,34.9499331736556 -79.3616439460242,34.9499971756532 -79.3618269462271,34.9500961789017 -79.3620969466295,34.9501891831518 -79.3621909467051,34.9502561849898 -79.3622419466457,34.9503461865414 -79.3622269464219,34.9504481874117 -79.362168946109,34.9505481877356 -79.3620449456035,34.9506741875199 -79.3619469453535,34.9506941865276 -79.3618459451479,34.9506871852203 -79.3617009449421,34.9506301828605 -79.3615639447544,34.9505731805997 -79.3613999444115,34.9505671785338 -79.3612879439773,34.950667178191 -79.3613409437391,34.9508511807276 -79.361432943721,34.9509651830245 -79.3614849435208,34.9511291853464 -79.361535943302,34.9513021877497 -79.3616029432108,34.9514271898573 -79.3616469430925,34.95154019156 -79.361662942926,34.9516461928469 -79.3617329429345,34.9517231945002 -79.3618889431664,34.9517831970377 -79.362080943515,34.9518241998237 -79.3622219436702,34.9519082024268 -79.3623269437239,34.9520042047121 -79.3623669436634,34.952084206032 -79.3623789434864,34.9521932073067 -79.3623369431509,34.9523222081217 -79.3622549426481,34.9524922088652 -79.3621049416308,34.9528532107363 -79.3620629412868,34.9529852115777 -79.3620629411229,34.9530722124751 -79.3621099410981,34.9531422137802 -79.3621729411648,34.9531832149849 -79.3622079412015,34.9532062156566 -79.3623169413961,34.9532352173088 -79.3624149416275,34.9532312184837 -79.3625939421444,34.9531732201048 -79.362815942677,34.9531592227139 -79.3629649428401,34.9532552255587 -79.3629849427495,34.9533292265751 -79.362961942542,34.9534132271613 -79.362862941879,34.9536492283792 -79.3628439416614,34.9537432291176 -79.3629149416077,34.9538612312257 -79.3630089417663,34.9538932327287 -79.3631019419762,34.9538962339184 -79.3632079421923,34.9539122354053 -79.3633929425845,34.9539322379185 -79.363548942848,34.9539862404251 -79.3636279428682,34.9540762423481 -79.3636439427135,34.954182243653 -79.3635779423311,34.9543082441427 -79.363401941973,34.954279241643 -79.3632659417434,34.9542312394458 -79.3630589413655,34.95417423627 -79.3629619409608,34.9542712360664 -79.3629309406819,34.9543832368416 -79.3629939405678,34.9545252391028 -79.3629869402788,34.9546732405516 -79.3629719400556,34.9547752414226 -79.3629479399124,34.9548222416099 -79.3629059396675,34.9549012419035 -79.3628089391645,34.9550492422226 -79.3627179387894,34.9551352419725 -79.3626519384897,34.955212241942 -79.3626789383999,34.9552952431406 -79.3627379384143,34.9553632445862 -79.3628439385266,34.955439246706 -79.3629229384422,34.9555872492345 -79.3628179379817,34.9557002490855 -79.3627119377273,34.9557002477513 -79.3625949374763,34.955684246113 -79.3624859372316,34.9556752446481 -79.3623849369762,34.9556822434494 -79.3622809366517,34.9557222425538 -79.3622119363395,34.9558002424906 -79.3622119361893,34.9558802433166 -79.362274936178,34.9559672450091 -79.3624119362282,34.956117248287 -79.3624589361795,34.9562042497798 -79.3623699357356,34.9563262499175 -79.3622409353435,34.9563682487219 -79.3621439351847,34.9563272470732 -79.3620689351722,34.9562372451975 -79.3619899352374,34.956101242798 -79.3619199352042,34.956029241173 -79.3617719349322,34.9559842388435 -79.3616469345201,34.9560422378642 -79.3615729341563,34.9561392379282 -79.3615349338619,34.9562452385381 -79.3615309337052,34.9563222392789 -79.3616349336911,34.9564622420323 -79.3616399335148,34.9565612431137 -79.361573932997,34.9567482442014 -79.3615079326634,34.9568382442905 -79.3614419323523,34.9569162442556 -79.3614189321119,34.9570122449499 -79.3613999318985,34.9570992456023 -79.3614379317798,34.9572102472244 -79.3615469318601,34.9573092496256 -79.3615909316696,34.9574662517985 -79.3615479314216,34.9575402520125 -79.3613849308919,34.9576052506069 -79.3612209304761,34.9576092485615 -79.3610339300473,34.9575902459878 -79.3608799296215,34.9576122442538 -79.3607829291389,34.9577362442875 -79.3607869289662,34.9578302452994 -79.3608379289189,34.9579202468696 -79.3609119289491,34.9580002486313 -79.3609709289905,34.9580552499466 -79.3611079292668,34.9580902520526 -79.361255929602,34.9581092541355 -79.3613849299893,34.9580762554425 -79.3615019303518,34.958040256565 -79.3616179307591,34.9579792574171 -79.3617429312263,34.957898258177 -79.3618589317969,34.9577502581307 -79.3619249322226,34.957612257549 -79.3619949325196,34.9575472577694 -79.3621659331026,34.9574632590771 -79.3623769335366,34.9575112622556 -79.3623879335321,34.9575282625712 -79.3624319335182,34.9575942638132 -79.3624229333837,34.9576542643192 -79.3624039331159,34.9577722652974 -79.362310932612,34.9579172656114 -79.3622569321861,34.9580722665241 -79.3622509321185,34.9581002667368 -79.3622219317735,34.9582452678641 -79.3622079313326,34.9584612699156 -79.3622399311358,34.9586092718531 -79.3622749310745,34.9586892731273 -79.3623419311305,34.9587502746153 -79.3624979314562,34.9587882770058 -79.3626609320268,34.9587042782232 -79.3626649322282,34.9586012772076 -79.3626799324333,34.9585112764672 -79.3627109326434,34.958440276128 -79.3627879330047,34.9583502761791 -79.3629439334831,34.9583042776947 -79.3630499336915,34.9583362793809 -79.3631319337755,34.9584032811246 -79.3631559336765,34.9584902823354 -79.3631519335014,34.9585802832196 -79.3631209328593,34.9588872860128 -79.363050932532,34.9589682859571 -79.3629609321659,34.9590422855714 -79.3628799317982,34.9591292854351 -79.3628289315198,34.9592092856103 -79.3628299313781,34.959287286432 -79.3628809313742,34.9593602878441 -79.3629239313353,34.959441289237 -79.3630769314646,34.9595852926993 -79.3632349316656,34.9596982959067 -79.3634699321333,34.9597752997334 -79.3636489325226,34.9598163024658 -79.3637589326524,34.9599023047801 -79.3638489326896,34.9600113070779 -79.3638969325356,34.9601663093159 -79.36397093247,34.9603103117757 -79.3641159328491,34.9603103136484 -79.3642479332816,34.9602613148401 -79.3643459335448,34.9602573160635 -79.3644319337233,34.9602833174464 -79.3645139338296,34.9603443191451 -79.3645809338405,34.9604373209865 -79.3646059337824,34.9605073220443 -79.3646299337253,34.9605753230685 -79.3646419336986,34.9606083235701 -79.3646799337333,34.9606453244503 -79.3647119337629,34.9606763251899 -79.3648409340637,34.9606983270906 -79.3648649341305,34.9606963273801 -79.3649849344604,34.960688328849 -79.3650969347639,34.9606833302459 -79.3652859351764,34.9607323332085 -79.3653609352406,34.9608093349916 -79.3653909351658,34.9608983363192 -79.3653929350016,34.9609963373793 -79.3653759347386,34.9611223384883 -79.3654029346719,34.9612023396828 -79.3654819347644,34.961270341426 -79.365610935049,34.9613043434602 -79.3656379351088,34.9613113438847 -79.3658129355198,34.961343346496 -79.3659039356376,34.9614163484508 -79.3660499358179,34.9615393516516 -79.3660579358189,34.9615513518828 -79.3661169358392,34.9616323535088 -79.3661959359136,34.9617133553959 -79.3662059359319,34.9617183555791 -79.3663339361688,34.961781357914 -79.3665099365102,34.9618593610347 -79.3665719366249,34.961890362172 -79.3666459367603,34.9619283635404 -79.3667359368224,34.962036365863 -79.3667609368048,34.9620873667321 -79.3668339367573,34.9622343692504 -79.3668989366261,34.9624193720707 -79.3669539366693,34.9624833734717 -79.3670429369126,34.9624823746242 -79.3671489372055,34.9624793759776 -79.3672079374644,34.9624193761078 -79.3672149374949,34.9624123761245 -79.3672649377997,34.9623093756771 -79.3672949380007,34.9622363752886 -79.3674319385364,34.9621353759963 -79.3676119390451,34.9621213781944 -79.3676939391561,34.9621893799927 -79.3677569391708,34.9622853818439 -79.367767939165,34.9623073822234 -79.3678969390965,34.9625663866869 -79.3679139387897,34.9627853892594 -79.368080938952,34.9629683934117 -79.3683049396388,34.962922395852 -79.3683399398126,34.9628733957832 -79.3683519398438,34.9628743959512 -79.3684109400925,34.9628193961317 -79.3684369402953,34.9627363955784 -79.368531940879,34.9625313946127 -79.3686209412631,34.9624413948058 -79.3687069415327,34.9624183956814 -79.3688169417652,34.962460397572 -79.3689649419622,34.9625914009216 -79.3690599420056,34.9627294036562 -79.3691209420895,34.9627824050278 -79.3692159422216,34.9628644071591 -79.3694849427461,34.9630014121676 -79.3695169428092,34.9630174127606 -79.3697929432958,34.9631944183014 -79.3699459434873,34.9633454219511 -79.3699949435087,34.9634204234105 -79.3700399435284,34.9634894247526 -79.370122943554,34.9636244273133 -79.3702169436111,34.9637594300204 -79.3702369435208,34.9638564313406 -79.370341943243,34.9642364368669 -79.3703859430547,34.9644444397162 -79.3703749427917,34.9645994412614 -79.3702999422398,34.9648264427446 -79.3702739417953,34.9650734450926 -79.3702319413467,34.9652924469223 -79.3702209410987,34.9654364483454 -79.3702549408019,34.9656984516522 -79.3702249403428,34.9659464539555 -79.3702819403041,34.9660814561861 -79.3703649402677,34.9662654592988 -79.3704249401048,34.966490462554 -79.3705149401514,34.9666344653279 -79.3705819402079,34.9667274672391 -79.3706909403965,34.9668144696475 -79.3708209406384,34.9669074724039 -79.3709789409899,34.9669824753399 -79.3710569410818,34.9670754774032 -79.3711239410865,34.9672064797365 -79.371159941027,34.9673194814579 -79.3712499411053,34.9674474840692 -79.3713229411082,34.9675934866514 -79.3714049412258,34.9676794886972 -79.3715379415687,34.9677144908693 -79.371643941776,34.9677884931079 -79.3717499419754,34.9678684954137 -79.371829942094,34.9679514974039 -79.3718789421297,34.9680284989114 -79.3718719419889,34.9681124997423 -79.3718779418126,34.968248501321 -79.3718669416327,34.9683515023071 -79.3718589414845,34.9684385031573 -79.3719029414836,34.9685315047754 -79.3719769416001,34.96860550659 -79.3720199416382,34.9686695078763 -79.3720909417551,34.9687375095855 -79.3721519418692,34.9687865109505 -79.3723119422747,34.9688405137099 -79.3724949429532,34.9687495151782 -79.3725529432477,34.9686635150108 -79.3726379436256,34.9685755151851 -79.372719943934,34.9685305157941 -79.3728219442481,34.9685245171046 -79.372945944595,34.9685425189782 -79.373070944978,34.9685365205992 -79.3732079454023,34.9685265223377 -79.3733049456672,34.9685455238584 -79.3733529457201,34.9686125252514 -79.3733289455474,34.96868652575 -79.3732279451511,34.9687545251408 -79.3731109447553,34.9687865239147 -79.3729989443385,34.968844523044 -79.3728779438041,34.9689675227712 -79.3728979437279,34.9690665241395 -79.3729729438348,34.9691535261198 -79.3730749440118,34.9692495285669 -79.3731339442058,34.9692385292443 -79.3732929447257,34.9692105310876 -79.373393945124,34.9691425316997 -79.3734969455033,34.9690925325383 -79.373590945805,34.9690795336663 -79.3736879460472,34.969117535403 -79.3737159459373,34.9692625373982 -79.3736469456246,34.9693395373208 -79.3735409452421,34.9693845363847 -79.3733969447341,34.9694365350103 -79.3733779446533,34.9694535349416 -79.3733159443872,34.9695105347341 -79.373292944177,34.9696135355668 -79.3733889443542,34.9696985378155 -79.3734599443705,34.9698465404267 -79.3735009444378,34.9698895414626 -79.3735649445501,34.9699515430231 -79.3736669446986,34.9700735457697 -79.3737579448573,34.9701635480115 -79.3738479450565,34.9702215498839 -79.3739609453961,34.97022755149 -79.3740459456974,34.9701975523128 -79.374131945987,34.9701785532717 -79.3742219462598,34.9701815545308 -79.3743079464571,34.9702325562724 -79.3744179466948,34.9703095586328 -79.374691947273,34.9705145646655 -79.3747079471605,34.9706395662857 -79.3746499469056,34.9706975661442 -79.3745639465767,34.9707455655078 -79.3743989458593,34.9709025650115 -79.3744809459431,34.9710335675995 -79.3746029462267,34.9711075700977 -79.3746849463618,34.9712005722626 -79.3747679464515,34.9713315748687 -79.3748769466482,34.9714435776194 -79.3750599469478,34.9716575825334 -79.3750909470223,34.9716755831611 -79.3751569471839,34.9717115844718 -79.3752899475579,34.9717465866915 -79.3754109479476,34.9717395882738 -79.37552094829,34.9717425898178 -79.3755949484664,34.9717875913413 -79.3756339484653,34.9718865929937 -79.3756779484515,34.9720085949749 -79.3756739483375,34.972089595834 -79.3756809482533,34.9721745968894 -79.3757669483824,34.9722895993712 -79.375774948272,34.9723986007121 -79.3758149482585,34.9725116025394 -79.3758349481791,34.972626604114 -79.3758939482829,34.9726946056962 -79.3760619487846,34.9727226083307 -79.376162949166,34.9726746091811 -79.3763499498504,34.9726026109449 -79.3764509501602,34.9726126124511 -79.3765549504337,34.97266061443 -79.3766209505971,34.9726996157831 -79.3766369505505,34.9727806169235 -79.3765679501547,34.9729256176165 -79.3764979498105,34.9730246177725 -79.376474949647,34.9730986182939 -79.3764989496185,34.9731856196125 -79.3765619497195,34.9732696214371 -79.3767019500473,34.9733716245329 -79.3768039503186,34.9734196264905 -79.376959950761,34.973470629231 -79.377079951082,34.9735266315308 -79.3772709515295,34.9736706358186 -79.377482952063,34.9738016402533 -79.3776049523588,34.9738876429284 -79.3776429524521,34.9739136437529 -79.3778329529761,34.9739946473173 -79.3781379537749,34.9741646535016 -79.3783059542041,34.9742696570416 -79.3784199544505,34.9743816599129 -79.3784389543769,34.9745026615666 -79.3783819541204,34.9745646614843 -79.3782919537588,34.9746236609075 -79.3781679533258,34.9746466594433 -79.3780159527355,34.9747266582411 -79.3780219526354,34.9748316595272 -79.3781859531434,34.9748596621357 -79.378232953211,34.9749366636744 -79.3782299531026,34.9750236646301 -79.3781719527978,34.9751236649664 -79.3781209525383,34.9752036651706 -79.3781219524461,34.9752876661471 -79.3781529524546,34.9753706675318 -79.3783019528551,34.975453670568 -79.3783879531765,34.9754216714041 -79.3784619534983,34.9753536716587 -79.378546953846,34.9752946721696 -79.378632954191,34.9752406727513 -79.3787969547626,34.9752146747446 -79.3789569552185,34.9752816777525 -79.3788719547563,34.975445678452 -79.3787749543347,34.9755356781302 -79.3786419538415,34.9755816767971 -79.3784879532374,34.9756636755825 -79.3785359532643,34.9757826776219 -79.3786369535689,34.975811679371 -79.3787509539504,34.9758106809576 -79.3788909543823,34.9758426832886 -79.3789769546025,34.9759036851971 -79.3790439547497,34.9759736869435 -79.3792119552345,34.9760446901197 -79.3793719557949,34.9760216920997 -79.3794219561011,34.9758926913113 -79.3795109565088,34.9757896913691 -79.379643956994,34.9757506927822 -79.3797079571883,34.9757686938874 -79.3798309575604,34.9758046960282 -79.3799409578537,34.9758746983814 -79.3800499581371,34.9759517008028 -79.380270958762,34.9760617051804 -79.3804939594635,34.9761057088221 -79.3806229598661,34.9761347109707 -79.3807209601326,34.9761957130571 -79.3808419604517,34.9762817157587 -79.381010960891,34.9764097196266 -79.3811469612849,34.976473722286 -79.3813109618095,34.97650172492 -79.3814049621291,34.9764987262073 -79.3815529626629,34.976462727868 -79.3817309632738,34.976450730231 -79.3819029638039,34.9765017332481 -79.3818679635743,34.9766177341159 -79.3817359630292,34.9767207334646 -79.3816819627652,34.9768047336879 -79.3817449628108,34.9769777366025 -79.3818269630609,34.9770067380988 -79.3819319634114,34.9770127396501 -79.3820449637833,34.9770247413847 -79.3821779642014,34.9770597436718 -79.3822579644107,34.9771257455761 -79.3823229645572,34.9772047474223 -79.3824159647677,34.9773177500646 -79.3824629648559,34.9773947516347 -79.3824399646932,34.9774847523686 -79.382439964609,34.9775747534275 -79.3824519645715,34.9776587545857 -79.3825069647057,34.9777167560466 -79.3826169650231,34.9777807583574 -79.3827489654619,34.9777957604032 -79.382771965538,34.9777987607643 -79.3828899659225,34.9778207626947 -79.382983966154,34.9779207652064 -79.3828909657073,34.9780597655287 -79.3828429654496,34.9781607660393 -79.3828439653292,34.9782957676458 -79.382948965648,34.9783437697028 -79.3830579660309,34.9783367711679 -79.3831519663592,34.9783327724552 -79.3832889667724,34.9783997751928 -79.3832619665633,34.9785287763346 -79.383297966602,34.9786247779817 -79.3834619670366,34.9787757821013 -79.3836379675417,34.9788967860397 -79.3837539678711,34.9789817886994 -79.3839139684321,34.9789777909311 -79.3840269688697,34.9789267919348 -79.3841589694346,34.9788037923523 -79.3843109699468,34.9788227947416 -79.3844559703382,34.9789567984013 -79.3846159708472,34.9790148013715 -79.3848329715953,34.9790248045824 -79.3849269718148,34.9791568074982 -79.3849509718225,34.9792498089512 -79.3850099719815,34.9793078104858 -79.3851229723592,34.9793298123611 -79.3853099730683,34.9792618142155 -79.3854739736427,34.9792608165428 -79.385559973885,34.9793348186567 -79.3854949735606,34.9794568191912 -79.3854289732806,34.9795178189795 -79.3854289732185,34.9795958199139 -79.3854489732442,34.9796518208706 -79.3854699732696,34.9797128219016 -79.3855569735101,34.9797958241404 -79.3856859739166,34.9798568267172 -79.3857989743056,34.9798688284779 -79.3859239747618,34.9798488300261 -79.3860009750801,34.9797878303944 -79.3860989754276,34.9797848317599 -79.3861889757057,34.9798358336608 -79.3862789759555,34.9799248360197 -79.386394976192,34.9801548404509 -79.3864779763848,34.9802898432673 -79.3864939763676,34.9803888446901 -79.3865219763351,34.9805658472258 -79.3865229762499,34.9806848486749 -79.3865159761198,34.9808258502743 -79.3864649758412,34.9809548510959 -79.3864189756137,34.9810388514464 -79.3863349752632,34.9811048510324 -79.38626597495,34.9811918510864 -79.3862619748728,34.981274852028 -79.3862859748856,34.9813718535417 -79.3863449750299,34.9814618554761 -79.3864469753469,34.9815288577545 -79.3866139759538,34.9815218600792 -79.3866769762266,34.9814598602397 -79.3867889767075,34.9813538605749 -79.3868789770405,34.981340861715 -79.3869729773624,34.9813628633357 -79.3871649779589,34.9814938676886 -79.3874619788489,34.981749875076 -79.3876519794454,34.9818798793977 -79.387847980096,34.9819658832751 -79.3879249804321,34.9818818833671 -79.3879409805464,34.9817988825892 -79.387943980634,34.9816858812587 -79.3880059809472,34.9815538805484 -79.388117981424,34.9814448808377 -79.3882079817719,34.9814088816971 -79.3883169821601,34.9814148833417 -79.3883879823819,34.981465884987 -79.3884659826018,34.981558887246 -79.3884779825737,34.9816678887485 -79.388458982435,34.9817748897791 -79.3884169822116,34.9818838905014 -79.3883709819983,34.9819548907019 -79.3882689815796,34.9820288901288 -79.3882109813239,34.9820968901181 -79.3881919812035,34.9821738907808 -79.3881999811685,34.9822698920655 -79.3882979814528,34.9823788948123 -79.3884199818551,34.98244289736 -79.3885329822586,34.9824558991561 -79.3886459826713,34.9824549007814 -79.3887419830162,34.9824629022703 -79.3888079832179,34.9825239039722 -79.3888319832608,34.9825939051756 -79.3888169831479,34.9826849060701 -79.3887359827489,34.9828449068492 -79.3887289826256,34.9829969086041 -79.3888459829965,34.9830889114286 -79.3889439833586,34.9830859128165 -79.3890369837149,34.983062913887 -79.3891619841985,34.9830239152264 -79.3892669845903,34.9830139166298 -79.3893959850408,34.9830519189702 -79.3894649852559,34.9831149207459 -79.3895119853705,34.9832109226071 -79.3895519854634,34.9833009242934 -79.3896139856324,34.9833999264111 -79.3897059859342,34.9834629285244 -79.3898429864118,34.9835109311096 -79.3899489867479,34.9836059338223 -79.3898679863662,34.9837449343509 -79.3898489862462,34.9838289351064 -79.3899309864812,34.9839469377541 -79.3900249868305,34.9839469391263 -79.3901379872838,34.9838889400616 -79.3902429877166,34.9838139406699 -79.3903089879779,34.9837849412752 -79.3903519881482,34.9837659416682 -79.3905269887919,34.9837749443317 -79.3905939890048,34.9838389460991 -79.3906369891023,34.9839509481097 -79.3906459890411,34.984121950353 -79.3905879887717,34.9842179506908 -79.3905299885158,34.9842889507193 -79.3904829882933,34.9843729510685 -79.3904509881057,34.9844939520931 -79.3904399879835,34.9846379537085 -79.3904409879309,34.9847379549567 -79.3904409879022,34.9847889555858 -79.390456987901,34.9848979571651 -79.3904999880173,34.9849789587952 -79.390601988359,34.9850549612301 -79.3907309888131,34.9851129638401 -79.3908989893999,34.9851989673702 -79.3910109897512,34.9853319706612 -79.3911009900382,34.9854319732222 -79.3911169900493,34.9855249746091 -79.391050989734,34.9856469751485 -79.390867989039,34.9856479724673 -79.3907739887261,34.985567970095 -79.390732988608,34.9854999686515 -79.3907189885654,34.9854809682108 -79.390577988076,34.9854009651494 -79.3904849877079,34.98542996414 -79.390375987237,34.9855329638074 -79.3902669867412,34.9856779639908 -79.3901859863537,34.9858169645105 -79.3901859863101,34.9858929654467 -79.3901859862871,34.9859329659394 -79.3903049866981,34.9860069686055 -79.3903229867599,34.9860189690189 -79.3905089874595,34.9860359719713 -79.3906809880767,34.9861059753724 -79.3907609883611,34.9861439770222 -79.391028989312,34.9862789826474 -79.3911619897566,34.9863999861099 -79.3913159902221,34.9866379913356 -79.3914219905533,34.9867849947269 -79.3916219911689,34.9870880014502 -79.3917849917214,34.9872420057806 -79.3919069920935,34.9874440101031 -79.392051992548,34.9876650150074 -79.3922229931352,34.9878270195679 -79.3924579939712,34.9879970251849 -79.3925599943207,34.9881020280144 -79.392634994553,34.9882340307804 -79.3926699946134,34.9884010333886 -79.3926899946492,34.988494034849 -79.3927589948816,34.9885790369412 -79.3928689952825,34.9886490394589 -79.3929819956858,34.9887420423104 -79.3930449958801,34.9888640447791 -79.3930849959855,34.9889830468674 -79.393143996181,34.9890690488273 -79.3932259964775,34.9891330508564 -79.3933509969585,34.9891650531287 -79.3934489973409,34.9891780547589 -79.3935579977821,34.9891550561018 -79.3936359981178,34.9890900564528 -79.3936779983169,34.989010056076 -79.3937399985922,34.9889360560732 -79.3938339990025,34.9888390562588 -79.3939739995857,34.9887610573695 -79.3941300001851,34.9888000601915 -79.394158000267,34.9888730615298 -79.3941030000194,34.9889510616902 -79.3940259996809,34.9890380616341 -79.3939719994344,34.989121061871 -79.393959999347,34.98922106295 -79.3939619993473,34.9892400632191 -79.3939769993606,34.9893560649039 -79.3940179994602,34.9895150675201 -79.3941049997633,34.9896240701976 -79.3943200005601,34.9897780753654 -79.3946260016934,34.990014082941 -79.3946970019565,34.9900710847286 -79.3948870026629,34.9902220894956 -79.3949370028491,34.990262090754 -79.3951490036418,34.9904290960602 -79.3951650037017,34.9904420964659 -79.3953720044758,34.9906151017783 -79.3954390047085,34.9907271042096 -79.3954590047576,34.9908231057298 -79.3954670047445,34.9909611076022 -79.3954560046681,34.9910581086674 -79.3954740046949,34.9911981107164 -79.3954900047263,34.9913001122532 -79.3955650050099,34.9913641142002 -79.395667005413,34.9913991161878 -79.3958070059818,34.9913991183058 -79.3959590065996,34.9913981205927 -79.3960840071005,34.9914211227767 -79.3962210076414,34.9914751255379 -79.3963030079525,34.9915521277609 -79.3964440084901,34.9916801315293 -79.3966090091257,34.9918141357406 -79.3966900094218,34.9919411385916 -79.3967100094819,34.9920211399176 -79.3966480091956,34.9921401404974 -79.396472008457,34.9922021386169 -79.3963510079563,34.9922181369835 -79.3962700076081,34.9922731364547 -79.3961730071861,34.9923541360134 -79.3960990068531,34.9924511361245 -79.3960640066821,34.9925411367387 -79.3960280065091,34.9926231372353 -79.3960240064684,34.9927031381931 -79.3960950067399,34.9927741401782 -79.3961850071039,34.9927991418673 -79.3962740074797,34.9927701428528 -79.3963710078967,34.9927121435898 -79.3964690083191,34.9926471442518 -79.3965660087333,34.9925951450638 -79.3966640091388,34.9925881464653 -79.3967690095685,34.9925981481905 -79.3969290102093,34.9926681515206 -79.3969800104011,34.9927391532057 -79.3969840104011,34.9928031540859 -79.3969850104011,34.992819154306 -79.3968920099909,34.9929191541691 -79.3967980095783,34.9930091538878 -79.396705009168,34.9931031536717 -79.3966280088207,34.9932061538134 -79.3965730085661,34.9933021542004 -79.3965390083978,34.9933991549201 -79.3965260082714,34.9936581580288 -79.3964760080123,34.9938381595621 -79.396457007903,34.9939441606244 -79.396505008056,34.9941141635298 -79.396603008448,34.9941811658872 -79.3967710091499,34.9941901685772 -79.3968680096048,34.9940071677227 -79.3968980097558,34.993910166941 -79.3969410099639,34.9938011662042 -79.3969830101625,34.9937111656946 -79.3970840106124,34.9935981657918 -79.3971790110006,34.9936281676284 -79.3971940110618,34.9936331679218 -79.3972680113332,34.9937841709892 -79.3972180110975,34.9938931716215 -79.3972340111318,34.9940251735586 -79.3973170114574,34.994115175984 -79.3974340119278,34.9941981788419 -79.3975510124416,34.9940981793511 -79.3975860126105,34.9940011786414 -79.3976440128657,34.993946178823 -79.3977510133207,34.993912180024 -79.3979230140377,34.9939211827727 -79.3980400145402,34.9938571837397 -79.3981370149455,34.9938561852112 -79.3982580154414,34.9939041876818 -79.3983600158572,34.9939581899397 -79.3983660158649,34.9940481911926 -79.3983690158668,34.9941031919481 -79.3983260156728,34.994174192205 -79.3982330152725,34.99422619145 -79.3981470149053,34.9942581905439 -79.3980420144426,34.994364190299 -79.3980580144917,34.9944511916648 -79.3981440148408,34.9945121937705 -79.3982460152579,34.9945731961226 -79.3984260159988,34.994662200035 -79.3984500160754,34.9947912020685 -79.3984080158458,34.9950642049455 -79.398495016184,34.9952242083499 -79.3986350167859,34.9951792099247 -79.3988300176164,34.9951562126299 -79.3989670181806,34.9952552160205 -79.3989290179957,34.9953962172597 -79.3990190183608,34.9955022200193 -79.3991090187427,34.9955082214849 -79.3992540193556,34.995534224058 -79.3993400196993,34.9956842273298 -79.39939901994,34.9957582292005 -79.3994540201636,34.9958352310489 -79.3995290204779,34.9958772327525 -79.3996540210094,34.9958952349173 -79.399779021539,34.9959302373034 -79.3999080220821,34.9959972401683 -79.4000450226607,34.9960612431191 -79.4001360230478,34.9960822447995 -79.400273023633,34.9960942470743 -79.4004250242848,34.9960842492942 -79.400636025187,34.9960962527135 -79.4007110255005,34.9961862550493 -79.4007630257172,34.996261256834 -79.4008050258925,34.9963212582684 -79.4007310255652,34.9964372586389 -79.4006420251743,34.9965332585145 -79.4005680248483,34.9966172584647 -79.4005610248052,34.9967592602102 -79.4006240250718,34.9968162619318 -79.400804025847,34.9968352649728 -79.4008850262025,34.9967572652094 -79.4009860266418,34.9967062661085 -79.401197027553,34.9966762689874 -79.4012830279215,34.9967112707795 -79.4013660282746,34.9967982732075 -79.4013420281666,34.9968782738842 -79.4012570277946,34.996962273666 -79.4011320272495,34.9970362726946 -79.401067026962,34.9971302729158 -79.40104402685,34.9973102749148 -79.4011620273558,34.9974062780072 -79.4013290280819,34.9973892803822 -79.4015010288321,34.9973182821259 -79.4015910292216,34.9973402838143 -79.4017390298632,34.9973592863657 -79.4018370302875,34.9973912883106 -79.4019150306246,34.9974452902341 -79.4020210310829,34.9975412931468 -79.4021510316452,34.9977142974488 -79.402280032206,34.9978233008949 -79.4023580325457,34.9978873029544 -79.4025110332135,34.9979163057225 -79.4026350337545,34.9978353065864 -79.4026500338195,34.997751305711 -79.4027120340881,34.9975613041672 -79.4028010344743,34.9974943046672 -79.4029540351411,34.9975773081461 -79.4030950357574,34.9976893118239 -79.4032600364803,34.9978133160368 -79.4034240371999,34.9979163199587 -79.4035330376784,34.9979703223747 -79.4036390381393,34.9979283234704 -79.4038000388401,34.9978903254761 -79.4039060393024,34.997884327049 -79.4040620399844,34.9978993296807 -79.4040550399658,34.9980663317935 -79.4039930397008,34.9981563320232 -79.4039190393804,34.9982113315993 -79.4038650391517,34.9983373324309 -79.4039050393325,34.9984203341593 -79.4039990397495,34.9984843364797 -79.4041200402834,34.9985163387972 -79.4042210407285,34.9985323405894 -79.4043150411402,34.9985153418328 -79.4044900419065,34.9984863441822 -79.4046480425998,34.9984783465455 -79.4048050432972,34.9985513499751 -79.4048330434285,34.9986283514417 -79.4048370434624,34.9987793535218 -79.4049740440773,34.9988783569901 -79.4050920446017,34.9989103592663 -79.4052240451873,34.9989353616685 -79.4053730458521,34.9989893647262 -79.4055730467544,34.9991233696575 -79.4055990468879,34.9992533718091 -79.4056340470635,34.9993953742635 -79.4057170474478,34.9995043770296 -79.4059010482754,34.9995713808198 -79.4060370488768,34.9995543827278 -79.4061850495173,34.9994543837071 -79.4062860499537,34.9993863843775 -79.4063840503773,34.9993253850941 -79.4064730507664,34.9992963860999 -79.4066180514112,34.999308388537 -79.4067120518388,34.9993653907812 -79.4068370524221,34.9995103947012 -79.4070130532256,34.9996153988847 -79.4071850539726,34.9995344004917 -79.4072510542438,34.9994344001751 -79.4073960548679,34.9993494013006 -79.4074590551308,34.9992784013275 -79.4076150558134,34.9992424032869 -79.4076970561895,34.9992964053058 -79.4077870566088,34.999380407858 -79.4077990566824,34.9994634091728 -79.4077800566303,34.9995954106657 -79.4077770566373,34.9996784117449 -79.4078120568119,34.9997554133402 -79.4080120577294,34.9998614179252 -79.4081280582527,34.9998854200763 -79.4082360587291,34.999866421517 -79.4082620588437,34.999861421858 -79.4084390596452,34.9999074252688 -79.4085450600197,35.0000354283294 -79.4084190592171,35.0001054266179 -79.408193058268,35.0000884229963 -79.4081090576134,35.0001704219951 -79.4080670571294,35.0002574216749 -79.4082010573113,35.0003784242527 -79.4083780581762,35.0003554269434 -79.4085330587683,35.0003834294864 -79.4086180589079,35.0004524310878 -79.4087030591227,35.0004994326033 -79.4088090591948,35.0006144347087 -79.4087250585606,35.0006904336839 -79.4087600584527,35.0007664345249 -79.4088810586685,35.0008584367739 -79.4089870588759,35.0009334387209 -79.4090790589998,35.0010144404704 -79.4091710591646,35.0010834421727 -79.4092760592149,35.0012014442633 -79.4093680593674,35.0012734459742 -79.4094100593104,35.0013424468916 -79.4095130592646,35.0014844490366 -79.4095910594725,35.0015224503969 -79.4096380596393,35.0015334511716 -79.4097000598576,35.0015484521951 -79.4097820600435,35.001597453658 -79.4098560602046,35.0016434549842 -79.4099450601238,35.0017764568687 -79.4100230599196,35.0019304586581 -79.410097060029,35.0019904600331 -79.4102350605361,35.0020164622765 -79.4103580613081,35.0019494639419 -79.4103510615761,35.0018654635222 -79.4103110617535,35.0017664625328 -79.4103110620623,35.0016794622106 -79.4103310626538,35.0015374619967 -79.4103560630543,35.0014554620834 -79.410450063857,35.0013454631444 -79.410598064559,35.0013304654006 -79.4106690646952,35.0013794666893 -79.4107330647395,35.0014454679304 -79.410769064575,35.0015354688218 -79.4107920640564,35.0017084698135 -79.4109580645433,35.0017744726408 -79.4111060654398,35.0017044746922 -79.4111190660291,35.0015564743577 -79.4111680667654,35.0014114745965 -79.4112840677279,35.001285475952 -79.4113960683131,35.001259477608 -79.4115240686971,35.001308479784 -79.4115770686357,35.0013894809023 -79.4116090684493,35.0014794817245 -79.4115810679496,35.0015834816605 -79.4115290673855,35.0016764811835 -79.4114590667834,35.0017584803874 -79.4114310663901,35.0018334802212 -79.4114280660189,35.0019324805309 -79.411450065778,35.0020254812079 -79.4115600658349,35.0021414833351 -79.4117340664508,35.0021794861753 -79.4118150669691,35.0021334872701 -79.4119130679773,35.0019734882245 -79.4119150681501,35.0019284880957 -79.4119230685314,35.0018334878825 -79.4119960693384,35.0016994885439 -79.4121660699003,35.0017484913662 -79.4122260698428,35.0018354926078 -79.4123220696327,35.0020064947041 -79.4124460695199,35.0021834972536 -79.4125670696089,35.0023014995463 -79.4127650702284,35.0023655028434 -79.4128910709283,35.0023235046538 -79.4130290717514,35.0022625065858 -79.4131200723311,35.002212507827 -79.4132680731881,35.0021545099275 -79.4133660735604,35.0021685114985 -79.4134800738372,35.0022265134679 -79.4135080737001,35.0022955141381 -79.4135020732812,35.0024005144028 -79.4134990728902,35.0025015147006 -79.4135030725893,35.0025865150524 -79.4135100722825,35.0026765154675 -79.4135950721833,35.0028005172061 -79.413808072195,35.0030405213152 -79.4139600727021,35.003078523793 -79.414055073199,35.0030545251808 -79.414129073769,35.0029875261003 -79.4141850742623,35.0029205267422 -79.4142480747634,35.0028595275131 -79.4143390753663,35.002803528735 -79.414366075505,35.002797529133 -79.4144980762049,35.0027625310606 -79.4145860765601,35.0027685324433 -79.4146570766477,35.0028255337309 -79.4146850763025,35.0029475345669 -79.414651075867,35.0030235342919 -79.4145910751455,35.0031455337678 -79.4146730749772,35.0032815354836 -79.4147690751306,35.0033485371861 -79.4148750753182,35.0034175390483 -79.4149840754832,35.0034955409849 -79.4150620755155,35.0035735424421 -79.4152250759961,35.0036285451328 -79.4152910766035,35.0035435458739 -79.4152730768389,35.0034625453337 -79.4152130769415,35.0033695441061 -79.4151100770673,35.0032225420376 -79.4151090775201,35.0031035416342 -79.4151820779552,35.0030715426583 -79.41524307832,35.0030445435135 -79.4154620792146,35.0030555469347 -79.4155600796919,35.0030405484014 -79.4156660803043,35.0029995499086 -79.4158320812908,35.0029285522489 -79.4158590814493,35.0029175526315 -79.4159790819637,35.0029175544881 -79.4160580817176,35.0030675561862 -79.4160470812847,35.0031665563303 -79.4159820806178,35.0032665556441 -79.4158860797923,35.0033735545031 -79.4157740789893,35.0034575530437 -79.415658078155,35.0035455515372 -79.4155780773973,35.0036535506515 -79.4155360769059,35.0037345502655 -79.4155560765807,35.0038405509146 -79.4156300764562,35.0039535524161 -79.4157540765106,35.00407455471 -79.4158180764969,35.0041475559265 -79.4159450767984,35.0042075580679 -79.4160500776495,35.0041025593467 -79.4161770785245,35.0040155610227 -79.4162860791683,35.0039685625499 -79.4163780795451,35.0039715639738 -79.4164870798719,35.0040055657561 -79.4166500803671,35.0040545684143 -79.4168020805981,35.0041585710728 -79.4168760804874,35.0042655725406 -79.4170330802414,35.004494575656 -79.4171060797392,35.0046985774022 -79.4172190798661,35.0047855793986 -79.4173940808033,35.0047335819173 -79.4175180814328,35.0047055837299 -79.4176310819409,35.0046965854323 -79.4177510823143,35.0047285873657 -79.4178570824806,35.0047975891954 -79.4179740825634,35.0048985912877 -79.4180350824559,35.0049885924894 -79.4180490821967,35.0050675929394 -79.4180530818757,35.0051515932515 -79.4179730811262,35.0052555923418 -79.4178390802663,35.0053315905262 -79.4177120794566,35.005402588804 -79.417635078619,35.0055325880239 -79.4177100784289,35.0056575895436 -79.4179580788608,35.0058045937583 -79.4181480797708,35.0057725965519 -79.4182640805665,35.0056935980815 -79.4184150816005,35.0055916000776 -79.418563082134,35.0056106023867 -79.4186200820853,35.0056806034599 -79.4186560818321,35.005779604298 -79.4186420812231,35.0059156044841 -79.4186500807247,35.0060466049898 -79.4187280805165,35.0061766065544 -79.4188760811705,35.0061646087647 -79.4189610817462,35.0061086098916 -79.418988082138,35.0060396101012 -79.4190060825582,35.005954610128 -79.4190830834047,35.0058246109216 -79.4191950841185,35.0057626124456 -79.4193820845312,35.0058496155389 -79.4195030843754,35.006008617832 -79.4195630842638,35.006095618991 -79.4196540843729,35.006159620554 -79.419783084583,35.006236622729 -79.4198720847773,35.0062776241943 -79.4199840850237,35.0063286260356 -79.4200940851949,35.0063956278904 -79.4201370849017,35.0065086288578 -79.4201550847842,35.0065546292588 -79.420056083947,35.0066596280547 -79.4199440835005,35.006657626355 -79.4198230831661,35.0066196244174 -79.4196650827013,35.0065766219048 -79.4195590822458,35.0065826203178 -79.4194670817241,35.0066186190284 -79.4194010809434,35.0067436183878 -79.4194930807826,35.0068736201498 -79.4195680808724,35.0069256214309 -79.4196590809687,35.0069916229925 -79.4197520810682,35.0070586245861 -79.4199240818987,35.0070256270885 -79.4200480823166,35.007045629016 -79.4201330823488,35.0071206305083 -79.4202040821288,35.0072426319195 -79.4200110807604,35.0073856294121 -79.4198140797424,35.0074406266009 -79.4196020785504,35.0075236236457 -79.419571077937,35.0076426235182 -79.4195960777039,35.0077236241245 -79.4197130776111,35.0078596262683 -79.4199570780589,35.0079866302891 -79.4200350781416,35.0080416316136 -79.4201450785085,35.0080586333109 -79.420275079017,35.008060635266 -79.4203880795993,35.0080286368719 -79.42052108042,35.0079586386736 -79.4206130811869,35.00786263979 -79.4207280820008,35.0077776412837 -79.4208450821286,35.0078586432625 -79.4208490816336,35.0079806436556 -79.4208680812484,35.0080906442408 -79.4209280810717,35.0081896454099 -79.4210090811999,35.0082356467486 -79.4211400815005,35.0082876488515 -79.4212920817991,35.0083596513214 -79.4213910818489,35.0084406530204 -79.4214840817261,35.0085566547216 -79.421463081339,35.0086286546001 -79.4213750806336,35.008713653513 -79.4212520796945,35.0088216519666 -79.4211570789301,35.0089146507999 -79.4211090782036,35.0090426504302 -79.421233078348,35.0091236524967 -79.4213450787058,35.0091426542163 -79.4214440791647,35.0091256556456 -79.4215430797506,35.0090786569952 -79.4217150807841,35.0089936593332 -79.4218840812125,35.0090486619979 -79.421987081173,35.0091526638061 -79.4219270804068,35.0092776632411 -79.4218860798387,35.0093736628837 -79.42193607974,35.0094426638089 -79.422031079837,35.0095066653892 -79.4221280801202,35.0095286668883 -79.4221550801995,35.0095346673052 -79.4222960804609,35.0096016695745 -79.4223710804438,35.0096736708749 -79.4224330802429,35.0097766720616 -79.4224690798379,35.0099036729234 -79.4225720797378,35.0100196747487 -79.4226700800771,35.0100286762237 -79.422790080445,35.0100506780576 -79.4228400804524,35.0100936789077 -79.4228610804557,35.0101116792645 -79.4229330801678,35.0102426806629 -79.4230740804761,35.0102966828853 -79.4231920809248,35.010297684633 -79.4232800813754,35.0102716858694 -79.4234000817495,35.0102916876943 -79.4234880818004,35.01035768916 -79.4236300820575,35.0104236914225 -79.4237420827659,35.01035969292 -79.4238790835974,35.010289694774 -79.4240360840601,35.010321697174 -79.4241440841718,35.0103906989384 -79.4242400845178,35.0103957003695 -79.4243670850575,35.0103837022178 -79.4244690856558,35.010336703613 -79.4245880863684,35.0102787052342 -79.4246900868397,35.0102607067002 -79.4247920872581,35.0102547081949 -79.4249160872999,35.0103527102601 -79.4248250865256,35.0104487091414 -79.4247340859559,35.0104987079154 -79.4246040850344,35.0105947062239 -79.4246720847153,35.0107257075391 -79.4247550848371,35.0107697088676 -79.424889085299,35.0107807108695 -79.4251000860407,35.0107947140134 -79.4252100859565,35.0109077158982 -79.4251470853299,35.0109947151729 -79.4251260852458,35.010995714866 -79.4250560849577,35.011000713847 -79.4249880846818,35.0110047128551 -79.4249430844977,35.0110077121995 -79.4248400839339,35.011046710775 -79.4248050837435,35.0110597102905 -79.4247850832028,35.0111647102446 -79.42483808312,35.0112287111753 -79.4249160831978,35.0112777124376 -79.4251170838953,35.0112917154248 -79.4252090843765,35.0112617167072 -79.4253770852706,35.0112037190429 -79.4254870857047,35.0111997206514 -79.4255620858544,35.0112297218231 -79.4256530860373,35.0112657232435 -79.4256040854224,35.0113617227431 -79.4256120848795,35.0114897231537 -79.4256860847953,35.0115707244249 -79.4257530847962,35.0116267255354 -79.4258450847962,35.0117037270595 -79.4259270844386,35.0118517285961 -79.4259030839037,35.0119507284687 -79.4258540832759,35.0120497279759 -79.4257110819754,35.0122207262741 -79.4255950810199,35.0123377248472 -79.4255240805057,35.0123937239392 -79.4254540800001,35.0124487230442 -79.4254540797053,35.0125147231963 -79.4254550795392,35.0125527232985 -79.4255430795922,35.0126137247217 -79.4256570797451,35.0126737265205 -79.4257870798755,35.012751728592 -79.4259360800207,35.0128417309652 -79.4260210799963,35.0129167323713 -79.4261100798146,35.0130297339196 -79.4261880797357,35.0131107352347 -79.4262940798264,35.0131767369218 -79.4264100800795,35.0132147386908 -79.426583080627,35.0132337412446 -79.4266860810132,35.0132317427357 -79.4267700813253,35.013230743953 -79.4269750820805,35.0132297469272 -79.4271160822953,35.0132957491163 -79.4270760815281,35.0134317488289 -79.4270110809031,35.01351674807 -79.4269880800896,35.0136767480827 -79.4270830800651,35.0137577496325 -79.4272030802765,35.0138067514739 -79.4273200803986,35.0138727533071 -79.4273950802851,35.0139567545701 -79.4274910799392,35.014107756277 -79.4275620794096,35.0142787576629 -79.4276470793843,35.0143507590401 -79.4277950796258,35.0144137613051 -79.4279790801153,35.0144507640331 -79.4280580802554,35.0144817652351 -79.428149080415,35.0145177666198 -79.4282370804105,35.0145867680283 -79.4283100803562,35.0146547692178 -79.4283740800324,35.0147737703807 -79.4283920795438,35.0148927708814 -79.428386078835,35.0150407710961 -79.4283760783536,35.0151367711479 -79.4283970780796,35.0152117716015 -79.4284900779206,35.0153167731473 -79.4286330777504,35.0154617754875 -79.4287500780417,35.0154877772141 -79.4289040790334,35.0153917792273 -79.429010079314,35.0154117807846 -79.4290460793942,35.0154217813197 -79.4290950795062,35.0154347820468 -79.4291900795175,35.015503783542 -79.4292510793379,35.0155877845789 -79.4292970787242,35.0157527855584 -79.4292870782803,35.0158397855852 -79.4292030775071,35.0159417845856 -79.4290200766985,35.0159777820456 -79.4289210766518,35.0159137805064 -79.4288680767656,35.0158497796227 -79.428797076811,35.0157867784833 -79.4286630767188,35.0157057764068 -79.4285780760245,35.0157907753635 -79.428579075525,35.0158987755955 -79.4285340748603,35.0160077751734 -79.4284700743065,35.0160787744044 -79.4284500741298,35.016101774166 -79.4284320736115,35.0161997741083 -79.4284440731002,35.0163187745206 -79.4285000728761,35.0164087754997 -79.4285930727935,35.0164957769979 -79.428748072901,35.0165877793856 -79.4289110731794,35.0166487818227 -79.4291400738251,35.0166797851361 -79.4292990740779,35.0167427875167 -79.429434074148,35.0168267895956 -79.4295960741491,35.0169447921206 -79.4298360739516,35.0171607959331 -79.429928073859,35.017246797398 -79.4300090739414,35.0172877986212 -79.4301610744653,35.0172868007692 -79.4302310751468,35.0171938015861 -79.4302750752879,35.0171958022125 -79.4303720756054,35.0171988035908 -79.4304390752098,35.0173298047806 -79.4303980746123,35.0174258043782 -79.4303420740499,35.0175038037314 -79.4303070734594,35.0176028034208 -79.43030007295,35.0177048035114 -79.430315072558,35.0177978038955 -79.4304340719593,35.0180078059604 -79.4305660708423,35.0183348084177 -79.4306340702814,35.0184998096742 -79.4306740699989,35.018586810394 -79.4308120692614,35.0188368127817 -79.4309190689787,35.0189698145191 -79.4310150686866,35.0190968160894 -79.4311210681712,35.0192768178915 -79.431260067516,35.0195078202404 -79.4313140670759,35.0196358212188 -79.431334066548,35.019758821714 -79.4312920656395,35.0199188214119 -79.4312750651937,35.0199998213187 -79.4313290647374,35.0201308222997 -79.4314170648007,35.020176823602 -79.4315590652222,35.0201848255864 -79.4316010653438,35.0201878261745 -79.4317060658681,35.0201498275658 -79.4318540667461,35.0200678294795 -79.431991067191,35.0200678313821 -79.4321150670481,35.0201798332933 -79.4321440663771,35.0203368339604 -79.4322220662486,35.0204148351727 -79.4323880670432,35.0203618373844 -79.4325500680219,35.0202688394764 -79.4327060688357,35.020205841537 -79.4328120687565,35.0202918431474 -79.4327110679293,35.0203938419135 -79.4327040672787,35.0205218420258 -79.4328250670983,35.0206378438894 -79.4329760676425,35.0206258459591 -79.4331280684762,35.0205558479504 -79.4332130683646,35.0206338492508 -79.4332100678563,35.0207348493697 -79.4332140673951,35.0208308495774 -79.4332810669078,35.0209728507276 -79.4334260671727,35.0210128527919 -79.4335670682722,35.020881854534 -79.4336930693406,35.0207478560675 -79.4338050699036,35.020706857553 -79.4339440697618,35.0208248596545 -79.434085069794,35.0209088617293 -79.43421207007,35.020934863522 -79.4343070704935,35.020910864798 -79.4343920709856,35.0208668659067 -79.4344850718448,35.0207548670267 -79.4345970728465,35.0206268683881 -79.4347340737394,35.0205368701533 -79.4348990742907,35.0205328724318 -79.4349670742473,35.0205848734474 -79.4350340738924,35.020697874535 -79.4350900732892,35.0208528755286 -79.4349990722765,35.0209958744749 -79.4350840721689,35.0210708757541 -79.4351900726685,35.0210388771714 -79.4352480729445,35.0210208779465 -79.4352810731257,35.0210058783809 -79.4353970736732,35.0209708799333 -79.435492074007,35.0209648812364 -79.4356480744491,35.0209758834048 -79.4359190750949,35.021018887203 -79.4361420754277,35.0210928903777 -79.4361980745568,35.021297891419 -79.4362990728889,35.0216858933155 -79.4364340723183,35.0218798954204 -79.4365370718963,35.0220248970192 -79.4366960718275,35.0221348993378 -79.4368580726634,35.0220709014765 -79.4368110731145,35.0219549006869 -79.4367370734235,35.0218498995396 -79.4367360740591,35.0217258993694 -79.4368130748892,35.0216119002839 -79.4369930755188,35.021599902743 -79.437081075543,35.0216489040129 -79.4372500760808,35.0216479063339 -79.4373380766279,35.0215959074804 -79.4373980771961,35.0215229082175 -79.4375220782013,35.0214049097825 -79.4376810789651,35.0213549119122 -79.4377550789442,35.0214039129883 -79.4377700785538,35.0214879132927 -79.4377140778609,35.0215869126384 -79.43768307731,35.0216739123144 -79.4377010769864,35.0217469126474 -79.4377750768751,35.0218129137405 -79.4378630769271,35.0218559149982 -79.4379620771751,35.0218679163705 -79.4380680775863,35.0218529178078 -79.4381490781338,35.0217969188559 -79.4382610788843,35.0217209203082 -79.4383790794709,35.0216799218833 -79.438416079661,35.0216659223761 -79.4385220795689,35.0217469239214 -79.4384450785963,35.0218859230175 -79.4383510779655,35.0219499217991 -79.4382700769776,35.0220899208452 -79.4383730767376,35.0221969223753 -79.4384790769315,35.0222229238551 -79.4386380775061,35.0222079260151 -79.4387570780933,35.0221669276001 -79.4388770786842,35.0221259291997 -79.4391750797684,35.0220969332513 -79.4391970791163,35.0222329336935 -79.4391300782296,35.0223609329097 -79.4390850775816,35.0224569323946 -79.4391100772144,35.0225409328239 -79.4391880771009,35.0226079339586 -79.4392940772166,35.0226479354469 -79.4394320777707,35.0226239373061 -79.439487078648,35.0224909379228 -79.4395080791759,35.0224039381222 -79.4395810801958,35.0222549389714 -79.439690080983,35.0221709403799 -79.4397530809555,35.0222129412839 -79.4397710809476,35.0222249415421 -79.4397540802546,35.0223449414274 -79.4397580797443,35.0224429415784 -79.4397870793701,35.0225299420601 -79.4398510792266,35.0225939429966 -79.4399460793388,35.0226279443266 -79.4401090798268,35.0226309465545 -79.4402490806244,35.0225629484018 -79.4402450813575,35.0224239482168 -79.4403080822241,35.0222989489614 -79.4404010828198,35.0222419501811 -79.4405810828691,35.0223369527309 -79.4406910826667,35.022437954326 -79.4407970824938,35.0225309558572 -79.4409570826488,35.0225939580977 -79.4411220835223,35.0225269602932 -79.4412730841041,35.0225059623382 -79.4414320843469,35.0225519645485 -79.4415770851607,35.0224849664743 -79.4416750860696,35.0223739677239 -79.4418220870832,35.0222719696532 -79.4419650875066,35.022275971613 -79.4420930873356,35.0223799734443 -79.4421920872322,35.0224549748549 -79.4422980872647,35.0225089763439 -79.442310087269,35.0225149765124 -79.442379087307,35.0225469774787 -79.4424840872583,35.0226149789625 -79.4425300863991,35.0227969797228 -79.4425770861256,35.0228729804186 -79.4426590860088,35.022939981584 -79.4426830859778,35.0229589819244 -79.4426940858959,35.0229799820892 -79.442774085303,35.0231319832857 -79.4428450844658,35.0233229843849 -79.4428850838808,35.0234509850172 -79.4428640833033,35.0235439847969 -79.4428220825852,35.023650984302 -79.4428270820042,35.0237589844453 -79.4428310814918,35.0238539845659 -79.4428490811265,35.0239299848626 -79.4429500807344,35.0240559863158 -79.4430980814062,35.024014988289 -79.4431970820532,35.0239519895858 -79.4432310822776,35.0239299900312 -79.4433620826279,35.0239379918089 -79.4434640825628,35.0240049932318 -79.4434510821235,35.0240769931022 -79.4434150817765,35.0241199926434 -79.4433490811675,35.0241939917997 -79.4434380808563,35.0242979930686 -79.4435230805154,35.0244049942838 -79.443588080381,35.0244639951975 -79.4436330802812,35.0245059958304 -79.4437590811138,35.0244239974782 -79.4437760821183,35.0242529976029 -79.4438460828246,35.024163998494 -79.4438740831096,35.0241279988506 -79.4440260837503,35.024095000885 -79.4441160837184,35.0241490021327 -79.4442700836701,35.0242400042648 -79.4443960836768,35.0243060060026 -79.4445210836964,35.0243690077238 -79.4448110837503,35.0245130117101 -79.4450620840057,35.0246000151356 -79.4452810844017,35.0246450181065 -79.4454110847707,35.0246480198583 -79.4454620847972,35.024670020555 -79.4455590848179,35.0247170218818 -79.4455780842999,35.0248180221825 -79.4454690833127,35.0249350207699 -79.44535608286,35.0249560192612 -79.4451730821048,35.0249940168208 -79.4451350813022,35.0251160163697 -79.4452280805899,35.025290017701 -79.4453660803249,35.0254080196057 -79.4455160805077,35.0254530216351 -79.4456500805406,35.025516023457 -79.4457110803199,35.0255860243037 -79.4457460797838,35.02569802482 -79.4457860791876,35.025823025408 -79.4458080780257,35.0260380257929 -79.4459530780673,35.0261040277537 -79.4461010788769,35.0260370296999 -79.4461600796136,35.025938030448 -79.4462130803337,35.025839031117 -79.4462930809494,35.0257720321599 -79.4463880814947,35.0257250334117 -79.4464980818946,35.0257110348767 -79.4466670821267,35.0257560371511 -79.4466360812488,35.0258930367845 -79.4464960801718,35.0260100349578 -79.4464310792438,35.0261390341381 -79.446502079098,35.0262000351062 -79.4466220792131,35.0262400367186 -79.4468340798625,35.0262330395395 -79.446979080031,35.0262760414842 -79.4470600798419,35.0263490425851 -79.4471140794361,35.0264460433331 -79.4471880791966,35.0265240443403 -79.447352079468,35.0265580465296 -79.4474750802426,35.0264850481442 -79.4475170807515,35.0264180486848 -79.4475590813421,35.0263370492221 -79.447657082152,35.0262460505033 -79.4476850822034,35.0262510508774 -79.4477770823804,35.0262660521061 -79.4478380821829,35.0263300529334 -79.4478630816313,35.0264370532912 -79.447804080496,35.0266030525464 -79.4478330801245,35.0266810529501 -79.447889079946,35.026739053707 -79.4480690804636,35.0267380560955 -79.4481890811145,35.0266850576772 -79.4483800819861,35.0266290602025 -79.4485470820103,35.0267060624336 -79.4486850821855,35.0267430642713 -79.4488070830971,35.0266470658761 -79.4489700836144,35.0266380680395 -79.4491010835452,35.0267130697882 -79.4492100835185,35.0267700712413 -79.4493450833875,35.0268570730409 -79.4494370830859,35.0269520742692 -79.4494620823809,35.0270830746119 -79.4493920819052,35.0271300736895 -79.4492930815078,35.0271500723813 -79.4491980810984,35.0271740711268 -79.4491140807083,35.0272000700185 -79.4490270799623,35.0272850688784 -79.4489910796548,35.0273200684071 -79.4490460791901,35.0274250691471 -79.4491910799211,35.0273700710561 -79.449363080374,35.0273750733291 -79.4494590804241,35.0274120746007 -79.4495480800689,35.0275140757843 -79.449633079743,35.0276090769129 -79.4496400791574,35.0277110770124 -79.4496300784236,35.0278300768891 -79.4496910780647,35.0279190776983 -79.4498150776654,35.0280440793371 -79.4498440771748,35.0281400797234 -79.4498480765675,35.0282440797812 -79.449889076258,35.0283150803229 -79.4499120760892,35.0283540806266 -79.4499190759894,35.0283740807193 -79.4499410756511,35.0284410810108 -79.4499420754931,35.028468081025 -79.4499440751415,35.0285280810538 -79.4499350743373,35.0286590809414 -79.4500050733491,35.0288570818652 -79.4499910726859,35.0289620816861 -79.4498930717305,35.0290780804111 -79.4498050710411,35.0291540792664 -79.4497180701296,35.0292680781384 -79.449736069697,35.029349078378 -79.4498210694438,35.0294300794899 -79.4499760693115,35.0295220815119 -79.4500920688886,35.029645083025 -79.450140067985,35.0298180836532 -79.4500530669257,35.0299570825279 -79.450004065861,35.0301140818979 -79.4500510654667,35.0302010825097 -79.4501570651554,35.0303000838848 -79.4502740651224,35.0303570853996 -79.4503690653358,35.0303630866286 -79.450491065584,35.0303750882067 -79.4505790658867,35.0303630893452 -79.4506560663165,35.0303250903422 -79.4507120669674,35.0302410910692 -79.4507650675809,35.0301620917581 -79.4508210681308,35.0300950924862 -79.450951068997,35.0300080941756 -79.4510530692548,35.0300100954982 -79.4511410693129,35.0300390966375 -79.4512190692055,35.0300910976449 -79.4512620684807,35.0302300981912 -79.4512420679336,35.0303120979258 -79.4512340678583,35.0303210978216 -79.4511680672331,35.0303960969622 -79.4510770665009,35.0304780957802 -79.4510670659691,35.0305620956457 -79.4510670654816,35.0306430956407 -79.4511730651492,35.030744097002 -79.4513350658723,35.0306940990963 -79.4514300663854,35.0306501003265 -79.4515460676857,35.0304851018415 -79.4516090682076,35.0304261026624 -79.4517570691226,35.030339104587 -79.451912069572,35.0303321065934 -79.452055069303,35.0304381084274 -79.4520490687402,35.0305281083361 -79.4520550683911,35.0305881084044 -79.4520620680264,35.0306511084852 -79.4520270673882,35.0307411080198 -79.4519300666927,35.0308141067581 -79.4517810656875,35.0309161048238 -79.4517430647043,35.031062104316 -79.4518280641351,35.0311921053929 -79.4519270642685,35.0312121066632 -79.4520580645385,35.0312231083458 -79.4521500647082,35.0312341095269 -79.4522490646825,35.0312801107917 -79.4522950643253,35.0313581113692 -79.4522050635832,35.0314421101992 -79.4520470626684,35.0315261081583 -79.4519770618883,35.0316251072459 -79.4520060615368,35.0316951076072 -79.4521010614256,35.0317531088153 -79.4522460615319,35.0317961106651 -79.4523520614715,35.0318501120125 -79.4524800610876,35.0319661136285 -79.4524620608224,35.0320021133914 -79.4524070600003,35.0321141126675 -79.4523440593601,35.0321931118485 -79.4522560583044,35.0323301107015 -79.45224805759,35.03244411058 -79.4522990570166,35.0325591112097 -79.4523050569523,35.0325721112838 -79.4524040566863,35.0326561125287 -79.4524470562805,35.03274011306 -79.4524470559815,35.0327891130507 -79.4524480555934,35.0328531130513 -79.4524450550184,35.0329461129956 -79.4524280541771,35.0330771127552 -79.4525480541606,35.0331281142673 -79.45265705452,35.0331131156526 -79.4529290553723,35.0330831191091 -79.4531180556342,35.0331161214983 -79.4531290552127,35.0331891216194 -79.453045054313,35.033302120527 -79.4529290534038,35.0334041190341 -79.4528770524005,35.0335471183433 -79.4528280516811,35.0336451177019 -79.4528140507896,35.0337851174937 -79.45289605081,35.0338141185219 -79.4530650516171,35.0337491206702 -79.4531600520804,35.0337111218791 -79.4533040524844,35.0337021236998 -79.4534240527811,35.0337011252154 -79.4535650531224,35.0337011269959 -79.4536640534919,35.0336801282524 -79.4537810543813,35.0335821297607 -79.4539190549517,35.0335441315172 -79.453955054141,35.0336891319247 -79.453906053428,35.0337851312747 -79.4538920527999,35.0338811310671 -79.4539280523479,35.0339681314927 -79.4540280519065,35.0340781327162 -79.4541230517062,35.0341471338887 -79.4541520513412,35.0342171342294 -79.4541470508018,35.0343021341371 -79.4540380495809,35.0344571327146 -79.4539470488259,35.0345441315433 -79.4539370479042,35.0346891313704 -79.4540690475709,35.03479313299 -79.4542730485049,35.0347201355716 -79.4544560495903,35.0346151379046 -79.4545500502862,35.0345391391129 -79.4547100510399,35.0344791411448 -79.4547750504012,35.0346061419095 -79.4547860496654,35.0347281419981 -79.4548290492233,35.0348151425014 -79.4548790488722,35.0348901430966 -79.4549670486598,35.0349571441699 -79.4551120485864,35.0350231459553 -79.4552220482983,35.0351101472922 -79.4551620475941,35.0352001465027 -79.4550000471227,35.0352151444731 -79.4548580463232,35.0352901426689 -79.4548620458263,35.0353711426854 -79.4548760452401,35.0354701428191 -79.4549620443006,35.0356521438143 -79.4550230433332,35.035829144498 -79.4550490424099,35.0359861447537 -79.4551520419055,35.0361041459808 -79.4552930421887,35.0361101477273 -79.4554090430243,35.0360191492084 -79.4554430435229,35.0359521496618 -79.4554390440983,35.0358591496554 -79.455442044941,35.0357261497546 -79.4555440457793,35.0356301510692 -79.4556570457185,35.0356811524512 -79.4557120452465,35.0357761530891 -79.4557160446886,35.0358661530946 -79.455706044086,35.0359581529252 -79.4557740435794,35.0360631537176 -79.455852043246,35.0361441546447 -79.4558950427442,35.0362391551297 -79.4559170418407,35.0363901553254 -79.4558820407519,35.0365501548111 -79.4558580401301,35.0366401544689 -79.455869039347,35.0367681545402 -79.4559470381384,35.0369871553908 -79.4560820364402,35.0373031568886 -79.4561820360592,35.0373981580674 -79.4563650359858,35.0374731602744 -79.4564710367577,35.0373881616237 -79.4566250376682,35.0372981635677 -79.4567170379281,35.0372891647041 -79.4567990377459,35.0373461656787 -79.4570230372882,35.0374951683407 -79.4571360372611,35.0375381697013 -79.4571970372668,35.0375581704374 -79.4573380368713,35.0376681720971 -79.4572680358809,35.0377991711557 -79.4571560352862,35.0378541697494 -79.457015034623,35.0379101679888 -79.4568780340459,35.0379541662857 -79.4567300332612,35.0380271644323 -79.4566320325284,35.0381091631867 -79.4565880320206,35.0381741626118 -79.4565990314724,35.0382641626946 -79.4566630309611,35.0383661634168 -79.4567700305279,35.0384701646606 -79.456950030306,35.0385651667968 -79.4570950299695,35.0386661685002 -79.4569410287504,35.0388061665415 -79.4568110280493,35.0388731649215 -79.456642027229,35.0389461628261 -79.4563870260838,35.0390421596765 -79.4562530251377,35.0391471579937 -79.4561800243774,35.0392431570573 -79.4561870238034,35.0393361570924 -79.4562220228377,35.0395001574279 -79.4563140219318,35.0396731584458 -79.4563960214538,35.0397751593796 -79.4565340211719,35.0398641609943 -79.4566470211808,35.0398991623367 -79.4568910216417,35.0399051652745 -79.4569130216867,35.0399051655397 -79.4569850210941,35.0400211663371 -79.4569390204648,35.0401051657323 -79.4568730194387,35.0402451648542 -79.4569160190477,35.040320165326 -79.4570080190294,35.040352166412 -79.4570990193088,35.0403371675145 -79.4572050198424,35.0402871688195 -79.4573210207104,35.040188170277 -79.4574330214436,35.0401091716756 -79.4575780217961,35.0401001734267 -79.4574680200923,35.0403311719518 -79.4573910190981,35.040462170942 -79.4574020184158,35.0405721710029 -79.4574200177795,35.0406771711506 -79.4575200170755,35.0408181722562 -79.4576580167531,35.0409111738457 -79.4577710163734,35.0410051751334 -79.4578170162136,35.0410441756565 -79.4579100158055,35.0411361767039 -79.4580960148379,35.0413431787777 -79.4581850141865,35.0414711797467 -79.4581960132209,35.0416241797675 -79.4580240124683,35.0416891776756 -79.4578650127198,35.0416021758452 -79.4577230131826,35.0414871742335 -79.4576090136084,35.0413861729432 -79.4575070140627,35.0412841717946 -79.4573510143263,35.0411951699911 -79.4572420141822,35.0411841686971 -79.4571460137506,35.0412221675275 -79.4570480130027,35.0413091663046 -79.4570120125685,35.0413661658405 -79.4569820122037,35.0414141654537 -79.456961011423,35.0415301651332 -79.4569650107229,35.0416411651135 -79.4570220101891,35.0417421657296 -79.4571400092868,35.0419191670218 -79.45725400769,35.042203168195 -79.4574170057465,35.042555169897 -79.457746002769,35.0431151734023 -79.4579660019659,35.0433031758576 -79.4581360016081,35.0434071777792 -79.4583090011954,35.0435201797261 -79.4583749997908,35.0437561803258 -79.4584900006526,35.0436551817466 -79.4586370012373,35.043606183505 -79.4587130012396,35.043627184379 -79.4587500012291,35.0436391848031 -79.458812001251,35.0436531855182 -79.4590200013626,35.0436941879209 -79.4592390018449,35.0436811904948 -79.4594130024351,35.0436391925666 -79.459555002909,35.0436061942573 -79.4596140032779,35.0435661949824 -79.4597420041527,35.0434681965666 -79.45992800467,35.0434411987714 -79.4600060047079,35.0434571996719 -79.4601180053726,35.0433872010482 -79.4602220063522,35.0432672023773 -79.4603070067917,35.0432242034149 -79.4603920072381,35.0431802044541 -79.4604760077161,35.0431312054869 -79.4605490082402,35.0430722064004 -79.4606600087364,35.0430282077477 -79.4607640088567,35.0430392089609 -79.4608960089297,35.0430652104886 -79.4609810088357,35.0431032114513 -79.4611820086573,35.0431862137322 -79.4612140086302,35.0431992140953 -79.4613940087896,35.0432252161839 -79.461436008661,35.0432562166458 -79.4615790082388,35.0433592182189 -79.4616910084111,35.043364219528 -79.4617900085395,35.0433722206814 -79.4618290081641,35.0434392210683 -79.461933008221,35.0434592222667 -79.461974007314,35.0436062225903 -79.4619550068118,35.043676222293 -79.4619220061042,35.0437732218034 -79.4618320054675,35.0438442206757 -79.4618320051073,35.0438982206187 -79.461885004482,35.0440062211234 -79.4619770041863,35.0440752221238 -79.4620560039669,35.0441292229874 -79.462197004179,35.0441352246256 -79.4622390043345,35.0441232251286 -79.4623380041163,35.0441822262184 -79.4623120036812,35.0442402258514 -79.4622990034704,35.0442682256691 -79.4622610027865,35.0443602251255 -79.4621960018344,35.0444852242325 -79.4623210016265,35.0445492256159 -79.4625110016394,35.0445972277711 -79.4626160017235,35.0446122289743 -79.4627330018555,35.0446232303213 -79.4628550020028,35.0446332317273 -79.4629440021998,35.0446272327682 -79.4631070028914,35.0445672347325 -79.463199003236,35.0445402358338 -79.463265003393,35.0445342366083 -79.4633300032845,35.0445672373246 -79.4633040025491,35.0446692369008 -79.4632660018606,35.04476123635 -79.4632490009118,35.0448972359913 -79.4633170007125,35.0449442367236 -79.463492001017,35.0449442387517 -79.4636170013361,35.0449292402186 -79.4637250016192,35.0449152414876 -79.4638260012381,35.0449972425566 -79.4638260005385,35.0451002424289 -79.4637429995532,35.0452242413153 -79.4637019987362,35.045334240706 -79.4637279977085,35.0454922408119 -79.4638199974988,35.0455462418064 -79.4640109983888,35.0454632441137 -79.4641779988172,35.0454422460678 -79.4642779989473,35.0454482472144 -79.464353998231,35.0455722479318 -79.4643539972482,35.0457162477461 -79.4644549970982,35.0457632488484 -79.4645219968834,35.0458112495572 -79.4645059958724,35.0459552491854 -79.4644699950946,35.046060248635 -79.4645259944911,35.0461622491451 -79.4646939943877,35.0462182509992 -79.4648419943596,35.0462582526436 -79.464928993873,35.0463502535178 -79.4650259932715,35.0464612544793 -79.4651099924686,35.0465982552548 -79.4651939920907,35.046673256113 -79.4653349923282,35.0466722577259 -79.4654429927873,35.0466312590172 -79.4654929934413,35.0465482597047 -79.4654759940751,35.0464522596439 -79.4655419943287,35.0464312604289 -79.4656969940665,35.046506262098 -79.4657619934894,35.0466052627013 -79.4659069942805,35.0465252644741 -79.4660009943935,35.0465312655411 -79.4659909931378,35.0467102651689 -79.4658759922583,35.0468102637119 -79.4659209914943,35.0469312640521 -79.4661309916403,35.0469592664066 -79.4661459907702,35.04708826639 -79.4662549902864,35.0471832674924 -79.4662939898908,35.0472492678394 -79.4663799898269,35.047278268775 -79.4664969909667,35.0471412703094 -79.4666249915901,35.0470812718567 -79.4667289923638,35.0469942731727 -79.4668079924008,35.0470072740536 -79.4669139915948,35.0471472750483 -79.4669469911242,35.0472222753093 -79.4670729908019,35.0472972766275 -79.4671809908345,35.0473172778246 -79.4672569905288,35.0473782785937 -79.467207989583,35.0475022778443 -79.4671579887344,35.0476122771064 -79.4671589877288,35.0477562768948 -79.4672679873258,35.0478382780019 -79.4673429869177,35.0479132787336 -79.4674679871618,35.0479062801589 -79.4675009878376,35.047817280673 -79.4676429881653,35.0478022823048 -79.4677719878752,35.0478722836534 -79.4678489878478,35.0478932844911 -79.4678799875091,35.0479482847531 -79.4679089870755,35.0480162849711 -79.4679709871719,35.0480162856721 -79.4680129878431,35.0479302862868 -79.4680129880756,35.0478972863405 -79.4680819883173,35.0478782871524 -79.4681379880803,35.0479242877108 -79.4682699882085,35.0479352891861 -79.468324988704,35.0478772899043 -79.4683809891944,35.0478202906328 -79.468414989488,35.0477862910744 -79.4685059899208,35.0477452921737 -79.4686169897764,35.0477902933556 -79.4686799893436,35.0478652939425 -79.4686659886344,35.0479622936204 -79.4686049878099,35.0480652927572 -79.4686669877431,35.048088293419 -79.4687709877057,35.0481162945466 -79.4688809878688,35.0481172957874 -79.4689729881888,35.0480922968695 -79.4690289882329,35.0480982974919 -79.4690989878577,35.0481662981653 -79.4691969878027,35.0481952992215 -79.4692659878308,35.0482062999812 -79.4693149878708,35.0482113005256 -79.4693989875511,35.0482743013631 -79.4694689873734,35.0483143020823 -79.46948898719,35.048344302255 -79.4694899866706,35.0484173021376 -79.4694759862853,35.0484683018899 -79.4695529863172,35.0484803027359 -79.4696289862331,35.0485083035421 -79.469754986182,35.0485423049001 -79.4698519862508,35.0485533059722 -79.4699849861307,35.0485983073878 -79.4700539858698,35.0486493080716 -79.4701239857679,35.048678308806 -79.470221985507,35.0487353098035 -79.470350985709,35.0487343112552 -79.4704309861175,35.0486943122283 -79.4704579866547,35.0486253126597 -79.4706039880935,35.0484563146176 -79.4706929884746,35.0484223156838 -79.4707359870404,35.0486303157776 -79.4707779866135,35.048698316122 -79.4708759865163,35.0487323171594 -79.4710289865883,35.0487543188371 -79.4711469863539,35.0488113200538 -79.4710719856986,35.0488863190682 -79.470940985213,35.0489263175218 -79.470814984649,35.0489783160098 -79.4707599836147,35.0491103151446 -79.4708289836307,35.0491223158951 -79.4709059834202,35.0491673166724 -79.4710359835914,35.0491703181226 -79.4711069842104,35.0490993190536 -79.4711629841345,35.0491213196388 -79.4711469839877,35.049138319427 -79.471122983858,35.0491513191333 -79.4711039836779,35.0491723188803 -79.4710939833376,35.0492173186823 -79.4710939830989,35.0492503186191 -79.4711019829588,35.0492713186685 -79.4711259828206,35.0492953188911 -79.4711609827638,35.0493103192539 -79.4711899827342,35.0493203195591 -79.4712229826018,35.0493453198801 -79.4712289824441,35.0493683199029 -79.4712409822228,35.0494013199735 -79.4712669821451,35.0494173202333 -79.4712819821526,35.0494193203971 -79.4713129819953,35.0494473206894 -79.4713419819944,35.0494533210018 -79.4713929821054,35.0494483215814 -79.4714119820245,35.0494633217645 -79.4714339818609,35.0494903219578 -79.4714589813824,35.0495613220989 -79.4714999813044,35.0495803225195 -79.4715419812277,35.0495993229512 -79.4716019811626,35.0496203235796 -79.4716949812836,35.0496223246132 -79.4717419811993,35.0496433250962 -79.471773980984,35.0496793253821 -79.4717859808123,35.0497053254645 -79.4718399805923,35.0497463259854 -79.4718619805586,35.0497553262127 -79.4719029805161,35.0497693266419 -79.4719319804269,35.0497873269292 -79.471937980137,35.0498283269145 -79.471897979737,35.0498753263756 -79.4718719793938,35.0499173260028 -79.4718509789341,35.0499763256522 -79.4718329784934,35.050033325339 -79.4718349782488,35.050067325294 -79.471864977935,35.0501163255302 -79.4719089776919,35.0501583259357 -79.4719339775454,35.0501833261636 -79.4719469772944,35.0502203262344 -79.4720069771755,35.0502483268445 -79.4720859770834,35.0502763276653 -79.4721609771751,35.0502783284935 -79.4722689772696,35.0502863296757 -79.4723469772559,35.0503033305067 -79.472381977532,35.050272330958 -79.472406977626,35.0502643312516 -79.4724409775132,35.0502863315842 -79.4724689776919,35.0502673319336 -79.4724829778873,35.0502433321379 -79.4725219781696,35.0502123326342 -79.4725479782578,35.0502053329371 -79.472577978315,35.0502033332743 -79.4726509783162,35.0502173340561 -79.4726509779645,35.0502653339574 -79.4726599777648,35.0502943339977 -79.472670977707,35.0503043340991 -79.472681977642,35.0503153341985 -79.4727199775271,35.0503383345726 -79.4727259774036,35.050356334602 -79.4727069772302,35.0503763343501 -79.4727029770193,35.0504043342481 -79.4727279768859,35.0504273344777 -79.4727569767654,35.0504493347537 -79.4727719765371,35.0504833348496 -79.4727499762495,35.0505183345336 -79.4727179760727,35.0505363341422 -79.4726959759099,35.0505543338615 -79.4726619755839,35.0505923334069 -79.472662975065,35.050663333272 -79.4727489749062,35.0507013341447 -79.4728309750789,35.050693335068 -79.472884975433,35.0506553357441 -79.4729169758889,35.0505993362145 -79.4729609763397,35.0505463368119 -79.4729789769159,35.0504713371677 -79.4729929771781,35.0504383373917 -79.473010977343,35.0504193376308 -79.4731609775616,35.0504183392954 -79.4732019774206,35.0504453396929 -79.4732209769762,35.0505093397685 -79.47323397656,35.050568339788 -79.4732279763602,35.0505943396668 -79.4732219760795,35.0506313395224 -79.4732529756514,35.0506953397302 -79.4732759752415,35.0507553398578 -79.4733309747431,35.0508333403004 -79.473390974745,35.0508443409397 -79.473485974773,35.050858341959 -79.473580974764,35.0508773429674 -79.4736499744751,35.0509293436175 -79.4737099740108,35.0510033441204 -79.4737459738679,35.0510293444613 -79.4738369738817,35.0510443454323 -79.4738689737035,35.05107434572 -79.4739139733801,35.0511263461031 -79.4739839727053,35.0512303466478 -79.4739739722991,35.0512833464222 -79.4739569718094,35.0513463460981 -79.4738889711623,35.0514213451875 -79.4738439707095,35.0514743445781 -79.4738169701997,35.051538344143 -79.4737949696155,35.0516133437394 -79.4737949692605,35.0516613436356 -79.4738729689795,35.0517133443784 -79.4739449689642,35.0517283451352 -79.4740039692427,35.0517013458408 -79.4740679696614,35.0516563466409 -79.4741259700132,35.0516193473583 -79.474152970383,35.0515743477533 -79.4742049708682,35.0515183484472 -79.474238971337,35.0514613489461 -79.4743299717937,35.0514163500455 -79.4743749721888,35.0513713506397 -79.4744429725632,35.0513333514718 -79.4744879727877,35.0513113520157 -79.4745839727018,35.051340353007 -79.4745839722551,35.0514003528729 -79.4745709719324,35.0514413526385 -79.4745579713716,35.0515143523327 -79.47454797048,35.0516323519596 -79.4745109696122,35.0517423513087 -79.4745279688386,35.0518493512565 -79.4745519684238,35.0519093513854 -79.47455796832,35.0519243514176 -79.474579967746,35.0520053514775 -79.4746029669646,35.0521143514852 -79.4746599663612,35.0522053519041 -79.4747059658695,35.0522793522402 -79.4748039656684,35.0523233532103 -79.4749119658752,35.0523143544087 -79.474983966155,35.0522893552508 -79.4750199663137,35.0522743556778 -79.4751689673669,35.0521593575668 -79.4752859679536,35.0521013589781 -79.4752829673208,35.0521853587522 -79.4752069664288,35.0522913576793 -79.4752299656728,35.0523963576894 -79.4752439649424,35.0524963576125 -79.4752169644139,35.0525623571671 -79.475164963592,35.05266335637 -79.4749829624866,35.0527803541248 -79.4749289618808,35.0528523533749 -79.474983960912,35.0529913536564 -79.4748829600393,35.0530913523348 -79.4749639593934,35.0531913529856 -79.4751329596479,35.0531853548291 -79.475226960019,35.0531513559249 -79.4753619609808,35.0530453576315 -79.4754349615293,35.052984358564 -79.4755429621297,35.0529223598794 -79.4756579622367,35.0529273611158 -79.4756989617473,35.0529993613924 -79.47563196074,35.053122360379 -79.4755589600263,35.0532053593952 -79.4756739595004,35.0532943604324 -79.4758289593683,35.0533373620081 -79.4759179584771,35.053470362657 -79.4760249588565,35.0534373638909 -79.4761599589013,35.0534533653114 -79.4763019587052,35.0535023667282 -79.4763609578333,35.0536273670655 -79.4763469573104,35.0536943667539 -79.4763139566439,35.0537773661994 -79.476219955897,35.0538613649863 -79.4760919553214,35.0539173634754 -79.4761239547868,35.0539933636391 -79.4761359547257,35.0540033637444 -79.4761649546774,35.05401436403 -79.4763089544562,35.0540663654537 -79.4764579543459,35.0541043669635 -79.4764649538478,35.0541713668773 -79.4764049533992,35.054221366113 -79.4763279531122,35.0542473652243 -79.4762419528224,35.0542723642419 -79.4761759523679,35.0543223634148 -79.4761149515427,35.0544223625232 -79.4760689506075,35.0545393617529 -79.4760829498325,35.0546443616536 -79.4761239490431,35.0547553618282 -79.4762119484348,35.0548493625441 -79.476313948385,35.0548713635802 -79.476467948772,35.0548433652911 -79.476670949011,35.0548423674605 -79.47675194877,35.054886368218 -79.4767389478689,35.0550033677946 -79.4765919473245,35.0550533661066 -79.4765209469419,35.0550933652535 -79.4764909468326,35.0551033649099 -79.476469946174,35.0551873644839 -79.4764919455258,35.0552763645035 -79.4765189448905,35.0553643645783 -79.4765429443045,35.0554453646377 -79.4765769437141,35.055528364798 -79.4767389437709,35.0555443664781 -79.4769009439563,35.0555433681993 -79.4770089438623,35.0555713692764 -79.4770639435428,35.0556213697366 -79.4770369428831,35.0557043692461 -79.4769229423342,35.055760367901 -79.4767729421336,35.0557653663003 -79.4767339421217,35.0557613658971 -79.4766799416467,35.0558163651917 -79.4766879411934,35.0558773651282 -79.4767349405699,35.0559663654089 -79.4767959399608,35.0560553658367 -79.4769049393262,35.0561543667456 -79.4769929386225,35.0562593674163 -79.4770819381239,35.0563373681624 -79.4772369379139,35.0563863696741 -79.4773789378113,35.0564193710874 -79.4774739373619,35.0564913719076 -79.4774269364676,35.0566023711359 -79.4773399355708,35.0567083699575 -79.4772729351216,35.0567583691297 -79.4772419344511,35.056842368596 -79.4772339335607,35.0569583682245 -79.477253932904,35.0570473682132 -79.4773229320906,35.0571633686472 -79.4773699315057,35.057246368932 -79.4774919313756,35.0572793701246 -79.4776739318996,35.0572343721398 -79.477808932034,35.0572343735511 -79.4779779320415,35.0572553752642 -79.4781099315371,35.0573383764314 -79.4782039311472,35.0574013772513 -79.4784339302759,35.0575443792817 -79.4785929301929,35.0575753808586 -79.4786939304528,35.0575543819662 -79.4789139305365,35.0575713842147 -79.4791879304483,35.0576173869481 -79.4792529292983,35.0577743872068 -79.4793949293344,35.0577873886493 -79.479634929573,35.0577863911486 -79.4798589283754,35.0579683929835 -79.4800019288144,35.0579293945754 -79.4800809295042,35.0578503956127 -79.4802239299526,35.0578103972097 -79.4803519300833,35.0578093985438 -79.4804639297852,35.0578613995642 -79.4806229295313,35.0579134010719 -79.4808459290321,35.0580044031331 -79.4810219285879,35.0580824047398 -79.4812619284141,35.0581334070845 -79.4813729284164,35.0581464081984 -79.4815639282891,35.0581854100667 -79.4817079277074,35.0582764112961 -79.481819926992,35.0583804121543 -79.4819519265855,35.0584474133249 -79.4820279263634,35.0584844140027 -79.4820759254755,35.0586024141537 -79.4819809249153,35.0586624129975 -79.4818859243715,35.0587204118482 -79.481870923112,35.0588784112341 -79.4821099230258,35.0589164135849 -79.4822059228032,35.0589554144589 -79.482285922566,35.0589944151676 -79.4823969225617,35.0590074162715 -79.4824569218941,35.0590984166194 -79.4825259211228,35.0592034170172 -79.4826219199695,35.0593594175389 -79.4827709195666,35.0594264188668 -79.4829569193294,35.0594764206232 -79.4831009191427,35.0595154219809 -79.4832759195079,35.0594884238554 -79.4834189201573,35.0594224255218 -79.4834979206487,35.0593694264938 -79.4835929212583,35.0593034276705 -79.4837369212796,35.0593164291083 -79.4838959212175,35.0593414306625 -79.4839919213008,35.0593414316474 -79.4841509214468,35.0593404332817 -79.4842459215292,35.0593404342563 -79.4843739214313,35.0593664354879 -79.4844859212226,35.0594044365169 -79.4845489214862,35.0593784372449 -79.4846439222047,35.0592994384692 -79.4847389228193,35.0592334396535 -79.4848509236594,35.0591414410965 -79.4850089242264,35.0590884428898 -79.485104924101,35.0591144437935 -79.4851049230423,35.0592454433735 -79.4851059224127,35.0593234431336 -79.4851519215714,35.0594324432557 -79.485276921226,35.0594884443566 -79.4853729216,35.0594524454565 -79.4854219226629,35.0593264463664 -79.4854879234983,35.0592304473547 -79.4855989237008,35.0592174485369 -79.4858059236788,35.0592424505811 -79.4859819240522,35.0592154524771 -79.4860439246437,35.0591494533312 -79.4861399253715,35.0590704545787 -79.4862079263687,35.0589554556584 -79.4863139265936,35.0589394568027 -79.4864109253009,35.0591084572392 -79.4863639239705,35.059266456231 -79.4864439232974,35.0593574567493 -79.4865079226015,35.0594494570989 -79.4865929222416,35.0595024577928 -79.4867319220581,35.0595394590926 -79.4868209219214,35.0595654599165 -79.486986921637,35.0596174614403 -79.4871079218302,35.0596064627159 -79.4871299218735,35.0596034629512 -79.4872609216402,35.059645464149 -79.4871739207455,35.0597454629191 -79.4871159199993,35.0598304620379 -79.4871079196481,35.0598724618138 -79.4870969185808,35.0600014612641 -79.4870809174111,35.0601424606232 -79.4870859163489,35.0602724602335 -79.4871189154076,35.0603904601689 -79.4872149149512,35.0604554609234 -79.4873269142931,35.0605464617504 -79.4874439141886,35.0605704628555 -79.4877969156476,35.060427466931 -79.4878529142408,35.0606034668909 -79.4879009137425,35.0606684671525 -79.488075913525,35.0607114687767 -79.4881009123546,35.0608554685285 -79.4881899114893,35.0609684690346 -79.4883409111998,35.0610174703892 -79.4884799113145,35.0610164717972 -79.4885929116499,35.0609864730449 -79.4887619122031,35.0609354749337 -79.4888399125873,35.060896475861 -79.4889169130209,35.0608514768 -79.4891939133275,35.0608404796425 -79.4892869134581,35.0608334806089 -79.4894939136273,35.0608324827076 -79.4895899137019,35.0608324836792 -79.4897819134245,35.060883485437 -79.4899409134387,35.060896486998 -79.4900839135577,35.0608954884482 -79.4901799134138,35.0609214893237 -79.4902599128208,35.0609994898455 -79.490354913448,35.0609334910492 -79.4904819144288,35.0608284927223 -79.490720914623,35.0608274951451 -79.4908309144725,35.0608554961539 -79.4909449162312,35.0606574980491 -79.4909549162897,35.060651498173 -79.4910319167219,35.0606074991188 -79.4911459168711,35.0606005003013 -79.4912459160964,35.0607015009345 -79.49138291518,35.0608225018646 -79.4915139149516,35.0608615030425 -79.491589915519,35.0608015040398 -79.4916589160561,35.0607445049557 -79.4918509166478,35.0606925070997 -79.4918809183444,35.0604955081586 -79.4918649192233,35.0603905083984 -79.4918159204062,35.0602465084515 -79.4918149210675,35.0601685087397 -79.4918469219852,35.0600635094676 -79.4919899228934,35.0599705112825 -79.4921799233914,35.0599305133751 -79.492371923108,35.0599825151327 -79.4923699229614,35.0599995150464 -79.4923409216338,35.0601525141578 -79.4923099204925,35.0602835133349 -79.4922939194745,35.0604015127154 -79.4922949188024,35.0604805124198 -79.4924299181684,35.0605675134528 -79.4927189181499,35.0605965162715 -79.4928089174518,35.0606865168317 -79.4927439167171,35.0607665158601 -79.4927149165065,35.0607885154804 -79.4926159158232,35.060859514201 -79.4925519150994,35.0609385132458 -79.4924259133227,35.0611355112068 -79.492364912109,35.06127251006 -79.4924549115796,35.0613425106953 -79.4926059115216,35.0613625121385 -79.4927179130146,35.0611975139117 -79.4927729139023,35.0610985148541 -79.4928109141706,35.0610705153475 -79.4930059144649,35.0610535173837 -79.4931839142408,35.0610955190157 -79.4932819147786,35.0610415202191 -79.4933419161717,35.0608845214481 -79.4934629162567,35.0608855226682 -79.4935559164061,35.0608765236449 -79.4936609164702,35.0608785246992 -79.4937579162613,35.0609115255484 -79.4938429159308,35.0609575262235 -79.4939609155045,35.061017527175 -79.4939879139477,35.0612005267109 -79.4939729129193,35.0613185260846 -79.4941249126274,35.0613655274263 -79.4942119119757,35.0614485279666 -79.494279911499,35.0615095284037 -79.4944469108264,35.0616015297091 -79.4944209094153,35.0617625287931 -79.4945169086971,35.0618535293856 -79.49461190854,35.0618795302319 -79.4949799073356,35.0620485332249 -79.4951239068722,35.0621135343977 -79.4952669064069,35.0621785355587 -79.4954589062095,35.0622165373199 -79.495553906162,35.0622295382151 -79.4956979054679,35.0623205392731 -79.495745904698,35.0624125393669 -79.4958749034233,35.0625685399984 -79.4959869025807,35.0626735406718 -79.4960819026527,35.0626725416214 -79.4962729029025,35.0626585435814 -79.4964959035161,35.0626055460265 -79.4967029031979,35.0626575478653 -79.496687901923,35.0628015471002 -79.4967369005757,35.0629585469152 -79.4969129003467,35.0629975484943 -79.4970239000839,35.0630355494319 -79.497056899295,35.0631275493627 -79.4971048985152,35.0632195494413 -79.4972488975746,35.0633365503606 -79.4973928970909,35.0634015515026 -79.4975358975332,35.0633615530902 -79.4976798970482,35.0634265542301 -79.4977758959572,35.0635565546098 -79.4979198954696,35.0636215557456 -79.4980148958731,35.0635825568542 -79.4982058963536,35.06354155892 -79.4983008961809,35.0635675597427 -79.4984288961436,35.0635805609481 -79.4985398969142,35.0635015623948 -79.4985708970489,35.0634885627587 -79.49866689758,35.0634355639432 -79.498714896915,35.0635135640693 -79.4988118958071,35.0636445644411 -79.4988908953914,35.0636965649873 -79.4989558944938,35.0638015651569 -79.4989878941649,35.063840565297 -79.4991798934661,35.0639315667768 -79.4992908934242,35.0639435678143 -79.499417893857,35.0639035692444 -79.4994658940017,35.0638905697755 -79.4995928947847,35.0638115713841 -79.4996408954049,35.0637455721569 -79.4997988963252,35.0636535741334 -79.4998478955382,35.0637445742009 -79.4999908950402,35.0638095753119 -79.5001818948229,35.0638095732785 -79.5002608953198,35.063743572669 -79.500483895417,35.0637025702826 -79.5005798949503,35.063741568996 -79.5006278942998,35.06380756814 -79.5007238933669,35.0638985666159 -79.5008038925703,35.0639765653361 -79.5009958909928,35.064126562435 -79.5013028896452,35.0642355583953 -79.5015858895279,35.0642105552445 -79.5020108895164,35.0641545505966 -79.5021058894465,35.0641495495233 -79.5025048903149,35.0639985456069 -79.5026848908032,35.0639195438891 -79.5029508914279,35.0638135413011 -79.5031808926847,35.0636415394276 -79.5033548930801,35.0635735377276 -79.5035878950539,35.0633205361853 -79.5037558964719,35.0631385350704 -79.5038408970099,35.063066534415 -79.5042058985943,35.0628385312312 -79.5045328995992,35.0626805281678 -79.50486090061,35.062521525096 -79.5052109019743,35.0623195219626 -79.5055919025776,35.0621985181037 -79.5059729031794,35.0620775142436 -79.5062859035269,35.0619945109977 -79.5066039042665,35.0618665078957 -79.5070359052611,35.0616935036759 -79.5073599057065,35.0615975003585 -79.5076839061507,35.0615014970401 -79.5078859059064,35.0615004947072 -79.5082369050599,35.0615464904397 -79.5084839029742,35.0617474866825 -79.5088879025226,35.0617414820358 -79.5090879020522,35.0617664796104 -79.509399900357,35.0619144753409 -79.5097108986647,35.0620624710841 -79.5099068981654,35.0620914686883 -79.5100458982129,35.0620664671922 -79.5102998978795,35.0620684642461 -79.5107068976022,35.062042459655 -79.5109588986168,35.0618914574114 -79.5113828969108,35.0620254519128 -79.5118388951408,35.0621624460324 -79.5121698942297,35.0622194419528 -79.5125008933104,35.0622774378692 -79.5128808914901,35.0624314327956 -79.5129808910072,35.0624724314586 -79.5133108896451,35.0625814271633 -79.5136408882754,35.0626914228645 -79.5140408882544,35.0626374184798 -79.5143768871935,35.0627114142712 -79.5147468846339,35.0629524089368 -79.5148458836658,35.063049407367 -79.5149928822291,35.0631934050368 -79.5153388783007,35.0635953992776 -79.5155368759593,35.0638363959354 -79.5155908753797,35.0638953950537 -79.5157588735819,35.0640783923133 -79.515806871773,35.0642793908791 -79.5158348706853,35.0644003900263 -79.5158768702255,35.064447389336 -79.5160838678262,35.0646943858677 -79.5161948671101,35.0647613842947 -79.516291866585,35.0648083829708 -79.5164788674749,35.0646803813743 -79.5165738680482,35.0646013806242 -79.5167098680589,35.0645813791432 -79.5168678683387,35.0645273775569 -79.5170268687213,35.0644613760112 -79.5171148687285,35.064448375053 -79.5172258686038,35.0644473737771 -79.5173218683755,35.0644603726132 -79.5174008681937,35.0644703716585 -79.5174418680663,35.0644793711464 -79.5176328677847,35.0644853689174 -79.5177748685859,35.0643733677674 -79.5179738682423,35.0643853654198 -79.5180778676663,35.064437363994 -79.5181738675509,35.0644373628867 -79.5182618672977,35.0644543617978 -79.5183648669919,35.0644753605186 -79.5185008665512,35.0645073588111 -79.5186288652628,35.0646383567659 -79.5187338644527,35.0647173552121 -79.5187498644682,35.064713355045 -79.5188038648884,35.0646573546654 -79.5188918652418,35.0646043538807 -79.5190098661822,35.0644793530623 -79.5191288666709,35.0644063520064 -79.519192865746,35.0645043508433 -79.519169864519,35.0646493504798 -79.5191708637823,35.0647343500996 -79.5192188629376,35.0648253491516 -79.5193148625979,35.0648513479322 -79.5194508622105,35.0648773462517 -79.5194978628375,35.0647983460521 -79.5196328634713,35.0647063448941 -79.5197118638953,35.0646463442429 -79.5198708641022,35.0646003426086 -79.5200228630215,35.0647043404059 -79.5201668622878,35.0647693384645 -79.5203098619008,35.0647943367077 -79.5204848614153,35.0648263345519 -79.520580861128,35.0648463333587 -79.5207878610013,35.0648323310328 -79.5209398608283,35.0648313292847 -79.521082860778,35.0648173276965 -79.5211468592622,35.0649843262387 -79.521266858335,35.0650753244633 -79.5214028582333,35.065068322926 -79.5215618581041,35.0650613211235 -79.521704857994,35.0650543195055 -79.5218168574732,35.065099318021 -79.521935857452,35.0650853167097 -79.5220788575655,35.0650523152034 -79.5222148577474,35.0650123138078 -79.5222778577841,35.0649993131375 -79.5224208579059,35.0649653116352 -79.5225578569603,35.0650563096653 -79.5225738558155,35.0651873089186 -79.5225508550522,35.0652793087887 -79.5224878538292,35.0654303088662 -79.5224728526608,35.0655683084465 -79.5224738517055,35.0656793079583 -79.5224658508726,35.0657773076296 -79.5225148500241,35.0658693066703 -79.522609849749,35.0658883054948 -79.5227218500725,35.0658353044325 -79.5228008502027,35.0658093036343 -79.5229358506705,35.0657363023926 -79.5230548508392,35.0657003011764 -79.5230868505267,35.0657323006707 -79.5230558499966,35.0657983007448 -79.5230558491553,35.0658963003247 -79.5231828496238,35.0658242991708 -79.5232628498728,35.0657842984209 -79.5233738499736,35.0657572972582 -79.5234778498509,35.0657572960605 -79.523501849042,35.0658482953945 -79.5235028479687,35.0659732948479 -79.5235508468487,35.0660972937644 -79.5235908460728,35.0661822929402 -79.5237738465356,35.0661032911715 -79.5238618468352,35.0660562903594 -79.5239558477874,35.0659322898073 -79.5240278480454,35.0658922891492 -79.5240988481332,35.065872288417 -79.5241548480673,35.0658722877722 -79.5241948480202,35.0658722873116 -79.5243378478604,35.0658712856692 -79.5244098478355,35.06586428487 -79.5244568485678,35.0657722847214 -79.5244718498942,35.0656152852188 -79.5245038501987,35.0655752850209 -79.5245668508004,35.0654962846324 -79.5246458510406,35.0654572838886 -79.5247168512988,35.0654172832413 -79.5248048511431,35.0654232822018 -79.5249318508814,35.0654362806832 -79.5250328505993,35.0654552794386 -79.5251558502911,35.0654742779407 -79.5252908497979,35.0655132762193 -79.5253948500166,35.0654732751915 -79.5254738506492,35.0653882746431 -79.5255528510083,35.0653352739584 -79.5256478514507,35.0652702731403 -79.5256638515512,35.0652562730154 -79.5257428516281,35.0652362721901 -79.5258468514533,35.0652422709662 -79.5259668513193,35.0652412695876 -79.5261258510194,35.0652542677002 -79.5261738507405,35.0652802670367 -79.526253850202,35.065332265894 -79.5262378495471,35.065411265743 -79.5262458488722,35.0654892653197 -79.5262788479973,35.0655872645235 -79.5263348470356,35.0656922634327 -79.5263578468293,35.0657132630787 -79.5264318460854,35.0657902618997 -79.5265118453858,35.0658612606772 -79.5266068450523,35.0658872594729 -79.5267828446236,35.065913257336 -79.5269338444544,35.0659122556015 -79.526973845242,35.0658142555561 -79.5269288458147,35.0657532563328 -79.526860846602,35.0656702574676 -79.5270278466347,35.0656432556585 -79.5271548471573,35.0655642545302 -79.5273048482141,35.0654192534159 -79.5275358483146,35.0653752509406 -79.5276948477944,35.0654142489438 -79.5278708469226,35.0654922465865 -79.5279988459976,35.0655832447276 -79.5279448451178,35.0656942448808 -79.5279208447466,35.0657412449587 -79.5278258440764,35.0658332456641 -79.5276348428469,35.0660042471406 -79.5276838415646,35.0661482459677 -79.5278118413124,35.0661602444435 -79.5280498419258,35.0660552421471 -79.5281448426045,35.065962241446 -79.5282568423623,35.0659752401015 -79.5284668419116,35.0659992375824 -79.5284778418902,35.0660002374514 -79.5285438415919,35.0660262365819 -79.5287028414051,35.0660262347513 -79.5287988409699,35.0660642334859 -79.5288788399851,35.0661692321227 -79.5288898394122,35.066235231718 -79.5288948390755,35.0662742314962 -79.5290808394599,35.0662032296542 -79.5291498396759,35.0661682290072 -79.5292448400138,35.0661152281366 -79.5293558402226,35.066075227027 -79.5295468402611,35.0660442249583 -79.5296258403292,35.0660252241286 -79.5297418410992,35.0659182232426 -79.5297768419642,35.065811223289 -79.5298108427371,35.0657152233006 -79.5298928437918,35.0655792229273 -79.5299508449508,35.0654342228679 -79.5299738455754,35.0653572229262 -79.5299608464882,35.0652512235209 -79.5299248473522,35.0651542243431 -79.5298868482103,35.0650582251841 -79.5298868484389,35.0650312252974 -79.5299288484481,35.0650242248427 -79.5302288475743,35.065085221129 -79.5303828469003,35.0651432191109 -79.530664845601,35.0652572153834 -79.5307708451539,35.0652952140028 -79.5309238446511,35.0653332120807 -79.5311358435888,35.0654292092364 -79.5312878436619,35.0653992076107 -79.5314388440484,35.0653322061509 -79.5314778439261,35.065341205664 -79.5315228429023,35.065456204665 -79.5316068418831,35.0655652032419 -79.5316188414555,35.0656142028991 -79.5315858407773,35.0656992029241 -79.5315128402221,35.0657752034474 -79.5315498393768,35.0658702026244 -79.5315718390134,35.0659102022039 -79.5315988380198,35.0660242014168 -79.5316238377626,35.0660512010162 -79.5317578372763,35.0660901993107 -79.5318318372569,35.0660821984921 -79.5319018375036,35.066043197849 -79.5319128383845,35.0659371981647 -79.5319168393663,35.0658201986069 -79.5319708395387,35.0657921981018 -79.5320348393453,35.0658061973064 -79.5320648390823,35.0658331968483 -79.5321008381717,35.0659361960041 -79.5321128373401,35.0660331954614 -79.5321378373107,35.0660331951736 -79.5322318383547,35.0658961946625 -79.5322798383825,35.0658861941514 -79.5323708381068,35.0659061930202 -79.5324638384859,35.065848192191 -79.5325458396946,35.0656931918922 -79.5326798403277,35.0655991907402 -79.5328228404364,35.0655661892303 -79.5328958403501,35.0655661883894 -79.5330638403364,35.0655441865456 -79.5332318408861,35.0654551849802 -79.533364841275,35.065390183718 -79.5335278419809,35.0652831822843 -79.5336218426843,35.0651861816038 -79.5336318434286,35.0650961818622 -79.533678844238,35.064993181748 -79.5337718445386,35.0649441808793 -79.5339018443079,35.0649531793434 -79.5340658433063,35.065049177055 -79.5341608422195,35.0651651754793 -79.5342548416294,35.0652221741599 -79.5344898416016,35.065192171576 -79.5346518424822,35.0650641702387 -79.5347748425284,35.0650411689162 -79.5348388428377,35.0649951683688 -79.5349238428453,35.0649821674427 -79.534983842338,35.0650341665362 -79.535006842143,35.0650541661884 -79.5350458420547,35.0650591657183 -79.5350848421674,35.0650401653473 -79.5351338427456,35.0649641650965 -79.5351728426488,35.0649701646221 -79.5352908419302,35.065039162977 -79.5353268420464,35.0650201626405 -79.5353558423383,35.0649811624673 -79.5354248422728,35.0649791616802 -79.5355228412854,35.0650831601214 -79.5355778401404,35.0652121589553 -79.5356228388819,35.0653561578426 -79.5356418385665,35.0653911574793 -79.5356888377913,35.0654771565831 -79.5356918376455,35.0654941564784 -79.5356638371097,35.0655621565205 -79.535579836732,35.0656191572529 -79.5355728364223,35.0656571571768 -79.5356158361037,35.0656891565495 -79.5359238361666,35.0656381532122 -79.5360648363093,35.0656011517406 -79.536121836476,35.0655731511993 -79.5361518371844,35.0654841512203 -79.5362348384149,35.0653251509188 -79.5364098388254,35.0652511492069 -79.5365248388725,35.0652291479722 -79.5366578387562,35.0652241464602 -79.5367888389928,35.0651771451438 -79.5369118389049,35.065170143755 -79.5371148386134,35.0651761413909 -79.5372388382907,35.0651971398757 -79.5373618380861,35.0652041384296 -79.5375578380114,35.0651851362488 -79.5376778382103,35.0651441350339 -79.5378008384888,35.0650931338254 -79.5378798389444,35.0650271331852 -79.5379938392914,35.0649691321088 -79.5381168398772,35.0648811310512 -79.5381958403239,35.0648161304065 -79.5383808406518,35.0647501285436 -79.5384398407808,35.0647261279614 -79.5385298409642,35.0646911270668 -79.5386138409134,35.0646851261228 -79.5386898404649,35.0647281250707 -79.5387068391309,35.0648861242292 -79.5386928382246,35.064997123937 -79.5386788373932,35.0650991236816 -79.5387048370962,35.0651311232512 -79.5388238365223,35.0651831216673 -79.538899836141,35.0652181206486 -79.538914836065,35.0652251204471 -79.5390548352589,35.0653021185196 -79.5390668352446,35.0653021183813 -79.5391978354296,35.0652611170391 -79.539385835555,35.065219115044 -79.5394268355893,35.0652091146122 -79.5396038352045,35.065230112487 -79.5397198342038,35.0653341107266 -79.5398048337462,35.0653771095721 -79.5400048336997,35.0653541073614 -79.5400598336594,35.0653511067399 -79.5400768333241,35.0653891063894 -79.5401418329652,35.0654231055022 -79.5403178329389,35.0654011035639 -79.5404668332096,35.0653471020667 -79.5405658331584,35.0653391009585 -79.5407608327117,35.0653650986061 -79.5409398328635,35.0653210967222 -79.5409738331376,35.0652830964846 -79.5410218335274,35.0652290961505 -79.5411378339355,35.0651630950814 -79.5411988340449,35.0651410944676 -79.5413628339076,35.0651340926059 -79.5414408332857,35.0651980914477 -79.541581833366,35.0651680899443 -79.5416528334633,35.0651460892151 -79.5417578338258,35.0650870882438 -79.5417918344379,35.0650080881716 -79.5418908351623,35.064906087443 -79.5419758356636,35.0648330867584 -79.5420818354213,35.0648470854798 -79.5420938353079,35.0648590852929 -79.5421618347314,35.0649190842665 -79.5421708336227,35.0650520836253 -79.5420758329186,35.06515108432 -79.5420678317888,35.0652890838543 -79.5421858309883,35.0653690821713 -79.5422648312743,35.0653230814469 -79.5423238315013,35.0652870809125 -79.5423848323859,35.0651710806781 -79.5424458329156,35.0650980802698 -79.5425628334855,35.0650120792686 -79.5426818334096,35.0650040779292 -79.5428408328738,35.0650460759271 -79.5429908323984,35.0650820740531 -79.5430878321675,35.0650960728787 -79.5432048317234,35.0651330713812 -79.5432468315664,35.0651460708448 -79.5433788311788,35.0651740692108 -79.5435878303047,35.0652500664964 -79.5437418289699,35.0653900641588 -79.5437508281859,35.0654840636772 -79.5437688274488,35.06557106312 -79.5439628269316,35.0656060607446 -79.5440948268331,35.0655990592522 -79.5441578271203,35.0655550587032 -79.5442088273641,35.0655180582643 -79.5442978275546,35.0654820573836 -79.5443498274273,35.0654900567524 -79.5444288272269,35.0655030557901 -79.5445488259761,35.0656380538662 -79.5447648257126,35.0656390513743 -79.5448878262896,35.0655510503101 -79.5449758263003,35.0655370493524 -79.54505282616,35.0655430484414 -79.5450638261388,35.0655440483107 -79.5450868259803,35.0655600479817 -79.5451348256446,35.0655940472926 -79.545213825256,35.0656300462385 -79.5452258252254,35.0656320460923 -79.5453838248337,35.0656570441724 -79.5454698245518,35.0656790430938 -79.5455488245815,35.0656640422439 -79.5456278244308,35.065671041306 -79.5456638236016,35.0657670405077 -79.5457608232661,35.0657940392827 -79.5458398238855,35.0657070387204 -79.545998823354,35.0657490367214 -79.5460928224899,35.0658410352716 -79.5462468227177,35.0657910336977 -79.5463748233195,35.0656990325904 -79.5463928234128,35.0656850324389 -79.5465778236769,35.0656260305433 -79.5467538238286,35.0655820286913 -79.5469198243515,35.0654940271294 -79.5470968243298,35.0654710251818 -79.5472118237771,35.0655220236541 -79.5472468227883,35.0656380227896 -79.5473248216347,35.0657680213744 -79.5474688207629,35.0658540193743 -79.5476338194915,35.0659860169499 -79.5476908182659,35.0661280157298 -79.5477298177062,35.0661910150307 -79.5478148176474,35.0661860140721 -79.5478928182084,35.0661060134917 -79.5479988183286,35.0660760123904 -79.5481048184243,35.0660490112771 -79.5481918182895,35.0660530102596 -79.5483948179941,35.0660600078947 -79.5484298187268,35.0659650078681 -79.548420819381,35.0658860082847 -79.5484308194588,35.0658750082131 -79.5484988199408,35.0658060077033 -79.5485378198296,35.0658140072225 -79.548631819556,35.0658340060608 -79.5486758187388,35.0659280051821 -79.5486768177932,35.0660440047114 -79.5487458172075,35.0661060036716 -79.5488798170339,35.0661080021211 -79.548928817424,35.0660530017745 -79.5489668175828,35.0660280014358 -79.5490278183979,35.0659190011645 -79.5490978190233,35.0658320007023 -79.5492668191982,35.0657859989379 -79.5494068183747,35.0658669970057 -79.5494218180807,35.0659009966987 -79.549437817696,35.0659459963368 -79.5494258168729,35.0660489960683 -79.5494528157926,35.0661779952481 -79.5495148147772,35.0662939940765 -79.5495948140172,35.0663759928321 -79.5496208139868,35.0663759925329 -79.5496908145793,35.0662929920547 -79.5497438151103,35.0662199917326 -79.549783815827,35.0661259916429 -79.5498748161344,35.0660749907964 -79.5500638161642,35.0660439887426 -79.5502018159616,35.0660489871341 -79.5503868159309,35.0660259850947 -79.5504648154905,35.0660689840275 -79.5505478145091,35.0661779826431 -79.5505828139491,35.0662419819884 -79.5506558132312,35.0663199808414 -79.5508328128864,35.0663369787374 -79.5509368128864,35.0663219775993 -79.5511088131549,35.0662639758474 -79.5512908127152,35.0662919736427 -79.5513848124919,35.0663059725058 -79.5514978121331,35.0663339710954 -79.5515838123804,35.0662909702742 -79.5516348128466,35.066225969942 -79.5517208137813,35.0660979694537 -79.5518418136393,35.0660979680607 -79.5519448135265,35.0660969668788 -79.5520668125265,35.0662029650593 -79.5522228118912,35.0662589630445 -79.5523428120981,35.0662159618314 -79.5524718126415,35.0661299606827 -79.5526518128905,35.0660729588333 -79.552910812885,35.0660359559959 -79.5530738133872,35.0659499544548 -79.553193813875,35.0658719533772 -79.5532718144201,35.0657929527871 -79.5533828148615,35.0657219517855 -79.5534608151724,35.065671951082 -79.5535388147419,35.06571395002 -79.5536688139118,35.0657979481956 -79.553849813473,35.0658259460022 -79.5540378134286,35.0658039439227 -79.5542038129513,35.065838941875 -79.5543018128439,35.0658379407503 -79.5544458123928,35.0658729389561 -79.5545838124072,35.0658509374524 -79.5547178122011,35.065856935886 -79.5548178114566,35.0659349344319 -79.5550148118031,35.0658629324426 -79.5551098118117,35.0658479314068 -79.5552658112266,35.0658979294167 -79.55532381107,35.0659089287062 -79.555472810654,35.0659389268743 -79.5555938103993,35.0659529254269 -79.5558708098571,35.0659799221331 -79.5560078099285,35.0659509206677 -79.5561028101613,35.0659079197399 -79.5561358112042,35.0657729198814 -79.5561008121029,35.0656659206978 -79.5561518131804,35.0655239206588 -79.5563148136202,35.065444919086 -79.5565468151146,35.0652239172656 -79.5567438159047,35.0650959154889 -79.556945816064,35.0650459133533 -79.5571408153359,35.0651079108671 -79.5572708148455,35.0651499092072 -79.5574518146381,35.0651489071251 -79.5576928150939,35.065055904705 -79.5578568154733,35.0649839030913 -79.557985815894,35.0649119018807 -79.5582008159245,35.0648758995404 -79.558358816246,35.0648118979643 -79.5584848159917,35.0648248964618 -79.5587528155677,35.0648378933223 -79.5588648149878,35.0648938918168 -79.5590298145121,35.0649288897808 -79.5591598144763,35.0649138883396 -79.5592928147711,35.0648568870242 -79.5594168154741,35.0647498860035 -79.5594938162172,35.0646448855167 -79.5596398164875,35.064588884047 -79.5598038162113,35.0645988821176 -79.5599168157419,35.0646408806543 -79.5600898148673,35.0647248783393 -79.5601898144854,35.0647578770605 -79.5603238131896,35.0649008749709 -79.5604418125645,35.0649618733784 -79.5605758121903,35.064988871731 -79.5608418123648,35.0649268689006 -79.5609878126424,35.0648698674342 -79.5610908129712,35.0648128664633 -79.5612378133105,35.0647478650154 -79.5613338136551,35.0646898641287 -79.5614088141752,35.0646128635561 -79.561614815005,35.0644768616964 -79.5618278149231,35.0644548593231 -79.5619338147957,35.0644548581006 -79.5620458130474,35.0646588560363 -79.5620738122861,35.0647508553652 -79.5621008109013,35.0649218544064 -79.5621858093843,35.0651008527491 -79.5624138084093,35.0651898497847 -79.5626498082709,35.0651718471331 -79.5627638084907,35.0651268459893 -79.5629808089665,35.0650338438394 -79.5630058093077,35.0649868437287 -79.56297780987,35.0649198443043 -79.5628888109396,35.0647978457909 -79.5629198115815,35.0647118457582 -79.5630408117997,35.0646658445366 -79.5632258116727,35.0646538424487 -79.5633818108784,35.0647308403596 -79.5634598100595,35.0648228391136 -79.5636328090722,35.0649218367462 -79.5637588085829,35.0649648351319 -79.5639618084746,35.0649478328558 -79.5640558087011,35.064904831934 -79.564157808721,35.0648868308258 -79.5642758089107,35.0648448296234 -79.5643308098366,35.0647188294627 -79.5643818104445,35.064633829194 -79.5644518109744,35.0645558286798 -79.5645708115789,35.0644608276641 -79.5647358125287,35.0643148263089 -79.5647708131785,35.0642268262353 -79.5648608136595,35.0641518254783 -79.5649878140171,35.0640868242567 -79.5649978147123,35.0639968244787 -79.5649628157922,35.0638648253775 -79.5650078168694,35.063720825398 -79.5651348171551,35.0636648241419 -79.5652548168442,35.0636858226779 -79.5653938161806,35.0637488208376 -79.5654798159113,35.0637698197663 -79.5656448149341,35.0638688174915 -79.5656878143876,35.0639318167596 -79.5657248134954,35.0640398159288 -79.5658068129098,35.0641018147508 -79.5658978126273,35.0641238136186 -79.5660948126246,35.0640938114577 -79.5661978125628,35.0640858102991 -79.566344812777,35.0640358087896 -79.5664958127902,35.0640108071405 -79.5666298118294,35.064112805214 -79.5667448110876,35.0641898036002 -79.5668648105515,35.0642398020295 -79.5669638097748,35.0643238005746 -79.5671588090472,35.0643867980908 -79.5673388089479,35.0643717960704 -79.5675858081036,35.0644417929613 -79.5676898074317,35.0645117915018 -79.567768806337,35.0646397901154 -79.5678038056312,35.0647247893962 -79.567924804885,35.0648017877153 -79.5681288044849,35.0648217852892 -79.5682618042167,35.064835783704 -79.5683398035695,35.0649067825416 -79.5683918026806,35.0650127815494 -79.5684098016061,35.0651477808417 -79.5683768010915,35.065218780959 -79.5682998006837,35.0652827816091 -79.5682827996506,35.0654177813046 -79.5683157992838,35.0654597807687 -79.5683787985461,35.065544779728 -79.5685347979249,35.0656007777235 -79.5688107975518,35.0656067745221 -79.5691477963903,35.0657047702781 -79.5692777955284,35.0657957684447 -79.5693467948399,35.065873767362 -79.5693907939553,35.0659807664602 -79.5693657934321,35.0660517664859 -79.5694007926749,35.0661437657432 -79.5695227917616,35.0662427639734 -79.5695657911121,35.0663197631943 -79.5696787902643,35.0664117615543 -79.569747789686,35.0664757605242 -79.5697747889391,35.0665677598743 -79.5698277882708,35.0666457589769 -79.5699397875963,35.0667157574303 -79.5699747868948,35.0668007567144 -79.5699937856602,35.066956755921 -79.5701927847149,35.0670487532935 -79.5704077841477,35.06708975067 -79.5705007823865,35.0673027488171 -79.570587781409,35.0674157474013 -79.5706657806052,35.0675077461665 -79.5707367783819,35.067783744336 -79.570890777174,35.0679167420779 -79.5711557761348,35.0680117386846 -79.5712667749154,35.0681527368922 -79.5713927741986,35.0682267351736 -79.571631773137,35.068328732055 -79.5717907718805,35.0684677297201 -79.5718487708782,35.0685887286111 -79.5719857698644,35.0686997266321 -79.5720997689466,35.0688017249504 -79.5722717670979,35.069015722194 -79.572362765921,35.0691547206418 -79.5726647643772,35.0693107166074 -79.5728517639442,35.0693397143564 -79.5730107636275,35.0693577124669 -79.5732727621234,35.0695147088897 -79.5733527616794,35.0695607078047 -79.5734507611075,35.0696207064624 -79.5736487607099,35.0696437041082 -79.5738187601664,35.0696897019916 -79.57399075959,35.0697396998377 -79.5741027595041,35.0697346985717 -79.574313759493,35.0697056962576 -79.5745297591992,35.0697126937555 -79.5747487593173,35.0696656914148 -79.5749207592107,35.0696546894823 -79.5752027581826,35.0697476859122 -79.5753707575507,35.0698056837763 -79.5753927574648,35.0698136834951 -79.5755197573316,35.0698126820427 -79.5757367566766,35.0698666793598 -79.5759297561789,35.0699036770137 -79.5762027547497,35.0700506733542 -79.5762727535993,35.0701906720473 -79.5763637521427,35.0703676703667 -79.5763197511183,35.0705076703663 -79.5761617499961,35.070676671567 -79.5760277489235,35.0708356725282 -79.5759817484675,35.0709016728168 -79.5759407478373,35.0709896729688 -79.5759277464555,35.0711716724609 -79.5759997456871,35.071261671312 -79.5761097453302,35.0712926699411 -79.5761877446861,35.0713656687851 -79.5762437443649,35.0713996680216 -79.5764517431899,35.0715236651945 -79.576612740734,35.0718216622795 -79.5767487400213,35.0718956604575 -79.576868738798,35.0720386585706 -79.5769097379276,35.0721466577134 -79.5769397361278,35.0723776565397 -79.5772537329334,35.0727516516068 -79.5774707316414,35.0728906486283 -79.5775287304414,35.073039647431 -79.5775967297279,35.0731236463529 -79.5776657293039,35.0731696453997 -79.5778157254498,35.0736536419516 -79.5779307243373,35.073783640173 -79.5780677232711,35.073904638176 -79.5781607204731,35.0742586358473 -79.5780837185527,35.0745206357875 -79.5781117175165,35.0746526349955 -79.5783367142497,35.075050631006 -79.5783377135316,35.0751446306583 -79.5782587127575,35.0752566311578 -79.5782637117071,35.0753936306105 -79.5784547092182,35.0756946273579 -79.5785467079208,35.0758526257452 -79.5786157067156,35.076001624427 -79.5786807059568,35.0760926233617 -79.5788097050353,35.0761966215217 -79.5789357042771,35.0762796197911 -79.5792657026844,35.0764456154432 -79.5794137014034,35.0765946132279 -79.5794947004709,35.0767066119073 -79.5795976988172,35.0769106100089 -79.5799966966606,35.0771426046457 -79.5802006965437,35.0771316023651 -79.5803246959207,35.0771976007206 -79.5803836943822,35.0773925993573 -79.5803956930265,35.0775695985923 -79.5804196924337,35.0776445980532 -79.58040869167,35.077746597816 -79.5803306908877,35.0778595983009 -79.5801166891731,35.0781125998329 -79.580018688067,35.0782706003841 -79.5799366875,35.078355601013 -79.5798356865327,35.0784956016617 -79.5797676860277,35.0785706021668 -79.5796936835509,35.0789056018141 -79.5796916834692,35.0789166017977 -79.5797486824264,35.0790466006881 -79.5798176820036,35.0790935997379 -79.5799986816267,35.0791205975883 -79.5800786811329,35.0791755964851 -79.5802006794678,35.0793795943761 -79.5802736786166,35.0794825931821 -79.5803086774521,35.0796315922559 -79.5802526769351,35.0797065926243 -79.580139676684,35.0797535937385 -79.5800146766492,35.0797735950845 -79.5799816761557,35.0798425952132 -79.5800156755843,35.0799135945753 -79.58012967506,35.0799685930876 -79.5804026745318,35.0800045898654 -79.5805286732833,35.0801535879084 -79.5807676715817,35.0803485845084 -79.5808026709879,35.0804225838494 -79.5808366703951,35.0804965832019 -79.5808036692195,35.0806555830119 -79.5807716685359,35.0807495830409 -79.5808156679341,35.0808235822802 -79.5809646671679,35.0809065802989 -79.5812256660191,35.0810265769187 -79.5813176652985,35.0811105755799 -79.5813416635794,35.0813345745154 -79.5814566628234,35.0814205729097 -79.581509662283,35.0814855720801 -79.5815196616681,35.0815655716839 -79.5815096603897,35.0817355711958 -79.5814766596318,35.0818395712012 -79.5814536592738,35.0818895712845 -79.58136865832,35.0820255717645 -79.5814836574518,35.0821265701068 -79.581633655417,35.0823775675233 -79.5817146545802,35.0824785662508 -79.5819066539099,35.0825445638476 -79.5821446530707,35.0826275608649 -79.5821686522781,35.0827295602338 -79.5822326513821,35.082840559119 -79.5822086503448,35.0829805588962 -79.5822396496067,35.0830745582145 -79.5823766475135,35.0833355557468 -79.5823856473393,35.0833575555676 -79.5824806453142,35.0836145535891 -79.5825466442443,35.0837485523719 -79.5826646432581,35.0838655506281 -79.5827776424505,35.0839595490219 -79.5827896421833,35.0839935487668 -79.5828366411687,35.0841225477824 -79.5827836407085,35.0841895481445 -79.5827626397372,35.0843205479201 -79.5828046387876,35.0844415470204 -79.5827706377443,35.0845835469039 -79.5827116369941,35.0846895471959 -79.5826776364868,35.0847605473291 -79.5826616354807,35.0848955470339 -79.5826366342706,35.0850585467416 -79.5826376334766,35.0851635463604 -79.5826556323208,35.0853145456257 -79.5826396314278,35.0854345453832 -79.5825966308217,35.0855195455682 -79.5825806298681,35.0856475452974 -79.5825046286999,35.0858105455788 -79.5823926279315,35.085924546438 -79.5823506267267,35.0860885463325 -79.5824716260976,35.0861585447238 -79.5825496257687,35.0861935437226 -79.5826196251822,35.0862635426881 -79.5826376240418,35.0864125419607 -79.5826386237842,35.0864465418296 -79.5826386231799,35.0865265415478 -79.5826046224598,35.0866255415816 -79.5825106217811,35.0867255422866 -79.5825196211315,35.0868105418858 -79.5826926202504,35.086908539595 -79.5827186194286,35.0870145389293 -79.5827026186864,35.087114538757 -79.5827636181612,35.0871775378494 -79.5829196178765,35.0871985360217 -79.5829716171401,35.0872905351134 -79.5829376163145,35.087403535098 -79.5828866157063,35.0874895353685 -79.5828786148067,35.0876095350361 -79.5828886136738,35.0877585343993 -79.5829376129629,35.0878475335357 -79.5829586126593,35.087885533166 -79.5829496120249,35.0879705329681 -79.5828996113097,35.0880705331777 -79.5826426097384,35.0883055352363 -79.5825916091365,35.0883905355094 -79.5826266081949,35.0885115346902 -79.5825746073291,35.0886315348511 -79.5823786061902,35.088802536448 -79.5823456055659,35.088888536515 -79.5823456051199,35.088947536307 -79.582324604403,35.0890445362005 -79.5823326020232,35.0893585350034 -79.5823076014453,35.0894375350052 -79.5823286003633,35.0895785342724 -79.5824005993784,35.0897015330316 -79.5824665988292,35.0897675320591 -79.5824775975966,35.0899295313648 -79.5824275970754,35.0900035316642 -79.5823375964786,35.0900915323625 -79.5821855953235,35.0902595334728 -79.5820955948847,35.0903265342446 -79.5820175943686,35.09040253485 -79.5818905937832,35.0904925359546 -79.5818205927384,35.0906375362262 -79.5817305923592,35.0906965370256 -79.5816355921804,35.0907295379726 -79.5814675915939,35.0908235395211 -79.5814255908223,35.0909295396163 -79.5814105900229,35.0910365394056 -79.5813815893475,35.0911285394046 -79.5811375879818,35.0913325414128 -79.5810525867253,35.0915065417474 -79.5809635852816,35.0917055420378 -79.5808695841898,35.0918585425466 -79.5808015837235,35.0919265430659 -79.5806615826869,35.0920765440991 -79.5806165819986,35.092171544265 -79.5805725814308,35.0922505444765 -79.5805025804413,35.0923875447725 -79.5804685796155,35.0924995447548 -79.5803885790122,35.0925865453398 -79.580353578407,35.092669545436 -79.5802745773621,35.0928145458034 -79.5802145768959,35.0928815462355 -79.5801595762436,35.0929725465264 -79.5800705752657,35.0931095470332 -79.5800615738283,35.0932995464581 -79.5800185732278,35.093382546643 -79.5800185729542,35.093418546515 -79.5800155726296,35.0934615463956 -79.5799125718503,35.0935735471468 -79.5798125713195,35.0936525479817 -79.5797575709168,35.0937105483889 -79.5797135698371,35.0938565483601 -79.5795975691189,35.0939615492803 -79.5794825690462,35.0939815504919 -79.5793015692017,35.0939775525252 -79.5792735692743,35.0939705528625 -79.5792115693857,35.0939615535862 -79.5790655694789,35.0939625552113 -79.5788745694433,35.0939845572634 -79.5787755686811,35.0940935579784 -79.5787385675253,35.0942485578373 -79.5786585669779,35.0943275584471 -79.5785105661185,35.0944535596469 -79.5784715653902,35.0945525597277 -79.5784425642049,35.0947105594859 -79.5784395632918,35.0948305590901 -79.5783335622192,35.0949805597347 -79.5782765615404,35.0950745600334 -79.5781365603676,35.0952405609988 -79.5780405593479,35.0953825615596 -79.5779895583513,35.095517561644 -79.5779305574513,35.0956405618603 -79.5778745566484,35.0957505620895 -79.5778645565022,35.0957705621292 -79.5778115561706,35.0958185625471 -79.5777085555281,35.0959115633602 -79.5776435551582,35.0959655638899 -79.5776335551037,35.0959735639725 -79.5775975544702,35.0960595640647 -79.5775245530124,35.0962565641702 -79.5775025523236,35.0963485640848 -79.5774885516296,35.0964405639104 -79.5774735510278,35.0965205637902 -79.5774155495136,35.0967235637066 -79.5773495485698,35.0968525639774 -79.5772385469432,35.097074564414 -79.5771875461344,35.0971845645858 -79.5771285448486,35.0973575646199 -79.5770255437355,35.0975115652108 -79.5768775428873,35.0976345664126 -79.5768555420974,35.0977395662794 -79.5768265411817,35.0978615661626 -79.5767695401455,35.0980015662919 -79.5767705393717,35.0981025659175 -79.576725537899,35.0982985657117 -79.5767115369199,35.0984275654029 -79.5766375359315,35.0985625657382 -79.5765035353011,35.0986555668902 -79.5764075345552,35.0987605675771 -79.5763855339556,35.0988405675329 -79.5764085329609,35.0989685668166 -79.5763805319894,35.0990975666624 -79.57635853129,35.0991905665713 -79.5763145303279,35.0993195665943 -79.576277529645,35.0994115666729 -79.5762595294564,35.0994375667788 -79.5761895287087,35.0995405671834 -79.5760925276776,35.0996825677463 -79.576033527007,35.0997745680683 -79.575938525836,35.0999345685436 -79.575886524877,35.1000635686541 -79.5758355237715,35.1002115686848 -79.5757765225783,35.1003715687605 -79.5757105220487,35.1004455692241 -79.5756165216579,35.1005035700553 -79.5754425214897,35.1005385718552 -79.5753165204718,35.1006805727366 -79.5753025192971,35.1008345723346 -79.5752965182175,35.100975571891 -79.5751175177508,35.1010495736039 -79.5749985176724,35.1010685748518 -79.5748795171711,35.1011425759004 -79.5748125166862,35.1012105763952 -79.5747765157607,35.1013335763478 -79.5748405145252,35.1014895750748 -79.5749725136287,35.1015965732276 -79.5752405129719,35.1016625700255 -79.5753955117873,35.1018055677947 -79.5752995109343,35.1019235684292 -79.5750925107107,35.101967570558 -79.5749295109622,35.1019465724356 -79.5747955102289,35.1020515735362 -79.5748485094923,35.1021435726173 -79.5751035086068,35.1022405694483 -79.5752705079623,35.1023125673428 -79.5753165071153,35.1024195664476 -79.5752595058021,35.1025945664442 -79.5751285050585,35.1027005675074 -79.5749955041773,35.1028245685272 -79.5748695029226,35.1029965692954 -79.5748385019858,35.1031205691885 -79.5747375006707,35.1032985696582 -79.5747165000665,35.1033785696 -79.5746864992824,35.1034825695541 -79.5746654981089,35.1036365692276 -79.5746814971621,35.1037585686089 -79.5746294962893,35.1038755687583 -79.5746634954409,35.1039835679918 -79.5747434944381,35.1041085666567 -79.5746844933302,35.1042565667708 -79.5747084922873,35.1043905660205 -79.5747314916141,35.1044765654554 -79.5747244909563,35.1045625652209 -79.574702490306,35.1046485651516 -79.5746434896205,35.1047415654645 -79.5745694887115,35.1048645658338 -79.5745254880258,35.1049565659848 -79.5744884874749,35.1050305661239 -79.5744444867427,35.105128566253 -79.5744304860878,35.1052145660952 -79.574423485237,35.1053255657695 -79.5744384846139,35.1054055653142 -79.5745314839525,35.1054855640003 -79.5746264835904,35.1055265628059 -79.5746574827214,35.1056375620624 -79.574575481769,35.105766562497 -79.574547481121,35.1058525624933 -79.5744834796284,35.1060505624793 -79.5744964790681,35.1061225620751 -79.5745494781425,35.1062395610679 -79.5747224766522,35.1064225585021 -79.5748384757821,35.1065285568426 -79.5748534744987,35.1066945560763 -79.5748364741453,35.106741556093 -79.5748894728519,35.1069065549128 -79.5749354722615,35.1069805541393 -79.5750054716063,35.1070615530769 -79.5750574713516,35.107091552397 -79.5751794707649,35.1071605508069 -79.5752594701902,35.1072305496748 -79.5753294695281,35.1073125486093 -79.5754204683114,35.1074655470567 -79.5754064672273,35.107607546697 -79.5754294663262,35.1077235460252 -79.5754154656721,35.1078095458679 -79.5754004649263,35.1079075456783 -79.5753884646015,35.1079505456546 -79.5753794639451,35.1080365454424 -79.5754544627829,35.1081835440879 -79.5754934615371,35.1083435430817 -79.5755174603979,35.1084905422872 -79.5755824594099,35.1086155411225 -79.5755894581787,35.1087755404677 -79.575643456766,35.1089565392217 -79.5757474557006,35.1090895376013 -79.5757614548429,35.1092005370471 -79.5756644540248,35.1093125377057 -79.5755164530974,35.1094415388613 -79.5754124521892,35.1095655395525 -79.5753684515012,35.1096575397019 -79.5752654506457,35.1097745404069 -79.5751984496826,35.109903540674 -79.5751804489448,35.1100005405202 -79.5753644478704,35.1101305380354 -79.5754834474069,35.1101845365374 -79.5755444469135,35.1102455356492 -79.5755794458553,35.1103815347747 -79.5754964452595,35.1104635353868 -79.5755014442441,35.110595534855 -79.5755024433147,35.1107165344067 -79.5755334422044,35.1108595335508 -79.5755704413453,35.1109695327486 -79.5755794411499,35.1109945325599 -79.5756294403625,35.1110945316518 -79.5756474397568,35.1111725311732 -79.5756364390703,35.1112625309684 -79.5755774385101,35.1113385313388 -79.5753884379157,35.1114255330905 -79.5753034376569,35.1114635338822 -79.5752104373704,35.1115055347468 -79.5750164372457,35.1115315367732 -79.5749344369469,35.1115745375137 -79.5749334361632,35.1116765371553 -79.574907435489,35.1117655371171 -79.5748544347635,35.1118625373448 -79.574796434032,35.1119605376234 -79.5747804334229,35.1120405375083 -79.5747594327848,35.1121245374334 -79.5747874320976,35.1122125368087 -79.5747994311088,35.1123405362139 -79.5747024302913,35.1124515368708 -79.5746384298381,35.1125135373448 -79.5745964293767,35.1125755375785 -79.5746074285187,35.112686537056 -79.5746624272447,35.1128495358648 -79.5746794266232,35.1129295353893 -79.5747284258594,35.1130265345031 -79.5746384250381,35.1131375350826 -79.5746164240998,35.1132605348768 -79.5745964233222,35.1133625347251 -79.5745434225178,35.1134695349151 -79.5745654215253,35.113597534211 -79.5745404204107,35.1137435339541 -79.5746104195401,35.1138535327922 -79.5746704190809,35.1139105319316 -79.574633418209,35.114025531918 -79.5745904175083,35.1141185320494 -79.5745434165011,35.1142515320792 -79.5744804150605,35.1144415320765 -79.574464414481,35.1145175319751 -79.5744924133559,35.1146625311442 -79.5745424123852,35.11478653015 -79.5745554117885,35.1148635297293 -79.5745424113619,35.1149195296677 -79.574559410887,35.1149805292614 -79.574608409817,35.1151175282313 -79.5746254089961,35.115223527662 -79.5746264077726,35.1153825270747 -79.5745624071776,35.115462527481 -79.5744934066533,35.1155335279741 -79.5743754060058,35.1156225289349 -79.5743974052831,35.1157155283581 -79.5744574049564,35.1157555275604 -79.5744624046547,35.1157945273646 -79.5744584039402,35.1158875270707 -79.5745664031988,35.1159795255628 -79.5746344023777,35.1160835244464 -79.574726401811,35.1161535231925 -79.5747914013527,35.1162105222794 -79.5748504008887,35.116268521428 -79.5749154001616,35.1163605203883 -79.574997399322,35.1164665191133 -79.5749873982028,35.1166125186934 -79.5749293975745,35.1166965190194 -79.5748063965192,35.1168385198411 -79.5746833957324,35.1169455207893 -79.5746513949573,35.1170475207671 -79.5746553942638,35.1171375203974 -79.5745803936778,35.1172165209253 -79.5745383926897,35.1173465209098 -79.5745753915328,35.1174955199679 -79.5745403904809,35.1176335198474 -79.5745193898713,35.1177135197851 -79.5745363891587,35.117805519267 -79.5745633884356,35.1178985186368 -79.5745803877539,35.1179865181333 -79.5746133865524,35.1181415172134 -79.5746573856558,35.1182565163194 -79.5746763847739,35.1183705157001 -79.5745993843791,35.1184245163392 -79.5744493839037,35.1184915177224 -79.5744023831697,35.11858851788 -79.5743923817715,35.118770517328 -79.5744793807638,35.1188985159209 -79.574512379878,35.1190125151499 -79.5744913790293,35.1191235149747 -79.5744173780554,35.1192525153084 -79.5743703769128,35.1194025152731 -79.5743653761289,35.1195045149571 -79.5743513757091,35.1195595149091 -79.5743393753195,35.119610514854 -79.574286374378,35.1197345149777 -79.5743463736474,35.1198275139907 -79.5744273729197,35.1199195127803 -79.5744553721279,35.1200215121072 -79.5744283715265,35.1201005121128 -79.5743753710619,35.1201625124613 -79.5743163705909,35.120225512871 -79.574239369639,35.1203515132466 -79.5741913690728,35.1204265134935 -79.5741653683627,35.120519513437 -79.5741443676129,35.1206175133082 -79.5741133668037,35.1207235132584 -79.5741193658473,35.1208475127432 -79.5741583649914,35.1209575119222 -79.5741313638038,35.1211125116511 -79.5740593631573,35.1211985121168 -79.573974362421,35.1212965126792 -79.5739303616062,35.1214035127657 -79.5738903606671,35.1215265127508 -79.5739013598095,35.1216375122285 -79.5739623589183,35.1217515111555 -79.5739513580192,35.1218685108491 -79.5739033573589,35.1219555110512 -79.5738183567291,35.1220395116634 -79.5737063560274,35.1221335125306 -79.5736363557333,35.1221735131407 -79.5735403552361,35.122240513933 -79.5734273546804,35.1223155148795 -79.5733693541443,35.1223865152469 -79.57331035367,35.1224495156541 -79.5733033530078,35.1225355154164 -79.5733313523234,35.1226235147938 -79.5733513518952,35.1226785143778 -79.5733793516738,35.1227065139737 -79.5734843511599,35.1227705126082 -79.5735423509174,35.1228005118735 -79.5736043506433,35.1228345110811 -79.57363235016,35.1228965105535 -79.5736943498321,35.1229375097358 -79.5737263493636,35.1229975091725 -79.5737893486581,35.1230875081659 -79.5738313484575,35.1231125076222 -79.5739413480056,35.1231685062327 -79.5739793471742,35.1232755054342 -79.5740103464752,35.1233655047731 -79.5740383457075,35.1234645041117 -79.5741013448413,35.1235755030296 -79.5742173442585,35.1236485015146 -79.5743013438202,35.1237035004099 -79.5744223431062,35.1237934987797 -79.5744803424343,35.123879497843 -79.5745513418604,35.1239524968135 -79.5746743413162,35.1240204952422 -79.5748273411747,35.1240354935401 -79.5750043417671,35.1239544919271 -79.5750873423906,35.1238714913335 -79.5751543435315,35.1237214911547 -79.5751533443922,35.1236094915707 -79.5751443450239,35.1235274919644 -79.5751643457348,35.1234344920854 -79.5752903461422,35.12337849093 -79.5754653460029,35.1233924889932 -79.5755763455835,35.1234444876091 -79.5756383449813,35.1235214866627 -79.5756603443864,35.1235984861475 -79.575666343664,35.1236924857433 -79.5756893424858,35.1238454849429 -79.5757623418362,35.1239284838569 -79.5758253413267,35.1239934829437 -79.5758783407653,35.124065482113 -79.5759473402244,35.1241344811209 -79.5759623396313,35.1242114806816 -79.5760623390241,35.1242884793271 -79.5762203381471,35.1243994772259 -79.5764363371003,35.1245314744252 -79.5766243362198,35.1246424720021 -79.5768353349384,35.1248054691451 -79.5770183345883,35.1248474670251 -79.5772273347926,35.1248164648877 -79.5773683345564,35.1248444632701 -79.5775703343872,35.1248624610322 -79.577845333634,35.1249554577402 -79.5783473320079,35.1251584516135 -79.5783493317711,35.1251894514811 -79.5782713311572,35.1252714520265 -79.5782043301905,35.1253994522889 -79.5782103300752,35.1254144521706 -79.5782883297128,35.1254604511674 -79.5785733287029,35.1255874476493 -79.5786033282717,35.1256434471266 -79.5786683276221,35.1257274461278 -79.5787613273346,35.1257634449996 -79.5788403269349,35.1258144439684 -79.5788773263736,35.1258874433101 -79.5789163254311,35.1260104424519 -79.5789153249284,35.126076442227 -79.5790083238952,35.1262104407496 -79.5790793233756,35.1262774397479 -79.5791863228818,35.1263404383739 -79.5792373223803,35.1264054375943 -79.5792403217328,35.126490437259 -79.5792013213343,35.1265434374887 -79.579170320554,35.1266464374542 -79.579199320124,35.1267024369431 -79.5792863198849,35.1267324359022 -79.5794033194975,35.1267814344715 -79.5794853195102,35.126778433602 -79.579594320189,35.1266874327561 -79.5797143203033,35.1266704315283 -79.5798973198624,35.126725429368 -79.5802103185703,35.1268904254215 -79.5803123185579,35.1268904243268 -79.5804963183382,35.1269164222596 -79.5806993178737,35.1269744198751 -79.5807833176057,35.1270084188531 -79.5808673176943,35.1269954179977 -79.5809163175064,35.1270194173868 -79.5809733169309,35.1270944165093 -79.58109931681,35.1271084151077 -79.5811463163345,35.1271704143838 -79.5812503159663,35.1272174131015 -79.5813873155944,35.1272644114654 -79.5814973146124,35.1273924098325 -79.5815863135725,35.1275284083969 -79.5816613131328,35.1275854073911 -79.5817913126266,35.1276504057673 -79.5819763122435,35.127698403614 -79.5821333119847,35.1277304018176 -79.5823383115093,35.127790399408 -79.5825133110601,35.1278473973308 -79.5828123106438,35.1278983939458 -79.5829943099531,35.1279873916817 -79.5832153096665,35.1280223891897 -79.5833263086974,35.1281493875537 -79.5833273076037,35.1282943870335 -79.5833283067816,35.1284033866398 -79.5832623059657,35.1285123869638 -79.5831013045922,35.1286963880414 -79.5830873044727,35.1287123881351 -79.5830883036501,35.128821387741 -79.5832433030934,35.1288933858282 -79.583618303076,35.12889138182 -79.5837503036146,35.1288183806627 -79.5840153035989,35.1288173778285 -79.5843713012578,35.1291243729418 -79.5844842981194,35.1295403702767 -79.5844852964796,35.1297583695032 -79.5844642955257,35.1298853692834 -79.5843552938855,35.1301043696825 -79.5842922912934,35.1304493691481 -79.5843822897909,35.1306483674897 -79.5843602887011,35.1307933672172 -79.5841402881559,35.1308673693082 -79.5841632870632,35.1310123685546 -79.584230286104,35.1311393673942 -79.584209285563,35.1312113673663 -79.5841432850166,35.1312843678153 -79.5841012832418,35.1315203674368 -79.5844102826874,35.1315923638866 -79.5845232803664,35.1319003616031 -79.58452627723,35.1323173601123 -79.5846372768209,35.1323713587398 -79.5846392742267,35.132716357512 -79.5846432701362,35.1332603555671 -79.5845782691743,35.1333883558117 -79.5845792678132,35.133569355168 -79.5846722669555,35.1336833537792 -79.5847132664517,35.1337503531085 -79.5850012657823,35.1338393497319 -79.5851122649635,35.1339483481699 -79.5851802629284,35.1342193465004 -79.5852242621102,35.134328345652 -79.5853372600691,35.1346003435012 -79.5853382587103,35.1347813428592 -79.5853392574792,35.1349453422766 -79.5853402563907,35.1350903417602 -79.5853412553022,35.1352353412438 -79.5854312543511,35.1353623398446 -79.5856082535453,35.1354703375878 -79.5857192532859,35.1355053362868 -79.585830253019,35.1355413349823 -79.5860072519447,35.1356853326012 -79.5862962501934,35.1359203287152 -79.5864062499277,35.1359563274222 -79.5865622493943,35.136028325516 -79.5869592491547,35.1360623211836 -79.5873812496562,35.135997316929 -79.587488249705,35.1359913158138 -79.5875762497455,35.1359863148968 -79.5876432486802,35.136129313691 -79.5876892477188,35.1362583127567 -79.587756247184,35.1363303117967 -79.5878232461045,35.1364753105846 -79.5878252446118,35.1366753098721 -79.5880462432796,35.1368553069063 -79.588048241922,35.1370373062566 -79.587916240967,35.1371643072174 -79.5877692383758,35.1375103075797 -79.5883392378897,35.1375803012981 -79.5884062368206,35.1377243000916 -79.5883682362068,35.1378063002113 -79.5882232355183,35.1378973014332 -79.588116235041,35.137960302349 -79.5881292340499,35.1380933017523 -79.5884042338389,35.1381242987333 -79.5885472336109,35.1381562971087 -79.5886302331924,35.1382132960335 -79.5887462320838,35.1383632942887 -79.5889572303209,35.1386022912325 -79.5890162292613,35.1387452901161 -79.5890772275696,35.1389732886864 -79.5893212270555,35.1390452858579 -79.589476226534,35.1391172839711 -79.5895862264176,35.1391342827493 -79.589579225629,35.1392402824594 -79.589942224036,35.1394592778699 -79.5901452238106,35.1394922756107 -79.5901632237975,35.1394942754135 -79.5902732238082,35.1394942742507 -79.5903842231512,35.1395842727692 -79.5903912223134,35.1396972723084 -79.5904522215406,35.1398022713044 -79.5907852205147,35.1399452672966 -79.5910062196043,35.1400712645313 -79.5912952187838,35.1401862610859 -79.5914602181283,35.1402772590329 -79.5915802175792,35.1403532575065 -79.5917252173292,35.1403892558526 -79.5918172173395,35.1403892548812 -79.5918392180445,35.1402942549723 -79.5919652184133,35.1402462538049 -79.5920232179318,35.1403122529678 -79.592104217527,35.1403682519219 -79.5921732169732,35.1404442509348 -79.5922902156716,35.1406222490944 -79.5923712150533,35.1407072479505 -79.5925542150823,35.1407062460222 -79.5926462150931,35.140706245051 -79.5927272146895,35.140762244006 -79.59284221429,35.1408182426022 -79.5930492144623,35.1407982404852 -79.5931982140674,35.1408542387229 -79.5932912127595,35.1410332371353 -79.5932922118605,35.1411552367117 -79.5933172107436,35.1413072359333 -79.5933182098447,35.1414292355097 -79.5933192088721,35.1415612350522 -79.5934452082627,35.1416462334359 -79.5936412080239,35.1416822312476 -79.593973208775,35.1415862280715 -79.5939382093885,35.1415022287242 -79.5939382100875,35.1414072290451 -79.5940522105216,35.1413502280352 -79.5943162105631,35.141349225254 -79.5944082097444,35.1414622239027 -79.5945822088782,35.1415832216599 -79.5946752077814,35.1417342201707 -79.5946752070175,35.1418382198204 -79.5947002055667,35.14203621889 -79.5947692050256,35.1421112179103 -79.5950232043058,35.1422142148872 -79.5952182040698,35.1422502127116 -79.5954262036893,35.142306210332 -79.5956332030378,35.1423992078391 -79.5957832022321,35.14251220588 -79.5956032014503,35.1426152074302 -79.5955552010838,35.1426642077712 -79.5956122003303,35.1427682068219 -79.5956131996415,35.1428622064959 -79.5958671990656,35.1429462035401 -79.5961551978079,35.1431241999121 -79.5963621971605,35.1432171974222 -79.5964771972523,35.1432071962454 -79.5966831977753,35.1431401943015 -79.596833196842,35.1432711922852 -79.5970401966053,35.1433081899835 -79.5972131965021,35.143326188103 -79.597304196517,35.1433261871455 -79.5975911969213,35.1432771842888 -79.5977741978552,35.1431531827759 -79.5980611975661,35.1431991796024 -79.598167197248,35.143245178334 -79.598356196565,35.1433431760196 -79.598381196125,35.143404175554 -79.5984271953171,35.1435161746982 -79.5985101940353,35.1436941732342 -79.5986171933912,35.143785171807 -79.5987881925985,35.143898169634 -79.5989791919118,35.1439971672977 -79.5991451903418,35.144217164824 -79.5995151890864,35.1443991603333 -79.5997191890727,35.1444061581664 -79.5998801886667,35.1444661562765 -79.6002751871588,35.1446841514074 -79.6004851875458,35.1446361493595 -79.6006331873126,35.1446721476862 -79.60083918662,35.1447731451899 -79.6009641865639,35.1447841438408 -79.6010071851538,35.1449801427449 -79.6010081843219,35.1450951423564 -79.6012201831191,35.1452671395656 -79.6013751821519,35.1454051374855 -79.6013761815665,35.1454861372091 -79.6014041810733,35.1455551366888 -79.601546180271,35.1456701348215 -79.6016161798734,35.1457271339002 -79.6017011790601,35.1458421326314 -79.6017021783957,35.1459341323193 -79.6018011771669,35.146107130714 -79.601915176534,35.1461981292205 -79.6020281759734,35.1462791277705 -79.6021481754146,35.1463601262473 -79.6022681747047,35.1464621246556 -79.6025631741994,35.1465411213053 -79.6028151746797,35.1464821188567 -79.6030961747481,35.1464811159145 -79.6032781751261,35.14643411416 -79.6033911749923,35.1464561129038 -79.6034891748482,35.1464791118017 -79.6036011747935,35.146490110592 -79.6036861741506,35.1465821094018 -79.603841173696,35.1466501075563 -79.6039961737374,35.1466491059352 -79.6041361736032,35.1466721043934 -79.6043471734919,35.1466941021108 -79.6044871738602,35.1466471007962 -79.6046221743132,35.1465880995726 -79.6047811747641,35.1465300980941 -79.604850175195,35.1464720975586 -79.6049201758769,35.146379097126 -79.6051721765976,35.1462860947849 -79.6054241772388,35.1462040924078 -79.6057981773185,35.1462040884863 -79.6058911770022,35.1462510873596 -79.6059551765798,35.146312086492 -79.6059211759932,35.1463930865873 -79.6058071752819,35.1464890874727 -79.6057801747038,35.1465690874976 -79.6058431742741,35.1466310866373 -79.6057741737654,35.1467000871379 -79.6057391734714,35.1467400873756 -79.605706172348,35.146896087218 -79.6056161718483,35.1469630879446 -79.6055611713921,35.1470250883206 -79.6055061712149,35.1470480888224 -79.6054921710471,35.1470710888948 -79.6054381707842,35.1471060893473 -79.60538917073,35.1471120898412 -79.6053471704769,35.1471460901712 -79.6053001698073,35.1472380903661 -79.6051981692895,35.1473070912111 -79.6051071687811,35.1473750919441 -79.60508616816,35.1474610918858 -79.6050871678378,35.1475060917297 -79.6050531672135,35.1475920918074 -79.6050811668117,35.14764909133 -79.605075166366,35.1477110911922 -79.6050891657174,35.1478020907513 -79.6051591652041,35.1478760897795 -79.6052841649121,35.147921088326 -79.6053541643992,35.1479950873545 -79.6053961638438,35.1480740866598 -79.6055351635988,35.1481130850798 -79.6056941634805,35.1481350833455 -79.6058121633451,35.148158082037 -79.6058891630853,35.1481970811058 -79.6058891628421,35.1482310809961 -79.605889162599,35.1482650808865 -79.6058971622291,35.1483170806352 -79.605876161902,35.1483620807097 -79.6058211616379,35.148397081172 -79.6057381613738,35.1484310819302 -79.6056621611472,35.1484600826313 -79.6055931608793,35.1484950832398 -79.6055661602999,35.1485750832639 -79.6055661600995,35.1486030831735 -79.6055661597703,35.148649083025 -79.605650159756,35.1486540821307 -79.6057601597913,35.148653080984 -79.6058651595749,35.1486870797767 -79.6059551592762,35.1487320786908 -79.6060521591439,35.148754077606 -79.6061911586437,35.1488290759115 -79.606192158008,35.1489180756144 -79.6062491573869,35.1490070747322 -79.6064191577099,35.1489680730813 -79.6065631585115,35.1488610719206 -79.6066301592855,35.1487550715612 -79.6066321598,35.1486830717717 -79.6066541602625,35.1486190717475 -79.6067481600509,35.1486520706587 -79.6067481594729,35.1487330703984 -79.6067331589837,35.1488010703367 -79.6067751583595,35.1488900696117 -79.6068031586379,35.1488520694412 -79.6068261588293,35.1488260692843 -79.6068771594204,35.1487450690115 -79.6070211599139,35.1486810677117 -79.6070781601139,35.1486550671993 -79.6071391604931,35.1486040667252 -79.6072221608493,35.1485570660082 -79.6072731607767,35.1485690654366 -79.6073661604369,35.1486200643008 -79.6074241598817,35.148700063438 -79.607414159245,35.1487890632573 -79.6073841587243,35.1488610633401 -79.6073531582316,35.1489290634461 -79.6074571578099,35.1489920621574 -79.6075961577893,35.1490000606793 -79.6076641574795,35.1490460598214 -79.6078091572755,35.1490800581976 -79.6078761571152,35.1491050574175 -79.6079541566875,35.1491680564011 -79.6080061565803,35.1491850558035 -79.6080771568267,35.149153055164 -79.6081661564804,35.149205054068 -79.6082481564453,35.1492130531858 -79.6083101567959,35.1491660526882 -79.6082991570916,35.1491240529373 -79.6082571574716,35.1490690535518 -79.6082821581109,35.1489800535748 -79.6082561585236,35.148921054035 -79.6082451592176,35.1488230544629 -79.6083221596925,35.1487590538625 -79.6083991605297,35.1486440534248 -79.6084801611829,35.1485550528621 -79.6086101612869,35.1485450515348 -79.6087531619553,35.1484560503234 -79.6088111616717,35.1484980495831 -79.6087701608162,35.1486170496324 -79.6088221602615,35.1486970488338 -79.6088231595091,35.1488030484856 -79.6089831594652,35.1488150467751 -79.6090501598444,35.1487640462371 -79.6091121592928,35.1488440453345 -79.6091951591085,35.1488730443747 -79.6092321584868,35.1489620437048 -79.6094071584757,35.1489700418507 -79.6094301577869,35.1490680412988 -79.6094101570726,35.1491680411898 -79.6093921566282,35.1492300411807 -79.6094061561994,35.1492910408405 -79.6094111556123,35.1493740405244 -79.6094471551114,35.1494460399195 -79.60945215473,35.1495000396957 -79.6094351542858,35.1495620396761 -79.6094791538157,35.1496300390005 -79.6095581534261,35.1496880379914 -79.6096191527837,35.149781037059 -79.6097211516569,35.1499440354766 -79.6098051510994,35.1500260343396 -79.6098641501456,35.1501630332891 -79.609916148319,35.1504230319215 -79.6099761478051,35.1504980310578 -79.6100851470578,35.1506080295721 -79.6100781458878,35.1507730291219 -79.6100791453571,35.1508480288737 -79.6100881444325,35.1509790283645 -79.6101801442191,35.1510130272978 -79.6101471434308,35.1511230272931 -79.6101391431382,35.1511640272464 -79.6102901423626,35.1512800253053 -79.6102831419219,35.1513420251818 -79.610442141588,35.1513960233542 -79.6104431407184,35.1515190229543 -79.6105351399686,35.1516290216477 -79.6104621382489,35.1518690216483 -79.6105221372493,35.1520130205678 -79.6105731363886,35.1521370196444 -79.6106321356438,35.1522450186886 -79.6107081348198,35.1523650175181 -79.6107491341615,35.152460016791 -79.6106641335969,35.1525360174351 -79.6106031332521,35.1525820179242 -79.6104981325392,35.1526780187127 -79.6105191318743,35.1527730181935 -79.6105701315374,35.1528230175049 -79.6105801309256,35.1529100171255 -79.6106171304076,35.1529850165035 -79.6107431299828,35.1530510149846 -79.610886129359,35.1531460131975 -79.6108871287165,35.1532370128995 -79.6109131282236,35.1533080124049 -79.6108071279477,35.1533420133992 -79.6107571271111,35.1534580135521 -79.6108531266137,35.1535330123173 -79.6107981259803,35.1536200126139 -79.6107331252796,35.1537160129856 -79.6107551243472,35.1538490123365 -79.6108461240324,35.1538980112363 -79.6108421234093,35.1539860109998 -79.610812122459,35.1541190108909 -79.6108581221219,35.1541690102552 -79.610813121668,35.1542310105264 -79.6106571209274,35.1543280118392 -79.610435120962,35.1543120141945 -79.6103331209825,35.1543040152787 -79.6102421209433,35.1543050162203 -79.6101761209766,35.1542970169308 -79.610152120409,35.1543760169295 -79.6102231197619,35.1544710158915 -79.6103041196139,35.1544960149716 -79.6103461183696,35.1546740139719 -79.6104281177555,35.1547650128329 -79.6104281169846,35.1548740124877 -79.6105811165806,35.1549390106948 -79.6106621162567,35.1549890096964 -79.6107441152902,35.1551300083999 -79.6107451147039,35.1552130081271 -79.6107351142903,35.1552710080474 -79.6105531143361,35.1552550099852 -79.6104211146339,35.1552060115091 -79.6102901145218,35.155215012839 -79.6102461139041,35.155300013026 -79.6102101134874,35.1553570132186 -79.6103621130771,35.1554230114337 -79.6104241130931,35.1554240107878 -79.6104941131333,35.1554220100684 -79.6106161127122,35.1554880085948 -79.6107471124714,35.1555290071071 -79.6108491123966,35.1555450059993 -79.6109601123252,35.1555610047981 -79.6111121118033,35.1556430029637 -79.6112461112043,35.1557350012846 -79.6113001109636,35.1557720006082 -79.6113461107834,35.1558000000432 -79.6114271101721,35.1558909989169 -79.6115291099782,35.155923997756 -79.6117321095973,35.1559889954481 -79.6117631088408,35.1560979947837 -79.6118651080695,35.1562129933651 -79.6120181076002,35.1562879915446 -79.6121801072053,35.1563529896625 -79.6121811066212,35.1564359893912 -79.6122821062522,35.1564939881632 -79.6124141060716,35.1565269866929 -79.6124151053752,35.1566259863716 -79.6124281052466,35.1566449861774 -79.6124661049871,35.1566839856616 -79.6125671045626,35.1567499844089 -79.6126481043625,35.156782983467 -79.6126991041506,35.1568159828357 -79.6129351031688,35.1569689799137 -79.6130141028209,35.1570229789271 -79.6130661020898,35.1571299780539 -79.6131631014263,35.1572299767373 -79.6132041008598,35.1573129760534 -79.6133070999745,35.1574449745749 -79.613382099654,35.157494973643 -79.6134640993716,35.1575399726543 -79.6135660989782,35.1576019714058 -79.6136070982722,35.15770497066 -79.6135830972938,35.1578429704767 -79.6134800967317,35.1579169713099 -79.6134820960235,35.1580179709734 -79.6134830952657,35.1581259706254 -79.6135340948239,35.1581919698921 -79.61356609396,35.1583169691707 -79.6136380934081,35.1583999681675 -79.6137190929233,35.1584739670997 -79.6138280924366,35.1585499657366 -79.6138730919649,35.1586199650534 -79.6139020916687,35.1586639646166 -79.613873090955,35.1587639646038 -79.6138870908839,35.1587749644249 -79.6139540905832,35.1588219635865 -79.6139340898733,35.1589219634809 -79.6140070885659,35.1591129621314 -79.6139570875484,35.1592549622041 -79.6139580869669,35.1593379619348 -79.6140100861205,35.1594619610114 -79.6141110859339,35.1594949598666 -79.6142810855679,35.1595579579167 -79.614406084965,35.1596519563346 -79.6144260843366,35.1597429558449 -79.6142750836805,35.1598269571401 -79.6142460827917,35.1599519570495 -79.6142980810707,35.1602009557374 -79.6143300800415,35.1603499549433 -79.6143810794205,35.1604419541312 -79.6143500782224,35.1606109539239 -79.614333077535,35.1607079537968 -79.6143340763096,35.1608829532411 -79.6142900755884,35.1609829533826 -79.6142790753871,35.1610109534085 -79.6141980748165,35.1610869540055 -79.6141780741624,35.1611789539245 -79.614179073462,35.1612789536024 -79.6142300730168,35.1613459528686 -79.6142310723796,35.1614369525746 -79.6141820711228,35.1616129525301 -79.6141830701843,35.1617469521019 -79.6142340696834,35.1618219513435 -79.6142900693952,35.1618669506273 -79.6143160692607,35.1618879502945 -79.6143370683882,35.1620139496859 -79.6142910675461,35.1621309497942 -79.6141860668501,35.1622229505869 -79.6141360662368,35.1623069508389 -79.6140350656543,35.1623829516399 -79.6139750645099,35.1625419517604 -79.6140370630755,35.1627509504712 -79.6140900615249,35.1629759492249 -79.6142450599073,35.1632179468786 -79.6142760591664,35.1633259462237 -79.6142910585085,35.1634209457736 -79.6142970582383,35.1634599455905 -79.6142980574262,35.1635759452187 -79.6143030567912,35.1636669448838 -79.6143020567137,35.1636779448597 -79.6143000566285,35.1636899448429 -79.6142960564724,35.1637119448154 -79.6142860561099,35.163762944759 -79.6142800558896,35.163793944724 -79.614274055298,35.1638779445237 -79.6142870545621,35.1639839440599 -79.6143220534875,35.1641399432148 -79.614343052889,35.1642269427283 -79.614401052065,35.1643489417535 -79.6144180517868,35.1643899414515 -79.6144250516715,35.1644069413268 -79.6144610510882,35.1644929406898 -79.6145540501503,35.1646339392975 -79.614683049666,35.1647129377296 -79.6147950495788,35.1647339365165 -79.6148530489942,35.1648219356485 -79.6147700482849,35.1649169362035 -79.6146710481828,35.164923937196 -79.614467047786,35.1649649391583 -79.614375046903,35.1650839397301 -79.6143960458497,35.1652359390414 -79.6144780455301,35.1652879380397 -79.6146320449628,35.1653809361732 -79.6147490442848,35.1654869346454 -79.6149100439602,35.1655459328137 -79.6149630435066,35.1656149320566 -79.6149850428193,35.1657149315207 -79.6149620420652,35.1658209314266 -79.6149630414083,35.1659149311242 -79.6150040407737,35.1660089304126 -79.6149580403284,35.1660689306967 -79.6148250398345,35.1661289318708 -79.6147670391584,35.166220932178 -79.614741038451,35.1663199321359 -79.6147320376831,35.1664289318889 -79.6147990371121,35.1665159309331 -79.6148530360443,35.1666729298928 -79.614884035817,35.166707929467 -79.6149120355811,35.1667439290689 -79.614964035184,35.1668049283478 -79.6150480338962,35.1669959268957 -79.6150530331369,35.167104926506 -79.6151300324261,35.1672129253838 -79.6152870318038,35.1673149234633 -79.6153370307776,35.167465922484 -79.6153420299699,35.1675819220729 -79.615449030207,35.1675569210579 -79.6156130302607,35.1675629193646 -79.6157490296419,35.167662917666 -79.6157810290324,35.1677529170605 -79.6158010283461,35.1678529165466 -79.6158350278427,35.1679279159673 -79.6158390272728,35.1680099156725 -79.6158410268133,35.1680759154477 -79.6159000264016,35.1681399146474 -79.6160080267098,35.1681049136537 -79.616185027512,35.1680049121568 -79.6161840265561,35.1681419117433 -79.6161310259598,35.1682229120336 -79.6160740254237,35.1682949123924 -79.6159660243686,35.1684369130547 -79.6161060238456,35.1685239113575 -79.616229023996,35.168512910137 -79.6163350241502,35.1684999090961 -79.6164680243692,35.1684799078013 -79.6166020244634,35.1684779064408 -79.6167020242865,35.1685119053158 -79.6169190248272,35.1684529032845 -79.6170340247777,35.1684699020591 -79.617172024756,35.1684849006053 -79.6172350252458,35.1684199001629 -79.617285025992,35.16831689997 -79.6173130269126,35.1681869000845 -79.6173700276556,35.1680848998167 -79.6174550281439,35.1680218991431 -79.6175720284215,35.1679918980413 -79.6177160284301,35.1680028965378 -79.617788027917,35.1680828955573 -79.6178140273351,35.1681688950278 -79.6178230265696,35.1682798945951 -79.6178480254873,35.1684378938547 -79.6179000247824,35.1685438929989 -79.6179790243369,35.1686148919752 -79.6181370240085,35.1686758901768 -79.618215023112,35.1688118889644 -79.6182290225932,35.1688878885886 -79.6182320219012,35.1689878882515 -79.6181880212708,35.1690748884331 -79.6180900208919,35.1691208892908 -79.6179830199172,35.1692518899792 -79.6179610194039,35.1693238899824 -79.6181300188553,35.1694178879721 -79.6182010185589,35.1694668870985 -79.6182010179484,35.1695548868287 -79.6181600174373,35.1696248870316 -79.6181510168489,35.1697088868656 -79.6182090165102,35.1697628861094 -79.6183150157992,35.1698748846866 -79.6183990154008,35.1699398836322 -79.6185070157177,35.1699038826429 -79.6185830161602,35.1698468820436 -79.6186850166672,35.1697828812009 -79.6187850170827,35.1697318803386 -79.6188820171567,35.169729879357 -79.6189880172779,35.1697218783019 -79.6190920174809,35.1697018773039 -79.6191900173478,35.1697298762204 -79.6192750171238,35.1697698752326 -79.6193400166522,35.1698438743449 -79.6194190160858,35.1699328732689 -79.6195070155736,35.170014872123 -79.6195990153684,35.1700528710705 -79.6197290155534,35.1700378697929 -79.6198540153553,35.1700778683986 -79.6199290151121,35.1701198675073 -79.6199410145463,35.1702028671325 -79.6199140136795,35.1703258670328 -79.6198880130482,35.1704148670264 -79.6198770123573,35.1705138668368 -79.6199070116993,35.1706118662332 -79.619984011465,35.1706528653252 -79.6200890113868,35.1706738641932 -79.6200430102042,35.170840864153 -79.6200440095487,35.1709358638537 -79.6200710089928,35.1710188633266 -79.6201260085103,35.1710938625393 -79.6201840081818,35.1711468617884 -79.6202480078572,35.1711998609767 -79.6203550075813,35.1712498597371 -79.6205070076589,35.1712528581831 -79.6206340071824,35.1713338566464 -79.6207180070576,35.1713598557138 -79.6208330069944,35.1713798544844 -79.620944006963,35.1713948533109 -79.6210200066886,35.1714418523961 -79.6211180065595,35.1714698513155 -79.6213010063412,35.1715188493076 -79.6214550058359,35.1716068474767 -79.6215320056384,35.1716428465855 -79.6216220054496,35.1716788455624 -79.6217150052285,35.1717198444937 -79.6218010048791,35.1717788434419 -79.621896004914,35.1717828424649 -79.6219900052162,35.1717478416157 -79.6220420057381,35.1716768413018 -79.6220890063804,35.1715878410928 -79.6221000070472,35.1714918412706 -79.6220480075699,35.1714108420434 -79.6219570080675,35.1713298432127 -79.6219370086938,35.1712368436967 -79.621930009521,35.1711158441331 -79.6219230101557,35.171022844485 -79.6218350109998,35.1708918457753 -79.6218470119288,35.170757846058 -79.6219330123273,35.1707078453342 -79.622033012398,35.1707068443201 -79.6221700126296,35.17068584299 -79.6222830134226,35.1705808421571 -79.6223120141003,35.1704848421514 -79.6223620147637,35.17039284192 -79.6224380151686,35.1703408413033 -79.6226240152037,35.1703528393745 -79.6227400150574,35.1703848380978 -79.6228710150853,35.1703928367408 -79.6229880155089,35.1703418357036 -79.6230400158707,35.1702938353187 -79.6230710160753,35.1702668350843 -79.6231230165603,35.1702008347534 -79.6232960173335,35.1701038332837 -79.6234100173981,35.1701048321203 -79.6235280173215,35.1701268308533 -79.6236320174963,35.1701108298427 -79.6238160183505,35.1700028282932 -79.6239970186687,35.1699728265403 -79.624093018633,35.1699868255211 -79.6241900183929,35.1700308244021 -79.6242810182039,35.1700668233681 -79.6243900182585,35.1700688222526 -79.6244850182292,35.1700818212467 -79.624563017964,35.1701278203155 -79.6246450176126,35.1701868193048 -79.6247520169019,35.1703008178757 -79.6248340163326,35.1703918167699 -79.6249160160911,35.1704348158074 -79.6250200162319,35.170423814782 -79.6251560166111,35.1703808135263 -79.6252580170504,35.1703258126521 -79.6253790175083,35.1702698115874 -79.6255250177092,35.1702538101491 -79.6256940176658,35.1702758083638 -79.6258250177279,35.1702788070218 -79.6259540180269,35.170246805804 -79.6260650181376,35.1702408046921 -79.626162017981,35.1702728036101 -79.6262470177626,35.1703128026265 -79.6263980177083,35.1703348010248 -79.6265540177388,35.1703447994077 -79.6266630174272,35.1704007981329 -79.6267510169057,35.1704857969862 -79.6268740173162,35.1704367958796 -79.6269580180888,35.1703307953381 -79.6270180187034,35.1702457949786 -79.6270990191478,35.1701877943255 -79.6271370195516,35.170131794104 -79.6271890201133,35.1700537938049 -79.627349020444,35.1700197922765 -79.6274460203352,35.1700447912153 -79.6275400202043,35.1700727901759 -79.6276050198249,35.1701347893316 -79.627601019111,35.170239789063 -79.6275690184946,35.1703277891294 -79.6275900175863,35.170463788515 -79.6276240166864,35.1705997877685 -79.627600015228,35.1708127873851 -79.6275600144299,35.170926787456 -79.6273920122071,35.1712387882442 -79.6273350116957,35.1713087886171 -79.6272470112657,35.1713637893492 -79.6271580108213,35.1714207900855 -79.6270900103294,35.1714867905816 -79.6270590098071,35.1715607906781 -79.6270370092838,35.1716357906801 -79.6269980086748,35.1717217908223 -79.627023007999,35.1718237902671 -79.6270200072574,35.1719327899756 -79.6270360065623,35.172036789506 -79.6270420059488,35.1721277891763 -79.6270500052553,35.1722307887909 -79.6270040047972,35.1722937890718 -79.6269670042433,35.172371789217 -79.6269390034577,35.1724847891673 -79.6269720029843,35.1725577886167 -79.6270750019542,35.1727197870932 -79.6271540011933,35.1728397859375 -79.6271960007197,35.1729137852931 -79.6272709994752,35.1731047839688 -79.6273129990223,35.1731757833335 -79.6273809986346,35.1732397824553 -79.6274129981684,35.1733117819186 -79.627428997149,35.1734637813082 -79.6274739963868,35.1735807805072 -79.6274669958262,35.1736627803365 -79.6275389948322,35.1738167791531 -79.6275459943356,35.1738907788641 -79.6275169936649,35.1739867788749 -79.6275679927584,35.1741257779488 -79.6275819918467,35.1742617774063 -79.6275979913971,35.174329777044 -79.6276759906185,35.174452775892 -79.6278409903145,35.1745147740392 -79.6279329901897,35.1745427730256 -79.6281819899793,35.1745997703377 -79.6284549893874,35.1747157672341 -79.6285599890832,35.1747717660073 -79.6288619876963,35.1750087622569 -79.6290029869257,35.1751377604529 -79.6292319866439,35.1752037579436 -79.6294029869079,35.1751827562756 -79.6297659874032,35.1751477527064 -79.6299979872659,35.1751927502288 -79.63015498688,35.1752667484253 -79.6302809866002,35.175321746991 -79.6303969864748,35.1753527457278 -79.630557986577,35.1753547440941 -79.6306959866222,35.1753627426754 -79.6308029865579,35.1753837415325 -79.6309329865841,35.175393740189 -79.631100986725,35.175390738499 -79.6315479872339,35.1753627340604 -79.6317719877366,35.175311731943 -79.6319049878454,35.1753097306039 -79.6322789883479,35.175274726923 -79.6323089883895,35.1752717266282 -79.6325539892674,35.1751667244533 -79.6331629910986,35.1749577188947 -79.6333879918326,35.1748717168655 -79.6335029921344,35.1748387157966 -79.6336149923072,35.1748247147036 -79.6338059927026,35.1747857128827 -79.6339399926575,35.1748067114667 -79.6342619923328,35.1748897079711 -79.6345829920016,35.1749737044834 -79.6349179908835,35.1751777005125 -79.6351379902766,35.1752926979598 -79.6356209901848,35.1753586928879 -79.6358609897004,35.1754576901799 -79.6361199885546,35.1756586869912 -79.6363029877926,35.1757936847588 -79.6365329873238,35.1758896821627 -79.6369719867568,35.176023677348 -79.6370909862817,35.1761086759057 -79.6371879852356,35.1762776744487 -79.6373299830537,35.1766236720384 -79.6374769799791,35.1771056691954 -79.6377029798577,35.1771496667913 -79.6378709793436,35.1772466648235 -79.637933979028,35.1773016640332 -79.6379749788214,35.1773376635184 -79.6380709782474,35.1774356622746 -79.638198977922,35.1774996608039 -79.6383489769743,35.1776606588391 -79.6384849762211,35.1777906571031 -79.6385989757019,35.1778826556959 -79.6387829747297,35.1780516533677 -79.6388559741406,35.1781496523575 -79.6388639734623,35.1782536519855 -79.6388489728059,35.1783516518621 -79.6388549713627,35.1785716511852 -79.6388439702223,35.1787436508141 -79.6389579697253,35.1788326494171 -79.6389929693579,35.1788926488967 -79.6390179682591,35.1790626481691 -79.639010967313,35.1792056478392 -79.6391469663479,35.1793686460147 -79.6392399656322,35.1794886447435 -79.6392559650598,35.1795776443336 -79.6392449646237,35.1796426442625 -79.639313964008,35.1797446432834 -79.6393869632905,35.1798626422196 -79.6394929628953,35.1799356409499 -79.6396939618605,35.1801176384214 -79.6397899613924,35.180200637225 -79.6399019601566,35.1804026355362 -79.640001959686,35.1804866342974 -79.6401059592583,35.1805646330353 -79.6401469588652,35.1806296324425 -79.6402979583514,35.1807266306559 -79.6404499583108,35.1807516290599 -79.640600958394,35.1807576275268 -79.6406959583009,35.1807836265005 -79.640853957205,35.1809706243948 -79.6409609563498,35.181114622921 -79.6410489556563,35.1812316217131 -79.6411289552509,35.1813036207106 -79.641347955058,35.181360618355 -79.6415969530936,35.1816926149379 -79.6417979521172,35.1818676124381 -79.6419649516228,35.1819646104955 -79.6421569512738,35.1820426083551 -79.6423399509699,35.1821126063274 -79.6425069506857,35.1821776044742 -79.642618950447,35.1822286032111 -79.6427129500046,35.1823086020487 -79.6428179490507,35.1824686005562 -79.6428679485328,35.1825545998187 -79.6430179478846,35.1826735979887 -79.643123946933,35.1828335964873 -79.6431489462776,35.1829375959513 -79.6432139455716,35.1830545949791 -79.643364945193,35.1831325932531 -79.6434449449231,35.1831845923095 -79.6435249443154,35.1832885912235 -79.6436509436109,35.1834135896197 -79.6437809431443,35.1835025880749 -79.6438499421645,35.1836625869464 -79.6439169416963,35.1837435860544 -79.6441159411736,35.183850583771 -79.6442889409341,35.1839105818766 -79.6444849409741,35.1839305798617 -79.6445999408728,35.1839615786269 -79.6447559404185,35.1840525768186 -79.6449659404002,35.1840835746342 -79.6450499398711,35.1841765735411 -79.6452459390906,35.1843235711816 -79.6454639381106,35.1845045685105 -79.6456789369548,35.1847125657972 -79.6459199352228,35.1850135625732 -79.6462289327796,35.1854345583473 -79.6465489315177,35.1856745545041 -79.6467489302729,35.1858955519115 -79.6469869286776,35.1861765487791 -79.6470999280331,35.1862925473395 -79.6472169272124,35.1864365457848 -79.6472729264011,35.1865705448655 -79.6473109257601,35.186675544204 -79.6475239245722,35.1868905415026 -79.6476789238724,35.1870215396061 -79.6478359233228,35.1871295377519 -79.6480509228981,35.18722653535 -79.6485069207409,35.187628529732 -79.6485739203608,35.1876975288804 -79.648671919811,35.1877975276373 -79.6486819190382,35.1879195272114 -79.648696918283,35.1880395267411 -79.6488239174921,35.1881815250978 -79.6489059167043,35.1883165239214 -79.6492499151018,35.1886175196969 -79.64937791466,35.1887055181897 -79.6495299144205,35.1887655165189 -79.649728914194,35.1888305143679 -79.6498239142077,35.1888425133918 -79.6499639145389,35.1888115120828 -79.6499749145622,35.1888095119788 -79.6500959143515,35.1888605106406 -79.650230913982,35.1889385090918 -79.6504259138425,35.1889895070187 -79.650687913729,35.1890465042642 -79.6509349136399,35.189097501675 -79.6512369137694,35.1891224986085 -79.6514759140933,35.1891074962736 -79.6516499143995,35.1890854946029 -79.6517769145654,35.1890784933596 -79.6519619141004,35.1891794912555 -79.6520969140391,35.1892094898354 -79.6522559136073,35.189301488014 -79.6524019136267,35.1893204865138 -79.6525819140659,35.1892784848363 -79.6527249142918,35.1892644834526 -79.6528439141206,35.1893094821526 -79.6529399139656,35.1893484810968 -79.6530989141689,35.1893404795385 -79.6532579143659,35.1893334779776 -79.6534329143313,35.1893654761558 -79.6535369142287,35.1893974750393 -79.6536329138719,35.1894684739004 -79.6538549141361,35.1894604717167 -79.6539889144356,35.1894334704563 -79.654147914279,35.1894824687496 -79.6543539146414,35.1894564667716 -79.6544619147327,35.1894584656939 -79.654563914446,35.1895194645223 -79.654646913851,35.1896264634201 -79.6549189132626,35.1897614603691 -79.6550649132778,35.1897814588679 -79.6551709134182,35.1897754578312 -79.6553009128199,35.1898904562428 -79.6553969126297,35.1899354551734 -79.6554689124164,35.1899804543424 -79.6554989118603,35.1900734538039 -79.6555659114851,35.190143452958 -79.6556219111748,35.1902014522523 -79.6556979106388,35.1902984512475 -79.6557509096216,35.1904684502823 -79.6558309089204,35.1905924491684 -79.6559909085119,35.1906824473495 -79.6560239073944,35.1908654465498 -79.6561009068171,35.1909694455182 -79.6561749063375,35.1910574445577 -79.6562369057646,35.1911584436828 -79.6562929054559,35.1912164429784 -79.6564479051955,35.1912824412726 -79.6565089051055,35.1913064406064 -79.656643905039,35.1913384391866 -79.6569219053217,35.1913374364352 -79.6571319054679,35.1913474343291 -79.6572809052405,35.1914074326991 -79.6574959047724,35.1915164302901 -79.6575759043642,35.1915944292979 -79.6575969041537,35.1916314289951 -79.6576169034668,35.1917444285077 -79.657551902801,35.1918404289053 -79.6575579015494,35.192041428331 -79.6575978989245,35.1924674268439 -79.6576778967977,35.1928204251487 -79.6578058957027,35.1930164233816 -79.6579298951234,35.1931294218668 -79.6582968938138,35.1933994175504 -79.6584508928802,35.1935744155825 -79.6586268919267,35.1937564133802 -79.6587628907581,35.1939664115023 -79.6588958877795,35.1944664089168 -79.6589278870838,35.1945834083034 -79.6589258860594,35.1947474079059 -79.6588588852158,35.1948714082511 -79.6589068834587,35.1951614070398 -79.6589608814842,35.1954874056781 -79.6590298790963,35.1958824039937 -79.6592688770051,35.1962594006824 -79.6594188754242,35.1965393984952 -79.6595818736971,35.1968453961153 -79.6597428722121,35.1971123938551 -79.6598278711299,35.1973013925407 -79.6598328700039,35.1974833920305 -79.6597638683359,35.19773939206 -79.6597368673732,35.1978893919452 -79.6597628663883,35.1980523912768 -79.6599078651321,35.1982803892756 -79.6599808640016,35.1984753880654 -79.6601168630602,35.1986513862854 -79.6603178615097,35.1989373835905 -79.6604428601981,35.1991713817735 -79.6605088590563,35.1993673806315 -79.6604618579107,35.1995433806479 -79.6605288557591,35.1999023790852 -79.660435853381,35.2002683790721 -79.6604698517195,35.2005423780474 -79.660548849583,35.2009013763682 -79.6606628476186,35.2012393744003 -79.6607358461532,35.2014893730561 -79.6607298451043,35.2016573726912 -79.6607038437402,35.2018723724032 -79.660775843056,35.2019963713871 -79.6609448422511,35.2021583693279 -79.6611468408792,35.2024183667007 -79.6612558399867,35.2025833652214 -79.6614308379974,35.2029383626212 -79.6614488368801,35.2031223619833 -79.6614898360009,35.2032723612066 -79.6616088350859,35.2034433596167 -79.661714834261,35.2035973581967 -79.6617478334165,35.2037403575163 -79.6617938323158,35.203927356599 -79.6618178315844,35.2040503560567 -79.6619158309183,35.2041773547836 -79.6619508301574,35.2043073541169 -79.6619858294399,35.2044303534678 -79.6620028286449,35.2045623529716 -79.6620748277815,35.2047163518849 -79.6621268270668,35.2048423510633 -79.6620948261626,35.2049823510242 -79.66208782498,35.2051723506166 -79.6620748242596,35.2052863504576 -79.6620358232413,35.2054433504438 -79.6620768226495,35.2055473497846 -79.6621098222826,35.2056133492985 -79.6622248208135,35.2058743475272 -79.6621808194368,35.2060883474193 -79.6620708179214,35.2063113479298 -79.6620858173533,35.2064063475463 -79.6621538155298,35.2067153461123 -79.6619888131217,35.2070713468225 -79.6619678119825,35.2072513465753 -79.6616518089707,35.2076733485824 -79.6615588075897,35.2078773489721 -79.6615608059587,35.2081413482899 -79.6617538049205,35.2083493458978 -79.6620498033988,35.2086573422586 -79.6621588025701,35.20881434081 -79.6623308013484,35.2090483385595 -79.6623808004257,35.2092083376755 -79.6626057992816,35.2094413349162 -79.6627667973831,35.2097833325052 -79.6627477957671,35.2100413320452 -79.6627067947447,35.2101983320497 -79.6625857936223,35.2103543328295 -79.6623327902682,35.2108433340513 -79.6621367868133,35.2113603346498 -79.6621087850767,35.2116353342315 -79.6621407834086,35.2119123332295 -79.662284782399,35.2121073313531 -79.6625717822385,35.2121963283641 -79.6629617819105,35.2123353242583 -79.6631957811873,35.2125043215824 -79.6632597799073,35.2127263204133 -79.6632367792169,35.2128333203685 -79.6629127772701,35.2130773228806 -79.662711776168,35.2132113244813 -79.6627037744856,35.2134823238819 -79.6627197732618,35.2136843232238 -79.6628657722983,35.2138733213479 -79.6630897710681,35.2141233185708 -79.6632737696241,35.2143993161149 -79.6634727680982,35.2146923134739 -79.6636437671809,35.2148803113641 -79.6638437661026,35.2151013088947 -79.664036764635,35.2153843063401 -79.6642267633124,35.215643303875 -79.6644787622084,35.2158813008684 -79.6647267600766,35.2162862974893 -79.6647887587302,35.2165202963171 -79.6647397570657,35.2167802961446 -79.6646467555643,35.2170032964845 -79.6643777537285,35.2172392984768 -79.6640697517849,35.2174833008211 -79.6639907512281,35.2175553013987 -79.6638167507301,35.2175953029646 -79.6638577500272,35.2177193022646 -79.6639277488503,35.217927301079 -79.6639247478809,35.2180843007182 -79.6640597474817,35.2181812991867 -79.66418774687,35.2183112976407 -79.6642687459506,35.2184802964479 -79.664253745204,35.2185982962991 -79.6640647434768,35.2188342975204 -79.6640657427532,35.2189522972184 -79.6641477420693,35.2190832961106 -79.6642417413481,35.2192232948661 -79.6642287405981,35.2193422946956 -79.6641657396204,35.2194862949403 -79.6640877384603,35.2196562952636 -79.6639797367574,35.2199072956719 -79.6641717355384,35.2201522932333 -79.6643637347078,35.2203342909517 -79.6644217342606,35.2204212901835 -79.6644697330253,35.220634289199 -79.6645817325615,35.220737287877 -79.6645977323831,35.2207702876429 -79.6646787315052,35.2209332864684 -79.6646807302447,35.2211392859404 -79.6646497288974,35.2213512857118 -79.6648427276753,35.2215982832643 -79.6649777266914,35.2217922815008 -79.6650507258037,35.2219552804041 -79.665037725018,35.2220802802196 -79.6649587241742,35.2221982806799 -79.6649757234831,35.2223152802296 -79.6650717232318,35.2223802791565 -79.6651517229562,35.2224452782356 -79.6651207223512,35.222536278306 -79.6651937216303,35.2226722772769 -79.6651707212275,35.2227322773477 -79.6650437207074,35.222785278424 -79.6649327203711,35.2228122794122 -79.6648857197409,35.2229032796343 -79.6646787193361,35.2229172815666 -79.6646477187239,35.2230092816338 -79.6648327178138,35.2232042793948 -79.6648957171573,35.2233272784929 -79.6648657163445,35.2234522784693 -79.6646597155405,35.22353128023 -79.6645337147007,35.2236362811666 -79.6645817141372,35.2237402804539 -79.6646117140366,35.2237642801098 -79.6647107137,35.2238442789726 -79.6646957127137,35.2240012787271 -79.6645537116086,35.2241452797184 -79.6644597106578,35.224276280286 -79.6643977093515,35.2244732803866 -79.6642867057572,35.2250302800602 -79.6642177033329,35.2254072797802 -79.6641467008125,35.2257992794814 -79.6642916991397,35.2261092773416 -79.6642946974804,35.2263802766424 -79.6643116959911,35.2266272758702 -79.6644746944362,35.226923273597 -79.664490693075,35.2271492728869 -79.6647306923524,35.2273302701725 -79.6648856923273,35.2273752685975 -79.6649506915561,35.2275182676307 -79.6650156909016,35.2276422667111 -79.6651036906891,35.2277002657373 -79.6652156905525,35.2277522645519 -79.6653676900036,35.2278822627971 -79.6654716894569,35.2279992615276 -79.6655926886629,35.2281612599874 -79.6657046884115,35.2282322587563 -79.665863688555,35.2282512572097 -79.6660536889509,35.2282372554517 -79.6662366894574,35.2282032538088 -79.6664196897989,35.2281962520995 -79.6664756892984,35.2282932513337 -79.6663656882762,35.2284312520334 -79.6662556873756,35.2285492527816 -79.6664116874665,35.2285762512445 -79.6665346872044,35.2286522498988 -79.6665986867908,35.2287372490875 -79.666686686545,35.2288012481015 -79.6667986866498,35.2288142470139 -79.6668456874037,35.2287032468421 -79.6668836881061,35.2285982467402 -79.6669796883061,35.2285912458522 -79.6670676878168,35.2286952447687 -79.6670686869046,35.2288452443932 -79.6671566868543,35.2288772434857 -79.6673156875176,35.228811242148 -79.6674036870718,35.2289082410822 -79.6674596866893,35.2289862403645 -79.6676696876371,35.2288872386262 -79.6677886883131,35.2288082376967 -79.6679076886667,35.2287822366382 -79.668042688615,35.2288272352563 -79.6681226883578,35.228891234347 -79.6681476878401,35.2289832338881 -79.6681796874616,35.2290542334143 -79.668307687199,35.2291322320191 -79.6683886867013,35.2292362310039 -79.6684606860677,35.2293602300253 -79.6684856856782,35.2294312296179 -79.6685576850875,35.2295482286565 -79.6686066844954,35.2296592279265 -79.6685836835837,35.2298032277944 -79.6684576826585,35.2299212286947 -79.6683866819456,35.2300192291255 -79.6683366809519,35.2301692292325 -79.6683336799938,35.2303262288802 -79.6683066789531,35.2304902287366 -79.6683486780339,35.2306532279465 -79.6684796771672,35.2308322262813 -79.6685336766876,35.2309262255461 -79.6685956758455,35.2310822245857 -79.6686626753638,35.231180223719 -79.6686876743811,35.2313492230753 -79.668704673579,35.2314862225842 -79.6687856729641,35.2316102215236 -79.6688476722265,35.2317492206055 -79.6689186707408,35.2320142192986 -79.6689856696306,35.2322162181819 -79.6690346685267,35.2324122172488 -79.6690836676229,35.2325752163957 -79.6690766670597,35.2326662162416 -79.6689186658381,35.2328232173438 -79.6685636634344,35.2331192199552 -79.6684366628521,35.233179221 -79.6684136626548,35.2332052211525 -79.6682866615622,35.2333492219933 -79.668222661033,35.2334182224256 -79.6680886604984,35.2334682235594 -79.6679906596975,35.2335722242248 -79.6679716587472,35.233723224036 -79.667981657136,35.2339912232916 -79.6679596562653,35.2341282231648 -79.6679546555031,35.2342522229104 -79.6679506550222,35.2343302227584 -79.6679296541956,35.2344602226391 -79.6679416537485,35.2345372223398 -79.6681196536153,35.234610220498 -79.6683216532572,35.2347272183253 -79.6685696531866,35.2348102158055 -79.6687516535107,35.2348092141064 -79.6688226540712,35.2347372136166 -79.6689186542812,35.2347302127359 -79.6690146540186,35.2348012116669 -79.6690706537651,35.2348592110033 -79.6692146537019,35.2349112095316 -79.669326653232,35.2350212082194 -79.6693276525194,35.2351392079256 -79.6693436497026,35.235609206643 -79.6693786474039,35.2359992053761 -79.6694916461757,35.2362352037528 -79.6695666447661,35.236490202439 -79.6695996416554,35.2370142008696 -79.6695876385673,35.2375211997607 -79.6695556369612,35.2377771994423 -79.669518635104,35.2380731990739 -79.6694816332463,35.2383691987052 -79.6694416301302,35.2388721978653 -79.6694446271646,35.2393631966544 -79.6694366251046,35.2397011959142 -79.6694806240538,35.2398881950551 -79.6695386236823,35.2399671943264 -79.6696576232658,35.240072192969 -79.669734623093,35.2401241921292 -79.6699616230512,35.2402001898398 -79.6701326231667,35.2402331881736 -79.670329623306,35.2402701862568 -79.6704836233543,35.2403091847344 -79.6707066233792,35.240373182512 -79.6708256229296,35.2404841811425 -79.6709786222179,35.2406491793289 -79.6710916214631,35.2408091778987 -79.6712366201663,35.2410691759337 -79.671336619124,35.2412731745203 -79.6713756182698,35.2414271737916 -79.6713366143816,35.2420611726407 -79.6713616133692,35.2422371719895 -79.6714916118505,35.2425301700882 -79.6716296102699,35.2428361680829 -79.6717266091243,35.24305716666 -79.671932607597,35.2433761639974 -79.6720286069982,35.2435061628015 -79.6720456060875,35.2436631622714 -79.6720396049409,35.2438521618777 -79.6720406039217,35.2440221614645 -79.6720866030366,35.244184160655 -79.6721546021037,35.2443611596071 -79.6722596013621,35.2445181582656 -79.6723126002993,35.2447121573164 -79.6724415995689,35.2448751557403 -79.672506598992,35.2449921548636 -79.6726345983808,35.2451351533449 -79.6727465979371,35.2452451520522 -79.6727645978999,35.245257151858 -79.6728395977389,35.2453081510462 -79.6728985976071,35.2453491504055 -79.6730025975382,35.2453941493409 -79.6731895978573,35.2454011476014 -79.6733155980287,35.2454131464122 -79.6736985985529,35.2454491427988 -79.6739775986737,35.2455191400638 -79.6741955989039,35.2455511379805 -79.6743465990825,35.245570136545 -79.6746155993044,35.24562013395 -79.6750215995181,35.2457161299861 -79.6755395996469,35.2458631248729 -79.6759065997525,35.2459651212564 -79.6761126003896,35.2459251194529 -79.6763996008039,35.2459491167549 -79.6766546006111,35.2460651141385 -79.6768155997687,35.2462601122051 -79.6770235995576,35.2463641100505 -79.677246599767,35.2464021079109 -79.6774055996982,35.2464661063004 -79.6777566002405,35.246490103016 -79.6778896009367,35.2464161019627 -79.678136601766,35.2463570998258 -79.6783926017338,35.2464470972638 -79.6786956016408,35.2465630942105 -79.6788866018662,35.2465880923964 -79.6790936023524,35.2465740905243 -79.6793796025341,35.2466380877475 -79.6795396025467,35.2466890861596 -79.6796676018802,35.246845084627 -79.6797486012752,35.2469750835862 -79.6798456007018,35.2471050823985 -79.6798816002147,35.2472000818514 -79.6799905997654,35.2473130805927 -79.6801975997202,35.2473900785157 -79.680404600209,35.2473760766455 -79.6805946011974,35.2472710751378 -79.6807236014447,35.2472720739501 -79.6808016010006,35.2473740730024 -79.680898600126,35.2475560716993 -79.6811075989404,35.2478290691626 -79.6813005982571,35.2480110669795 -79.6816035981783,35.2481270639366 -79.6819055990147,35.248086061257 -79.6823196003111,35.2480040576409 -79.6824386006394,35.2479880565844 -79.6824736007376,35.2479830562743 -79.6825096008379,35.247978055955 -79.6827636014269,35.2479630536567 -79.6830496024569,35.2478830512099 -79.6832546035472,35.2477650495911 -79.6834376043727,35.247685048089 -79.6836836048631,35.247684045832 -79.6839866050888,35.2477480429069 -79.6842716066473,35.2475760406714 -79.6844456072967,35.2475230391907 -79.6846366077534,35.2475090374671 -79.6852106081486,35.2476360319138 -79.6854176082674,35.2476860299023 -79.6855936080082,35.2477910280546 -79.6858816077572,35.2479330250978 -79.6860416074044,35.248049023374 -79.6861816073009,35.2481150219441 -79.6862326072577,35.2481400214211 -79.6864086073122,35.2481910196939 -79.6865676071837,35.248268018066 -79.6867256072262,35.2483150165133 -79.6869066069409,35.2484270146076 -79.6870316063152,35.2485790131289 -79.6871126058038,35.2486960121305 -79.6871656045995,35.2489240111468 -79.687242603966,35.249061010142 -79.6872926027163,35.2492960091712 -79.6873436013484,35.2495520081458 -79.6873676006559,35.2496810076448 -79.6876076001388,35.249855005068 -79.6878795998709,35.2499970022689 -79.6880066001242,35.2500230011305 -79.6882456006023,35.2500079989269 -79.6885476012307,35.2499939961602 -79.6887546016249,35.2500049942642 -79.6890246022066,35.2499909918 -79.6894066029858,35.2499889883073 -79.6896926038684,35.2499349858052 -79.6898956044414,35.2499059840089 -79.6901216051174,35.2498669820234 -79.6903236050962,35.2499419800132 -79.6904726050868,35.250086978632 -79.6907376056261,35.2501549762863 -79.6910766063119,35.2502089732489 -79.6914366070394,35.2502649700233 -79.6918266078224,35.2502749664694 -79.6920976083668,35.2502869640063 -79.692351608875,35.2502719616656 -79.6926066093882,35.2502969593651 -79.6929196100375,35.2506209569103 -79.6932396106902,35.2508279542516 -79.6934466111087,35.2509189524799 -79.6937496117136,35.2509299497317 -79.6940036122207,35.2509419474318 -79.6941626125358,35.2509009459288 -79.6943686129439,35.2508349439639 -79.6945116132288,35.2508209426412 -79.694686613577,35.2507939410093 -79.6949256140533,35.2507669387931 -79.6950996144003,35.2507519371855 -79.6953706149429,35.2508029347822 -79.6955626153292,35.2509329332082 -79.6957926157905,35.2510769313092 -79.6960586163216,35.2511649290077 -79.696344616891,35.2511889264367 -79.6965356172711,35.2511879246962 -79.6966626175238,35.2511869235384 -79.6968536179039,35.2512119218346 -79.6971246184428,35.2512499194215 -79.6972286186492,35.2513409186051 -79.6974836191555,35.2513789163396 -79.6977706197258,35.2513769137257 -79.6978356198543,35.2514159131911 -79.698004620188,35.2515189118046 -79.6982026205771,35.2516879102532 -79.6985076211715,35.2520519080227 -79.6987486216411,35.2522589061461 -79.6989886221079,35.2524399042436 -79.699117622354,35.2526489033912 -79.6993096227239,35.2528299019291 -79.6994706230336,35.2529729006919 -79.6995666232126,35.2531749001334 -79.6995526231785,35.2533249004889 -79.6995386231418,35.2535339009343 -79.6996826234177,35.2536378997964 -79.6999856240027,35.2537398972255 -79.7002006244192,35.2537778953494 -79.7003296246619,35.2539208944115 -79.7005216250295,35.2540108928258 -79.7006966253677,35.2540368912935 -79.7009356258247,35.2541398893084 -79.7011436262218,35.2542298875831 -79.7012876264903,35.2543728865185 -79.7013996267002,35.2544628856576 -79.7014966268767,35.2546058850172 -79.7015626269857,35.2548408848039 -79.7015956270327,35.2550498848451 -79.7019686277278,35.255314881939 -79.7023406284175,35.2555808790515 -79.7025326287655,35.2557888776811 -79.7026776290314,35.2559048765802 -79.7027286291094,35.2561008764507 -79.7027436291265,35.2562178765112 -79.7026536289341,35.2564328776678 -79.7024536285258,35.2567318799382 -79.7023366282825,35.2569648813595 -79.7022766281502,35.2571708822293 -79.7023566282733,35.2574738820182 -79.7023586282517,35.2577478824507 -79.7024556284169,35.2579298818933 -79.7025376285433,35.2582168816429 -79.7026346287121,35.2583468810027 -79.7025886286086,35.2585298817103 -79.7026216286537,35.2586998817009 -79.7028946291398,35.2589198796655 -79.7032476297598,35.2592568771292 -79.7034236300391,35.2596818763017 -79.7035786302997,35.259907875327 -79.7038356307411,35.2601808735439 -79.7039496309211,35.2604278729698 -79.7040466310689,35.260675872548 -79.7042096313219,35.2610408717546 -79.7044026316441,35.2612738704776 -79.7046296320202,35.2615558689943 -79.7046466320482,35.2615778688849 -79.7049016324567,35.2619768673689 -79.7049766325676,35.2621568670342 -79.7050476326721,35.2623278667195 -79.7051146327347,35.262745866874 -79.7050776326231,35.2630718677653 -79.7050156324871,35.2632548686202 -79.7049756324087,35.2633058690538 -79.7049056322675,35.2634258698661 -79.7048756321876,35.2636218704664 -79.704975632316,35.2639838702405 -79.7050026323266,35.2642558704851 -79.7050306323373,35.2645378707394 -79.7050586323479,35.2648188709926 -79.7050856323563,35.2651008712566 -79.7051256323852,35.2653968714351 -79.705106632312,35.2656848721027 -79.705100632263,35.2659618726399 -79.7050936322106,35.2662518732084 -79.7050866321585,35.2665408737749 -79.7050796321063,35.2668298743413 -79.7050736320559,35.2671198749008 -79.7050106319277,35.2672638756855 -79.7050756320142,35.2674458754558 -79.7052366322609,35.2676538744636 -79.7052006321497,35.2680068753881 -79.7052816322564,35.2682278750961 -79.7056666328555,35.2686048725303 -79.7059076332304,35.2688248709017 -79.7061656336117,35.2691758693707 -79.706344633832,35.2696848687925 -79.7066346342519,35.2700878671049 -79.7068116345103,35.2703088660341 -79.7068296344877,35.2706218664559 -79.7070726348219,35.2710248651772 -79.707226635006,35.2714288646448 -79.7074986354216,35.2716098627297 -79.7079626361408,35.2718428593302 -79.7082986366469,35.2720758569953 -79.7086036370998,35.2723088549222 -79.7087166372271,35.2725948545357 -79.709038637679,35.2729458525597 -79.7091336378096,35.2730588519966 -79.7092796380098,35.2732318511316 -79.7097276386637,35.2735558480881 -79.7101286392343,35.2738928454662 -79.7104486397036,35.2740868432339 -79.7107366401105,35.2743198413452 -79.7112346407836,35.2748258382993 -79.7116206412968,35.2752288359745 -79.7118936416332,35.2756058345251 -79.7119756416926,35.275879834419 -79.7119776416806,35.275938834523 -79.7119786416307,35.2761408349265 -79.7120056411695,35.2781098387229 -79.7120176409718,35.2789538403481 -79.7120226409065,35.2792388408895 -79.7120796409301,35.2794828409344 -79.7121306408829,35.2799648415144 -79.7122446409864,35.2802258411458 -79.7122776410161,35.2803018410405 -79.7123426410721,35.2804598408507 -79.7124556411862,35.2806678403855 -79.7124796412051,35.2807318403277 -79.7125206412381,35.2808378402225 -79.7124426410636,35.2810598412944 -79.7123126408329,35.2812048426161 -79.7122026406359,35.2813358437503 -79.7121646405425,35.2814798443438 -79.712196640568,35.2815638442641 -79.7122386405724,35.2817858443888 -79.7121846404577,35.281921845091 -79.7122346404613,35.2821908452498 -79.7122756404636,35.2824128453837 -79.7122846404411,35.2825498455942 -79.7122936404271,35.2826538457371 -79.7123346404563,35.2827708456569 -79.7123606404446,35.282959845842 -79.7124566405461,35.2831038453893 -79.7124796405625,35.2831678453418 -79.712552640614,35.2833728451955 -79.7126246406632,35.2835788450603 -79.7125496405204,35.2837098459135 -79.7124556403574,35.2838148468599 -79.7124246402887,35.2839068472898 -79.7124336402674,35.2840368474873 -79.7124666402836,35.2841548474741 -79.7124276401797,35.2843378481527 -79.7122946399368,35.284540849599 -79.7122156397887,35.2846778504907 -79.7121536396666,35.2848088512378 -79.7121546396241,35.2849788515777 -79.7121886396182,35.285187851743 -79.7122466396376,35.2854288517896 -79.7122786396265,35.2856448519861 -79.7123096396159,35.2858528521743 -79.7123606395919,35.286217852532 -79.7124096396175,35.2863808524914 -79.712467639628,35.2866478525965 -79.7124376395416,35.2868178531756 -79.7123596393958,35.2869618540674 -79.7122496391856,35.2871848553644 -79.7121736389961,35.287511856613 -79.7121706389806,35.2875558567259 -79.7121596389128,35.2877598572268 -79.711986638622,35.2879698589703 -79.7117976383106,35.2881798608321 -79.7116716380963,35.2883498621323 -79.7116256379749,35.2885858629585 -79.7116446379128,35.2889378635271 -79.7116626378751,35.2891858638932 -79.7117276379268,35.2893288636927 -79.7119686381908,35.2895638623545 -79.7120726382937,35.2897058618613 -79.71204263822,35.2898368623543 -79.7119476380691,35.28993086326 -79.7119016379585,35.2901248640004 -79.7118396378194,35.290348864921 -79.7118256377649,35.2904908653144 -79.7117316375977,35.2906608663633 -79.7115576373417,35.2907658678778 -79.7114146371237,35.2908848691872 -79.7111936367816,35.2910948712605 -79.7110056364658,35.2913828732396 -79.7108496362001,35.2916428749204 -79.7108176361454,35.2916978752681 -79.7107236359709,35.2919198764086 -79.7105596356818,35.2922478782769 -79.7104666354773,35.29261387969 -79.7105656355144,35.293004879731 -79.7106326355198,35.2933508799219 -79.7106996355247,35.2936958801127 -79.710782635511,35.2942028805101 -79.7108296355283,35.2943808805194 -79.7109066355558,35.2946738805391 -79.7108986355017,35.2948598809684 -79.7108936354651,35.2949878812601 -79.7109436354657,35.2952478814135 -79.7110086355153,35.295378881201 -79.7110556355511,35.2954728810463 -79.7111056355888,35.2955738808841 -79.7113316357861,35.2959118799179 -79.7114606358843,35.2961588794782 -79.7114316357682,35.2964858803478 -79.7113246355287,35.2969308820179 -79.7111206351989,35.2972708841731 -79.710924634887,35.2975858862152 -79.710895634781,35.2978858870219 -79.7108976347215,35.2981468875279 -79.710947634713,35.2984338877417 -79.7109656346692,35.2987078881596 -79.7111126347525,35.2990858878648 -79.7112906348734,35.2994508873275 -79.7112686347936,35.2996728879302 -79.711191634631,35.2999728890797 -79.7110196343648,35.3002488908528 -79.710608633806,35.3006038944706 -79.7101976332521,35.3009588980765 -79.7101506331867,35.3010098985085 -79.7099106328536,35.3012729007164 -79.7102366329547,35.3024739007799 -79.7103056329777,35.3027139007695 -79.7103686329981,35.3029329007609 -79.7105656330602,35.3036129007319 -79.7109056331567,35.3047869007085 -79.711142633216,35.3056049007109 -79.711175633224,35.3057179007107 -79.7114696332872,35.3067329007391 -79.7137516334354,35.3146089017876 -79.7138676334265,35.3150099018816 -79.7143826333686,35.3167879023405 -79.7173046324553,35.3268699063544 -79.7191286313805,35.3331609100807 -79.7193156312552,35.333787910474 -79.7194466311662,35.3342239107476 -79.7195986310398,35.3347839111982 -79.7198336308593,35.335596911784 -79.7207296301169,35.3386829141283 -79.7268706225832,35.3596879359213 -79.7299716171215,35.3702909509407 -79.7319766130015,35.3771399620704 -79.7348766062277,35.3870339801268 -79.7352766052157,35.3884009828092 -79.7359736034152,35.3907719875573 -79.7360776031509,35.3911119882357 -79.736454602159,35.3923799908272 -79.7404355906832,35.4057880206478 -79.7404855905279,35.405956021049 -79.7414025876243,35.4090430285471 -79.7427725831077,35.4136550401824 -79.7443225777455,35.4188660539487 -79.7447375762578,35.4202680577701 -79.7460465714499,35.4246740700809 -79.7475855655519,35.4298490851425 -79.7505145527983,35.4398921159139 -79.7517275462536,35.4439921280696 -79.7547365319113,35.4522041511354 -79.75480853157,35.4524011516884 -79.7548325314578,35.4524651518667 -79.7548785312405,35.4525901522169 -79.7549305309945,35.4527321526153 -79.7579335168877,35.4609261755679 -79.7602975058956,35.4674031936913 -79.7603555056522,35.4675331940318 -79.7604525052054,35.4677971947683 -79.7605495047579,35.4680621955084 -79.7606745042479,35.468326196184 -79.7608005037351,35.468591196861 -79.7609255032248,35.4688561975401 -79.7610515027134,35.4691201982133 -79.7611765022036,35.4693851988922 -79.7613025016926,35.4696491995653 -79.7614285011811,35.4699142002419 -79.7615535006721,35.4701792009206 -79.761679500162,35.4704432015935 -79.7618044996535,35.470708202272 -79.7618784993457,35.4708732027028 -79.7641894900278,35.4757332150919 -79.7642084898866,35.4758502154696 -79.7651774823348,35.482262236321 -79.7668404690533,35.4937882739396 -79.7678264925111,35.5094623142614 -79.7679544987917,35.5114823182989 -79.7692824957838,35.511455315242 -79.7773194777234,35.5113342968381 -79.7810234694501,35.51129328839 -79.7813684686758,35.5112882876008 -79.7814344685339,35.5112892874538 -79.7824424662832,35.5112782851554 -79.7827314656384,35.5112752844968 -79.7828634653451,35.5112742841967 -79.7832364645125,35.5112702833463 -79.7835494638118,35.5112662826315 -79.7839824628474,35.5112622816457 -79.7846684613174,35.5112552800827 -79.7863284576119,35.5112372762984 -79.7876234547214,35.5112232733464 -79.7898044498871,35.5112102683967 -79.7900784492786,35.5112082677742 -79.7923344442328,35.5111802626251 -79.7929314429052,35.5111752612675 -79.7937694410448,35.5111692593639 -79.8019194229186,35.5110992408301 -79.8033614197101,35.5110862375502 -79.804570417023,35.5110762348022 -79.8062174133614,35.511062231058 -79.8091454068247,35.5110282243844 -79.8127833987231,35.5109922161059 -79.8150673936483,35.5109732109161 -79.8174683883109,35.5109522054588 -79.8206493812278,35.5109201982215 -79.8234653749593,35.5108921918159 -79.8264753682327,35.5108531849529 -79.8280573646963,35.5108321813453 -79.831427357181,35.5107931736719 -79.8321463555787,35.5107851720355 -79.8321983554469,35.5107791719071 -79.8322263553854,35.5107791718439 -79.8329043538673,35.5107691702964 -79.8359283470726,35.5107161633794 -79.8383853415998,35.5106891577897 -79.842872331605,35.510639147582 -79.8458833248892,35.5106021407271 -79.8499623157934,35.5105521314426 -79.8528723093075,35.5105171248213 -79.8540973065767,35.5105021220337 -79.8541803064173,35.5105101218607 -79.8542573062682,35.5105171216994 -79.8563683015141,35.5104741168661 -79.861340290436,35.5104141055566 -79.8630002867381,35.5103941017813 -79.8661562797085,35.5103560946047 -79.8673552770394,35.5103420918792 -79.8697872716188,35.5103110863471 -79.8710192688723,35.5102950835444 -79.8741642618533,35.5102510763853 -79.875544258772,35.5102310732432 -79.8769852555571,35.5102110699639 -79.8789392511958,35.5101830655162 -79.880431247867,35.5101620621211 -79.8815362454034,35.5101470596077 -79.8878962312168,35.5100570451383 -79.8926502206062,35.5099860343202 -79.8949552154639,35.5099520290767 -79.8968752111819,35.5099240247101 -79.9010242019501,35.5098710152873 -79.9013602011955,35.5098640145201 -79.9014492010057,35.5098660143229 -79.9014792009321,35.5098630142507 -79.9047561936471,35.5098230068128 -79.9067591891961,35.5097990022678 -79.9074251876593,35.5097690007233 -79.914608171241,35.5095019841613 -79.9160821679245,35.509466980794 -79.9172151653753,35.5094399782058 -79.9174731647901,35.5094319776138 -79.9176901642973,35.5094249771154 -79.9185071624403,35.5093979752384 -79.9195991599588,35.50936197273 -79.9218031549531,35.5092899676692 -79.9303451355671,35.5090109480689 -79.9323691309797,35.5089459434294 -79.9343261265499,35.5088849389472 -79.9370431203984,35.5087989327242 -79.9380251181685,35.5087649304716 -79.93980811412,35.5087029263819 -79.9408971116329,35.5086589238762 -79.9504650899234,35.5083239019475 -79.9616530645786,35.5079328763436 -79.97079604391,35.5076188554558 -79.9721980407365,35.5075678522516 -79.9742010363056,35.5075398477294 -79.9749550346277,35.5075248460218 -79.9753770337054,35.5075238450751 -79.977250029543,35.5074888408366 -79.97928002503,35.5074498362421 -79.9807510217608,35.5074218329136 -79.9819430191134,35.5073998302175 -79.9836140154001,35.507367826437 -79.9869980078615,35.5072938187718 -79.9955969887137,35.5071047993032 -79.9990789809637,35.5070277914233 -79.9994429801559,35.5070207906009 -80.0033479900868,35.5069337788897 -80.0111170159741,35.5067617546298 -80.016758034783,35.5066417370073 -80.0232700565036,35.5065057166531 -80.0405211140422,35.5061396626543 -80.0502551465917,35.5059696321943 -80.0637091915436,35.5057135900149 -80.0656231979628,35.5056885840284 -80.066839202012,35.5056585802014 -80.0745532281926,35.505707556319 -80.0747402288166,35.5057035557312 -80.0752262304432,35.5056955542078 -80.0758982326926,35.5056845521013 -80.0765702349419,35.5056735499946 -80.0772592372467,35.5056615478334 -80.077915239442,35.5056505457762 -80.0785872416894,35.5056385436675 -80.0792592439388,35.5056275415603 -80.0799312461862,35.5056155394514 -80.0806042484391,35.5056045373409 -80.0807612489617,35.505600536846 -80.0809402495628,35.5055985362863 -80.0816122518123,35.5055875341787 -80.0822842540597,35.5055755320693 -80.0829572563127,35.5055645299584 -80.0836292585601,35.5055525278487 -80.0843012608097,35.5055415257406 -80.0849732630573,35.5055295236307 -80.0856462653103,35.5055185215193 -80.0863182675578,35.505506519409 -80.0869902698075,35.5054955173005 -80.0876622720551,35.50548351519 -80.0883352743082,35.5054725130781 -80.0890072765558,35.5054605109674 -80.0896792788055,35.5054495088583 -80.0899962798631,35.5054425078601 -80.0903512810533,35.5054375067473 -80.0906872821792,35.5054325056936 -80.0913602844303,35.5054205035793 -80.092032286678,35.505408501468 -80.0927042889278,35.5053974993584 -80.0933762911756,35.5053854972468 -80.0940492934288,35.5053744951338 -80.0947212956766,35.505362493022 -80.0953932979265,35.5053514909119 -80.0960653001744,35.5053394887998 -80.0967383024277,35.5053284866863 -80.0974103046756,35.5053164845739 -80.0980823069255,35.5053054824634 -80.0987543091735,35.5052934803508 -80.0991723105707,35.5052854790356 -80.0998933129864,35.5052744767723 -80.0999793132832,35.5052774765105 -80.1000993136748,35.5052704761239 -80.1003943146622,35.5052654751968 -80.1004353147988,35.5052644750674 -80.1007713159228,35.5052584740109 -80.1011073170488,35.5052534729562 -80.101501318365,35.5052454717154 -80.1017803193002,35.5052414708399 -80.1021163204243,35.5052354697833 -80.1024523215483,35.5052294687266 -80.1027883226743,35.5052244676718 -80.1028493228786,35.5052234674801 -80.102955323237,35.5052234671504 -80.1034603249224,35.5052124655583 -80.1036183254527,35.5052104650629 -80.1049873300334,35.5051864607576 -80.1051413305481,35.5051834602727 -80.1054773316722,35.5051774592157 -80.1057743326644,35.50517145828 -80.1059633332974,35.5051684576862 -80.1062923343999,35.5051634566529 -80.1064853350464,35.5051604560465 -80.1068213361705,35.5051544549894 -80.1071573372946,35.5051484539323 -80.1073873380643,35.5051444532089 -80.1074003381063,35.5051434531664 -80.107950339948,35.5051344514375 -80.1088703430268,35.5051184485434 -80.1095103451708,35.5051084465323 -80.1098463462949,35.5051024454748 -80.1101833474225,35.5050964444143 -80.1108553496708,35.5050844422993 -80.1115273519211,35.5050734401863 -80.1121993541694,35.505061438071 -80.1128723564211,35.5050494359525 -80.1135443586715,35.5050384338391 -80.1142163609199,35.5050264317235 -80.1148883631683,35.5050144296077 -80.1155603654187,35.5050034274939 -80.1162333676706,35.5049914253747 -80.116905369919,35.5049794232586 -80.1175773721695,35.5049684211444 -80.118249374418,35.504956419028 -80.1182903745547,35.5049554188983 -80.1186083756181,35.5049494178961 -80.121858386491,35.5048904076562 -80.1219473867959,35.5048924073833 -80.1222833879202,35.5048864063247 -80.1226193890446,35.5048804052661 -80.1229553901689,35.5048744042074 -80.1232913912932,35.5048684031487 -80.123437391783,35.5048664026899 -80.124775396262,35.5048433984755 -80.1253073980413,35.5048333967979 -80.125644399169,35.5048273957358 -80.1257363994762,35.5048253954451 -80.1263164014178,35.5048153936178 -80.1269884036685,35.5048043915018 -80.1273084047388,35.5047983904925 -80.1276604059173,35.5047923893836 -80.1283334081695,35.5047803872622 -80.1286694092939,35.5047743862029 -80.1289754103248,35.5047723852457 -80.1293414115447,35.5047633840865 -80.1296784126725,35.504757383024 -80.1300144137969,35.5047513819647 -80.1310224171722,35.5047343787885 -80.1320304205456,35.50471637561 -80.1330394239223,35.504698372428 -80.1340474272977,35.504681369251 -80.1350554306712,35.5046633660715 -80.1360644340501,35.5046463628909 -80.1370724374237,35.5046283597108 -80.1380964408494,35.5046093564784 -80.1384254419523,35.5046043554422 -80.1387704431073,35.504598354354 -80.1391154442623,35.5045923532656 -80.1398054465723,35.504580351089 -80.1408404500373,35.5045623478237 -80.1418754535024,35.5045443445581 -80.1429104569676,35.5045263412922 -80.1439444604294,35.5045083380291 -80.1449794638946,35.5044903347626 -80.1460144673599,35.5044723314958 -80.1467044696701,35.5044603293178 -80.1473944719803,35.5044483271396 -80.1480844742906,35.5044363249613 -80.1487704766011,35.5044313228115 -80.1492964783723,35.5044273211627 -80.1494524789078,35.5044313206858 -80.1497934800612,35.5044313196229 -80.1501344812146,35.50443131856 -80.150475482368,35.5044313174972 -80.1507534833083,35.5044313166306 -80.1511584846801,35.5044323153706 -80.1518404869869,35.5044323132449 -80.1525224892936,35.5044323111192 -80.1532044916004,35.5044323089934 -80.1538864939091,35.5044333068701 -80.1545694962193,35.5044333047412 -80.155251498526,35.5044333026155 -80.1555924996794,35.5044333015526 -80.1562745019881,35.5044342994293 -80.1569565042949,35.5044342973036 -80.1576395066051,35.5044342951747 -80.1583215089118,35.504434293049 -80.1590035112205,35.5044352909257 -80.1596855135273,35.5044352888 -80.1603675158341,35.5044352866743 -80.1610505181442,35.5044352845454 -80.161732520451,35.5044352824197 -80.1624145227597,35.5044362802964 -80.1631015250639,35.5044262781308 -80.1637875273648,35.5044162759681 -80.1644745296691,35.5044062738023 -80.1651605319719,35.5043972716419 -80.1658475342762,35.5043872694758 -80.1665335365771,35.5043772673127 -80.1672205388814,35.5043672651463 -80.1679075411877,35.5043582629824 -80.1685935434887,35.504348260819 -80.1692905458269,35.5043382586211 -80.1699665480941,35.5043282564887 -80.1706535504004,35.5043192543243 -80.1713395527015,35.5043092521604 -80.1720265550059,35.5042992499934 -80.1727095572968,35.5042892478386 -80.1733885595762,35.5042802456988 -80.174068561857,35.5042702435532 -80.1747475641344,35.5042602414106 -80.1754265664119,35.5042502392679 -80.1761065686927,35.5042402371219 -80.1767855709703,35.504230234979 -80.1774645732478,35.504220232836 -80.1777375741654,35.5042172319769 -80.1781195754403,35.5042082307626 -80.1784835766677,35.5042062296222 -80.1788235778081,35.504201228549 -80.1791635789486,35.5041962274758 -80.1795025800857,35.5041912264056 -80.1798425812262,35.5041862253323 -80.1801825823667,35.504181224259 -80.1804085831292,35.5041802235516 -80.1807955844249,35.5041732223265 -80.1810075851343,35.5041692216549 -80.1812015857848,35.504166221042 -80.1815405869219,35.5041612199717 -80.1818805880624,35.5041562188983 -80.1822205892029,35.5041512178248 -80.1825565903337,35.5041482167689 -80.1832615926993,35.5041382145439 -80.1828635896875,35.5032712135334 -80.1880106071823,35.5033121975498 -80.188729609621,35.5033151953101 -80.1893996119072,35.5033251932421 -80.190351615138,35.5033301902794 -80.2040356616491,35.5034401478086 -80.2064676699499,35.5034781403146 -80.2070006716984,35.503449138568 -80.2077646742041,35.5034071360629 -80.2099006815164,35.503452129514 -80.2099506816875,35.5034531293606 -80.2130996924214,35.5034951196397 -80.2148296983144,35.5035161142942 -80.2172107064268,35.5035461069413 -80.2172307064945,35.5035461068788 -80.2177747083107,35.5035331051417 -80.2208697186419,35.5034580952538 -80.2244717307696,35.5034260839039 -80.2297637485879,35.5033790672253 -80.2316907550878,35.5033680611694 -80.2324867577607,35.5033570586483 -80.232889759115,35.5033520573736 -80.2343797642217,35.5033870528219 -80.2346837652633,35.5033940518929 -80.2358947694129,35.5034220481929 -80.2363687710408,35.5034350467511 -80.2435197950521,35.5033350240939 -80.2527118189097,35.5032049967357 -80.2542798201258,35.5031819927923 -80.2629248268461,35.5030599710602 -80.265312828704,35.5030259650543 -80.2712938333598,35.5029399500056 -80.2718458338464,35.5029649487238 -80.2740848355431,35.5029049429982 -80.2742168356458,35.5029029426656 -80.2774308382193,35.5028969347077 -80.2802958405625,35.5029209277106 -80.2852848446398,35.5029619155251 -80.2954188527114,35.5029168903463 -80.2980908548622,35.5029188837538 -80.3002678566151,35.5029208783838 -80.3002828566272,35.5029208783467 -80.3009128571336,35.5029208767908 -80.3032278589958,35.5029218710766 -80.3039998596178,35.5029228691733 -80.3047638602396,35.5029278673035 -80.3060758612879,35.5029238640495 -80.3064908616215,35.5029238630245 -80.3067108617983,35.5029238624812 -80.3087708634555,35.5029248573969 -80.3105918649206,35.5029258529028 -80.3107618650542,35.5029238524761 -80.3130608668648,35.5028988467114 -80.313322867071,35.5028958460539 -80.314340867873,35.5028848435014 -80.3153088686365,35.5028748410757 -80.3165878696487,35.5028638378782 -80.3168628698683,35.5028628371954 -80.316999869977,35.5028618368535 -80.3178688706684,35.5028568346896 -80.3196398720809,35.502848830287 -80.3206108728487,35.502839827857 -80.3234788751366,35.5028268207267 -80.3284018790582,35.50279980847 -80.33029688057,35.5027908037566 -80.3324498822813,35.5027757983842 -80.3349038842393,35.5027637922787 -80.337534886336,35.5027487857248 -80.3440198915072,35.5027127695722 -80.3475578943316,35.5026947607649 -80.3495858959474,35.5026817557064 -80.3496868960274,35.5026807554533 -80.3503268965619,35.5026957539266 -80.3504068966212,35.5026917537143 -80.3507528968716,35.502669752779 -80.3512448972282,35.5026387514499 -80.3520398977196,35.502521749057 -80.3522228978709,35.5025247486157 -80.3596259039628,35.5026267306943 -80.3597479040549,35.5026217303743 -80.3619909057994,35.502570724642 -80.3628549064883,35.5025647224843 -80.3688059112313,35.5025207076112 -80.3702959124193,35.5025097038869 -80.3717239135576,35.5024987003157 -80.3719249137184,35.5024976998151 -80.3720959138563,35.5024976993924 -80.3722539139813,35.5024956989943 -80.3723019140189,35.5024946988719 -80.3723539140596,35.5024936987396 -80.3724259141165,35.5024926985579 -80.3724599141428,35.5024916984701 -80.372524914194,35.5024906983056 -80.3726299142659,35.5024796980047 -80.3730949146235,35.5024646967987 -80.3752679162978,35.5023966911701 -80.3764779172568,35.5023816881217 -80.3773819179737,35.5023706858449 -80.3791959193902,35.5023286812003 -80.3801689201464,35.5023026786955 -80.3819099215982,35.5023446745501 -80.3842889234534,35.5022856684422 -80.3878419262691,35.5022366594675 -80.3904449283384,35.5022056529103 -80.3985849348454,35.5021386325162 -80.402574938039,35.5021076225247 -80.4044919395737,35.5020926177235 -80.4062969410211,35.5020806132108 -80.4126179460825,35.5020285973665 -80.4128519462727,35.5020295967915 -80.4149439479479,35.5020115915438 -80.4150339480188,35.5020095913132 -80.4193319514655,35.5019765805465 -80.4197079517634,35.501969579588 -80.4214719531888,35.5019675752149 -80.4223469538905,35.5019605730216 -80.4237039549858,35.5019575696515 -80.426558957331,35.5019985627518 -80.4271999578606,35.5020115612182 -80.4334149630062,35.5021565464299 -80.4366899656781,35.5021885384594 -80.4370239659359,35.502173537572 -80.4370769659795,35.502174537445 -80.4382239669157,35.5021865346569 -80.4388119673954,35.5021925332271 -80.4415559696275,35.5022125265222 -80.444314971903,35.5022745199538 -80.4447399722537,35.502284518944 -80.4490609757493,35.5022945082997 -80.4497329762932,35.5022965066462 -80.4505319769418,35.5023015046911 -80.4505729769749,35.5023015045897 -80.4511339774299,35.5023045032149 -80.4537099795198,35.5023194969072 -80.4539009796747,35.5023204964391 -80.4559539813386,35.5023304914042 -80.4564389817314,35.5023324902133 -80.4613569857156,35.5023554781491 -80.4616869859825,35.5023564773374 -80.4623099864852,35.502356475797 -80.4669379902201,35.5023574643579 -80.4685039914837,35.5023574604857 -80.4735279955387,35.5023594480718 -80.475566997195,35.5023784431115 -80.4766919981073,35.5023864403642 -80.480568001252,35.5024184309186 -80.4836040037141,35.5024434235206 -80.4840530040784,35.5024474224279 -80.4844500044012,35.5024524214681 -80.4944390124943,35.5025323971237 -80.4951210130464,35.5025373954599 -80.4952740131706,35.5025393950905 -80.4969950145701,35.5025663909551 -80.4997990168348,35.5025783840776 -80.5003140166972,35.5025803835976 -80.5006540163772,35.5025833836141 -80.503451013743,35.5026053837361 -80.5055720117464,35.5026233838325 -80.5096950078048,35.5025303834792 -80.5126330049964,35.5024673832512 -80.5157550020317,35.5024423831879 -80.5200989978539,35.502304382697 -80.5212989966993,35.5022663825665 -80.5218159962015,35.5022493825085 -80.5241039940996,35.5023723830233 -80.5266029918059,35.5025073835739 -80.5283099902385,35.5025963839294 -80.5297519889161,35.5026733842312 -80.5302149885002,35.5027143843879 -80.5316799871814,35.5028373848532 -80.536563982598,35.5028933850742 -80.537247981953,35.5028953850832 -80.5384659808048,35.5028993851008 -80.5392399800831,35.502916385163 -80.5392409800739,35.5029013851099 -80.5399559793997,35.5029033851188 -80.5414249780138,35.5029063851331 -80.5421719772925,35.5028783850378 -80.5423389771347,35.5028783850383 -80.5427249767696,35.502877385036 -80.5432729762536,35.5028803850481 -80.544500975096,35.5028843850655 -80.5445789750467,35.5029273852127 -80.5457469739498,35.5029383852525 -80.5468269729574,35.5029863854161 -80.5469919728056,35.5029933854398 -80.547090972715,35.5029983854566 -80.5501969698141,35.5030533856393 -80.554936965374,35.503112385824 -80.5586929618338,35.5031213858443 -80.5595369610383,35.5031233858486 -80.5618679588417,35.5031293858615 -80.5620959586283,35.5031323858701 -80.5622189585134,35.5031343858758 -80.5624079583369,35.5031373858844 -80.563628957201,35.5031643859622 -80.5636949571406,35.503167385971 -80.5643679565122,35.5031783860016 -80.566618954419,35.5032283861403 -80.5678469532784,35.5032573862189 -80.5695759516692,35.5032923863102 -80.570599950717,35.5033143863667 -80.570782949781,35.5021163829627 -80.5709739487903,35.5008463793646 -80.5710099487089,35.5007723791565 -80.5710669486076,35.5006983789495 -80.5718429463885,35.499500375867 -80.5770989244749,35.4913933572466 -80.5771609242966,35.4913363571144 -80.5771919242397,35.4913233570845 -80.5772569241273,35.4912993570294 -80.5780379124362,35.4860543447502 -80.5781699115518,35.4856913438974 -80.5786119086032,35.484482341053 -80.5790559072379,35.4840333399881 -80.5791979065185,35.4837543393288 -80.5791119041556,35.4825823365771 -80.5793349023789,35.481834334811 -80.5797379002421,35.480997332826 -80.5814699009106,35.4821193354038 -80.5816639009487,35.4822273356521 -80.5818789009561,35.4823303358881 -80.582375900875,35.4825213363231 -80.5825129008326,35.4825643364203 -80.583004900629,35.4826943367121 -80.5833849004167,35.4827683368753 -80.5834679003699,35.4827843369107 -80.5837318981225,35.4818313346374 -80.5839838953071,35.4806013317031 -80.5836668955365,35.4805643316295 -80.581630896907,35.4802773310429 -80.5809268971874,35.4800853306227 -80.579289893458,35.477539324716 -80.5791198930719,35.4772753241063 -80.5789098925244,35.4769153232743 -80.5781528889258,35.4748383184553 -80.5781318856625,35.4732643147672 -80.578019883871,35.4723533126421 -80.5778238824807,35.4715953108847 -80.5778248794133,35.4701253074413 -80.577597876869,35.4687993043609 -80.5775968751262,35.4679633024039 -80.5775968747988,35.4678063020363 -80.5775968746694,35.4677443018912 -80.5776818739293,35.4674293011435 -80.5776848735196,35.4672343006865 -80.5776878731016,35.4670353002202 -80.5776988713637,35.4662072982799 -80.5777088700272,35.4655712967893 -80.5775988679907,35.4645432943971 -80.5775418676816,35.4643682939953 -80.5774848673767,35.4641952935984 -80.577446867172,35.4640792933322 -80.5773408666023,35.4637562925913 -80.5770948652836,35.4630082908773 -80.576170863176,35.4615622876391 -80.5760038627189,35.46126428697 -80.5759748621846,35.4609942863449 -80.5752738600499,35.4596392833016 -80.5746668586326,35.4586722811545 -80.5740548572106,35.4577002790036 -80.5736208561993,35.4570092774785 -80.573453855406,35.4565492764427 -80.5735118518188,35.4548542725038 -80.5746868469847,35.4530912681791 -80.5748548458037,35.4526042670125 -80.5747968424794,35.4509812632511 -80.574713841997,35.450710262639 -80.5741238390844,35.44903125887 -80.5735108372666,35.4478662563089 -80.5730638362968,35.4471872548414 -80.5726708351843,35.4464652532649 -80.5724478337073,35.4456492514326 -80.572208832946,35.4451692503826 -80.5719128320752,35.4446092491636 -80.5718338317896,35.4444342487796 -80.5716528311979,35.4440632479696 -80.5708768286631,35.4424732445069 -80.5703238271493,35.44148024237 -80.570238826864,35.4413022419837 -80.5695608245674,35.439872238886 -80.5694518240567,35.4395742382328 -80.5693158232425,35.4391172372229 -80.5686878200624,35.4372852332062 -80.5683788167761,35.4355552293389 -80.5682228152345,35.4347382275178 -80.5681218133968,35.4338052254156 -80.5679508113532,35.4327392230329 -80.5678818091637,35.4316522205711 -80.5678708090833,35.4316082204742 -80.5675468067434,35.4303252176507 -80.5674518058999,35.4298732166507 -80.567388805336,35.4295712159827 -80.5670708025173,35.4280602126445 -80.5670468024024,35.4279932125001 -80.5671368025256,35.4280962127037 -80.5672288027672,35.4282572130391 -80.5672638028669,35.4283222131753 -80.567329803031,35.4284332134058 -80.5673578031129,35.4284862135171 -80.5674368033178,35.4286232138025 -80.5676638039117,35.4290192146288 -80.5680438049064,35.4296822160146 -80.5681078050726,35.4297932162467 -80.5689318040302,35.429691215735 -80.5691128037999,35.4296682156211 -80.5691998036894,35.4296572155665 -80.5704358006568,35.428798213173 -80.5705288003862,35.4287132129455 -80.5705898003059,35.4287042129038 -80.5716577989145,35.4285532121885 -80.5737167992514,35.4297122141665 -80.5738557985885,35.4294612135373 -80.5739317978599,35.4291482127854 -80.5747097970276,35.4291252124666 -80.5754427969408,35.4294382129453 -80.5758687978559,35.4300832143043 -80.5760577982408,35.4303592148845 -80.5765097998434,35.431346217038 -80.57709880124,35.4323002190751 -80.5779818019103,35.4330472205404 -80.5789438028716,35.4339712224041 -80.57902180305,35.4340942226687 -80.5791988026614,35.4339932223759 -80.5797398014124,35.4336552214111 -80.5799008016222,35.4338332217794 -80.5802818023294,35.4343552228898 -80.5806988019859,35.434391222845 -80.5814038014472,35.4344722228172 -80.5814848013805,35.4344792228086 -80.5828518002733,35.4346062226854 -80.5830658000627,35.4346082226239 -80.5831707999301,35.4345952225605 -80.5832967997492,35.4345692224597 -80.5836097991674,35.4344412220587 -80.5838977985311,35.4342752215746 -80.5840927979945,35.4341122211261 -80.5842017976299,35.4339902208018 -80.5842777973424,35.4338892205377 -80.5843607969725,35.4337522201855 -80.5844427964573,35.433545219667 -80.584456796324,35.4334882195269 -80.584458795818,35.4332472189526 -80.5844397955506,35.4331102186325 -80.5843587947537,35.4326902176586 -80.5843457943422,35.4324872171797 -80.5843647939551,35.4323112167547 -80.5843937936812,35.4321942164669 -80.5844557933365,35.4320592161254 -80.5846297926157,35.4317982154474 -80.5847507922074,35.4316612150816 -80.5848837918435,35.431551214776 -80.5851197913257,35.4314172143793 -80.5856097903597,35.431191213679 -80.5859647896612,35.4310282131727 -80.5864297887515,35.4308172125144 -80.5867557881469,35.4306852120903 -80.5869827877551,35.4306072118281 -80.5872427873676,35.4305472115978 -80.5874617870926,35.4305212114625 -80.5876587868775,35.4305132113777 -80.5878927866522,35.4305182113117 -80.5880957864813,35.4305342112825 -80.5883797862916,35.4305802112984 -80.588702786159,35.4306722114122 -80.5890047860538,35.4307672115404 -80.5892967860322,35.4308972117567 -80.5894147860642,35.430969211891 -80.5895657861364,35.431076212099 -80.5897257862917,35.4312272124102 -80.5900587866732,35.4315692131258 -80.59029078697,35.4318222136607 -80.590447786615,35.4317282133825 -80.5914967844712,35.4312092117838 -80.5917917839205,35.4310882113935 -80.5919267837343,35.4310642112908 -80.5920077836423,35.4310592112519 -80.5920817835887,35.4310692112517 -80.5922137835502,35.4311142113173 -80.5927137834622,35.4313122116332 -80.594416783165,35.431987212719 -80.5946257831604,35.4320852128902 -80.5947197831793,35.4321392129915 -80.5953477819659,35.4318622121113 -80.5954237818054,35.4318222119888 -80.5954877816318,35.4317702118408 -80.5955767813533,35.4316802115919 -80.5956357811385,35.4316062113917 -80.595859780157,35.4312462104378 -80.5963657779083,35.4304182082435 -80.5964017777249,35.4303482080599 -80.5964487774087,35.4302202077307 -80.5965487762996,35.4297402065212 -80.5966057759207,35.429587206127 -80.596639775773,35.4295332059832 -80.5967467754298,35.4294212056723 -80.5969887747803,35.4292282051168 -80.5971157744148,35.4291152047963 -80.5972457740148,35.4289872044378 -80.5973507736441,35.4288612040926 -80.5974747731177,35.4286702035811 -80.5975207728779,35.4285782033394 -80.5975847724498,35.4284052028924 -80.5976967718114,35.4281552022395 -80.5978227713584,35.428000201815 -80.5979977707888,35.4278132012943 -80.5967527699864,35.4268331993263 -80.5955487692537,35.4259051974846 -80.5952287690669,35.4256621970062 -80.5938277684267,35.4246821951264 -80.5929917680746,35.4241111940457 -80.5926867679177,35.4238891936196 -80.5924597677573,35.4237031932525 -80.5922287675088,35.4234731927808 -80.5920847673128,35.4233101924394 -80.5919947671523,35.4231901921823 -80.5916787664407,35.4226981911092 -80.591559766167,35.422510190699 -80.5911147652344,35.4218501892713 -80.5907727645309,35.4213491881914 -80.5904777639163,35.4209131872523 -80.5900927631083,35.4203411860216 -80.5897417624232,35.4198441849609 -80.5895627620644,35.4195861844098 -80.5891237614587,35.4190841833752 -80.5888727611838,35.4188311828666 -80.588464760855,35.4184761821767 -80.5894347585236,35.4178341802395 -80.5882617574802,35.4167661781502 -80.5877857570414,35.4163251772883 -80.5876387569252,35.4161981770446 -80.5869847564023,35.415630175956 -80.5862097557209,35.4149271746 -80.5861437556605,35.4148661744821 -80.5847757544513,35.4136211720952 -80.5844887541963,35.4133591715949 -80.5829667528552,35.4119741689672 -80.5824837524502,35.411544168161 -80.581709751804,35.4108561668764 -80.5813497515247,35.4105461663047 -80.5819277500246,35.4101111650165 -80.582414748728,35.4097291638921 -80.582713747958,35.4095071632304 -80.5824197477804,35.4092781628215 -80.581023747491,35.4084551615144 -80.5809497474499,35.4083991614162 -80.5802867469475,35.4078331603878 -80.5796267464614,35.4072761593834 -80.5785777493359,35.4081381618961 -80.5776077484694,35.407246160256 -80.5781207470504,35.4068181590131 -80.5784827460739,35.4065281581627 -80.578618745686,35.4064091578193 -80.5785017455933,35.4063071576352 -80.5777097449815,35.4056241564101 -80.577574744874,35.4055061561982 -80.5778357442742,35.4053471557012 -80.5786867426343,35.4049801544329 -80.5783357421187,35.4045601536164 -80.578273742003,35.4044741534447 -80.5781377415294,35.4041801528212 -80.5787507405132,35.4039951520897 -80.579120739924,35.4038951516749 -80.5790667381827,35.4030341496782 -80.5790417361903,35.4020671474186 -80.5789647345186,35.4012281454861 -80.5789607344226,35.4011801453754 -80.5790807342864,35.401174145301 -80.579245734131,35.4011811452347 -80.5795597338764,35.4012141451547 -80.579910733546,35.4012291450138 -80.5799867334907,35.4012401450016 -80.5803477334194,35.4013841451598 -80.5803007319457,35.4006551434654 -80.5800857320671,35.4006071434609 -80.5789477327999,35.4003961435404 -80.5790517309333,35.3995531415072 -80.5792347280605,35.3982671383908 -80.5792957270854,35.3978301373318 -80.5793687259267,35.3973111360735 -80.5794447246918,35.3967571347308 -80.5794867240242,35.3964581340054 -80.5795687227288,35.3958781325976 -80.5796157219433,35.3955251317421 -80.5796547211827,35.3951801309095 -80.5797017205078,35.3948801301783 -80.5797857192873,35.394337128855 -80.5798477183442,35.3939161278304 -80.5799477168147,35.3932331261678 -80.5800067159393,35.3928431252171 -80.5800597151557,35.392494124366 -80.5801677135905,35.3917981226667 -80.5802267127964,35.3914471218068 -80.5802617125659,35.3913541215682 -80.5802877124492,35.3913111214523 -80.5803367122417,35.3912361212482 -80.5805097114502,35.3909431204605 -80.5805517112772,35.3908811202908 -80.5806797107391,35.3906871197613 -80.5808687099497,35.3904031189848 -80.5810057092769,35.3901491183079 -80.5812997075134,35.3894511164927 -80.5820897026011,35.3874931114083 -80.5822937013209,35.3869821100797 -80.5824337005022,35.3866601092352 -80.5826356992175,35.3861461078986 -80.5826606989532,35.3860321076137 -80.5826606986042,35.3858651072179 -80.582645698482,35.3857991070703 -80.5825986982572,35.3856681067876 -80.5825346980125,35.3855191064724 -80.5823496974093,35.3851381056796 -80.5820186964759,35.384526104428 -80.5819156962387,35.3843611040993 -80.5818296959984,35.384203103777 -80.5817476957162,35.3840271034099 -80.5816886953663,35.3838301029796 -80.5816686951052,35.3836951026724 -80.581661694538,35.3834201020264 -80.5816726936783,35.3830141010597 -80.5816946930809,35.3827391003961 -80.5817146927696,35.3826001000553 -80.5818696917594,35.3821940990004 -80.5823636917381,35.3824310992597 -80.5831656916628,35.3827960996367 -80.584032691679,35.3832371001584 -80.5855476888055,35.3826200977686 -80.5883926833547,35.3814370931933 -80.5890076821709,35.3811790921937 -80.5891516818945,35.3811190919604 -80.5896726808864,35.3808980911059 -80.5898386814985,35.3812730919075 -80.5899086815761,35.381345092038 -80.5900156815648,35.3813930920879 -80.5901156815084,35.3814160920818 -80.590438681181,35.381421091895 -80.5906906809614,35.3814420917905 -80.5910536807138,35.3815050917194 -80.5913416805656,35.3815780917189 -80.59258067992,35.3818880917094 -80.5936336793666,35.382149091699 -80.5942046790719,35.3822930917006 -80.5949586786722,35.3824780916917 -80.5952136785547,35.3825490917096 -80.5952796785235,35.3825670917134 -80.5956916784227,35.3827240918463 -80.5963396783379,35.3830060921427 -80.5966966782843,35.3831580922987 -80.5974196781868,35.3834710926291 -80.5997446778471,35.3844640936761 -80.6003876777589,35.3847410939763 -80.6005966777323,35.3848320940766 -80.6017916775422,35.3853340946093 -80.6030196773481,35.3858500951643 -80.6032086773196,35.3859300952518 -80.6042016771967,35.386363095746 -80.6046886771401,35.3865770959944 -80.6050956771565,35.3867860962782 -80.6053716771936,35.3869400965019 -80.6056426772823,35.387116096784 -80.6058796774234,35.3873000971066 -80.6060666775913,35.3874720974286 -80.606244677834,35.3876750978339 -80.6063666780359,35.3878310981542 -80.6064546782163,35.3879600984267 -80.606643678686,35.38827609911 -80.6067286790404,35.3884860995879 -80.6068186795752,35.3887841002838 -80.6068816800707,35.3890501009153 -80.6069856810656,35.3895731021686 -80.6070556817352,35.3899251030126 -80.6072496833033,35.3907641050099 -80.6073426839028,35.3910941057867 -80.6074126841782,35.3912591061621 -80.6074916844041,35.3914051064849 -80.6075766846028,35.3915411067793 -80.6080756855766,35.3922481082802 -80.6085646864431,35.3928991096496 -80.6087406867565,35.3931341101451 -80.6096556882167,35.394275112525 -80.6098376885434,35.3945191130429 -80.6100246889557,35.3948061136673 -80.6101966893879,35.3950951143055 -80.6103906900402,35.3954991152233 -80.6104496902748,35.395639115546 -80.6105236906945,35.3958741161012 -80.6107336904414,35.3958571159462 -80.6108346903664,35.3958711159279 -80.610928690322,35.3958961159412 -80.6110796902904,35.3959551160102 -80.6111386903012,35.395989116065 -80.6112186904318,35.3960901162785 -80.611428690016,35.3959961159285 -80.6117646893958,35.3958671154224 -80.612031688921,35.3957731150415 -80.6123676883704,35.3956771146184 -80.6126556879266,35.3956081142892 -80.6129306875384,35.3955591140177 -80.6132316871107,35.3955041137168 -80.6136836865076,35.3954401133119 -80.6158286835872,35.3951091113164 -80.6160016833425,35.3950781111441 -80.6162026834159,35.395211111377 -80.6166226835146,35.3954631117983 -80.6176236837025,35.396041112749 -80.617751683729,35.3961161128739 -80.6184306838781,35.3965181135488 -80.618735683944,35.3966981138515 -80.6189566839782,35.3968221140546 -80.6192076840174,35.3969631142862 -80.6195026840875,35.3971401145879 -80.6201916842359,35.397546115276 -80.6211846844248,35.3981191162419 -80.6216426845201,35.3983871166992 -80.6222296846352,35.3987271172783 -80.6226706847421,35.3989921177398 -80.6232696848666,35.399342118343 -80.6236906849543,35.3995881187683 -80.6241286850458,35.3998441192122 -80.6252916853093,35.4005331204215 -80.6260036854271,35.4009341211119 -80.6261716854409,35.4010221212579 -80.6269766853891,35.4013881218139 -80.6271616854237,35.4014941219996 -80.6273896854885,35.401635122256 -80.6278766856649,35.4019541228519 -80.628822686007,35.4025731240128 -80.6298496863793,35.4032451252807 -80.6331636876683,35.4054511295261 -80.6339326879928,35.4059741305529 -80.6340796880485,35.4060711307418 -80.6345886883123,35.4064401314854 -80.6350886886198,35.4068251322782 -80.6352476887209,35.406949132535 -80.6360716892892,35.4076121339239 -80.6370666899732,35.4084111356052 -80.6374206901715,35.4086741361484 -80.6378006903561,35.408943136697 -80.6380806904278,35.4091111370207 -80.6381986904328,35.4091701371255 -80.638492690407,35.4092991373387 -80.639058690201,35.4094741375525 -80.6394626900884,35.4096151377493 -80.639724690087,35.4097401379678 -80.6398786901429,35.409840138168 -80.6400556902414,35.4099711384417 -80.640262690431,35.4101591388562 -80.6403506905481,35.4102561390787 -80.6403996906859,35.4103441392945 -80.6404146908201,35.4104141394769 -80.6404206910979,35.4105471398337 -80.6403806914037,35.4106711401867 -80.6400596931882,35.4113531421721 -80.63960069566,35.4122911449064 -80.6392536976262,35.4130461470938 -80.639211697827,35.4131201473116 -80.6398006974691,35.413234147364 -80.6405266969842,35.4133541473742 -80.6419116960448,35.4135761473778 -80.6425016956457,35.4136711473816 -80.6446556940977,35.413975147284 -80.646859692305,35.4141881469233 -80.6471876920303,35.4142161468599 -80.6486546908038,35.4143421465799 -80.6500666895521,35.4144301462207 -80.6534946864679,35.4146221452944 -80.6542176858121,35.414660145093 -80.6551316849682,35.4147011448193 -80.6558676843057,35.4147421446215 -80.6565146837212,35.414777144445 -80.6565636836776,35.4147801444326 -80.6569496833142,35.4147941443082 -80.6580686822678,35.4148381439575 -80.6584986818465,35.4148461437979 -80.6589176814129,35.414843143612 -80.6594266808875,35.414840143388 -80.6596516806301,35.4148271432562 -80.6599186803019,35.4148011430699 -80.660081680082,35.4147761429305 -80.6603436797008,35.4147231426701 -80.6612226783633,35.4145181417187 -80.6616366776914,35.414402141215 -80.6618056773835,35.4143391409649 -80.6623076764387,35.4141381401824 -80.6636226739018,35.4135831380461 -80.6661216690856,35.4125321339739 -80.6662916687567,35.4124601336943 -80.6674756721847,35.4146101393222 -80.6678346729253,35.4151231406371 -80.6679686731079,35.4152711410041 -80.6681166733562,35.4154561414713 -80.668955674355,35.4163151435816 -80.6691836746473,35.416558144184 -80.6692706747486,35.4166461444004 -80.6695916751147,35.4169671451893 -80.6698396753091,35.4171741456818 -80.6699196753896,35.4172491458645 -80.6701496755463,35.4174301462904 -80.6707896758799,35.417886147341 -80.6712066760627,35.418167147981 -80.6714996762377,35.4183861484936 -80.6717896762453,35.4185261487804 -80.6719196762817,35.418604148953 -80.6722296763403,35.4187771493277 -80.6725186763923,35.4189371496738 -80.672781676447,35.4190861499991 -80.6728146762946,35.4190311498271 -80.6730896750879,35.4186021484772 -80.6731816747112,35.4184711480614 -80.6736486728118,35.4178121459664 -80.6739146718256,35.4174811448999 -80.6739456717119,35.4174431447772 -80.6743716702123,35.4169501431744 -80.6746806691603,35.4166091420585 -80.6750836678502,35.4161931406847 -80.675470666634,35.4158131394201 -80.6761846645391,35.4151811372836 -80.6765356635645,35.4148961363062 -80.6774436611515,35.4142091339189 -80.6778316601906,35.4139481329915 -80.6784886586172,35.4135311314916 -80.6789106576515,35.4132841305874 -80.6795256562958,35.4129481293378 -80.6797556557966,35.4128261288805 -80.6805326541926,35.4124521274454 -80.6814406524239,35.4120641259082 -80.6819916514098,35.4118561250541 -80.6827216500999,35.4115961239665 -80.686057644312,35.4105011192445 -80.6867326431588,35.4102881183094 -80.687667641522,35.4099751169579 -80.688036640877,35.4098521164252 -80.6886876397542,35.4096421155049 -80.6894606383106,35.409342114259 -80.6900376372131,35.4091091133002 -80.690548636196,35.4088821123879 -80.691079635106,35.4086311113933 -80.6917736336138,35.4082721099983 -80.6922386325757,35.4080141090095 -80.69308963058,35.4074981070648 -80.6937076290425,35.4070831055281 -80.6943846272699,35.4065881037196 -80.6948726259326,35.4062041023316 -80.695262624822,35.4058781011631 -80.6956606236353,35.4055210998957 -80.6961426221159,35.4050510982448 -80.6968736196579,35.4042680955234 -80.6973176180196,35.4037260936661 -80.6978296160515,35.4030650914117 -80.6979956153354,35.4028150905716 -80.6980966149108,35.4026680900758 -80.6983486138487,35.4023000888341 -80.6984646132995,35.4021030881784 -80.6985566128558,35.4019430876467 -80.6988116116223,35.4014980861676 -80.6988466114531,35.4014370859647 -80.6988856112668,35.4013700857416 -80.699131609942,35.4008790841254 -80.6993376086975,35.4004060825829 -80.7001136034883,35.3983860760364 -80.7013375947473,35.3949620649478 -80.7022765880322,35.3923330564015 -80.7031955814607,35.3897620480159 -80.703610578575,35.3886390443367 -80.7046325711933,35.3857490348711 -80.7048045700038,35.3852870333496 -80.7056555638977,35.3829010255001 -80.706747556057,35.3798390153925 -80.7071495533645,35.3788010119373 -80.7073425521424,35.3783350103766 -80.7078135493503,35.3772850068331 -80.7082135471267,35.3764610040288 -80.7086125450722,35.3757140014596 -80.7092005422602,35.3747119979735 -80.7093935413893,35.3744069969018 -80.7097865396092,35.3737829947083 -80.710122538156,35.3732809929285 -80.7123615294699,35.3703939824469 -80.7130545270328,35.3696159795483 -80.7137835246161,35.368864976703 -80.713854524381,35.368791976426 -80.7146745216455,35.3679399731947 -80.7163735159991,35.3661859665094 -80.7164905156096,35.3660649660471 -80.7165595153807,35.3659939657755 -80.7174755123379,35.3650499621601 -80.718367509374,35.3641309586307 -80.7189845073225,35.3634949561829 -80.7196225052019,35.3628379536491 -80.7196695050421,35.3627879534572 -80.7195285049806,35.3626919532559 -80.7194185049259,35.3626139530893 -80.7189315047107,35.3622809523914 -80.7180065042907,35.3616429510537 -80.7177665041633,35.3614689506811 -80.7175445040805,35.3613239503871 -80.7173815040076,35.361211950154 -80.7169995038357,35.3609489496069 -80.7160845034201,35.3603169482949 -80.7138725024256,35.3587919451595 -80.7132195021334,35.3583419442419 -80.7122255016917,35.3576579428547 -80.7112545012551,35.3569869414984 -80.7105305009331,35.3564879404961 -80.7104915009156,35.3564609404418 -80.7102285007971,35.3562789400766 -80.7088755001963,35.3553459382164 -80.7081125000645,35.3549139374649 -80.7079605000385,35.3548279373158 -80.7078055000134,35.3547409371661 -80.7073814999385,35.3544999367481 -80.7071434998992,35.3543659365179 -80.7070184998773,35.3542949363952 -80.7066944998206,35.3541109360779 -80.7061664997324,35.3538129355679 -80.7048774995215,35.353086934335 -80.7048114995023,35.3530459342604 -80.7045714994615,35.3529099340296 -80.7043464994221,35.352781933812 -80.7041344993863,35.3526619336092 -80.7039804993651,35.3525769334687 -80.7034994992782,35.3523019330017 -80.6998584986746,35.3502419295819 -80.6992334985692,35.3498869289992 -80.6982364984067,35.3493229280822 -80.6976434983093,35.3489869275381 -80.6973554982603,35.3488229272723 -80.6969554981963,35.3485969269093 -80.6967334981618,35.3484719267096 -80.6954704979535,35.3477549255619 -80.6937694976765,35.3467899240346 -80.6936974976711,35.3467519239789 -80.6936514976725,35.3467299239503 -80.69354549766,35.3466719238622 -80.6930584975362,35.3463749233668 -80.6928184962047,35.3456449213699 -80.6926244951266,35.3450539197545 -80.6924344940357,35.3444589181251 -80.6922804932023,35.3439999168751 -80.6919064910801,35.3428399137072 -80.691581489267,35.3418459110003 -80.6908444851554,35.3395909048731 -80.690295482096,35.3379119003236 -80.6901364812109,35.3374258990088 -80.6899504801745,35.3368568974704 -80.6897874792678,35.3363588961252 -80.6895594779967,35.3356608942409 -80.6895374778683,35.3355908940512 -80.6894174772024,35.3352248930644 -80.6882864708981,35.3317608837453 -80.687741467865,35.3300928792743 -80.6872124649269,35.3284758749507 -80.687078464182,35.3280658738558 -80.6864374606225,35.3261058686311 -80.6860884586792,35.325035865784 -80.6853614546371,35.3228088598728 -80.6852814541947,35.3225648592266 -80.6840524473781,35.3188048492935 -80.6836264450133,35.3174998458578 -80.6830684419201,35.3157918413714 -80.6830144416562,35.3156428409858 -80.6829464413296,35.3154578405082 -80.6829184411933,35.3153808403091 -80.6821234376036,35.3133228350448 -80.6820164371163,35.3130438343318 -80.6814804346968,35.3116558307935 -80.6813084339214,35.3112108296611 -80.6811624332629,35.3108328286997 -80.680948432094,35.310184827016 -80.6808794316889,35.3099628264351 -80.6797644252505,35.3064238172142 -80.6795924242555,35.3058768157926 -80.6792644223631,35.304835813091 -80.6789274204184,35.3037658103181 -80.6788594200367,35.3035548097734 -80.6787174192021,35.3030968085857 -80.6785584182781,35.3025888072709 -80.6784784178253,35.302338806626 -80.678114415743,35.3011908036641 -80.6778854145096,35.3005038019061 -80.6778394142641,35.300366801556 -80.6778334142296,35.3003478015071 -80.6778174141434,35.3002998013843 -80.6774144120082,35.2991067983424 -80.6772234109888,35.2985377968921 -80.6770654101514,35.2980697957013 -80.6769664096554,35.2977897949941 -80.6768594090884,35.2974727941883 -80.6766234078403,35.2967747924157 -80.676595407694,35.2966927922079 -80.6764544069399,35.2962717911384 -80.6761674054353,35.295428789004 -80.6759464042708,35.294776787354 -80.6757964034731,35.294330786225 -80.6757504032366,35.2941977858899 -80.6757044029894,35.2940597855403 -80.6755774023911,35.2937177846888 -80.675392401345,35.2931387832148 -80.6747363978857,35.2912007783315 -80.674722397817,35.2911617782343 -80.6747073977365,35.2911167781209 -80.673861393279,35.2886177718466 -80.6738273931009,35.2885177715962 -80.6736653922511,35.2880407704022 -80.6731433895006,35.2864977665433 -80.672486386058,35.284563761723 -80.6719813833928,35.2830677580005 -80.6714533806057,35.2815027541154 -80.6712503795316,35.2808997526204 -80.6712073793079,35.2807737523089 -80.6703143748136,35.2782267460542 -80.6702263722723,35.2770037426456 -80.6702093716264,35.276695741781 -80.6701943712353,35.2765067412561 -80.6701813707016,35.276252740542 -80.6701583701662,35.2759927398229 -80.6701273698493,35.2758297393924 -80.6701013696887,35.2757417391713 -80.6700453695058,35.2756277389123 -80.6699533692989,35.2754837386113 -80.6697943690597,35.2752897382491 -80.6696953689492,35.2751867380748 -80.6693843686942,35.2749057376502 -80.6691313684578,35.274663737267 -80.6689143682564,35.2744567369406 -80.6688003681285,35.2743377367399 -80.6686453678679,35.2741357363522 -80.6684913674249,35.2738497357229 -80.6684043671091,35.2736577352805 -80.6682743665118,35.2733127344535 -80.6679493649962,35.2724397323581 -80.6678483644051,35.2721127315482 -80.6677203632105,35.2714917299317 -80.6676443623885,35.2710707288228 -80.6676403623434,35.271047728762 -80.6674913607824,35.2702457266559 -80.6674393602267,35.2699607259066 -80.6673373592143,35.2694377245404 -80.6672703588245,35.2692217240077 -80.6672373586312,35.2691147237436 -80.6671673583504,35.2689477233549 -80.6671503582748,35.2689037232507 -80.6670903580884,35.2687857229895 -80.6670333579396,35.2686867227788 -80.6669293577127,35.2685267224535 -80.6666803572601,35.2681857217955 -80.6664773569386,35.2679297213225 -80.6664153569444,35.2678997213156 -80.6660923569728,35.267742721278 -80.6657503569862,35.2675687212168 -80.6654633570019,35.2674247211716 -80.6651823570194,35.2672847211307 -80.6598813573388,35.2646327204129 -80.6596463573633,35.2645197203976 -80.6594593573741,35.2644257203743 -80.6592403573869,35.2643157203474 -80.6589213574104,35.264157720315 -80.6588583574004,35.2641197202896 -80.658089357483,35.2637507202475 -80.658019357466,35.2637057202118 -80.6559453576035,35.2626697200016 -80.6555963576191,35.2624917199585 -80.6545743576959,35.2619847198758 -80.6531733577811,35.2612797197445 -80.6530043578023,35.2611997197434 -80.6529313578084,35.261163719739 -80.6528433578144,35.261119719732 -80.6514443579164,35.2604227196342 -80.6495763580457,35.2594877195092 -80.646696358273,35.2580567193847 -80.64648935827,35.2579447193525 -80.6423533585831,35.2558777192294 -80.6422203586329,35.2558297192772 -80.642131358613,35.2557727192417 -80.6397423587853,35.2545717191993 -80.6391253588394,35.254265719205 -80.6373863589755,35.2533947192098 -80.6365133590388,35.2529547192113 -80.6364163590478,35.2529067192142 -80.6363903590499,35.2528937192146 -80.6351923591503,35.2522957192403 -80.6321643594292,35.2507937193673 -80.6321083594339,35.2507657193696 -80.6320823594362,35.2507527193706 -80.6317353594689,35.250580719389 -80.6317183594714,35.2505727193911 -80.6316993594741,35.2505637193932 -80.6316683594778,35.2505487193958 -80.6315673594555,35.2504837193618 -80.6296013608859,35.2495017207076 -80.6294583610808,35.2494287208958 -80.6281313628805,35.2487647226485 -80.6279313631512,35.2486647229135 -80.6275923636061,35.2485037233641 -80.6249173672339,35.2471057269294 -80.6242233681689,35.2467477278615 -80.6218903712994,35.2455427310151 -80.6218003714196,35.2454967311374 -80.6217743714542,35.2454837311728 -80.6217143715344,35.2454527312543 -80.6214223719247,35.2453017316515 -80.6172273775012,35.2431217374108 -80.6167113781765,35.242869738127 -80.6163583786408,35.2426897386174 -80.6142073814663,35.2415767416204 -80.6093023878433,35.2390447485675 -80.6057153924511,35.2371917537349 -80.6054553927832,35.2370577541123 -80.6053643928993,35.2370107542444 -80.6052243930786,35.2369367544479 -80.6033943954074,35.2359927571176 -80.5998673998613,35.234171762317 -80.5997304000335,35.2341007625205 -80.5997993999748,35.2340477624222 -80.6007053991111,35.2336497611161 -80.6007723990478,35.2336187610194 -80.6009953988376,35.2335147606974 -80.6013333985137,35.2333747602083 -80.6021353977425,35.2330547590452 -80.6024303974636,35.232923758617 -80.6027793971261,35.2327927581093 -80.6030593968595,35.2326757577019 -80.6033203966129,35.2325617573219 -80.6036283963219,35.2324277568731 -80.6038553961061,35.232333756542 -80.604135395842,35.2322117561333 -80.604398395598,35.2320857557493 -80.604703395323,35.231916755304 -80.6048723951709,35.2318227550571 -80.6053663947349,35.2315237543346 -80.6055493945829,35.231385754067 -80.6057173944472,35.2312477538212 -80.6060153942111,35.2309907533848 -80.6067273936394,35.2304057523384 -80.60698439343,35.2302057519595 -80.6072723931936,35.2299877515342 -80.607664392882,35.2296637509542 -80.6080103926025,35.2293927504412 -80.6097123912477,35.2280307479019 -80.6098963910926,35.2279107476261 -80.610111390914,35.2277637473035 -80.6103483907093,35.2276247469476 -80.6105263905598,35.22750874668 -80.6107633903566,35.2273667463234 -80.6116313895918,35.2269097450156 -80.6125223887912,35.2264917436696 -80.6128543884959,35.2263297431669 -80.6132803881215,35.2261107425207 -80.6138643876056,35.2258207416334 -80.6140443874445,35.2257377413598 -80.6143393871832,35.2255947409107 -80.6149503866401,35.2253067399793 -80.6150463865548,35.2252617398328 -80.615504386142,35.2250637391339 -80.6157953858783,35.2249427386896 -80.6160323856545,35.2248687383284 -80.6163123853932,35.2247737379011 -80.6169683847667,35.2245907369007 -80.6174183843319,35.2244797362144 -80.6178743838897,35.2243727355187 -80.6184673833097,35.224247734614 -80.6189753828101,35.2241487338387 -80.6196913821014,35.224022732746 -80.6201973815974,35.2239427319737 -80.6206363811626,35.2238677313029 -80.6211323806764,35.2237707305438 -80.6226403791932,35.2234937282339 -80.6230433787997,35.2234137276153 -80.6237163781373,35.2232947265827 -80.6241893776673,35.2232227258575 -80.6244773773814,35.2231787254157 -80.6248763769753,35.2231427248058 -80.6252123766256,35.2231317242937 -80.6256793761312,35.223136723584 -80.6267263750021,35.2231987219979 -80.626986374723,35.2232107216038 -80.6278673737762,35.2232537202689 -80.6281983734163,35.2232797197686 -80.6286803728917,35.2233187190403 -80.6290823724563,35.2233457184324 -80.6296873718059,35.2233747175164 -80.6302463712068,35.2233967166697 -80.6309023705006,35.223429715677 -80.6322683690243,35.2235107136125 -80.6335583676288,35.2235887116641 -80.6346713664212,35.2236627099849 -80.6357483652577,35.223721708359 -80.6363403646378,35.2237097074587 -80.6366873642829,35.223683706928 -80.6371353638348,35.2236277062392 -80.6383083626755,35.2234527044295 -80.6400203609954,35.2231767017806 -80.6404473605724,35.2231177011208 -80.6408393601832,35.2230657005152 -80.6411623598682,35.2230107000139 -80.6417253593192,35.2229156991398 -80.6421293589314,35.2228346985098 -80.6424113586676,35.2227636980671 -80.6428343582864,35.2226266973968 -80.6429263582056,35.2225926972501 -80.6432883578868,35.222460696673 -80.6437443575044,35.2222546959376 -80.644664356729,35.2218516944531 -80.6455693559686,35.2214556929889 -80.6469453548173,35.2208536907552 -80.647559354312,35.2205716897526 -80.6477283541728,35.2204946894764 -80.648336353669,35.2202256884834 -80.6491313530101,35.2198776871832 -80.649294352875,35.2198066869163 -80.6494143527756,35.2197546867198 -80.6507003517141,35.2191936846087 -80.6510643514177,35.2190286840083 -80.6515813509973,35.2187946831544 -80.6541113489334,35.2176866789658 -80.6548613483374,35.2173346777121 -80.6552623480215,35.2171426770396 -80.6554833478477,35.2170366766686 -80.6559293475161,35.2167866759095 -80.6562523472837,35.2165916753553 -80.6562893472574,35.2165686752916 -80.6564353471638,35.2164586750351 -80.6569103468582,35.2161046742002 -80.6587193456743,35.2148146710196 -80.65884934559,35.21472167079 -80.6592823453016,35.2144276700286 -80.6595653451273,35.2142096695228 -80.6602443446922,35.2137216683167 -80.6606123444608,35.2134506676596 -80.6608883442903,35.2132426671647 -80.6612883440672,35.2128976664336 -80.6614873439728,35.2126956660604 -80.661611343926,35.2125476658211 -80.6617613438883,35.212333665521 -80.6618603438816,35.2121586653128 -80.6623733439316,35.211098664185 -80.6625373439502,35.2107566638223 -80.6627913439798,35.2102266632592 -80.6628933439736,35.2100476630428 -80.6630063439517,35.2098776628115 -80.6631353438976,35.2097376625634 -80.6633023438157,35.2095786622488 -80.6635023436937,35.2094326618851 -80.6637443435276,35.2092906614553 -80.663907343403,35.2092186611728 -80.6642163431503,35.2091126606463 -80.6644063429879,35.2090606603265 -80.6648523425845,35.2089796595882 -80.6651283423251,35.2089476591368 -80.6658823416241,35.2088466578988 -80.6664413411098,35.2087626569774 -80.6672813403374,35.2086366555921 -80.6676773399678,35.208587654942 -80.6680553396152,35.2085406543212 -80.6684283392711,35.2084876537062 -80.66877233895,35.2084456531411 -80.6689233388094,35.2084266528928 -80.6690323387076,35.2084136527138 -80.6692343385143,35.2083976523848 -80.6695433382127,35.2083836518849 -80.6698673378888,35.2083826513653 -80.6701013376516,35.2083876509921 -80.6701123378658,35.2079896508386 -80.6705643376613,35.2075536499634 -80.6712633372849,35.206989648644 -80.6707863381837,35.206244649155 -80.6707123383697,35.2060466492062 -80.6706313385649,35.2058446492676 -80.6712763380605,35.2056066481421 -80.6712413381368,35.2055336481734 -80.6712953380958,35.2055116480783 -80.6717753377298,35.2053196472342 -80.6714653382749,35.2049026475908 -80.6714143383659,35.2048316476488 -80.6719903379406,35.2045796466258 -80.6725943374951,35.2043166455518 -80.6727443373966,35.2042306452775 -80.6728653372363,35.2043016451061 -80.6729713371069,35.2043446449492 -80.6752953340741,35.2056086416408 -80.6756843335683,35.2058136410877 -80.6759913331756,35.2059636406474 -80.676659332319,35.2062916396919 -80.6770703317912,35.2064936391053 -80.6772213314771,35.2067706389671 -80.6775543307195,35.2074896387055 -80.6782973300361,35.2073916374733 -80.679709328738,35.2072066351299 -80.6800853284394,35.2070796344746 -80.6802643282978,35.2070186341622 -80.6804243281678,35.2069696338851 -80.6806283280008,35.2069096335326 -80.6813943273674,35.2066956322125 -80.681609327123,35.2067456318862 -80.6816663270614,35.2067536317976 -80.6817623269743,35.2067396316372 -80.6817943269431,35.2067386315852 -80.6818283269135,35.2067316315275 -80.6818533269135,35.2066906314706 -80.6818853269011,35.206658631406 -80.6819783268274,35.2066276312435 -80.6821613266965,35.2065436309142 -80.6822133266581,35.2065216308213 -80.6823223265783,35.2064746306264 -80.6825943263835,35.2063506301367 -80.6828403262135,35.2062286296895 -80.6829873261017,35.2061726294291 -80.6830303260785,35.2061406293464 -80.683051326095,35.2060796292873 -80.6831163261879,35.2058226290761 -80.683199326239,35.2056046288518 -80.6832423262467,35.2055226287482 -80.6833033262285,35.205453628621 -80.6834603261263,35.2053666283307 -80.6835273260814,35.2053316282077 -80.6835623260639,35.2053036281394 -80.6835963260468,35.205276628073 -80.6836263260325,35.205251628014 -80.6838293260042,35.204970627568 -80.6838423260012,35.2049546275403 -80.6838833259785,35.2049256274617 -80.6840003259126,35.2048446272381 -80.684164325785,35.2047886269486 -80.6842373257486,35.2047306268058 -80.6843073257404,35.2046316266507 -80.6843353257454,35.204578626583 -80.684369325731,35.2045476265147 -80.6844303256843,35.2045256264064 -80.6844943256285,35.2045136262974 -80.684576325545,35.204517626166 -80.6846123255206,35.2044996261 -80.684625325517,35.2044846260725 -80.6846113255512,35.2044516260813 -80.6846063255778,35.2044166260747 -80.6846183255974,35.2043656260337 -80.6846353256035,35.2043286259905 -80.6846723255843,35.2043006259186 -80.6847113255557,35.2042846258484 -80.6847493255188,35.2042836257863 -80.6847803254956,35.2042716257308 -80.6848303254816,35.2042146256254 -80.6850353253462,35.2041066252464 -80.6850573253276,35.2041016252085 -80.6850833253001,35.2041046251675 -80.6851043252719,35.2041166251385 -80.6851283252458,35.2041206251011 -80.6852423251321,35.2041226249166 -80.6852843250932,35.2041186248466 -80.6853023250822,35.2041076248127 -80.6853153250824,35.2040866247826 -80.6853673250628,35.2040356246763 -80.6854043250425,35.204009624605 -80.685594324962,35.2038376242226 -80.6856763249173,35.2037796240643 -80.6857393249012,35.2037056239301 -80.6857893248831,35.2036556238273 -80.6858673248374,35.2036056236788 -80.686075324718,35.2034686232811 -80.6861533246979,35.2033776231149 -80.6862093246672,35.2033386230068 -80.6863193246257,35.2032316227813 -80.6864413245501,35.2031606225517 -80.6862473248418,35.2029986227985 -80.6860373251727,35.2027986230553 -80.6859113253492,35.2027136232247 -80.6858183254747,35.2026586233531 -80.6857663255531,35.2026146234193 -80.6856483257453,35.2024916235596 -80.6855613258747,35.2024206236715 -80.6855043259628,35.2023686237425 -80.6854503260691,35.2022826237942 -80.6854243261101,35.2022576238261 -80.685383326167,35.2022306238817 -80.6853403262383,35.2021836239321 -80.6851953264615,35.2020526241138 -80.6850873266335,35.2019456242452 -80.6849863268011,35.2018346243637 -80.6849123269193,35.2017606244536 -80.6848813269657,35.2017346244935 -80.6848593269915,35.2017276245265 -80.6848533270085,35.2017096245288 -80.684852327025,35.2016846245198 -80.6848173270975,35.201622624551 -80.6847883271463,35.2015896245846 -80.6847253272697,35.2014896246457 -80.6842613279763,35.2010786252345 -80.6829633299785,35.1998756268709 -80.6835173294933,35.1997896259213 -80.686737326683,35.1992846203894 -80.6878713257132,35.199079618425 -80.6880963255338,35.1990186180259 -80.6883813253134,35.1989306175156 -80.6922523200727,35.2012476121845 -80.6922823199447,35.2014006122062 -80.692390319521,35.2018936122581 -80.6924393193317,35.2021126122796 -80.6931443188274,35.2018256109908 -80.6947923176786,35.2011176079518 -80.6945993181982,35.2006106080271 -80.694585318236,35.2005736080325 -80.6948073182037,35.2002926075329 -80.6948713181931,35.2002136073897 -80.6949033182039,35.2001496073063 -80.6950243181622,35.2000336070513 -80.6951273181224,35.1999416068373 -80.6952023181073,35.1998536066714 -80.6953163181009,35.1996946064069 -80.6954193181092,35.1995296061575 -80.6955273181017,35.1993816059078 -80.6957203180638,35.1991546054793 -80.6957683180324,35.1991316053888 -80.6958053180124,35.199107605316 -80.6958343180409,35.1990216052264 -80.6958563180505,35.1989746051673 -80.6959213180264,35.1989156050312 -80.6960083179718,35.1988706048654 -80.6960193180053,35.1988036048147 -80.6960243180314,35.1987566047837 -80.6961003179744,35.1987316046457 -80.6963693177908,35.1986156041439 -80.6965473176564,35.1985586038212 -80.6966203176221,35.1985036036734 -80.6968063175205,35.1983856033075 -80.6969053174983,35.198274603089 -80.6969293174857,35.1982586030414 -80.6971413173334,35.198179602651 -80.6973343172141,35.1980786022811 -80.6973933171804,35.198043602166 -80.6974493171549,35.1980006020519 -80.6975173171332,35.1979346019065 -80.6976383170198,35.1979296017031 -80.6976923169724,35.19792260161 -80.6978083168991,35.1978646013887 -80.6979143168495,35.1977856011735 -80.6979443168352,35.1977636011128 -80.6980103167976,35.1977246009839 -80.6981593167027,35.1976516007001 -80.6981973166694,35.1976466006344 -80.698242316626,35.1976466005597 -80.6983033165619,35.1976546004622 -80.6987153161551,35.197669599785 -80.6987743160989,35.1976685996865 -80.6987913160906,35.1976565996523 -80.6988003160933,35.1976395996288 -80.6987993161083,35.19761859962 -80.6987393163257,35.1973795996002 -80.6987173164231,35.1972655995799 -80.6987163164775,35.1971855995416 -80.6987263164846,35.1971605995124 -80.6987633164784,35.1971165994289 -80.6988563164358,35.197046599239 -80.6988623164421,35.19702859922 -80.6988203166168,35.1968275991894 -80.698825316628,35.1968035991691 -80.6988443166285,35.1967755991234 -80.6990133165613,35.1966335987706 -80.6990503165512,35.1965955986898 -80.6990993165678,35.1965005985605 -80.6991223165692,35.1964655985045 -80.6991413165637,35.1964465984633 -80.6991933165379,35.1964105983584 -80.6992963164908,35.1963335981478 -80.6993123164942,35.1963055981071 -80.6993703165311,35.1961675979408 -80.699397316516,35.1961515978876 -80.6994373164871,35.1961375978138 -80.6995423163912,35.1961305976349 -80.6995813163619,35.1961185975637 -80.6996153163394,35.1961035974993 -80.6996733163067,35.1960695973853 -80.6997613162755,35.1959905971984 -80.6998493162531,35.1958985970047 -80.6999043162254,35.1958615968941 -80.7000723161319,35.1957615965625 -80.7002363160518,35.1956475962304 -80.7003093160292,35.1955775960726 -80.7004863159545,35.1954375957052 -80.7006003158921,35.1953685954791 -80.7006613158514,35.1953425953637 -80.7006943158361,35.1953185952962 -80.7007223158316,35.1952855952324 -80.7007703158155,35.1952415951295 -80.7008733157659,35.1951695949202 -80.7009423157264,35.1951305947846 -80.7010403156768,35.1950655945871 -80.7011113156585,35.1949925944306 -80.7011393156467,35.1949705943724 -80.70122931559,35.1949275941994 -80.701272315574,35.1948905941083 -80.701311315566,35.1948475940208 -80.7013413155516,35.1948265939597 -80.7013813155284,35.1948045938813 -80.701439315488,35.1947825937726 -80.7015013154405,35.1947655936599 -80.7015933153765,35.1947305934874 -80.701809315238,35.1946315930738 -80.7018653152091,35.1945955929612 -80.7019163151912,35.1945505928523 -80.7019483151729,35.1945325927893 -80.701986315153,35.194508592713 -80.7020183151355,35.1944895926495 -80.7020323151337,35.1944725926172 -80.7020503151302,35.1944525925766 -80.702063315126,35.1944405925485 -80.7020843151182,35.1944225925039 -80.7021073151072,35.194406592457 -80.7021313150946,35.1943915924089 -80.7021563150803,35.1943775923596 -80.7022213150477,35.1943345922282 -80.7022763150192,35.1942995921176 -80.702364314973,35.1942445919411 -80.7024123149478,35.1942145918448 -80.7024523149268,35.1941895917646 -80.7024813149108,35.194172591707 -80.7025253148874,35.1941455916189 -80.7025653148657,35.1941215915392 -80.7026063148431,35.1940975914578 -80.7026233148331,35.1940885914245 -80.7026393148233,35.1940805913934 -80.7026813147984,35.1940585913113 -80.7027223147758,35.1940345912298 -80.7027623147549,35.1940095911495 -80.7028003147372,35.1939825910715 -80.7028163147295,35.1939715910388 -80.7028523147144,35.1939435909637 -80.7028953146948,35.1939125908751 -80.7029403146753,35.1938785907816 -80.7029753146618,35.1938495907075 -80.7030163146475,35.1938135906197 -80.7030553146364,35.1937755905342 -80.7030763146309,35.1937545904878 -80.7031013146249,35.1937285904321 -80.7031303146131,35.1937055903712 -80.7031863145839,35.1936705902586 -80.7032323145519,35.1936535901722 -80.7032663145319,35.1936355901055 -80.7032813145252,35.1936245900745 -80.7033183145031,35.1936055900022 -80.7033683144742,35.1935785899038 -80.7034133144534,35.1935465898112 -80.7034403144449,35.1935215897525 -80.70346431444,35.1934955896985 -80.703534314401,35.1934555895594 -80.7035773143746,35.1934345894759 -80.7036133143507,35.1934195894074 -80.7036683143123,35.1933995893041 -80.703714314279,35.1933845892187 -80.7037723142336,35.1933705891135 -80.703821314194,35.1933605890257 -80.7038513141691,35.1933555889725 -80.7038983141272,35.1933515888911 -80.7039383140934,35.1933455888206 -80.7039673140694,35.193340588769 -80.7040063140393,35.193330588698 -80.7040343140189,35.193321588646 -80.7040613140002,35.1933115885952 -80.7040883139829,35.1932995885434 -80.7041143139665,35.1932875884932 -80.7041473139483,35.1932685884275 -80.7041603139401,35.1932625884024 -80.7041863139244,35.1932495883516 -80.7042283138997,35.1932275882692 -80.7042623138799,35.1932095882023 -80.7042953138617,35.1931905881365 -80.7043193138486,35.1931765880886 -80.7043353138396,35.1931675880569 -80.7043763138173,35.193143587975 -80.7044013138026,35.1931305879259 -80.7044353137821,35.1931135878595 -80.7044613137664,35.1931005878087 -80.7044873137501,35.1930885877585 -80.7045233137263,35.1930735876898 -80.7045333137203,35.1930685876702 -80.7046123136655,35.1930395875215 -80.7047773135341,35.1930035872239 -80.7048223135019,35.19298858714 -80.7048843134653,35.1929565870183 -80.7049363134429,35.1929175869097 -80.7050133134281,35.1928335867348 -80.7050773134159,35.1927635865893 -80.705174313412,35.1926365863575 -80.7051583134333,35.1926275863797 -80.7046593141297,35.1923015870493 -80.7043423145824,35.1920785874671 -80.7029743165288,35.1911185892805 -80.7027433168579,35.1909545895872 -80.7027253168918,35.1909295896047 -80.7025553171319,35.1908115898321 -80.7024133173266,35.1907215900267 -80.702357317403,35.1906865901037 -80.7021353176943,35.1905645904179 -80.7018353180707,35.1904245908559 -80.7015993183537,35.1903335912106 -80.7014683185036,35.190293591413 -80.7013243186663,35.1902525916371 -80.7011883188167,35.1902185918512 -80.7010113190068,35.1901825921342 -80.6990243210959,35.1898415953475 -80.6985283216165,35.1897565961509 -80.6967633234685,35.1894515990121 -80.696179324095,35.1893285999494 -80.69540332495,35.1891296011789 -80.6951093252772,35.1890486016426 -80.694178326309,35.188797603115 -80.693167327424,35.1885306047194 -80.6930313275745,35.188493604935 -80.691801328932,35.1881626068887 -80.6912753295151,35.1880156077231 -80.690744330103,35.1878676085664 -80.6903243305624,35.1877586092378 -80.6901953307127,35.1877106094375 -80.6900243309191,35.1876356096972 -80.6898683311141,35.1875566099295 -80.6896503313932,35.1874356102496 -80.6894863316112,35.1873316104848 -80.6890553322018,35.1870296110909 -80.6875453343183,35.1858846131878 -80.687178334835,35.1855996136975 -80.6868933352294,35.1853886140985 -80.6866503355859,35.1851756144266 -80.6865373357559,35.1850696145764 -80.6863613360349,35.1848816148001 -80.6860843364841,35.1845686151455 -80.6855683373141,35.1839936157949 -80.6848833384281,35.1832056166517 -80.6840953396872,35.1823276176566 -80.6839163399686,35.1821346178887 -80.6837073402819,35.1819336181702 -80.6834653406339,35.1817176185038 -80.6832713409035,35.1815646187799 -80.683062341189,35.181407619081 -80.682857341462,35.1812646193812 -80.6826873416842,35.1811526196332 -80.6824503419876,35.1810066199889 -80.6822103422813,35.1808806203584 -80.6818723426924,35.1807066208807 -80.6813873432557,35.1804996216486 -80.6811783434944,35.1804166219824 -80.6809903437039,35.1803506222863 -80.6806303440954,35.1802396228746 -80.6803913443469,35.180179623271 -80.6801603445869,35.1801266236562 -80.6779843467986,35.1797026273202 -80.6768603479414,35.1794786292149 -80.6765543482523,35.1794176297313 -80.6762853485291,35.1793576301828 -80.6760903487353,35.1793046305068 -80.6759143489244,35.1792516307975 -80.6757343491217,35.1791906310922 -80.6755553493227,35.1791216313823 -80.6753923495111,35.1790496316432 -80.6747743502418,35.1787466326226 -80.6743443507543,35.1785276333023 -80.6736093516261,35.1781576344681 -80.6735363517225,35.1781036345779 -80.6733193519661,35.1780176349311 -80.6731243521806,35.1779476352512 -80.672893352426,35.1778796356361 -80.6727653525587,35.1778476358514 -80.6726653526537,35.177837636025 -80.6722663530534,35.177761636705 -80.6721233531907,35.1777446369524 -80.6720993534798,35.1772776368304 -80.6720723539594,35.1764826365984 -80.6720533540879,35.1762876365635 -80.6720233542348,35.176077636543 -80.6719853544535,35.1757546364971 -80.6719443549925,35.1748766362616 -80.6719463550835,35.1747146362011 -80.6719643551947,35.1744926360909 -80.6719833552553,35.1743576360094 -80.6720013553128,35.1742296359322 -80.6720463553855,35.1740336357825 -80.6721133554538,35.1738116355843 -80.6721893555052,35.1736056353752 -80.6722853555472,35.1733856351252 -80.6724613553481,35.1734636348367 -80.6726153551849,35.1735126345776 -80.6726893551155,35.1735206344475 -80.672796355025,35.1735146342533 -80.6730573548111,35.1734886337754 -80.6731963546996,35.1734706335194 -80.67323935467,35.1734566334371 -80.6732303547004,35.1734176334393 -80.6732553547056,35.1733706333775 -80.6733353546655,35.1733186332152 -80.6733753546362,35.1733086331397 -80.6734103546067,35.1733066330761 -80.6735713545131,35.1732246327573 -80.6737943543907,35.173098632311 -80.6739123543215,35.1730396320775 -80.6739633543024,35.1729956319698 -80.6740023543112,35.1729216318729 -80.6740253542969,35.1729116318279 -80.674086354229,35.1729366317272 -80.6741143542005,35.1729436316794 -80.6741523541678,35.1729426316107 -80.6742053541307,35.1729266315096 -80.6742993540816,35.1728696313197 -80.674381354043,35.1728126311514 -80.6744033540406,35.1727836311012 -80.6744483540164,35.1727576310108 -80.6744703540018,35.1727496309682 -80.6745063539866,35.1727216308932 -80.6745563539592,35.172693630793 -80.674617353921,35.1726676306736 -80.6746693538802,35.1726596305771 -80.6747663538362,35.1725896303768 -80.6749383537384,35.172499630034 -80.6751463536239,35.1723846296169 -80.675584353358,35.1721856287538 -80.6757143532892,35.1721096284912 -80.6757723532532,35.1720846283773 -80.6758853531612,35.1720736281694 -80.6759643530964,35.1720666280243 -80.6760303530471,35.1720526279001 -80.6762453528696,35.1720356275059 -80.6764003527451,35.1720176272196 -80.6766733524983,35.1720326267328 -80.6767813523971,35.1720446265426 -80.6768873522905,35.1720686263605 -80.6769763522111,35.1720716262012 -80.6770353521632,35.1720656260925 -80.6771053521164,35.1720416259571 -80.6772573520507,35.1719286256399 -80.6773003520268,35.1719056255536 -80.6773833519705,35.1718786253935 -80.6774803519185,35.1718236251975 -80.6777293518013,35.1716556246837 -80.6778183517482,35.1716146245072 -80.677904351703,35.1715646243326 -80.6779763516707,35.171513624183 -80.678085351608,35.1714596239653 -80.678138351591,35.1714106238506 -80.6781673516169,35.171324623765 -80.6782083516248,35.1712516236627 -80.6782743516221,35.1711596235079 -80.6783333516346,35.1710526233598 -80.6783893516366,35.1709676232256 -80.6786713515344,35.1707286226224 -80.6788643514799,35.1705396221993 -80.6789383514421,35.170495622048 -80.6789773514256,35.170466621966 -80.6790003514398,35.1704096219021 -80.6790643514454,35.1703076217462 -80.6791503514367,35.1701976215472 -80.6792413513855,35.1701516213641 -80.679396351285,35.170095621061 -80.6795413511836,35.1700556207822 -80.6796253510701,35.1701236206565 -80.6796833510116,35.1701376205568 -80.6797363509645,35.1701396204615 -80.6798053508904,35.1701636203458 -80.679872350812,35.1701976202377 -80.6799653507099,35.1702336200833 -80.6803883502716,35.1703536193639 -80.6805183501464,35.1703746191366 -80.6805783500848,35.1703906190342 -80.6806793500353,35.1703276188259 -80.6808833499367,35.1701986184044 -80.6811203498049,35.1700776179258 -80.6813073496917,35.1699976175543 -80.6813823496438,35.1699696174069 -80.681496349558,35.1699486171914 -80.6815933494754,35.1699466170146 -80.6816633494222,35.1699346168827 -80.6817353493849,35.1698936167353 -80.6818183493283,35.1698686165745 -80.681896349284,35.1698306164174 -80.6819793492567,35.169757616237 -80.6820923492078,35.1696776159992 -80.6821673491607,35.1696486158511 -80.6822373491046,35.169641615721 -80.6823143490308,35.1696536155861 -80.6825093488271,35.1697116152556 -80.6825753487652,35.1697196151389 -80.6826653486887,35.1697176149747 -80.6827533486249,35.1696976148066 -80.6828453485645,35.1696666146267 -80.6829123485286,35.1696306144901 -80.6829893484977,35.1695726143263 -80.68307134846,35.169518614155 -80.6832763483076,35.1694786137658 -80.6833653482542,35.1694406135883 -80.6834633482064,35.1693806133852 -80.6835463481729,35.1693186132085 -80.6836153481362,35.1692816130677 -80.6837113480651,35.1692626128852 -80.6838023479928,35.1692526127154 -80.6839213479229,35.1691996124768 -80.6840293478729,35.1691296122511 -80.6841223478402,35.1690526120496 -80.6842053477971,35.1690066118792 -80.6842783477491,35.1689826117363 -80.6843503476976,35.1689656115981 -80.6844243476333,35.1689666114637 -80.6845003475592,35.1689806113313 -80.6845883474667,35.1690076111825 -80.6846883473695,35.169025611008 -80.6847693472992,35.169026610861 -80.6850463471195,35.1689316103165 -80.6851523470475,35.1689006101104 -80.6852723469721,35.1688556098727 -80.6853903469146,35.1687846096276 -80.6855283468661,35.168671609328 -80.6856763468085,35.1685596090104 -80.6858383467396,35.1684466086667 -80.6863363464522,35.1682216076616 -80.6865293463553,35.168111607262 -80.6867253462472,35.1680156068626 -80.686881346146,35.1679636065552 -80.6870243460484,35.1679236062766 -80.6871373459936,35.1678566060411 -80.6872703459216,35.1677896057689 -80.6873903458603,35.1677236055208 -80.687472345834,35.1676536053404 -80.6879303456068,35.167391604388 -80.688090345516,35.1673186040631 -80.6882073454633,35.1672436038159 -80.6882823454484,35.1671656036442 -80.688433345385,35.1670616033217 -80.6886143453013,35.1669496029406 -80.6888123451746,35.1668826025481 -80.6889003451268,35.1668396023678 -80.689078345056,35.1667116019845 -80.6892593449714,35.1666016016035 -80.6894043449253,35.1664796012829 -80.6895543448877,35.166337600944 -80.6896033448714,35.1662976008362 -80.6896793448417,35.1662426006719 -80.6898953447011,35.1661746002448 -80.6901713444689,35.1661705997362 -80.6902603443887,35.166177599576 -80.6904963441904,35.1661735991409 -80.6905363441359,35.166205599082 -80.6906663439953,35.1662525988647 -80.6907553439048,35.1662755987118 -80.6908243438416,35.1662825985884 -80.6909923436999,35.1662805982791 -80.6910613436315,35.1662955981593 -80.6910913435906,35.1663195981152 -80.6911803435052,35.1663345979587 -80.6912593434488,35.166317597806 -80.6912783434538,35.166284597756 -80.6913073434452,35.1662595976913 -80.6913053435092,35.1661625976505 -80.6912543435884,35.1661065977185 -80.6912033436934,35.1660105977682 -80.6912113437385,35.1659295977164 -80.6912203437521,35.1658965976847 -80.6912393437571,35.1658635976347 -80.6912973437444,35.1658065975019 -80.6914043437067,35.1657235972672 -80.6914533436863,35.1656905971619 -80.6915513436243,35.1656575969665 -80.6916883435254,35.1656305967022 -80.6917763434719,35.1655975965251 -80.6919433433527,35.1655625962018 -80.6920023433239,35.165529596078 -80.6920703432984,35.1654795959298 -80.6921093432762,35.1654625958502 -80.6922763431668,35.1654125955197 -80.6923933430792,35.165394595296 -80.6925503429894,35.1653275949759 -80.6926973428977,35.1652765946815 -80.6928143428412,35.1652105944353 -80.6928823428005,35.1651845942979 -80.6929123427854,35.1651685942352 -80.6929803427388,35.165151594102 -80.6930583426999,35.1651095939387 -80.6932353425831,35.1650585935887 -80.6933423425197,35.1650165933719 -80.6934303424777,35.1649665931863 -80.6934883424656,35.1649095930526 -80.6935173424521,35.1648925929911 -80.6936063423878,35.164875592819 -80.6936753423301,35.1648745926914 -80.6938023422454,35.1648395924408 -80.6938813421896,35.1648225922871 -80.6939593421294,35.1648135921391 -80.6941463419941,35.1647785917777 -80.694293341903,35.1647275914824 -80.6943623418557,35.1647105913471 -80.6944003418451,35.1646775912613 -80.6945373417672,35.164619590981 -80.6946443417258,35.1645445907479 -80.6949173415926,35.1643955901729 -80.6950543415051,35.1643525898994 -80.6952013414354,35.1642695895881 -80.6952883413999,35.1642115893996 -80.6953173414024,35.1641705893264 -80.6953463413937,35.1641465892612 -80.6953953413687,35.1641215891587 -80.6954733413358,35.1640715889905 -80.6955513412864,35.1640465888344 -80.6956093412598,35.1640125887108 -80.6956583412297,35.163995588612 -80.6957073412101,35.1639625885055 -80.6957853411607,35.1639375883493 -80.6958643411053,35.1639205881951 -80.6959823410283,35.1638865879604 -80.6960793409742,35.1638445877607 -80.6961183409789,35.163787587661 -80.6961553409767,35.1637435875712 -80.696195340974,35.1636965874744 -80.6962733409406,35.1636475873063 -80.6963323408969,35.1636385871928 -80.6963903408593,35.1636215870772 -80.6964203408453,35.1636045870134 -80.6964973408346,35.163522586831 -80.6965263408214,35.163505586769 -80.6965953407799,35.1634805866291 -80.6966933406928,35.1634875864512 -80.6967133406813,35.1634795864103 -80.6967423406734,35.1634545863443 -80.6967403407392,35.1633575863006 -80.6967683407752,35.1632675862048 -80.6967763408009,35.163218586166 -80.6968053408029,35.1631785860927 -80.6968353407837,35.1631695860328 -80.6969133407188,35.1631685858878 -80.696944340661,35.1632165858538 -80.697014340581,35.1632485857399 -80.697033340571,35.1632395857003 -80.6970623405632,35.1632145856343 -80.697081340579,35.1631665855755 -80.6971673405988,35.163027585348 -80.697206340588,35.1629945852595 -80.6972443405833,35.1629535851689 -80.6972933405587,35.1629285850658 -80.6973423405235,35.1629195849705 -80.6974013404853,35.1629025848527 -80.6974313404601,35.1629025847971 -80.6974893404287,35.1628765846767 -80.697508340434,35.1628445846258 -80.6975083404559,35.1628115846095 -80.6974083405816,35.1627485847639 -80.6973673406531,35.1626925848125 -80.6973173407216,35.1626525848855 -80.6973153407769,35.1625715848494 -80.6973893408874,35.1623115845841 -80.6974243410034,35.1620925844112 -80.6974233410368,35.1620435843889 -80.6973923410839,35.1620115844308 -80.6973723411325,35.1619635844444 -80.6973513411712,35.1619315844677 -80.6973503412205,35.1618585844336 -80.6973683412486,35.1617935843681 -80.6973743413563,35.1616235842733 -80.6974133413563,35.1615745841766 -80.6974413413926,35.1614845840801 -80.6974493414291,35.1614195840332 -80.6974473414845,35.1613385839971 -80.6974953414983,35.1612575838677 -80.6975343414824,35.1612325837828 -80.6975923414726,35.1611745836461 -80.6976013414969,35.1611265836056 -80.6976293415174,35.1610605835208 -80.6976773415047,35.1610195834111 -80.6977063415078,35.1609785833368 -80.6977843414702,35.160937583171 -80.6978623414385,35.1608875830008 -80.6980303413001,35.1608855826865 -80.6981783411516,35.1609235824293 -80.6982283411107,35.1609225823355 -80.6983163410435,35.1609135821669 -80.698365341014,35.1608965820671 -80.6984143409739,35.1608955819752 -80.6985133408869,35.160902581794 -80.6985433408459,35.16092658175 -80.6986333407556,35.1609495815936 -80.6987213406831,35.160948581429 -80.69878034064,35.1609395813145 -80.6988493405832,35.1609385811853 -80.6989283405128,35.1609455810415 -80.6989683404802,35.1609445809664 -80.6990083404362,35.1609605808998 -80.6990873403604,35.16097558076 -80.6991853402795,35.1609745805768 -80.6993043401711,35.1609885803619 -80.6993933400977,35.1609875801954 -80.6995213399925,35.1609855799557 -80.6996373398825,35.1610055797495 -80.6995363398619,35.1611615800165 -80.6992913398227,35.1615245806556 -80.6991233397888,35.1617845810988 -80.6990523397537,35.1619255813016 -80.6989923397102,35.1620655814834 -80.6989383396149,35.1622755816889 -80.6989253395548,35.1623815817661 -80.6989233394783,35.1624985818284 -80.6989503393326,35.1626825818705 -80.6989893392122,35.1628135818638 -80.6990303391082,35.1629175818399 -80.6991923387981,35.1631775816701 -80.6992933386242,35.1633105815498 -80.6995883381272,35.1636815811906 -80.6997383378605,35.1638905810188 -80.6998603376273,35.1640845808914 -80.6999523374306,35.164261580811 -80.7001983368654,35.1647925806264 -80.7004993361346,35.1654985804311 -80.7005913359149,35.165708580369 -80.7009833349782,35.1666015801056 -80.7011033347006,35.1668605800183 -80.7012103344671,35.1670705799301 -80.7013283342201,35.167286579825 -80.7016173336352,35.167784579553 -80.7018973330909,35.1682325792731 -80.7019113330639,35.1682545792589 -80.7021273326731,35.1685565790214 -80.702367332251,35.1688735787487 -80.7028473314405,35.1694555781786 -80.7034303305171,35.1700695774415 -80.7038203299129,35.1704585769392 -80.704201329327,35.1708305764459 -80.7055633272411,35.1721365746822 -80.7065643257138,35.1730765733878 -80.7068383252905,35.1733395730384 -80.7069103253056,35.173227572848 -80.7071253253238,35.1729315723 -80.7081133254382,35.1715365697535 -80.7086163254986,35.1708285684524 -80.7099893256945,35.1688705648666 -80.7101803257138,35.1686115643729 -80.7102903257164,35.1684745640952 -80.7104243257077,35.1683245637663 -80.7105843256898,35.1681565633794 -80.7108983256431,35.1678435626289 -80.7123303254302,35.1664285591994 -80.7128123253573,35.1659585580437 -80.7131073253167,35.1656665573326 -80.713176325284,35.1656305571848 -80.7134593252448,35.1653515565022 -80.7137223252267,35.1650675558527 -80.7151433250284,35.1636845524183 -80.7159333249308,35.1629065504942 -80.7161373248845,35.1627355500141 -80.7162753248469,35.1626285496942 -80.7163993248073,35.1625405494115 -80.7165513247524,35.1624415490702 -80.7166653247038,35.1623775488202 -80.7168963245947,35.1622625483222 -80.7169473245674,35.1622415482148 -80.7171753244471,35.1621455477335 -80.7172273244175,35.1621265476254 -80.717322324363,35.1620925474284 -80.7174643242766,35.1620485471379 -80.7175903241977,35.162012546882 -80.7160323271885,35.1596995484012 -80.7162713270783,35.1595795478822 -80.7165293269578,35.1594525473232 -80.7164353271547,35.1592895474018 -80.7161953276949,35.1588215475726 -80.715866328433,35.1581815478096 -80.7161453283591,35.157968547158 -80.7199753274102,35.1550145381289 -80.7202833273556,35.1547525373822 -80.7197883280405,35.1543705380869 -80.7195163284164,35.154160538475 -80.7191073289809,35.1538445390596 -80.7194063307919,35.1510785367918 -80.7182893324459,35.1500435383067 -80.7179083330082,35.1496905388264 -80.7161143356411,35.1480305412948 -80.7170593351242,35.1477225392797 -80.71988433359,35.1468035332378 -80.7197573338067,35.1466455333872 -80.7195423341743,35.1463765336398 -80.7204383335603,35.1462625318259 -80.7223693322374,35.1460195279146 -80.7219713330326,35.1453735282839 -80.7225173328262,35.1450845270361 -80.7212853348268,35.1436885285701 -80.7208343355681,35.1431615291265 -80.7206553358609,35.1429535293488 -80.7203193363991,35.1425775297761 -80.7192783380633,35.1414095311069 -80.7180103400625,35.1400085327593 -80.7175653407732,35.139500533334 -80.7170393416203,35.138887534009 -80.7168613419068,35.1386795342378 -80.716282342814,35.1380345350041 -80.7151573445682,35.1367825365054 -80.7150203448178,35.1365795366595 -80.7148143451454,35.1363395369302 -80.7144303457557,35.1358915374359 -80.7136163470037,35.1349995385476 -80.713278347528,35.1346185390055 -80.7127763483052,35.134052539688 -80.7120593494335,35.1332135406508 -80.711805349832,35.1329165409936 -80.7092893536907,35.1300595444816 -80.7087363545221,35.1294455452667 -80.7085913547404,35.1292835454726 -80.7084673549301,35.1291405456464 -80.7076533561724,35.1282015467922 -80.7071353569605,35.1276035475255 -80.7064853578902,35.1269335484941 -80.7053673594349,35.1258495502081 -80.7056443593714,35.125658549535 -80.705957359303,35.1254385487714 -80.7062433592207,35.1252665480888 -80.7070823589456,35.1248135461111 -80.7073123588718,35.1246875455673 -80.707725358751,35.1244455445812 -80.7081813586338,35.1241565434792 -80.7083353586045,35.1240445430987 -80.7086013586102,35.123771542397 -80.7089523586776,35.1233275414232 -80.7090063586878,35.1232595412734 -80.7090833587032,35.1231615410592 -80.7092573587371,35.1229415405756 -80.7093713587431,35.1228205402714 -80.7094943587388,35.1227055399518 -80.7096273587212,35.1225995396163 -80.7097693586925,35.1225005392658 -80.7099193586527,35.122409538903 -80.7101163585874,35.1223085384368 -80.710324358504,35.1222225379559 -80.7105393584052,35.1221515374688 -80.7107173583137,35.1221065370731 -80.7110093581504,35.1220515364346 -80.7112573580048,35.1220145358977 -80.7116323577755,35.121971535093 -80.7120083575335,35.1219455342958 -80.7123113573293,35.1219375336607 -80.712387357278,35.1219355335014 -80.712768357009,35.1219425327126 -80.7129503568843,35.1219405323328 -80.7149063555412,35.1219235282527 -80.715780354945,35.1219105264263 -80.715836354907,35.1219095263091 -80.7176503536692,35.1218835225186 -80.7190103527426,35.1218625196754 -80.7199343521122,35.1218495177443 -80.7199953520699,35.1218495176174 -80.7201323519736,35.1218515173335 -80.7202333518954,35.1218625171301 -80.7203813517757,35.1218855168363 -80.720693351517,35.1219425162224 -80.7208383513904,35.1219775159425 -80.7210593511879,35.1220435155238 -80.7212713509675,35.122141515144 -80.7223643498571,35.1226095131659 -80.7227063495319,35.1227255125289 -80.7229083493491,35.1227815121449 -80.7232153490803,35.1228545115539 -80.723525348819,35.1229145109487 -80.7235953487627,35.1229245108098 -80.7238403485648,35.1229605103243 -80.7241573483189,35.1229935096876 -80.724453348099,35.123011509085 -80.7246403479664,35.1230145086989 -80.7249223477737,35.1230095081106 -80.7252023475923,35.122991507518 -80.725366347491,35.1229745071666 -80.7254813474201,35.1229625069202 -80.7257583472592,35.1229205063182 -80.7260273471117,35.1228685057261 -80.7269893466056,35.1226555035895 -80.7275263463378,35.122518502384 -80.7279733461151,35.1224045013799 -80.7286153457792,35.1222624999512 -80.7288343452161,35.122792499849 -80.7290543446166,35.1233674997761 -80.7293043439174,35.1240424997093 -80.729641343001,35.1249164995982 -80.7299343422032,35.1256754995037 -80.7300113419585,35.1259194995092 -80.7301323416241,35.1262384994749 -80.7302893412544,35.1265694993751 -80.7303653410833,35.1267194993201 -80.7304913408352,35.1269224991984 -80.7306063406229,35.1270894990752 -80.730707340447,35.1272224989579 -80.730839340227,35.1273834987961 -80.7310043399779,35.1275514985717 -80.7313063395429,35.127831498143 -80.7316223391021,35.1281054976826 -80.7319153386873,35.1283664972613 -80.7322433382319,35.1286464967822 -80.7326003377235,35.1289664962725 -80.7332413368351,35.1295074953373 -80.7336513362426,35.1298824947611 -80.7340883355938,35.130302494163 -80.7341703354669,35.1303874940554 -80.7344353350565,35.1306624937081 -80.7347563345404,35.1310184933045 -80.7349843341422,35.131310493046 -80.7369783340012,35.1296854878444 -80.7373063339792,35.1294194869863 -80.7372083350526,35.128174486299 -80.737155335684,35.1274374858825 -80.7368023360626,35.1272794864941 -80.736731336142,35.1272434866141 -80.7365683363424,35.1271384868741 -80.736544336378,35.127115486907 -80.7362293368395,35.1268194873442 -80.7357703375105,35.1263884879831 -80.7357083375944,35.1263384880754 -80.73564233767,35.1263024881858 -80.7355613377562,35.1262664883271 -80.7354473378617,35.1262354885397 -80.7354743379305,35.1261254884069 -80.7355043379556,35.1260674883044 -80.7355373379627,35.1260294882098 -80.7355803379594,35.1259954880973 -80.7356933379331,35.1259284878175 -80.7357463379132,35.1259064876929 -80.7358863378486,35.1258634873744 -80.7359203378366,35.1258484872938 -80.7359613378252,35.1258264871938 -80.7360173378185,35.1257854870496 -80.736071337822,35.1257334869016 -80.7361203378371,35.1256714867569 -80.7362743379056,35.1254504862833 -80.7365083380071,35.1251184855656 -80.7370423368567,35.1260804851485 -80.737109336166,35.1268794855795 -80.7372163360191,35.1269674854225 -80.7373363358774,35.1270374852261 -80.7373763358263,35.127065485164 -80.7375843356308,35.1271244847792 -80.7376523355566,35.1271564846625 -80.737764335447,35.1271934844592 -80.7378763353156,35.1272574842753 -80.7379843352032,35.1273014840853 -80.7380683351263,35.127322483928 -80.7381243350687,35.127344483829 -80.7381683350139,35.1273734837595 -80.73820833497,35.1273924836912 -80.7382843348956,35.1274174835533 -80.7383913347967,35.127445483354 -80.7384633347357,35.127457483215 -80.7385113346788,35.1274854831367 -80.7385513346268,35.1275144830756 -80.7386353345442,35.1275424829236 -80.7386793345079,35.1275484828377 -80.7387233344661,35.1275614827569 -80.7387473344392,35.1275734827164 -80.7387633344043,35.1276024827045 -80.7387563343801,35.1276384827448 -80.7387453343693,35.127661482784 -80.7387423343187,35.127726482837 -80.7387553342883,35.1277524828291 -80.7387993342358,35.1277784827577 -80.7388353342085,35.1277804826854 -80.738875334167,35.127796482615 -80.7389263341233,35.127805482517 -80.7390283341024,35.1277414822618 -80.7390643340905,35.1277244821758 -80.7391033340733,35.1277114820865 -80.7391713340304,35.1277044819421 -80.7392283339702,35.1277284818427 -80.7392653339024,35.1277794818038 -80.7392863338719,35.1277984817745 -80.739319333846,35.1278014817091 -80.7393413338351,35.1277954816597 -80.7393933338192,35.1277694815344 -80.7394283338153,35.1277434814438 -80.7394513338225,35.1277144813756 -80.7395013338136,35.1276814812493 -80.7395353338016,35.1276664811687 -80.7395803337793,35.1276544810678 -80.7396243337503,35.1276514809755 -80.7397133336803,35.1276594807989 -80.7397453336599,35.1276564807312 -80.7398563336565,35.1275634804361 -80.7399243336309,35.1275354802763 -80.7399533336143,35.1275304802132 -80.739978333594,35.1275334801642 -80.740017333554,35.1275484800951 -80.7400583335166,35.1275584800184 -80.7400873334959,35.127558479959 -80.7401173334818,35.1275494798909 -80.7402443333921,35.1275484796298 -80.7402713333908,35.1275264795585 -80.7402853333996,35.127503479513 -80.7402923334183,35.1274744794775 -80.7403243334372,35.1274234793747 -80.7403463334321,35.12741047932 -80.7404483333602,35.1274094791102 -80.7405233333003,35.1274174789622 -80.7406113332376,35.1274174787818 -80.7407093331359,35.1274564786094 -80.740739333094,35.1274814785662 -80.7407753330217,35.1275384785341 -80.7407953329886,35.12756147851 -80.7408343329404,35.1275864784483 -80.7408643329124,35.1275944783927 -80.7411503327035,35.127600477811 -80.7412903326086,35.1275944775196 -80.7413843325416,35.127594477327 -80.7414423325059,35.1275874772029 -80.7414843324924,35.1275674771021 -80.7415563324501,35.1275564769465 -80.7416303323899,35.1275654768014 -80.7417333322688,35.1276234766331 -80.7419413320522,35.1277064762681 -80.7419923319895,35.1277384761873 -80.7420483321207,35.1275304759188 -80.7420703323263,35.1272614756748 -80.7430643314418,35.1274754737951 -80.7429283311745,35.1279164744022 -80.7428103311449,35.1280544747464 -80.743199330718,35.1282344740844 -80.7432663307106,35.1281854739107 -80.7433193306834,35.1281724737926 -80.7434023306158,35.1281824736302 -80.7434523305585,35.1282084735473 -80.7435553305386,35.128143473288 -80.7436363305346,35.1280784730736 -80.7437723305227,35.127975472718 -80.7441603304863,35.1276854717059 -80.7459913288803,35.1280434682266 -80.7460633290532,35.1277754678751 -80.746156329176,35.1275494675124 -80.746326329354,35.1271924668916 -80.7456583300208,35.1269634680882 -80.7435353321163,35.1262554719175 -80.7430273326109,35.126092472841 -80.742741332895,35.125993473356 -80.7425813330576,35.1259334736407 -80.7423303333323,35.12581547407 -80.7416273341364,35.1254414752421 -80.7410313348198,35.1251204762352 -80.7392683368223,35.124184479195 -80.7386373375362,35.1238494802588 -80.7380313382157,35.1235334812867 -80.7372093391445,35.1230934826764 -80.7369423394505,35.1229444831243 -80.736742339687,35.1228234834534 -80.7365523399349,35.1226794837458 -80.7364753400463,35.1226074838547 -80.7364453400961,35.1225714838915 -80.7365193401008,35.1225014836881 -80.7366053401174,35.1224064834421 -80.7366783401446,35.1223094832215 -80.7367243401754,35.1222314830705 -80.7367663402137,35.1221474829236 -80.7368113402742,35.122033482749 -80.7368323403465,35.1219254826286 -80.7368533406633,35.1215134822921 -80.7368723407321,35.1214114821801 -80.7368993407843,35.1213234820612 -80.736932340825,35.1212444819363 -80.7369843408624,35.1211534817632 -80.7370703409028,35.1210294814956 -80.7374773410592,35.1204874802596 -80.7375563411008,35.1203684800096 -80.7375983411325,35.1202934798682 -80.7376283411724,35.1202184797519 -80.7376523412237,35.1201344796417 -80.7376643412768,35.1200584795622 -80.737657341418,35.119889479456 -80.7376443414761,35.1198284794396 -80.7375753416598,35.1196594794632 -80.7375263417627,35.1195734795044 -80.7374083419749,35.1194104796351 -80.7372863421808,35.1192584797823 -80.7382833419106,35.1187504773279 -80.7389823417166,35.1184024756097 -80.7400003414334,35.1179004731061 -80.7401963413991,35.1177794726057 -80.7407093413114,35.1174614712936 -80.7412243412242,35.1171424699749 -80.7420613410979,35.1166084678162 -80.7430683409597,35.1159544652039 -80.74313934095,35.1159084650195 -80.7433103409171,35.1158094645841 -80.743748340832,35.1155574634692 -80.7438363408087,35.1155144632507 -80.7442383407013,35.1153194622534 -80.7442813406858,35.1153034621503 -80.7446193405702,35.1151704613344 -80.7448403404882,35.1150914608066 -80.7451173403722,35.115008460157 -80.7454453402256,35.1149214593959 -80.7456103401455,35.1148854590189 -80.7459543399718,35.1148184582386 -80.7462783397932,35.1147734575174 -80.7464563396921,35.1147524571239 -80.7469433393965,35.1147174560644 -80.7472823391787,35.1147074553377 -80.7492383378975,35.1146794511676 -80.7515343401821,35.1146464493081 -80.7516343403627,35.1146454492927 -80.7519123408732,35.1146324492424 -80.7521893413918,35.1146074491834 -80.7526113421929,35.1145554490835 -80.7529363428225,35.1144994489953 -80.7532563434583,35.1144244488944 -80.7536843443253,35.1143024487449 -80.7537943445468,35.1142724487077 -80.7540153449987,35.114203448627 -80.7543133456123,35.1141044485146 -80.7545293460609,35.1140274484299 -80.75474834652,35.1139434483405 -80.7556493483842,35.113623447996 -80.7565393502542,35.1132624476338 -80.757368352033,35.1128694472672 -80.75824335392,35.1124314468759 -80.7586083547094,35.1122424467121 -80.7587143549414,35.1121834466622 -80.7591463559091,35.1119114464407 -80.7595723568681,35.1116334462196 -80.760182358249,35.1112184458987 -80.7609903601022,35.1106234454578 -80.7612243606374,35.1104504453324 -80.761293360795,35.1103994452957 -80.7616143615256,35.1101644451277 -80.7636773661826,35.1086504441008 -80.7638403665492,35.1085284440224 -80.7647383685538,35.107866443607 -80.7656363705469,35.1072014432083 -80.7661043715792,35.1068564430086 -80.766689372855,35.1064394427734 -80.7671413738415,35.1061104425933 -80.7675703747738,35.1057994424272 -80.7678083752906,35.1056254423361 -80.7682633762738,35.1052964421673 -80.7684603766981,35.1051544420958 -80.7688983775942,35.1049094419749 -80.7690583779137,35.1048314419372 -80.7695563789044,35.1045914418237 -80.7699363796635,35.1044004417358 -80.7708293814391,35.1039544415393 -80.7713723824838,35.1037334414486 -80.7723283843307,35.1033204412874 -80.7728873854057,35.1030804411994 -80.7733533863082,35.1028654411228 -80.7735913867678,35.1027564410852 -80.7743403882546,35.1023364409406 -80.7744513884776,35.1022684409177 -80.7746403888571,35.102152440879 -80.7748953893669,35.1019984408289 -80.774976389531,35.1019454408117 -80.7760773917451,35.1012364405941 -80.7763613923112,35.1010574405434 -80.7771293938373,35.1005714404132 -80.7773883943334,35.1004384403831 -80.7776193947678,35.1003334403621 -80.7778763952421,35.1002324403452 -80.7781793957914,35.1001304403322 -80.7784313962404,35.100059440327 -80.778515396388,35.1000394403266 -80.7787383967682,35.1000084403335 -80.7787923967168,35.1002744404287 -80.7788023967091,35.1003204404451 -80.778864396635,35.1006554405637 -80.7789183965483,35.1009904406812 -80.77896539645,35.1013264407981 -80.779005396341,35.1016614409138 -80.7790083963329,35.1016864409224 -80.7790383962187,35.1020004410301 -80.7790603961065,35.1022854411273 -80.779064396086,35.102337441145 -80.7790833959414,35.1026754412598 -80.779092395786,35.1030024413703 -80.7791033956069,35.1033814414983 -80.7791123954417,35.103727441615 -80.7791203953255,35.103976441699 -80.7791153952119,35.1041784417669 -80.7790773947666,35.1049104420131 -80.7790193943525,35.1055164422178 -80.7789613940171,35.105970442372 -80.7787573929374,35.1073674428525 -80.778738392826,35.1075174429045 -80.7786873925261,35.107921443045 -80.7786223921758,35.1083744432036 -80.7785943920264,35.1085664432712 -80.7785283917224,35.1089264433991 -80.7785043916022,35.109075443452 -80.778407391102,35.109703443676 -80.7783733909178,35.1099394437605 -80.7783013905236,35.1104464439428 -80.7782943904117,35.110634444009 -80.7782893903234,35.1107844440619 -80.778279390142,35.1110934441707 -80.7782833900547,35.1112714442325 -80.7783133899093,35.1116454443602 -80.7783963897236,35.1122734445702 -80.7786073895833,35.1132494448833 -80.7786553895353,35.1135034449646 -80.7786963895223,35.1136674450157 -80.7787603894377,35.1140464451369 -80.7788893893338,35.1146864453369 -80.7789693892421,35.1151374454781 -80.7790543891784,35.1155534456054 -80.7791093891195,35.115857445699 -80.7792153890642,35.1163334458411 -80.7793013889959,35.1167664459709 -80.7793543889552,35.1170314460496 -80.7794413889505,35.1173474461386 -80.7791633884023,35.1174244462164 -80.7789583880179,35.1174424462612 -80.778801387728,35.1174474462924 -80.7787063875553,35.1174454463097 -80.7785183872209,35.1174274463389 -80.7783603869462,35.1174004463593 -80.7781453865812,35.1173474463811 -80.7780113863591,35.117304446391 -80.7774693854753,35.1171064464203 -80.7773553852867,35.1170704464282 -80.7772383850905,35.1170384464378 -80.7771573849535,35.1170184464453 -80.7769553846035,35.1169844464695 -80.7767513842401,35.1169684465006 -80.7765393838524,35.1169704465397 -80.7753583816414,35.1170714467937 -80.7747693805505,35.1170994469127 -80.7736813785149,35.1171844471479 -80.7734643781045,35.1172084471981 -80.7732763777447,35.1172364472448 -80.7730633773261,35.1172864473057 -80.7728613769185,35.1173514473715 -80.7726373764555,35.1174414474526 -80.7722093755629,35.1176244476143 -80.7720303751888,35.1177014476828 -80.771811374732,35.1177934477663 -80.7715673742168,35.1179054478643 -80.7714063738716,35.1179874479331 -80.7713333737089,35.1180344479689 -80.7712783735866,35.1180694479958 -80.7711643733193,35.1181644480619 -80.7709843728745,35.1183504481837 -80.7706813720588,35.1187694484403 -80.7704453714229,35.1190934486417 -80.7703053710339,35.1193034487707 -80.7701903707346,35.1194424488615 -80.7699463701422,35.1196674490224 -80.7698503699178,35.1197414490792 -80.7696793695277,35.1198574491733 -80.7695773693025,35.1199144492239 -80.7693743688636,35.1200124493175 -80.769249368599,35.1200634493709 -80.7690113681006,35.1201514494686 -80.768573367195,35.1202934496401 -80.7668183635647,35.1208434503368 -80.7663413625632,35.12100945054 -80.7659773618062,35.1211234506899 -80.7654723607654,35.1212654508912 -80.7653743605643,35.1212914509296 -80.7650453598978,35.1213654510519 -80.7647933593982,35.1214054511369 -80.7643993586261,35.1214544512627 -80.7642353583096,35.1214674513111 -80.7638313575438,35.1214794514191 -80.7634643568438,35.1214964515208 -80.7632723564774,35.1215054515741 -80.7629093557776,35.121532451681 -80.7628753557139,35.1215324516896 -80.7627773555322,35.1215294517124 -80.7627083554077,35.1215224517257 -80.7625723551717,35.1214954517439 -80.7624243549261,35.1214504517543 -80.7622573546544,35.1213924517615 -80.7618093539402,35.1212174517678 -80.7594913502823,35.1203004517544 -80.7592003498294,35.1201814517456 -80.7588833493477,35.1200374517255 -80.7579343478661,35.1196664516968 -80.757708347505,35.1195904516966 -80.7576673474382,35.1195784516977 -80.7574793471326,35.1195224517019 -80.7571853466471,35.1194454517149 -80.7570413464275,35.1193844517053 -80.7569743463312,35.1193484516955 -80.7569093462457,35.1193034516792 -80.7567223460322,35.1191324516035 -80.7566363459399,35.1190464515633 -80.7562673455826,35.1186304513562 -80.756113345474,35.1184064512336 -80.7559413453746,35.1181294510768 -80.7556993448277,35.1182594512155 -80.7556283446507,35.1183184512708 -80.7555773445081,35.1183804513244 -80.755520344311,35.1184974514177 -80.7554853441574,35.1186104515039 -80.7554323438892,35.118826451666 -80.755415343782,35.1189224517368 -80.7554093437149,35.1189934517878 -80.7554113436459,35.1190854518518 -80.7554253436023,35.1191734519104 -80.7554683435374,35.1193564520291 -80.7555063435124,35.1194774521055 -80.7555593434175,35.1197224522648 -80.7555983432173,35.1200684524974 -80.7556193429729,35.1204284527435 -80.7556113427494,35.1206934529301 -80.7554773414508,35.1220224538914 -80.755457341152,35.1223534541281 -80.7554423408403,35.1227124543833 -80.7554323406383,35.1229444545484 -80.755431340349,35.1233084548035 -80.7554383397955,35.124026455304 -80.7554543390526,35.125006455985 -80.7554643388121,35.1253354562121 -80.7554783385984,35.125640456421 -80.7554833383595,35.1259554566397 -80.755430337745,35.1266044571109 -80.7553833372892,35.1270664574501 -80.7552833365558,35.1277484579626 -80.7552313362464,35.1280114581655 -80.7554613365566,35.1281864582073 -80.7558403370819,35.1284594582628 -80.7561063374579,35.1286434582945 -80.7562723377046,35.1287434583034 -80.7567463383668,35.129086458365 -80.7571083388704,35.1293544584128 -80.7575523394893,35.1296854584688 -80.757653339646,35.1297404584674 -80.7582433404842,35.1301674585253 -80.7588663413783,35.1306144585755 -80.7598473427872,35.1313344586475 -80.7607183440443,35.1319834586993 -80.7610143444597,35.1322244587254 -80.7612253447681,35.1323804587331 -80.7613243449132,35.1324534587363 -80.7618363456848,35.1328054587336 -80.7621853462094,35.1330504587316 -80.7625603467705,35.1333204587306 -80.7629013472894,35.1335564587213 -80.7634933481811,35.1339854587106 -80.7639993489581,35.1343374586868 -80.7643863495497,35.1346144586694 -80.7647983501807,35.1349114586484 -80.7653083509655,35.1352794586174 -80.7666503530497,35.1362494585091 -80.7670733537113,35.1365574584678 -80.7676253545563,35.136994458426 -80.7680113551398,35.1373164584007 -80.7680473551944,35.1373464583981 -80.7682273556577,35.1372014582361 -80.7683153558957,35.1371124581482 -80.7683573560436,35.1370164580794 -80.7685183564463,35.1369034579443 -80.7687243569408,35.1367904577879 -80.7688123571606,35.1367284577145 -80.7689433575001,35.1366164575959 -80.7690023576444,35.1365794575492 -80.7691043579007,35.1365044574632 -80.7693043584268,35.1363194572769 -80.7694983589492,35.1361194570873 -80.769980360174,35.1357334566743 -80.7703313610739,35.1354354563692 -80.7704333613432,35.1353354562748 -80.7706323618661,35.135143456093 -80.7706663619543,35.1351124560629 -80.7707963623171,35.1349514559284 -80.7708403624291,35.1349144558912 -80.7709143626025,35.1348764558398 -80.7710893630557,35.134715455686 -80.7711763632851,35.1346284556066 -80.7712493634859,35.1345414555338 -80.7713223636714,35.1344794554726 -80.7715563642502,35.1343054552886 -80.7719123651906,35.1339384549653 -80.771978365364,35.1338714549062 -80.7722993661893,35.1335734546333 -80.7724013664542,35.1334734545449 -80.7724743666231,35.133436454497 -80.7725423668033,35.1333634544355 -80.7726193670181,35.1332624543581 -80.7726783671586,35.1332254543165 -80.7727363673119,35.1331634542647 -80.772765367392,35.1331264542361 -80.7728383675752,35.133064454178 -80.7730583681128,35.1329014540137 -80.7731453683378,35.1328154539398 -80.7733203687975,35.1326294537864 -80.7735103692725,35.1324674536379 -80.7736553696563,35.1323064535095 -80.7738743701948,35.1321324533457 -80.7740893707504,35.131913453166 -80.7744423716561,35.1315614528774 -80.7745613719512,35.1314594527877 -80.7747943724983,35.1313124526344 -80.7749273727915,35.1312614525606 -80.7750153729946,35.1312114525054 -80.7754453738726,35.1311684523166 -80.7756093741998,35.13116545225 -80.775929374869,35.1311044520988 -80.7760563751343,35.1310804520389 -80.7767643766157,35.1309404517052 -80.776981377078,35.1308814515975 -80.7772383776253,35.1308114514705 -80.7775493782699,35.1307584513289 -80.7777263786547,35.1306944512365 -80.7781103794831,35.1305664510409 -80.7784043801508,35.1304034508697 -80.7785063803983,35.1303164508 -80.7786793808699,35.1300694506485 -80.7787023809358,35.1300304506263 -80.7787643810879,35.1299734505831 -80.7790413818229,35.1296114503554 -80.7791883821641,35.1295114502667 -80.7792753823797,35.1294254502054 -80.7794043826902,35.1293154501208 -80.7794873828981,35.1292284500613 -80.7797703834932,35.1291514499316 -80.7798483836857,35.1290744498778 -80.7800843842,35.1289734497587 -80.7802013844675,35.128898449692 -80.7806283853998,35.1287084494768 -80.7810553863362,35.1285064492606 -80.7812273867192,35.1284124491703 -80.781271386817,35.1283884491474 -80.7814083871193,35.1283184490774 -80.7816153875673,35.1282294489773 -80.7817033877636,35.1281794489313 -80.7818943881735,35.1281034488415 -80.7820263884797,35.1280034487658 -80.7821583887914,35.127891448687 -80.7823763893181,35.1276804485505 -80.7824783895585,35.1275934484905 -80.7827553902395,35.1272964483117 -80.7829003906041,35.127122448214 -80.7829863907881,35.127086448175 -80.7829363907035,35.1270604481846 -80.7830303909386,35.1269494481223 -80.783087391099,35.1268444480743 -80.7831153911793,35.1267894480498 -80.7831743913229,35.1267274480133 -80.7832023913947,35.1266904479939 -80.7832443915399,35.1265554479431 -80.7832713916503,35.1264324479007 -80.7832703916829,35.1263594478811 -80.7832373916828,35.1262254478552 -80.7832363917097,35.1261644478389 -80.7832933918604,35.126078447797 -80.7833353919995,35.1259554477501 -80.7833783921172,35.1258814477163 -80.7834953923952,35.1257694476489 -80.7835523925514,35.1256704476043 -80.783654392794,35.1255714475458 -80.7837023929453,35.1254454474972 -80.7837533930825,35.125361447459 -80.783827393253,35.12530044742 -80.783910393437,35.1252474473804 -80.7840903938347,35.1251344472955 -80.7842083940942,35.1250624472407 -80.7843703944451,35.1249744471687 -80.7845893949337,35.1248234470639 -80.7846783951319,35.1247624470217 -80.7847953954012,35.1246624469616 -80.7848533955235,35.124637446938 -80.784957395734,35.1246114469005 -80.7854173966327,35.1245674467526 -80.7855063968031,35.1245664467259 -80.7856113969988,35.1245774466972 -80.7857153971738,35.1246304466787 -80.7858473973772,35.1247404466649 -80.785973397549,35.1248964466631 -80.786066397693,35.1249734466526 -80.7861353978052,35.125018446642 -80.7862323979633,35.1250814466267 -80.7866053985987,35.125263446553 -80.7867973988984,35.1254214465283 -80.7870023992463,35.1255274464875 -80.7871203994657,35.1255444464542 -80.7871793995738,35.1255564464383 -80.7873123998461,35.1255174463884 -80.787821400912,35.125308446187 -80.7881284015378,35.1252204460745 -80.7881514015861,35.1252104460655 -80.7883454019943,35.1251234459888 -80.7884134021317,35.1251064459647 -80.7885084023228,35.1250844459314 -80.7885974024937,35.125083445904 -80.7887014027037,35.1250574458672 -80.7887604028274,35.1250314458443 -80.788804402922,35.1250064458262 -80.7888564030306,35.1249844458062 -80.7889364032055,35.124931445772 -80.7890234034173,35.1248204457252 -80.7891544037135,35.1247084456652 -80.7892284038655,35.1246824456382 -80.7893164040491,35.124644445605 -80.7894254042687,35.1246164455675 -80.789538404504,35.1245684455252 -80.7897144048854,35.1244554454531 -80.7897874050399,35.1244174454249 -80.7898454051849,35.124331445393 -80.7899444054621,35.124109445326 -80.7899854056181,35.1239134452808 -80.7901424060387,35.1236054451841 -80.7902284062553,35.1234704451373 -80.7903714066284,35.1232114450546 -80.7903934066898,35.1231614450404 -80.7904424068257,35.1230514450089 -80.7905434070748,35.1229034449573 -80.7905704071645,35.122804444934 -80.7906864074414,35.1226564448791 -80.7907874076943,35.1224964448268 -80.7909014079906,35.1222864447637 -80.7909784081682,35.1222024447305 -80.7910034082256,35.1221754447198 -80.7910594083927,35.1220154446806 -80.7911454086114,35.1218674446359 -80.7912454088748,35.1216704445806 -80.7913424091742,35.1213634445103 -80.7913684092836,35.1212044444802 -80.7914094094259,35.1210324444446 -80.7914204095116,35.1208614444167 -80.7914894097291,35.1206284443658 -80.791515409843,35.1204564443344 -80.7916024100567,35.1203204442943 -80.7916724102521,35.1201484442533 -80.7917304103969,35.1200504442259 -80.7917724105124,35.1199514442022 -80.7919054107959,35.1198544441584 -80.7919924109817,35.1197894441297 -80.7921244112502,35.1197264440915 -80.7921834113645,35.1197134440765 -80.7923044116098,35.1196574440419 -80.7924924120071,35.1195254439827 -80.7926394123026,35.1194624439422 -80.7927574125355,35.1194234439114 -80.7928754127722,35.1193734438792 -80.7930964132183,35.1192714438186 -80.7932884135961,35.1192084437695 -80.7934214138518,35.1191814437376 -80.79368841436,35.1191404436755 -80.7938584146651,35.1191664436419 -80.7940024149162,35.1192094436156 -80.7941224151178,35.1192674435959 -80.7947344162232,35.1193454434709 -80.7950764168318,35.119417443403 -80.7951674169938,35.1194364433848 -80.7956004177694,35.1195154432965 -80.7957204179801,35.119550443273 -80.795887418246,35.1196824432465 -80.7959464183382,35.1197344432375 -80.7960084184305,35.119803443229 -80.7961444186558,35.1198864432046 -80.7963994190949,35.1199924431546 -80.7966254194766,35.1201114431112 -80.7972884205934,35.1204804429803 -80.7975894210909,35.1206844429204 -80.7977854214314,35.1207664428778 -80.798010421815,35.1208854428294 -80.7981304220322,35.1209084428015 -80.7982944223396,35.1209054427618 -80.7985014227345,35.1208784427107 -80.7987064231219,35.1208634426607 -80.7988284233579,35.1208364426303 -80.798916423537,35.1207864426075 -80.7989894236881,35.1207364425884 -80.7990614238587,35.1206134425674 -80.7991004239606,35.1205144425552 -80.7991504240858,35.1204054425402 -80.7992484242905,35.1203294425152 -80.7995834250003,35.1200314424305 -80.7996714251889,35.1199444424085 -80.799801425473,35.1197954423762 -80.7998734256383,35.119684442358 -80.8000294259834,35.1194874423201 -80.8000474260242,35.1194614423158 -80.8002234263816,35.1193494422757 -80.8006224271974,35.1190704421869 -80.8008374276448,35.1188874421404 -80.8009244278324,35.1187884421219 -80.8010544281193,35.1186154420947 -80.8011274282771,35.1185294420797 -80.8011994284364,35.1184304420651 -80.8014544289594,35.1182294420144 -80.8015504291553,35.1181564419957 -80.8016654293852,35.1180864419734 -80.8016834294233,35.11806744197 -80.8017044294684,35.1180424419661 -80.8018504297491,35.1179944419378 -80.8018764297987,35.1179874419328 -80.8021134302347,35.1179834418862 -80.802367430695,35.1180064418357 -80.8026294311597,35.1180704417825 -80.8027334313351,35.1181324417603 -80.8028214314816,35.1181924417411 -80.8029154316358,35.1182664417202 -80.8029784317344,35.1183354417055 -80.8030354318121,35.1184444416906 -80.8031374319624,35.1185954416651 -80.8032854322057,35.1187144416304 -80.8034144324335,35.1187554416021 -80.8035044325948,35.1187744415826 -80.8036074327851,35.1187734415611 -80.8032484320582,35.1190354416273 -80.8031534318686,35.1190924416457 -80.8030924317479,35.1191244416578 -80.8028854313304,35.1192634416983 -80.8028434312454,35.1192924417065 -80.8027414310421,35.1193504417272 -80.8026624308821,35.119404441743 -80.8025924307372,35.1194644417569 -80.8025344306214,35.1194974417689 -80.8025154305768,35.1195344417723 -80.8025234305819,35.1195724417696 -80.802535430597,35.1196004417664 -80.8025454305972,35.1196724417625 -80.8025464305333,35.1199304417564 -80.8025314304868,35.1200034417581 -80.8025284304511,35.1201214417561 -80.8025384303815,35.120467441746 -80.8025234303357,35.1205374417479 -80.8025044302847,35.120598441751 -80.8024924302465,35.1206604417525 -80.8024974302451,35.1207024417504 -80.8025154302715,35.1207304417455 -80.8025504303178,35.1208054417354 -80.8026354304181,35.1210354417094 -80.802704430497,35.1212334416876 -80.8027264305286,35.1212714416812 -80.8027694305965,35.1213214416692 -80.802786430615,35.1213744416636 -80.8027864306059,35.1214104416627 -80.802772430562,35.1214804416643 -80.8027774305654,35.1215044416624 -80.8028524306889,35.1215724416417 -80.8028654307065,35.1215994416377 -80.8028904307507,35.1216104416311 -80.8030024309624,35.1216044416029 -80.8030854311151,35.1216164415816 -80.8031184311704,35.1216434415725 -80.8030914311152,35.1216614415787 -80.8030674310681,35.1216694415845 -80.8030814310909,35.1216834415806 -80.8031074311365,35.1216964415736 -80.8031524312104,35.1217394415607 -80.8032214313268,35.1217924415414 -80.8032564313798,35.1218444415307 -80.8032584313774,35.1218694415294 -80.8032004312575,35.1219134415428 -80.8031734311856,35.121998441547 -80.8031834311926,35.1220464415429 -80.8032104312362,35.1220754415349 -80.8032384312872,35.1220824415274 -80.8032634313364,35.1220734415212 -80.8033134314327,35.1220644415085 -80.8033304314618,35.1220764415037 -80.8033534314972,35.1221084414966 -80.8033674315117,35.1221564414913 -80.8032854313182,35.1223154415072 -80.8032784312993,35.1223384415083 -80.8032294311996,35.1223684415202 -80.8032304311945,35.122396441519 -80.8032474312202,35.1224224415136 -80.8033324313669,35.1224774414892 -80.8034154315161,35.122507441466 -80.8035174317086,35.1225074414388 -80.8035504317684,35.1225174414297 -80.8035944318422,35.1225554414165 -80.8036734319799,35.1226024413935 -80.8036974320202,35.1226234413862 -80.8037574321315,35.1226314413698 -80.8037884321862,35.1226474413608 -80.8038304322585,35.1226764413483 -80.8038734323268,35.1227304413344 -80.8039194323946,35.1228104413185 -80.8039424324251,35.1228644413099 -80.8039464324246,35.1228984413073 -80.8039604324381,35.1229524413011 -80.8039974324979,35.122995441289 -80.8040424325771,35.1230204412756 -80.8040994326755,35.1230604412581 -80.8041374327366,35.1231064412454 -80.8041914328118,35.1232204412251 -80.8041974328138,35.1232604412215 -80.8041844327717,35.1233344412216 -80.8042054327943,35.1234074412122 -80.8043414330086,35.1235934411647 -80.8045394333519,35.1237344411011 -80.8048944340568,35.1236024410077 -80.8051054344769,35.1235164409533 -80.8051464345599,35.1234934409432 -80.8054284351374,35.1233034408766 -80.8062204365135,35.1238914406094 -80.8063044366557,35.1239744405786 -80.8063684367578,35.1240674405525 -80.806418436829,35.1241814405287 -80.8064384368517,35.1242544405168 -80.8064464368491,35.1243394405074 -80.806443436761,35.124730440476 -80.8064414366812,35.1250914404467 -80.8064634366997,35.1252034404307 -80.8064824367248,35.1252574404204 -80.8065074367618,35.1253094404083 -80.8066324369589,35.1255144403521 -80.8067814372015,35.125725440287 -80.8068474373033,35.1258474402553 -80.8068934373655,35.1259754402293 -80.8069124373812,35.126077440214 -80.8069134373445,35.1262654401968 -80.8068544368877,35.1279304400678 -80.8067834366346,35.1284854400438 -80.8067684365987,35.1285174400464 -80.8067254365008,35.128584440056 -80.8066754363917,35.1286384400693 -80.8061824353489,35.129005440218 -80.8057134343554,35.1293434403655 -80.805112433075,35.1297854405611 -80.8049734327811,35.1298744406083 -80.8050834329689,35.1300024405586 -80.8053634334283,35.1304184404244 -80.8062584349003,35.131814439966 -80.8063464350362,35.1320004399149 -80.8064254351455,35.1322294398635 -80.8064714352081,35.1323684398328 -80.806507435262,35.1324544398106 -80.8065664353593,35.1325534397775 -80.8066434354942,35.1326454397372 -80.806719435631,35.1327194396987 -80.8067794357416,35.1327654396693 -80.807093436331,35.1329604395183 -80.8074764370455,35.1332294393283 -80.8076194373073,35.1333584392538 -80.8084094389684,35.1329694389558 -80.8089114400224,35.1327104387728 -80.8091744405749,35.1325664386795 -80.8093344409105,35.1324794386232 -80.8097324417419,35.1322754384835 -80.8100404423851,35.1321104383781 -80.8101994427183,35.1320164383255 -80.8104444432342,35.1318514382483 -80.8106464436635,35.1316874381897 -80.8107954439818,35.1315534381491 -80.8114954454751,35.1308964379708 -80.8121194467978,35.1303084378241 -80.8122854471473,35.1301584377859 -80.8127914482088,35.1297054376733 -80.8128424483155,35.1296594376624 -80.8134734496202,35.1291784375168 -80.8140094507214,35.1287834373978 -80.8142504512162,35.1285954373485 -80.8144084515413,35.1284624373189 -80.8146414520221,35.1282454372808 -80.8148864525282,35.1280024372456 -80.8151224530174,35.1277424372189 -80.8152804533458,35.1275524372056 -80.8155774539648,35.1271634371902 -80.8157224542689,35.1269474371899 -80.8159164546776,35.126627437198 -80.815949454747,35.1265734371994 -80.8160584549791,35.1263624372122 -80.8164734558676,35.1254604372905 -80.8169774569362,35.1243544374036 -80.8170984571904,35.124094437432 -80.8172414574914,35.1237694374711 -80.8176244582893,35.1229364375735 -80.8176994584417,35.1228094375855 -80.8178064586588,35.122628437603 -80.817997459043,35.122331437629 -80.8181634593749,35.1220864376495 -80.8184244598922,35.121736437675 -80.8186414603202,35.1214534376961 -80.8186814603986,35.1214064376989 -80.8189914610043,35.1210444377212 -80.819364461728,35.1206364377448 -80.8194474618898,35.1205264377562 -80.819906462773,35.1200514377853 -80.82092246471,35.1190074378712 -80.8212434653171,35.1186764379055 -80.8217084661921,35.1181974379608 -80.8221454670101,35.1177414380209 -80.8232674690893,35.1165784382005 -80.8235324695761,35.1163044382486 -80.8236484697888,35.1161704382752 -80.8237544699832,35.116030438306 -80.8238144700932,35.1159434383264 -80.8239234702929,35.1157634383715 -80.8240704705623,35.1154584384552 -80.8252224726446,35.1158094381429 -80.8257444735912,35.1159754379947 -80.8262184744524,35.1161214378596 -80.8269724758258,35.1163634376365 -80.8273674765473,35.1165054375112 -80.8277654772761,35.1166654373764 -80.8279884776857,35.1167714372932 -80.8281284779431,35.1168384372404 -80.8284674785687,35.1170364370963 -80.8287184790334,35.1171964369826 -80.8288024791744,35.1169064370906 -80.8288824793179,35.1168534370988 -80.82911347974,35.1168764370474 -80.8293004800794,35.1168454370272 -80.8295954806157,35.1168194369857 -80.8296724807527,35.1167574369991 -80.8296994808009,35.1167404370018 -80.8297554808979,35.1166464370332 -80.8298714811026,35.116530437064 -80.8299884813092,35.1164204370924 -80.8301284815588,35.1163364371057 -80.8302114817031,35.1162264371407 -80.8303344819153,35.1160424372024 -80.8303844819998,35.1159414372395 -80.8304634821253,35.1156554373555 -80.8305024821863,35.1155034374178 -80.8305164822041,35.1153824374703 -80.8305204822042,35.1152684375212 -80.8305724822916,35.1151664375594 -80.8305884823179,35.115126437575 -80.8305854823063,35.1150284376199 -80.8306114823426,35.1148634376908 -80.8306194823487,35.114732437749 -80.8306494823932,35.1145854378113 -80.8307034824772,35.1143834378954 -80.8307414825359,35.1142374379565 -80.8307734825867,35.1141364379981 -80.8308084826444,35.114060438028 -80.8308204826598,35.1139684380683 -80.8308274826632,35.1138304381304 -80.8308854827473,35.1135364382573 -80.8310284829753,35.1131364384228 -80.8310434829936,35.1130144384771 -80.8310604830114,35.1128324385588 -80.83108248304,35.1126814386258 -80.8311454831357,35.1124494387257 -80.831209483236,35.112262438805 -80.8312074832266,35.1121784388441 -80.8312134832303,35.1120804388888 -80.8311624831267,35.1118884389829 -80.8311604831165,35.111793439027 -80.8311864831433,35.1115214391501 -80.8312194831771,35.111175439307 -80.8312284831833,35.1110394393691 -80.831307483302,35.1107584394924 -80.8314084834604,35.1105004396038 -80.8314704835622,35.1104084396417 -80.8315584837103,35.1103304396711 -80.8316674838963,35.1102694396911 -80.8317694840723,35.1102394396972 -80.8318604842312,35.1102384396905 -80.8318834842718,35.1102424396869 -80.8320004844782,35.1102674396659 -80.8321024846544,35.1102414396703 -80.8322744849472,35.1101474397018 -80.8324054851712,35.1100894397197 -80.8325884854875,35.1100524397237 -80.8330484862728,35.1098594397839 -80.833424486916,35.1097314398203 -80.8336534873087,35.1096684398357 -80.8338404876305,35.1096304398419 -80.8341424881546,35.1096154398287 -80.8343134884523,35.1096164398165 -80.8345984889452,35.1095874398119 -80.834786489263,35.1095034398426 -80.8349204894971,35.109512439829 -80.8352244900314,35.1095604397835 -80.8353264902103,35.1095724397702 -80.8356004906891,35.1095894397427 -80.836081491523,35.1095644397234 -80.8363024919071,35.10956143971 -80.8365344923163,35.1096034396715 -80.836785492752,35.1095954396587 -80.8371954934691,35.1096214396163 -80.8374864939809,35.1096584395757 -80.837750494446,35.109696439536 -80.8380124949126,35.1097664394781 -80.8381494951541,35.1097854394576 -80.8383504955096,35.1098204394232 -80.8385784959178,35.1098904393667 -80.8387454962139,35.109922439336 -80.8389244965315,35.1099564393032 -80.8390534967605,35.109981439279 -80.8391384969086,35.1099804392733 -80.8394244974092,35.1099904392463 -80.8397344979434,35.109950439247 -80.8399344982822,35.1098914392675 -80.8400814985251,35.1098124393041 -80.8404374990991,35.1095474394387 -80.8406524994507,35.1094214395008 -80.8411825003184,35.1091294396458 -80.8414945008287,35.1089634397298 -80.8417005011613,35.1088344397982 -80.8420155016633,35.1086094399218 -80.8427975029563,35.1083164400679 -80.8430595033933,35.1082424401029 -80.8432625037211,35.1081344401632 -80.8436235042956,35.1079084402943 -80.8438095045987,35.1078284403389 -80.84397450489,35.1078634403091 -80.8439575048446,35.1077884403592 -80.8440835050434,35.1077054404089 -80.8441115050685,35.1075994404778 -80.8440865049976,35.1074704405639 -80.8440995049812,35.1072914406816 -80.8440265048034,35.1070474408449 -80.8439355045937,35.1067964410127 -80.8437655042316,35.1064594412378 -80.8436975040802,35.1062924413484 -80.8436905040423,35.106169441429 -80.8437045040319,35.1060084415341 -80.843748504079,35.1058784416187 -80.843945504339,35.1055314418448 -80.8440145044363,35.1054404419044 -80.8440775045252,35.1053584419583 -80.844191504707,35.1053074419916 -80.8443025048952,35.1053094419901 -80.8443665050002,35.1052944419999 -80.844772505614,35.104969442217 -80.8448725057587,35.1048624422892 -80.8449455058515,35.1047284423797 -80.8450495059553,35.1044144425924 -80.8450995059874,35.104186442747 -80.8451555060451,35.1040274428554 -80.8452005060988,35.1039324429205 -80.8452235061059,35.1037954430138 -80.8452835061733,35.1036514431128 -80.8453625062823,35.1035514431825 -80.8454575064107,35.1034204432741 -80.8455455064945,35.1031494434614 -80.8456425066043,35.1029274436163 -80.8458375068703,35.1026794437933 -80.8458485068843,35.1026614438061 -80.845960507025,35.102470443942 -80.8460335071117,35.1023264440444 -80.8461815072975,35.1020784442225 -80.8463735075253,35.1017074444895 -80.8465115077024,35.1014994446419 -80.8467095079953,35.1013634447482 -80.8466445078669,35.1012764448053 -80.8467525079612,35.1009384450487 -80.847174508464,35.1001824456109 -80.8472765085788,35.099977445764 -80.8473635086903,35.0998574458562 -80.8475025088528,35.0996064460463 -80.8475745089218,35.0994184461866 -80.8476315089828,35.0992954462796 -80.847731509115,35.0991784463723 -80.8478785092839,35.0989104465783 -80.8479605093739,35.0987464467042 -80.848026509447,35.0986174468036 -80.8482105096576,35.0982884470601 -80.8482635097209,35.0982044471265 -80.8484605099531,35.0978844473803 -80.8486265101607,35.0976634475601 -80.8488135104068,35.0974634477281 -80.8489545105952,35.0973254478461 -80.8491355108232,35.0970994480346 -80.8492485109595,35.0969384481676 -80.8495855113375,35.0963644486375 -80.8497255115077,35.096177448796 -80.8500175118601,35.0957854491307 -80.8505485124721,35.0949954498068 -80.8508475128227,35.0945854501666 -80.8508825128453,35.0944754502564 -80.851229513259,35.0940364506512 -80.8512765133054,35.0939454507293 -80.8513575133854,35.0937894508636 -80.8517835138969,35.0932844513309 -80.8519085140446,35.093131451473 -80.8522905144903,35.0926544519184 -80.8524875147289,35.0924414521243 -80.8525935148448,35.0922884522659 -80.852720514983,35.0921044524368 -80.8528745152024,35.092047452513 -80.8530465153628,35.09171845281 -80.8533185156336,35.0912594532341 -80.8534345157074,35.0909374535176 -80.8535555158053,35.0906684537607 -80.8537175159305,35.0902944540989 -80.8538225159893,35.0899854543729 -80.8539055160749,35.089862454492 -80.8539475161245,35.0898194545367 -80.8534635151883,35.089192454927 -80.8531075144854,35.0886724552551 -80.8530235143134,35.0885284553487 -80.8529725142004,35.0884134554273 -80.8529535141531,35.0883544554694 -80.8529395141122,35.088291455516 -80.852921514032,35.088123455645 -80.8529095139384,35.087884455832 -80.8529105139057,35.0877764559182 -80.8529205138826,35.0876564560163 -80.852136512718,35.0876714557942 -80.8508745108378,35.0876784554503 -80.8503535100619,35.0876824553076 -80.8479805065311,35.0877164546471 -80.8476095059778,35.0877174545472 -80.8451975023862,35.087748453881 -80.8441185007789,35.0877624535837 -80.8439875005836,35.087763453548 -80.8434884998336,35.0877384534312 -80.8431534993287,35.0877144533572 -80.842231497932,35.0876064531788 -80.8419184974568,35.0875614531227 -80.8414324967191,35.0874894530362 -80.8411184962438,35.0874474529769 -80.8386534925183,35.0870914525127 -80.8375864909127,35.0869424523006 -80.8373454905506,35.0869094522516 -80.8369164899051,35.0868404521695 -80.8366084894408,35.0867804521157 -80.8365714893846,35.0867704521107 -80.8363634890692,35.0867134520829 -80.8361574887556,35.0866454520613 -80.8358944883543,35.086547452039 -80.8356584879931,35.0864464520252 -80.8354294876416,35.086335452018 -80.8352074873,35.0862154520169 -80.8349934869696,35.0860854520223 -80.8347884866521,35.0859464520343 -80.8345924863476,35.0857994520522 -80.834405486056,35.0856434520765 -80.8342294857804,35.0854794521073 -80.8340824855515,35.0853504521283 -80.8336754849201,35.0849934521833 -80.8331214840679,35.0845294522403 -80.8330074838949,35.0844514522424 -80.8326244833148,35.0841874522487 -80.831903482236,35.0837794522099 -80.8312364812482,35.0834614521384 -80.8309294807952,35.0833164521027 -80.8308384806611,35.0832734520919 -80.8304474800882,35.0831234520283 -80.8299674793886,35.082972451933 -80.8293464784902,35.0828654517682 -80.8287014775602,35.0827904515794 -80.8280634766432,35.0827684513697 -80.8272434754672,35.0828244510656 -80.8266494746152,35.0828954508342 -80.8258364734487,35.0831094504752 -80.8256874732346,35.0831594504059 -80.823661470306,35.0838474494837 -80.822957469281,35.084087449173 -80.821132466606,35.0847054483928 -80.8209114662804,35.0847804483006 -80.8180504620291,35.0857674471491 -80.8179224618384,35.0857994471027 -80.8178484617281,35.0858184470759 -80.8168414602161,35.0861554466955 -80.8157644585894,35.0865264462979 -80.8145784567953,35.0868694458879 -80.814294456365,35.0869454457928 -80.813398455004,35.0871884454965 -80.8123984534892,35.0873894451859 -80.8120634529801,35.0874614450824 -80.8118774526997,35.0874844450281 -80.8120094529752,35.0869494451538 -80.8120264530559,35.086572445222 -80.8119964530569,35.086265445265 -80.8117594528345,35.0854184453354 -80.8115774526904,35.0846134454103 -80.8115904527833,35.0841274454929 -80.8116674529486,35.0837734455755 -80.8118534532851,35.0833224457112 -80.8120924536796,35.0829824458488 -80.8122554539411,35.0827954459364 -80.8125954544724,35.082490446107 -80.8129494550124,35.0822504462739 -80.8129934550794,35.0822204462948 -80.8139284564629,35.0818484466973 -80.8150794581602,35.081345447217 -80.8154524587138,35.0811234474023 -80.8157554591697,35.0808714475708 -80.8160494596176,35.080555447753 -80.8163234600456,35.0801354479548 -80.8164514602506,35.0798774480649 -80.8165074603471,35.0796914481307 -80.8165424604137,35.0795084481879 -80.8165784605207,35.078916448343 -80.8166744607556,35.0778454486383 -80.8163564603158,35.0778554485027 -80.8153114588677,35.0779084480535 -80.815198458711,35.0779144480049 -80.8150524585082,35.0779254479416 -80.8149434583558,35.0779414478926 -80.8148694582517,35.0779584478581 -80.8147744581179,35.0779804478139 -80.8145454577873,35.0781004476936 -80.8144934577113,35.078134447665 -80.8144344576241,35.0781814476309 -80.8140184570016,35.0785564473842 -80.8139004568275,35.0786384473199 -80.8137924566709,35.0786904472658 -80.8136484564623,35.0787564471945 -80.8135184562753,35.0788044471327 -80.8133664560599,35.0788344470656 -80.8132334558731,35.0788474470095 -80.8130284555872,35.0788524469258 -80.8127914552591,35.0788404468324 -80.8126864551135,35.0788374467905 -80.8125024548582,35.0788324467171 -80.8123904547018,35.0788364466712 -80.8122894545601,35.078844446629 -80.812264454525,35.0788464466186 -80.8121804544054,35.0788654465815 -80.812042454207,35.0789084465185 -80.8118994540002,35.0789604464523 -80.8117384537656,35.0790294463763 -80.8115224534464,35.0791484462706 -80.8112454530351,35.0793084461351 -80.8110714527761,35.0794094460506 -80.8108764524843,35.0795294459555 -80.8107674523232,35.0795824459048 -80.81067645219,35.0796184458637 -80.8105334519831,35.0796594458018 -80.8105514520193,35.0795924458186 -80.8105364520006,35.0795784458147 -80.8104484518909,35.079496445792 -80.8103964518287,35.0794334457806 -80.8103104517191,35.0793694457557 -80.8102194516018,35.079310445728 -80.8101164514663,35.079261445694 -80.8100154513251,35.0792624456538 -80.8099644512585,35.0792354456372 -80.8099174512054,35.0791624456284 -80.8098264510902,35.0790944456013 -80.8098154511138,35.0788684456273 -80.8097854510897,35.0787664456288 -80.8096354509097,35.0786024455897 -80.8095274507683,35.0785534455521 -80.8095024507498,35.0784614455538 -80.8095184507819,35.0784054455676 -80.8095624508486,35.07837244559 -80.8096914510326,35.0783424456469 -80.8097634511381,35.078309445681 -80.8098814513067,35.0782794457336 -80.8100264515165,35.0782264458007 -80.8100524515575,35.0781974458154 -80.8099284513778,35.0782444457578 -80.8097954511866,35.0782854456974 -80.8096774510193,35.0783074456459 -80.8095874508938,35.0783124456081 -80.8094244506561,35.0783794455324 -80.8091404502351,35.0785314453969 -80.8090374500871,35.0785594453514 -80.8089264499296,35.0785784453038 -80.8083634491461,35.0785884450732 -80.8082124489387,35.0785764450129 -80.8079044485097,35.0785834448866 -80.807653448161,35.0785844447842 -80.8073114476894,35.0785684446464 -80.8071004473922,35.0785894445583 -80.8067994469727,35.078597444435 -80.8064404464769,35.0785844442898 -80.8062114461569,35.0785944441957 -80.8057184454837,35.0785424439985 -80.8053414449569,35.0785584438435 -80.8051074446402,35.0785224437503 -80.8050104444824,35.0786244437045 -80.8048454442281,35.0787344436309 -80.8046084438795,35.0788174435304 -80.8044754436987,35.0787994434775 -80.8042984434334,35.078880443402 -80.8042194432674,35.0791184433586 -80.804227443195,35.0794724433445 -80.8039524427352,35.0797874432222 -80.803853442569,35.0799014431788 -80.8037654423646,35.0802374431307 -80.803759442285,35.0805324431161 -80.8037274421969,35.0807104430968 -80.803622442017,35.0808404430523 -80.8035084417978,35.0810784430008 -80.8034774416986,35.0813044429809 -80.8034584416585,35.081358442972 -80.8033934415657,35.0813604429482 -80.8029644409483,35.0813934427906 -80.8028824408261,35.0814164427601 -80.8028014407019,35.0814524427296 -80.80271944057,35.0815134426983 -80.8026144403936,35.0816204426576 -80.8024454401003,35.0818264425923 -80.8022584397794,35.0820374425214 -80.8021444395891,35.0821434424792 -80.8020664394657,35.082189442451 -80.8019834393388,35.0822214424213 -80.8018924392036,35.082240442389 -80.801803439073,35.0822534423576 -80.8008324376965,35.0822094420163 -80.8008174376141,35.0824314420118 -80.8008194375596,35.0826404420133 -80.8008954374812,35.0833254420412 -80.8009374374702,35.0835874420557 -80.80096643748,35.0837054420655 -80.8011284375834,35.0841884421182 -80.8000974360169,35.0844344417903 -80.7989694342988,35.0846954414401 -80.7986924338744,35.0847644413557 -80.7986174337585,35.084786441333 -80.7982464331647,35.0849594412245 -80.7977964324358,35.0851914410968 -80.7976404321873,35.0852564410524 -80.7974754319285,35.085311441005 -80.7972244315448,35.0853624409316 -80.7970564312926,35.0853814408818 -80.7963494302663,35.0853514406651 -80.7963024300307,35.0858634406882 -80.7961834293925,35.0872794407588 -80.7961904293748,35.0873654407672 -80.7962064293832,35.087412440775 -80.7964064295475,35.0878234408588 -80.7964254295594,35.0878744408674 -80.7964324295595,35.0879064408716 -80.796443429513,35.0881004408882 -80.7964564295202,35.0881384408943 -80.7969894299851,35.0891854410987 -80.7970924300768,35.0893864411362 -80.797233430195,35.0896874411879 -80.7972754302203,35.089809441205 -80.7973204302272,35.0900044412267 -80.7973734301744,35.090429441263 -80.797001429599,35.0904574411807 -80.7967794292596,35.090461441131 -80.7966714290957,35.0904594411065 -80.7964034286947,35.0904374410445 -80.7952654270102,35.0902934407748 -80.7950454266888,35.0902544407211 -80.7949534265561,35.0902334406981 -80.7948224263692,35.0901974406646 -80.7937774248979,35.089866440388 -80.7934434244162,35.0897974403015 -80.7932744241683,35.089774440259 -80.7930784238771,35.0897584402108 -80.7927894234443,35.0897444401408 -80.79266142325,35.0897454401106 -80.7926684232823,35.0896864401047 -80.7926614233256,35.0895394400841 -80.7926444233385,35.0894344400665 -80.7926134233339,35.0893194400441 -80.7925714233099,35.08921244002 -80.7925054232648,35.0890644399844 -80.7922884230955,35.0886394398737 -80.792155423006,35.0883434397996 -80.7920914229781,35.0881614397581 -80.7920234229309,35.0880154397201 -80.7919594228817,35.087891439686 -80.791881422814,35.087761439647 -80.7916764226211,35.0874624395493 -80.7915924225362,35.0873564395111 -80.7915134224499,35.0872744394776 -80.7913244222269,35.087122439403 -80.7912184220944,35.0870574393639 -80.7913144222828,35.0869374393726 -80.7914004224618,35.0868024393767 -80.7914424225556,35.0867194393762 -80.7914834226651,35.086591439369 -80.7914984227196,35.0865064393608 -80.7915094227803,35.0863894393469 -80.7915274228494,35.0862774393356 -80.7915494229157,35.0861884393291 -80.7915934230261,35.0860684393244 -80.7916454231469,35.0859514393228 -80.7917104232816,35.0858484393272 -80.7917854234295,35.0857484393352 -80.7927184251968,35.0846674394746 -80.7928594254643,35.0844974394976 -80.7928904255298,35.0844414395004 -80.7929514256615,35.0843234395051 -80.7929844257378,35.084245439506 -80.7930054257923,35.0841794395045 -80.7930324258747,35.0840604394986 -80.7930444259272,35.0839634394905 -80.7930484259646,35.0838764394812 -80.7930424259896,35.0837834394678 -80.7930304260035,35.0836974394533 -80.7929754259959,35.0834994394106 -80.7929444259791,35.0834224393907 -80.7928584259083,35.0832764393437 -80.7928124258639,35.0832164393207 -80.7927004257498,35.0830874392664 -80.7926054256391,35.0830164392251 -80.7925434255636,35.0829794391992 -80.7924764254786,35.0829484391723 -80.7924394254299,35.0829364391582 -80.7923784253436,35.0829324391368 -80.7923874254265,35.0827434391148 -80.7924004254681,35.082681439111 -80.7924294255349,35.082613439112 -80.7924684256071,35.0825694391197 -80.792526425706,35.0825264391342 -80.7925884258063,35.0824954391517 -80.7927414260402,35.0824554391997 -80.7928474261956,35.0824454392354 -80.7929454263334,35.0824524392704 -80.7930394264601,35.0824744393058 -80.7930634264912,35.0824834393153 -80.7931074265398,35.0825234393355 -80.7933104267821,35.082658439422 -80.7934864270017,35.0827504394934 -80.7935844271299,35.0827854395311 -80.793671427246,35.0828104395638 -80.7937254273974,35.0826024395589 -80.7937344274514,35.082486439549 -80.7937284274719,35.0824044395377 -80.7937314274926,35.0823584395336 -80.7937714276225,35.0821534395247 -80.7937664276621,35.0820214395081 -80.7937584276805,35.0819374394959 -80.7937704277139,35.081891439495 -80.7937734277299,35.0818584394924 -80.7937804277477,35.0818364394924 -80.7937774277547,35.0818044394878 -80.7936874277167,35.0815504394268 -80.7936554277289,35.0813884393969 -80.7936354277606,35.0812194393703 -80.7936344277756,35.0811734393647 -80.7936384277912,35.081145439363 -80.7936334277906,35.0811274393591 -80.7936194277782,35.0811064393516 -80.7935504276897,35.0810804393231 -80.7935144276491,35.0810514393065 -80.7934504275702,35.081018439279 -80.7934124275264,35.0809904392616 -80.7933834274958,35.0809614392474 -80.7933624274801,35.0809224392351 -80.7932904274437,35.0807404391866 -80.7932814274573,35.0806674391745 -80.7932514274369,35.080606439156 -80.7932464274461,35.0805614391487 -80.7932024274507,35.0803764391098 -80.7931634274247,35.0802964390853 -80.7931234273915,35.0802324390622 -80.793047427323,35.0801264390202 -80.7929944272859,35.0800234389871 -80.7929724272812,35.0799514389696 -80.7929614272916,35.0798804389566 -80.7929574273085,35.0798184389473 -80.7929654273401,35.0797624389435 -80.7929854273863,35.0797124389451 -80.7931024276042,35.0795634389726 -80.7931404276924,35.0794664389757 -80.7932064278078,35.079402438994 -80.7933684280827,35.0792674390421 -80.7934084281608,35.0792054390507 -80.7935974284352,35.0791754391225 -80.793524428363,35.0790924390838 -80.793507428359,35.0790374390707 -80.793504428378,35.078972439062 -80.7935204284332,35.0788804390577 -80.7935224285017,35.0786964390373 -80.7935324285252,35.0786694390382 -80.793562428578,35.0786384390469 -80.7935754286032,35.0786184390498 -80.7935724286546,35.0784624390307 -80.7935464286514,35.0783704390094 -80.7935354286455,35.0783444390019 -80.7935064286146,35.078318438987 -80.7934314285426,35.0782294389457 -80.793377428475,35.0782094389211 -80.7933584284552,35.0781914389111 -80.793358428471,35.0781474389059 -80.7933474284636,35.0781254388987 -80.7933104284247,35.0780914388794 -80.7932634283672,35.0780704388573 -80.7932164283034,35.0780674388374 -80.7930944281586,35.0780014387787 -80.7929494279968,35.0778954387051 -80.7928624278858,35.0778704386656 -80.7927104276976,35.0778114385944 -80.7926904276748,35.0777984385844 -80.792588427551,35.0777524385356 -80.7925424274972,35.0777264385128 -80.792527427482,35.0777114385046 -80.7923554272827,35.0776094384185 -80.7922884271945,35.0775984383888 -80.7921724270526,35.0775504383332 -80.7920404268978,35.0774784382673 -80.7919624268029,35.0774454382296 -80.7919344267689,35.077433438216 -80.7920104268891,35.0773914382425 -80.7923694274501,35.0772094383711 -80.7924914276434,35.0771394384142 -80.7926194278572,35.0770354384558 -80.7926664279404,35.0769844384695 -80.7927054280129,35.0769324384797 -80.793033428686,35.0763154385458 -80.7930934288133,35.0761894385569 -80.7931344289046,35.0760914385633 -80.7931704289908,35.0759884385668 -80.7932124291067,35.075825438566 -80.7932784293237,35.0754714385535 -80.7933034294205,35.0752964385441 -80.7933174295005,35.0751264385303 -80.7933254295753,35.0749484385129 -80.7933364297626,35.0744684384611 -80.7933504298216,35.0743564384545 -80.793392429941,35.0741804384536 -80.7934154299962,35.0741124384566 -80.7934524300768,35.074025438464 -80.7935084301899,35.0739184384784 -80.7935824303319,35.0737974385 -80.7937074305661,35.0736074385387 -80.7938234307787,35.0734434385767 -80.7938974309191,35.0733244385996 -80.7939544310318,35.073219438616 -80.7940084311433,35.0731064386302 -80.7940604312607,35.072968438641 -80.7941164314151,35.0727394386442 -80.7941404315005,35.0725864386399 -80.7941474315612,35.0724394386278 -80.7941454316041,35.0723094386131 -80.7941294316345,35.0721624385894 -80.7941144316428,35.0720824385733 -80.7940884316496,35.0719654385476 -80.7940434316418,35.071819438509 -80.7939754316107,35.0716544384563 -80.7939134315733,35.0715304384108 -80.7938394315239,35.0713964383578 -80.7937344314495,35.0712194382836 -80.7936894314217,35.0711324382503 -80.7936484314052,35.0710284382171 -80.7936214314078,35.0709224381909 -80.7936144314233,35.0708534381793 -80.7936124314602,35.0707424381656 -80.7936264315268,35.0706064381575 -80.7936594316173,35.0704724381598 -80.7936964316969,35.0703834381694 -80.7937634318223,35.070274438193 -80.7940684323704,35.0698374383093 -80.7941634325422,35.0696964383459 -80.7941964326068,35.0696334383572 -80.7942574327411,35.0694734383738 -80.7942834328104,35.0693704383773 -80.7943004328667,35.0692714383764 -80.7943074329084,35.0691774383705 -80.7943084329477,35.0690684383598 -80.7942994329679,35.0689774383453 -80.7942834329798,35.0688844383268 -80.794249432981,35.0687564382945 -80.7942074329683,35.0686394382588 -80.7941544329357,35.0685394382185 -80.7940454328547,35.0683744381395 -80.7939404327631,35.0682554380673 -80.7929524318825,35.0672234373797 -80.7928924318375,35.0671394373343 -80.792839431807,35.0670404372909 -80.7928044317944,35.0669544372596 -80.7927714317902,35.0668524372272 -80.7927674317951,35.0668254372214 -80.7927554318049,35.0667574372057 -80.7927534318767,35.0665544371787 -80.7927724319407,35.066444437176 -80.792809432025,35.0663404371848 -80.7928664321407,35.0662184372034 -80.792969432339,35.0660264372411 -80.7931564327043,35.065660437309 -80.7932604329022,35.0654694373492 -80.7933364330468,35.0653294373789 -80.7934244332195,35.0651514374118 -80.7934554332904,35.0650604374202 -80.7934794333769,35.0649014374165 -80.7934844334221,35.064792437407 -80.793475433436,35.0647224373932 -80.7934524334431,35.0646234373674 -80.7934284334491,35.0645244373409 -80.7934254334669,35.064464437332 -80.793317433509,35.0639784372069 -80.7932104333731,35.063992437141 -80.7929214330103,35.0640184369618 -80.7924714324529,35.0640374366803 -80.7921874321051,35.0640384365013 -80.791842431689,35.0640224362814 -80.7908364304853,35.0639534356358 -80.7893354286958,35.0638414346669 -80.7880934272136,35.0637594338634 -80.7878954269741,35.0637544337367 -80.7877604271665,35.0629094334786 -80.7879124274469,35.0626804335309 -80.7881624279261,35.0622564336099 -80.7882774281453,35.0620624336476 -80.7884194284159,35.0618214336947 -80.7885714287018,35.0615704337477 -80.7886414288437,35.0614294337677 -80.7890974296692,35.060739433947 -80.7893374301003,35.0603774340454 -80.7893924301992,35.0602934340682 -80.7899884312443,35.0594344343325 -80.790091431426,35.0592804343789 -80.7903804319321,35.0588524345122 -80.7904814320971,35.0587314345643 -80.7906194323099,35.0585974346411 -80.7907534325083,35.0584874347194 -80.7911324330541,35.0582114349488 -80.7913914334305,35.0580104351055 -80.7914614335388,35.0579384351455 -80.7915934337412,35.0578064352219 -80.7919474342951,35.0574174354247 -80.7924014349999,35.0569214356914 -80.7927084354823,35.0565624358726 -80.7927844356134,35.0564404359138 -80.7928244356892,35.0563574359332 -80.7928564357613,35.0562594359448 -80.7928574357924,35.0561774359352 -80.792839435808,35.0560784359092 -80.7926644357606,35.0556674357246 -80.7925924357371,35.0555104356495 -80.7925334357141,35.0553924355892 -80.7924324356973,35.0551304354774 -80.7924094357122,35.0550204354451 -80.7930634364943,35.0548854359316 -80.7931364366505,35.0546794359629 -80.7935044371084,35.0545484362327 -80.7935594371833,35.054510436271 -80.7936224372646,35.0544794363164 -80.7937304373996,35.0544384363958 -80.7937904374689,35.0544314364417 -80.7938234375139,35.0544084364648 -80.7938934375968,35.0543944365177 -80.7939704376928,35.0543654365746 -80.7940914378479,35.0543074366626 -80.7941934379638,35.0543004367415 -80.794296438092,35.0542614368178 -80.7944404382685,35.0542144369255 -80.7946294385279,35.0540714370591 -80.7946674385736,35.0540614370879 -80.7947264386401,35.0540584371338 -80.7947734386971,35.0540444371693 -80.7948494387945,35.0540064372253 -80.7949124388801,35.0539604372704 -80.7949764389626,35.0539264373175 -80.7949924389957,35.0538814373259 -80.7950204390458,35.0538254373427 -80.7950474391406,35.0536344373464 -80.7954304395941,35.0535444376413 -80.795630439823,35.0535204377977 -80.7957874400066,35.0534894379195 -80.7959484401942,35.0534594380448 -80.7961654404441,35.0534274382145 -80.7963034406249,35.0533394383176 -80.7964444408007,35.0532764384252 -80.7966084409961,35.0532304385526 -80.7966764410803,35.0532014386048 -80.796712441128,35.0531764386319 -80.7967914412623,35.0530284386852 -80.7968544413295,35.053034438736 -80.7969264414093,35.0530324387934 -80.7969994414869,35.0530404388522 -80.7972804417918,35.0530524390776 -80.7973244418411,35.0530494391126 -80.7973684418882,35.053053439148 -80.7975594421005,35.0530454393003 -80.7976044421416,35.0530724393377 -80.7977044422533,35.0530664394173 -80.7977324422807,35.0530774394402 -80.7977604423059,35.0530954394635 -80.7977944423402,35.0531054394911 -80.7980204425892,35.0531034396715 -80.7982404428405,35.0530724398458 -80.798297442904,35.0530694398912 -80.7982734428992,35.052998439869 -80.7982464429069,35.0528754398422 -80.7982374429511,35.0526974398272 -80.7982164429989,35.0524644398002 -80.7982034431021,35.0520784397728 -80.7982054431393,35.0519634397694 -80.7982134431787,35.0518624397715 -80.7982364432465,35.0517214397842 -80.7983024434056,35.0514324398261 -80.7984344437098,35.0508964399134 -80.7984814437985,35.0507694399475 -80.7987164440369,35.0508154401452 -80.7989864443154,35.0508534403715 -80.799182444523,35.050863440535 -80.7993574447152,35.0508484406804 -80.7995314449128,35.0508114408245 -80.7997004451119,35.0507494409641 -80.7998534452972,35.0506754410904 -80.7999244453892,35.0506194411488 -80.8000004454916,35.0505454412112 -80.8002574458529,35.0502384414228 -80.8003974460533,35.0500554415389 -80.8005224461653,35.0501314416451 -80.8007244463527,35.0502324418162 -80.8009304465522,35.0503064419899 -80.8011414467628,35.0503604421674 -80.8013614469871,35.0504004423521 -80.8015914472241,35.050433442545 -80.801785447431,35.0504354427079 -80.8019124475696,35.0504244428147 -80.8018944475865,35.0502864428013 -80.8018824475897,35.050225442792 -80.8018594475836,35.0501554427735 -80.8015714474298,35.049579442535 -80.8012734472739,35.0489864422829 -80.8012244472506,35.048881442241 -80.8011684472169,35.0487884421928 -80.8010954471655,35.0486954421297 -80.8009784470743,35.0485794420283 -80.8007344468767,35.0483684418154 -80.8006254467904,35.0482684417198 -80.8002864465219,35.0479634414204 -80.8004584467341,35.0478444415702 -80.8005854468928,35.0477484416812 -80.8006624469918,35.0476794417486 -80.8006894470278,35.0476504417722 -80.8006724470148,35.0476334417571 -80.8006144469605,35.0476124417058 -80.800561446915,35.0475784416588 -80.8005434469046,35.0475484416426 -80.8005024468719,35.0475134416061 -80.8004094467945,35.0474454415232 -80.8003694467668,35.0473964414872 -80.8003474467494,35.0473774414675 -80.8001914466216,35.0472584413277 -80.8001484465828,35.0472384412892 -80.800097446542,35.0471964412433 -80.8000784465249,35.0471874412263 -80.7999684464318,35.0471154411272 -80.7999414464063,35.0471074411031 -80.7998854463759,35.0470114410515 -80.7998754463895,35.046927441041 -80.7998684463875,35.0469094410344 -80.7998284463572,35.046871440998 -80.7997584463004,35.0468184409343 -80.7997444462908,35.0468014409214 -80.7997394462989,35.0467554409161 -80.7997224462906,35.0467234409002 -80.7996944462707,35.0466924408744 -80.799599446213,35.0465544407862 -80.7995774462026,35.0465124407654 -80.7994324461121,35.04631244063 -80.7994144461047,35.0462744406128 -80.799368446078,35.0462044405694 -80.7993544460716,35.0461774405561 -80.799338446062,35.046154440541 -80.7992924460308,35.0461004404979 -80.7992484459944,35.0460714404572 -80.7991664459982,35.0457734403742 -80.7991624460202,35.045684440368 -80.7991724460518,35.045611440375 -80.7991964460864,35.045576440396 -80.799210446107,35.0455544404081 -80.7992544461677,35.0454994404468 -80.7992594461908,35.0454374404497 -80.7992524462156,35.0453284404403 -80.7992704462636,35.045226440454 -80.7992764463038,35.0451094404564 -80.7992914463368,35.0450484404685 -80.7993104463682,35.0450064404849 -80.7993474464229,35.0449464405175 -80.7993564464436,35.0449064405248 -80.7993874465001,35.0448194405512 -80.799396446526,35.044761440558 -80.7993964465434,35.0447014405565 -80.7993604465454,35.0445704405197 -80.7993524465703,35.0444574405093 -80.7993364465682,35.0444094404932 -80.7993234465742,35.0443444404793 -80.7993154465872,35.0442724404699 -80.7993124466092,35.0441864404648 -80.7992964466256,35.0440754404469 -80.7992794466221,35.0440294404297 -80.799263446662,35.0438384404094 -80.7992474466639,35.0437774403927 -80.7992164466556,35.0437004403613 -80.7991814466353,35.0436514403269 -80.7991614466286,35.0436064403068 -80.7991434466304,35.0435394402878 -80.7991564466633,35.0434714402981 -80.7991344467152,35.0432204402699 -80.7991124467187,35.0431344402464 -80.7990984467296,35.0430504402306 -80.7990914467515,35.0429524402209 -80.7990754467693,35.0428384402022 -80.7990854468371,35.0426414402058 -80.7991854469779,35.0424954402975 -80.7992344470265,35.0424934403446 -80.7993214471169,35.0424754404277 -80.7993784471782,35.0424564404821 -80.7994504472556,35.0424324405507 -80.7995684473858,35.0423814406631 -80.7996694474948,35.0423454407596 -80.79976744759,35.0423474408541 -80.7999814477943,35.0423644410605 -80.8004254482132,35.0424184414888 -80.8006894484568,35.0424714417432 -80.8007734485313,35.0424994418241 -80.8009524488962,35.0418044419951 -80.8010114490162,35.0415744420522 -80.8011484492907,35.0410504421866 -80.801654449756,35.0411324426835 -80.801949450025,35.0411904429725 -80.8022314502677,35.0413034432471 -80.8024854504638,35.0414954434917 -80.8027334506396,35.0417494437274 -80.8028524507282,35.0418564438402 -80.8030044508604,35.041918443986 -80.8030894509165,35.0420254440651 -80.8033884511825,35.042127444351 -80.8035744513585,35.04214944453 -80.8043744521335,35.0421704453022 -80.8043724520398,35.0425624452803 -80.8043944519451,35.043059445276 -80.8043624517876,35.0435974452182 -80.8043394517155,35.0438074451859 -80.804286451628,35.0439554451287 -80.8042944515972,35.044120445128 -80.8043524516283,35.0442344451765 -80.8044674517187,35.0443394452785 -80.8047874519958,35.0445264455664 -80.8049244521317,35.0445324456934 -80.8050454522488,35.0445504458049 -80.8052264524197,35.0445974459702 -80.8052564524666,35.0445224460029 -80.8053064525598,35.044329446062 -80.8053724526948,35.0440194461441 -80.8054014527406,35.0439434461763 -80.8054594528181,35.0438544462368 -80.805500452868,35.0438134462782 -80.805521452895,35.0437854462999 -80.8056124529971,35.0437324463893 -80.8057214531171,35.0436784464958 -80.8058214532212,35.0436564465918 -80.8059734533748,35.0436434467361 -80.807116454512,35.0436264478163 -80.807239454631,35.043641447931 -80.8072724547317,35.0433034479944 -80.8072964548264,35.042950448051 -80.8073054548529,35.042862448068 -80.8073414549107,35.0427504481132 -80.807400454986,35.0426634481782 -80.8074214550114,35.0426394482007 -80.8074864550861,35.0425844482684 -80.8075724551781,35.0425454483549 -80.8076054552134,35.0425304483881 -80.8077394553481,35.0425124485187 -80.8078664554719,35.0425154486404 -80.8081874557797,35.0425494489452 -80.8082174558474,35.0423484489961 -80.808234455906,35.0421274490368 -80.8082114559267,35.0419014490393 -80.8081734559331,35.0416744490273 -80.8081074559153,35.0414334489891 -80.8080234558742,35.0412254489292 -80.8072464551701,35.0410004481885 -80.807290455197,35.0410774482245 -80.8073494552293,35.0411994482707 -80.8074064552545,35.0413484483121 -80.8074184552577,35.0413904483197 -80.8074784552875,35.0415324483644 -80.8075274553083,35.0416664483989 -80.8075534553118,35.0417764484133 -80.8075864553102,35.0419464484283 -80.8075944552984,35.0420454484262 -80.8075864552744,35.0421274484102 -80.8074394551323,35.0421214482687 -80.8065764542876,35.0421384474327 -80.8056734533984,35.0421794465568 -80.8054484531778,35.0421844463391 -80.8054934533056,35.0418054464083 -80.8054764533427,35.0415634464082 -80.8054934533891,35.041428446434 -80.8055264535085,35.0410324464935 -80.805549453611,35.0406684465412 -80.8055294536144,35.0405664465284 -80.8055364536293,35.0405294465379 -80.8054254535298,35.0404994464298 -80.8039954522212,35.0402524450225 -80.8037024519542,35.0402014447329 -80.8002994488764,35.039613441335 -80.8002874488965,35.0395014413216 -80.8001924488923,35.0391974412219 -80.8001404489111,35.0389574411659 -80.8001254489461,35.0387834411482 -80.8000334489597,35.038431441049 -80.8000014489888,35.0382234410129 -80.7999864489939,35.0381564409964 -80.7999694490255,35.0379894409761 -80.7999574490388,35.0379034409624 -80.799956449057,35.0378364409602 -80.7999644490885,35.037751440967 -80.7999674491277,35.037623440968 -80.799977449192,35.0374294409751 -80.8000034492415,35.0373394410007 -80.8000784493767,35.0371054410752 -80.8001294494853,35.0368864411254 -80.8001894495715,35.0367754411867 -80.8002284496338,35.0366804412264 -80.8003444497753,35.0365534413469 -80.8005684500646,35.0362464415804 -80.8005814500828,35.036223441594 -80.8005964501008,35.0362074416097 -80.8006424501644,35.0361284416579 -80.8007184502653,35.0360124417377 -80.8007854503606,35.0358864418083 -80.800862450465,35.0357594418897 -80.8009054505254,35.0356804419353 -80.801099450776,35.0354014421423 -80.8012764510222,35.0350774423328 -80.8015944514359,35.0345914426787 -80.8017504516472,35.0343164428505 -80.8018884518064,35.0341754430023 -80.8025354526291,35.0331934437292 -80.8034834537909,35.0318264448267 -80.8034594538507,35.0314974448118 -80.8032904537956,35.0311354446333 -80.8033154538742,35.0309024446697 -80.8034424540212,35.0307414448203 -80.8036524543214,35.0302354450802 -80.8038934546124,35.0298654453733 -80.8040354548434,35.0293934455589 -80.8040864550141,35.0288524456434 -80.8045034556155,35.0277444461901 -80.8046374557421,35.0276674463535 -80.8046564557854,35.0275464463828 -80.8047434558724,35.0274744464905 -80.8049514560431,35.027463446739 -80.8050914561797,35.0273594469123 -80.8052054563385,35.0270624470673 -80.8052814564678,35.0267574471781 -80.8053424565706,35.0265154472674 -80.8053584565974,35.0264524472908 -80.8055594568618,35.0259804475662 -80.8057274570455,35.0257484477868 -80.8057614570826,35.0257014478317 -80.8057964571206,35.0256534478778 -80.8059064572403,35.0255014480233 -80.8061374574696,35.025278448323 -80.8063684576975,35.0250564486242 -80.8065594578733,35.0249294488696 -80.8068824581691,35.0247154492863 -80.8073634586066,35.0243974499107 -80.8077774589851,35.0240994504543 -80.8081914593637,35.0237864510034 -80.8084424596087,35.0235064513484 -80.8086934598518,35.0232284516955 -80.8089004600492,35.023009451982 -80.8091074602454,35.0227914522698 -80.8095484606218,35.0225444528592 -80.8100564610396,35.0223354535319 -80.8103954613116,35.022228453978 -80.8105354614238,35.0221834541626 -80.8106114614846,35.0221594542629 -80.8106884615504,35.0221094543683 -80.8108644617004,35.0219944546099 -80.8109384617778,35.0218554547253 -80.8109744618153,35.0217884547816 -80.8110054618475,35.0217304548301 -80.8110204618635,35.0217004548538 -80.8110654619103,35.0216154549245 -80.8110934619381,35.0215714549672 -80.811117461962,35.021532455004 -80.8111534619976,35.021475455059 -80.8111704620145,35.021448455085 -80.8112174620609,35.0213744551569 -80.8112514620946,35.0213194552092 -80.8113254621674,35.0212024553228 -80.8116074624177,35.0209234557312 -80.8118944626555,35.0207414561324 -80.8121684628689,35.0206534565022 -80.8124794631073,35.020575456919 -80.8125554631658,35.0205544570213 -80.8128294633688,35.0205324573809 -80.8132124636396,35.0205974578661 -80.8132694636798,35.020608457938 -80.8133104637088,35.0206154579898 -80.8137584640333,35.0206374585666 -80.814152464322,35.0206314590787 -80.8143464644665,35.0206094593347 -80.8146004646728,35.0204334597007 -80.8149474649733,35.0200154602409 -80.8153084652685,35.0197074607797 -80.8156834655648,35.0194604613268 -80.8161504659203,35.0192574619877 -80.8162544659985,35.0192184621339 -80.8165974662552,35.0190984626147 -80.8172194667131,35.0189384634756 -80.8176934670599,35.0188234641319 -80.8179884672787,35.0187074645528 -80.8181164673769,35.0186124647474 -80.8183824675799,35.0184164651527 -80.8188834679533,35.0181304658976 -80.8193844683193,35.0179104666283 -80.8194654683777,35.0178824667447 -80.8197384685743,35.0177894671368 -80.8200924688283,35.0176684676467 -80.8205764691734,35.0175164683418 -80.8206544692289,35.0174924684539 -80.8207274692813,35.0174574685626 -80.820905469409,35.0173714688283 -80.821007469482,35.017321468981 -80.8210874695409,35.0172444691125 -80.8211614695955,35.0171684692357 -80.8214024697749,35.016854469659 -80.8217024699978,35.0164144702048 -80.8218294700881,35.016316470409 -80.8219304701587,35.0162664705627 -80.8220304702261,35.0162884706919 -80.8221574703123,35.0162994708615 -80.8222574703829,35.0162224710229 -80.8223174704264,35.0161344711334 -80.8222304703742,35.0159144710861 -80.8221574703326,35.0156724710645 -80.8221904703613,35.0154694711756 -80.8222634704167,35.0152664713421 -80.8222164703919,35.0150574713452 -80.8221504703521,35.0149254712967 -80.8221374703466,35.0148264713107 -80.8222034703963,35.0146454714609 -80.8223774705156,35.014512471746 -80.8224974705953,35.0145024719162 -80.822578470648,35.0145334720186 -80.8226244706779,35.0145514720766 -80.8227244707437,35.0145674722103 -80.8228114708021,35.0145344723422 -80.8228384708247,35.0143424724439 -80.8228924708638,35.0141954725684 -80.8229584709115,35.014012472722 -80.8230984710066,35.0138584729698 -80.8232724711242,35.013666473279 -80.8233314711636,35.0136144733796 -80.8235464713068,35.0134214737481 -80.823820471488,35.0131774742189 -80.8240474716374,35.0129294746267 -80.8240684716511,35.0129064746646 -80.8242744717855,35.0126824750359 -80.8245564719675,35.0124184755312 -80.8245994719951,35.0123774756072 -80.8246244720111,35.0123544756511 -80.8246584720329,35.012322475711 -80.8247114720668,35.0122734758043 -80.8247214720732,35.0122644758218 -80.8247974721217,35.0121974759545 -80.825056472286,35.0119674764086 -80.82518947237,35.0118864766288 -80.8254704725466,35.0117154770949 -80.8257494727212,35.0115904775422 -80.8258214727661,35.0115584776577 -80.8260514729093,35.0114554780275 -80.8261714729838,35.0114014782208 -80.8263794731131,35.0113424785429 -80.8264874731802,35.0113124787101 -80.8265804732378,35.0112864788541 -80.8266394732744,35.0112694789457 -80.8269934734919,35.0111094795193 -80.8273474737059,35.0108674801277 -80.8277354739373,35.0105714808101 -80.8279164740452,35.0104594811189 -80.8279824740845,35.0104184812317 -80.8280484741237,35.0103784813442 -80.8281624741912,35.0103074815395 -80.8281944742104,35.0102954815911 -80.8284734743776,35.0101944820396 -80.8285994744529,35.0101484822426 -80.8286784744998,35.0101144823722 -80.8288084745775,35.0100724825796 -80.8291284747675,35.0099554830968 -80.8294724749708,35.0098284836546 -80.8298524751908,35.0096254843 -80.8300994753306,35.0094554847377 -80.8301724753699,35.009372484882 -80.8303804754809,35.0091364852939 -80.8306484756284,35.0089274857835 -80.8307684756912,35.0087904860231 -80.8307704756883,35.0087274860548 -80.8307714756855,35.00867548608 -80.8307744756793,35.0085534861401 -80.8307504756587,35.0084564861487 -80.8307144756277,35.0083064861635 -80.8308214756765,35.0080874864225 -80.8308814757036,35.0079654865677 -80.8310754758077,35.0078224869228 -80.8312294758967,35.0078064871602 -80.8314564760295,35.0078054874997 -80.8317024761681,35.0077344879005 -80.8317774762102,35.0077124880229 -80.8318254762371,35.0076974881018 -80.8318494762506,35.007690488141 -80.8319764763252,35.0076954883285 -80.8321174764111,35.0077394885184 -80.8323044765158,35.0076844888242 -80.8325584766599,35.0076354892277 -80.8329444768813,35.0075924898263 -80.8330054769162,35.007585489921 -80.833195477026,35.0075754902103 -80.8333774771312,35.0075664904872 -80.8334614771796,35.0075614906155 -80.8336334772789,35.0075524908776 -80.8339814774744,35.0074814914345 -80.8344694777286,35.0072054923072 -80.834772477882,35.0070084928645 -80.8350764780346,35.0068104934256 -80.8351024780469,35.0067874934768 -80.8354234781994,35.0065194941026 -80.8356124782982,35.0064444944283 -80.8357124783504,35.0064054946005 -80.8357714783811,35.0063814947027 -80.8361314785735,35.0062824953015 -80.8364194787192,35.0061444958132 -80.8365864787894,35.0059584961683 -80.8367264788266,35.0056444965532 -80.8369864789284,35.0053204971287 -80.8372434790437,35.005119497634 -80.8372674790543,35.0051004976813 -80.8374814791644,35.0050394980439 -80.8374934791712,35.0050404980618 -80.8376744792713,35.0050394983403 -80.8378414793679,35.0050674985811 -80.8380154794577,35.0050224988738 -80.8380534794728,35.0049824989548 -80.8381094794948,35.004922499075 -80.8382554795517,35.0047644993897 -80.8383224795705,35.0046444995615 -80.8383324795733,35.0046264995872 -80.838367479585,35.0045764996698 -80.83844947961,35.0044454998715 -80.8386644796884,35.0041925003497 -80.8389524798148,35.0040005009074 -80.83917047991,35.0038575013293 -80.8394314799826,35.003439501981 -80.8395674800191,35.0032195023233 -80.8396454800398,35.0030935025199 -80.839892480121,35.0027965030836 -80.8399504801318,35.0026795032445 -80.840046480149,35.0024835035127 -80.8400544801491,35.0024595035396 -80.8401724801478,35.0020925039458 -80.8402524801211,35.0016975043098 -80.8402754801313,35.0016875043523 -80.8389304791862,35.0000975031413 -80.8371174812863,34.9979434984901 -80.8367104818023,34.9974624974213 -80.836181482482,34.9968354960342 -80.831838488326,34.9916914848049 -80.8315334887541,34.9913304840269 -80.8309244896161,34.9906094824774 -80.8281634936462,34.987338475519 -80.8279494939674,34.987084474984 -80.8228365019683,34.9810284624109 -80.8214655040713,34.9794994591782 -80.8205185055434,34.9784474569636 -80.8204935055829,34.9784194569052 -80.8203245058501,34.9782304565103 -80.8190535078688,34.9768164535593 -80.8169045113736,34.9744234486187 -80.8168275115017,34.9743374484427 -80.8162395124814,34.9736824471024 -80.8161515126287,34.9735844469023 -80.8159575129539,34.9733684464614 -80.8158085132046,34.9732024461231 -80.815012514551,34.9723164443216 -80.8145115154103,34.9717564431905 -80.814495515438,34.9717384431544 -80.814083516145,34.9712804422288 -80.8139605163556,34.9711444419534 -80.8136055169679,34.9707504411587 -80.8132755175445,34.9703814404196 -80.8127355184889,34.9697804392155 -80.8125375189247,34.9695094387386 -80.810836522066,34.9675524349319 -80.8092755248383,34.9658544315431 -80.807677527617,34.9641824281535 -80.8067785292923,34.9631934262282 -80.8067185294047,34.9631274261001 -80.8065105297957,34.9628984256562 -80.8064765298589,34.9628614255841 -80.8051125324478,34.9613604226893 -80.8036985351742,34.9598064197165 -80.8030515364429,34.9590924183634 -80.8000215425018,34.9557564121079 -80.7980865464745,34.953631408182 -80.7980785464915,34.9536224081657 -80.797676547329,34.9531804073563 -80.7957895513096,34.9511064035864 -80.7956385516319,34.9509404032868 -80.7952915523755,34.9505584025991 -80.7952035525628,34.9504624024255 -80.7949755530649,34.9502054019712 -80.7914325610538,34.9461993949978 -80.7902255638435,34.9448353926628 -80.7900835641632,34.9446803923926 -80.7882675682593,34.9427153889709 -80.7856255743579,34.9398553840712 -80.7837215788533,34.9377943805983 -80.7824445819149,34.9364123782964 -80.7819185831865,34.9358433773548 -80.7819215832272,34.9358233773479 -80.781934583433,34.9357223773104 -80.7821275863629,34.9342823767828 -80.7826485942272,34.9304023753452 -80.7830085996257,34.9277263743399 -80.7830666003477,34.9273663742149 -80.7832086021597,34.9264623738956 -80.7836106079939,34.9235513727936 -80.7836266082586,34.9234193727408 -80.7838266111691,34.9219623721821 -80.7838326112263,34.9219333721732 -80.7839476124851,34.9212973719593 -80.7840386134754,34.9207963717906 -80.7840656137576,34.9206533717436 -80.7841086142378,34.9204103716602 -80.784643620031,34.917467370656 -80.7849146229674,34.9159693701359 -80.7850266246936,34.9150963697806 -80.7850336247861,34.9150493697625 -80.7852186276428,34.91360236917 -80.7859406386819,34.9079823668411 -80.7864316461454,34.9041573652269 -80.7866486494624,34.9024513644974 -80.7870596556262,34.8992683631301 -80.7873526599428,34.8970293621624 -80.7877806663556,34.8936923606968 -80.7881006711802,34.8911723595752 -80.7881196714749,34.8910183595059 -80.7886306790498,34.8870403577194 -80.7889326835041,34.8846903566524 -80.7895036918878,34.8802453546098 -80.7901267010345,34.8753643523273 -80.7905927077528,34.8717543506191 -80.7908567115386,34.8697113496434 -80.79089171203,34.8694453495164 -80.7908967121061,34.8694043494964 -80.7909477126949,34.8690813493489 -80.7911777153288,34.8676333486857 -80.7914307182339,34.8660323479467 -80.7928987348805,34.856762343571 -80.7931467376677,34.8551943428139 -80.7933267405739,34.8535983419873 -80.7934727429334,34.8523003413121 -80.7936557458852,34.8506733404625 -80.7938667492653,34.848805339483 -80.7942677559011,34.8451333375345 -80.7946457619379,34.8417703357407 -80.7953777729856,34.8355523324022 -80.7953897731431,34.8354623323542 -80.7954527739451,34.8350023321102 -80.7954667741228,34.834900332056 -80.7954697741573,34.8348803320455 -80.7954797742941,34.8348023320037 -80.7955577752944,34.8342283316981 -80.795864779222,34.83196933049 -80.7960397814529,34.830682329798 -80.7962877845987,34.8288623288148 -80.7967387911802,34.8250873267242 -80.7967537913822,34.8249703266596 -80.7969607933129,34.8238043260446 -80.7974708000385,34.819881323861 -80.7974818001801,34.8197983238147 -80.7964408016696,34.8198023233007 -80.7945068044396,34.8198083223448 -80.7942688047876,34.8198053222249 -80.7838208200935,34.8196683169672 -80.7836858202899,34.8196673168998 -80.7797958259965,34.8196163149468 -80.7780198286027,34.8195933140561 -80.7777228291001,34.8195603138926 -80.7774638295345,34.81953131375 -80.776985830272,34.8195083135022 -80.776380831178,34.8194923131952 -80.7759448318022,34.8194943129807 -80.7757368320786,34.8195053128833 -80.7751808328694,34.8195103126109 -80.7750168331015,34.8195123125308 -80.7748528333336,34.8195143124507 -80.7732768355684,34.8195313116797 -80.7731228357882,34.819532311604 -80.7690248418193,34.8194753095522 -80.7686808423263,34.81947030938 -80.7653618472079,34.8194273077218 -80.7605748542562,34.819364305333 -80.7604998543667,34.8193633052956 -80.7598208553488,34.8193623049602 -80.7597238554933,34.8193603049116 -80.7590278565138,34.8193533045655 -80.7556218615554,34.8192993028654 -80.7530898652296,34.8192913016143 -80.7508678684518,34.8192853005169 -80.7475128718096,34.8192753043456 -80.7450718738699,34.8192673085281 -80.7441478746497,34.8192643101112 -80.7439658748019,34.8192643104233 -80.7392978787464,34.8192473184201 -80.7380818797754,34.8192423205029 -80.735243882173,34.8192323253643 -80.733383883748,34.8192243285496 -80.7332358838718,34.8192243288033 -80.7269448891896,34.8192013395774 -80.7242088915027,34.8191913442626 -80.718282896514,34.8191693544092 -80.7149748993112,34.8191573600727 -80.7147638994902,34.8191563604339 -80.7126499012787,34.8191483640527 -80.7114149023218,34.8191443661672 -80.7105279030739,34.8191403676851 -80.7064309065597,34.8191173746933 -80.7008119113886,34.8190673842919 -80.6981139137079,34.8190433888996 -80.6965509150519,34.8190293915685 -80.6960739154614,34.8190253923832 -80.6937179175262,34.8189893963958 -80.6926529184642,34.8189713982082 -80.6922819187877,34.8189663988404 -80.6894699212559,34.818922403627 -80.6761899329209,34.8187154262137 -80.674687934227,34.8186974287704 -80.6733279354143,34.8186794310839 -80.6710399374087,34.8186504349763 -80.6692499389702,34.8186274380207 -80.6685479395825,34.8186184392146 -80.667948940106,34.8186104402329 -80.6645839430417,34.8185674459544 -80.6584219484181,34.8184894564277 -80.6518799541327,34.8184054675399 -80.6516249543547,34.8184024679732 -80.6465479584112,34.8184764767212 -80.6465369584259,34.8184744767382 -80.6464319585304,34.8184684769121 -80.6446259599518,34.8185024800322 -80.6435679610559,34.818423481767 -80.6428049618581,34.8183644830156 -80.6425149621591,34.8183434834914 -80.6394729647667,34.8183234886716 -80.6358569678675,34.8182994948281 -80.6288629738654,34.8182535067335 -80.6269709755207,34.8182295099415 -80.6262879761304,34.8182165110949 -80.6260749763456,34.8182035114452 -80.6259679763934,34.8182185116437 -80.6248319774284,34.8181895135541 -80.6212199804863,34.818180519715 -80.6204019811928,34.8181735211049 -80.6150489858972,34.8180995301673 -80.6145199863755,34.8180875310574 -80.6090139910885,34.8180565404249 -80.6076699921888,34.8180665427314 -80.6052509941719,34.818083546882 -80.6038419954156,34.8180625492636 -80.6011919977568,34.8180225537413 -80.595299002954,34.8179375636992 -80.5919950058703,34.8178895692792 -80.5905780071226,34.8178685716713 -80.5849860120607,34.8177875811104 -80.5841500129134,34.817736582471 -80.5791840172582,34.8176795908669 -80.574101021709,34.8176205994563 -80.5733050224055,34.8176116008014 -80.5725690230694,34.817596602036 -80.5640080306782,34.8174616164428 -80.5617080327258,34.81742462031 -80.5600750341762,34.817399623057 -80.5532250401812,34.8173216346139 -80.5490830438134,34.8172746415992 -80.548112044665,34.8172636432365 -80.5464240461453,34.8172446460826 -80.5458090466849,34.8172376471194 -80.5435010487124,34.8172106510086 -80.5410750508398,34.817183655098 -80.5398740518951,34.8171696571212 -80.5360500552509,34.8171266635643 -80.532876058038,34.8170906689103 -80.5266900634436,34.8170296793404 -80.5238090659544,34.8170036842004 -80.5183120707225,34.8169616934838 -80.5166090722,34.8169486963593 -80.5108820771831,34.8169007060202 -80.5072130803644,34.8168737122142 -80.504056083108,34.8168487175399 -80.5030900839456,34.8168417191704 -80.4973910877591,34.8167967270916 -80.4931720895826,34.8167627314708 -80.4919280901199,34.8167527327623 -80.4873680920869,34.8167167374986 -80.4856740928854,34.8166817392216 -80.477174096506,34.8166277480777 -80.4766410967317,34.8166247486338 -80.4729500983044,34.8166007524798 -80.4720820986752,34.8165947533838 -80.4720060987061,34.8165947534638 -80.4663871012601,34.8165057592356 -80.4624461029499,34.8164757633384 -80.4621941030704,34.8164697635943 -80.4558841060894,34.8163177700017 -80.4536401071581,34.8162647722841 -80.4516421081113,34.8162167743158 -80.4505031086562,34.8161887754735 -80.4474501101096,34.8161157785809 -80.4457541108996,34.8160807803166 -80.4441381116508,34.8160477819713 -80.4343781161756,34.8158497919773 -80.4336821164973,34.8158357926917 -80.4323531171152,34.8158077940541 -80.4319571172982,34.8157997944606 -80.4312051177128,34.8157617951992 -80.4309401178371,34.8157557954704 -80.4306031180345,34.8157347957957 -80.4297631184988,34.8156917966203 -80.4296701185479,34.8156877967128 -80.429357118712,34.8156747970246 -80.429332118725,34.8156737970496 -80.4291791187895,34.8156727972098 -80.4289541188829,34.8156717974461 -80.4286231189721,34.8156867978179 -80.4277641192328,34.8157157987678 -80.4240231209567,34.8156408026133 -80.4210981223099,34.8155798056183 -80.4210201223528,34.8155758056951 -80.4209241223914,34.8155758057966 -80.4194641230419,34.8155538073091 -80.4173201239957,34.8155218095313 -80.4171511240722,34.8155188097058 -80.415977124659,34.8154788108913 -80.4142361254903,34.8154328126688 -80.4136571257916,34.8154088132479 -80.4133481259386,34.8154008135637 -80.4129011260576,34.8154218140659 -80.412227126394,34.8153988147471 -80.411364126789,34.8153818156368 -80.3999211320361,34.8151488274354 -80.3996151322121,34.8151298277342 -80.398090132918,34.8150958293046 -80.3979781329684,34.8150938294206 -80.3947101344156,34.8150438328175 -80.3915651358125,34.8149938360854 -80.3908731361196,34.8149828368047 -80.3903251363609,34.8149748373752 -80.389327136793,34.8149628384177 -80.3841991390183,34.8148988437726 -80.3818381400407,34.8148698462397 -80.3812821402819,34.8148628468205 -80.3730251438518,34.8147618554542 -80.3695701453456,34.8147188590681 -80.3694201454108,34.8147168592249 -80.3671801463871,34.8146858615649 -80.3663591467438,34.8146748624232 -80.3660921468609,34.8146708627018 -80.3630771481719,34.8146298658537 -80.3618051487238,34.8146128671841 -80.3604261493236,34.814593868626 -80.3579841503834,34.8145608711806 -80.3542701520016,34.8145078750641 -80.3471861550705,34.8144118824818 -80.3431431567863,34.8143698867317 -80.3421321572113,34.8143608877964 -80.3405781578622,34.8143478894338 -80.3377651590439,34.8143228923967 -80.3371971593235,34.8143018929782 -80.3364831596765,34.8142748937087 -80.3307041625315,34.8140548996257 -80.3294371630791,34.8140369009554 -80.3274131639592,34.8140059030776 -80.3269451641622,34.8139989035686 -80.3259551645515,34.8139999046232 -80.320826166828,34.8139019099852 -80.3129421701095,34.8138359183163 -80.306520172785,34.8137799251038 -80.3059881730147,34.8137719256631 -80.3023491745422,34.8137349295061 -80.2982051763117,34.8136799338724 -80.2935931782832,34.8136169387326 -80.287225180997,34.8135319454491 -80.2783461847773,34.8134119548208 -80.2527671956181,34.8130679818725 -80.2452371848805,34.8129420073579 -80.2368421638455,34.8128040471591 -80.2260111366358,34.8126590985643 -80.2206401231399,34.8125891240707 -80.2137811059121,34.8124971566563 -80.2118091010132,34.812447166023 -80.2108880987314,34.8124211703979 -80.20846909274,34.8123521818912 -80.2042010821706,34.8122302021797 -80.1957060611328,34.8119892426001 -80.1916320510486,34.8118722620028 -80.189212045,34.8118282735318 -80.1844020329752,34.8117422964546 -80.1748880092002,34.8115693418258 -80.1672279900605,34.8114303783849 -80.1657089862616,34.8114043856372 -80.1580029670104,34.8112644224476 -80.1547189588055,34.8112054381426 -80.1486769437145,34.8110954670319 -80.142760928957,34.8109804953393 -80.1394229206408,34.8109115113216 -80.1289128944571,34.8106955616793 -80.1251178850039,34.8106175798765 -80.1237038814722,34.810592586655 -80.1010448249907,34.8101496954467 -80.0991078201445,34.8101197047488 -80.0986718190543,34.8101127068432 -80.0982928181112,34.8101047086661 -80.098201817885,34.8101027091039 -80.0903487983226,34.8099467468791 -80.0769827650495,34.8096748112525 -80.0767057643682,34.8096658125925 -80.0766587642514,34.8096648128191 -80.0759087623374,34.8096688164057 -80.0736607565982,34.8096818271539 -80.0732447555347,34.8096848291419 -80.0720507527461,34.8095858350115 -80.0711817505768,34.8095708391978 -80.0574257162641,34.8093239055249 -80.055486711441,34.8092839148899 -80.0528567049012,34.8092289275966 -80.0468846900452,34.8091069564579 -80.0450126853907,34.80906796551 -80.0437416822318,34.8090409716579 -80.0431696807377,34.8090579743703 -80.0428946799676,34.809086975635 -80.0426006792388,34.8090799770585 -80.0423306785286,34.8090899783349 -80.0421066779576,34.8090909794076 -80.0419806776627,34.8090809800309 -80.0416296768041,34.8090679817394 -80.0413686761964,34.8090459830333 -80.040509674066,34.8090259871927 -80.0395256715436,34.8090359918945 -80.0364726639969,34.8089550067008 -80.0350046603685,34.8089160138226 -80.03477965982,34.8089070149202 -80.0313816514162,34.8088190314064 -80.0286996447875,34.8087480444271 -80.0259336379361,34.8086810578476 -80.0257036373675,34.8086750589646 -80.0252996364,34.808652060953 -80.0251206359608,34.8086460618252 -80.0250016357165,34.8086230624451 -80.0181816187348,34.8084940954825 -80.01501461086,34.8084301108405 -80.013271606513,34.8084001192834 -80.0014835771965,34.8081661764916 -79.999240573174,34.8081241863852 -79.9939665709023,34.8080242050656 -79.9877585681993,34.8078942270781 -79.9862645675406,34.8078622323764 -79.9850895670118,34.8078412365333 -79.9787385641452,34.8077122590345 -79.9725565612954,34.8075842809367 -79.9708845605101,34.8075522868533 -79.9689125595814,34.8075122938363 -79.9654355579302,34.8074403061503 -79.9625675565641,34.8073703163302 -79.9570495538753,34.8072543358698 -79.9477735492406,34.8070573687103 -79.9312555406255,34.806708427152 -79.9309555404664,34.8067094281972 -79.9274095385917,34.8067314405304 -79.9239325367587,34.8067514526275 -79.9177025334264,34.806705474476 -79.9147675318396,34.8066734847897 -79.9145295317111,34.8066714856248 -79.9137935313137,34.8066654882068 -79.9137255312766,34.8066644884462 -79.9078905281081,34.8066125089242 -79.889429517996,34.8064865736213 -79.860391501766,34.8063056753177 -79.8493104954513,34.8062337141202 -79.847815494597,34.8062247193535 -79.8471754942269,34.806219721596 -79.8460824935997,34.8062127254227 -79.8432954920009,34.8061957351785 -79.8405254904038,34.8061777448765 -79.8122744738056,34.8059778437918 -79.8076984710817,34.8059468598074 -79.7944624630687,34.8058449061462 -79.7940914628417,34.8058419074451 -79.787464458788,34.8057909306419 -79.7798154540935,34.8057349574083 -79.7755264514293,34.8057009724196 -79.7740904505373,34.8056899774447 -79.7695934477451,34.8056569931783 -79.769493447681,34.8056559935286 -79.7633114438045,34.8056080151596 -79.7631084436808,34.805607015869 -79.7601914418194,34.8055810260799 -79.7444124607716,34.8054650369654 -79.7240955532966,34.8053339465358 -79.7123816066681,34.8052578941876 -79.7123146069765,34.8052578938886 -79.707342629666,34.8052298716322 -79.700593660477,34.8051928413858 -79.6929416954307,34.805152807047 -79.6929006956195,34.8051528068636 -79.6892067124845,34.8051317902612 -79.688216717009,34.8051267858119 -79.687631719689,34.8051247831861 -79.6863017257589,34.8051167772016 -79.6764917705709,34.8050627330281 -79.6692637654762,34.79918166821 -79.6675027644174,34.7977536513326 -79.6634607622148,34.7944766109551 -79.6564457592085,34.7888015355276 -79.6561857591107,34.7885905325954 -79.6551897587629,34.7877845212905 -79.6531387580981,34.7861234975654 -79.6482127568173,34.7821324381667 -79.6442777561263,34.778944388278 -79.6398037557025,34.7753203289279 -79.6343487557104,34.770903252788 -79.6316647558992,34.7687262137645 -79.6278677564172,34.7656491568594 -79.621423757942,34.7604300556936 -79.6209167580991,34.7600200474936 -79.6177577591563,34.757459995538 -79.6172337593478,34.7570349867812 -79.6123947613392,34.7531059040515 -79.6120727614901,34.7528448984345 -79.6119507615472,34.7527458963013 -79.61164876169,34.7525008910127 -79.609907762538,34.7510868602578 -79.6007228520932,34.7436307623694 -79.5976898856568,34.7411677347407 -79.5969648936147,34.7405787282146 -79.5888349810501,34.7339786570978 -79.5835050366331,34.7296486125331 -79.5830080417118,34.7292496084589 -79.5734581374056,34.7215175329415 -79.5693411772737,34.7181855019947 -79.5617042491723,34.7119824471814 -79.5616492497259,34.7119304468073 -79.5612352535703,34.7115894439385 -79.5604852605145,34.7109714387671 -79.5602422627194,34.7107774370911 -79.558683277011,34.709498426461 -79.5557183038009,34.7070754066199 -79.5549053110257,34.706418401258 -79.5548713113242,34.7063914010339 -79.5543373160175,34.7059653975257 -79.5463713851988,34.6994733473338 -79.542038421429,34.6959573215391 -79.5382514523454,34.6928832998787 -79.5339174869949,34.6893412761504 -79.5325654975057,34.6882562689268 -79.5304195141831,34.686501257748 -79.5272615382289,34.6839342417445 -79.519697593858,34.6777802057574 -79.5190775982707,34.6772802029418 -79.5188286000637,34.677074201831 -79.5086916697583,34.6688291592602 -79.5049406943818,34.6657531450843 -79.5045626968154,34.6654451436947 -79.5039607006926,34.6649511415098 -79.4997697277436,34.6615131287619 -79.4993157316004,34.6611581309073 -79.4964257564783,34.6587811449603 -79.4904218070909,34.6538441741792 -79.4899808107364,34.6534851763148 -79.4898948116144,34.6533751768648 -79.4896998133877,34.6531771779403 -79.4895958142841,34.6530831784752 -79.4886918216802,34.6523561828241 -79.4886398221055,34.6523141830749 -79.4863168409676,34.6504441942604 -79.4829978675478,34.6477732102488 -79.4829358680407,34.6477232105479 -79.4824158721669,34.6473042130557 -79.4823628725881,34.6472612133123 -79.4805508868878,34.6457992220597 -79.4802708890863,34.6455732234119 -79.4792798967921,34.6447862281556 -79.4791708976352,34.6447002286756 -79.4785979025143,34.6441322317969 -79.47068696276,34.6377642699933 -79.46150502961,34.6303753144002 -79.4613210309192,34.6302263152941 -79.4602670383704,34.6293793203933 -79.4580260540797,34.6275753312496 -79.4542780800437,34.6245193495485 -79.4526200913524,34.6231673576485 -79.4500231088478,34.6210493703426 -79.4420981603842,34.6146524089002 -79.4375021891389,34.6109444312845 -79.4343142085982,34.6083724468241 -79.428700241897,34.6038434742136 -79.4267892529644,34.6022964835624 -79.4245612656666,34.600500494441 -79.4230882740031,34.5992955016955 -79.4194252942718,34.5963345196255 -79.4193082949116,34.5962395201998 -79.4135203258061,34.5915745485137 -79.4046473706272,34.5844205919947 -79.400493390551,34.581071612378 -79.4003933911588,34.5809236130978 -79.4003413915779,34.5807956136455 -79.390843434233,34.5732886598087 -79.3898454386028,34.5724496648355 -79.3849764594211,34.5683066895447 -79.3823844700858,34.5661127026699 -79.3773814899927,34.5618077282638 -79.3755494968507,34.5603507372352 -79.3679915243247,34.5538947758042 -79.3654065332246,34.5516467891465 -79.3613915464974,34.5481468099131 -79.3585395555099,34.5456618246713 -79.3584645555917,34.5457458245482 -79.3507365782555,34.5390498644549 -79.3499735803624,34.5383818684222 -79.3498135807962,34.5382478692334 -79.3490585828563,34.5375808731804 -79.3489055832668,34.5374508739627 -79.3484705844403,34.5370658762396 -79.3481575852691,34.5368028778299 -79.3478605860626,34.5365388793886 -79.3474855870537,34.5362128813317 -79.3472495876736,34.5360088825506 -79.3469605884419,34.5357418841023 -79.3465015896323,34.5353488864604 -79.3463495900294,34.5352118872649 -79.3461895904413,34.535074888087 -79.3449005937381,34.5339448948014 -79.3447315941603,34.5338038956573 -79.3437625965857,34.5329539007079 -79.3436035969835,34.5328089015557 -79.3434935972552,34.5327129021275 -79.3431075982041,34.5323769041309 -79.3429465985986,34.5322359049696 -79.3426195993986,34.5319459066853 -79.3424515998029,34.5318049075395 -79.3422916001935,34.5316599083897 -79.3419856009292,34.5313959099702 -79.3416416017511,34.5310999117444 -79.3415546019625,34.5310179122177 -79.3414896021194,34.5309579125669 -79.3411916028246,34.5307029140991 -79.3411696028767,34.5306839142129 -79.3410016032779,34.5305309151084 -79.3408416036537,34.5303939159315 -79.3405366043752,34.5301189175481 -79.3402236051028,34.5298519191549 -79.3400706054606,34.5297149199627 -79.3398176060442,34.5294989212622 -79.339757606182,34.5294479215697 -79.3389956079188,34.5288029254651 -79.3388496082523,34.5286729262336 -79.3382466096022,34.5281699292913 -79.3381026099275,34.5280399300555 -79.337949610266,34.5279139308258 -79.3378126105763,34.5277849315712 -79.3375226112181,34.5275369330629 -79.3371256120986,34.5271819351585 -79.3369886123933,34.5270749358283 -79.3365386133794,34.5266749381957 -79.3364846135,34.5266209385005 -79.3364646135432,34.526603938603 -79.3363926136995,34.5265409389784 -79.3362396140322,34.5264039397868 -79.335735615112,34.5259729423803 -79.335628615345,34.5258699429704 -79.3355146155898,34.5257669435761 -79.3352636161208,34.5255529448656 -79.3351356163942,34.5254359455503 -79.3349886167057,34.5253049463251 -79.334571617581,34.5249409484969 -79.3343906179582,34.5247839494362 -79.33404261868,34.5244809512462 -79.3334026199985,34.5239129546123 -79.3332346203401,34.5237679554818 -79.3331746204611,34.5237179557863 -79.3328916210298,34.5234819572228 -79.3324026220152,34.5230469597987 -79.3322356223466,34.5229059606525 -79.3320676226814,34.5227569615361 -79.3319076230031,34.5226039624157 -79.3317626233014,34.5224439632864 -79.3316256235896,34.5222719641808 -79.3315466237626,34.5221519647681 -79.3294456277827,34.5203209757104 -79.3272816317279,34.5184359869829 -79.3254656348858,34.516853996447 -79.3248176359799,34.516283999844 -79.3240286372885,34.5155860039944 -79.3231266387514,34.5147910087298 -79.3165516483625,34.5089880433033 -79.3130736526974,34.5059190616093 -79.3128076530076,34.5056850630075 -79.3093036568108,34.5025930814654 -79.3083886577174,34.5017860862862 -79.3081926579072,34.501614087316 -79.3076796583951,34.5011600900246 -79.3076306584412,34.5011170902821 -79.307518658546,34.5010180908731 -79.3074326586264,34.5009430913234 -79.3068096591972,34.5003920946123 -79.3065256594522,34.5001420961076 -79.3061896596766,34.4998680976099 -79.3058396598149,34.4995830989495 -79.3003736611037,34.4946941206943 -79.2974766614144,34.4921041321869 -79.2974596614147,34.4920881322559 -79.2921186613056,34.4873121533916 -79.2844826596228,34.4804841834867 -79.283880659414,34.4799461858526 -79.2816716586147,34.4780201944332 -79.2779606568436,34.4747122089618 -79.2751866552991,34.4722792197232 -79.2695616514523,34.4673452414885 -79.2578416403678,34.4570672865879 -79.2490686203922,34.4493743182724 -79.2355914782306,34.437772339246 -79.2204123308687,34.4247113558153 -79.2188763167196,34.4234033570585 -79.2187143152352,34.4232653571853 -79.2182133106527,34.4228363575749 -79.2182033105603,34.4228263575845 -79.2153882850974,34.4204333596005 -79.2138992718129,34.4191653605671 -79.201427165636,34.4087993656238 -79.2004481576745,34.4079883658123 -79.2003841571582,34.4079503658091 -79.2003741570777,34.4079453658077 -79.2003531569072,34.4079253658139 -79.2001861555555,34.4077883658413 -79.200094154812,34.4077163658527 -79.20001115414,34.4076393658743 -79.1994911499463,34.4072123659517 -79.1993851490923,34.407117365974 -79.1989201453575,34.4067313660384 -79.1985691425458,34.4064343660878 -79.1984621416891,34.4063313661136 -79.1982241397885,34.4061333661409 -79.1978661369354,34.4058313661824 -79.1977361359015,34.4057283661904 -79.1974921339628,34.4055193662183 -79.1973621329316,34.4054163662248 -79.1968431288233,34.4049773662706 -79.1965761267159,34.4047563662865 -79.1964311255734,34.4046533662792 -79.1961801235978,34.4044393662966 -79.1960801228118,34.4043643662939 -79.1951651156449,34.4036203663063 -79.1950941150909,34.4035543663133 -79.1950501147478,34.4035133663176 -79.1949131136794,34.4034093663104 -79.1945011104732,34.4030773663018 -79.1939521062168,34.4026123663014 -79.1938141051498,34.4024933663015 -79.1936691040293,34.4023753662952 -79.1935321029726,34.4022533662973 -79.1933871018548,34.4021313662929 -79.1932501008004,34.4020093662938 -79.1931050996846,34.4018913662848 -79.1926930965231,34.4015323662753 -79.1925550954657,34.4014183662657 -79.1922880934243,34.4011863662549 -79.1921940927063,34.4011063662491 -79.1920770918133,34.4010083662402 -79.1920210913861,34.400961366236 -79.1918770902866,34.4008543662134 -79.1914880873305,34.4005073661954 -79.1912130852442,34.40027436617 -79.1910830842608,34.4001563661633 -79.1910700841631,34.4001413661651 -79.1894560719953,34.3988873658737 -79.1830510252121,34.3935823641749 -79.1777059880106,34.3890453618374 -79.1735909604942,34.3855533594158 -79.171605947571,34.3838683580546 -79.1684779276506,34.3812323556471 -79.1663649145818,34.3793823538675 -79.1642159015606,34.3775033519061 -79.1636648982445,34.3770413513734 -79.1614228849316,34.3751603491072 -79.1590178708093,34.3732703464765 -79.1589878706368,34.3732453464429 -79.157785863818,34.3722073450778 -79.1574948621652,34.3719673447385 -79.151071827065,34.3665583365843 -79.1498158204499,34.3655183348368 -79.1498158204987,34.3654873348372 -79.149525818954,34.3652663344264 -79.149365818099,34.3651473341988 -79.1493118178248,34.3650983341218 -79.1491668170628,34.3649833339146 -79.149098816722,34.3649193338172 -79.1490298163526,34.3648693337183 -79.148763815013,34.3646253333351 -79.1486868146105,34.3645643332239 -79.1485648139967,34.3644533330471 -79.1484198132344,34.3643423328366 -79.1480388113091,34.3640063322796 -79.1478328102624,34.3638303319765 -79.1476798094723,34.3637083317508 -79.1475348087418,34.363582331536 -79.1474588083445,34.3635253314234 -79.1472608073365,34.3633613311288 -79.1471918069722,34.3633123310261 -79.1471308066681,34.3632583309348 -79.1470768063827,34.3632203308543 -79.1470178060969,34.3631633307656 -79.1469488057351,34.3631133306624 -79.1466978044734,34.3629003302845 -79.1465438036746,34.3627853300525 -79.1464988034674,34.3627363299837 -79.146437803159,34.3626863298912 -79.1463688028247,34.3626213297861 -79.1461708018152,34.3624653294852 -79.1461168015598,34.3624113294022 -79.1460408011614,34.3623583292867 -79.1459108005154,34.3622473290874 -79.1458348001246,34.3621903289712 -79.1457047994818,34.362078328771 -79.145498798442,34.3619143284536 -79.1453697978116,34.3618003282534 -79.1453007974679,34.3617433281464 -79.1451017965035,34.3615643278358 -79.14496579584,34.361445327623 -79.1447827949558,34.3612813273354 -79.1445847940251,34.3610903270217 -79.1444927935308,34.3610373268787 -79.1444007930773,34.3609613267334 -79.1443557928712,34.3609153266614 -79.1443017926078,34.3608693265758 -79.1442637924465,34.3608233265142 -79.1441577919192,34.3607393263463 -79.1440587914494,34.3606483261879 -79.143973791057,34.3605643260511 -79.1439207907941,34.3605223259667 -79.1438217903276,34.3604303258075 -79.1437757901026,34.3603923257338 -79.1437297898901,34.3603473256594 -79.1436687895843,34.3603013255621 -79.1436307894177,34.3602593255 -79.1434857887144,34.3601373252665 -79.1433477880227,34.3600343250452 -79.1432727876634,34.3599693249236 -79.1432337874645,34.3599423248612 -79.1431427870312,34.3598623247132 -79.1431047868245,34.359843324653 -79.1430207864019,34.3597823245177 -79.1429477860296,34.3597323244003 -79.1429357859698,34.3597233243808 -79.1422227825836,34.3591053232091 -79.1361837548068,34.3540183126564 -79.1282507214913,34.3473382970385 -79.116374678363,34.3373372699306 -79.11471967299,34.3359452657992 -79.1087596549409,34.3309322502031</coordinates></LinearRing></outerBoundaryIs></Polygon>
  </Placemark>
</Folder>
</Document></kml>
