<?xml version="1.0" encoding="utf-8" ?>
<kml xmlns="http://www.opengis.net/kml/2.2">
<Document id="root_doc">
<Schema name="shape" id="shape">
	<SimpleField name="District" type="string"></SimpleField>
	<SimpleField name="Code" type="string"></SimpleField>
</Schema>
<Folder><name>shape</name>
  <Placemark>
	<Style><LineStyle><color>ff0000ff</color></LineStyle><PolyStyle><fill>0</fill></PolyStyle></Style>
	<ExtendedData><SchemaData schemaUrl="#shape">
		<SimpleData name="District">North Carolina 5</SimpleData>
		<SimpleData name="Code">NC-5</SimpleData>
	</SchemaData></ExtendedData>
      <Polygon><outerBoundaryIs><LinearRing><coordinates>-81.8071610675053,35.9619529696926 -81.8071590675606,35.9619289696724 -81.8071410680082,35.961733969508 -81.8071420680545,35.9617149694926 -81.8071310683896,35.9615699693709 -81.807159068595,35.9614949693162 -81.8072360691809,35.9612799691586 -81.8073470700113,35.9609759689362 -81.8075940708449,35.9607249687904 -81.8078410716784,35.9604739686444 -81.8080880725119,35.9602229684983 -81.808461073632,35.9599019683253 -81.8087370744571,35.9596659681983 -81.8087960747753,35.9595559681221 -81.8088980753132,35.9593709679947 -81.8089260754613,35.9593199679596 -81.8090590761715,35.9590749677903 -81.8090620763101,35.9590179677441 -81.8090750768775,35.9587849675556 -81.8088480777119,35.9583439671379 -81.8085190780041,35.9580899668497 -81.8081890782978,35.9578349665605 -81.8078770784324,35.9576539663366 -81.8075650785695,35.9574719661121 -81.8072530787043,35.9572909658884 -81.8069670788042,35.9571349656917 -81.8066800789034,35.9569789654947 -81.8063940790011,35.956823965299 -81.8061080791014,35.9566679651025 -81.8057690791823,35.9564989648827 -81.8054290792624,35.9563299646628 -81.8050900793435,35.9561609644432 -81.8047000799154,35.9557659640267 -81.804706080484,35.955529963835 -81.804712080931,35.9553449636851 -81.8047920817965,35.9550139634333 -81.8046570818473,35.9549389633397 -81.8043250818735,35.9547959631437 -81.8041950820461,35.9546719630114 -81.8039160819103,35.9546179629009 -81.8036260818095,35.9545449627723 -81.8029190814756,35.9544039624891 -81.8019500811824,35.9541419620453 -81.8018110812249,35.9540689619528 -81.8015660818475,35.9537109616029 -81.8014760820726,35.9535809614756 -81.8012740821296,35.953476961343 -81.8008210821829,35.9532749610714 -81.8005480824211,35.9530669608375 -81.8004500836421,35.9525169603667 -81.8002290864262,35.9512639592949 -81.8002030871589,35.9509469590308 -81.8001750875434,35.9507749588843 -81.8000790878134,35.950623958739 -81.8000480877984,35.9506179587269 -81.8000120878528,35.9505809586884 -81.7996310879825,35.9503759584326 -81.7994640878366,35.9503709583896 -81.7991060875294,35.9503579582954 -81.7986020869528,35.9503999582119 -81.7982060864997,35.9504329581462 -81.7980980863761,35.9504419581282 -81.7979040866924,35.9502329579134 -81.7978750867176,35.9502109578887 -81.797860086768,35.9501839578633 -81.7977620868643,35.9501049577764 -81.7977220868528,35.9500939577581 -81.7976090869541,35.9500069576612 -81.7974050873496,35.9497609574142 -81.7972020877485,35.9495139571666 -81.796932088034,35.9492879569206 -81.7966570883245,35.9490579566704 -81.7966430883376,35.9490469566582 -81.7961700885155,35.9487859563371 -81.7957910879617,35.9488679563156 -81.7955040866189,35.9493159566114 -81.7954690863705,35.9494059566761 -81.7954030859014,35.9495759567983 -81.7953600855976,35.9496859568772 -81.7953260853501,35.9497759569421 -81.7952970851505,35.9498479569936 -81.7952710849608,35.9499169570434 -81.7950520842059,35.9501459571775 -81.7946580836853,35.9502079571357 -81.7945080834885,35.9502309571193 -81.7941270832267,35.9501899569973 -81.7937470829634,35.9501499568763 -81.793422082891,35.9500519567214 -81.7930960828177,35.9499539565664 -81.7928810827702,35.9498889564638 -81.7927280827909,35.9498199563726 -81.7924510825844,35.9497969562895 -81.7921800824889,35.9497299561724 -81.7920720825762,35.9496509560836 -81.7919000828042,35.9494879559123 -81.7916790826962,35.9494459558271 -81.7915890825872,35.9494559558142 -81.7913590823988,35.9494439557511 -81.7911200820461,35.9494969557381 -81.7909060817626,35.9495309557157 -81.7907630816515,35.9495209556744 -81.7906560816487,35.9494799556165 -81.7903890816435,35.9493769554716 -81.7900020814003,35.9493259553407 -81.7896090810077,35.9493349552565 -81.7893950808632,35.9493109551875 -81.7892690809241,35.949235955098 -81.7891310812973,35.9490259548974 -81.7890980819951,35.9487219546457 -81.7888460824863,35.9484179543434 -81.788385082898,35.9480649539536 -81.7875000827878,35.9477629535072 -81.7870670827731,35.9475989532759 -81.7868510825646,35.9476009532277 -81.7867790824943,35.9476019532118 -81.7867040823133,35.9476479532313 -81.7864670817442,35.9477919532918 -81.7860990809748,35.9479679533476 -81.7858950806264,35.9480329533524 -81.7857430806559,35.9479609532598 -81.7857060809379,35.9478289531457 -81.7857010809788,35.9478099531294 -81.7856420811032,35.9477349530558 -81.7852080809269,35.9476379528781 -81.7847730808577,35.9474959526644 -81.7842840805529,35.9474309524998 -81.7839040802211,35.9474199524034 -81.7835250798878,35.9474099523081 -81.7823030791085,35.9472549519031 -81.7798240777774,35.9468369510005 -81.7796880777022,35.9468149509517 -81.7795920776502,35.9467989509169 -81.7790650773438,35.9467199507332 -81.7787290769719,35.9467429506742 -81.7785270765506,35.9468389507038 -81.7782410758456,35.9470199507813 -81.7780920754212,35.9471379508404 -81.7778340746149,35.9473719509662 -81.7777990745482,35.9473859509692 -81.7776670743011,35.9474369509791 -81.7775340743153,35.9473789509026 -81.7774560744945,35.9472739508016 -81.7774480750358,35.9470459506194 -81.7773650760865,35.9465769502294 -81.777411077018,35.9462079499481 -81.7773730777381,35.9458939496911 -81.7771740787159,35.9454099492629 -81.7771670787622,35.9453879492439 -81.7771690793395,35.9451489490554 -81.7771810796709,35.9450159489529 -81.7771760798203,35.9449519489012 -81.7772560808777,35.9445439485969 -81.7774890822184,35.9440779482813 -81.7775270824371,35.9440019482298 -81.7775520829757,35.9437879480662 -81.7774050834489,35.943533947832 -81.777162083613,35.943370947648 -81.7768060836855,35.9432019474339 -81.7766250839681,35.9430139472444 -81.7765620844892,35.9427729470397 -81.7765770852834,35.9424489467872 -81.77659208608,35.9421239465338 -81.7766860874443,35.9415939461362 -81.7768030886254,35.9411489458108 -81.7769000890389,35.9410149457267 -81.776991089235,35.9409689457107 -81.7771880896628,35.9408679456749 -81.7778140906034,35.9407209456988 -81.7781570911319,35.9406349457075 -81.7785000916603,35.9405489457161 -81.7790070925107,35.9403929457059 -81.7793660933042,35.9402029456355 -81.7795240938322,35.9400449455455 -81.7796560950214,35.9396019452236 -81.7797470961649,35.9391619448948 -81.7797500972742,35.9387019445306 -81.7796430979197,35.938391944261 -81.7794660987933,35.9379599438793 -81.7793140993536,35.9376679436141 -81.7791620999139,35.9373759433491 -81.7788941001831,35.9371599431189 -81.77862610045,35.9369449428896 -81.7783771005711,35.9367979427184 -81.778185100784,35.9366349425472 -81.7781621010176,35.9365289424582 -81.7782491015801,35.936328942319 -81.7782421020501,35.9361309421607 -81.7782371023751,35.9359939420511 -81.7781391026085,35.9358589419228 -81.7778071026187,35.9357259417449 -81.7774751026289,35.9355929415671 -81.7771431026417,35.9354589413885 -81.7768111026521,35.9353259412109 -81.7765831026826,35.9352249410813 -81.7764941031822,35.9349829408707 -81.7764491040552,35.9346029405607 -81.7762721045042,35.9343479403208 -81.7759841047318,35.9341419400956 -81.7755861047439,35.9339829398837 -81.7754501049399,35.9338489397485 -81.775386105427,35.9336219395555 -81.7754731059898,35.9334219394166 -81.7757031070951,35.9330519391744 -81.7759561079689,35.9327869390198 -81.7761011084796,35.932630938928 -81.7763961090263,35.9325179389024 -81.7767111095193,35.9324349389047 -81.7769331099209,35.9323539388885 -81.7771151104682,35.9321969388036 -81.7772361112476,35.9319199386106 -81.7773011120351,35.9316179383858 -81.777364112811,35.9313199381636 -81.7774301136089,35.9310139379358 -81.7774941143977,35.9307109377098 -81.7775931154477,35.9303129374161 -81.7776911164967,35.9299149371222 -81.7776431172199,35.9295959368596 -81.7775231176524,35.9293699366553 -81.7772941177191,35.9292539365149 -81.7771801177553,35.9291949364441 -81.7767681174235,35.92917393634 -81.7765601173292,35.9291329362635 -81.7764651173807,35.9290749361975 -81.7764961178164,35.9289059360706 -81.7766381185043,35.9286749359182 -81.7767991192122,35.928442935769 -81.7768061199891,35.9281229355175 -81.7766871203507,35.9279269353376 -81.776534120493,35.9278089352121 -81.7763421205967,35.9276919350792 -81.7762631208124,35.9275719349678 -81.7762911215005,35.9272969347565 -81.7762291218814,35.9271149345998 -81.7760761219877,35.9270119344862 -81.7756061217088,35.9269469343363 -81.7749311211197,35.9269319341827 -81.7747211207758,35.9269939341875 -81.7744081199774,35.927204934288 -81.7741061191988,35.9274119343875 -81.7738041184177,35.9276199344877 -81.7733671171811,35.9279649346671 -81.7730631164075,35.9281689347634 -81.7728731159251,35.9282959348231 -81.7725991151792,35.9284999349256 -81.7722861145779,35.9286289349608 -81.7719291142997,35.9286069348679 -81.7713671138218,35.9285889347349 -81.7709401132544,35.9286599347002 -81.7705861127596,35.9287289346794 -81.770236112085,35.9288739347189 -81.7698481113751,35.9290189347502 -81.7695891108982,35.9291169347721 -81.7694031106797,35.9291359347475 -81.7691951105857,35.9290949346713 -81.7689111105997,35.9289799345211 -81.7686071106314,35.928849934355 -81.7683241103906,35.928840934288 -81.7679751099026,35.9289089342671 -81.7676551095863,35.9289169342056 -81.7673721094928,35.9288469340909 -81.7669361094675,35.9286899338761 -81.7665181095001,35.9285159336519 -81.7663821097701,35.9283519334952 -81.7663201101136,35.9281859333527 -81.7662551106404,35.9279429331495 -81.7662661112014,35.927714932974 -81.7662401117282,35.9274869327908 -81.7661411120351,35.9273219326413 -81.7657791123787,35.9270409323462 -81.7654241127167,35.9267649320567 -81.7651461129016,35.9265819318559 -81.7648731130814,35.9264029316594 -81.7646041132602,35.9262259314654 -81.7643281134423,35.9260449312668 -81.7640091135048,35.9258969310851 -81.7637011135631,35.9257549309104 -81.763293113246,35.9257299308058 -81.7628851129289,35.9257049307012 -81.7624671123341,35.9257909306807 -81.7620491117416,35.9258759306594 -81.7616451109685,35.9260409307029 -81.7612191101531,35.9262149307486 -81.7608981093792,35.9264119308339 -81.7605771086027,35.92660993092 -81.7604001077296,35.9269029311096 -81.7602321068622,35.9271969313018 -81.7600651059982,35.9274899314933 -81.759828105275,35.9276979316042 -81.7595921045502,35.927906931716 -81.7593561038277,35.928114931827 -81.7590441031146,35.9282899318963 -81.7587321024039,35.9284639319647 -81.7583121026174,35.9282149316837 -81.7580361028751,35.9280029314619 -81.7577611031337,35.9277909312404 -81.7574851033915,35.9275789310188 -81.7571711041546,35.9271439306175 -81.7571351049185,35.9268149303564 -81.7570991056824,35.9264859300954 -81.7570621064454,35.9261569298342 -81.7568841069737,35.9258709295766 -81.7568171077187,35.9255379293062 -81.7564471075581,35.9254629291713 -81.7560851073905,35.9253939290427 -81.7557911072543,35.9253379289384 -81.7553061070287,35.9252459287666 -81.7549741068744,35.9251829286491 -81.7546061067038,35.9251129285187 -81.7542371065347,35.9250419283874 -81.7538691063642,35.9249719282571 -81.7535321063849,35.924834928082 -81.7531951064057,35.9246979279069 -81.7528591064275,35.9245609277322 -81.7525221064485,35.9244239275573 -81.7523251069775,35.9241309272921 -81.7521281075042,35.9238389270278 -81.7519311080334,35.9235459267628 -81.7517331085594,35.9232539264985 -81.7514981091435,35.9229239261977 -81.7512621097269,35.9225939258967 -81.7508921104004,35.9221759255012 -81.7506191109475,35.9218469251939 -81.7505191110592,35.9217629251092 -81.7504651111284,35.9217139250607 -81.7501061110281,35.9216189249147 -81.7495121102578,35.9215319257603 -81.749443110162,35.9215199258835 -81.749213109914,35.9214509262723 -81.7490841098104,35.9213979264796 -81.7489421097301,35.9213259266977 -81.7487981096665,35.9212459269137 -81.7486291096569,35.9211259271477 -81.74851510973,35.9210129272816 -81.7482571099677,35.9207289275641 -81.748106110259,35.9205019276843 -81.7480201105786,35.9203109277068 -81.7479911107822,35.9202079276855 -81.7479771109928,35.9201129276413 -81.7479361114507,35.9198989275602 -81.7479051119614,35.9196709274494 -81.7478901124486,35.9194639273235 -81.747888112589,35.919405927284 -81.7479111130636,35.9192309271086 -81.7479191132315,35.9191689270466 -81.747964113908,35.9189279267792 -81.7479691141299,35.9188419267051 -81.7479721142294,35.9188039266708 -81.7479681144183,35.9187249266194 -81.747940114615,35.9186259265996 -81.7478781148099,35.9185039266285 -81.7476801150328,35.9182759268422 -81.7475961150615,35.9182059269531 -81.7474491150414,35.9181119271684 -81.7471641148039,35.9180099276462 -81.7468321145295,35.9178909282031 -81.7467161146059,35.9177809283472 -81.74660811485,35.9176099284308 -81.7464641155569,35.9172309284314 -81.7464121157351,35.9171249284545 -81.7462401160475,35.9168849286131 -81.7459261161825,35.9166209290319 -81.7457701163572,35.9164479292097 -81.7457291164706,35.9163759292371 -81.7457211165433,35.9163419292278 -81.7457011167936,35.9162299291849 -81.745698116989,35.9161509291329 -81.7457771178489,35.9158639287679 -81.7459101189975,35.9154979282389 -81.7459671195526,35.9153159279934 -81.7460061200825,35.9151319277817 -81.7460221204224,35.9150079276592 -81.7460231204569,35.9149949276476 -81.7460281207659,35.9148759275504 -81.7460211209617,35.9147939275039 -81.7459861212809,35.9146449274633 -81.745907121713,35.9144229274557 -81.7457141221275,35.9141349276247 -81.7455471231432,35.913627927583 -81.745592124272,35.9132119271898 -81.7456721253796,35.9128259267489 -81.7456681257892,35.9126619266368 -81.7456561262623,35.9124679265185 -81.7456261267527,35.9122559264228 -81.7455971270926,35.9121039263691 -81.7455581274323,35.911945926331 -81.7455231277329,35.9118059262982 -81.7454881279778,35.9116879262815 -81.7454251283723,35.911493926265 -81.7453321289777,35.9111989262347 -81.7452981292405,35.911074926212 -81.745240129693,35.9108619261723 -81.7452041299431,35.9107419261566 -81.7451611301699,35.9106269261586 -81.7451111303836,35.9105129261753 -81.7450631306185,35.9103919261831 -81.7450071310508,35.9101889261473 -81.7449651314054,35.910024926112 -81.7448741319235,35.9097679261073 -81.7448451321428,35.9096649260906 -81.744818132332,35.9095749260793 -81.7447901324994,35.9094929260759 -81.744763132653,35.9094169260748 -81.7447411329014,35.9093069260391 -81.7447261331732,35.9091919259857 -81.7447111336985,35.9089779258606 -81.7447041339134,35.9088899258108 -81.7446711341431,35.908780925798 -81.7446641341532,35.9087729258063 -81.7445861342724,35.9086809258964 -81.7444441342837,35.9085939261189 -81.7443611342576,35.9085559262583 -81.7442571341824,35.908524926445 -81.7440301339655,35.9084779268676 -81.7438971338372,35.9084509271157 -81.7436721336035,35.9084119275403 -81.74351213342,35.9083909278472 -81.7433431332182,35.9083719281736 -81.7432261330574,35.9083669284054 -81.7431331329271,35.9083639285904 -81.7430441328001,35.9083619287681 -81.74290913261,35.9083579290369 -81.7428081324887,35.9083469292323 -81.7427061323738,35.9083329294276 -81.7425841323234,35.9082829296376 -81.7424751322899,35.9082339298222 -81.7423401322575,35.9081699300486 -81.7421361322416,35.9080609303824 -81.7420211322556,35.9079909305646 -81.7419321322295,35.9079509307157 -81.7416881320778,35.9078719311518 -81.7414601318926,35.9078149315713 -81.7413031317964,35.9077639318521 -81.7411541317178,35.9077109321155 -81.74103213165,35.9076689323322 -81.740842131573,35.9075929326624 -81.7406261314746,35.9075109330412 -81.7404021314188,35.9074089334224 -81.7402321314456,35.9073059336943 -81.7400151314637,35.9071809340461 -81.7398101316214,35.907010934343 -81.7397021316794,35.9069309345062 -81.7394701318732,35.9067339348399 -81.7392661319587,35.9065929351561 -81.7391641320357,35.9065099353057 -81.7390211320947,35.9064119355283 -81.7388921321448,35.9063249357301 -81.7387901322341,35.9062379358775 -81.7387481323012,35.9061909359306 -81.7386941323893,35.9061299359984 -81.7386261325606,35.9060309360689 -81.7385371326887,35.9059369361854 -81.7385281327003,35.9059279361976 -81.7384201328617,35.9058119363379 -81.7383321330139,35.9057099364472 -81.7382841330954,35.9056549365074 -81.7381991331737,35.9055819366305 -81.73814913322,35.905538936703 -81.7380451332937,35.9054579368595 -81.7379321333333,35.9053849370398 -81.737731133427,35.9052469373553 -81.7372281339359,35.9048039380812 -81.7371661340197,35.9047419381659 -81.7370511342417,35.9046029383071 -81.7369711344277,35.9044949383979 -81.7367301347911,35.9042419387205 -81.7365331350274,35.9040579390001 -81.7363931352191,35.9039189391935 -81.7362191353819,35.9037739394529 -81.7360611355651,35.9036299396805 -81.7359881356319,35.9035699397901 -81.7356441358726,35.9033149403258 -81.7353011361189,35.9030599408606 -81.7350551364303,35.9028299412141 -81.7350171365248,35.9027779412579 -81.7349011367782,35.9026319414004 -81.73488213682,35.9026079414237 -81.7348101371191,35.9024669414793 -81.7347941371876,35.9024349414912 -81.7346681378482,35.9021399415574 -81.7346071381691,35.9019969415895 -81.7345391384729,35.9018569416381 -81.7344041392295,35.9015249416998 -81.7342681399843,35.9011939417648 -81.7341301406427,35.9008969418567 -81.7338481416862,35.9003989421169 -81.7336361425309,35.9000049423011 -81.733518142877,35.8998299424327 -81.7334231430687,35.8997199425588 -81.7333631431233,35.8996739426537 -81.7332281432708,35.8995619428617 -81.7331611433397,35.899507942966 -81.7328991436165,35.8992949433735 -81.7328421436361,35.8992629434714 -81.732756143665,35.8992149436193 -81.7324271435924,35.8990959442271 -81.7320991435202,35.898977944834 -81.7317741435862,35.8988139454061 -81.731449143652,35.8986509459797 -81.7312711437868,35.8985279462729 -81.731148143953,35.89841794646 -81.7309121444102,35.8981599467901 -81.7308001446822,35.8980189469355 -81.7307091450738,35.8978459470172 -81.7306691453799,35.8977239470245 -81.7306541456498,35.897624946994 -81.7306381460494,35.8974809469376 -81.7305681463285,35.8973559470059 -81.7303451472345,35.8969529472215 -81.730189147614,35.8967589474276 -81.7300891480676,35.8965629475156 -81.7300241488914,35.8962549474609 -81.7300001492026,35.8961389474394 -81.7298081501924,35.895723947586 -81.7296241507287,35.8954679478149 -81.7294361512833,35.8952049480487 -81.729380151548,35.8950929480977 -81.7293301517905,35.8949909481404 -81.7292791522,35.8948319481502 -81.7292721522214,35.8948219481588 -81.7289561530132,35.8944309485859 -81.7289281533357,35.8943109485716 -81.7289641536748,35.8942099484337 -81.7289431538932,35.8941279484279 -81.728982154386,35.8939759482524 -81.7287821552725,35.8935999484457 -81.7287051562636,35.8932359483866 -81.7286271572549,35.89287194833 -81.7288061581376,35.8926399478081 -81.7290081586862,35.8925289473108 -81.7292041592978,35.8923939468113 -81.7292221593527,35.8923819467656 -81.7292341595926,35.8923049466928 -81.7292301598593,35.8922129466448 -81.7292281600781,35.8921379466029 -81.7291771603884,35.8920139466354 -81.7291701604604,35.8919869466337 -81.7291491606677,35.8919089466306 -81.7291281608722,35.8918319466281 -81.7291201611998,35.8917179465752 -81.7291121614507,35.8916299465383 -81.7291041617695,35.8915189464872 -81.7290831620391,35.8914199464713 -81.7290111624053,35.8912699465331 -81.7289691626206,35.8911819465689 -81.7289221626802,35.8911449466466 -81.7286751629846,35.8909539470575 -81.7282891635526,35.8906259476832 -81.7278701637918,35.8903989484424 -81.7274511640357,35.890171949203 -81.7271221641489,35.8900209498175 -81.7267931642645,35.8898699504327 -81.7261531634606,35.8899189518345 -81.7257491631098,35.8898979526885 -81.7254181625727,35.8899629534366 -81.7252691625536,35.8899189537303 -81.7250381626125,35.889821954169 -81.7249571626944,35.8897679543113 -81.7246371627315,35.8896489549287 -81.724554163388,35.8894069549663 -81.7244551637475,35.889256955092 -81.7243401646437,35.8889269551481 -81.7240681649186,35.8887489556306 -81.723796165196,35.8885709561138 -81.7234831661333,35.8881669565566 -81.7233631668225,35.8879059566661 -81.7233041671609,35.8877779567203 -81.7232431675101,35.8876459567766 -81.7232001677626,35.8875509568153 -81.7231231682024,35.8873849568871 -81.7228941691085,35.8870219571759 -81.7228121694279,35.8868939572807 -81.722664170021,35.8866579574675 -81.7222891708612,35.8862749580643 -81.7219121713001,35.8860219587406 -81.7215341717396,35.8857699594209 -81.7212451719416,35.8856209599663 -81.7209561721425,35.8854729605129 -81.7206661723478,35.8853239610617 -81.7204041727516,35.8851209615204 -81.7201431731622,35.8849169619771 -81.7199221736589,35.8846979623391 -81.7197021741557,35.8844799627001 -81.7194821746581,35.8842609630613 -81.719213175941,35.883784963391 -81.7191561768727,35.8834779633494 -81.7191001773711,35.8833069633794 -81.7188971773788,35.8832499637936 -81.718545177044,35.8832599645707 -81.7181931767123,35.8832689653473 -81.7178411763771,35.8832789661243 -81.7174891760418,35.8832889669012 -81.7171371757063,35.8832989676782 -81.7170021757656,35.8832449679456 -81.716687176772,35.8828529684308 -81.7164541774716,35.8825779687986 -81.7162221781751,35.8823029691651 -81.7159901788787,35.8820289695331 -81.7158711792455,35.8818869697214 -81.7157581795886,35.8817539699014 -81.7155811802053,35.8815219701716 -81.715400180834,35.8812859704491 -81.7152211814598,35.8810519707239 -81.7150421820877,35.8808179709993 -81.7149751823213,35.8807309711028 -81.7148631827177,35.8805839712752 -81.7146841833497,35.8803499715518 -81.714421184306,35.8799989719556 -81.7142321849919,35.8797479722472 -81.7141581852636,35.8796489723612 -81.7140231860838,35.8793709725203 -81.7138891869101,35.8790919726771 -81.7138051877356,35.8788249727293 -81.7137931878532,35.8787869727369 -81.713721188559,35.8785589727824 -81.7135691895236,35.8782359729587 -81.7134171904906,35.8779129731356 -81.7132431911566,35.8776759734054 -81.713069191828,35.8774379736752 -81.7127351924921,35.8771689742881 -81.7124101929247,35.8769719749176 -81.7120861933646,35.8767739755453 -81.711769193853,35.8765639761523 -81.7114521943448,35.8763539767604 -81.7111481950798,35.8760759773072 -81.7109191956381,35.8758659777197 -81.7108421958243,35.8757959778588 -81.7106191963729,35.8755909782611 -81.7103941969326,35.8753829786672 -81.7101681974906,35.8751759790765 -81.7098231977571,35.8750319797846 -81.7097481978143,35.8750009799387 -81.7094401979979,35.8748889805793 -81.7085151985547,35.8745539825069 -81.7082061987445,35.8744419831518 -81.7075891991263,35.8742189844411 -81.706664199714,35.8738839863776 -81.7060472001166,35.8736599876715 -81.7057542003088,35.8735539882868 -81.7041972013589,35.8729899915637 -81.701113203571,35.8718719980912 -81.6983382057046,35.8708670040073 -81.6977212061999,35.870643005328 -81.6964872072074,35.8701960079756 -81.6961792074648,35.8700840086375 -81.6958712077239,35.8699720092999 -81.6957652078114,35.8699340095282 -81.6924802106741,35.8687430166269 -81.6880292148609,35.8671300263351 -81.685386217517,35.8661720321485 -81.6823032207767,35.8650540389756 -81.6819952211089,35.8649430396605 -81.6816862214466,35.864831040348 -81.6813782217864,35.8647190410337 -81.6810702221279,35.8646070417198 -81.6807612224707,35.8644950424088 -81.6804532228115,35.8643840430962 -81.6798362235061,35.8641600444743 -81.6795282238562,35.864048045163 -81.6724572331581,35.8612950610711 -81.6692272377317,35.8600370684307 -81.6663732419387,35.8589260749823 -81.6554002596009,35.8546511005952 -81.6544652612125,35.8542871028088 -81.6526512643916,35.8535801071173 -81.6520412654762,35.8533421085703 -81.6502082687732,35.8526281129489 -81.6492922704461,35.8522711151441 -81.6477972732132,35.8516881187369 -81.6474602738409,35.8515571195485 -81.6468492749869,35.8513191210216 -81.6465082756305,35.8511861218447 -81.6456282773008,35.8508431239716 -81.6447122790551,35.8504861261903 -81.6431852820153,35.8498911298992 -81.6413532856272,35.8491771343662 -81.6404682873957,35.8488321365308 -81.6401322880713,35.8487011373538 -81.6392162899234,35.8483441396006 -81.6383772977952,35.8468341417075 -81.6374033070234,35.8450791441762 -81.6372633083503,35.844828144533 -81.6372113088475,35.8447341446657 -81.6350323298212,35.8408111502882 -81.634335336626,35.8395551521126 -81.6340563393581,35.8390531528464 -81.6337783420969,35.8385511535796 -81.6325233545139,35.8362911569143 -81.6322443572966,35.8357881576613 -81.632108357614,35.83573715801 -81.6261083719963,35.8334801734951 -81.6262183740983,35.8330911732633 -81.6263273761986,35.8327021730334 -81.6264293771269,35.8325261727946 -81.6268003789065,35.8321751718885 -81.6271013801603,35.8319241711481 -81.6271913804793,35.8318591709253 -81.6273533810747,35.8317381705245 -81.6275363815342,35.831640170067 -81.6276303817461,35.8315941698314 -81.6279013824619,35.8314421691539 -81.6280983832405,35.8312841686664 -81.6282483838907,35.8311531682961 -81.6283813846074,35.8310111679703 -81.6284983850794,35.8309151676803 -81.6286733855959,35.8308061672426 -81.6287663858104,35.8307591670088 -81.6288613859803,35.8307201667688 -81.6289643861573,35.8306791665085 -81.6294183868225,35.8305191653582 -81.6295713870191,35.8304701649698 -81.6298323872529,35.8304051643051 -81.6299393873179,35.830384164032 -81.6300643873096,35.8303751637114 -81.6239014088891,35.8270051800402 -81.6238544090593,35.8269791801659 -81.6235814100435,35.8268291808963 -81.6232434112608,35.8266441818013 -81.6230194120659,35.8265221824015 -81.622739413077,35.8263691831523 -81.6226684133349,35.8263301833429 -81.6224584140965,35.8262151839066 -81.6223584144608,35.8261601841752 -81.6221774151124,35.8260621846613 -81.6199314233442,35.8248331907167 -81.6188714272767,35.8242531935883 -81.6143154445226,35.8217612060311 -81.6138834461855,35.8215252072193 -81.6118254541872,35.8203992129004 -81.6114344557209,35.8201852139835 -81.6113334561162,35.8201302142635 -81.6103844598621,35.8196102168982 -81.6086944553299,35.8205782211325 -81.6050334452323,35.8226752302246 -81.60362544125,35.8234812336922 -81.6030174395071,35.8238302351842 -81.6008084331103,35.8250942405807 -81.5923994952875,35.8160852658414 -81.5918174997525,35.8154582676313 -81.5912965037632,35.8148972692379 -81.5897345158817,35.8132142740801 -81.5892145199497,35.8126532757008 -81.5875775324232,35.8109532808036 -81.5867825389296,35.8100662833212 -81.5830545688652,35.8060652951932 -81.5822605753425,35.8052122977497 -81.5820575770034,35.8049942984049 -81.5818715785288,35.8047942990059 -81.5818565786511,35.8047782990543 -81.5818455787557,35.8047642990908 -81.5818305788648,35.8047502991384 -81.5818105790322,35.8047282992033 -81.5816455803848,35.8045512997368 -81.5814405820744,35.8043303004007 -81.5810285854694,35.8038873017365 -81.575724629858,35.798203319158 -81.5756686303007,35.7981483193418 -81.5753116333124,35.797770320528 -81.574839637306,35.7972703220994 -81.5744246408229,35.7968313234835 -81.574263642174,35.79666332402 -81.5727676549839,35.7950743290382 -81.5722716592515,35.794548330709 -81.5673157024962,35.7893083476013 -81.5608667598869,35.7826043700725 -81.5602187657825,35.7819293723656 -81.5577277886067,35.7793403812353 -81.5559938046974,35.7775363874654 -81.5545688106804,35.777062391974 -81.5541028123592,35.7769463934254 -81.5537608132556,35.7769073944613 -81.5537428133097,35.7769043945165 -81.5537258133401,35.7769043945667 -81.5534548137367,35.7769163953599 -81.5531158144087,35.7769073963678 -81.5514188177523,35.7768654014115 -81.5493828217656,35.7768154074638 -81.5487038231075,35.7767984094828 -81.5480248244501,35.776781411502 -81.5470328230542,35.7772054141409 -81.5465818224184,35.7773974153392 -81.5461828217237,35.7775844163863 -81.5450388204808,35.7780184194549 -81.5437238186196,35.7785704229353 -81.5427778183671,35.7788214255384 -81.5424448182781,35.7789094264542 -81.5420788184959,35.7789644274906 -81.5413178189406,35.7790794296442 -81.5398318207277,35.7791824339365 -81.5382908216937,35.779403438299 -81.5365428232777,35.7795884432921 -81.536261823614,35.7796074441026 -81.5351278249662,35.7796844473725 -81.5338718269765,35.7797034510449 -81.5336318273576,35.7797074517463 -81.5323798295086,35.7797074554217 -81.5320178300205,35.7797214564732 -81.5308928315982,35.7797664597393 -81.5297118339184,35.779729463236 -81.5285318356512,35.7797664666693 -81.5277298366935,35.7798084689884 -81.5274058371138,35.7798254699252 -81.5264618384451,35.7798614726653 -81.5260718389856,35.7798774737963 -81.5252788401681,35.7798994761046 -81.5246208402985,35.7800234779294 -81.524494840329,35.7800464782793 -81.5234588409705,35.7801864811974 -81.5230498412805,35.7802344823551 -81.5221518419447,35.7803414848946 -81.5211878424481,35.7804814875971 -81.5211678424821,35.7804814876557 -81.5198368445066,35.7805104915299 -81.5185478461466,35.7805774952463 -81.5183148463861,35.7805964959118 -81.517475847242,35.7806654983069 -81.5167368479504,35.7807315004112 -81.5161598478874,35.7808575019855 -81.51524084944,35.7808575046758 -81.5150138499891,35.7808375053587 -81.5142228518985,35.7807685077386 -81.5141708520363,35.7807625078964 -81.5134108540042,35.7806805101983 -81.5122298561299,35.7806655136713 -81.5107248583695,35.7807025180438 -81.5093368602903,35.7807535220593 -81.5079038627742,35.7807465262622 -81.506543865203,35.7807315302593 -81.5064268654435,35.7807265306068 -81.5049488684657,35.7806655349956 -81.5038458700948,35.780693538198 -81.5037658702132,35.7806955384302 -81.5036578703789,35.7806975387445 -81.503497870607,35.7807025392081 -81.5030938712911,35.7807025403911 -81.5029058716095,35.7807025409417 -81.5028598716874,35.7807025410764 -81.5027218719211,35.7807025414806 -81.5026768719973,35.7807025416123 -81.5022948726441,35.780702542731 -81.5022088727897,35.7807025429829 -81.5021038729762,35.7807015432914 -81.5010558747508,35.7807015463605 -81.5005918757006,35.7806825477388 -81.5003858761187,35.7806745483503 -81.5002028764892,35.7806675488935 -81.4998138761707,35.7806515489589 -81.4985278707887,35.7806335452048 -81.4982338695485,35.7806305443452 -81.4966528629291,35.7806085397291 -81.4959008597846,35.7805975375337 -81.4950198560841,35.7805865349597 -81.4946708546235,35.7805815339407 -81.4940738521287,35.7805725321977 -81.4933858492416,35.7805635301878 -81.4922218442867,35.7805565267789 -81.4902668359574,35.7805455210526 -81.4897098326404,35.780654519316 -81.4887588269761,35.7808415163526 -81.4887028266345,35.7808535161773 -81.4878858214793,35.7810495136017 -81.4876278198436,35.7811125127879 -81.4875558193922,35.7811295125614 -81.4873408180424,35.781180511885 -81.4872698175871,35.7811985116605 -81.4863918120498,35.7814105088971 -81.4861368104397,35.7814725080947 -81.4846568013565,35.7818025034702 -81.4837507958074,35.7820045006436 -81.4836887954265,35.7820185004501 -81.4828637906534,35.7821694979082 -81.4812057810657,35.7824744928053 -81.4776787608031,35.7831164819864 -81.4774247594393,35.7831514812181 -81.4753947485358,35.7834334750819 -81.4746207443896,35.7835404727455 -81.4718797307054,35.7837984645773 -81.4716907297613,35.7838164640144 -81.4714837287732,35.7838304634023 -81.4686167150613,35.784029454927 -81.4642256946264,35.784268442013 -81.4610196790896,35.7845264325398 -81.4609086785673,35.7845334322134 -81.457972664583,35.7847424235694 -81.4553936525709,35.7848934160059 -81.4547076493801,35.7849334139954 -81.4544456481411,35.784951413226 -81.4543586477371,35.7849564129711 -81.4517156352778,35.7851344052167 -81.451257633165,35.7851594038772 -81.4502676285775,35.7852164009809 -81.4502236283777,35.7852184008525 -81.4496586257648,35.7852503992003 -81.4491966237573,35.7852593978593 -81.4475296167123,35.785265393036 -81.4471076149328,35.7852663918153 -81.4467376133643,35.7852683907444 -81.4463676118032,35.7852693896741 -81.4460496106605,35.7852433887686 -81.4457186098698,35.7851623878549 -81.4453606095188,35.7850063869024 -81.4450026091578,35.7848513859485 -81.4447046092314,35.7846713851805 -81.4446486092979,35.7846303850398 -81.4444506095324,35.7844853845422 -81.4441966098311,35.784299383903 -81.4440946101662,35.7841953836613 -81.444018611023,35.784035383524 -81.4439846124543,35.7838213835365 -81.44396961401,35.7836013836073 -81.4439256158767,35.7833223836243 -81.4438806177459,35.7830423836386 -81.4438356196145,35.7827623836527 -81.4432556438462,35.7791263838282 -81.4428536605612,35.7766093839255 -81.4428086624092,35.7763303839339 -81.4427276648969,35.7759423838903 -81.4426646668177,35.7756423838551 -81.4425476695976,35.7751923837345 -81.4424176715995,35.7748403835246 -81.4421516734628,35.7744243829394 -81.4418736743535,35.7741333822537 -81.4414906747207,35.7738493812486 -81.4410216744215,35.7736033799648 -81.4405616737932,35.7734073786816 -81.4399606722895,35.7732443769575 -81.4393396702855,35.7731373751449 -81.4389786687627,35.7731243740673 -81.4381386648988,35.7731383715389 -81.4379766641082,35.7731473710484 -81.4368416574848,35.7733613675438 -81.4362866543481,35.7734523658379 -81.4361646536517,35.7734733654626 -81.435839652134,35.7734823644839 -81.4357626517753,35.773484364252 -81.4357216515849,35.7734853641287 -81.435599651068,35.7734813637646 -81.4352876497518,35.7734703628337 -81.4348956484208,35.7734113616839 -81.4345736476091,35.7733233607562 -81.4342506467917,35.773235359825 -81.4339316459837,35.7731483589048 -81.4336056451573,35.773059357964 -81.4332836443404,35.7729713570342 -81.4329606435248,35.7728823561013 -81.4326386427053,35.7727943551706 -81.4323156418799,35.7727063542362 -81.4320666410668,35.7726633535054 -81.431711639586,35.7726473524446 -81.431356638105,35.7726313513838 -81.4310026366353,35.7726143503262 -81.4307396355246,35.7726043495394 -81.4294906304276,35.772531345812 -81.4291046288476,35.7725093446595 -81.4287126274225,35.7724613434987 -81.4283216260009,35.7724133423405 -81.4279736248348,35.7723563413148 -81.4276266236653,35.7723003402914 -81.4272956227274,35.7722213393241 -81.4269646217812,35.7721433383561 -81.4264516204523,35.7720023368621 -81.4261386198273,35.7718893359595 -81.4258266191982,35.7717773350589 -81.4255146185745,35.7716643341581 -81.4252016179376,35.7715523332532 -81.4248896173106,35.7714393323511 -81.424577616675,35.771327331448 -81.4242646160402,35.7712143305415 -81.4239526154014,35.7711023296371 -81.4236406147679,35.7709893287324 -81.4233306142107,35.7708663278364 -81.4230466137008,35.7707533270151 -81.4210406100491,35.7699563211965 -81.4205446091412,35.7697583197536 -81.4193416070614,35.7692573162527 -81.4181386049605,35.768755312741 -81.4169356028251,35.768254309218 -81.4160336012147,35.7678773065697 -81.4157326006685,35.7677523056843 -81.4153996002545,35.7675853047115 -81.4150665998379,35.7674183037376 -81.4147345994234,35.7672513027658 -81.4144015990017,35.7670843017899 -81.4140685985774,35.766917300813 -81.4137555980499,35.7667792998892 -81.4134425975204,35.7666412989647 -81.4131295969955,35.7665022980395 -81.4127815962135,35.7663772970031 -81.4124335954294,35.7662522959658 -81.4119765937799,35.7661812945813 -81.4115375919414,35.7661512932422 -81.4111155901746,35.7661222919548 -81.4107065890938,35.7659982907275 -81.4102975880106,35.7658742894993 -81.4098885869251,35.7657502882702 -81.4094495852777,35.7656902869349 -81.4090095836244,35.7656302855961 -81.4085375825602,35.7654572841807 -81.4084155823649,35.765400283817 -81.4080655818188,35.7652342827734 -81.4077135814629,35.7650372817285 -81.4074245815154,35.7648222808795 -81.407135581565,35.7646072800294 -81.4068475816229,35.7643912791814 -81.4066335820182,35.7641762785603 -81.4064205824226,35.7639602779416 -81.4062075828249,35.7637442773221 -81.4059945832185,35.7635292767015 -81.4057815836166,35.7633132760803 -81.4055685840125,35.7630972754583 -81.4053555844062,35.7628812748355 -81.4051425847914,35.7626662742116 -81.4049295851809,35.762450273587 -81.4047165855683,35.7622342729616 -81.4045025859424,35.7620192723321 -81.4038635870791,35.7613722704483 -81.4036505874559,35.7611562698187 -81.4034375878305,35.7609402691882 -81.4030715883721,35.7605842681007 -81.4028815887675,35.7603812675379 -81.402597588776,35.7601682666825 -81.4023165885338,35.7599962658296 -81.4017225877616,35.7596722640185 -81.4010965866996,35.7593682621012 -81.400469585624,35.7590642601773 -81.4001565850853,35.7589122592156 -81.3996765840198,35.7587162577349 -81.3992175828107,35.7585582563141 -81.3985835806097,35.7584232543406 -81.3982255791556,35.7583802532221 -81.3978675777008,35.7583372521034 -81.3973485754627,35.7582952504791 -81.3969035732418,35.7583072490818 -81.396438570505,35.7583862476161 -81.3960665680366,35.7584942464404 -81.3956955655812,35.7586012452685 -81.3953235631165,35.7587092440942 -81.3949515606537,35.7588172429207 -81.3945805581975,35.758925241751 -81.39422955592,35.7590202406455 -81.3937265526661,35.7591552390624 -81.3935295513856,35.7592092384426 -81.3931945494494,35.7592622373914 -81.3928585475092,35.7593152363373 -81.3925235455685,35.7593692352866 -81.3921885436348,35.7594222342363 -81.3916295407386,35.7594572324867 -81.3911165382726,35.7594582308825 -81.3907215366055,35.7594212296486 -81.3902735348609,35.7593552282495 -81.3899515338113,35.7592742272444 -81.3896225327452,35.7591902262171 -81.3892945316766,35.7591072251924 -81.3892125314473,35.7590802249362 -81.3889735308108,35.7589962241895 -81.3886525299495,35.758884223186 -81.3883315290865,35.7587722221819 -81.3880105282158,35.7586612211771 -81.3876905273543,35.7585492201748 -81.3873695264864,35.7584372191687 -81.3870485256108,35.758326218162 -81.3867275247395,35.7582142171545 -81.3863495236699,35.7580892159675 -81.3859715225981,35.7579642147795 -81.385622521544,35.757859213682 -81.385268520476,35.7577522125682 -81.3849605194189,35.7576802115989 -81.3847765187808,35.7576382110197 -81.3843865173492,35.7575622097919 -81.3839965159162,35.7574862085635 -81.3836065144759,35.7574112073346 -81.3832165130402,35.7573352061051 -81.3826705109423,35.7572432043835 -81.3821915089355,35.7571902028737 -81.3818455073235,35.757179201784 -81.3814995057173,35.7571672006943 -81.3811545041098,35.7571561996077 -81.3808085024973,35.7571451985179 -81.3804055004138,35.7571671972505 -81.3800024983307,35.7571891959833 -81.3795984962431,35.7572111947131 -81.3791954941608,35.7572331934463 -81.3787924920848,35.7572541921795 -81.3783564894985,35.7573351908138 -81.3779214869188,35.7574161894519 -81.3774864843464,35.7574961880905 -81.3771114817461,35.7576311869234 -81.3769364805392,35.757693186379 -81.3768064796375,35.7577401859748 -81.3766934787312,35.7578021856256 -81.3762304735432,35.7583111842211 -81.376228473464,35.758323184216 -81.3761314691318,35.7589901839781 -81.3760814636606,35.759893183912 -81.3756334568853,35.7606941825964 -81.3755214539297,35.7611131822915 -81.375507453551,35.7611671822536 -81.3754924531618,35.7612221822127 -81.3754804528563,35.7612651821799 -81.3754114510435,35.7615221819926 -81.3748094454769,35.761992180174 -81.3743234394591,35.7626381787406 -81.3738384334547,35.7632851773161 -81.3732294259496,35.7640951755353 -81.3722634140678,35.7653841727295 -81.3711954034186,35.7663831695923 -81.370249396267,35.7668721667689 -81.369333389867,35.7672561640287 -81.3691053882741,35.7673521633477 -81.3686813855144,35.7674951620764 -81.3684003836801,35.7675911612347 -81.3681133818137,35.7676881603754 -81.3672743767987,35.767894157852 -81.3668283744737,35.7679431565008 -81.3666753736696,35.7679611560376 -81.3663283718512,35.768001154987 -81.3655043680627,35.7680011524746 -81.3647103647494,35.7679401500413 -81.3640613622444,35.7678531480439 -81.3637953613124,35.7678001472212 -81.3634183600834,35.7677081460512 -81.3632943596773,35.7676781456663 -81.3632773596266,35.7676731456134 -81.3620353555637,35.7673701417536 -81.3619293552224,35.7673431414236 -81.3616633538861,35.7673631406156 -81.3604563478246,35.7674541369505 -81.3595193441431,35.7673361340593 -81.3585303407552,35.7671181309811 -81.3582003396186,35.7670461299533 -81.3576553370471,35.7670561282896 -81.3574843362357,35.7670601277678 -81.3568353324568,35.7672061258237 -81.3567153317639,35.7672321254642 -81.3562863289515,35.7673881241969 -81.3559773267111,35.7675411232965 -81.3556683244729,35.7676941223969 -81.3553593222316,35.7678481214984 -81.3550513200024,35.7680011206036 -81.3547563175224,35.7682131197666 -81.3544613150452,35.7684251189308 -81.3541473124099,35.7686511180425 -81.3538713100996,35.7688491172626 -81.3537553087506,35.7690041169569 -81.3536273072578,35.7691761166203 -81.3535003057759,35.7693471162868 -81.3532923033619,35.7696251157409 -81.3531293014555,35.7698461153147 -81.353026299708,35.7700891150779 -81.3529032976132,35.7703811147962 -81.3527912957012,35.7706481145407 -81.3526782937862,35.7709151142827 -81.3525862916577,35.7712411141072 -81.3525692912186,35.7713101140776 -81.3524602886478,35.7717061138735 -81.352437286865,35.7720261139053 -81.3524142851402,35.7723351139337 -81.3523922832786,35.7726711139738 -81.3524132818934,35.7729531141261 -81.3524342804503,35.7732461142818 -81.3524522791823,35.773503114417 -81.3524722777761,35.7737881145669 -81.3525312761865,35.7741411148549 -81.3525892745968,35.7744931151392 -81.3526482730054,35.7748461154265 -81.3528172722263,35.7751371160221 -81.3529862714449,35.7754281166169 -81.353155270656,35.7757201172111 -81.3533372699906,35.775999117839 -81.3535132693598,35.7762661184445 -81.3537002686433,35.7765581190895 -81.3538752679877,35.7768281196911 -81.3540632672865,35.7771171203362 -81.3542812671004,35.7773331210474 -81.3545002669165,35.7775491217606 -81.3547182667261,35.77776512247 -81.3549362665387,35.7779801231783 -81.3551552663483,35.778196123889 -81.3553582652676,35.7785661245961 -81.355562264193,35.7789351253045 -81.3556252622534,35.7793511256096 -81.3556812605378,35.7797191258799 -81.3556042584543,35.7800481257478 -81.3555522570436,35.7802711256591 -81.3553912549723,35.7805301252611 -81.3552302529083,35.7807881248636 -81.3549362501952,35.7810611240815 -81.3546672477202,35.781310123367 -81.3543192450261,35.7815371224161 -81.3540052425975,35.7817421215593 -81.3538742416302,35.7818191211997 -81.3536742400411,35.7819581206575 -81.3534132378608,35.7821601199569 -81.3531592357338,35.7823581192766 -81.3529152337043,35.7825461186232 -81.3526682316484,35.7827371179628 -81.3524172295567,35.782932117293 -81.3521662274673,35.783127116624 -81.3519542253885,35.7833521160789 -81.3517292231679,35.7835941155025 -81.3515112210265,35.7838271149444 -81.3513502189926,35.7840861145612 -81.3511842169083,35.7843511141662 -81.3510282149359,35.7846031137967 -81.3508662129088,35.7848611134126 -81.3507082103849,35.7852181130736 -81.3505052071756,35.7856711126377 -81.3504252059511,35.7858421124638 -81.3503002040349,35.786110112193 -81.3501762021245,35.7863781119256 -81.3500512002165,35.7866451116556 -81.3499631983551,35.7869331114998 -81.3498751964949,35.7872211113444 -81.3497841945715,35.7875191111843 -81.349699192778,35.7877971110351 -81.3496111909212,35.7880851108811 -81.3495191890026,35.7883821107192 -81.3494301871286,35.7886731105643 -81.3493181851301,35.7889701103463 -81.3492021830547,35.7892791101216 -81.34908218098,35.789585109885 -81.3489691789099,35.7898961096709 -81.3488501767962,35.7902111094417 -81.3487241748312,35.7904921091814 -81.348577172545,35.7908191088782 -81.3482971682474,35.7914321082997 -81.3481131660545,35.7917131078779 -81.3479171637282,35.7920111074292 -81.3477151613238,35.7923201069685 -81.3475251590784,35.7926081065353 -81.3473201570778,35.7928371060394 -81.3471901558062,35.7929831057256 -81.3469181531511,35.79328810507 -81.3466511509135,35.7935161044017 -81.3463851486878,35.7937431037369 -81.3461181464558,35.7939711030707 -81.3458191442313,35.794173102306 -81.3455191420006,35.7943761015399 -81.3452121397244,35.7945831007569 -81.3449201376934,35.7947541000032 -81.3445501351217,35.7949710990496 -81.3443191335204,35.7951060984548 -81.3431581265989,35.7955650953861 -81.3415971183214,35.7959840911933 -81.3406731141675,35.7960850886549 -81.3398251103575,35.7961780863268 -81.3384011040621,35.7963150824122 -81.3383841039901,35.7963160823652 -81.3382821035386,35.796326082085 -81.3381991031719,35.796334081857 -81.3367930969675,35.7964690779957 -81.3364150956194,35.796440076928 -81.3343960883962,35.7962880712232 -81.3342710879466,35.79627907087 -81.3338550864597,35.7962470696935 -81.3314600763668,35.7963820630772 -81.3270810590649,35.7963900508646 -81.322118038853,35.7965320371029 -81.3188870257053,35.7966260281516 -81.3173000189828,35.7967330237958 -81.3165370158438,35.7967640216894 -81.3159120129844,35.7968550200071 -81.3152560095363,35.7970530183095 -81.3143100035855,35.797565016016 -81.3135159982895,35.7980680141471 -81.3129769937399,35.798632013033 -81.3128599927517,35.7987550127923 -81.3113019796081,35.8004040096196 -81.3110109771749,35.8007100090308 -81.3090849626658,35.802384004925 -81.3083449593306,35.8025070029894 -81.3074019556619,35.8025270004258 -81.3050559464298,35.8026029940692 -81.3044939442823,35.8026059925354 -81.3043979441659,35.8025459922278 -81.3043089440552,35.8024909919429 -81.3023479415091,35.8012909856535 -81.30200994126,35.8010349845269 -81.3019559413672,35.8009579843187 -81.3018569415666,35.8008159839362 -81.3004839433976,35.7990609787744 -81.3000259430413,35.7987089772282 -81.2995379426451,35.7983359755791 -81.299125941437,35.7982369743575 -81.2985309393288,35.7981839726648 -81.2980729375142,35.7981909714002 -81.2901388999377,35.7999309509355 -81.289588896945,35.8001599496227 -81.2889938937886,35.8003879481873 -81.2889008932453,35.8004369479751 -81.2884138904023,35.8006939468659 -81.2878498871756,35.8009759455699 -81.2873008836693,35.8013499444019 -81.2862478762617,35.8022579423474 -81.2845228633224,35.8039899392484 -81.2836838573695,35.8047529376859 -81.2833028551085,35.804980936868 -81.2828298523911,35.8052409358329 -81.2823408497322,35.8054699347271 -81.2818228471114,35.8056599335074 -81.2812578443706,35.8058359321489 -81.2807388419995,35.8059579308641 -81.2801138390475,35.8061329293459 -81.2796248370656,35.8061789280703 -81.2790458346153,35.8062629265896 -81.2782368318259,35.8062019243449 -81.2771688280995,35.8061329213918 -81.2760548243031,35.8060339182828 -81.2737808180437,35.8053929114761 -81.2719338130571,35.8048289058824 -81.2708658099293,35.8045689027094 -81.2707028093947,35.8045459022423 -81.2700268071613,35.8044549003096 -81.2689128029769,35.8044548972837 -81.2687588024051,35.8044528968633 -81.2679507994128,35.8044398946544 -81.2672797967183,35.8044928928897 -81.2663487925017,35.8047138906048 -81.266273792152,35.8047348904244 -81.2647227849119,35.8051768867091 -81.2646097843831,35.8052098864398 -81.2624277744599,35.8057668811617 -81.2607337661887,35.8063928773026 -81.2589937580097,35.8069498732583 -81.2571627497046,35.8074528689231 -81.2559727440727,35.8078648662164 -81.2550417394345,35.8082698642046 -81.2541117344571,35.8087958623493 -81.2534557304771,35.8093298612447 -81.2528297264865,35.8099098602829 -81.2522647223079,35.8106348596684 -81.252072720026,35.8111768598256 -81.2522477163928,35.8126298620782 -81.2522487161294,35.8127208621928 -81.2522287157002,35.8128428622901 -81.2521407141642,35.8132598625714 -81.2519817120767,35.8137798627935 -81.2516937095261,35.8143038626832 -81.2513407072695,35.814650862186 -81.2512777068468,35.8147198621063 -81.2510077050191,35.8150218617733 -81.2506127028324,35.8152978610822 -81.250194700804,35.8154928602319 -81.2498046990556,35.8156168597801 -81.2496406982702,35.8156828597831 -81.2489966958433,35.8157138595091 -81.2476536912537,35.8156128587301 -81.2463516877242,35.8151838575579 -81.245856686353,35.8150288571219 -81.2449586839747,35.8147048562762 -81.2440756816596,35.8143728554267 -81.2437146810547,35.8141108549196 -81.2435006806768,35.8139618546268 -81.2431486800489,35.8137178541463 -81.2425626788508,35.8133648534129 -81.242229677983,35.8132318530814 -81.2418466769933,35.8130748526948 -81.2409526743235,35.812838851957 -81.2399576708436,35.8127638513732 -81.239119667999,35.8126668508382 -81.2381126643632,35.8126318502988 -81.2364276584797,35.8124938492946 -81.2346326520007,35.812425848325 -81.234443651285,35.8124318482398 -81.2337336485908,35.8124568479227 -81.2329936458459,35.8124578475601 -81.2325396441758,35.8124528473304 -81.232184642949,35.8124168471095 -81.2318016417776,35.8123158467914 -81.2309896397513,35.811911845872 -81.2302856381875,35.8114768449648 -81.2297876370059,35.8111968443581 -81.2292686357775,35.8109008437198 -81.2290926353345,35.8108108435166 -81.228098632621,35.8103858424756 -81.2276666314669,35.8101878420054 -81.2268866291469,35.8099268412807 -81.2262446273751,35.8096498406031 -81.2258126260543,35.8095168402159 -81.2245656201568,35.8100368402712 -81.2237826167542,35.810237840144 -81.2232256140536,35.8105068402178 -81.2221076080844,35.8113018407002 -81.2206445998021,35.8125848416534 -81.2197015943096,35.8135038423919 -81.2189285896697,35.8143348431014 -81.218143584879,35.8152298438914 -81.217304579847,35.8161618447064 -81.2168325770307,35.816686845167 -81.2166035755858,35.8169808454425 -81.2161845734611,35.8172748456265 -81.2154685702167,35.8175978457059 -81.2133975606538,35.8186498460958 -81.2108575488928,35.8200268467002 -81.2076625345427,35.8216468473298 -81.2051355236031,35.8227978476676 -81.2045975216056,35.8228708475111 -81.2045715215082,35.8228748475041 -81.2035095175025,35.8230568472462 -81.202697514455,35.8231908470426 -81.2018915115002,35.8232868467913 -81.199220503919,35.8223198442301 -81.198522501895,35.8220808435777 -81.1971404979997,35.8215258421737 -81.1960794948888,35.8211588411737 -81.1949034907384,35.8211778406404 -81.1947964903604,35.8211798405922 -81.194351488708,35.8212388404606 -81.1939144869193,35.8214028404754 -81.192814482166,35.8219868407462 -81.192715481739,35.8220398407713 -81.1926424814368,35.8220708407788 -81.1925394810071,35.8221168407926 -81.1924504806387,35.822154840802 -81.1923624802754,35.8221918408107 -81.1919484786437,35.8223168407846 -81.1916224774311,35.8223688407011 -81.19120847595,35.8223968405434 -81.190874474782,35.8224018403921 -81.1905464736708,35.8223828402111 -81.1904054731809,35.8223828401444 -81.1897784710155,35.8223738398354 -81.18898746835,35.8223168393833 -81.1882844659061,35.8223168390506 -81.1881984656186,35.822308838999 -81.1872594624721,35.822225838441 -81.1855984565076,35.8223608378399 -81.1842044515089,35.822474837337 -81.1831274476243,35.8225838369776 -81.1819114432645,35.8226918365517 -81.1812014408639,35.8226438361499 -81.18040143808,35.8226508357815 -81.1793524342459,35.8228088355043 -81.178769432145,35.8228748353203 -81.1779884293918,35.822914835007 -81.1773264270306,35.8229728347749 -81.1766244245352,35.8230288345213 -81.1763194234682,35.8230388343913 -81.1759394221385,35.82305183423 -81.1757624214374,35.8231288342536 -81.1742244154935,35.8236888343083 -81.1729914106636,35.8242238344745 -81.1715914053462,35.8247088344951 -81.1707264020534,35.8250308345404 -81.1697543984528,35.8253098344764 -81.169110396088,35.8254808344151 -81.1683473933818,35.8255928342158 -81.1676853910594,35.8256668340106 -81.167151389197,35.8257168338315 -81.1664713869694,35.8256288333902 -81.1661323858551,35.8255878331741 -81.1652893830806,35.8254868326379 -81.163567377498,35.8251688313838 -81.1625943743394,35.8249808306625 -81.161777371728,35.8247658299754 -81.1611813695344,35.8249568299669 -81.1603013664276,35.8250848297364 -81.1595663637256,35.8253348297476 -81.1593473629518,35.8253708296964 -81.1590293617382,35.8255418297908 -81.1585013597264,35.8258288299524 -81.1581743584794,35.8260128300617 -81.1580263579457,35.8260558300539 -81.1577873572136,35.8259498297915 -81.1575343563533,35.8259528296778 -81.1572683553686,35.8260668297162 -81.1569943542622,35.826314829942 -81.1567773532809,35.8266618303357 -81.1566453526078,35.8269828307321 -81.1565563522042,35.8271298309005 -81.1564643517579,35.8273238311345 -81.1556553485823,35.8279908317118 -81.1553123473477,35.8281198317374 -81.1548553456946,35.8283088317963 -81.1543893440635,35.8284248317469 -81.1505223309435,35.8288248305362 -81.1499463289836,35.8289058303872 -81.1496073278298,35.8289558303029 -81.1490213260219,35.8286948296569 -81.1484893243475,35.8285098291448 -81.1481773233472,35.8284328288898 -81.1471963201963,35.828187828083 -81.1467413187289,35.8280788277152 -81.1461613168401,35.8279718272923 -81.1459443161276,35.82794282715 -81.1453903142372,35.8280258270137 -81.1448893125355,35.8280868268704 -81.1447343120093,35.8281058268262 -81.1445413113656,35.8281028267326 -81.144256310417,35.8280938265878 -81.1437933088779,35.8280738263447 -81.1432563071403,35.8279298258873 -81.1430513064721,35.8278848257271 -81.1427273054481,35.8277278253492 -81.1425013047494,35.8275738250208 -81.1423363042494,35.827431824738 -81.1423293042728,35.8273068245532 -81.1423253043127,35.827164824345 -81.1423023044615,35.8265618234581 -81.142297304595,35.826160822873 -81.1422823050356,35.8248488209595 -81.1422303053915,35.8234198188585 -81.1422103059128,35.8218368165485 -81.1422373063757,35.820849815127 -81.1423093070205,35.8198048136428 -81.1421973070416,35.818685811963 -81.1421323070732,35.8179768109014 -81.1420733071025,35.8173268099281 -81.1418693067561,35.81626780829 -81.1415663063083,35.8144568055091 -81.1415473064132,35.81396880479 -81.1415323065067,35.8135528041776 -81.1410833053371,35.8121598019304 -81.1403393030402,35.8107467995057 -81.1393252996428,35.8094357970915 -81.1390592987162,35.8091757965798 -81.1386402973447,35.8084397952966 -81.1376942938904,35.8079167940598 -81.1360942880323,35.8068737917317 -81.1360412878331,35.8068557916787 -81.1352512848585,35.8065897908919 -81.1333842778542,35.8055757884628 -81.1328562758576,35.8052877877728 -81.1316502713107,35.8043137857288 -81.1308102681541,35.8032387837176 -81.1302932662171,35.8022967820644 -81.129653263833,35.8005707791885 -81.129500263332,35.799164777033 -81.1295132635709,35.7967497734726 -81.1289632615901,35.7927427672631 -81.1288412611707,35.7913047650727 -81.1287942610135,35.790642764069 -81.1286112602898,35.7898007627264 -81.1284122594691,35.7893807619989 -81.1278182569657,35.7889297610134 -81.1273172548382,35.788794760545 -81.126867252926,35.7885797599851 -81.1264482511422,35.7882687592991 -81.1260352493768,35.7876507581604 -81.1257662482208,35.7872757574591 -81.125272246089,35.7867377563939 -81.1248002440447,35.7863517555655 -81.123262237333,35.7852197530485 -81.1228772356403,35.784936752418 -81.1200802234344,35.78459675039 -81.1174032115306,35.783390747125 -81.1157512040268,35.7823057445919 -81.1128861906509,35.7798927393816 -81.1127371899525,35.7797867391393 -81.112143187162,35.7793667381767 -81.1119141860831,35.7792047378053 -81.1118801859205,35.7791737377396 -81.1095051742756,35.7765917325128 -81.1080311679658,35.777498733065 -81.1070431637713,35.7781067334381 -81.1065571617187,35.7784067336239 -81.1064511612892,35.7785097337215 -81.106400161129,35.7786597339213 -81.1064071611775,35.7786967339815 -81.1063291611628,35.7794227350421 -81.1062211610082,35.7801297360575 -81.1061241609424,35.7809147371978 -81.1060981609294,35.7811337375166 -81.106067160955,35.7814817380289 -81.1059521605802,35.7817667383992 -81.1058211600641,35.7818997385296 -81.1055711590395,35.782065738645 -81.1052131575493,35.7822497387287 -81.1047661556568,35.7824067387228 -81.1043791539914,35.7824847386296 -81.1039991523263,35.7825007384457 -81.1030571482101,35.7825597380196 -81.1028091471522,35.7826217379785 -81.1025571461203,35.7827617380543 -81.1023841454493,35.7829237382072 -81.1020071440497,35.7833797386979 -81.101658142824,35.7839117393209 -81.1014891423246,35.7843277398651 -81.101419142186,35.7846167402691 -81.1014081422968,35.7848917406838 -81.101431143255,35.7863807429741 -81.1014291432562,35.786397742999 -81.1013541431953,35.7868517436531 -81.1012981430679,35.7870477439227 -81.1012121427978,35.787218744138 -81.1011331425292,35.7873397442806 -81.1011151424666,35.7873647443091 -81.1010341421835,35.7874747444338 -81.1009341418159,35.7875787445392 -81.1007431411053,35.787760744715 -81.1004411399755,35.7880327449691 -81.0990261347074,35.7892667461018 -81.0981451314611,35.7900237467929 -81.098097131285,35.7900647468302 -81.0978201302712,35.7903027470481 -81.0965391256177,35.791395748047 -81.0962771246743,35.7916197482526 -81.095722122737,35.7921677488022 -81.095388121558,35.7924697490907 -81.0947401192943,35.7930697496731 -81.0942521175979,35.7935167501052 -81.0938861163321,35.7938517504294 -81.0936971156852,35.7940307506063 -81.0934821149112,35.7941817507264 -81.0932581140977,35.7943277508342 -81.0922441103766,35.7949157512107 -81.0917111084462,35.7952427514373 -81.0913521071324,35.7954407515558 -81.0911551063912,35.7955227515796 -81.0909471055958,35.7955927515792 -81.0902351028275,35.7957717514842 -81.0895911003458,35.7959537514298 -81.0888180973694,35.7961667513566 -81.0880020942546,35.7964127513129 -81.0874170920153,35.7965757512613 -81.0873240916598,35.7966017512532 -81.0870670906835,35.7966797512406 -81.0869530902566,35.796720751245 -81.0867880895168,35.7966467510438 -81.0867290893058,35.7966787510629 -81.0866210889295,35.796747751114 -81.0864280882695,35.7968837512253 -81.0861680874167,35.7971037514327 -81.0861390873213,35.797127751455 -81.0857500860883,35.7974967518279 -81.0855100853425,35.7977367520774 -81.0855020853177,35.7977447520857 -81.0852500845291,35.797987752334 -81.0850280838137,35.7981777525153 -81.0847560829255,35.7983957527146 -81.0841320808827,35.7988797531474 -81.0834810787664,35.7993847536002 -81.0834240785816,35.7994287536396 -81.0831090775635,35.7996727538586 -81.0823720751892,35.800237754363 -81.082230074728,35.8003407544512 -81.0821150743545,35.800423754522 -81.0817430731179,35.8006617547036 -81.0816810729095,35.8006987547297 -81.081601072641,35.8007467547638 -81.0811570711502,35.8010097549481 -81.0807590698072,35.8012347550967 -81.0805360690872,35.8013897552255 -81.0797900667979,35.8020077558137 -81.0794130656575,35.8023277561237 -81.0791050647449,35.8026027563985 -81.0789410642866,35.8027727565821 -81.0788440640551,35.8029087567464 -81.0787760639513,35.8030567569445 -81.078726063964,35.8032457572162 -81.0786950641111,35.8034887575825 -81.0786560644044,35.8038917581964 -81.0786420646907,35.8041997586736 -81.0786450647942,35.8042827588056 -81.0786500649587,35.8044137590142 -81.0786940654573,35.8047097595019 -81.0787980664749,35.8052657604287 -81.078914067567,35.8058497614053 -81.0789570680057,35.8060977618168 -81.0790330688662,35.8066147626677 -81.0792160710587,35.8079767649 -81.0792650717282,35.8084187656191 -81.0792730720918,35.8087237661023 -81.0792630723466,35.8089917665184 -81.0792290724464,35.8092007668299 -81.0791460724523,35.8094927672475 -81.0790380724058,35.8098217677109 -81.0790010723751,35.8099207678481 -81.0789330723215,35.8101047681035 -81.078804072174,35.8104107685207 -81.0787690721342,35.8104937686338 -81.0784090715979,35.8112257696068 -81.0783650715338,35.8113157697267 -81.0781990712684,35.8116327701434 -81.0780910710777,35.8118217703876 -81.0780480710029,35.811897770486 -81.077808070526,35.8122667709485 -81.0777750704599,35.812316771011 -81.0777010703152,35.8124317711556 -81.0776780702695,35.8124667711994 -81.0776450702048,35.8125177712635 -81.0775030699213,35.8127317715306 -81.0772720694198,35.8130417719054 -81.0765600678504,35.8139587730017 -81.0765160677547,35.81401577307 -81.0761170668419,35.814488773621 -81.0758550662209,35.8147767739475 -81.0756800657887,35.81495277414 -81.0754800652315,35.815098774273 -81.0752880646574,35.8152047743469 -81.0744030618815,35.8155757745026 -81.0742640614599,35.8156447745442 -81.0742120613025,35.81567077456 -81.0736280595405,35.8159637747398 -81.0718520542675,35.8168837753366 -81.0711870523544,35.8172607756132 -81.0709170516156,35.8174407757685 -81.0706180508358,35.8176677759847 -81.0703160500681,35.8179097762235 -81.0701720497183,35.8180367763558 -81.0701230495992,35.8180797764005 -81.0700550494332,35.8181387764615 -81.0698280489238,35.8183687767178 -81.069680048618,35.8185377769153 -81.0695620484097,35.8186987771145 -81.0695150483281,35.8187637771953 -81.0691350477088,35.8193157778908 -81.068830047168,35.8197207783891 -81.0686900469058,35.8198947785989 -81.0686140467646,35.8199897787138 -81.0682680461242,35.8204207792347 -81.0672680443142,35.8216677807454 -81.0670090438398,35.8219797811199 -81.0666080430779,35.8224377816605 -81.0664010426706,35.8226617819199 -81.0661470421867,35.8229457822531 -81.0659390417682,35.8231607824982 -81.0658940416772,35.8232067825503 -81.0653500405933,35.8237687831916 -81.0648890396699,35.8242337837178 -81.0648140395253,35.8243127838089 -81.0647400393831,35.8243907838989 -81.0646010391475,35.8245587841022 -81.0644530389238,35.8247557843478 -81.0641200385018,35.8252517849852 -81.06326303749,35.8265547866709 -81.0630840373202,35.8268507870617 -81.0629450373008,35.8271557874857 -81.0627550373734,35.8276377881698 -81.0625540374862,35.8281687889277 -81.0624880375728,35.828375789229 -81.062424037729,35.8286247895986 -81.0623820379144,35.8288437899303 -81.0623320384009,35.8292827906109 -81.0623220385878,35.8294307908436 -81.0623000389299,35.8297097912807 -81.0622670390738,35.8298797915381 -81.0622270391771,35.8300377917731 -81.0621600392082,35.8302067920133 -81.0618400391717,35.8308857929557 -81.0616840392612,35.8312857935262 -81.0611070400909,35.8330777961396 -81.0609900402402,35.8334247966438 -81.0609150403636,35.8336647969953 -81.0607640405685,35.8341177976545 -81.0605540409154,35.8347847986313 -81.0605100409785,35.8349177988252 -81.0604490410736,35.8351067991014 -81.057117036855,35.8390698039962 -81.0521360316929,35.8449928114038 -81.0480720284995,35.8498258175304 -81.0480430284791,35.8498598175736 -81.0474950281273,35.8505158184124 -81.0447710265415,35.8537318225288 -81.044619026468,35.853912822762 -81.0437460261174,35.8549768241434 -81.0435780260496,35.8551788244051 -81.0434390260002,35.8553488246264 -81.0416480253237,35.8574688273706 -81.0413370252556,35.8578528278746 -81.0413100253323,35.8579278279868 -81.0412770254228,35.8580178281212 -81.0408500266476,35.8592028298952 -81.0406820271374,35.8596698305949 -81.0403770280684,35.8605338318926 -81.0398590296689,35.8619968340915 -81.0395650305882,35.862824835337 -81.038642033549,35.8654248392538 -81.0363040414843,35.8719798491647 -81.035963042697,35.8729338506116 -81.0347380472164,35.8763788558491 -81.0346750474601,35.8765588561235 -81.0336960511952,35.8792998603011 -81.0334630521125,35.8799568613045 -81.029947066733,35.889831876451 -81.02989806694,35.889965876657 -81.0298910669783,35.8899888766928 -81.0298460671911,35.8901218768985 -81.0272260791315,35.8974628882434 -81.0263820831831,35.8998338919238 -81.0237580963472,35.9071939033947 -81.0234690978602,35.9080079046681 -81.022026105558,35.9120639110259 -81.021693107395,35.9130089125113 -81.0208341120819,35.9153979162666 -81.0205261138064,35.9162629176291 -81.0195921191387,35.9188969217854 -81.0192641211057,35.9198489232926 -81.0185171253511,35.9219019265355 -81.0163591383186,35.927950936136 -81.0140331529922,35.934476946549 -81.0109361736207,35.9431639604983 -81.0087911886132,35.9491699702006 -81.0078971950329,35.9516709742548 -81.0078361954839,35.9518449745375 -81.0055392125136,35.9582849850183 -81.005472215986,35.9595279871289 -81.0053252238568,35.9623399919057 -81.0049982402712,35.968183001832 -81.0048082497337,35.9715370075327 -81.0047672518169,35.9722740087858 -81.0047582523117,35.9724490090835 -81.0047372533781,35.9728260097246 -81.0047342534828,35.9728630097873 -81.0047202542354,35.9731290102398 -81.0047202545578,35.9732430104349 -81.0047172548548,35.973348010614 -81.0047102551633,35.9734570107992 -81.0045802610037,35.9755180143017 -81.0040452888819,35.9853050309616 -81.0040362899113,35.9856660315783 -81.004023291349,35.9861700324392 -81.0036633079294,35.9919400422642 -81.0036403100885,35.9926930435506 -81.0033983217617,35.9967350504399 -81.004702328099,35.9992450549254 -81.0047253282398,35.9993000550228 -81.0054473280205,36.0006910549848 -81.0069333196787,36.0035450495242 -81.011059293988,36.0114940328162 -81.0116662899571,36.0126440302137 -81.0130922800665,36.0153860238272 -81.0132632788509,36.0157150230433 -81.0134222777176,36.016020022313 -81.0165652541964,36.0220550071947 -81.0167752525538,36.022457006142 -81.0168572518756,36.022625005704 -81.0179152433641,36.0246740002469 -81.0195012302746,36.0277089918813 -81.0201452247298,36.028964988335 -81.0246461840098,36.0375929624181 -81.0251701789773,36.0386009592221 -81.0273121577924,36.0427229457848 -81.0288311421624,36.0456499358856 -81.0240761531818,36.0468269395113 -81.0235241544999,36.0469639399556 -81.0203111623394,36.0477609426438 -81.019301164864,36.0480109435257 -81.0187991661493,36.0481289439852 -81.015190175427,36.0490289472893 -81.0111021863881,36.0500419513092 -81.006178200207,36.0512589565267 -80.9974442137056,36.053420956978 -80.9893941991381,36.0554149361575 -80.9893631990848,36.055421936079 -80.9876581960974,36.0558439317055 -80.9814611855256,36.0573769159155 -80.9803791837215,36.0576469131717 -80.979683182566,36.0578219114074 -80.9772941786676,36.0584079053899 -80.9756731760561,36.058807901317 -80.975660176042,36.0588069012909 -80.9753341756808,36.0587869006266 -80.9749941753056,36.0587648999355 -80.9746541749284,36.0587438992427 -80.9743141745525,36.0587218985513 -80.9739751741774,36.0586998978619 -80.9736351737992,36.0586788971687 -80.9732951734223,36.0586568964769 -80.9729551730434,36.0586358957835 -80.9726161726669,36.0586138950936 -80.9722761722889,36.0585918944014 -80.971936171909,36.0585708937076 -80.9715971715315,36.0585488930173 -80.9714301713457,36.0585378926775 -80.970366170155,36.0584708905068 -80.9617831604333,36.0579258729581 -80.9597011580282,36.0578048686735 -80.9553981530514,36.0575268598423 -80.9542041516713,36.0574398574014 -80.9534601508,36.0573938558686 -80.9531551504425,36.0573748552402 -80.9509261478247,36.0572328506491 -80.9491681457496,36.0571208470242 -80.9488351453563,36.0570988463382 -80.9484901449331,36.0570918456069 -80.9481441445077,36.0570858448721 -80.9477991440843,36.0570788441408 -80.9474541436609,36.0570718434093 -80.9471081432351,36.0570658426744 -80.9469071429883,36.0570618422482 -80.9468151428726,36.0570628420494 -80.9422091372521,36.0569128323497 -80.9384801326354,36.0568498244173 -80.9345671277597,36.0568138160538 -80.9343451274702,36.0568318155557 -80.9340611271002,36.0568548149186 -80.933638126599,36.0568088140636 -80.9334511263813,36.0567818136934 -80.9310001233284,36.0567468084668 -80.9154351038698,36.0564037753632 -80.9116970991568,36.0563477673737 -80.9108440980808,36.0563237655609 -80.9014760862071,36.0561067455874 -80.9006090851037,36.0560887437353 -80.8975380811894,36.0560247371728 -80.8970090805135,36.0560107360446 -80.8925770748443,36.0559147265698 -80.8924280746534,36.055911726251 -80.892327074524,36.0559097260348 -80.8886130697567,36.0558287180895 -80.8885670696985,36.0558297179895 -80.8883540694245,36.0558247175339 -80.8882130692432,36.0558217172321 -80.8879750689368,36.0558157167234 -80.8860600664738,36.0557777126213 -80.8858640662215,36.0557737122015 -80.8856810659847,36.0557677118112 -80.8854080656334,36.0557627112259 -80.8821780614872,36.0557287042816 -80.8815890607264,36.0557157030199 -80.8815580614037,36.0568957021048 -80.8815050625531,36.0588927005564 -80.8814900628292,36.0593757001775 -80.8814600635564,36.0606266992155 -80.8813890651224,36.0633226971312 -80.8813620657323,36.0643676963253 -80.8813610658029,36.0644846962393 -80.8813580659711,36.0647646960323 -80.8813550661332,36.0650346958324 -80.8813500664684,36.0655906954233 -80.8813470666343,36.0658666952192 -80.8813440667996,36.0661416950159 -80.8813410669656,36.0664176948118 -80.8813380671316,36.0666936946077 -80.8813350672977,36.0669696944036 -80.8813310674628,36.0672456941975 -80.8813270677094,36.0676546938961 -80.8813230678943,36.0679626936671 -80.8813190680761,36.0682656934417 -80.8812930681371,36.0684066932874 -80.8813020684465,36.0688966929547 -80.8813040684975,36.0689766929014 -80.8813030685407,36.0690486928478 -80.881295068927,36.0696906923714 -80.8812770691292,36.070047692079 -80.8812600696834,36.0709756913797 -80.8812520699459,36.071414691049 -80.8812560699655,36.0714406910386 -80.881251070036,36.071562690941 -80.881250070064,36.0716096909054 -80.8812470701338,36.0717276908148 -80.8812360703176,36.072042690567 -80.8812190706059,36.0725356901798 -80.8812120707123,36.0727186900347 -80.8812020708828,36.0730096898063 -80.8811830711984,36.0735486893824 -80.8811450718342,36.0746316885316 -80.8811300719396,36.0748226883651 -80.8811180720174,36.0749646882396 -80.8811060721008,36.0751156881078 -80.8810960721699,36.0752406879985 -80.8810610724025,36.0756626876273 -80.8810460725056,36.0758486874647 -80.8810400726526,36.0760936872777 -80.8810360727418,36.0762426871634 -80.8810330728094,36.0763556870767 -80.8810280729208,36.076541686934 -80.8810250729934,36.0766626868416 -80.8810220730735,36.0767956867407 -80.8810140732627,36.0771106864999 -80.8809930734997,36.0775186861672 -80.8809820735614,36.0776316860649 -80.880921073945,36.0783226854519 -80.8808320745062,36.079327684561 -80.8807760748612,36.0799596840016 -80.8807000753547,36.0808316832331 -80.8806490756749,36.0813966827324 -80.8805150765565,36.0829346813812 -80.8804950766911,36.0831676811774 -80.8804970773178,36.0841566804793 -80.8804970777005,36.0847616800499 -80.8804940784678,36.0859776791813 -80.8804880789054,36.0866746786753 -80.8804840792664,36.0872486782604 -80.8804830792969,36.0872976782238 -80.8804790795485,36.0876986779317 -80.8804780796569,36.0878706778078 -80.8804720800988,36.0885736772978 -80.8804670804691,36.0891626768705 -80.8804630807692,36.0896396765247 -80.8804590811055,36.0901736761384 -80.8804560812618,36.0904226759562 -80.8804520815849,36.090935675585 -80.8804450817573,36.0912126753755 -80.8803910829188,36.0930796739522 -80.8803540834864,36.0939956732354 -80.88032608399,36.094803672612 -80.8803010842957,36.0952976722167 -80.8802800846371,36.0958446717914 -80.8802250854964,36.0972186707199 -80.8801670863258,36.0985416696803 -80.8800600873521,36.1001836683299 -80.8798910891201,36.1029786660611 -80.8798290897423,36.1039546652656 -80.8796840911749,36.1061856634454 -80.8796640913882,36.1065156631791 -80.8796310917483,36.1070716627319 -80.8795760922736,36.10788066207 -80.8793580943933,36.111113659435 -80.8792970949959,36.1120236586962 -80.8792310957147,36.1131046578304 -80.8792020960422,36.1135956574393 -80.8791410967347,36.1146306566157 -80.8791300968595,36.1148166564678 -80.8791150970201,36.1150556562763 -80.879074097483,36.115743655729 -80.8790350979002,36.1163616552342 -80.8789830984549,36.1171806545787 -80.8789550987618,36.1176326542184 -80.8789030993123,36.1184406535717 -80.8788550998303,36.1191986529669 -80.8788291001139,36.1196126526372 -80.8788051003948,36.1200226523136 -80.8787661008011,36.1206126518412 -80.878684101711,36.1219306507955 -80.878600102588,36.1231916497879 -80.8784741039058,36.1250726482873 -80.8784181045148,36.1259376476016 -80.878400104668,36.126152647425 -80.8783941048687,36.1264436472145 -80.878380105076,36.1267396469881 -80.8783671052565,36.1269966467904 -80.8783321057084,36.1276376462935 -80.8782571066216,36.128925645289 -80.8781561078494,36.1306466439483 -80.8781021085138,36.131573643228 -80.8780801088089,36.1319856429111 -80.8780491092112,36.132545642479 -80.8780381093592,36.1327516423207 -80.8780041098175,36.1333886418316 -80.8779221109093,36.1348996406709 -80.877876111526,36.135749640019 -80.8778471118763,36.1362286396475 -80.8778321120912,36.1365246394223 -80.877809112399,36.136946639099 -80.8777791128058,36.1375036386731 -80.8777631129882,36.1377506384804 -80.8777211135645,36.1385376378798 -80.8776441145568,36.1398826368473 -80.8776161149194,36.1403726364717 -80.8775841152982,36.1408806360782 -80.8775721154583,36.1410966359134 -80.8775601156052,36.1412936357615 -80.8775531157121,36.1414386356523 -80.8775441157742,36.1415176355855 -80.8775241160537,36.1418946352993 -80.8775051162928,36.1422146350536 -80.8774861164934,36.1424796348456 -80.8774781165959,36.1426166347406 -80.8774161173868,36.1436716339327 -80.8773011187957,36.1455346325011 -80.8772411196261,36.1466356316677 -80.8772231198835,36.1469766314106 -80.8771011215539,36.1491736297486 -80.8768541249939,36.1536486263797 -80.8766511291893,36.1591656223811 -80.8766391294381,36.159490622146 -80.8766191298976,36.1600936217131 -80.8766071301636,36.1604416214627 -80.8766021302832,36.1605986213503 -80.876600130337,36.1606696212998 -80.8765971303862,36.1607326212534 -80.8765931304749,36.16084862117 -80.876575130842,36.1613256208251 -80.8765391316326,36.1623556200845 -80.8765191320607,36.1629116196842 -80.8765101322788,36.1631966194807 -80.8764941326424,36.1636696191417 -80.8764841328818,36.1639816189188 -80.8764651333043,36.1645296185257 -80.8764281339996,36.1654196178802 -80.8764091343149,36.1658186175882 -80.8764061344289,36.1659696174827 -80.876319136046,36.1680266159921 -80.8762671371771,36.1694756149549 -80.8761961387623,36.1715016135088 -80.8760971407005,36.1739416117551 -80.876048141777,36.1753026107857 -80.8759821432474,36.1771566094679 -80.8759521438749,36.1779416089083 -80.8758751455887,36.1800886073853 -80.8758561460166,36.1806236070065 -80.875849146155,36.1807946068844 -80.8758351464691,36.1811866066069 -80.8758071469132,36.1817216062188 -80.875800147026,36.1818576061203 -80.8757791473513,36.1822476058369 -80.8757461478753,36.1828766053812 -80.8756771489716,36.1841886044315 -80.8756141499771,36.185387603565 -80.8755901503665,36.1858516032304 -80.8755721506776,36.1862246029629 -80.8755611508335,36.1864066028302 -80.8755471509327,36.1865056027497 -80.8755341510265,36.1865996026737 -80.8754251518319,36.1874106020216 -80.8754021524882,36.1882276014542 -80.8753851529552,36.1888066010516 -80.875362153628,36.1896436004714 -80.8753131543524,36.1904825998645 -80.8753031547953,36.1910445994809 -80.8752861554633,36.1918865989044 -80.8752651563519,36.1930095981375 -80.8751591576626,36.1944665970674 -80.8751461578241,36.1946455969362 -80.8750811592356,36.1963335957548 -80.8750501597425,36.1969175953385 -80.8749861605923,36.1978615946534 -80.8749451611452,36.1984755942089 -80.874925161428,36.1987915939813 -80.8748701620281,36.1994265935107 -80.8747721632562,36.2007595925407 -80.8747181640242,36.2016095919309 -80.8746671647432,36.2024015913628 -80.8746541649046,36.2025745912372 -80.8746401651629,36.2028705910297 -80.8746131655316,36.2032725907408 -80.8745671660984,36.2038765903024 -80.8745471663309,36.2041205901242 -80.8745081667673,36.2045735897919 -80.8744751671462,36.2049685895033 -80.8744271676911,36.2055335890902 -80.8744191677757,36.2056195890267 -80.8744031679644,36.2058165888834 -80.8743561692912,36.2073885878106 -80.8743271701271,36.2083785871361 -80.8743081705996,36.2089295867586 -80.8742661715476,36.2100215860072 -80.8742161725652,36.2111755852095 -80.874183173258,36.2119625846669 -80.8741721735843,36.2123465844065 -80.874157174079,36.2129335840099 -80.8740951759832,36.2151745824937 -80.8740731766729,36.2159855819459 -80.8740671768257,36.2161615818261 -80.8740611770248,36.2163965816677 -80.8740491774146,36.2168555813583 -80.8740411776652,36.2171495811599 -80.8740351778552,36.2173725810095 -80.8740241781944,36.2177695807415 -80.8740121785662,36.2182045804481 -80.8740071786974,36.2183555803456 -80.8739961790826,36.2188105800399 -80.873989179278,36.2190365798869 -80.8739781796008,36.2194115796337 -80.8739561803004,36.220229579083 -80.8739511804658,36.2204235789525 -80.8739431807052,36.2207015787651 -80.8739221813452,36.2214455782639 -80.8739141816141,36.2217605780524 -80.8738941822462,36.2224965775575 -80.8738921822941,36.2225505775209 -80.8738791827137,36.2230395771924 -80.8738771827616,36.2230935771558 -80.8738741828618,36.2232105770773 -80.8738671830758,36.2234585769105 -80.873860183301,36.2237205767346 -80.8738501836203,36.2240915764855 -80.8738411838905,36.2244035762757 -80.873839183963,36.2244885762188 -80.8738371840283,36.2245645761679 -80.8738091848956,36.2255675754943 -80.8737771858984,36.2267265747169 -80.873755186608,36.227547574167 -80.8737231871364,36.2281035737833 -80.8736461883052,36.2293075729485 -80.8736281885826,36.2295935727506 -80.8735931891251,36.2301525723642 -80.8735571896713,36.2307115719774 -80.8735451898589,36.2309045718443 -80.87353918995,36.23099757178 -80.8735221902157,36.2312705715917 -80.87350419049,36.2315505713983 -80.8734721909904,36.2320635710449 -80.8734151918751,36.232966570423 -80.8733791924261,36.233525570038 -80.8733321931494,36.2342585695338 -80.8732961937193,36.2348385691361 -80.8732831939162,36.2350365689999 -80.873227194781,36.2359085684016 -80.8732211948912,36.2360235683236 -80.8732031951687,36.2363025681323 -80.8728551963775,36.2365205677834 -80.8725091975831,36.2367375674377 -80.8723131982677,36.2368605672423 -80.872160198802,36.2369555670908 -80.8718511998657,36.2371265667988 -80.871542200932,36.2372975665076 -80.8712332020007,36.2374685662174 -80.8709392030107,36.2376205659489 -80.8706442040267,36.2377735656799 -80.8703502050409,36.2379255654128 -80.8700562060581,36.238078565146 -80.8697612070795,36.2382305648799 -80.8694672081,36.2383825646152 -80.8690902093848,36.2385475642951 -80.8687142106685,36.2387115639774 -80.86810521271,36.2389295634937 -80.8678712134749,36.2389905633221 -80.8676272142735,36.2390545631432 -80.8672372155117,36.239114562883 -80.8668302167767,36.2391475626295 -80.8664232180434,36.2391815623756 -80.8660262192969,36.2392325621176 -80.8656282205544,36.2392835618595 -80.8652312218108,36.2393355616018 -80.8648542230134,36.2393935613524 -80.8644762242191,36.2394505611033 -80.8640992254238,36.2395085608547 -80.8636922267279,36.2395735605853 -80.8633712277778,36.2396445603621 -80.8630192289305,36.2397225601177 -80.8626682300813,36.2398005598744 -80.8623172312324,36.2398775596321 -80.8619652323889,36.2399555593891 -80.8614832339263,36.2400175590816 -80.861001235465,36.2400795587746 -80.860539236943,36.24014055848 -80.8600772384223,36.2402015581859 -80.8595812400383,36.2402905578582 -80.8590862416534,36.2403795575319 -80.858697242939,36.2404625572692 -80.8583082442261,36.2405455570069 -80.8579012455548,36.2406155567419 -80.8574952468806,36.2406845564785 -80.8570862481898,36.2407305562255 -80.8566782494955,36.2407755559738 -80.8562692508065,36.2408215557215 -80.8559012519681,36.2408475555024 -80.8555322531344,36.2408745552823 -80.8551642542982,36.2409015550631 -80.8547922554636,36.2409195548461 -80.854420256628,36.2409365546297 -80.854048257794,36.240954554413 -80.8535792592396,36.2409575541493 -80.853109260687,36.2409595538856 -80.8529802610734,36.2409515538173 -80.8528502614602,36.2409415537493 -80.8524712625904,36.2409145535499 -80.8520082639234,36.2408455533229 -80.8519322641543,36.2408435532812 -80.8512502661527,36.2407705529326 -80.8509032672127,36.2407665527399 -80.8505572682695,36.2407625525476 -80.8501212696173,36.2407695523 -80.8497312708592,36.2408025520666 -80.8491542727336,36.2408775517103 -80.8487852740203,36.2409885514553 -80.8484462752082,36.2410935512204 -80.8480502766333,36.2412415509358 -80.8480132767529,36.2412455509135 -80.8479082771001,36.2412625508478 -80.8477462776624,36.2413075507385 -80.8473732789956,36.2414375504759 -80.8470512801423,36.2415455502518 -80.8469332805905,36.2416045501616 -80.8468452809222,36.2416465500953 -80.8468112810515,36.2416635500693 -80.8466002818865,36.2417915498993 -80.8463932826933,36.2419075497368 -80.8461832835119,36.2420245495728 -80.8460812839029,36.2420765494952 -80.845899284606,36.2421725493557 -80.8457492851671,36.2422385492464 -80.8455592858746,36.2423195491092 -80.8453742865747,36.242405548973 -80.8451302874823,36.2425075487983 -80.8447912887973,36.2426845485423 -80.8445582896767,36.2427885483739 -80.8443112905934,36.2428875482004 -80.8434582936602,36.2431575476323 -80.8430822949837,36.2432555473913 -80.8418112995377,36.243630546565 -80.8415803003382,36.2436795464228 -80.841267301479,36.2437815462173 -80.8410873021378,36.2438415460989 -80.8407643033156,36.2439455458882 -80.8404763044193,36.2440715456887 -80.8401623055372,36.2441535454919 -80.8396883072783,36.2443095451842 -80.8393533084657,36.2443915449775 -80.8389953097141,36.2444655447619 -80.8385833111505,36.2445495445148 -80.8382033124565,36.2446145442917 -80.8378543136297,36.2446575440929 -80.8375133147717,36.2446965438999 -80.8370833161991,36.2447375436596 -80.8367763172449,36.244782543483 -80.8364233184486,36.2448345432802 -80.8360263198512,36.2449215430431 -80.8356253213473,36.2450555427895 -80.835201322919,36.2451895425247 -80.8349573238807,36.2452995423623 -80.8346113252653,36.2454665421294 -80.8343153264987,36.2456365419226 -80.8340213276745,36.2457755417272 -80.8336643291365,36.2459625414853 -80.8333033306231,36.246154541241 -80.8331653311846,36.2462235411492 -80.8330023318545,36.24630854104 -80.8327673328591,36.2464525408766 -80.8323273347361,36.2467175405736 -80.8318053369161,36.2470015402255 -80.8312783392121,36.2473375398626 -80.830865340988,36.2475845395849 -80.8305993420674,36.2477065394174 -80.8301593438511,36.2479055391422 -80.8298093452212,36.2480355389321 -80.8295363463182,36.2481515387649 -80.8291933477045,36.2483005385546 -80.8288983489206,36.2484405383714 -80.8285713502353,36.2485765381741 -80.8281763518313,36.2487435379361 -80.8280833522218,36.2487905378782 -80.827087356273,36.2492175372825 -80.8267593575839,36.2493435370915 -80.8264943587017,36.2494755369304 -80.8261203602052,36.2496215367136 -80.8256753619577,36.2497745364619 -80.8252223637281,36.2499215362089 -80.8249493647776,36.2500025360764 -80.824636365881,36.2500705361506 -80.8244003667027,36.2501125361763 -80.8240043680525,36.2501565361324 -80.8235253696697,36.2501955360327 -80.823210370717,36.2502065359186 -80.8228963717611,36.2502175358052 -80.8226283726398,36.2502155356705 -80.822353373548,36.2502195355525 -80.8220933743993,36.2502165354183 -80.8218493751848,36.2502015352514 -80.8215583761456,36.2502055351258 -80.8213203769311,36.2502085350221 -80.821251377159,36.2502095349925 -80.8209983780114,36.2502285349354 -80.820837378557,36.250243534909 -80.8207703787838,36.2502495348972 -80.820515379656,36.2502805348799 -80.8203683801589,36.2502985348705 -80.8201203810058,36.2503275348502 -80.8196923824444,36.2503565347445 -80.8193863834842,36.2503875347039 -80.8190423846456,36.2504155346354 -80.8187213857391,36.2504505346019 -80.818401386815,36.2504725345249 -80.818269387273,36.2504945345373 -80.8178463888028,36.2506215347699 -80.8174803901057,36.250712534908 -80.8171383913858,36.2508545352329 -80.8168723923634,36.2509485354303 -80.8165043937619,36.2511205358485 -80.8161763949806,36.2512485361359 -80.8159003960109,36.2513605363936 -80.8155713972802,36.2515315368311 -80.815218398635,36.25170853728 -80.8149503996918,36.2518685377106 -80.8146864007519,36.2520435381962 -80.8144294017791,36.2522095386551 -80.8141954027065,36.2523535390494 -80.8139864035166,36.2524655393448 -80.8137584044167,36.2526025397193 -80.8135384052432,36.2526965399489 -80.8133334060182,36.2527885401787 -80.8130484071079,36.2529275405377 -80.8127864080911,36.2530385408104 -80.8124454093715,36.2531835411684 -80.812188410323,36.2532805413964 -80.8119834110717,36.2533485415459 -80.8115674126206,36.2535135419454 -80.8113684133693,36.253599542162 -80.8111274142781,36.2537055424316 -80.8108814151924,36.2538015426646 -80.8106694159575,36.2538635427931 -80.8103034172795,36.2539715430192 -80.8099364186048,36.2540795432461 -80.809508420113,36.2541715433922 -80.8090804216223,36.254264543543 -80.8087124228981,36.2543245436029 -80.8083554240872,36.2543385435045 -80.8080084251938,36.2543075432501 -80.8076274263924,36.2542585429172 -80.8070774280894,36.2541575423274 -80.8067444290762,36.2540595418376 -80.8063934301157,36.2539555413178 -80.8060514311277,36.2538535408078 -80.8057104321375,36.2537525403008 -80.8053404332493,36.2536575398019 -80.8049394344552,36.2535555392636 -80.8045544356118,36.2534565387417 -80.8041694367696,36.2533585382222 -80.8038774376403,36.2532775378033 -80.8034504388644,36.2531145370277 -80.8030624399417,36.2529345362052 -80.8025874412917,36.2527425352987 -80.8022544422112,36.2525835345726 -80.8020234428163,36.2524435339594 -80.8018254433097,36.2523005333491 -80.8016974435795,36.2521635327912 -80.8016054436991,36.2519975321429 -80.8015074436963,36.2517025310195 -80.8014604435644,36.2514425300467 -80.8012664436964,36.2509835282767 -80.8010974440018,36.250756527366 -80.8010104441027,36.2505885267093 -80.8008714443448,36.2503935259283 -80.8005704449165,36.2500145243933 -80.8003584449355,36.2497355242336 -80.8001274451765,36.2495305241252 -80.7996604459188,36.2492195239024 -80.7993324463813,36.2489795237446 -80.7990374467836,36.2487595236015 -80.7986174474053,36.2484675233958 -80.7983164480377,36.2483325232471 -80.7979644488542,36.2482055230723 -80.7977194494017,36.2481095229502 -80.7973764502139,36.2479935227787 -80.7971664507983,36.2479565226737 -80.796989451343,36.2479455225853 -80.796700452344,36.2479705224415 -80.7964834531876,36.2480245223341 -80.7961194546914,36.2481485221551 -80.7958194559528,36.2482585220083 -80.7955384571435,36.2483645218714 -80.7952984581602,36.2484545217548 -80.7949334597192,36.2485955215784 -80.7945374615435,36.2487975213896 -80.7942284629253,36.2489385212427 -80.7939064644104,36.249101521091 -80.7935064662279,36.2492925209033 -80.7930854681526,36.2494965207073 -80.792637470116,36.2496805204988 -80.7922504718099,36.2498375203197 -80.7917744738084,36.2499985201028 -80.7913884751985,36.2501085203365 -80.7909674767179,36.2502315206045 -80.7905554782033,36.250350520863 -80.7902784792263,36.2504525211218 -80.7898854806582,36.2505795214227 -80.789548481917,36.2507165217898 -80.7891234834497,36.2508395220632 -80.7889254841965,36.2509265223055 -80.7881444870969,36.2512285231072 -80.7878964880313,36.2513365234101 -80.7875794891936,36.251445523686 -80.7872424904283,36.2515605239771 -80.7869044916674,36.2516765242728 -80.7865684928966,36.2517895245589 -80.7864874931949,36.2518185246349 -80.7862324941346,36.2519105248773 -80.7858934953726,36.2520225251606 -80.7855874965132,36.2521445254988 -80.7852814976538,36.2522665258381 -80.785098498336,36.2523395260418 -80.7849744987988,36.2523895261821 -80.7846684999394,36.2525115265237 -80.784320501259,36.252670526993 -80.7839715025819,36.2528295274636 -80.7836355039074,36.2530295281027 -80.783298505235,36.2532285287395 -80.7830795061196,36.253377529232 -80.7830435062644,36.2534015293111 -80.7827455074673,36.25360352998 -80.7824685085856,36.2537915306044 -80.7821925096996,36.2539785312269 -80.7819365107578,36.2541745318948 -80.7816815118138,36.2543715325687 -80.781425512872,36.2545675332398 -80.781170513927,36.2547635339127 -80.7808915150631,36.2549615345855 -80.7806135161959,36.2551595352603 -80.780334517332,36.2553575359364 -80.7800565184649,36.2555555366146 -80.779777519601,36.255753537294 -80.7795925203386,36.2558705376885 -80.7795565204835,36.2558945377702 -80.7792485217095,36.2560875384214 -80.7788205234838,36.2564195395848 -80.7786075244373,36.256648540421 -80.7783785254955,36.2569245414412 -80.7781965264865,36.2572795427979 -80.7781105271541,36.2576275441635 -80.778093527524,36.2579115452978 -80.7780715279215,36.2582055464706 -80.7780995284001,36.2587215485526 -80.7782485285194,36.2592725508159 -80.7782605285308,36.2593185510046 -80.7782955285716,36.2594595515822 -80.778340528615,36.2596325522915 -80.7784175287156,36.2599525536007 -80.7784975288086,36.2602745549181 -80.7785345288097,36.2603855553751 -80.7785875288079,36.2605415560175 -80.7786775288082,36.2608095571201 -80.7787665288108,36.2610765582178 -80.7789045286665,36.2613565593818 -80.7790365285298,36.2616255604988 -80.7792425282349,36.2619715619447 -80.7794265279703,36.2622795632302 -80.7794485279388,36.2623165633845 -80.7795895278432,36.2626495647555 -80.7796705279616,36.262997566168 -80.7797505280832,36.2633455675793 -80.7798465283567,36.2638785697321 -80.7798545287306,36.2642405711782 -80.7798625291045,36.2646025726243 -80.7798955293408,36.2649145738771 -80.7799295295739,36.2652265751299 -80.7799455296926,36.265381575752 -80.7799625298103,36.2655385763822 -80.7799955300466,36.2658505776341 -80.7801215305917,36.266718581123 -80.7801345308994,36.2670355823891 -80.7801465312115,36.2673535836588 -80.7801595315181,36.2676695849207 -80.780141531847,36.2679135858891 -80.7801335319894,36.2680185863058 -80.7801075324607,36.2683675876912 -80.7800345332437,36.2688585896338 -80.779954533948,36.2692575912093 -80.7798295348424,36.2696945929292 -80.7796715358255,36.2701135945732 -80.7794825368432,36.2704715959703 -80.7793885373494,36.2706495966658 -80.7792475381085,36.2709165977098 -80.779063539028,36.2712005988163 -80.7788795399464,36.2714835999204 -80.7786955408659,36.2717676010301 -80.7784175421003,36.2720566021478 -80.7781385433391,36.2723466032719 -80.7778585445017,36.2725646041088 -80.7775785456653,36.2727836049517 -80.7775505457807,36.2728046050325 -80.7772975468312,36.2730016057923 -80.7769675481815,36.2732406067133 -80.7767055492562,36.2734326074552 -80.7764565502736,36.2736116081477 -80.7761025516643,36.2738156089304 -80.7757495530529,36.2740206097194 -80.7754565541821,36.2741696102902 -80.7751635553112,36.2743186108623 -80.7748245565431,36.2744236112519 -80.7744865577706,36.2745276116386 -80.7741525589706,36.2746186119738 -80.7738195601673,36.2747096123101 -80.7734515614394,36.2747646124965 -80.7730835627114,36.2748196126836 -80.7727255639329,36.2748586128068 -80.7726565641677,36.2748656128285 -80.7723665651565,36.2748966129262 -80.7720075663813,36.27493561305 -80.7715695678461,36.2749566130924 -80.7711145693681,36.2749786131375 -80.7706265710019,36.2750036131919 -80.7702125724077,36.275042613312 -80.7697585739496,36.2750856134452 -80.7695545746554,36.2751166135537 -80.7692895755708,36.2751556136896 -80.7690485763396,36.2751336135748 -80.7687275772488,36.2750006129904 -80.7684505779301,36.2747926120969 -80.7681425786869,36.2745606110983 -80.7678495794075,36.2743406101493 -80.7675565801281,36.2741206091984 -80.7673665806105,36.2739916086377 -80.7671965810426,36.2738766081372 -80.7666145825215,36.2734826064181 -80.7661485836606,36.2731266048663 -80.7658695843416,36.2729126039313 -80.7655915850205,36.2726996029987 -80.7651175862268,36.2723806015907 -80.7647695871415,36.2721726006645 -80.7644345880234,36.2719735997761 -80.7640725889862,36.271767598852 -80.7637105899491,36.2715615979256 -80.7633485909109,36.2713545969927 -80.7630375917525,36.2711905962482 -80.7627275925896,36.271025595498 -80.7624175934267,36.2708605947462 -80.7621075942649,36.2706965939972 -80.7617975951021,36.2705315932423 -80.7614875959402,36.2703675924902 -80.7611755967428,36.2701655915737 -80.7608635975454,36.2699635906553 -80.7605515983491,36.2697625897393 -80.7602395991516,36.269560588817 -80.7598925999872,36.2692845875687 -80.7595716006363,36.2689175859312 -80.7593756009883,36.2686535847579 -80.759180601337,36.2683895835832 -80.7590236015506,36.268116582376 -80.7588666017643,36.2678435811675 -80.758709601979,36.267571579962 -80.7585356022397,36.2672905787127 -80.7583916024549,36.2670575776756 -80.7583616024993,36.2670085774575 -80.7581876027599,36.2667275762052 -80.7581216028772,36.2666375758014 -80.7579696031486,36.2664315748764 -80.7577966034592,36.2661985738287 -80.7577506035406,36.2661355735454 -80.7576576037389,36.2660385731038 -80.7574986040578,36.2658545722695 -80.7572236046595,36.2655815710204 -80.7569526052735,36.2653315698699 -80.7566816058886,36.2650825687217 -80.7563746066166,36.2648285675404 -80.7560676073445,36.2645745663569 -80.7557556081299,36.2643575653308 -80.7554426089174,36.264139564298 -80.7549336102886,36.2638665629701 -80.7546036112231,36.2637305622863 -80.7544696116017,36.2636745620048 -80.7542736121575,36.2635945616011 -80.7537106137873,36.2633945605695 -80.7536116140974,36.2633805604806 -80.7533186150122,36.2633365602062 -80.752937616221,36.2632965599245 -80.7528536164984,36.2632975599055 -80.7523446181814,36.2633055597992 -80.7520516191862,36.263342559881 -80.7517766201285,36.2633765599548 -80.7517306202954,36.263390560004 -80.7513526216631,36.2635025603948 -80.7511986222207,36.263548560556 -80.7510236228941,36.2636365608977 -80.7508286236444,36.2637345612789 -80.7504576250713,36.2639205620035 -80.7501826261825,36.2641065627557 -80.7499076266067,36.264291563515 -80.7496336257594,36.264575564734 -80.7494086253157,36.2650325667269 -80.7493366252424,36.2652395676338 -80.749277625183,36.2654095683783 -80.7491456250486,36.265787570033 -80.7488996245433,36.2662625720967 -80.7485846237299,36.2667195740657 -80.7483026228496,36.2669915752189 -80.7480206219702,36.267262576366 -80.7477386210598,36.2675045773833 -80.7474556201459,36.2677455783945 -80.7471736192392,36.2679875794088 -80.7468906183302,36.2682295804215 -80.7466186174634,36.2684665814129 -80.746345616593,36.2687025823982 -80.7460736157286,36.2689385833824 -80.7458456150382,36.2691645843303 -80.7456186143523,36.2693895852729 -80.7453916136677,36.2696145862143 -80.7451646129846,36.2698395871547 -80.7449596124029,36.2700715881295 -80.7447536118194,36.2703045891074 -80.7445486112403,36.2705365900801 -80.744188610276,36.270985591968 -80.7440206098673,36.2712285929945 -80.7438526094587,36.2714705940157 -80.7436326090487,36.2718905958027 -80.7434646089213,36.2723645978365 -80.7433996090307,36.2726795991985 -80.743335609146,36.2729956005646 -80.7432706092577,36.2733116019301 -80.7432066093729,36.2736266032911 -80.7431476095129,36.2739446046659 -80.7430886096534,36.2742626060405 -80.7430296097943,36.2745806074145 -80.7429706099358,36.2748986087882 -80.7429116100778,36.2752166101615 -80.7428346101358,36.2755256114901 -80.7427566101902,36.2758346128179 -80.7426226102262,36.2763166148846 -80.742457610061,36.2767356166661 -80.7422976098195,36.2770736180943 -80.7421036094301,36.2774026194721 -80.7418096087143,36.2777956210974 -80.741585608103,36.2780396220927 -80.7413626074961,36.2782826230829 -80.7411156067822,36.2785166240254 -80.7408696060753,36.2787516249712 -80.7406206053032,36.2789426257238 -80.7403716045337,36.2791346264797 -80.7401226037642,36.2793256272302 -80.7398736029973,36.2795176279841 -80.7394536015913,36.2797496288554 -80.7390346001933,36.2799826297294 -80.738485598241,36.2801896304466 -80.7380065964564,36.2803046307873 -80.7375945948613,36.2803556308728 -80.7372815936066,36.2803606307921 -80.7369675922769,36.2803106304742 -80.7366855910046,36.2802056299307 -80.7363625894443,36.2800066289704 -80.7360395878821,36.2798076280116 -80.7357355863937,36.2796076270559 -80.7354325849089,36.2794086261061 -80.7351295834212,36.2792086251533 -80.7346985813121,36.2789316238323 -80.7344505801041,36.2787776230965 -80.7342025788964,36.2786246223656 -80.7337745768098,36.2783606211066 -80.7336095760043,36.2782586206209 -80.7335235755564,36.278184620279 -80.7332745743126,36.2780106194614 -80.7329865728728,36.2778096185181 -80.7326995714341,36.277607617572 -80.7324455701012,36.2773856165518 -80.732276569075,36.2771356154385 -80.7322635689828,36.2771066153114 -80.7321565681444,36.2768096140172 -80.7320665674099,36.2765386128391 -80.7320725670655,36.2762666116844 -80.7320685668281,36.2761036109902 -80.7321315668389,36.275921610234 -80.7322665670622,36.2756786092381 -80.7322835670898,36.2756476091109 -80.7323795672489,36.2754746084013 -80.7325785676201,36.2751456070553 -80.7327255675978,36.2746816051191 -80.7327855673797,36.2743366036656 -80.732844567158,36.2739916022114 -80.7329235670301,36.2736546007959 -80.7330015669002,36.2733185993839 -80.733080566775,36.2729825979715 -80.7331975667582,36.2726095964102 -80.7333155667466,36.272236594848 -80.7333735667673,36.2720725941623 -80.7335785668365,36.2714885917186 -80.7336425668606,36.2713075909609 -80.7337515669493,36.2710345898203 -80.7338605670375,36.2707605886747 -80.7339695671278,36.2704875875328 -80.7340795672232,36.2702145863905 -80.7341885673138,36.2699405852431 -80.7342975674013,36.2696635840822 -80.7344055674841,36.2693855829161 -80.7344885674102,36.2690675815732 -80.7345495673283,36.2688125804947 -80.7345675670916,36.2685765794887 -80.7345465667445,36.2683805786459 -80.7345395666278,36.2683145783622 -80.7345125664246,36.268246578066 -80.7344325658216,36.2680445771863 -80.7342805648878,36.2678215762034 -80.7342365646181,36.2677575759214 -80.7341745642793,36.2676985756573 -80.733990563276,36.2675255748833 -80.7339075628617,36.2674765746583 -80.7337195619258,36.2673675741576 -80.7336855617574,36.2673485740701 -80.7333465601303,36.267198573367 -80.7333205600128,36.2671925733366 -80.7327285573215,36.2670445725968 -80.7323925558402,36.2669955723267 -80.7320555543529,36.2669455720525 -80.7314405517361,36.2669265718597 -80.7307815489859,36.2669455718201 -80.7303575472645,36.2669925719418 -80.7302185467025,36.2670095719883 -80.7299335455423,36.2670385720588 -80.7293735434472,36.2672275727541 -80.7289705419999,36.2674055734303 -80.7288645416199,36.2674525736086 -80.728431540049,36.2676305742771 -80.7280425385748,36.267744574683 -80.727642537057,36.26785957509 -80.727242535539,36.267973575492 -80.7269355344183,36.2680915759277 -80.726627533293,36.2682085763584 -80.7262565319978,36.268390577048 -80.7259105307919,36.2685605776911 -80.7255765296581,36.2687445783938 -80.7252675286132,36.2689165790501 -80.724912527325,36.2690525795456 -80.7245575260396,36.2691895800442 -80.7242175247611,36.2692875803824 -80.7238765234793,36.2693855807196 -80.7235355222,36.2694845810603 -80.7231075205671,36.2695895814068 -80.7226795189368,36.2696955817565 -80.7226065186647,36.2697175818323 -80.7225395184148,36.2697375819011 -80.7221175168441,36.269865582342 -80.7217685155465,36.2699715827062 -80.7213225138033,36.270049582933 -80.7210065125231,36.2700745829681 -80.7207425114525,36.2700945829937 -80.7204565102342,36.2700775828617 -80.7201265088277,36.270057582708 -80.7200045083023,36.2700465826363 -80.7199295079788,36.2700395825912 -80.7195335062708,36.2700025823536 -80.7189595036525,36.2698565816298 -80.7185755017727,36.2696765808087 -80.7181924998937,36.2694955799851 -80.71782649798,36.2692475788919 -80.7174604960622,36.2689985777966 -80.7171794945354,36.2687735768186 -80.7168994930094,36.2685475758381 -80.7166184914792,36.2683225748628 -80.7162444895552,36.2680965738667 -80.7158714876332,36.2678705728726 -80.7154984857959,36.2676995721043 -80.7151254839553,36.2675275713334 -80.7148194824362,36.2673815706821 -80.71451248091,36.2672345700274 -80.7142194794528,36.2670945694048 -80.7138674777636,36.2669655688168 -80.7136644767879,36.2668905684758 -80.7135294761434,36.2668435682608 -80.7130344738489,36.266714567649 -80.712631472085,36.2666745674149 -80.7122734705544,36.2666615672981 -80.7119154690236,36.2666485671814 -80.7109294649695,36.2667115672583 -80.7108324645721,36.266718567269 -80.7100764613915,36.2667225671491 -80.7096984598012,36.2667245670891 -80.7092384577902,36.266681566834 -80.7087794557813,36.2666375665756 -80.708429454223,36.2665885663171 -80.7080784526601,36.2665395660587 -80.7077284510993,36.2664895657969 -80.7073774495354,36.2664405655393 -80.7069874477929,36.2663835652434 -80.7065974460515,36.2663275649519 -80.7062074443095,36.2662715646608 -80.7058174425669,36.2662155643703 -80.7054264408194,36.26615956408 -80.7050784392996,36.2661305639047 -80.7047294377753,36.2661015637293 -80.7043814362532,36.2660715635504 -80.7040324347283,36.2660425633755 -80.7036264329868,36.2660275632462 -80.7032194312391,36.266011563113 -80.7028134294972,36.2659965629839 -80.7023774276759,36.2660085629561 -80.7019414258548,36.2660205629281 -80.7015054240338,36.2660325629 -80.701142422573,36.266073562998 -80.7007784211101,36.2661155630995 -80.7004144196459,36.2661565631967 -80.7000504181821,36.2661975632936 -80.6996924167566,36.2662455634186 -80.6993344153316,36.2662935635431 -80.6989764139071,36.2663415636673 -80.698618412483,36.2663895637912 -80.6979704098138,36.2664255638167 -80.6975644080841,36.26641656371 -80.6971574063483,36.2664065635994 -80.6967514046183,36.2663975634929 -80.6963904030616,36.2663795633595 -80.6960294015066,36.2663625632302 -80.6956683999496,36.2663445630971 -80.6953073983923,36.2663265629642 -80.6947773962204,36.2663615630059 -80.6943763946233,36.2664125631314 -80.6939143928558,36.2665095634224 -80.6934523910896,36.2666065637124 -80.6930333894869,36.2666935639709 -80.6928133886464,36.2667395641075 -80.692613387881,36.2667805642284 -80.6922843866254,36.2668495644328 -80.6921943862823,36.2668685644891 -80.6918393848988,36.2669275646499 -80.6914853835202,36.2669865648105 -80.6911303821379,36.2670455649705 -80.6907243805779,36.2671235651929 -80.6903173790147,36.2672015654145 -80.6899683778103,36.2673385658703 -80.6896193766053,36.2674745663213 -80.6893203756273,36.267618566811 -80.6890213746524,36.2677635673036 -80.6887223736768,36.2679075677915 -80.6884243727085,36.2680525682825 -80.6879973713098,36.2682535689588 -80.6875713699157,36.2684535696297 -80.6872163686421,36.26856256997 -80.6868603673655,36.2686715703092 -80.68643736574,36.2687455705025 -80.6860143641153,36.2688195706951 -80.6855833623227,36.2688255706303 -80.6851533605342,36.2688315705657 -80.6845813579728,36.2687485701393 -80.6840863555858,36.2685925694568 -80.6839253547541,36.2685145691333 -80.6836123531374,36.2683635685077 -80.6833443515444,36.26813156759 -80.6830773499539,36.2678995666739 -80.682858348606,36.2676885658463 -80.6826393472548,36.2674765650161 -80.6824213459087,36.2672655641907 -80.6820963439944,36.2669975631351 -80.681772342084,36.2667305620851 -80.6814933405392,36.2665505613676 -80.6812133389869,36.2663695606472 -80.6809343374393,36.2661895599318 -80.6805373352414,36.2659365589273 -80.6801403330428,36.2656845579286 -80.6798993316074,36.2654835571463 -80.6796573301686,36.2652835563684 -80.6794003285319,36.2650195553533 -80.6791433268934,36.2647555543398 -80.6789363254466,36.2644825533023 -80.6787293239962,36.2642085522624 -80.6785653227752,36.2639575513146 -80.6784003215467,36.263705550364 -80.678235320045,36.2633235489369 -80.6780713185438,36.2629405475076 -80.6779793175644,36.2626605464672 -80.6778883165907,36.2623815454313 -80.6777963156099,36.2621015443922 -80.6776363140284,36.261674542806 -80.6775513128845,36.2613035414357 -80.677465311746,36.2609375400842 -80.6774623109425,36.2605615387062 -80.6774603101432,36.2601855373283 -80.6774323091961,36.2597925358855 -80.677405308251,36.2593985344392 -80.6773763074841,36.2590935333191 -80.6773473067191,36.2587895322028 -80.6773183059517,36.258484531083 -80.6772243044982,36.2579875292547 -80.6770813029276,36.2575365275918 -80.6770133022696,36.2573645269569 -80.6769513016691,36.2572075263776 -80.6768213004094,36.2568785251644 -80.6766532990233,36.2565685240188 -80.6764842976313,36.2562585228743 -80.6763102963306,36.2560025219278 -80.6761352950242,36.2557465209821 -80.6759612937231,36.2554915200412 -80.6757862924143,36.2552355190975 -80.6755662908094,36.2549335179847 -80.6753452891983,36.2546315168734 -80.6749182860814,36.2540485147319 -80.6745042830599,36.2534865126726 -80.6742692814214,36.2532045116403 -80.674034279781,36.2529225106093 -80.6737722781361,36.2526945097747 -80.6735102764918,36.2524675089451 -80.6731532743789,36.2522185080348 -80.672865272772,36.2520635074677 -80.6725762711616,36.2519095069051 -80.6722722695511,36.2517865064551 -80.6719682679395,36.2516635060058 -80.6716332662029,36.2515465055785 -80.671298264463,36.2514285051484 -80.670916262536,36.2513205047544 -80.6704432601476,36.2511865042668 -80.6701122585123,36.2511095039865 -80.6697812568762,36.2510325037068 -80.669377254989,36.2509885035449 -80.6689742531035,36.2509435033798 -80.6685942514106,36.2509395033617 -80.6683762504401,36.2509375033524 -80.6682142497177,36.2509355033436 -80.6675442468716,36.2509905035325 -80.6671442453349,36.2510955039013 -80.6667442437993,36.2512005042691 -80.6663142422741,36.251368504859 -80.6660272412615,36.2514825052584 -80.6656692399946,36.2516225057479 -80.6653352387557,36.2517275061131 -80.66500223752,36.251831506474 -80.6644232351642,36.2519205067762 -80.6638432327642,36.2519915070139 -80.6632742303932,36.2520535072194 -80.6627992282287,36.2520245071072 -80.662323226057,36.2519945069918 -80.6619452243364,36.2519725069067 -80.6615662226112,36.2519505068218 -80.6611872208857,36.2519285067371 -80.6608092191644,36.2519065066526 -80.6604302174384,36.2518845065682 -80.6600512157123,36.251862506484 -80.6596642139717,36.2518495064311 -80.6592772122309,36.2518365063783 -80.65889021049,36.2518235063256 -80.6585022087445,36.251810506273 -80.6581082070079,36.2518125062723 -80.6577132052693,36.2518155062749 -80.6573182035283,36.2518175062741 -80.6569162018446,36.2518565064005 -80.6565152001633,36.2518945065231 -80.6561131984805,36.2519335066489 -80.6556281964939,36.2519985068616 -80.6551431945105,36.2520645070771 -80.654704192859,36.2521835074743 -80.654265191209,36.2523025078702 -80.6539401900415,36.2524125082374 -80.6536141888705,36.2525225086037 -80.6532881877005,36.2526325089693 -80.6529011864724,36.2528285096246 -80.652514185244,36.253023510275 -80.6521331841468,36.2532605110663 -80.6517531830541,36.2534965118524 -80.6514251821799,36.2537275126217 -80.6510971813054,36.253957513386 -80.6508121806981,36.2542185142553 -80.6505271800903,36.2544785151197 -80.6502411794827,36.2547395159857 -80.6499761788327,36.254945516666 -80.6497111781866,36.2551525173486 -80.6494461775396,36.2553585180265 -80.6491811768965,36.2555655187067 -80.6489161762525,36.2557715193823 -80.6487191759141,36.2559805200712 -80.6484401754368,36.2562765210454 -80.6480681748949,36.2567075224631 -80.647885174853,36.2570085234569 -80.6478621748582,36.2570505235957 -80.6477231749038,36.2573095244512 -80.647650175159,36.2575375252077 -80.647605176307,36.2580725269924 -80.6476151776007,36.258570528658 -80.6476011786324,36.2590055301108 -80.6475431794769,36.2594415315623 -80.6475071803014,36.2598315328618 -80.6475331811921,36.2601415339006 -80.647544181561,36.2602695343296 -80.6475871829866,36.2607635359855 -80.6476481840721,36.2610915370892 -80.6477091851571,36.2614195381932 -80.6477691862398,36.2617485393009 -80.6478111873602,36.2621235405605 -80.647852188476,36.2624985418204 -80.6478571898388,36.2630335436109 -80.6477451906155,36.2635335452673 -80.6477031906926,36.2636355456022 -80.6476731907732,36.2637185458753 -80.6476321908422,36.2638155461935 -80.6475291910444,36.2640705470304 -80.6474211912613,36.2643395479127 -80.6473141914807,36.2646075487912 -80.6472041916933,36.2648775496752 -80.6470931918998,36.2651465505552 -80.6469831921115,36.2654155514346 -80.6468731923264,36.2656855523168 -80.6467631925397,36.265954553195 -80.6466521927495,36.2662235540723 -80.6465421929669,36.2664935549525 -80.6464191931758,36.2667815558898 -80.6463091933645,36.2670395567287 -80.646192193565,36.267313557619 -80.646075193764,36.2675865585053 -80.6459591939679,36.267859559391 -80.6458421941711,36.2681335602792 -80.6457251943726,36.2684065611634 -80.6456091945792,36.2686795620472 -80.6454631946534,36.2689495629141 -80.645318194733,36.2692195637804 -80.6451721948094,36.2694895646457 -80.645027194891,36.2697595655103 -80.6448821949738,36.2700295663741 -80.6447361950534,36.2702995672368 -80.6445911951357,36.2705685680956 -80.6444351952321,36.2708605690272 -80.6442791953297,36.2711525699578 -80.6441221954245,36.2714445708871 -80.6438731953746,36.2718285720979 -80.6435561949559,36.2721775731748 -80.6433151945232,36.2723975738425 -80.6429841937944,36.2726465745827 -80.6426081927685,36.2728515751653 -80.6421431913539,36.2730475756946 -80.641565189364,36.2732005760527 -80.641130187735,36.2732645761536 -80.6406951861094,36.2733295762571 -80.6402881845165,36.2733625762627 -80.6398801829172,36.2733945762644 -80.6393781808886,36.2734105761901 -80.6388751788561,36.2734265761153 -80.6385121772721,36.2733935759167 -80.6381491756878,36.2733605757184 -80.6377861741004,36.2733265755171 -80.6374231725154,36.2732935753193 -80.6370601709301,36.2732605751217 -80.6366541690712,36.2731915747976 -80.6362471672047,36.2731215744706 -80.6358401653401,36.2730525741474 -80.6354341634789,36.2729835738251 -80.635078161802,36.27290657349 -80.6347221601244,36.2728295731556 -80.6343961585781,36.2727555728386 -80.6340091567439,36.2726685724658 -80.6336211549046,36.2725815720934 -80.6332411531002,36.2724955717269 -80.6327441507945,36.2724035713138 -80.6322561485465,36.2723195709292 -80.6316851460548,36.272272570643 -80.6313831448154,36.2722765705833 -80.6313681447315,36.2722685705544 -80.6307451422482,36.2723035705157 -80.6305191414582,36.2723565706289 -80.6301791402242,36.2724195707458 -80.6297551386846,36.2724975708893 -80.629468137787,36.2726025711503 -80.6291121366741,36.2727325714724 -80.6288071358258,36.2728815718657 -80.6285031349828,36.2730305722583 -80.6280281338437,36.2733265730676 -80.6276541331721,36.2736395739529 -80.6274251329445,36.2738965746979 -80.6271951327117,36.2741525754382 -80.6270361327639,36.2744055761866 -80.6268781328214,36.2746585769344 -80.626719132873,36.2749105776779 -80.6265871330477,36.2751665784404 -80.6264551332204,36.275421579199 -80.6262961337432,36.27584058046 -80.626183134708,36.2763495820127 -80.6262041360638,36.2768025834286 -80.6262711372506,36.2771285844628 -80.6263031378069,36.2772805849454 -80.6264041390276,36.2775695858751 -80.6265551405486,36.2778935869296 -80.6268081425297,36.2782345880691 -80.6270941444887,36.2785205890489 -80.6272951457554,36.2786825896167 -80.6275141471359,36.2788595902376 -80.6278941493644,36.2791075911321 -80.6282731515891,36.2793565920313 -80.6286541539937,36.279668593131 -80.6288301552442,36.2798635937996 -80.629009156517,36.2800625944825 -80.6293541592943,36.2805645961735 -80.6295511609976,36.2808945972773 -80.6297481626963,36.2812235983793 -80.629945164396,36.2815535994859 -80.6301041657189,36.2818026003254 -80.6302621670339,36.2820506011621 -80.6304211683547,36.2822996020033 -80.6305801696715,36.2825476028421 -80.6307391709901,36.2827966036849 -80.6308971723008,36.2830446045251 -80.6310351736895,36.2833506055424 -80.631173175077,36.2836566065607 -80.6312961763325,36.2839366074921 -80.6314191775844,36.284215608421 -80.631517179132,36.284639609801 -80.6315821806732,36.2851096113153 -80.6315681810737,36.2852766118394 -80.6315421818035,36.2855816127964 -80.6314361821899,36.2858766136905 -80.6313831823929,36.2860276141485 -80.6311561825956,36.2864296153331 -80.6308281823042,36.2867956163618 -80.6304541816894,36.2871086172023 -80.630096180918,36.2873406177911 -80.6296861798425,36.2875356182406 -80.6291531782943,36.2877336186479 -80.6286081765245,36.2878676188471 -80.6282071751136,36.2879266188686 -80.6278381736789,36.2879316187337 -80.6273891717322,36.2878656183441 -80.6270381700999,36.2877746179171 -80.6266871684694,36.2876846174938 -80.6263501667727,36.287551616943 -80.6259761648871,36.2874036163316 -80.6256161631282,36.2872816158077 -80.6252561613681,36.2871596152848 -80.6246711585766,36.2869866145153 -80.624575158094,36.2869496143626 -80.6244101572602,36.2868846140959 -80.6242431564182,36.2868196138287 -80.6238701543726,36.2866166130542 -80.623496152321,36.2864136122809 -80.623334151403,36.2863156119155 -80.6232101506717,36.2862306116052 -80.6229081489891,36.2860586109582 -80.6226141473225,36.2858816103001 -80.6223191456476,36.2857036096396 -80.6220211438765,36.2854966088902 -80.6217221420997,36.2852896081417 -80.6214231403183,36.2850816073915 -80.621079138282,36.2848476065462 -80.6207361362475,36.284613605703 -80.6203921342068,36.2843796048612 -80.6200551321802,36.2841416040116 -80.6197221301817,36.2839086031803 -80.619649129706,36.2838446029589 -80.6192771272191,36.2834976017693 -80.6190651257995,36.2832996010919 -80.6188351242634,36.2830866003634 -80.618606122727,36.2828725996333 -80.6183281206383,36.2825365985176 -80.6180221184348,36.2822005973943 -80.6178021168214,36.2819495965596 -80.6175811152054,36.2816995957287 -80.6173611135889,36.2814485948963 -80.6171411119709,36.2811975940651 -80.6167821095081,36.2808495928968 -80.6164801075709,36.2806035920566 -80.6161791056386,36.2803585912213 -80.6159131040309,36.2801765905881 -80.6156461024179,36.2799945899556 -80.6153351006259,36.2798125893101 -80.6150240988354,36.2796315886687 -80.6146820969654,36.2794665880666 -80.6142900948234,36.2792785873812 -80.6139660931774,36.2791655869423 -80.6136410915233,36.279051586501 -80.6133160898713,36.2789385860633 -80.6129790881667,36.2788245856198 -80.6126410864599,36.2787115851797 -80.6122550845755,36.2786045847435 -80.6118690826929,36.2784985843111 -80.6114830808063,36.2783915838767 -80.6111200790569,36.2782995834943 -80.6107560773027,36.2782075831124 -80.6103930755515,36.2781155827316 -80.610023073765,36.2780215823434 -80.6096540719785,36.2779265819534 -80.609284070187,36.2778315815638 -80.6089150683987,36.2777365811753 -80.6085960667761,36.2776295807673 -80.6082770651496,36.2775215803572 -80.6079580635252,36.2774145799507 -80.6076570619059,36.2772855794861 -80.6073570602896,36.2771565790227 -80.6070560586681,36.2770275785598 -80.6067470569485,36.2768775780345 -80.6064390552318,36.2767275775104 -80.6061300535097,36.2765775769871 -80.6057950516092,36.2764045763908 -80.6054590497031,36.2762315757955 -80.6051240477995,36.2760585752018 -80.6047880458871,36.275884574606 -80.6044530439804,36.2757115740148 -80.6041270420343,36.2755145733583 -80.6039340408802,36.2753975729691 -80.6034770381421,36.275119572047 -80.6031510361908,36.2749225713946 -80.6028470342906,36.2747135707151 -80.6025420323845,36.2745045700367 -80.6022370304768,36.2742955693596 -80.6019330285714,36.2740865686843 -80.6016020261417,36.2737465676303 -80.6013610242908,36.2734735667919 -80.6011210224422,36.2732005659553 -80.6007890197737,36.2727885647028 -80.6003460168158,36.2724315635823 -80.599863013691,36.2720755624586 -80.5993650106452,36.271765561465 -80.5990660089418,36.2716195609832 -80.5987670072372,36.2714735605023 -80.5984230053923,36.2713425600542 -80.5980800035503,36.2712115596074 -80.5976970015408,36.2710805591524 -80.59731399953,36.2709495586985 -80.596931997522,36.2708185582459 -80.5965729956307,36.2706945578191 -80.5962139937351,36.2705695573904 -80.5958549918414,36.2704455569655 -80.5954969899474,36.270320556539 -80.5950189875682,36.2702005561013 -80.5945409851842,36.270079555662 -80.5941709833917,36.2700025553689 -80.5938009816018,36.2699265550792 -80.5932509790338,36.2698425547296 -80.5927929771714,36.2698575546731 -80.5923489756714,36.269965554875 -80.5920029745029,36.2700495550312 -80.5919809744504,36.2700615550594 -80.5918639741654,36.2701235552042 -80.5917389738636,36.2701905553608 -80.591604973541,36.270262555529 -80.5914679733241,36.2703705557949 -80.5910109726093,36.2707325566843 -80.5906749721947,36.2710315574257 -80.5903399717837,36.2713295581623 -80.5900819713981,36.2715375586697 -80.5898229710066,36.2717445591729 -80.5895329704351,36.2719355596241 -80.589241969861,36.2721265600739 -80.5890569694955,36.2722475603581 -80.5889509692885,36.2723175605226 -80.5886029684817,36.2725085609562 -80.58825496768,36.2727005613911 -80.587905966876,36.2728925618243 -80.5875599661362,36.2730995622972 -80.5872139653984,36.2733065627687 -80.5868679646592,36.2735125632358 -80.5865319639196,36.2737055636692 -80.5861959631785,36.2738975640984 -80.5858599624391,36.2740895645262 -80.5855179616902,36.2742855649618 -80.5854849616318,36.2743085650146 -80.5854069614758,36.2743575651252 -80.5849249605314,36.2746655658208 -80.5846259599507,36.2748575662531 -80.5843259593675,36.2750495666839 -80.5841979590587,36.2751135668196 -80.5840319586584,36.2751965669955 -80.5837369579464,36.2753435673058 -80.5834429572397,36.2754905676155 -80.58314795653,36.275637567924 -80.5828539558256,36.2757845682319 -80.5825689552238,36.2759505685916 -80.5822849546309,36.2761175689531 -80.5819759541313,36.2763415694568 -80.5816669536302,36.2765645699564 -80.5813589531385,36.2767885704575 -80.5812069528912,36.2768975707001 -80.5810499526446,36.2770125709568 -80.58074295201,36.2771925713397 -80.5804369513845,36.2773735717243 -80.5800819505302,36.2775455720698 -80.5797279496817,36.2777175724142 -80.5793239485146,36.2778555726536 -80.5789209473531,36.2779935728921 -80.578516946189,36.2781315731291 -80.5781789452804,36.2782655733746 -80.5778409443696,36.2783985736165 -80.5775019434595,36.2785325738598 -80.5771639425511,36.2786655740998 -80.5768329416515,36.2787925743255 -80.5765019407496,36.2789185745477 -80.5761709398522,36.2790455747716 -80.5758399389526,36.279171574992 -80.5755089380575,36.2792985752141 -80.5751769371561,36.2794245754324 -80.5747889360506,36.2795565756474 -80.5743999349425,36.2796885758609 -80.5740109338357,36.2798205760734 -80.5736739328944,36.2799395762683 -80.5733379319582,36.2800585764628 -80.5730009310191,36.280177576656 -80.5727799303825,36.280249576767 -80.5725789298022,36.2803145768664 -80.5723899292564,36.2803755769592 -80.5721559285828,36.2804515770751 -80.5717229273248,36.2805885772793 -80.5712899260648,36.2807245774797 -80.5706889242233,36.2808865776884 -80.5703489231304,36.2809635777688 -80.5700099220423,36.281040577849 -80.5696139206793,36.2811045778769 -80.569218919321,36.2811685779046 -80.5687839177884,36.2812285779084 -80.5683489162564,36.2812885779116 -80.5678519144294,36.2813355778611 -80.567355912607,36.2813825778103 -80.5670009113441,36.2814275778019 -80.5666189099878,36.2814765777938 -80.5662509086809,36.2815235777851 -80.5658799074495,36.2815945778341 -80.5658249072651,36.2816045778401 -80.5655089062188,36.2816655778826 -80.5651369049849,36.2817365779302 -80.5647569037997,36.2818295780284 -80.5643769026119,36.2819215781233 -80.563996901425,36.2820135782176 -80.5636449003659,36.2821095783305 -80.5632918993,36.2822045784399 -80.562939898239,36.2822995785489 -80.5625728971337,36.2823985786617 -80.5621858959714,36.2825035787812 -80.5615718940278,36.2826425789024 -80.5612628929917,36.2826965789243 -80.5610918924153,36.282725578934 -80.5606128908078,36.2828085789651 -80.5602638895985,36.282858578962 -80.5599138883857,36.2829085789582 -80.5595648871773,36.2829585789544 -80.5591848856411,36.2829535788077 -80.5588098841285,36.2829495786652 -80.5587108837405,36.2829515786348 -80.5578818801605,36.2828795781697 -80.5576128788539,36.2828175779273 -80.5574888782499,36.2827885778147 -80.5559318706765,36.2824295764195 -80.5555478689855,36.282388576189 -80.5550748668926,36.2823355758998 -80.5545378647018,36.2823245756872 -80.5541368632862,36.2823745756645 -80.5538248622956,36.2824425757145 -80.5536328617741,36.2825075757991 -80.5534918613924,36.2825555758616 -80.5530048605365,36.2828425763582 -80.5527448604154,36.2830835768259 -80.5522248601859,36.2835675777619 -80.5519468600135,36.2838125782283 -80.551667859839,36.2840575786928 -80.5513898596703,36.2843025791563 -80.5510748592493,36.28451957954 -80.5507608588341,36.2847365799226 -80.5504118580938,36.284904580178 -80.5500628573513,36.2850715804298 -80.5497208564302,36.2851845805595 -80.5495338559279,36.2852465806305 -80.5493788555102,36.2852975806883 -80.5491418547564,36.2853455807079 -80.5489448541266,36.2853845807219 -80.5484988525225,36.2854265806477 -80.5482308514418,36.2854215805342 -80.5480018505156,36.2854165804355 -80.5478828500443,36.2854165803902 -80.5475128482959,36.2853435800838 -80.5471428465505,36.2852715797802 -80.5467638446093,36.2851585793813 -80.5465858436975,36.2851055791943 -80.546384842667,36.2850455789832 -80.5460068407274,36.2849325785865 -80.5456988389824,36.2847985781697 -80.5453688371139,36.2846555777254 -80.5447798337725,36.2843995769333 -80.5447258334678,36.2843765768619 -80.5433958259346,36.2838055751015 -80.5429548234413,36.2836185745265 -80.5426528217289,36.2834895741317 -80.5423178199272,36.2833715737503 -80.5419838181325,36.2832545733722 -80.5416498163366,36.283137572995 -80.5413148145357,36.2830205726182 -80.5409808127377,36.2829035722427 -80.5404788099214,36.2826995716182 -80.5401128078693,36.2825515711658 -80.5397008053207,36.2823255705285 -80.5392878027695,36.2821005698949 -80.5389598005486,36.2818735692882 -80.5387067988344,36.2816985688215 -80.5386307983215,36.2816465686827 -80.5384047966221,36.2814485681766 -80.5381707948613,36.2812435676535 -80.5380797941791,36.281164567452 -80.5377767916655,36.2808415666524 -80.5374747891573,36.2805195658574 -80.5372507871217,36.280237565176 -80.5370277850843,36.2799545644941 -80.5368457829332,36.2796025636784 -80.5366797809617,36.2792795629313 -80.5364747782062,36.2788015618405 -80.5363897765356,36.2784725611081 -80.5363057748642,36.2781425603745 -80.536144770188,36.2771455581888 -80.5360677680502,36.2766935571979 -80.5360207667525,36.2764195565974 -80.5359737654504,36.2761445559951 -80.535926764152,36.2758705553953 -80.5358797628532,36.2755965547957 -80.5358327615541,36.2753225541964 -80.5357677600717,36.2750215535347 -80.5357037585969,36.2747215528759 -80.5356387571175,36.2744215522172 -80.5355747556376,36.2741205515571 -80.5355357542885,36.2738265509188 -80.5354957529349,36.2735325502804 -80.5354997526037,36.2734465500977 -80.5354857522386,36.2733705499318 -80.5354637506435,36.2729985491316 -80.5354617490621,36.2726095483002 -80.5354597475454,36.272236547503 -80.5354717463293,36.2719235468372 -80.5354857450691,36.2715975461441 -80.5354977438613,36.2712865454825 -80.5355397427501,36.2709685448126 -80.5355807416391,36.2706515441443 -80.5356577405088,36.2702925433938 -80.5357347393792,36.2699335426427 -80.5358317386085,36.2696425420408 -80.5359287378386,36.2693515414382 -80.5360257370695,36.2690605408351 -80.5363857349675,36.2681655389883 -80.5365057342702,36.2678675383719 -80.5366807334828,36.2674895375931 -80.5368547326931,36.2671115368128 -80.5369607320208,36.266833536234 -80.5370677313577,36.2665565356569 -80.5371367304423,36.266256535023 -80.5372057295276,36.2659565343886 -80.5372737286092,36.2656565337536 -80.5373007275941,36.2653755331524 -80.537326726575,36.2650945325508 -80.5373527255561,36.2648135319491 -80.5373717242866,36.2644775312276 -80.5373907230214,36.264142530508 -80.5374087217521,36.2638075297881 -80.5374277204832,36.2634715290662 -80.5374217182441,36.2629205278767 -80.5374187173876,36.2627105274233 -80.5373797161162,36.2624355268249 -80.537344714958,36.2621845262789 -80.5372187121034,36.2616085250212 -80.5370377097308,36.2612115241438 -80.5366877059816,36.2606535229023 -80.5365317044649,36.2604435224334 -80.5363477026775,36.2601965218828 -80.5361197006509,36.2599375213027 -80.5358906986143,36.2596775207217 -80.5356216965611,36.2594565202212 -80.5345566888663,36.2586925184883 -80.5341746864423,36.2585025180494 -80.5335786830121,36.2582935175526 -80.5331856809758,36.2582115173444 -80.5327926789428,36.258130517139 -80.5324456772716,36.2580895170224 -80.5320986756001,36.2580485169061 -80.5317986741565,36.2580135168067 -80.5304276681846,36.2580065166738 -80.5304156681326,36.2580065166728 -80.5302466674206,36.2580115166686 -80.5300396665521,36.2580185166654 -80.529655664937,36.2580305166571 -80.5292756633394,36.2580425166491 -80.5288966617462,36.258054516641 -80.5285166601489,36.2580665166329 -80.528156658746,36.2581045166798 -80.5277976573479,36.2581425167265 -80.5270786545485,36.258218516819 -80.5267196531557,36.2582575168668 -80.526360651759,36.2582955169124 -80.5256126487911,36.2583605169776 -80.5252246472281,36.2583885169994 -80.5248376456656,36.258415517019 -80.5244496441033,36.2584435170403 -80.5240686425296,36.258461517042 -80.5230786384464,36.2585095170479 -80.5229246378093,36.2585165170478 -80.5225076360003,36.2585155170076 -80.5220906341914,36.2585145169674 -80.521672632378,36.2585135169271 -80.5212676305446,36.2584945168523 -80.5202586259648,36.2584445166614 -80.5200506250219,36.2584345166229 -80.5196676233255,36.2584255165704 -80.5192816215989,36.2584125165099 -80.5188976198895,36.2584015164535 -80.5185126181755,36.2583905163972 -80.5178836154265,36.2583845163288 -80.516608609764,36.2583515161499 -80.5163976088547,36.2583525161329 -80.5155236050916,36.2583575160639 -80.5148186023157,36.258421516123 -80.5144246007486,36.2584535161484 -80.5140465992424,36.2584835161711 -80.5136695977409,36.2585135161938 -80.5133025961221,36.2585065161469 -80.5129345944989,36.2584995160999 -80.5126055930487,36.2584935160585 -80.5121995912609,36.2584865160081 -80.5118545896934,36.2584695159447 -80.5115095881257,36.2584525158813 -80.5111645865578,36.258435515818 -80.5108195849898,36.2584185157549 -80.5104745834216,36.2584015156919 -80.5101295818533,36.258384515629 -80.5096575798976,36.2584045156236 -80.5091905779594,36.2584235156165 -80.5090145773692,36.2584625156728 -80.5087635765296,36.2585185157535 -80.508584575927,36.2585575158091 -80.5081605749315,36.2587475161201 -80.507316572951,36.2591245167317 -80.5069995722067,36.2592655169586 -80.5066745715179,36.2594265172202 -80.506384570906,36.2595705174534 -80.5063495708305,36.2595875174807 -80.5060245701446,36.2597485177401 -80.5059315698548,36.2597735177758 -80.505635568935,36.2598535178899 -80.5051675671855,36.2599135179488 -80.5047965654754,36.2598885178641 -80.5043725635186,36.2598595177667 -80.504236562776,36.2598245176893 -80.5039755613558,36.2597585175431 -80.5035785591963,36.2596585173221 -80.5031825570356,36.2595575171002 -80.5027955546432,36.2593965167732 -80.5024085522446,36.2592345164456 -80.5020215498488,36.2590735161211 -80.5017065479923,36.2589635158954 -80.5013915461393,36.2588545156721 -80.5009965441245,36.2587865155144 -80.500651542366,36.2587275153779 -80.5003075406112,36.2586685152419 -80.4996185399547,36.2585505154039 -80.49927454079,36.2584905156603 -80.4989305416303,36.2584315159186 -80.4985875424815,36.2583755161815 -80.4982445433287,36.2583185164429 -80.4979025441732,36.2582615167034 -80.4968735467242,36.2580915174918 -80.4962215483507,36.2579855179956 -80.4958025493975,36.25791751832 -80.4954375503111,36.2578585186034 -80.495073551222,36.2577995188861 -80.4947095521335,36.257740519169 -80.4943445530489,36.2576815194533 -80.4939805539615,36.2576225197369 -80.493619554843,36.257558520009 -80.4914565601216,36.2571715216405 -80.4910965609998,36.2571065219123 -80.4907355618863,36.257042522187 -80.4903665627905,36.2569765224672 -80.4900135636655,36.2569155227392 -80.4883555677768,36.2566275240184 -80.487578569686,36.2564875246119 -80.4873975701207,36.2564525247463 -80.487004571061,36.256375525037 -80.4866125720032,36.2562995253286 -80.4862195729451,36.2562225256201 -80.4858415740168,36.2561865259639 -80.4854635750846,36.2561495263061 -80.4850865761538,36.2561135266492 -80.4847085772267,36.2560775269935 -80.484366578226,36.256051527316 -80.4840255792223,36.2560255276375 -80.4836835802222,36.2559995279602 -80.4830475824403,36.2560345286969 -80.4825015845927,36.2561225294236 -80.4821625862555,36.2562535299987 -80.4818245879139,36.2563845305721 -80.4814655899685,36.2565925312921 -80.4811055920242,36.2568005320122 -80.4806745948621,36.2571385330168 -80.4805655955771,36.2572235332697 -80.4803295973968,36.2574715339202 -80.4800945992074,36.2577185345672 -80.4800036000331,36.2578435348648 -80.479883601122,36.2580085352573 -80.4796726030307,36.258297535945 -80.4794616049376,36.2585865366318 -80.4790776086798,36.2591775379839 -80.4788856105464,36.2594725386579 -80.4786196123602,36.2596995392992 -80.4783536141681,36.2599255399381 -80.4780876159786,36.2601525405778 -80.4777486177923,36.2603255412061 -80.4774086196076,36.2604985418346 -80.4770696214223,36.2606725424628 -80.4767126228801,36.2607485429531 -80.4763566243381,36.2608255434435 -80.4760006257955,36.2609025439336 -80.4756436272552,36.2609795444243 -80.4752426286406,36.2610055448796 -80.474840630033,36.2610325453373 -80.4744386314209,36.2610585457933 -80.4740366328127,36.2610855462507 -80.4736346342001,36.2611115467064 -80.4732636352929,36.2610905470564 -80.4728926363859,36.2610695474066 -80.472521637475,36.2610475477553 -80.4721506385684,36.2610265481057 -80.4717806396547,36.2610045484535 -80.4714096407486,36.2609835488041 -80.4710386418386,36.2609615491533 -80.4706846426476,36.2608845493999 -80.4699776442647,36.2607305498935 -80.4696246450687,36.2606525501387 -80.4692706458808,36.260575550387 -80.468949646617,36.2605055506121 -80.4685636474998,36.260420550882 -80.4682106483108,36.2603435511304 -80.4678386489625,36.2602125513165 -80.4674676496083,36.2600805515007 -80.4670966502595,36.2599495516872 -80.4667256509079,36.2598175518728 -80.4664096512352,36.2596495519472 -80.4660936515638,36.2594815520224 -80.4657776518899,36.2593125520968 -80.4654616522215,36.2591445521736 -80.4651896523364,36.2589575521762 -80.4649176524526,36.2587705521798 -80.4646466525669,36.2585835521829 -80.4643746526859,36.2583965521878 -80.4642736526353,36.2583035521545 -80.4641246525537,36.2581645521029 -80.4638746524191,36.2579315520172 -80.4637406523512,36.257807551973 -80.4636236522933,36.257699551935 -80.4633736521619,36.257466551851 -80.463183651838,36.2572335517042 -80.4629926515145,36.2569995515577 -80.462802651193,36.2567665514122 -80.462611650876,36.2565335512684 -80.4624216505569,36.2563005511242 -80.4622306502384,36.2560665509802 -80.462079649466,36.2557515506738 -80.4619286486951,36.2554365503681 -80.4617776479253,36.2551215500631 -80.4616266471529,36.2548055497572 -80.461540645957,36.2544365493034 -80.4615026457973,36.2543655492393 -80.4614596453178,36.2542105490563 -80.4613756444009,36.2539125487062 -80.4613316439373,36.253760548529 -80.4612916434847,36.2536145483564 -80.4612856422007,36.2532885478808 -80.4612796409168,36.2529625474052 -80.4612746396137,36.2526325469226 -80.4613166384354,36.2523725464921 -80.4614276353244,36.2516865453554 -80.4615156328759,36.2511475444606 -80.4614926301389,36.2504445434452 -80.4614856293219,36.2502345431421 -80.4614756286216,36.2499305429591 -80.4614656296294,36.2496265436819 -80.4613996310089,36.2492645446029 -80.461266633765,36.2485415464442 -80.4611276350303,36.2482895471899 -80.4609896362908,36.2480375479348 -80.4608506375533,36.2477855486811 -80.4608046378833,36.247729548864 -80.4606376390923,36.2475225495366 -80.4604296405903,36.2472665503707 -80.4602106421668,36.2469965512504 -80.4599206437949,36.2467825520792 -80.4592926473107,36.246319553875 -80.4589916489951,36.2460965547393 -80.4587606502822,36.2459265554002 -80.4562566638601,36.2441715623814 -80.4562456639203,36.2441635624128 -80.4562136640975,36.244139562506 -80.4560066652052,36.2439965630801 -80.455743666618,36.2438125638154 -80.4554806680319,36.2436275645535 -80.4549536708508,36.2432595660275 -80.454689672262,36.2430745667681 -80.4544266736649,36.2428905675057 -80.4541636750658,36.2427065682437 -80.4536366778679,36.2423375697247 -80.4526536830756,36.2416485724935 -80.4526346816291,36.242146571329 -80.4525426745165,36.2445955655993 -80.4524326660852,36.2475035587939 -80.4523516596415,36.2497255535884 -80.4523456591421,36.2498975531851 -80.4523386591581,36.2500735530621 -80.4521576790654,36.2550565603093 -80.4519996969812,36.2595505668287 -80.4519227048223,36.2615125696801 -80.4516937054993,36.2614995698975 -80.4516587056104,36.2614995699335 -80.4514087063967,36.261497570188 -80.4493107130137,36.2614855723307 -80.4483177161294,36.261475573339 -80.4470647200787,36.2614675746179 -80.4414847376497,36.2614265803076 -80.4357557557041,36.2613865861553 -80.4352347573414,36.2613815866855 -80.4350907577989,36.2613815868339 -80.4349687581829,36.2613805869583 -80.4348817584558,36.2613795870466 -80.4348227586432,36.2613795871073 -80.4347857587608,36.2613795871455 -80.4347627588339,36.2613795871692 -80.4347387589065,36.2613785871926 -80.4347097589986,36.2613785872225 -80.4242637919293,36.261303597892 -80.4223867978469,36.2612895998097 -80.4219317992829,36.2612866002751 -80.4215618004487,36.2612836006529 -80.416914815119,36.2612536054082 -80.4167288157036,36.2612516055976 -80.4156898189664,36.261239606655 -80.4140008242962,36.2612276083829 -80.4128018280785,36.2612186096091 -80.4121038302814,36.2612136103233 -80.4117308314608,36.2612116107057 -80.4056998504667,36.2611586168681 -80.4007858659628,36.2611166218938 -80.3997498692458,36.2611126229588 -80.3996108696753,36.2611086230981 -80.3974138766114,36.2610916253481 -80.3932998895864,36.2610546295576 -80.3920888934062,36.261043630797 -80.3912568960325,36.2610366316492 -80.390324898968,36.2610266326018 -80.3875109078514,36.2610026354848 -80.387321908447,36.2610006356781 -80.3872939085361,36.261000635707 -80.3871109091126,36.2609986358941 -80.3852039151288,36.2609806378468 -80.3836329200882,36.2609666394566 -80.3831829215089,36.2609626399178 -80.3828499225572,36.2609586402581 -80.3825699234427,36.2609566405456 -80.3823039242836,36.2609546408186 -80.3819479254082,36.2609516411836 -80.3811709278614,36.26094464198 -80.3808189289703,36.2609406423401 -80.3806909293749,36.2609396424715 -80.3806729294322,36.2609396424901 -80.3800689313407,36.2609346431096 -80.3795439329977,36.2609296436476 -80.3791479342412,36.2609236440514 -80.3762639433579,36.2609006470116 -80.3755709455476,36.2608946477226 -80.3754009460832,36.2608926478966 -80.3752799464657,36.2608916480208 -80.3751689468107,36.2608886481329 -80.3750919470587,36.2608896482133 -80.3750519471861,36.2608896482547 -80.3750029473421,36.2608896483053 -80.3736209517063,36.2608766497227 -80.3735529519284,36.2608786497947 -80.3711469595237,36.2608546522616 -80.3703929619057,36.2608476530353 -80.370369961979,36.2608476530591 -80.3703229621286,36.2608476531077 -80.3702509623524,36.2608456531804 -80.3687769670141,36.2608336546946 -80.3682879685607,36.260829655197 -80.3668469731151,36.2608166566765 -80.3664429743912,36.2608126570911 -80.3660989754545,36.2608006574372 -80.3658509762634,36.2608076576993 -80.3655709771472,36.2608046579865 -80.3654989773793,36.2608056580617 -80.3652419781952,36.2608046583267 -80.3646119801806,36.260796658972 -80.3644249807603,36.2607906591606 -80.3639309823286,36.26078865967 -80.3635129836549,36.2607866601008 -80.3634589838242,36.2607856601559 -80.3633979840159,36.2607846602182 -80.363375984086,36.2607846602409 -80.3630289851835,36.2607816605975 -80.362797985914,36.2607796608349 -80.3618559888939,36.2607716618031 -80.3605369930568,36.2607566631561 -80.3602559939547,36.2607576634476 -80.3581050007587,36.2607386656588 -80.3578650015182,36.2607366659056 -80.3576770021121,36.2607346660986 -80.3576120023166,36.2607336661651 -80.3575720024441,36.2607336662065 -80.3575160026277,36.260735666266 -80.3557060083464,36.2607166681249 -80.3554310092177,36.2607146684081 -80.3549920105962,36.2607066688566 -80.3536070149897,36.2606986702842 -80.3506530243365,36.2606716733228 -80.3505940245246,36.2606716733839 -80.3501570259075,36.2606676738335 -80.349536027872,36.2606616744723 -80.3487960302134,36.2606546752336 -80.3487480303664,36.2606546752833 -80.3481710321933,36.2606496758773 -80.3481580322347,36.2606496758908 -80.3476880337231,36.2606456763747 -80.347147035433,36.2606396769308 -80.3467200367844,36.2606356773703 -80.3465010374801,36.2606346775963 -80.3462960381238,36.260630677806 -80.3429590486948,36.2606026812434 -80.3427250494219,36.2605946814807 -80.3425350500371,36.26059868168 -80.3421940511125,36.26059368203 -80.3420570515492,36.2605936821719 -80.3419890517637,36.2605926822417 -80.341633052894,36.2605906826092 -80.3415010533149,36.2605906827459 -80.3414380535134,36.2605896828105 -80.3412370541495,36.2605876830174 -80.3410360547857,36.2605856832244 -80.340296057124,36.2605766839853 -80.3402570572483,36.2605766840257 -80.3399490582281,36.2605756843441 -80.3396410592031,36.2605726846613 -80.3395590594623,36.2605716847456 -80.339394059986,36.2605706849159 -80.3379050647085,36.2605596864517 -80.3371640670506,36.260550687214 -80.337025067487,36.2605476873563 -80.3353450728125,36.2605336890887 -80.3351800733365,36.260532689259 -80.3340210770078,36.2605216904536 -80.333785077756,36.260519690697 -80.3334480788218,36.2605156910439 -80.3330790799942,36.2605136914252 -80.3323590822749,36.2605066921674 -80.3322950824768,36.2605056922331 -80.3321010830866,36.260501692432 -80.3317160843168,36.2605026928315 -80.3270030992518,36.2604576976923 -80.3265831005788,36.2604516981246 -80.3261871018399,36.2604506985346 -80.3254481041783,36.2604416992962 -80.3247111065147,36.2604347000567 -80.3241991081482,36.2604347005876 -80.3225841132819,36.2604257022577 -80.3168081316339,36.2603877082298 -80.3167531318094,36.2603877082868 -80.3162691333438,36.2603827087865 -80.3143401394797,36.260372710783 -80.3139931405772,36.2603677111408 -80.3136451416838,36.2603657115009 -80.3132971427905,36.2603637118611 -80.3129491438952,36.2603607122208 -80.3125931450255,36.2603577125888 -80.312236146157,36.2603537129575 -80.3118801472874,36.2603507133256 -80.3116371480571,36.2603477135764 -80.31097715015,36.2603407142583 -80.3104941516858,36.2603377147582 -80.3104541518115,36.2603367147993 -80.3070151627202,36.2603007183537 -80.3045201706405,36.2602767209343 -80.3022241779289,36.2602537233094 -80.2999421851722,36.2602297256705 -80.2998271855376,36.2602287257896 -80.2997251858616,36.2602277258952 -80.2979431915203,36.2602097277398 -80.297735192181,36.2602077279551 -80.2977081922672,36.2602077279831 -80.2976311925114,36.2602067280628 -80.2975651927204,36.260205728131 -80.2974921929518,36.2602047282065 -80.2969401947059,36.2601997287782 -80.2949802009311,36.2601797308078 -80.2916842114013,36.260145734222 -80.2915562118085,36.2601447343547 -80.2874072249942,36.260102738655 -80.2863832282483,36.2600917397165 -80.2862292287387,36.2600907398763 -80.2848392331626,36.2600797413185 -80.2842672349745,36.2600697419108 -80.2810072453412,36.2600367452929 -80.2792432509517,36.2600187471236 -80.2780392547805,36.2600057483733 -80.2748562649081,36.2599737516784 -80.274517265986,36.2599697520304 -80.2743482665349,36.259975752207 -80.274262266807,36.2599737522962 -80.2719362741991,36.2599427547115 -80.2703852791357,36.2599267563231 -80.2695642817498,36.2599187571764 -80.2694322821692,36.2599167573135 -80.2687422843659,36.2599097580307 -80.2662242923831,36.2598837606486 -80.2659662932042,36.2598807609168 -80.2658452935898,36.2598797610426 -80.264639297431,36.2598677622969 -80.2629783027201,36.2598497640246 -80.2626493037673,36.2598457643668 -80.2619523059878,36.259838765092 -80.2618893061906,36.2598397651576 -80.2612003083843,36.2598317658745 -80.2609783090906,36.2598287661055 -80.2609483091866,36.2598287661367 -80.2606403101681,36.2598257664572 -80.2537963319772,36.2597537735829 -80.2535993326053,36.2597517737881 -80.2528603349608,36.2597437745579 -80.2526423356572,36.259742774785 -80.2501323436591,36.2597157774005 -80.2500883437977,36.2597137774464 -80.2500323439769,36.2597137775048 -80.2499713440851,36.2597137775406 -80.2499413440833,36.2597127775411 -80.2483743440277,36.2596967775662 -80.2466703439646,36.2596767775935 -80.2447693438992,36.2596587776237 -80.2434953438576,36.2596487776438 -80.2431513438417,36.2596417776493 -80.2428353438363,36.2596437776543 -80.2424923438194,36.2596357776598 -80.2422463438091,36.2596317776636 -80.2419273437993,36.2596297776687 -80.2414143437794,36.2596227776768 -80.2413583437781,36.2596227776777 -80.241237343773,36.2596207776796 -80.2408273437588,36.259616777686 -80.2404513437487,36.259615777692 -80.2403143437411,36.2596117776941 -80.2355903435756,36.2595627777681 -80.2344603435359,36.2595507777856 -80.2344303435331,36.2595487777861 -80.234304343529,36.259547777788 -80.234184343524,36.2595457777899 -80.2341243435226,36.2595457777908 -80.2340283435203,36.2595457777923 -80.2323513434603,36.2595267778183 -80.2323083434582,36.259525777819 -80.2322213434604,36.2595297778203 -80.2231493431391,36.259427777959 -80.2198513430235,36.2593907780087 -80.2137023428137,36.2593257781004 -80.2127073427784,36.259313778115 -80.2122543427649,36.2593107781218 -80.2113943427358,36.2593017781345 -80.2085823426396,36.2592707781757 -80.2083403426341,36.2592707781794 -80.2050083425184,36.2592317782278 -80.2035303424685,36.2592157782491 -80.2025143424373,36.2592077782639 -80.1966033422278,36.2591317783477 -80.1964983422196,36.259125778349 -80.1930433421044,36.2590877783976 -80.1887043419557,36.2590347784578 -80.1878633419244,36.2590217784692 -80.1838253417885,36.2589737785245 -80.1799133416554,36.2589247785772 -80.1798793416556,36.2589257785778 -80.1798223416525,36.2589237785784 -80.1716143413744,36.2588187786867 -80.1715483413748,36.2588207786879 -80.1702153413319,36.2588057787055 -80.1636093411184,36.2587287787912 -80.1632233411055,36.2587237787961 -80.163107341103,36.2587237787977 -80.153327340791,36.2586087789213 -80.1470943405945,36.258534778998 -80.1469633405909,36.2585337789997 -80.1468893405885,36.2585327790006 -80.1467043405828,36.2585307790029 -80.1462623405717,36.2585287790087 -80.1453473405405,36.2585147790194 -80.1452833405383,36.2585137790201 -80.1432403404748,36.2584897790448 -80.1429773404667,36.258486779048 -80.137439340296,36.2584217791141 -80.1359153402492,36.2584037791322 -80.1312013401052,36.2583477791872 -80.1300913400708,36.2583337791999 -80.1300093400691,36.2583337792009 -80.1292913400469,36.2583247792091 -80.128978340038,36.2583217792128 -80.1289303400354,36.2583197792132 -80.1282663400161,36.2583127792209 -80.1281743400133,36.258311779222 -80.1275073399931,36.2583037792296 -80.1262633399554,36.2582887792438 -80.1257553399402,36.2582827792496 -80.1253813399285,36.2582777792537 -80.1225673398444,36.2582447792856 -80.121704339818,36.2582337792951 -80.1216253398157,36.258232779296 -80.1199933397665,36.2582127793141 -80.1197033397582,36.2582097793175 -80.1196003397554,36.2582087793186 -80.1193223397473,36.2582057793218 -80.1189823397373,36.2582017793256 -80.1186433397272,36.2581977793293 -80.1183033397172,36.2581937793331 -80.1179643397064,36.2581887793367 -80.1176253396963,36.2581847793404 -80.1172853396863,36.2581807793442 -80.1169463396763,36.2581767793479 -80.1166063396663,36.2581727793517 -80.1162673396563,36.2581687793554 -80.1159273396463,36.2581647793592 -80.1155883396363,36.2581607793629 -80.1152493396263,36.2581567793666 -80.1149093396164,36.2581527793703 -80.1145703396064,36.2581487793741 -80.1142303395964,36.2581447793778 -80.1138913395865,36.2581407793815 -80.1135523395758,36.258135779385 -80.1132123395658,36.2581317793887 -80.1128733395559,36.2581277793924 -80.1128243395541,36.2581267793929 -80.1125333395459,36.2581237793961 -80.112194339536,36.2581197793998 -80.1118543395261,36.2581157794035 -80.1115153395162,36.2581117794071 -80.1111763395063,36.2581077794108 -80.1108363394964,36.2581037794145 -80.1104973394866,36.2580997794182 -80.1101573394767,36.2580957794218 -80.1099203394696,36.2580927794243 -80.1058573393511,36.2580437794675 -80.105328339333,36.2580337794723 -80.1040753392991,36.2580217794862 -80.1024533392519,36.258001779503 -80.1024263392513,36.2580017795034 -80.0986173391419,36.2579557795428 -80.0982823391324,36.2579517795462 -80.092492338967,36.2578807796047 -80.0910643389269,36.257863779619 -80.0894923388819,36.2578437796344 -80.0894533388812,36.2578437796349 -80.0891133388717,36.2578397796383 -80.0887743388623,36.2578357796417 -80.0884353388521,36.2578307796448 -80.0880953388427,36.2578267796482 -80.08799033884,36.2578257796492 -80.0877563388333,36.2578227796515 -80.0874163388238,36.2578187796549 -80.0870773388145,36.2578147796582 -80.086737338805,36.2578107796616 -80.0863983387949,36.2578057796647 -80.0860593387856,36.257801779668 -80.0857723387779,36.257798779671 -80.0857033387759,36.2577977796716 -80.0843713387389,36.2577817796846 -80.0778503385583,36.2577017797467 -80.0759923385099,36.257682779765 -80.0759403385082,36.2576817797655 -80.0747883384781,36.2576697797767 -80.0714773383897,36.257631779808 -80.0709163383751,36.2576257798133 -80.066271338248,36.2575657798545 -80.0632983381682,36.2575287798807 -80.0593613380628,36.2574787799147 -80.058583338042,36.2574687799213 -80.0556113379643,36.2574327799469 -80.0549283379473,36.2574257799531 -80.0536553379151,36.2574117799644 -80.0530833379015,36.2574067799698 -80.052429337887,36.2574027799765 -80.0523733378841,36.2573997799763 -80.0519483378738,36.2573957799802 -80.0510943378508,36.2573837799869 -80.050958337847,36.2573817799879 -80.0499723378204,36.2573677799956 -80.0499243378195,36.2573677799961 -80.0480803377694,36.25734078001 -80.0474393377523,36.2573317800149 -80.0459703377153,36.2573147800272 -80.0455083377038,36.2573097800312 -80.0437743376622,36.2572927800465 -80.0433173376509,36.2572877800504 -80.0429053376411,36.257283780054 -80.04092833759,36.2572577800693 -80.0397413375598,36.2572427800785 -80.039574337555,36.2572397800795 -80.0388843375362,36.2572287800841 -80.0351173374415,36.2571817801132 -80.0351203373793,36.2570727800777 -80.0351783360069,36.2546717792967 -80.0352553340051,36.2511717781591 -80.0354833167492,36.2458217837349 -80.0355383092478,36.243931786434 -80.0355533072202,36.2434207871641 -80.0355543070773,36.2433847872155 -80.0355553068948,36.2433387872812 -80.0355583065536,36.2432527874042 -80.0355663054427,36.2429727878043 -80.0355723046572,36.2427747880872 -80.0355753043359,36.2426937882031 -80.0355833032251,36.2424137886033 -80.0355923021144,36.2421337890036 -80.0356003010037,36.2418537894038 -80.0356092998932,36.2415737898042 -80.0356172987826,36.2412937902046 -80.0356262976722,36.2410137906051 -80.0356342965578,36.240732791007 -80.0356422954474,36.2404527914074 -80.0356512943372,36.240172791808 -80.035659293223,36.23989179221 -80.0356682921129,36.2396117926107 -80.035679291031,36.2393387930017 -80.0356922889772,36.2388207937428 -80.0358132712036,36.234335800166 -80.035855265128,36.2328018023652 -80.0359122574954,36.2308738051316 -80.0359252558134,36.2304488057418 -80.0359822489337,36.2287098082402 -80.0360452418762,36.2269248108074 -80.0361482332737,36.2247458139498 -80.0362112274436,36.2232688160805 -80.0363402147032,36.220039820742 -80.0363682128534,36.2195698214236 -80.0363782121883,36.2194008216687 -80.0364602035452,36.217208824837 -80.0364672027843,36.2170158251161 -80.0364961998841,36.2162798261812 -80.0366751811131,36.2115138330841 -80.0367241754038,36.2100638351854 -80.0367281749274,36.2099428353607 -80.0369031538085,36.204575843147 -80.0369061535375,36.2045068432475 -80.036910149232,36.2034168448179 -80.0369261435351,36.201972846903 -80.0369391289965,36.1982918522072 -80.0369611169277,36.1952338566198 -80.0370211110809,36.1937428587964 -80.0370511090136,36.1932138595734 -80.0372050976839,36.190314863831 -80.03733508547,36.1871938684036 -80.0373750827096,36.1864858694478 -80.0374010809955,36.1860458700976 -80.0373990805085,36.1859228702741 -80.0374280795667,36.1856778706443 -80.0375790658944,36.1821778757887 -80.0376680557765,36.1795908795831 -80.0376770552961,36.179466879768 -80.0377850435915,36.1764708841709 -80.0377890432211,36.176375884311 -80.0377930427877,36.1762648844742 -80.0377560424123,36.1761788845744 -80.0377280421325,36.1761148846486 -80.0376990418359,36.1760468847279 -80.0376680415215,36.1759748848117 -80.0375760405947,36.1757628850575 -80.0374510393309,36.1754738853923 -80.0373520382577,36.1752268856832 -80.0372680371792,36.1749748859908 -80.0370810340376,36.1742268869438 -80.0370630335493,36.1741078871031 -80.0370430329839,36.1739698872884 -80.0370270317785,36.1736688877111 -80.0370330310735,36.1734888879744 -80.0370340309797,36.1734648880097 -80.037207011083,36.1683808954578 -80.0372460066052,36.1672358971374 -80.0373219978995,36.1650089004066 -80.0373719922264,36.1635569025401 -80.0373969893866,36.1628299036088 -80.0374179869609,36.1622089045216 -80.0374269858825,36.1619329049271 -80.0374369847698,36.1616479053464 -80.0374409843208,36.1615329055156 -80.0374709830939,36.1612129060014 -80.0375209821039,36.1609469064251 -80.0375509817294,36.1608429065991 -80.0376679806582,36.1605359071357 -80.037711980356,36.1604459073009 -80.0378069797129,36.1602539076544 -80.0380599783857,36.1598399084563 -80.0381159780948,36.1597489086331 -80.0381319780117,36.1597229086836 -80.0381329773753,36.1595609089194 -80.0381339763571,36.1593019092957 -80.0381329697946,36.1576349117122 -80.0381509617249,36.1555789147087 -80.0382499539414,36.1535689177086 -80.0382749481865,36.1520979198649 -80.0382849471256,36.1518249202699 -80.0382999457998,36.1514829207794 -80.0383209439708,36.1510109214831 -80.038334942711,36.1506859219672 -80.0383649400606,36.150001922987 -80.0383679398444,36.149945923071 -80.0383869381709,36.1495139237153 -80.0384279351746,36.1487379248792 -80.0384329340646,36.1484539252963 -80.0385419271018,36.1466449280244 -80.0385519263924,36.1464609283011 -80.0385609257367,36.1462909285566 -80.0385759250461,36.1461099288336 -80.0385819242999,36.1459179291183 -80.0388349060584,36.1411829362481 -80.038845905242,36.1409709365675 -80.0388559045341,36.1407869368452 -80.0388759030909,36.1404119374108 -80.0388799029005,36.1403619374876 -80.0388919019208,36.1401079378693 -80.0389558972182,36.1388859397128 -80.0389688962838,36.1386429400798 -80.0391898797321,36.1343389465802 -80.0392018788212,36.1341019469385 -80.0393028703955,36.1319129502395 -80.0393088694719,36.1316749505934 -80.0393638644123,36.1303619525696 -80.039370863769,36.130194952821 -80.0393758632753,36.1300669530134 -80.039386862313,36.1298169533904 -80.0394448566928,36.1283589555836 -80.0395348451888,36.1253849600305 -80.039554842672,36.1247339610049 -80.0395938384682,36.1236439626431 -80.0396638306101,36.1216069657033 -80.0397278236419,36.1197989684237 -80.0397298233361,36.1197199685417 -80.0397308230051,36.1196349686673 -80.0397338228185,36.1195859687426 -80.0397368225849,36.1195249688354 -80.0397408223491,36.1194629689308 -80.0397408221417,36.1194099690084 -80.0397438218416,36.1193319691261 -80.0397468214475,36.119229969279 -80.0397508210043,36.119114969452 -80.0397588201532,36.118893969785 -80.0397668192591,36.1186619701341 -80.0397708188082,36.1185449703101 -80.0397748183925,36.118436970473 -80.0397788179416,36.118319970649 -80.0397828175376,36.1182149708076 -80.039787816975,36.1180689710273 -80.0397948163454,36.1179049712757 -80.0398068148715,36.1175229718494 -80.0398208139179,36.1172729722322 -80.0398248135845,36.1171859723644 -80.0398598085048,36.1158719743313 -80.03986680813,36.1157729744847 -80.0398858072524,36.1155399748489 -80.0398858060199,36.1152249753106 -80.0399168031141,36.1144679764574 -80.0399447996401,36.1135669778122 -80.0399627978735,36.1131069785085 -80.0399857955296,36.1124969794311 -80.0399917944494,36.1122179798477 -80.0400127921102,36.1116099807652 -80.0400187911592,36.1113639811334 -80.0400357895521,36.110944981769 -80.0400467890094,36.1108009819939 -80.0400157889362,36.1107969819614 -80.0399647888298,36.1107939819027 -80.0397597883671,36.1107729816798 -80.0391087869075,36.1107089809675 -80.0382727850284,36.1106259800529 -80.0381147846718,36.1106099798804 -80.0376337835886,36.1105619793538 -80.0360377800031,36.110405977599 -80.0355637789382,36.1103599770765 -80.0350637779436,36.1103439764786 -80.0347897774733,36.1103539761243 -80.0344267769289,36.1103869756269 -80.0339797763882,36.110459974969 -80.0337157761287,36.1105179745598 -80.0330177755434,36.1106959734443 -80.0324427749488,36.1108139725672 -80.0321767749008,36.1109249720831 -80.0317967747269,36.1110569714293 -80.0315057747271,36.1111909708835 -80.0309907747011,36.1114209699292 -80.0304757748439,36.1116919689202 -80.0303307738735,36.1115179689822 -80.0302107729043,36.1113329690897 -80.0301157721101,36.1111799691836 -80.0299927707418,36.1108979694204 -80.0299477699141,36.1107139696182 -80.0299147690234,36.1105089698596 -80.0298997680367,36.1102719701673 -80.0298957669207,36.1099979705396 -80.0284107642666,36.1100269686521 -80.0274057625256,36.110059967357 -80.0269047614764,36.1100319667716 -80.0266007607864,36.1100019664338 -80.0263667601941,36.1099639661937 -80.0261167594897,36.1099059659605 -80.0258697588029,36.1098509657266 -80.0256637581349,36.1097819655624 -80.0254437573747,36.1096969654019 -80.0273027592813,36.1093119682415 -80.0285747593349,36.1087379706158 -80.0296797578169,36.1078489732256 -80.0310607557794,36.1066939765728 -80.0324427539668,36.1055839798867 -80.0333307505887,36.1043119828168 -80.029984741533,36.1036799793545 -80.0294367394144,36.1034209789973 -80.0289017378533,36.1032939784739 -80.0284927367078,36.1032089780566 -80.0280627352801,36.1030649776914 -80.0260667283627,36.1023309760702 -80.0261277277741,36.1021579763826 -80.0261957273512,36.1020219766548 -80.024726722272,36.1014919754279 -80.0180896992653,36.099144969652 -80.0180307003532,36.0994319692079 -80.0179187024288,36.0999789683631 -80.018069702714,36.0999749685696 -80.0183417024181,36.0997749691871 -80.0188687036707,36.0998219698307 -80.0187057074135,36.1007919683741 -80.0179087056429,36.1007479673729 -80.017815705441,36.1007439672546 -80.0178027061009,36.1009069670305 -80.017774707501,36.1012529665542 -80.0177457094169,36.1017219659208 -80.0177367100051,36.1018659657262 -80.017729710492,36.101984965566 -80.0176107198761,36.1042699625128 -80.0175727232293,36.105083961432 -80.0175467244212,36.1053789610247 -80.0175167252897,36.1055989607075 -80.0174577261869,36.1058389603278 -80.0173807267171,36.1059999600254 -80.0173007270987,36.1061269597623 -80.0171157276966,36.1063529592402 -80.0168597280418,36.1065509586637 -80.0166427282179,36.1066909582107 -80.0162207284263,36.1069309573719 -80.0158557286063,36.1071379566485 -80.0156517287557,36.1072649562307 -80.0154527289746,36.1074059558022 -80.015296729208,36.1075309554486 -80.0151517295181,36.107668955093 -80.0148837303342,36.107980954366 -80.0147977306683,36.1080979541121 -80.0145397317614,36.1084699533252 -80.0140147339936,36.1092269517293 -80.0139177344078,36.1093669514351 -80.0137737352072,36.1096179509454 -80.0136467363037,36.1099309504012 -80.0135947370251,36.1101229500999 -80.0135587378235,36.1103259498052 -80.0135467389609,36.1105979494553 -80.0135597395691,36.1107349493026 -80.013586740182,36.1108669491734 -80.0136477411605,36.1110699489987 -80.0136827416089,36.111159948931 -80.0137177420615,36.1112509488619 -80.0137507424676,36.1113319488027 -80.0137787428134,36.1114009487522 -80.0138837439062,36.111611948621 -80.0143567483387,36.112448948166 -80.0144307493758,36.1126609479938 -80.0146237515735,36.1130949476907 -80.0146667523318,36.1132549475444 -80.0146987532016,36.1134459473461 -80.0146657540677,36.1136639470354 -80.0145247564384,36.1142819460981 -80.0144427578122,36.1146399455554 -80.0144127583151,36.114770945357 -80.0143997589933,36.1149359451369 -80.0144047596954,36.1150989449409 -80.0144117600184,36.1151719448588 -80.0144487615178,36.1155089444854 -80.0144507615852,36.1155239444693 -80.0144417622663,36.1156879442552 -80.0144187626801,36.1157949440951 -80.0143827630537,36.1158979439246 -80.0143377633858,36.1159949437508 -80.0138267666988,36.1169869419179 -80.0137177671873,36.1171469415918 -80.013575767733,36.1173339411938 -80.0134557680966,36.1174689408861 -80.0132247686871,36.1177029403265 -80.0131157688706,36.1177909400902 -80.0131617715301,36.1183949394025 -80.0132277752438,36.1192379384439 -80.0132937764471,36.1194929382072 -80.013432778105,36.1198249379599 -80.0138997829319,36.1207679373359 -80.0139717837372,36.120927937221 -80.0140607849801,36.1211839370066 -80.0141227862358,36.1214539367438 -80.0141447872311,36.1216789364906 -80.014150788101,36.1218809362476 -80.0141357924377,36.1229059349628 -80.0141467943502,36.1233509344248 -80.0141807957055,36.1236559340857 -80.0141867959666,36.1237149340195 -80.0141917960985,36.1237439339892 -80.0144388028666,36.1252379324146 -80.0144628040119,36.1254979321189 -80.0144648056563,36.1258839316426 -80.0144208102269,36.1269759302407 -80.0144298155396,36.1282219287063 -80.0143908167436,36.1285199282948 -80.0143248177978,36.1287929278855 -80.0142468188801,36.1290769274499 -80.0136918259208,36.1309389245578 -80.0136618265296,36.1310929243363 -80.0136218275446,36.1313459239822 -80.013638828471,36.1315569237401 -80.0136628291525,36.1317079235793 -80.0139128343167,36.1328279224592 -80.0139908357159,36.1331279221698 -80.0140528364554,36.1332789220475 -80.0141248371377,36.1334129219565 -80.0142188378157,36.1335379218992 -80.0141838378592,36.1335609218346 -80.0141368380033,36.1336119217228 -80.0140908380937,36.1336499216283 -80.0140368382313,36.1337019215081 -80.0139908385134,36.1337849213581 -80.0139858388292,36.133860921259 -80.0139868391075,36.1339259211797 -80.0139738393003,36.1339759211045 -80.0139198393105,36.1339979210217 -80.0138118391903,36.1340089208967 -80.0137068387041,36.1339329208822 -80.0136268387124,36.1339639207615 -80.0135558387049,36.1339879206587 -80.0132928383194,36.1339929203813 -80.0131848379773,36.1339519203203 -80.0130448377906,36.1339589201673 -80.0129118378881,36.1340299199431 -80.0125728374324,36.1340459195741 -80.0123978371618,36.1340459193937 -80.0122888368521,36.1340129193216 -80.0121708361343,36.1338879193524 -80.0121298360366,36.1338799193198 -80.0119258354979,36.1338279191726 -80.0117898352187,36.1338119190516 -80.0116208349483,36.1338099188795 -80.0114518347122,36.1338159186976 -80.0112148344997,36.1338519184093 -80.0110118342842,36.1338749181719 -80.0107448342149,36.1339549177998 -80.0105708338122,36.1339239176577 -80.0104158337015,36.1339539174616 -80.010162833672,36.1340379170997 -80.0100618338391,36.1341129169056 -80.0099098337897,36.1341559166975 -80.0097398339154,36.1342459164146 -80.0096278340576,36.134318916212 -80.0095868341628,36.1343579161232 -80.0095758344221,36.1344219160353 -80.009636835021,36.134538915958 -80.0096278350806,36.1345559159284 -80.0095548352747,36.1346269157686 -80.0094818355294,36.1347119155921 -80.0093408355978,36.1347779153688 -80.0091988354358,36.1347909152078 -80.0090288351401,36.1347829150433 -80.008879834816,36.1347609149169 -80.0087708346356,36.1347579148088 -80.0086958344771,36.1347479147439 -80.0086728344504,36.1347499147179 -80.0086228344125,36.134758914656 -80.0085418343833,36.1347809145469 -80.0083998344424,36.1348449143256 -80.0080898344045,36.1349459138888 -80.0079778341459,36.1349259137979 -80.007871833762,36.1348749137497 -80.0078078335639,36.1348519137113 -80.0077198331943,36.134797913685 -80.0076798330026,36.1347679136794 -80.0075558327253,36.134747913576 -80.0073888324686,36.1347479134049 -80.006894832271,36.1348769127476 -80.0068288323482,36.134917912632 -80.0067458323297,36.1349429125178 -80.0066958323401,36.1349629124432 -80.0065778322549,36.1349849122969 -80.0064698323726,36.1350499121105 -80.0063768322954,36.135064911998 -80.0062578323442,36.1351179118145 -80.0061598322814,36.1351379116911 -80.0060908322935,36.1351649115892 -80.0059578323168,36.1352169113929 -80.0058668321994,36.1352219112943 -80.0057748321198,36.1352359111842 -80.0056398322802,36.1353199109489 -80.0055998322977,36.1353379108872 -80.0053998320969,36.1353619106556 -80.0053308320176,36.1353679105783 -80.0052618319253,36.1353709105045 -80.0052288318224,36.1353589104848 -80.0051668315088,36.1353089104795 -80.0051318313809,36.1352919104635 -80.0050658314857,36.1353389103418 -80.0049018311956,36.1353299101851 -80.0048078314417,36.1354189099865 -80.0047568314996,36.1354499098989 -80.004697831462,36.135461909825 -80.004634831379,36.1354649097574 -80.0045828313303,36.1354719096964 -80.0045188313684,36.1355029095955 -80.0044748315293,36.1355549094909 -80.0043858314593,36.1355699093831 -80.0041098314552,36.1356649089933 -80.0040208314117,36.1356859088788 -80.0038678314992,36.1357589086397 -80.0037548316259,36.1358269084471 -80.0035768315836,36.135878908207 -80.0034098314306,36.1359019080114 -80.0033308315348,36.1359529078731 -80.003278831513,36.1359659078056 -80.0032218316904,36.1360259076794 -80.002880831626,36.1361289072169 -80.0027058316821,36.1362019069568 -80.0025308316416,36.136252906722 -80.002442831614,36.1362769066059 -80.0022208313215,36.1362869063701 -80.0021598312555,36.1362929063017 -80.0020638312955,36.1363349061572 -80.0019868313555,36.1363749060343 -80.0019078313286,36.1363959059308 -80.001778831036,36.1363739058253 -80.0016678312437,36.1364589056175 -80.0016198313435,36.1364979055252 -80.0015288311616,36.1364879054446 -80.0014688309601,36.1364629054122 -80.0013808308137,36.1364599053267 -80.0012978309669,36.1365229051722 -80.0012588310673,36.1365589050925 -80.0011598309929,36.1365759049736 -80.0010848307554,36.1365479049294 -80.0010288305378,36.1365179049065 -80.0009818304667,36.1365179048591 -80.0009408306085,36.1365639047663 -80.0009068307299,36.1366029046883 -80.0008478307515,36.1366279046009 -80.0007608306378,36.1366319045087 -80.0005818305979,36.1366839042703 -80.0004668305529,36.1367129041222 -80.0004108305393,36.1367289040479 -80.0002598306221,36.1367989038179 -80.0002388306171,36.1368049037901 -80.0001368307875,36.1368779036063 -79.9999718309295,36.1369519034532 -79.9998818309997,36.1369499036936 -79.9997938312368,36.1369859038865 -79.9997188315865,36.1370499040137 -79.9995938318955,36.1370949042944 -79.9995228321083,36.1371289044444 -79.9995138324175,36.1371969043925 -79.9994698325666,36.1372219044811 -79.9994108325516,36.1372069046539 -79.9993578326775,36.137224904774 -79.9993448331271,36.1373239046981 -79.9993148334365,36.1373879047061 -79.9992928335839,36.137416904732 -79.9992388337413,36.1374419048469 -79.9991588338636,36.1374539050451 -79.9990098343106,36.1375259053587 -79.9988288345949,36.1375549058048 -79.9987778347007,36.137568905924 -79.9987338349151,36.1376089059956 -79.9986378351608,36.137645906208 -79.9985778352477,36.1376539063577 -79.9984348355292,36.1376899066954 -79.9983448357386,36.1377199068997 -79.9981608359273,36.1377269073781 -79.9981858333642,36.1371489079595 -79.9982078305919,36.1365229086025 -79.9981868292386,36.1362109090076 -79.998147827902,36.1358989094606 -79.9981298274787,36.1357989096203 -79.9978678202159,36.1340899122324 -79.9978268192282,36.1338559126041 -79.9977718185923,36.1336989129267 -79.9976878178094,36.1335019133716 -79.9975288166537,36.1332029141311 -79.9973048149519,36.1327639152219 -79.9959208186132,36.1332929183154 -79.9956458194006,36.1334129189124 -79.9952458206313,36.1336079197569 -79.9951048210955,36.1336839200461 -79.9950238214108,36.1337389201993 -79.9948938218722,36.1338169204568 -79.994788822309,36.1338949206477 -79.9945798232149,36.1340589210174 -79.9943488242431,36.1342469214179 -79.9942308248274,36.1343569216064 -79.9928918312774,36.1355739237722 -79.9927258319908,36.1357059240613 -79.9924768328591,36.1358569245484 -79.9922638334596,36.1359529250029 -79.9918958342707,36.1360659258486 -79.9916008348704,36.1361449265396 -79.9909138361824,36.1363099281699 -79.990676836592,36.1363569287435 -79.9903918369893,36.1363909294592 -79.9902188371857,36.136400929906 -79.9900378373053,36.1363909303972 -79.9898078373728,36.1363579310449 -79.9895928373562,36.1363079316728 -79.9878318366125,36.1357459369981 -79.9864768363226,36.1353739410312 -79.9860818362407,36.1352649422085 -79.984462835855,36.1347999470601 -79.9841018356603,36.1346679481767 -79.9840048355579,36.1346199484917 -79.9838708354583,36.1345639489147 -79.9836378351831,36.1344409496809 -79.9834228348402,36.1343049504151 -79.9830538339487,36.1339949517674 -79.982948833781,36.133927952127 -79.9828018336499,36.1338599525998 -79.9826748336359,36.1338259529786 -79.9824788336804,36.1337899535436 -79.9820698338903,36.1337439546878 -79.981809833906,36.1336849554511 -79.9812968337313,36.1335159570209 -79.98032683316,36.1331319600695 -79.9800238331305,36.1330489609778 -79.9799898338268,36.1332179608637 -79.9799298346266,36.1334069607946 -79.9798518352785,36.1335539608243 -79.9797818357967,36.1336689608713 -79.9796648364889,36.1338169610034 -79.9795158371873,36.1339589612277 -79.9794538374264,36.1340049613369 -79.9793048380022,36.1341159615986 -79.9790328388031,36.1342549621533 -79.9785848399626,36.1344439631148 -79.9774878427453,36.1348969654776 -79.9773288431093,36.1349529658315 -79.9770088437492,36.1350419665725 -79.9761568451898,36.1352119686265 -79.9759988454885,36.1352519689968 -79.9757128461107,36.1353459696403 -79.9754858467306,36.1354539701097 -79.9749278485277,36.1357929711715 -79.9749048484501,36.1357669712647 -79.9748648483841,36.1357399714042 -79.9747898483083,36.1357019716501 -79.9747558482977,36.135690971754 -79.9746408482359,36.1356469721135 -79.9745798481668,36.1356139723163 -79.9744778481351,36.1355809726278 -79.9744448480406,36.1355479727563 -79.9744168479,36.1355039728851 -79.9743828472247,36.1353169732071 -79.9743428468877,36.1352179734361 -79.9742948465998,36.1351299736726 -79.9742748463692,36.1350639738076 -79.9742408461328,36.134992973986 -79.9742268459986,36.1349539740715 -79.9742408458422,36.1349159740815 -79.9742478456281,36.1348609741311 -79.9742678455038,36.1348329741127 -79.9742748451462,36.1347399742094 -79.9742538447507,36.1346299744016 -79.9741928442496,36.1344819747474 -79.9741388441534,36.1344429749394 -79.9740708441573,36.13442697514 -79.9739828439918,36.134360975456 -79.9739828438448,36.1343219755044 -79.9740908433694,36.13422297534 -79.974117843159,36.134173975329 -79.9741318429383,36.13411897536 -79.974144842594,36.1340309754346 -79.9741178422465,36.1339319756293 -79.9740978418924,36.1338329758053 -79.9740568415813,36.13373997603 -79.9740098413363,36.1336629762507 -79.9739418411119,36.1335859765274 -79.9738608410245,36.1335419767978 -79.9736238408216,36.1334269775721 -79.9735008405692,36.133327978023 -79.9734538405323,36.1333059781756 -79.9732098405225,36.1332399789081 -79.9731358404523,36.1332019791527 -79.9730608403383,36.1331519794149 -79.9730068402077,36.1331029796199 -79.9729458399794,36.1330259798785 -79.9729328397865,36.1329709799818 -79.9729318394584,36.1328829800942 -79.9729388391822,36.1328109801652 -79.9729588388745,36.1327339802079 -79.9729588385042,36.1326349803313 -79.9729118381619,36.1325309805864 -79.9727218371408,36.1322069814978 -79.9726608367726,36.1320919818043 -79.9726468365404,36.132025981924 -79.9726068362523,36.1319379821408 -79.9725858358407,36.1318219823417 -79.972545835635,36.131755982531 -79.9724848354545,36.1316909827752 -79.9724368354176,36.1316679829322 -79.9723698350386,36.1315479832613 -79.9723288348532,36.1314869834472 -79.972233834645,36.1314049838037 -79.9720978342933,36.1312729843327 -79.972057834089,36.1312069845222 -79.9720578340481,36.131195984536 -79.97199683407,36.131184984713 -79.9719428340661,36.1311689848775 -79.9718878339556,36.131123985081 -79.9718268337772,36.1310589853256 -79.9717258336144,36.1309869856861 -79.9717058335498,36.1309639857685 -79.9716318338413,36.1310219858938 -79.9715078339952,36.131028986217 -79.9714488341339,36.1310499863486 -79.9713358342801,36.1310579866409 -79.9712698344332,36.1310809867887 -79.9712198344958,36.1310839869187 -79.9711088345696,36.1310729872296 -79.9709868347913,36.1310989875234 -79.9708558350296,36.1311269878388 -79.9708208350914,36.1311339879236 -79.9705878354417,36.1311639885094 -79.9704248358923,36.1312409888486 -79.9703158362466,36.131306989057 -79.9702558363741,36.1313249891948 -79.9701718364565,36.1313239894208 -79.9700798364958,36.1313089896858 -79.9699568366951,36.1313289899896 -79.969847836697,36.1312989903191 -79.9696808368464,36.1312929907734 -79.969584836985,36.1313039910163 -79.9694838371688,36.1313259912586 -79.9693368373887,36.1313449916278 -79.969231837642,36.1313849918581 -79.9691938379977,36.1314719918496 -79.9691218384608,36.1315789919067 -79.9690728385616,36.13159299202 -79.9689698388264,36.1316369922396 -79.9688388391158,36.1316799925353 -79.9686688395279,36.1317459929061 -79.9686428396341,36.1317679929477 -79.9685748398299,36.131802993085 -79.9684338398314,36.1317639935113 -79.9683068399999,36.1317749938368 -79.9681558401998,36.1317879942239 -79.9680298405514,36.1318499944818 -79.967951840706,36.1318709946635 -79.9678348407125,36.1318399950156 -79.9676258408086,36.1318079956149 -79.9674538409179,36.1317899960975 -79.9673018411293,36.1318059964833 -79.9671728412491,36.1318029968319 -79.9670258412258,36.1317549972861 -79.9669328412842,36.1317449975474 -79.9661288419781,36.1317109997399 -79.9661378417089,36.1316379998094 -79.9661518408075,36.1313890000909 -79.9661598396947,36.1310790004665 -79.9661598385402,36.1307550008815 -79.9661458378172,36.1305480011841 -79.9661298371249,36.1303490014818 -79.9661128365195,36.1301740017516 -79.9660908359443,36.1300060020258 -79.966062835333,36.1298260023315 -79.9660188344935,36.1295770027686 -79.9659748338502,36.1293830031353 -79.9659248331072,36.1291590035567 -79.9658728324736,36.1289650039451 -79.9658138318019,36.1287580043691 -79.9657508311317,36.1285500048053 -79.9656728304823,36.1283430052806 -79.9655518295656,36.1280470059861 -79.9654488287867,36.127795006587 -79.9652858278145,36.1274690074448 -79.9651748272424,36.1272720079971 -79.965055826663,36.1270700085777 -79.964936826173,36.1268930091264 -79.9648048256108,36.1266910097425 -79.9646748250865,36.1265000103393 -79.9645338245868,36.1263120109622 -79.9643978241319,36.1261380115538 -79.9641788234728,36.1258780124809 -79.9640268230293,36.1257010131202 -79.963857822586,36.1255180138135 -79.9635238218081,36.1251830151501 -79.9633158213881,36.1249920159603 -79.9631618211286,36.1248650165417 -79.9631308210785,36.124840016658 -79.9630198208733,36.1247430170843 -79.9628428205669,36.1245940177569 -79.9626018201759,36.1243980186642 -79.9623948199021,36.1242470194214 -79.9623388198277,36.1242060196265 -79.9619598206041,36.124298020534 -79.9616798211456,36.124357021216 -79.9616408203451,36.1241110216423 -79.9616368202672,36.1240870216844 -79.9615798190758,36.1237210223161 -79.9615758189808,36.1236920223648 -79.9615458175232,36.123258023012 -79.9615288156851,36.1227180237624 -79.9615248140893,36.1222530243796 -79.9615218125887,36.1218160249576 -79.961593809807,36.1210350257797 -79.9616428083654,36.1206350261675 -79.9617108067531,36.1201930265579 -79.9618008049857,36.1197150269347 -79.9622967968585,36.1175580283835 -79.9630777839707,36.1141680306345 -79.96346377744,36.1124610317782 -79.9641527658273,36.1094510337553 -79.9642027649713,36.1092300339013 -79.9644787602852,36.1080240346872 -79.9642767601614,36.1078950354176 -79.9637487598449,36.1075580373276 -79.9634307596586,36.1073550384789 -79.9632697595683,36.1072530390611 -79.9631077594735,36.1071490396487 -79.9623067584541,36.1064720427686 -79.962062758029,36.1062310437653 -79.9617357572296,36.1058400451906 -79.960952755045,36.104817048722 -79.9606277543099,36.1044390501292 -79.9602477534584,36.1039970517761 -79.9601197528223,36.1037450524664 -79.9597047506189,36.1028830547658 -79.9591827471544,36.101586057943 -79.9591237467164,36.1014250583215 -79.9587087436608,36.100296060982 -79.9586217431873,36.1001080614761 -79.958506742672,36.0998920620867 -79.9584257424481,36.0997810624626 -79.958402742383,36.0997490625699 -79.9583177422377,36.0996590629296 -79.95780174178,36.09923706495 -79.9568627412518,36.098552068522 -79.9560577409485,36.0980020715399 -79.9555857408488,36.0977000732841 -79.9545427409167,36.0971130770359 -79.9543677409426,36.0970180776613 -79.9537347410422,36.0966740799254 -79.9537917366864,36.095364081522 -79.9537977362597,36.0952360816768 -79.9537917354774,36.0949910820229 -79.953792734772,36.0947740823114 -79.9538317317542,36.0938670834177 -79.9538567298881,36.0933070840979 -79.9538847262151,36.0921920855143 -79.9531487275709,36.0921460876894 -79.952611728531,36.0921030892893 -79.9522727291381,36.0920760902992 -79.95216372931,36.0920600906338 -79.9521207293789,36.0920540907654 -79.9519547296676,36.0920380912638 -79.9514597303028,36.0919190928465 -79.951126730621,36.091804093959 -79.9508447308362,36.0916890949253 -79.9505187311249,36.0915680960266 -79.9490127323197,36.0909561011917 -79.9484347326635,36.0906801032328 -79.9473947330127,36.0900891070392 -79.9470167331501,36.0898751084231 -79.9467397332407,36.0897141094435 -79.9443857342303,36.0883881180744 -79.942598735092,36.0873821246465 -79.9396767366594,36.0857221354528 -79.9369547383675,36.0841831455527 -79.9362517388064,36.0837721481874 -79.9335187408343,36.0822401583624 -79.931732742275,36.0812381650356 -79.9313237426193,36.0810091665656 -79.930881745127,36.0815671670461 -79.930664746446,36.08187616723 -79.930395748563,36.0824441671869 -79.9302597499321,36.0828461669968 -79.9296177563941,36.0847581660711 -79.9295487570835,36.0849631659716 -79.9294737578299,36.0851851658645 -79.9292177604496,36.0859731654533 -79.9290877615184,36.0862741653892 -79.9289537623577,36.0864841654697 -79.9288247630499,36.0866421656119 -79.9287007636913,36.0867851657613 -79.9285437643934,36.0869241660121 -79.928410764926,36.0870181662594 -79.928011766466,36.0872791670311 -79.9275217681464,36.0875201680947 -79.9269137698975,36.0876911696019 -79.9250187748546,36.0880371745709 -79.9227067807588,36.0884191806847 -79.9220327824874,36.0885371824554 -79.9215677836765,36.0886181836771 -79.9203587867601,36.0888291868513 -79.9195347888569,36.0889741890114 -79.9187667908169,36.0891141910163 -79.9186377911467,36.0891381913522 -79.9184657915839,36.0891691918015 -79.9180707925725,36.0892341928427 -79.9177167934567,36.0892921937759 -79.9176327936669,36.089306193997 -79.9176137937141,36.0893091940472 -79.9173407943704,36.0893431947832 -79.9172457945991,36.0893551950389 -79.9168567955391,36.0894061960834 -79.9161767970551,36.0894401979932 -79.9158817976791,36.0894401988443 -79.9155177984468,36.0894391998959 -79.9153427987947,36.0894292004162 -79.9150977992862,36.0894172011414 -79.9147477999578,36.0893862021989 -79.9146378001684,36.0893762025317 -79.9143768006479,36.0893432033355 -79.9139238014795,36.0892852047321 -79.9132058027129,36.0891532070082 -79.9126868035542,36.089033208692 -79.912037804613,36.0888842107969 -79.9117948050318,36.0888382115701 -79.9113878057751,36.0887802128357 -79.9095228093263,36.0885762185414 -79.9090288102579,36.0885162200628 -79.9087518107802,36.0884822209165 -79.9082458117378,36.0884212224746 -79.908008812186,36.0883922232051 -79.9071168138866,36.0882882259471 -79.9054328170654,36.0880692311622 -79.9034248209351,36.0878362373407 -79.9024288228971,36.0877382403789 -79.9016778243438,36.0876452427011 -79.9008188260223,36.0875492453414 -79.8999448277229,36.0874452480388 -79.8990998295234,36.0874282505125 -79.8985618307347,36.0874532520295 -79.898370831199,36.087481252537 -79.8981258317925,36.0875162531895 -79.8976928328993,36.0876112542886 -79.8970278346603,36.0877942559154 -79.8952978394266,36.0883952599373 -79.8949368404136,36.0885202607759 -79.8944058418751,36.0887122619953 -79.8913648501524,36.0898182689483 -79.890872851456,36.0899852700898 -79.8906058520889,36.0900302707847 -79.8904688523909,36.0900392711646 -79.8900948531398,36.0900162722807 -79.8897588537637,36.0899642733355 -79.8888518554762,36.0898392761583 -79.8883638564127,36.0897802776637 -79.888350856437,36.0897782777046 -79.8869518590615,36.089563282099 -79.8866968595478,36.0895282828933 -79.8857208613781,36.0893702859746 -79.8844828637119,36.0891702898846 -79.8841718643134,36.0891292908516 -79.88375386515,36.0890932921192 -79.8833888659156,36.0890862931846 -79.8804358723705,36.0892223014765 -79.8796888740087,36.089263303562 -79.8790858753363,36.0893013052369 -79.8788958757557,36.0893143057629 -79.8782518772896,36.0894473073922 -79.8773008797859,36.089835309466 -79.8762298825767,36.0902743117934 -79.8759038834157,36.090403312509 -79.874685886563,36.0909123151316 -79.8744538871647,36.0910143156217 -79.8736998890894,36.0913263172467 -79.8731238905476,36.0915613184924 -79.872120893101,36.0919983206096 -79.8716838941386,36.0921273216384 -79.8715088945482,36.0921743220585 -79.8712198951826,36.092214322818 -79.8705378966511,36.0922843246528 -79.8701178975425,36.0923163258021 -79.8693108992423,36.0923673280285 -79.8690818997082,36.0923663286875 -79.8689129000394,36.0923533291956 -79.8684499008757,36.0922473307122 -79.8671609030628,36.091795335216 -79.866488904207,36.0915513375812 -79.8660149050747,36.0914373391469 -79.8656379058043,36.0913863403218 -79.8653539063616,36.0913553411937 -79.8650589069402,36.0913223421009 -79.8637249095991,36.0912133461324 -79.8631699106982,36.0911573478292 -79.862559911918,36.0911073496737 -79.8609719150904,36.0909643545003 -79.8603219164017,36.0909173564557 -79.8599559171459,36.0908973575451 -79.8586539197697,36.0907913614847 -79.8577359216357,36.0907323642345 -79.854669927881,36.0905243734425 -79.8539469293566,36.0904723756202 -79.8535799300922,36.0904233767675 -79.8533039306402,36.0903773776473 -79.8530179312006,36.0903163785838 -79.8528869314539,36.090282379024 -79.8525839320379,36.0901993800504 -79.8520739329929,36.0900073818755 -79.8516839337143,36.0898393833111 -79.851034934887,36.0894973858175 -79.8503699361004,36.0891463883891 -79.8499269369185,36.0889183900926 -79.8495369376583,36.0887463915397 -79.8473249419874,36.0879143994901 -79.8470449425562,36.0878394004408 -79.8462779441334,36.087664402989 -79.845456945827,36.0874714057289 -79.8437139494367,36.0870264116176 -79.843232950442,36.086909413233 -79.8409469552649,36.0863694208876 -79.8404689562777,36.0862434225147 -79.8389169595721,36.0857714279226 -79.8380539614223,36.0855174309166 -79.8374419627367,36.0853154330833 -79.8373489629363,36.085281433419 -79.8354019671534,36.0845714404513 -79.8351769676454,36.0844894412648 -79.8331639720901,36.0837594485438 -79.8319749747502,36.083312452881 -79.8314049760357,36.0831044549499 -79.8305069780721,36.0827354582926 -79.8301699788395,36.082544459651 -79.8295289803083,36.0821154623657 -79.8293819806471,36.0819934630351 -79.8289099817412,36.0816044651803 -79.8287659820769,36.0814864658338 -79.8283769829876,36.0811924675511 -79.8280279838078,36.0809844689829 -79.8277379844922,36.0808124701714 -79.8271959857768,36.0805184723399 -79.8263829877137,36.0801494754529 -79.8259709887009,36.0799664770236 -79.8251479906808,36.079635480095 -79.8232999951843,36.0788544870768 -79.8226649967485,36.0785894894724 -79.8222519977724,36.0784074910508 -79.8218639987363,36.0782444925183 -79.8216209993416,36.0781424934375 -79.8210180008467,36.0779014956953 -79.8208640012337,36.0778334962851 -79.8200650032449,36.077503499301 -79.8174100100354,36.0763785093992 -79.8168550114719,36.0761515114973 -79.8157320143989,36.0756915157479 -79.815376015336,36.0755355171172 -79.8152490156712,36.0754795176066 -79.8150110162943,36.0753905184913 -79.8148730166563,36.0753385190052 -79.8145940173942,36.0752205200705 -79.8146550173102,36.0750435202514 -79.8146820173417,36.0747845206999 -79.8147360175498,36.0738815223822 -79.8147320176115,36.0737455226715 -79.814760017766,36.0731515238001 -79.8147620178482,36.0729215242634 -79.8148000178335,36.0727045245931 -79.8148430178056,36.072487524908 -79.8148660177901,36.0723725250742 -79.814900017768,36.072199525326 -79.8149350177442,36.0720235255808 -79.8149680177872,36.07168152618 -79.8150030178905,36.0711625271339 -79.8150280179236,36.0708995275956 -79.8150990181802,36.0697085298115 -79.8151570184702,36.0685085320838 -79.8168020140808,36.0685485270843 -79.8172010130181,36.0685535258813 -79.8179510110192,36.0685685236086 -79.8182180103061,36.0685795227882 -79.8188220086935,36.0686045209321 -79.8189030087975,36.0674275230663 -79.8189460090023,36.0662415253318 -79.8189780091073,36.065528526675 -79.819027009435,36.0638055300054 -79.8190380094252,36.0637275301297 -79.8190950095439,36.0626855320607 -79.8190880096102,36.062510532435 -79.8190980096542,36.0622395329517 -79.8193860088578,36.0621745322126 -79.8202130065518,36.0620455299733 -79.821177003841,36.0619695272125 -79.8223400005696,36.0618555239253 -79.8234059975644,36.0617545209042 -79.8239129961315,36.061718519443 -79.8239339961209,36.0613695200753 -79.8239889959784,36.0612685201102 -79.8240249958826,36.061219520099 -79.8240799957336,36.0611625200461 -79.8241619955095,36.0610895199434 -79.824358994968,36.0609295196657 -79.8246099942485,36.0609475188699 -79.8248369936067,36.060889518298 -79.8257529909968,36.0607945157128 -79.8261769897928,36.0606815146527 -79.8264899889073,36.0605325139998 -79.8266819883675,36.0603745137309 -79.8269199876984,36.0601425134687 -79.8270039874646,36.0600105134751 -79.8271109871697,36.0597765136135 -79.8273049866342,36.059305513956 -79.8277159854786,36.0584345144283 -79.8279389848386,36.0581065143977 -79.8281399842557,36.0579035141867 -79.8288229822571,36.0573565131855 -79.8289729818156,36.0572285129806 -79.8294399804349,36.0568735122559 -79.8295789800222,36.056751512072 -79.8300339786658,36.0563985113778 -79.8301299783789,36.0563375112047 -79.830979975817,36.0556175100215 -79.8312329750444,36.0553245098222 -79.8314119744939,36.0550895097349 -79.8318589731045,36.0544245096678 -79.832072972434,36.054107509632 -79.832887969845,36.052868509551 -79.8330279693951,36.0526575095325 -79.833585967586,36.0518085094715 -79.8340059662059,36.0511525094554 -79.8341479657325,36.0509025095041 -79.8343669650053,36.0505665094823 -79.8344719646556,36.0504075094676 -79.8350499627044,36.0494625095184 -79.8356089607911,36.0485535095529 -79.8358979598067,36.0481715093986 -79.836308958421,36.0477615089198 -79.8368459566118,36.0473005081477 -79.8380069526643,36.0463385064032 -79.8383329515567,36.0461165058189 -79.8384809510526,36.0460155055537 -79.8390309491794,36.0456685045129 -79.8396609470026,36.0452005034533 -79.8400599456016,36.0448525028794 -79.8407249432508,36.0442735019179 -79.8410799421271,36.0444195005349 -79.8416509403252,36.044654498311 -79.8416739402526,36.0446634982224 -79.8420839389605,36.0448234966431 -79.8424999376469,36.0449684950743 -79.8431069357299,36.0451634928177 -79.8435219344168,36.0452804913066 -79.8439589330333,36.0453944897333 -79.8455599279567,36.0457404841087 -79.8461179262004,36.0458754821225 -79.8462949256442,36.0459184814923 -79.84897591722,36.0464764721303 -79.84924591638,36.0465404711737 -79.8494479157522,36.046588470458 -79.851298910011,36.0470074639424 -79.8513859097423,36.0470274636358 -79.8531249043898,36.0474254575139 -79.85581889617,36.048043448041 -79.856588893836,36.0482194453377 -79.8568568928976,36.0481024447232 -79.857924889126,36.0476154423087 -79.8587948859934,36.0471664404331 -79.8591218848067,36.0469924397367 -79.8595088833803,36.0467634389536 -79.859663882809,36.0466734386366 -79.861276876523,36.0453784359769 -79.8618938740739,36.0448644349875 -79.8620608733989,36.0447144347388 -79.8622018728148,36.0445724345563 -79.862364872092,36.0443544344421 -79.8625178713596,36.0440894344432 -79.8626238707197,36.0437544347162 -79.8626748702827,36.0434454351135 -79.8626778701234,36.0432734354136 -79.8626678698717,36.0429454360351 -79.862592869733,36.0424974370753 -79.8624678697299,36.0420104383422 -79.8619928699762,36.040429442676 -79.8615448700809,36.0387434471222 -79.8615008700134,36.0384824477315 -79.8614878698605,36.0382464481984 -79.8614898695914,36.0379334487572 -79.861529868975,36.0373634496605 -79.861548868622,36.0370214502181 -79.8618138676354,36.0369454495211 -79.8620738666362,36.0368354489009 -79.8623738654572,36.0366804482354 -79.8628658634715,36.0363724472399 -79.8639978588299,36.0356164450284 -79.8648128554941,36.035108443366 -79.8651538540589,36.0348604427326 -79.8654348528149,36.03459444232 -79.8661548495768,36.0338784413209 -79.8663938484551,36.0335984410635 -79.8673098442842,36.0326874397826 -79.867631842784,36.0323434393726 -79.8678688415087,36.0319234393659 -79.8680868401164,36.0313244397358 -79.8682858387215,36.0306614402782 -79.86845883757,36.0301504406329 -79.8685508369361,36.0298594408552 -79.8685748367714,36.0297844409116 -79.8686598362454,36.0295754410108 -79.8687768356049,36.0293704410007 -79.8690028345098,36.0291154407315 -79.8693198330403,36.0288264402315 -79.8693898327275,36.0287744401001 -79.8695928318201,36.0286244397175 -79.8691448328954,36.0280634421379 -79.8691108330341,36.0280754422253 -79.8688218339602,36.0279324434008 -79.8685838347242,36.0278144443697 -79.8683268355543,36.0276904454101 -79.8682988357002,36.027731445427 -79.868266835867,36.0277784454459 -79.8681888362665,36.0278864455037 -79.8681508364614,36.0279394455311 -79.8684988353261,36.0280944441454 -79.8683518360985,36.0283174442198 -79.8682998363623,36.0283874442617 -79.8679498374871,36.0282164456818 -79.8679318375791,36.0282414456949 -79.8674648399528,36.0288874460385 -79.8673398405846,36.0290594461315 -79.8671528412516,36.0290364467685 -79.8670518416034,36.0290154471278 -79.8669998409554,36.0281594488154 -79.8670338407762,36.0281054488029 -79.8671008405569,36.0281354485357 -79.8672508400723,36.0282084479271 -79.8677048377643,36.0275844475852 -79.8677438375709,36.0275364475458 -79.867618837979,36.0274784480481 -79.8671818394084,36.0272754498053 -79.8671188396151,36.0272464500582 -79.8678808357509,36.0262324494206 -79.8678498358525,36.0262174495464 -79.8675458368497,36.0260704507808 -79.8670188385838,36.0258154529219 -79.8666838396899,36.0256534542835 -79.8670758376934,36.0251284539604 -79.8671798371622,36.0249894538738 -79.867096837478,36.0249904541383 -79.8668848382872,36.0249954548095 -79.8668538384058,36.0249964549072 -79.8668008381081,36.0244854559862 -79.8667538378347,36.0240214569626 -79.8667438376156,36.0237574574644 -79.8667338372437,36.0233364582456 -79.8666728372463,36.0230984588653 -79.8666178371381,36.0227694596279 -79.8665818371264,36.0226144600197 -79.8664708358488,36.0208514635161 -79.8664508357741,36.0206934638621 -79.8664358357089,36.0205654641384 -79.866421835441,36.0202314647784 -79.8662978337342,36.0179544692354 -79.8662418321658,36.0160914727363 -79.8662168316064,36.0154044740417 -79.8661978312261,36.0149284749517 -79.8656898332892,36.0149314766017 -79.8654838341482,36.0149564772283 -79.8624638466358,36.0152364865643 -79.8619468487683,36.0152834881635 -79.8614818506524,36.0152864896724 -79.861493850433,36.0150824900016 -79.8619188487127,36.0150844886135 -79.8619778480884,36.0146314892381 -79.8618028487927,36.014623489823 -79.8616288494931,36.0146154904047 -79.8614658501488,36.0146074909505 -79.8612958508339,36.0146004915173 -79.8612438516171,36.0152884904439 -79.8609928526344,36.0152904912577 -79.8603678551382,36.0152594933493 -79.8602368556507,36.0152374938157 -79.8595888581009,36.0150184963238 -79.8591108599104,36.0148534981809 -79.8588018610905,36.0147574993626 -79.85845886243,36.014687500608 -79.8582268633513,36.0146595014152 -79.8580868639148,36.0146525018844 -79.8577178654118,36.0146495030927 -79.8575708660127,36.0146545035628 -79.8571748676114,36.0146405048793 -79.8568088691336,36.0146895059828 -79.8566668696634,36.0146235065664 -79.8564808703584,36.0145375073302 -79.8563688707772,36.0144855077906 -79.8557018732764,36.0141745105361 -79.8550298758182,36.0138805132687 -79.8547118770081,36.0137165146082 -79.8545128777755,36.0136465153866 -79.8543538783892,36.0135905160089 -79.854207878965,36.0135575165464 -79.853872880287,36.0134815177804 -79.8537268808739,36.0134645182885 -79.8533458824073,36.0134225196104 -79.8529188841405,36.0133975210512 -79.8524088862069,36.0133605227854 -79.8524328859816,36.0131495230976 -79.8526108844079,36.0117585250893 -79.8525168847956,36.0117565254008 -79.8519908869635,36.0117415271509 -79.8512398900602,36.0117215296472 -79.8505818927744,36.0117045318335 -79.8498888956346,36.0116885341326 -79.8494128975995,36.0116775357119 -79.8486839006097,36.0116615381292 -79.8486089009193,36.0116595383785 -79.8482709023159,36.0116535394967 -79.8475899051316,36.0116445417437 -79.8470609073135,36.0116255435119 -79.846642909042,36.0116195448921 -79.8462399107085,36.0116135462233 -79.8462259107507,36.0115775463369 -79.8461709108807,36.0113545469368 -79.8461349108934,36.011042547642 -79.8461439106646,36.0106055484352 -79.8461469105899,36.0104635486926 -79.8461519104528,36.0101985491751 -79.8461529104368,36.0101715492226 -79.8461529104294,36.0101545492546 -79.8462399094542,36.0087665515812 -79.8462189093073,36.0082315526572 -79.8462139092792,36.0081195528844 -79.8462109092554,36.0080365530505 -79.8450219145301,36.0086215558614 -79.8429219237582,36.0096555608075 -79.8423709261606,36.0099265621023 -79.8422279267827,36.0099965624386 -79.8412189311585,36.0104935648035 -79.8398259371565,36.0111795680605 -79.8396529378315,36.0110175689377 -79.8386829416692,36.0102175736533 -79.8379889444629,36.009747576835 -79.8378199451463,36.0096355776056 -79.837291947288,36.0092865800126 -79.8368529490716,36.0089735820593 -79.8365479503071,36.0087145835622 -79.8364399507442,36.0086155841087 -79.8362699514334,36.0084595849694 -79.8357879533888,36.0079805874821 -79.8356029541473,36.0078265883895 -79.8335999626417,36.0078305949797 -79.8332449641516,36.0078745960635 -79.8331939644176,36.0083685952694 -79.8329139656068,36.0084305960702 -79.8326079669014,36.0084515970363 -79.8323789678835,36.0086365974289 -79.8322259685431,36.0088215975711 -79.8317929703747,36.008924598794 -79.8312029728562,36.0088516008772 -79.8289659822853,36.0085746087798 -79.8285089842155,36.008521610388 -79.8273999889062,36.0083626143515 -79.8265239926106,36.0083376172843 -79.8263679932704,36.0083326178077 -79.8261279942857,36.0083246186135 -79.8242550022051,36.0083166247946 -79.8242450023732,36.0073646267241 -79.8238320041258,36.0073906280337 -79.8237230045872,36.0074046283651 -79.8236420049292,36.0074206286001 -79.8235810051853,36.0074426287573 -79.8234800056112,36.0074646290463 -79.8231220071265,36.0075036301483 -79.822939007894,36.0075636306315 -79.8228440082937,36.0075866308985 -79.8227770085755,36.0076026310873 -79.8227020088902,36.0076246312905 -79.8226270092058,36.0076406315056 -79.8225470095377,36.0076846316812 -79.8224550099182,36.0077406318723 -79.8224110101,36.0077676319632 -79.8222420108038,36.0078386323778 -79.8220590115569,36.0079596327382 -79.8219470120142,36.0080496329267 -79.8184320269259,36.0079566446895 -79.81589703767,36.0079486530546 -79.815568039072,36.0079266541829 -79.8143650442011,36.0078476583064 -79.8120200541846,36.0077576662156 -79.8110470583367,36.0077066695261 -79.8102290617698,36.0077836720624 -79.810545061396,36.0058066750958 -79.8102560626417,36.0057966760713 -79.8102690634982,36.0039576798209 -79.8102720642555,36.0024046830137 -79.8104890633081,36.0023976823074 -79.8104960634132,36.002120682855 -79.8104970634529,36.0020306830372 -79.8105100636613,36.0014886841111 -79.8105090636755,36.0014686841557 -79.8105070636975,36.001441684218 -79.8105020637632,36.0013526844181 -79.8104860639804,36.0010536850876 -79.8092800693777,36.0009186893803 -79.8073250781492,36.0006926963573 -79.8070990791646,36.0006666971639 -79.8060660838098,36.0005477008517 -79.8057140853938,36.0005077021075 -79.8058070847264,36.0009247009284 -79.8058280845754,36.0010197006605 -79.8058400844876,36.0010767005017 -79.8058890841339,36.0013016998697 -79.8059300838349,36.001495699329 -79.8058070843529,36.0015346996568 -79.8050310876164,36.0017787017279 -79.8049940877715,36.0017907018258 -79.804970087872,36.0017987018889 -79.8049830877629,36.0018807016744 -79.8049640875305,36.0023787006973 -79.8049520873858,36.0026897000875 -79.8047390882766,36.0027537006608 -79.8045960888748,36.0027957010478 -79.8045450890881,36.0028107011857 -79.8045480890505,36.0028487010962 -79.8045590888883,36.0030257006896 -79.8044230894742,36.0030377011158 -79.8039160916603,36.0030787027122 -79.8039720912964,36.0032597021474 -79.8039800912378,36.0032957020455 -79.8030520952634,36.0033237050648 -79.8030200954015,36.0033257051667 -79.8029110958765,36.0033257055282 -79.8026900968326,36.0033357062402 -79.8024470978845,36.0033457070251 -79.8022290988281,36.0033547077292 -79.802080099468,36.003367708196 -79.801990099853,36.0033777084735 -79.8018091006322,36.0033907090463 -79.8011361035221,36.0034477111581 -79.800708105362,36.0034797125098 -79.8004851063757,36.0034227133696 -79.8003871074927,36.002506715629 -79.8003811075943,36.0024067158601 -79.8004201086237,36.0008117190987 -79.8004131089528,36.0004157199582 -79.8001191102464,36.0004287209102 -79.7995201128802,36.0004567228463 -79.7990431149772,36.0004787243886 -79.7990001151661,36.0004807245275 -79.7974881218067,36.0005537294087 -79.7965161260733,36.0005997325479 -79.796298127031,36.0006087332548 -79.7960151282739,36.0006207341716 -79.7939211374508,36.0007247409221 -79.7925691433691,36.0007927452776 -79.7921241453163,36.0008147467118 -79.7920461449877,36.0015087454768 -79.7920141448489,36.0017967449629 -79.7920081448267,36.0018467448752 -79.7919701447234,36.0021247444027 -79.7918781444564,36.0028127432261 -79.7918641441967,36.0031417425637 -79.7918841438872,36.0033697420062 -79.7918881438259,36.0034147418959 -79.7918971437418,36.003460741767 -79.7919071436506,36.0035097416283 -79.7919901429442,36.0038647405884 -79.7921381418733,36.0043067391462 -79.7923481404831,36.0048057373768 -79.7923551404375,36.0048217373192 -79.7924451398308,36.005048736533 -79.7927051381021,36.0056857343032 -79.7927441378441,36.00578073397 -79.7928261373038,36.0059787332734 -79.7928991368229,36.0061557326518 -79.7930941355394,36.0066307309874 -79.793220134863,36.0067777302558 -79.7931491351773,36.0067657305159 -79.7928571364246,36.0067647314814 -79.792736136942,36.0067637318829 -79.7912791431638,36.0067607366966 -79.7912261433891,36.0067617368693 -79.7910311442174,36.006765737504 -79.7909621445099,36.0067677377273 -79.7909081447364,36.0067717378969 -79.7907711439459,36.0081417353897 -79.7907101436651,36.0086777344326 -79.7906471435442,36.0090617338101 -79.7905841438093,36.0090617340172 -79.7897781472024,36.0090607366695 -79.7892621493906,36.0090447384007 -79.7889031508974,36.0090487395724 -79.788536152441,36.0090497407769 -79.7872151579744,36.0090737450681 -79.7870361587288,36.0090727456587 -79.785631164656,36.0090597503066 -79.7854861652663,36.0090597507833 -79.7849121677675,36.0089857528326 -79.7844311707279,36.0081857561677 -79.7828791804149,36.0056057669523 -79.7828321807113,36.0055277672792 -79.7827811810312,36.0054447676305 -79.7820671855651,36.0042567726089 -79.781411189769,36.0031657771894 -79.7798801995241,36.0007757875614 -79.7798191999165,36.0006807879749 -79.7797902001042,36.0006347881734 -79.7797762001945,36.0006127882687 -79.7797732004181,36.0004497886398 -79.7797732004349,36.0004367886686 -79.7797702008043,36.00016078929 -79.7797672010411,35.9998897896588 -79.7797642010822,35.9996797896688 -79.7797642010875,35.9996397896688 -79.7797612011312,35.9994107896788 -79.7797602011538,35.9992727896822 -79.7797592011648,35.9992237896855 -79.779750201289,35.9985867897155 -79.7797502012931,35.9985557897155 -79.7797222017188,35.9962737898088 -79.7797212017364,35.9961737898122 -79.7796572027191,35.9908687900255 -79.7795612031421,35.9908667903455 -79.7794672035569,35.9908607906588 -79.7778402107337,35.9907657960822 -79.7776512115657,35.9907677967122 -79.7774292125429,35.9907707974522 -79.7759592189735,35.9911378023522 -79.7749642233302,35.9913758056688 -79.7746372247635,35.9914438067588 -79.7733202305409,35.9916938111488 -79.7687042508159,35.9925378265355 -79.7684612518832,35.9925938273455 -79.7682222529321,35.9926618281422 -79.7679882539581,35.9927408289222 -79.7657432638022,35.9936168364055 -79.7652952657702,35.9937698378988 -79.7651472664212,35.9938098383922 -79.7646472686208,35.9939458400588 -79.7631212753378,35.9943598451455 -79.7624752781835,35.9945258472988 -79.7622312792592,35.9945778481122 -79.7618982807283,35.9946318492221 -79.7617382814347,35.9946498497555 -79.7614082828924,35.9946708508555 -79.7608962851553,35.9946818525622 -79.7583032966198,35.9946468612055 -79.7567113036579,35.9946328665121 -79.7549583114076,35.9946158723555 -79.7548293119778,35.9946148727855 -79.7547883121591,35.9946148729222 -79.7542743144311,35.9946228746355 -79.7538113164777,35.9946298761788 -79.7509143292839,35.9946728858355 -79.7498543334012,35.9946838891855 -79.7497713334438,35.9955528893574 -79.7497753334419,35.9955838893492 -79.749764333448,35.9957638893721 -79.7497353334634,35.9960228894323 -79.7496673334968,35.9959948895728 -79.7494703335932,35.9958968899797 -79.7490163338118,35.9956128909163 -79.7489723338327,35.995582891007 -79.7483583341199,35.9951668922715 -79.7479203343183,35.9948388931718 -79.7477033344134,35.994641893617 -79.747667334429,35.9946088936908 -79.7475093344972,35.9944648940147 -79.7471703346407,35.9941558947089 -79.7465173349079,35.9935728960436 -79.7461793350398,35.9932518967328 -79.7453883353341,35.9925018983418 -79.7448733355106,35.9919648993853 -79.7444823356383,35.991557900176 -79.7438853358181,35.9908919013792 -79.7432333359973,35.9901499026886 -79.742676336127,35.9894339038011 -79.7423273361994,35.9889709044959 -79.7418703363712,35.9889789054259 -79.7393373373207,35.9889939105803 -79.7389783374578,35.9890089113114 -79.7398953372976,35.990067909494 -79.7418753368378,35.9923509055397 -79.7404523375451,35.9929229084813 -79.7404063375697,35.9929489085769 -79.7385653385889,35.9940029124101 -79.7384573386474,35.9940479126346 -79.738285338736,35.9940949129911 -79.7381663387945,35.9941129132369 -79.7378923389251,35.9941329138018 -79.737881339021,35.9945709138485 -79.7378773390334,35.9946219138595 -79.7377593390914,35.9946339141033 -79.7376513391469,35.994655914327 -79.7369833394848,35.9947609157094 -79.7365423397561,35.9950339166349 -79.7362093399261,35.9950809173244 -79.7356593403004,35.9955349184881 -79.7353293405289,35.9958069191873 -79.735111340751,35.996258919668 -79.7346163411052,35.9966679207199 -79.7346213412686,35.9972989207535 -79.734349341554,35.9978409213555 -79.7343003417736,35.9985629215085 -79.7340253419835,35.9987899220963 -79.7339763422076,35.9995109222504 -79.7338663422936,35.9996019224861 -79.733816342416,36.0000059226024 -79.7338203415729,36.000390921663 -79.7336013410026,36.0007079213524 -79.7336173371538,36.0024649170691 -79.733505337206,36.002468917292 -79.7329033365959,36.0028969175056 -79.7323443368567,36.0029159186193 -79.7322353367114,36.0030089186201 -79.732067336789,36.0030149189541 -79.731853336289,36.003294918719 -79.7318623356841,36.0035679180384 -79.7311933347803,36.0041409180344 -79.7311873343803,36.0043239176026 -79.7311773341256,36.004441917337 -79.7311723340754,36.004465917289 -79.7311603339231,36.0045379171391 -79.7311393337447,36.0046239169738 -79.7310903336075,36.0046979168956 -79.7310153334861,36.0047709168736 -79.730927333398,36.0048319169075 -79.7307663332776,36.0049249170147 -79.7307113332183,36.0049649170313 -79.7306843331266,36.0050129169705 -79.7306263327928,36.0051779166897 -79.7305823324958,36.0053229164285 -79.7304653322324,36.0054699163131 -79.7303363320368,36.0055889162905 -79.7302683319684,36.0056359163168 -79.7301733319184,36.0056809164037 -79.7300793318899,36.0057159165128 -79.7299943319032,36.0057299166543 -79.7297883319904,36.0057389170579 -79.7296393320414,36.0057509173365 -79.7295243320414,36.0057779175083 -79.7294573320275,36.0057999175931 -79.729369331938,36.0058609176264 -79.7292873318098,36.0059379176084 -79.7292273316835,36.0060089175595 -79.7291523315871,36.0060699175659 -79.7290583314183,36.0061679175214 -79.7290043312731,36.006245917443 -79.7289563310671,36.0063499172889 -79.7289233309997,36.0063879172644 -79.7288013307939,36.0065089172215 -79.7285513301513,36.006855916892 -79.728450329934,36.0069769168055 -79.7283143296855,36.0071199167374 -79.7282243295623,36.0071959167376 -79.728186329506,36.0072299167331 -79.7281493294536,36.0072619167313 -79.7280043292335,36.0073939167083 -79.7278013290671,36.0075149168315 -79.7276993289338,36.0075979168391 -79.7274833285035,36.0078399166936 -79.7273953282534,36.0079719165527 -79.7273413280598,36.0080709164223 -79.7273073278693,36.0081639162654 -79.72726732751,36.0083339159328 -79.7272473268191,36.0086479152078 -79.7272263264992,36.0087959148898 -79.7271933258169,36.0091089141938 -79.7270913251796,36.0094169136517 -79.727044324995,36.0095099135212 -79.7269833245828,36.0097079131631 -79.7269223243915,36.0098069130466 -79.7268693242566,36.0098789129795 -79.72679432411,36.0099609129332 -79.7267293239607,36.0100419128688 -79.7267063239071,36.0100709128452 -79.7266723237023,36.0101699126731 -79.7266183235565,36.0102469125958 -79.7265853234137,36.0103179124901 -79.7264973231724,36.0104449123602 -79.7263953229891,36.0105489123153 -79.7262403227306,36.0106979122688 -79.7258483223037,36.0109729123997 -79.7256723221798,36.0110659125327 -79.7255103220355,36.0111649126223 -79.7253473219409,36.0112419127677 -79.7252873218821,36.0112809127951 -79.7252463218411,36.0113079128129 -79.7251313217839,36.0113579129259 -79.7249753217731,36.0113959131522 -79.7248473217107,36.0114509132795 -79.7247123216763,36.0114949134481 -79.7243943215061,36.0116379137485 -79.7241513213244,36.0117699139222 -79.7239483211232,36.0119019140138 -79.7237653209867,36.0120009141453 -79.7234613208326,36.0121329144431 -79.7231163206973,36.0122649148244 -79.7227983205984,36.0123749152043 -79.7225273204406,36.0125009154486 -79.7222033202686,36.0126439157591 -79.7220753202289,36.0126879159125 -79.7220063201864,36.0127209159723 -79.7217973200095,36.0128419161016 -79.7215613197948,36.0129849162319 -79.7213713195946,36.0131119163073 -79.7212563194366,36.0132049163132 -79.7211483192615,36.01330391629 -79.7208173186017,36.0136609160866 -79.7205733179982,36.013974915811 -79.7205203177101,36.0141119155816 -79.7204653173474,36.0142819152751 -79.7204253169002,36.0144859148541 -79.7204183163648,36.0147219142872 -79.7204123163037,36.0147499142304 -79.720398315922,36.0149199138402 -79.7204253152708,36.0151999130957 -79.720398314895,36.0153699127319 -79.7202563142922,36.0156619123014 -79.7201753140521,36.0157829121679 -79.7200873138401,36.0158929120757 -79.7200203137077,36.0159639120369 -79.7199593135452,36.0160469119563 -79.7199183134263,36.0161069118917 -79.7198033132899,36.0161889119231 -79.7196683131736,36.0162659120074 -79.7195603130957,36.0163209120911 -79.719472312995,36.0163819121193 -79.71933031287,36.0164639122053 -79.7190393127968,36.0165519125788 -79.7188363129093,36.0165419130155 -79.7185593131072,36.0165089136591 -79.7183693132669,36.0164759141262 -79.7182073134281,36.0164369145514 -79.7180243135458,36.0164209149624 -79.7178423135894,36.0164369152922 -79.7177133135957,36.0164589154997 -79.7176263135329,36.0165029155675 -79.7175243134374,36.0165639156237 -79.7174493132562,36.016656915546 -79.7172743128884,36.0168499154237 -79.7171453125276,36.0170309152377 -79.717071312244,36.0171679150488 -79.717003312096,36.0172449149962 -79.7169223120044,36.0172999150243 -79.716814311936,36.0173499151194 -79.7166523118795,36.0174049153116 -79.7164153118693,36.0174539156706 -79.7160973117784,36.0175529160698 -79.7158263116667,36.0176519163735 -79.7156583115355,36.0177399164957 -79.7155633114097,36.0178119165097 -79.7154143111564,36.0179489164717 -79.715360310964,36.0180419163505 -79.7153133107152,36.018157916158 -79.7152453102479,36.0183719157649 -79.7150493097305,36.018630915519 -79.7149003094246,36.0187899154258 -79.7145153089743,36.019053915549 -79.7143793088782,36.0191199156599 -79.7142653086704,36.0192299156172 -79.7141903084599,36.0193339155104 -79.7141293080758,36.0195099151965 -79.7140853076775,36.0196889148408 -79.7140623072074,36.0198949143755 -79.7140553069286,36.0200159140891 -79.7141223060067,36.0203999130001 -79.7141503058415,36.0204659127797 -79.714171305742,36.0205049126406 -79.7142583054642,36.0206089122069 -79.7143683052119,36.0206979117641 -79.7144343050592,36.0207519114971 -79.7145093048493,36.0208289111548 -79.7145563047022,36.0208839109235 -79.7145763045406,36.0209499107194 -79.7145833043727,36.0210209105291 -79.7145363042524,36.0210809104748 -79.7144413041236,36.0211529104874 -79.7143603039519,36.0212409104321 -79.7142393034635,36.0214719101021 -79.7141233030635,36.0216639098587 -79.7140223027829,36.0218019097192 -79.7138333026026,36.0219119098262 -79.713690302392,36.022026909828 -79.7132103018396,36.0223459100001 -79.7129803015598,36.022504910067 -79.7128793013172,36.0226259099689 -79.712788301213,36.0226859100024 -79.7131573007165,36.0228359088881 -79.7134463003714,36.0229349080615 -79.7137413000522,36.0230219072529 -79.713942299859,36.0230709067275 -79.7143482995039,36.0231549057039 -79.7147592991937,36.0232189047199 -79.7151742989288,36.0232629037778 -79.7156562986704,36.023292902736 -79.7161972984493,36.0232969016403 -79.7155312983509,36.0234519025927 -79.7153042982864,36.0235179028845 -79.7150452981785,36.0236079031809 -79.7146942979596,36.0237609035053 -79.7128122966074,36.0246519050627 -79.7126752965194,36.0247119051877 -79.7125272964565,36.0247629053571 -79.7122942964165,36.0248179056867 -79.7106902964103,36.025079908244 -79.710066296432,36.0251709092654 -79.709742296512,36.0251889098687 -79.7094292966586,36.0251769105249 -79.7088722970087,36.0251179117869 -79.708858296917,36.0251589117124 -79.7088412968288,36.0251989116463 -79.708787296655,36.0252809115493 -79.7086932963898,36.0254079114196 -79.7085782961867,36.0255119113894 -79.7084152960393,36.0255999114951 -79.7081792958551,36.025714911679 -79.7080362957899,36.0257649118397 -79.7078542957796,36.0257979121208 -79.7076712958621,36.0257919125016 -79.7075162959438,36.0257819128364 -79.7073672960803,36.0257479132195 -79.7072112962147,36.0257159136115 -79.7070752962798,36.0257099138984 -79.7068932962812,36.025737914192 -79.7067452962198,36.0257869143649 -79.7066162961775,36.0258249145274 -79.7064472960689,36.0258969146845 -79.7063652959682,36.0259519147103 -79.7063392959254,36.0259739147071 -79.7061022960255,36.0259689151932 -79.7058712960207,36.0260069155593 -79.7056622958236,36.0261219156881 -79.7055202955726,36.0262489156526 -79.7054122954691,36.0263089157176 -79.7052502954619,36.0263369159707 -79.7050872954838,36.026352916256 -79.7045802955128,36.0264189171024 -79.7042682955751,36.02644091767 -79.7039582955837,36.0264849181781 -79.7037342955339,36.0265399184868 -79.7035992954633,36.0265899186304 -79.7034842953468,36.0266559186936 -79.7033692951508,36.0267549186737 -79.7032812949061,36.0268699185596 -79.7031192942764,36.027155918162 -79.7029162935693,36.02747991775 -79.7028892932874,36.0276009174988 -79.702991292576,36.0278809165897 -79.703044292239,36.0280129161514 -79.7030852918919,36.028150915722 -79.7030852912174,36.0284309150162 -79.7028152903992,36.028809914598 -79.7027002898825,36.0290409142441 -79.7026462894914,36.0292109139228 -79.7026052891462,36.0293599136285 -79.7025442887185,36.0295459132805 -79.7025442884266,36.0296669129754 -79.7025512882649,36.029732912795 -79.7026522878707,36.0298819122187 -79.7027542877175,36.0299309118926 -79.702869287519,36.029996911498 -79.702997287251,36.0300899110095 -79.7031602869689,36.0301839104492 -79.7033162867303,36.0302609099456 -79.7033902865462,36.0303269096326 -79.7034242863493,36.0304039093711 -79.7033832861395,36.0304969092182 -79.7032892858271,36.0306399090442 -79.7029432851366,36.0309749088857 -79.70280228468,36.0311839086381 -79.7027122843001,36.0313539083877 -79.702700284251,36.031375908356 -79.7026172839626,36.03150690819 -79.7026082839318,36.0315209081725 -79.7025712838017,36.0315799080969 -79.7024702834128,36.0317549078554 -79.7023862831098,36.031891907676 -79.7023682830385,36.0319239076309 -79.7023402829631,36.031958907598 -79.7022872828018,36.0320329075162 -79.7022542826992,36.0320799074628 -79.7021182824127,36.0322169073861 -79.7021032823741,36.0322349073703 -79.70198328207,36.0323769072492 -79.7018952817408,36.0325249070495 -79.7018482814514,36.0326509068243 -79.701821281153,36.032777906557 -79.7018142809037,36.0328819063083 -79.7018412806291,36.0329919059773 -79.7019222801124,36.0331949053049 -79.7019692797638,36.0333329048638 -79.7019562795021,36.0334429046118 -79.7019022792267,36.0335639044129 -79.7018082790436,36.0336519043762 -79.7016042788031,36.0337779044604 -79.7013402785666,36.0339099046476 -79.7011452783492,36.0340249047415 -79.700887278122,36.0341519049291 -79.7004552777761,36.0343499052797 -79.7003122776481,36.0344209053819 -79.7001502774723,36.0345139054657 -79.6997882771196,36.0347049056952 -79.6983462775445,36.0347129085144 -79.6980122774737,36.0347839089919 -79.6978502774281,36.0348229092118 -79.697599277373,36.0348769095689 -79.697268277325,36.0349379100655 -79.6970862773538,36.0349489103958 -79.6969302773624,36.0349649106622 -79.6967472772563,36.0350309108547 -79.6966292771279,36.0350979109166 -79.6965012771817,36.0350919111837 -79.6964492771853,36.0350969112733 -79.6962332772512,36.0350969116983 -79.6961582772569,36.0351039118281 -79.6960822772604,36.0351119119573 -79.6960572772631,36.0351139120014 -79.6959872772525,36.0351269121061 -79.6959202772409,36.0351399122049 -79.6958812772356,36.0351469122638 -79.6958352771807,36.0351749122831 -79.6958232771646,36.0351829122863 -79.6957562770816,36.0352249123112 -79.695732277052,36.0352399123203 -79.6957222770255,36.0352519123094 -79.6957032769746,36.0352749122883 -79.6956312767847,36.035360912211 -79.6955772765817,36.0354499120907 -79.6955292763967,36.0355309119789 -79.6954482759602,36.0357179116621 -79.695394275582,36.0358779113609 -79.6953332750455,36.0361029109079 -79.6952792746547,36.0362679105938 -79.6952452745168,36.0363279105078 -79.695143274098,36.0365099102446 -79.6950222739165,36.036597910258 -79.6949412738589,36.0366309103329 -79.6948122738178,36.0366629105045 -79.6946432738526,36.0366689108209 -79.6943252738768,36.0366969113736 -79.6941692739226,36.0366969116797 -79.6939192738351,36.0367619120046 -79.6938112737305,36.0368169120761 -79.6937502736245,36.0368669120682 -79.6937232735927,36.0368829120804 -79.6935472730294,36.0371309117928 -79.6934052729219,36.0371909119181 -79.6930602728432,36.0372629124107 -79.6928092728339,36.0372959128185 -79.6926472726769,36.0373779129266 -79.6924782724248,36.0374989129486 -79.6923432721502,36.0376249128911 -79.6922342718654,36.03775191278 -79.6921192716942,36.0378339127956 -79.6919102714101,36.037971912852 -79.6918022712515,36.0380479128691 -79.6916592709007,36.0382049127474 -79.6910782689176,36.0390649116828 -79.6910642685644,36.039207911344 -79.6910232683284,36.0393069111707 -79.6910442682003,36.0393559110042 -79.6910242679036,36.0394769107334 -79.6909772676417,36.0395869105436 -79.6909392674672,36.0396609104283 -79.6908672671345,36.0398019102077 -79.690851266934,36.039883910029 -79.6908412667993,36.0399389099076 -79.6908682665172,36.0400489095732 -79.690929266171,36.0401809091162 -79.6910172658727,36.0402909086628 -79.6911122656301,36.0403779082548 -79.691213265396,36.0404609078454 -79.6913012651256,36.0405599074204 -79.6913552648917,36.0406479070898 -79.6913962646763,36.0407299068001 -79.6914102644382,36.0408239065322 -79.6913822640215,36.0409939061517 -79.6913012635361,36.0411969057899 -79.6912812633767,36.0412629056599 -79.691274263104,36.041372905392 -79.6912942627145,36.0415269049589 -79.6913552624668,36.0416199046021 -79.6914162621617,36.0417359041866 -79.6914432618954,36.0418399038679 -79.6914702613797,36.0420439032933 -79.6915042608648,36.0422469027077 -79.6915522605934,36.0423509023483 -79.6917212600299,36.0425599014852 -79.6917682597839,36.0426539011534 -79.6918152591169,36.0429169003894 -79.6917882588894,36.0430109002014 -79.6917272586178,36.0431259000256 -79.6916802583677,36.0432308998482 -79.6917012580211,36.043367899457 -79.6917612574856,36.0435768988059 -79.6918562570789,36.0437308982278 -79.6919102567794,36.0438458978289 -79.6919712564907,36.0439558974294 -79.6920462562412,36.0440488970462 -79.692174255882,36.0441808964607 -79.6921862558517,36.0441918964093 -79.6922682557077,36.0442418961226 -79.6923912556113,36.0442688958153 -79.692573255553,36.0442748954474 -79.6927902555286,36.0442638950551 -79.6929662555686,36.0442308947984 -79.6931012556457,36.0441868946492 -79.6932982556954,36.0441478943671 -79.6935002557289,36.0441148940599 -79.6936962556944,36.0441098936928 -79.693913255588,36.0441318932162 -79.6942452554418,36.044158892504 -79.6943862553117,36.0441978921314 -79.694461255227,36.0442248919173 -79.6945352551278,36.0442578916898 -79.6946302548334,36.0443678912254 -79.6947182545284,36.0444828907619 -79.6948672536364,36.0448298895893 -79.6949562532774,36.0449668890681 -79.6950162529796,36.045081888659 -79.6950562523583,36.04532988795 -79.6950842521347,36.0454178876717 -79.6951112519533,36.0454888874387 -79.6951922516782,36.0455928870172 -79.6953272513761,36.0457028864762 -79.6956182508344,36.0458958854226 -79.6958692504822,36.0460158846324 -79.6961732499808,36.0461918835976 -79.6964912493149,36.0464338823683 -79.6965382491545,36.0464948821225 -79.6964852486552,36.046702881696 -79.6964982484091,36.0468018814193 -79.696626248042,36.0469398808216 -79.696748247895,36.0469888804618 -79.6969182476689,36.0470658799383 -79.6972022474992,36.047109879279 -79.6972812474404,36.0471268790836 -79.6974652473073,36.0471648786324 -79.6976952471105,36.0472248780367 -79.6978172469886,36.0472638777026 -79.6979392467739,36.0473408772721 -79.6980402465784,36.0474118768973 -79.6982712462061,36.0475438761174 -79.6985282456015,36.0477688750518 -79.6986362452294,36.0479118744813 -79.6986842448824,36.0480498740391 -79.6987182444749,36.0482138735579 -79.698853243722,36.0485108725454 -79.6988662433436,36.0486648721301 -79.6989542429108,36.0488348715301 -79.6990022426181,36.0489508711439 -79.6991172422191,36.0491048705327 -79.6992192419035,36.0492258700302 -79.6993742414581,36.0493958693019 -79.6994152413305,36.0494448690991 -79.6995362408632,36.0496268684059 -79.6996992403513,36.0498238675943 -79.699841239827,36.0500278668055 -79.6999352393537,36.0502148661519 -79.6999832389578,36.0503738656575 -79.6999972383812,36.0506098650334 -79.7000852380969,36.0507198645865 -79.7001452378449,36.050818864221 -79.7001802375976,36.0509178639035 -79.7001802371845,36.0510878634734 -79.7001662367326,36.051274863027 -79.7001462364739,36.0513828627921 -79.7001192361265,36.0515278624768 -79.7000942359512,36.0516018623374 -79.6998822344603,36.0522308611509 -79.6998552341976,36.0523408609241 -79.6998412338376,36.0524898605737 -79.6998482334496,36.0526488601579 -79.6998782330721,36.0528018597133 -79.6998942329404,36.0528548595486 -79.6999482329261,36.0528568594405 -79.7011962325838,36.0529078569296 -79.7013492325207,36.0529228565997 -79.7012532315297,36.0533388557319 -79.7012262312655,36.0534498555029 -79.7010662295938,36.0541508540365 -79.7009842288437,36.0544658533965 -79.7010942285155,36.0545938528637 -79.7012162281492,36.0547368522702 -79.7012912277787,36.0548848517536 -79.701351227275,36.0550888511242 -79.7014192265596,36.0553798502598 -79.7014332264267,36.0554338500969 -79.7014812259835,36.055613849551 -79.7015072257471,36.0557098492592 -79.7015752247274,36.0561268480769 -79.7016022242563,36.0563198475383 -79.7015752239676,36.0564408472839 -79.7015952235532,36.0566108468167 -79.7016292230691,36.0568088462522 -79.701636222589,36.0570068457389 -79.7016292220069,36.0572478451436 -79.7016492215516,36.0574348446335 -79.7016622213707,36.057508844422 -79.7016722212314,36.0575658442592 -79.7016972208795,36.0577098438482 -79.7016972202796,36.057957843222 -79.7016702198454,36.0581388428161 -79.7016462197495,36.0581798427579 -79.7007792196518,36.0582688441725 -79.6984352193933,36.0585048480059 -79.6981022193645,36.0585348485591 -79.6970122192649,36.058634850365 -79.6938162188256,36.0589838555135 -79.693757218816,36.058990855607 -79.6937312188119,36.0589938556485 -79.6936862188054,36.0589988557207 -79.6935672187887,36.0590118559122 -79.6935282187839,36.0590158559756 -79.6932402187395,36.0590488564352 -79.6928872186885,36.0590878570021 -79.6931062174737,36.059565855368 -79.6931522172173,36.0596668550234 -79.6932342167356,36.0598568543836 -79.6932622165733,36.0599208541674 -79.6933882158361,36.060211853187 -79.6935602150815,36.0605078521075 -79.6937172145598,36.0607108512939 -79.6938342142315,36.0608378507496 -79.6938922140712,36.0608998504823 -79.6940292137632,36.0610178499235 -79.6941642135076,36.0611148494222 -79.69437121315,36.0612498486886 -79.694674212735,36.0614038477262 -79.69496821246,36.0615018469238 -79.6952702122363,36.0615788461599 -79.6955912120872,36.0616248454395 -79.6958292120188,36.0616418449489 -79.6960472119799,36.0616478445239 -79.6965032118973,36.0616608436338 -79.6979072116463,36.061699840896 -79.6980262116258,36.0617028406648 -79.6995012113604,36.0617448377865 -79.7020662109085,36.0618148327897 -79.7058852102387,36.0619198253504 -79.7068412100607,36.0619508234767 -79.7071072099747,36.0619748229169 -79.7074722099113,36.0619848222062 -79.7077132099207,36.0619698217911 -79.708083210068,36.0618908212939 -79.7079322092799,36.0622298207286 -79.7078932091724,36.0622768206841 -79.7078002090494,36.0623328207184 -79.7074872087593,36.0624688209652 -79.7074502086871,36.0625008209545 -79.7074192083813,36.0626308206869 -79.7074872077397,36.0628978198902 -79.7074802076025,36.062955819758 -79.707443207447,36.0630228196595 -79.7074202070238,36.063201819254 -79.7074342067895,36.0632998189822 -79.707465206563,36.0633938186886 -79.7076032059483,36.0636468177962 -79.7090412069405,36.0631688162983 -79.7090312070976,36.0631028164821 -79.7090612074517,36.0629518168034 -79.7090882079551,36.0627378172879 -79.7088922098874,36.0619298196764 -79.7088572101539,36.0618188200198 -79.708720210678,36.0616038208151 -79.7092202113623,36.0612908206578 -79.7104422129309,36.0605658201691 -79.7110662137265,36.0601958199168 -79.7112292138899,36.0601178198042 -79.711402214012,36.0600568196302 -79.7116412141118,36.0600018193168 -79.7126702143945,36.0598268178127 -79.7128902144513,36.0597908174874 -79.7154682151317,36.0593588136972 -79.7156412151652,36.0593348134302 -79.7159042151571,36.0593238129611 -79.7186522146379,36.0593968075948 -79.718704214629,36.0593978074942 -79.7214542141125,36.0594708021255 -79.7214992139954,36.0595198019201 -79.7216212136571,36.0596618013408 -79.7217842130982,36.0598988004507 -79.7218922125238,36.06014579964 -79.7219122121852,36.0602937992386 -79.721885211975,36.0603877990584 -79.7218792116509,36.0605307987182 -79.7218922112769,36.0606947982907 -79.7218722108658,36.060876797881 -79.7218522092213,36.0616017961366 -79.7218662089698,36.0617117958399 -79.7219072086769,36.0618387954507 -79.7219272083386,36.0619867950494 -79.7219682079731,36.0621457945816 -79.7220222072544,36.0624597937085 -79.7221512063558,36.0628497925082 -79.7220222062691,36.062893792642 -79.7219142062187,36.0629207927782 -79.7217782061939,36.0629377929914 -79.7216362061833,36.0629487932306 -79.7214672062005,36.0629487935476 -79.7212912061933,36.0629597938505 -79.7211492061212,36.0629977940233 -79.7210272060082,36.0630527941167 -79.7209452058525,36.0631247940932 -79.7208852056716,36.0632067940039 -79.7208582054852,36.0632897938502 -79.7208252052013,36.0634157936019 -79.7207702050699,36.0634757935573 -79.7206212049088,36.0635527936468 -79.7204932049075,36.0635587938718 -79.7203572049709,36.0635367941808 -79.7202362050581,36.0635037944887 -79.7199442056396,36.0632617956321 -79.7197962058555,36.0631737961263 -79.7196802058533,36.063179796329 -79.7195792058268,36.0631957964789 -79.7194772056836,36.0632627965048 -79.7193422054336,36.0633777964742 -79.7192612054049,36.0633937965865 -79.7191802054495,36.0633777967778 -79.7190982056089,36.0633117970943 -79.7189972060338,36.0631307977301 -79.7188142065315,36.062921798589 -79.7187052066321,36.0628827988897 -79.7185572066586,36.0628777991796 -79.7184352066091,36.0629047993417 -79.7182802063583,36.0630207993459 -79.7178262057598,36.0633007995051 -79.7175832054914,36.0634277996465 -79.7172912051143,36.0636037997583 -79.7171702048101,36.0637407996461 -79.7171022046136,36.0638287995557 -79.7170952044367,36.0639057993784 -79.7171492041272,36.0640377989507 -79.7172382037639,36.0641917984033 -79.7173122035035,36.0643017979928 -79.7173662030699,36.0644877974318 -79.7173872027501,36.0646257970513 -79.7174142022039,36.0648617964172 -79.7173662016757,36.0650927959357 -79.7172992014165,36.0652077957764 -79.7171972010954,36.0653507956132 -79.7170422007786,36.0654937955488 -79.7169132006623,36.0655487956535 -79.7167582005481,36.0656037958067 -79.7164602004708,36.065647796254 -79.7160262005178,36.0656427970763 -79.7157562004889,36.0656647975256 -79.7155392004811,36.0656757979033 -79.7152412004033,36.0657197983503 -79.714951200262,36.0657907987153 -79.7146861999882,36.0659177988945 -79.7144631995967,36.0660937988735 -79.7143551992864,36.0662307987348 -79.7141991987608,36.0664617984519 -79.7141321985098,36.0665717983035 -79.7139561974747,36.0670217975135 -79.71394919741,36.067049797457 -79.713922197193,36.0671437972738 -79.7139021968496,36.0672917969433 -79.7138751965322,36.0674287966531 -79.7138481960075,36.0676547961419 -79.7137461955411,36.0678577958271 -79.7136781953917,36.0679237957895 -79.7136041953196,36.067956795845 -79.7134421952787,36.0679787960914 -79.7132861953028,36.0679727963962 -79.7131711953873,36.067939796692 -79.7129611956042,36.0678527972987 -79.7127581957602,36.0677917978279 -79.7125281959157,36.0677317984048 -79.7122781959721,36.0677147989119 -79.7120951959585,36.0677257992248 -79.7117901959788,36.0677257997919 -79.7116611959475,36.0677427999893 -79.7115191958654,36.0677818001561 -79.7114181957828,36.0678198002492 -79.711174195437,36.0679738003188 -79.7110461952008,36.0680778002973 -79.7109171947834,36.0682588000855 -79.7107821943119,36.0684627998273 -79.7107281940564,36.0685727996532 -79.7106331931701,36.0689517988838 -79.7106131925757,36.0692047982896 -79.7105721922554,36.0693417980237 -79.7105111919739,36.0694627978348 -79.7104371917305,36.0695677977099 -79.710356191504,36.0696657976154 -79.710315191247,36.0697757974168 -79.7102341904734,36.0701057967429 -79.710173190295,36.0701827966636 -79.7101191902198,36.0702157966812 -79.7100441902092,36.070221796805 -79.709916190423,36.0701337972617 -79.7098491905961,36.0700617975656 -79.7097531906646,36.0700347978108 -79.7096651906312,36.0700507979338 -79.7096321905289,36.0700947978849 -79.7095241893793,36.0705837968629 -79.7094491888229,36.0708207964093 -79.7093751884244,36.0709907961212 -79.7093271882964,36.0710457960724 -79.7092601880133,36.0711667958938 -79.7092461878318,36.0712437957271 -79.709266187675,36.0713097955252 -79.7093271875048,36.071380795235 -79.7093881873086,36.0714627949174 -79.7093681871392,36.0715347947744 -79.7093141869853,36.0716007947091 -79.7092191867809,36.0716887946645 -79.7090971865655,36.0717817946572 -79.7090571863849,36.0718587945385 -79.7090771862801,36.0719027943916 -79.7091181862124,36.0719307942459 -79.709219186145,36.071957793992 -79.7094021860983,36.0719747936119 -79.7095781861441,36.0719527933421 -79.7098221861613,36.0719417929193 -79.7098961861068,36.0719637927278 -79.7099511859256,36.0720397924365 -79.709944185756,36.0721117922696 -79.7099171855895,36.0721827921421 -79.7098291852928,36.0723097919872 -79.709747185076,36.072402791906 -79.7096591848829,36.0724857918609 -79.7095241847974,36.0725237920148 -79.7093281848035,36.0725237923761 -79.7092261848847,36.0724907926466 -79.7090971850307,36.0724307930344 -79.7089491852436,36.0723427935274 -79.7087991853148,36.072314793874 -79.7086711852409,36.0723477940275 -79.7085491850625,36.0724247940598 -79.70848218483,36.0725237939356 -79.7082921845349,36.0726507939679 -79.7080551842692,36.0727657941167 -79.7078321839624,36.072897794197 -79.7076701836678,36.0730237941798 -79.7076291834575,36.0731127940323 -79.7076561832881,36.0731837938047 -79.7077031830517,36.0732827934702 -79.7077851827361,36.0734147929886 -79.70796118225,36.0736177921564 -79.7081911815663,36.0739037910173 -79.708347181198,36.074057790345 -79.7084821809749,36.0741507898641 -79.7086381806853,36.0742717892746 -79.7088001803438,36.0744147886192 -79.7089021800557,36.0745357881292 -79.708949179797,36.0746447877703 -79.7089421795747,36.0747387875481 -79.7089021794594,36.0747877874989 -79.7088611793937,36.0748157875042 -79.7087731794092,36.0748097876808 -79.7086111794897,36.0747767880607 -79.7082731798456,36.0746287890517 -79.7080691799414,36.074589789524 -79.7079271799152,36.0746017897547 -79.7077851798392,36.0746347899328 -79.7077041797241,36.0746837899588 -79.707636179528,36.0747667898757 -79.7075141792707,36.0748757898266 -79.7073921790894,36.0749527898575 -79.7073581790494,36.0749697898773 -79.7072711789864,36.0749967899693 -79.7070951789364,36.0750187902371 -79.7068781788868,36.0750407905801 -79.7066951788106,36.0750737908332 -79.7065461786551,36.075139790941 -79.706408178478,36.075214791006 -79.7063841784473,36.0752277910174 -79.7062421781984,36.0753327910143 -79.7061401780038,36.0754147909955 -79.7060251777304,36.0755297909177 -79.7059241774424,36.075650790799 -79.7057811771401,36.0757777907422 -79.7056261768401,36.0759037907097 -79.7054701764992,36.0760467906363 -79.705267176249,36.0761517907442 -79.704739175765,36.0763547912006 -79.7045291755139,36.0764597913209 -79.7043471752383,36.0765747913646 -79.7041571749361,36.0767007913952 -79.7039471745134,36.0768767913363 -79.7035821736666,36.0772287911172 -79.7032981729386,36.0775307908753 -79.7031561726055,36.0776687907869 -79.7030131723131,36.0777897907431 -79.7028511720082,36.0779157907212 -79.7026681717558,36.078019790793 -79.7022821712598,36.0782237909828 -79.70203217074,36.0784377908987 -79.7020121707518,36.0784327909478 -79.7019581707512,36.0784327910463 -79.7018221707109,36.0784487912539 -79.701497170799,36.0784107919426 -79.7013751707709,36.0784217921373 -79.7012671706776,36.0784597922383 -79.7011721704898,36.078536792217 -79.7011321702494,36.0786357920397 -79.701050169863,36.0787947917874 -79.7011251697841,36.0788277915673 -79.7011591696101,36.0788997913234 -79.7011381693844,36.0789927911267 -79.7010711692767,36.0790367911375 -79.7009761691952,36.0790697912272 -79.7006241687743,36.079240791436 -79.7004001684498,36.0793727915101 -79.7001161680847,36.0795207916526 -79.6995611675112,36.0797517920779 -79.6993791673465,36.0798177922418 -79.6992101672355,36.0798617924378 -79.69906116722,36.0798667926961 -79.6988301672807,36.0798397931847 -79.6985861673168,36.0798227936716 -79.6982951672419,36.07985079413 -79.698025167143,36.0798887945247 -79.6978691670587,36.0799217947247 -79.6976861669321,36.0799717949306 -79.6975031668348,36.0800097951669 -79.6973001666804,36.0800707953811 -79.6971181665682,36.0801147956003 -79.6968071662243,36.0802517958176 -79.6965761658402,36.080405795846 -79.6963531654434,36.0805647958469 -79.6962241651153,36.0806967957455 -79.6961091647873,36.0808287956187 -79.6959601644187,36.0809767955127 -79.6958381640899,36.0811087953983 -79.6957031637606,36.0812407953073 -79.6955741633375,36.0814107951087 -79.6953031626355,36.0816917948847 -79.6952761625753,36.0817157948725 -79.6951431622695,36.0818377948029 -79.6950971624702,36.0817557950951 -79.6947601615095,36.0821397947275 -79.6947291614441,36.0821657947174 -79.6947521613141,36.0822187945407 -79.696010154181,36.0851377848366 -79.6967751498747,36.0869107789527 -79.6971951503153,36.0867437786227 -79.697455150589,36.0866397784199 -79.6974681506022,36.0866347784092 -79.6975461506837,36.0866037783478 -79.6976311507315,36.0865867782382 -79.6979261508994,36.0865267778605 -79.6984141509659,36.0865137770166 -79.6988451508281,36.0865827760673 -79.6992441505179,36.0867217749984 -79.6997751497998,36.0870327732573 -79.7007591484737,36.0876097700322 -79.7012601478035,36.0879027683935 -79.7016541473589,36.08809976719 -79.7018421472269,36.0881607666991 -79.7020841471383,36.0882057661521 -79.7022811471113,36.0882237657538 -79.7024771470987,36.0882357653725 -79.7032201473632,36.0881517642534 -79.7043441478693,36.0879797626726 -79.704524147872,36.0879847623375 -79.7046571477702,36.088031761981 -79.7047471479118,36.0879757619605 -79.7048071479982,36.0879417619385 -79.7049701481552,36.0878817617973 -79.7056501484709,36.0877727608523 -79.7057851486155,36.0877167607509 -79.7058631487818,36.0876497607793 -79.7070301491362,36.0875397589627 -79.7070711521951,36.0862557621083 -79.7074371522038,36.0862627614328 -79.70740814928,36.087491758405 -79.7082691496627,36.0873587571937 -79.7096791502887,36.0871397552113 -79.7098691503738,36.0871097549452 -79.7108431508072,36.0869567535787 -79.7108841508243,36.0869507535201 -79.7110631509034,36.0869227532685 -79.7113331510221,36.0868807528884 -79.7125261515383,36.0866977512017 -79.712723151625,36.0866667509251 -79.7131381518068,36.0866017503412 -79.713318151885,36.0865737500875 -79.7133951519185,36.086561749979 -79.7142491522518,36.0864447487351 -79.7144021523115,36.0864237485123 -79.7146301523554,36.0864117481324 -79.7146571523596,36.0864107480863 -79.7148491523847,36.0864057477537 -79.7151611523997,36.0864087471855 -79.7155381523775,36.0864297464559 -79.7163221523356,36.086471744943 -79.7163961523293,36.0864767447976 -79.7164061524988,36.0864037449604 -79.716441153079,36.0861537455165 -79.7164671535245,36.0859617459451 -79.7164731539987,36.0857567464419 -79.7164681541855,36.0856757466515 -79.7164631543909,36.0855867468808 -79.7164351554361,36.0851337480528 -79.7163681580096,36.0840187509346 -79.7163451589031,36.0836317519344 -79.7163431589469,36.0836127519851 -79.717659159047,36.0835977496448 -79.7190471591458,36.0835847471694 -79.7196491591917,36.0835777460992 -79.7196651610637,36.0827597480868 -79.7196771623476,36.0821987494481 -79.7196731634546,36.0817147506486 -79.7205161634278,36.0817397490589 -79.7214761633943,36.0817697472448 -79.7227901633514,36.0818097447649 -79.7232041634933,36.081753744152 -79.7239311634813,36.0817707427925 -79.724694163437,36.0818027413311 -79.7245471641454,36.0814857423739 -79.7245071644503,36.0813497427795 -79.7244891648687,36.0811637432678 -79.7245711664587,36.0804587448455 -79.7245961673105,36.0800807457257 -79.7246091679727,36.0797867464221 -79.7246931720732,36.0779657507281 -79.7247001724266,36.0778087510997 -79.7247021725347,36.0777607512136 -79.7247401744006,36.076931753174 -79.7247491748574,36.0767287536545 -79.7247511763696,36.0760567552962 -79.724725177126,36.0757207561665 -79.7246891781706,36.0752567573686 -79.7245671819729,36.0735687617262 -79.7245741825424,36.073315762333 -79.7246531832067,36.0730197629124 -79.7247491836114,36.0728387631787 -79.724863183986,36.0726707633799 -79.7250561844208,36.072474763504 -79.7251731846216,36.0723837635109 -79.7253521848022,36.072300763384 -79.7255201849538,36.0722307632454 -79.725719185084,36.0721697630275 -79.7258061851236,36.0721507629135 -79.7259111851716,36.072127762776 -79.7260961852123,36.0721067624861 -79.7261331852177,36.0721037624252 -79.7263351852489,36.0720867620941 -79.7264851852392,36.0720887618125 -79.7266421852293,36.0720907615179 -79.7270271852071,36.072094760798 -79.7270911852049,36.0720947606799 -79.7271571852004,36.0720957605557 -79.7272131851985,36.0720957604524 -79.7277851851832,36.0720937594021 -79.7281161851896,36.0720857588109 -79.7282161851906,36.0720837586313 -79.7286721852126,36.0720667578315 -79.7287501852165,36.0720637576949 -79.7289041852445,36.0720487574473 -79.7289611852514,36.0720447573519 -79.7289751851066,36.0721097571678 -79.7289721850024,36.072156757059 -79.7289551847899,36.0722527568566 -79.7289621847519,36.0722697568023 -79.7290091846838,36.0722997566426 -79.7290531846691,36.0723057565469 -79.7292361847805,36.0722527563384 -79.7292711847506,36.0722657562422 -79.7292951847343,36.0722727561809 -79.729339184684,36.0722947560462 -79.7293851848487,36.0722197561439 -79.7294011848593,36.0722147561265 -79.7294401848491,36.0722187560449 -79.729454184842,36.0722217560118 -79.729493184823,36.0722297559204 -79.7295221848087,36.0722357558523 -79.7295501847812,36.0722477557714 -79.7295681847629,36.0722557557188 -79.7295851847379,36.0722667556607 -79.7296091847017,36.0722827555775 -79.7296281846678,36.072297755506 -79.7296471846074,36.0723247554052 -79.7296921843978,36.0724187550937 -79.7297591842717,36.072474754834 -79.7298231841369,36.0725347545701 -79.7299721837186,36.0727217538409 -79.7300961835003,36.0728187533766 -79.7301161834489,36.0728417532839 -79.7302201832669,36.0729227528954 -79.730255183131,36.0729837526827 -79.7302721830952,36.0729997526125 -79.7303131830145,36.0730357524495 -79.7303311829698,36.0730557523678 -79.7303621828916,36.0730907522257 -79.7304021827337,36.0731617519795 -79.730427182563,36.0732387517464 -79.7304431824345,36.073296751576 -79.7304741823387,36.0733397514145 -79.7305051822673,36.0733717512797 -79.730542182178,36.0734117511145 -79.7305601820804,36.0734557509744 -79.7305911817993,36.0735827506089 -79.7306421815332,36.0737027502236 -79.7306931812606,36.0738257498311 -79.7307331811428,36.0738787496288 -79.7307551811026,36.0738967495447 -79.7307741810294,36.0739297494296 -79.7307851809233,36.0739777492928 -79.7307881807886,36.0740387491391 -79.7307901806694,36.0740927490044 -79.7307991805391,36.0741517488445 -79.7308611803063,36.0742567484756 -79.7309051801445,36.0743297482176 -79.7308221800489,36.0743737482632 -79.7308121799366,36.0744247481577 -79.7309711796164,36.0745687475161 -79.7309141794342,36.0746517474192 -79.7309891791443,36.0747827469635 -79.731077178744,36.0749637463626 -79.7311111784174,36.075111745941 -79.7311321783069,36.0751617457811 -79.7311721780399,36.0752827454141 -79.7311931777488,36.0754147450552 -79.7311791773501,36.0755957446415 -79.7311861769755,36.0757657442161 -79.7311731766121,36.0759307438395 -79.7311191759337,36.0762387431908 -79.731051175535,36.076419742876 -79.7310311752066,36.0765687425508 -79.7309911748451,36.0767327422259 -79.7309431744923,36.0768927419253 -79.7308891742497,36.077002741757 -79.730862174007,36.0771127415393 -79.7307071731946,36.0774807409289 -79.7306801730135,36.0775627407791 -79.730646172733,36.0776897405327 -79.7305911724059,36.0778377402737 -79.730213172487,36.0777997410561 -79.7301381725108,36.0777887412198 -79.7299691720959,36.0779757410738 -79.7298811717433,36.0781347408478 -79.729827171413,36.078283740584 -79.7297951712334,36.0783647404455 -79.7297321708784,36.0785247401713 -79.7296911706875,36.0786107400369 -79.7294371706974,36.0786047405146 -79.7284111706684,36.078611742368 -79.7277791706511,36.0786157435105 -79.7271331706336,36.0786197446784 -79.7263001705531,36.0786507461213 -79.726304169877,36.0789527453762 -79.7263101683524,36.0796337437014 -79.7261811669431,36.0802617424015 -79.7260671659856,36.0806877415676 -79.7258651642085,36.0814777400032 -79.7257881634927,36.0817957393653 -79.7257821634409,36.08181873932 -79.7259011627525,36.0821277383489 -79.7260131621002,36.0824207374299 -79.7262261608772,36.0829707357004 -79.7255231604751,36.0831357365683 -79.7253171603847,36.0831717368527 -79.7254701596127,36.0835187357273 -79.7255521592016,36.0837037351267 -79.7254951591718,36.0837157352003 -79.724987158811,36.0838647357531 -79.7244351588658,36.0838277368405 -79.7239121589202,36.0837917378731 -79.7233671589759,36.0837547389481 -79.7226941590459,36.0837087402764 -79.7226641576918,36.0843057388648 -79.7226591573879,36.0844397385448 -79.7226511569978,36.0846117381369 -79.7252641569808,36.0846857332442 -79.7258601573045,36.0845567324851 -79.7259191573594,36.0845337324349 -79.7260031569405,36.0847227318214 -79.7262061559243,36.0851817303339 -79.7262481557141,36.0852767300261 -79.7262651556211,36.0853187298929 -79.7262131556044,36.0853247299719 -79.7259021555088,36.0853587304488 -79.72264415494,36.0855197359201 -79.7225321549193,36.0855257361069 -79.7225011549173,36.0855257361627 -79.7192441546453,36.0855537419567 -79.7191381546362,36.085554742145 -79.7187171546,36.0855587428929 -79.7186011545903,36.0855597430992 -79.7183511545674,36.0855627435418 -79.7182441545559,36.0855647437295 -79.718224152484,36.08646574154 -79.7179041525212,36.0864397421792 -79.717541152567,36.0864087429082 -79.7175151522128,36.0865617425767 -79.7175061519127,36.0866917422714 -79.7174341497441,36.0876307400789 -79.7164181497884,36.0875767420344 -79.7162891447698,36.0897427369016 -79.7162261417618,36.0910407337994 -79.7161951404425,36.0916097324453 -79.7161631389956,36.0922337309566 -79.7158631317584,36.0953447237812 -79.7159791317626,36.0953497235638 -79.7159751316926,36.0953797234965 -79.7159711316226,36.0954097234292 -79.7159781311352,36.0956207228941 -79.7159741308361,36.0957497225816 -79.7159711305394,36.0958777222697 -79.7159491270132,36.0973997185376 -79.7159471266101,36.09757371811 -79.7159451261769,36.0977607176502 -79.7159271235397,36.0988987148623 -79.7157411201371,36.1003547115804 -79.7154571200766,36.1003597120652 -79.7152161200234,36.1003647124747 -79.7151981159343,36.1021257081387 -79.7152971159016,36.1021477079114 -79.715451115856,36.1021797075634 -79.7155371154965,36.1023417070118 -79.7156071152037,36.1024737065624 -79.7155251145392,36.1027537060113 -79.715875114865,36.1026417056788 -79.7161371151644,36.1025337054896 -79.7164681155226,36.1024057052294 -79.7172001151641,36.102620703421 -79.7171881150995,36.1026477033752 -79.7171561149297,36.1027187032553 -79.7171121146931,36.1028177030871 -79.7162591099866,36.104782699707 -79.7161911095447,36.1049676993668 -79.7160961087917,36.1052846987465 -79.7159001069751,36.106051697186 -79.7157601057731,36.1065576961744 -79.7154651037059,36.1074216945427 -79.7150181005713,36.1087286920726 -79.7148670993259,36.10924969104 -79.7148280988126,36.1094666905687 -79.7148010981765,36.1097376899426 -79.7147840964206,36.1104916881008 -79.7147790959524,36.1106926876106 -79.7147750955634,36.1108596872031 -79.7147670947226,36.1112206863209 -79.7147560942621,36.1114176858509 -79.7147120936305,36.1116846852637 -79.7146960935149,36.111732685172 -79.7146640932905,36.111825684996 -79.7146200929771,36.1119556847487 -79.7145260921926,36.1122826840979 -79.7143400904086,36.1130286825639 -79.7141610888504,36.1136776812579 -79.7141210884927,36.1138266809561 -79.7139200865512,36.1146366792866 -79.7137150852426,36.1151736783013 -79.71350908424,36.1155786776451 -79.7130790829804,36.116065677165 -79.7126250820149,36.1164226770477 -79.7126180815333,36.1166276765493 -79.7125960808625,36.1169116758799 -79.7124430666813,36.122951661104 -79.7123010666029,36.1229646613096 -79.7116570664885,36.1229206624983 -79.7114000663501,36.1229426628741 -79.7111890663047,36.1229316632552 -79.7109460663261,36.1228876637721 -79.7107630665631,36.1227606643957 -79.7106410669081,36.1225966650094 -79.7104780673974,36.1223656658593 -79.7101390684772,36.1218596676915 -79.7099360692523,36.121502668924 -79.709747069528,36.1213596695989 -79.7095430698488,36.1211956703516 -79.7093540703734,36.1209476712893 -79.7092250707998,36.1207496720013 -79.7091570711539,36.1205906725133 -79.7090560714337,36.1204586730134 -79.7089610715714,36.120387673351 -79.7088120716942,36.120315673782 -79.7086090718357,36.1202286743417 -79.7083420719926,36.1201266750468 -79.7081610720988,36.1200576755245 -79.7078630721991,36.1199756762321 -79.7074910723953,36.1198436771899 -79.7071660725546,36.1197336780136 -79.7067800727858,36.1195856790358 -79.7065500729879,36.1194706797123 -79.7063950730898,36.1194076801319 -79.7063060731479,36.1193716803724 -79.7060280733764,36.119239681173 -79.7059850734156,36.1192176813008 -79.7057970735818,36.1191236818542 -79.7053170744452,36.1187006837277 -79.7051130747513,36.1185466844595 -79.7047750751729,36.1183276855816 -79.7045920752899,36.1182556860722 -79.7043210753637,36.1181906866941 -79.7040830753708,36.1181576871797 -79.7040090753244,36.1181676872797 -79.7039620752958,36.1181736873441 -79.703833075151,36.1182176874515 -79.7036910748843,36.1183106874575 -79.7035690745417,36.118437687344 -79.7034330742235,36.1185526872842 -79.7032840739782,36.1186356873269 -79.7030470737081,36.1187176875207 -79.702824073401,36.118816687648 -79.7027570731826,36.1188986875544 -79.7027090729026,36.1190086873581 -79.7027220726678,36.1191076870865 -79.7027430724742,36.1191906868417 -79.7027970723993,36.1192286866548 -79.7029050722738,36.1192946863061 -79.7029930721276,36.119366685976 -79.703129072052,36.119415685623 -79.7032370719388,36.1194766852871 -79.7034410718581,36.1195366847917 -79.7036070717489,36.1196036843429 -79.7037250716705,36.119651684023 -79.7039420714743,36.1197616833801 -79.7041050712493,36.1198766828157 -79.7041450711155,36.1199376825948 -79.7041520709064,36.1200256823615 -79.7041040707207,36.1200966822637 -79.7040300705651,36.1201516822499 -79.7039210703984,36.1202066822951 -79.7038260703153,36.1202286823998 -79.7036640703167,36.1202066827281 -79.7033930703486,36.1201576833082 -79.7031560703938,36.1201076838335 -79.702899070469,36.1200426844305 -79.7027540704544,36.1200296847076 -79.7026490704453,36.1200196849098 -79.7024110703411,36.1200316852807 -79.7021200701427,36.1200756856601 -79.7019230699232,36.120140685828 -79.7015910694718,36.1202836860263 -79.7013820690324,36.1204376859894 -79.7011180686015,36.1205806860726 -79.700948068307,36.1206796861086 -79.700875068206,36.1207116861506 -79.7004540676263,36.1208946863964 -79.7003110675024,36.120926686556 -79.7000750673459,36.1209596868696 -79.6998100672068,36.1209816872597 -79.6995400671317,36.1209766877266 -79.6992690669904,36.1209986881267 -79.6991650668885,36.1210266882307 -79.6992250507395,36.1276606713243 -79.6992230505974,36.1277186711807 -79.6992230501879,36.1278866707551 -79.6992250477295,36.1288956681957 -79.69930204358,36.1306106637242 -79.6993020434216,36.1306756635596 -79.6993100379205,36.1329346578244 -79.6993150348915,36.1341786546652 -79.6993120347416,36.1342396545156 -79.6993160308936,36.135819650507 -79.6991440146005,36.1424726339325 -79.6991290091104,36.1447216282587 -79.6991630017948,36.1477296205836 -79.6992839929293,36.1513936111097 -79.6992599890219,36.1529916070997 -79.6992299850764,36.1546036030635 -79.6992879771535,36.157868594702 -79.6992939765528,36.1581165940645 -79.699385965448,36.1626975823188 -79.699405962976,36.1637175797046 -79.6994139618216,36.1641935784868 -79.6994289599582,36.1649625765161 -79.6994429582963,36.1656485747574 -79.6995089499332,36.1691005659146 -79.6995189484326,36.169719564332 -79.6995259473879,36.1701505632299 -79.6995449445618,36.1713165602485 -79.6995619421291,36.1723205576806 -79.6995779397056,36.1733205551243 -79.6995899378639,36.1740805531819 -79.6996259323954,36.1763375474132 -79.6996439296311,36.1774785444974 -79.6999919295544,36.1776155436306 -79.7000799295659,36.1776375434435 -79.7005409295056,36.1778025423375 -79.7009069293494,36.1779785413461 -79.7011109292897,36.1780655408217 -79.7012869293135,36.1781095404479 -79.7014759292794,36.178181539984 -79.7016799293122,36.1782305395559 -79.7018359293216,36.178274539212 -79.7019709293422,36.1783075389273 -79.7020599293817,36.1783185387668 -79.702173929493,36.1783075386245 -79.7022759297547,36.1782305386667 -79.7024059300492,36.1781485386796 -79.7025129303675,36.1780495387696 -79.7028119314232,36.1777035391957 -79.703089932715,36.1772525399172 -79.7031979331773,36.1770935401564 -79.7034479343017,36.1767025407675 -79.7036239351302,36.1764115412369 -79.7037329355655,36.1762635414464 -79.7038009357881,36.1761915415257 -79.7039229361123,36.1760935415896 -79.704051936367,36.1760265415649 -79.7041599365511,36.1759825415137 -79.7042689366951,36.1759555414182 -79.7043569367733,36.1759495413014 -79.704430936827,36.1759495411904 -79.7044789368475,36.1759555411033 -79.7045599368415,36.175982540914 -79.7046819368102,36.1760325406053 -79.7047569367209,36.176092540342 -79.7048179365927,36.1761645400695 -79.7048649364424,36.1762415398054 -79.7049259362113,36.1763565394249 -79.7049869357959,36.1765485388507 -79.7049879355068,36.1766695385451 -79.7049669351873,36.1767965382572 -79.7049799345406,36.1770705375489 -79.7050009342662,36.1771915372133 -79.7051089337782,36.177428536456 -79.7051569334736,36.1775705360273 -79.7052309327504,36.1778955351 -79.7053329318665,36.17829653394 -79.7054549312874,36.1785765330545 -79.7055159310698,36.1786865326872 -79.7055909308365,36.1788075322715 -79.7058149303731,36.1790715312747 -79.7059839301605,36.1792135306665 -79.7061399299481,36.1793515300879 -79.7062889296401,36.1795275294244 -79.7064179294223,36.1796595289013 -79.7065469291143,36.179829528283 -79.706668928775,36.1800105276476 -79.7068049284847,36.1801755270316 -79.7070549280337,36.1804445259858 -79.7071569278232,36.1805655255311 -79.7074079274647,36.1807965245797 -79.7074959273226,36.1808845242286 -79.7076039271957,36.1809725238479 -79.7077469270056,36.1810985233203 -79.7083229265445,36.1814785215153 -79.70835592652,36.1814995214138 -79.7084799264989,36.1815485211076 -79.70863992647,36.1816125207105 -79.7086909264618,36.181632520585 -79.7092509268986,36.1816295197633 -79.7092489267457,36.1816935196063 -79.7092469265929,36.1817575194493 -79.7092449263952,36.1818405192448 -79.7093189263623,36.1818785190402 -79.709359926356,36.1818945189396 -79.7094549263889,36.1819115187565 -79.7095569264532,36.1819175185906 -79.7096579265569,36.1819065184686 -79.7097939266757,36.1819005182824 -79.7099089268043,36.1818835181547 -79.7100109269464,36.1818565180712 -79.7100849270811,36.1818235180441 -79.7101869273151,36.1817575180579 -79.7102819275577,36.181685518097 -79.7103699278444,36.1815925181989 -79.7104069280023,36.1815375182814 -79.7104179280484,36.181521518305 -79.7104719283229,36.1814225184722 -79.7105259285597,36.1813395185993 -79.7106069288029,36.1812625186714 -79.7106959290004,36.1812075186768 -79.7108239292276,36.1811525186243 -79.7109939295902,36.1810535186192 -79.7111089299341,36.1809445187205 -79.7113319305692,36.1807465188835 -79.7114539308686,36.1806585189218 -79.711616931199,36.1805705188993 -79.7117659314552,36.1805095188301 -79.7119419317295,36.1804495187183 -79.7122199320833,36.1803885184575 -79.7124039322743,36.1803665182391 -79.7125729324024,36.1803665179881 -79.7130809328249,36.1803505172737 -79.7132159329015,36.1803615170458 -79.7133589330099,36.1803615168335 -79.7135289330758,36.180388516514 -79.713711933112,36.1804325161329 -79.7139009331156,36.1804925157033 -79.7140159330608,36.180553515381 -79.7141179329333,36.1806415150111 -79.7141719327579,36.1807345147 -79.714185932601,36.1808065145004 -79.714192932441,36.1808775143137 -79.7141719322086,36.1809705141138 -79.7141319318963,36.1810915138726 -79.7140909316602,36.1811795137148 -79.7140639313974,36.1812835134966 -79.7140099311115,36.1813885133157 -79.7139829308998,36.181470513152 -79.7139899308517,36.1814935130845 -79.7140369307992,36.1815315129205 -79.7140099306504,36.1815865128239 -79.7139899304184,36.1816795126225 -79.7139829302081,36.1817675124142 -79.7139829299915,36.1818605121832 -79.7139899297523,36.181965511912 -79.7140229295867,36.1820475116595 -79.7140849293271,36.1821795112399 -79.7141589291026,36.18230051083 -79.7142479289269,36.1824055104376 -79.7143359288041,36.182487510104 -79.714619928538,36.1826965091655 -79.715019928198,36.1829765078801 -79.7152439277736,36.1832345069096 -79.7154549272888,36.1835145059041 -79.7155089272035,36.1835695056882 -79.7155669271839,36.1835975055332 -79.715991927051,36.1837985044088 -79.7164919274495,36.1837955036795 -79.7167139277296,36.1837495034663 -79.7172029289332,36.1833935036262 -79.7172849290594,36.1833665035721 -79.7173389291776,36.183333503574 -79.7174679294302,36.183267503547 -79.7175889296143,36.1832285034649 -79.7176839297389,36.1832065033791 -79.7178069298209,36.1832125031828 -79.7179079298628,36.1832285029943 -79.7180439298929,36.1832615027121 -79.7181659299374,36.1832835024778 -79.7184369301371,36.1832885020657 -79.7185859302142,36.1833055018039 -79.718721930295,36.1833165015761 -79.7188299302668,36.1833655012959 -79.7190199301766,36.1834695007591 -79.7191759300578,36.18357450027 -79.7192909298706,36.183695499802 -79.7193589296353,36.1838214993911 -79.7194409292966,36.1839974988362 -79.7194949290254,36.1841344984189 -79.7195959287387,36.1842944978757 -79.7198269283923,36.1845254969664 -79.7199289281984,36.1846454965206 -79.7199829279759,36.1847614961553 -79.7199959278491,36.1848214959884 -79.7199559277672,36.184843495993 -79.7199359276623,36.1848824959263 -79.7198609274772,36.1849374959009 -79.7197319273019,36.1849694960116 -79.719656927215,36.1849814960923 -79.7196029271471,36.1849924961445 -79.7191899268201,36.1849924967514 -79.7190129266547,36.1850034969843 -79.7188649264618,36.1850364971203 -79.7187829262454,36.1851024970779 -79.7187159260041,36.1851844969739 -79.7187029257804,36.1852774967635 -79.7186949254574,36.1854154964346 -79.7187219251255,36.1855694960148 -79.7187759248909,36.1856904956369 -79.718877924658,36.1858274951491 -79.7189939244365,36.1859644946409 -79.7190889242099,36.186096494176 -79.7191969239045,36.1862674935959 -79.7193189236267,36.1864314930126 -79.7194549233696,36.1865914924189 -79.7195909231654,36.186728491882 -79.719705922956,36.1868604913883 -79.7198479228189,36.1869704909094 -79.719990922772,36.1870414905252 -79.7201189228365,36.1870584902961 -79.7204579227724,36.1872064894358 -79.7206149227122,36.1872884890044 -79.7207499226071,36.1873824885756 -79.7208579224325,36.1874974881347 -79.7208929223104,36.1875634879211 -79.7208719221316,36.1876344877771 -79.7208449219707,36.1876954876664 -79.720824921779,36.187772487506 -79.7207779215037,36.1878764873187 -79.7207299213142,36.1879424872263 -79.7206619210947,36.1880144871483 -79.720587920884,36.1880804870938 -79.7205599207973,36.1881084870657 -79.7204179203689,36.1882454869354 -79.7203639200624,36.188360486731 -79.7203709199289,36.1884214865705 -79.7203709197805,36.1884864864105 -79.7203639196744,36.1885304863123 -79.7203769194203,36.1886464860076 -79.720465918893,36.1889094852303 -79.7204929182376,36.1892064844596 -79.7204799179371,36.1893334841657 -79.7205139178534,36.1893824839956 -79.7205679178339,36.1894104838481 -79.7206899177612,36.1894864834835 -79.7208659177309,36.189563483038 -79.7210019176928,36.1896294826778 -79.7222019174246,36.1901844795694 -79.7223649173739,36.1902664791313 -79.7227509172959,36.1904424781388 -79.7228259172948,36.1904704779612 -79.7229819173273,36.1905134776293 -79.7230359173225,36.1905354774969 -79.7230699172874,36.1905634773789 -79.7231109172605,36.1905904772532 -79.723197917195,36.1906514769773 -79.7232869170951,36.1907284766593 -79.7233409169185,36.1908264763405 -79.7234149167927,36.1909094760297 -79.7234899166949,36.1909804757468 -79.7235719166257,36.1910414754783 -79.7236049166284,36.1910524754035 -79.7237009166342,36.1910854751835 -79.7238289166803,36.1911124749318 -79.7239579167138,36.191145474664 -79.7241069167889,36.1911674743942 -79.7241749167962,36.1911894742417 -79.7242699167653,36.191238473984 -79.7245649165283,36.1914534730302 -79.7246679166508,36.1914374729202 -79.7247719167763,36.1914204728112 -79.7248439164632,36.1915864723006 -79.7249219165288,36.1915864721877 -79.7250669166528,36.1915854719802 -79.7251789165447,36.1916754715979 -79.7252059162528,36.1918154712162 -79.7253139159978,36.1919694706833 -79.7253619158159,36.1920684703716 -79.7254029154935,36.1922274699234 -79.7254089152762,36.1923264696726 -79.7254569149217,36.1925024691727 -79.7254569147623,36.192573468999 -79.7254969146974,36.1926174688337 -79.7255519145465,36.192705468539 -79.7256059144801,36.1927554683387 -79.725782914507,36.1928104679487 -79.7258839146062,36.1928044678176 -79.7260199147956,36.192771467702 -79.7262089150905,36.1927114675757 -79.7263379153253,36.1926554675263 -79.726507915541,36.192623467359 -79.7266499157733,36.192573467276 -79.7268289161149,36.192488467225 -79.7269829164241,36.1924084671979 -79.7271449166706,36.1923594670834 -79.727428917145,36.1922544669292 -79.7275719173996,36.1921944668688 -79.7278359179412,36.1920514668359 -79.7279789181977,36.1919904667778 -79.7281139183983,36.1919514666776 -79.7283239187822,36.1918584666005 -79.7284529189397,36.1918364664675 -79.7285879190534,36.1918364662722 -79.7287179191384,36.1918474660573 -79.7288249191686,36.1918744658368 -79.7289549192403,36.1918914656073 -79.7292189194871,36.1918804652522 -79.7293609196555,36.1918584651003 -79.7295109198439,36.1918304649514 -79.7296059200457,36.1917754649478 -79.7297739203686,36.1916934649041 -79.72980892046,36.1916654649215 -79.729821920617,36.1915994650632 -79.729801920733,36.1915394652381 -79.7297409208035,36.1914844654601 -79.7296319208715,36.1914124657931 -79.7296059209095,36.1913854658964 -79.7295779209945,36.1913364660561 -79.7295779210809,36.1912974661509 -79.7296119213043,36.1912094663157 -79.7297199214789,36.1911714662517 -79.7298419216917,36.1911214661965 -79.7299509218182,36.1911054660775 -79.7300529219169,36.1910994659442 -79.7301069219974,36.1910834659049 -79.7301679220971,36.1910614658699 -79.7304449224988,36.1909844656555 -79.7305679226392,36.1909674655185 -79.7307299227746,36.1909674652837 -79.7308659229257,36.1909504651279 -79.7309539230698,36.190918465078 -79.7310559232894,36.1908574650782 -79.7311439235326,36.1907804651375 -79.7312119237479,36.1907084652136 -79.7312789240086,36.1906154653421 -79.7313469243185,36.1905004655225 -79.7313869245698,36.1904014657046 -79.7314279249055,36.1902644659775 -79.7314419252693,36.1901044663454 -79.7314689256659,36.1899344667186 -79.7314759259755,36.1897964670432 -79.7314959263068,36.189653467361 -79.7315359266523,36.1895114676473 -79.7315969270063,36.1893734678934 -79.7316719272617,36.1892854679977 -79.7318279276913,36.1891484681029 -79.731901927862,36.1890984681164 -79.7319259279082,36.1890864681105 -79.7319489279512,36.1890754681037 -79.7321579283448,36.1889744680443 -79.7322999284504,36.1889794678253 -79.7334419292963,36.1890214660608 -79.7338769299047,36.1889064657055 -79.7341929300288,36.1889684650954 -79.7342759299072,36.1890554647643 -79.7344719297261,36.1892124640996 -79.7345519296525,36.1892764638286 -79.7352259301922,36.1892834628308 -79.7372759318347,36.1893044597972 -79.7376639322556,36.1892574593456 -79.7413949338411,36.1899554522457 -79.7428569346665,36.1901374496869 -79.7432289348778,36.1901834490368 -79.7438419360704,36.1898594489193 -79.7445399374229,36.1894914487818 -79.746237940701,36.1885944484441 -79.7485549477583,36.1861084509571 -79.7486979481735,36.185963451091 -79.7522239572254,36.1824134521944 -79.7547809629603,36.1798614519823 -79.7551919638501,36.1794514519417 -79.7565809660408,36.1784624508671 -79.7566019660715,36.1784484508485 -79.7594429703276,36.1764254486076 -79.7618449725532,36.1753634451735 -79.7625989732256,36.1750294440916 -79.7628789734701,36.1749064436869 -79.7629989735559,36.1748644434887 -79.7640429743004,36.174493441775 -79.7649289748512,36.1742174402287 -79.7672199785101,36.17208543945 -79.7672439785336,36.1720714394225 -79.7687339800251,36.1711604378097 -79.7693349806059,36.1707934371542 -79.7697909810398,36.1705144366567 -79.7704059816125,36.1701394359807 -79.7705299817271,36.170063435845 -79.7727719831447,36.1690764325042 -79.773377983979,36.1684864323238 -79.7738729847362,36.167942432313 -79.7758029867505,36.1663984309556 -79.776023986916,36.1662614307094 -79.776467986993,36.166168429807 -79.77675298721,36.1659854295026 -79.7771589875136,36.1657254290664 -79.7779589880952,36.1652134282033 -79.7801189878725,36.1651474229384 -79.7816809877072,36.1650994191309 -79.7823449869625,36.1656294162999 -79.7838309853623,36.1668154099775 -79.7842569849205,36.1671554081682 -79.7844259846432,36.1673794072555 -79.7861689807394,36.1707203956144 -79.7862829804952,36.1709383948562 -79.786464980107,36.1712873936441 -79.787742978368,36.1729123869468 -79.7880589779555,36.1733133852958 -79.788619976258,36.1749513803574 -79.7886709761949,36.1750163800911 -79.7895129751778,36.1760893756987 -79.7895699751455,36.1761283754745 -79.789904974958,36.1763573741581 -79.7905809749329,36.1764813722345 -79.7908519749238,36.1765313714629 -79.7910829749451,36.1765453708671 -79.7915189749862,36.1765713697436 -79.7917689749776,36.1766193690282 -79.7935789749366,36.1769643638571 -79.7943579750278,36.1770043618659 -79.7953489759943,36.1760963613825 -79.7957369761698,36.1759583607263 -79.796762976249,36.1760313580559 -79.7969049762604,36.1760413576866 -79.798689976016,36.1766603519995 -79.7993969760997,36.176694350197 -79.799523976115,36.1767003498735 -79.799964976428,36.1763813494685 -79.8000819769783,36.1756813506613 -79.8001229771715,36.1754343510827 -79.8008409775645,36.1750243501858 -79.8013969776631,36.1749753489235 -79.8020239778264,36.1748443476592 -79.8025059779492,36.1747433466872 -79.8035059780598,36.1747363442446 -79.8051149784355,36.1744103409715 -79.806340978371,36.1747173373177 -79.8068979783262,36.1748943355808 -79.8080099784273,36.1749323327704 -79.8092819788788,36.174337330876 -79.8103369790718,36.174150328667 -79.8109439793009,36.173786327923 -79.8124899798652,36.1727843261719 -79.8130989800144,36.1725103252307 -79.8135979800952,36.1723713242832 -79.8154819803614,36.1718633206657 -79.8165629804945,36.1715633186029 -79.8168759805134,36.1715273179019 -79.8169439805149,36.1715273177337 -79.8170789805093,36.171554317345 -79.8170889805079,36.1715593173102 -79.8172349804886,36.1716313168031 -79.8173769804579,36.171741316229 -79.8174929804205,36.1718733156748 -79.8175669803959,36.1719613153136 -79.8176689803492,36.1721263147274 -79.8177029803375,36.1721693145563 -79.8178319802537,36.1724663136364 -79.817837980239,36.1725163135204 -79.8178309802222,36.1725713134264 -79.8178559802037,36.172637313231 -79.8178789801951,36.1726703131075 -79.8179199801842,36.1727143129172 -79.8179869801747,36.1727583126629 -79.8180999801686,36.1728003122991 -79.8181229801696,36.1728013122404 -79.8183199801707,36.1728353116856 -79.8184619801773,36.1728403113252 -79.8189769801961,36.1728783099781 -79.8196279802251,36.1729113083058 -79.8198039802311,36.1729283078375 -79.8199389802378,36.1729333074945 -79.8201769802478,36.1729503068733 -79.820487980265,36.1729553060962 -79.8207659802815,36.1729553054105 -79.8209499802901,36.1729663049347 -79.8212549803093,36.1729613041925 -79.8213419803134,36.1729663039679 -79.8214239803206,36.1729553037878 -79.8216889803407,36.1729333031783 -79.821742980346,36.1729223030672 -79.8217829803484,36.1729223029685 -79.8219319803581,36.1729173026111 -79.8220129803639,36.1729113024233 -79.8222779803854,36.1728783018358 -79.8228069804241,36.1728293006289 -79.822934980433,36.1728183003351 -79.8229759804353,36.172818300234 -79.8230429804401,36.1728123000807 -79.8231049804435,36.1728122999277 -79.8231589804465,36.1728122997945 -79.8233819804614,36.1727962992763 -79.8233959804631,36.1727902992538 -79.8234499804668,36.1727852991305 -79.824141980519,36.1726802976325 -79.8243519805371,36.1726252972239 -79.8246299805592,36.1725592966692 -79.825035980592,36.1724442958957 -79.8253029806116,36.1723742953756 -79.8257949806451,36.1722462944148 -79.8258789806508,36.172221294257 -79.8261069806657,36.1721532938286 -79.8261879806697,36.1721422936503 -79.8262629806743,36.1721202935087 -79.8263239806774,36.1721092933798 -79.8265539806912,36.1720372929542 -79.8266829806984,36.1719992927107 -79.8268939807103,36.1719272923318 -79.8269679807146,36.1718942922142 -79.8271239807224,36.1718452919255 -79.8272799807289,36.1718122916052 -79.8275299807384,36.1717682910741 -79.8276249807415,36.171757290861 -79.8278089807478,36.1717292904614 -79.8278559807491,36.1717292903452 -79.8279299807505,36.1717462901287 -79.8280249807526,36.1717622898622 -79.8282209807568,36.1718122892791 -79.828424980761,36.171888288625 -79.8284649807618,36.1719102884827 -79.8285059807628,36.1719272883479 -79.8285399807632,36.1719602881988 -79.8287299807671,36.1721192874161 -79.8289399807726,36.1723612864209 -79.8291569807811,36.1726032854089 -79.8292449807852,36.1727292849439 -79.8292989807881,36.1727842847024 -79.8295509808032,36.1729932836699 -79.829624980808,36.1730312834128 -79.8297669808174,36.1730922829428 -79.8298419808225,36.1731192827048 -79.8299569808306,36.1731692823231 -79.8303639808615,36.1733342809961 -79.8304579808687,36.1733562807214 -79.8305469808758,36.1733832804491 -79.830675980886,36.1734162800665 -79.8307569808924,36.1734322798356 -79.8311029809218,36.1735312787893 -79.8312649809355,36.1735642783256 -79.8314679809539,36.1736192777181 -79.8316449809698,36.1736582772059 -79.8317599809808,36.1736912768582 -79.8317869809829,36.1736902767936 -79.8318689809905,36.1737072765585 -79.8320919810121,36.173762275902 -79.832295981031,36.1737952753352 -79.8323899810395,36.1738062750823 -79.8324509810453,36.1738162749127 -79.8327359810726,36.1738612741233 -79.8330009810956,36.1738722734495 -79.8331899811103,36.1738612730057 -79.8333389811197,36.1738332726934 -79.8334069811247,36.1738272725376 -79.8334679811286,36.1738172724069 -79.8336309811407,36.173806272027 -79.8337109811472,36.1738062718301 -79.8340439811722,36.1737892710433 -79.8344159812024,36.1737892701274 -79.8346609812223,36.1737892695242 -79.8349109812473,36.1738222688447 -79.8350749812624,36.1738332684196 -79.8351959812715,36.1738272681333 -79.8352779812782,36.1738272679315 -79.8354069812853,36.1738052676565 -79.8354809812905,36.173800267484 -79.8357989813071,36.1737452668074 -79.8361179813276,36.1737172660761 -79.8364429813463,36.1736792653492 -79.8365109813485,36.1736622652146 -79.836775981352,36.1735742647317 -79.8369719813571,36.1735252643434 -79.8370399813577,36.1735032642184 -79.8370999813564,36.1734752641245 -79.8375209813542,36.1733212633839 -79.8377919813559,36.1732442628642 -79.8378469813547,36.173222262771 -79.8378769813549,36.1732142627124 -79.837905981355,36.1732062626563 -79.8379819813526,36.1731732625324 -79.8380159813534,36.1731672624601 -79.8380429813527,36.1731562624148 -79.8380769813537,36.1731512623406 -79.8382049813631,36.1731562620154 -79.8382119813585,36.1731342620404 -79.8382589813487,36.1730792620302 -79.8383009813425,36.1730412619997 -79.8384289813359,36.1729802618013 -79.8385099813381,36.1729692616227 -79.838550981342,36.17297526151 -79.8385779813436,36.1729752614434 -79.8386529813454,36.1729642612796 -79.8387339813407,36.1729252611547 -79.8388079813235,36.1728382611392 -79.8388889812927,36.1726962612118 -79.8392749812552,36.1724732606868 -79.8409399812327,36.1721412572101 -79.8442219814891,36.172479248463 -79.8446629815797,36.1726542470436 -79.845114981677,36.1728342455884 -79.8469489817741,36.1728212410886 -79.8482869820222,36.1731722371309 -79.8510669822941,36.1733332299787 -79.8510839822874,36.1733192299628 -79.8511499822612,36.1732652299005 -79.851232982228,36.1731972298222 -79.8521769822591,36.1731452275915 -79.852838982625,36.1736732249833 -79.8535219830211,36.1742172222974 -79.8540779830698,36.174213220937 -79.8547459832181,36.1743442190528 -79.8565799833841,36.1743312145663 -79.8568019833394,36.1742392141886 -79.8576349833798,36.1741892122308 -79.858774982806,36.1733052110345 -79.8593559824931,36.1728542104217 -79.8600879825979,36.1729332084729 -79.8610679827423,36.173038205866 -79.8618679825779,36.1727862043479 -79.8630329823207,36.1724202021317 -79.8631179823007,36.1723932019704 -79.8637799819616,36.1719822010732 -79.8657399823469,36.1723181956303 -79.867093982633,36.1725501918743 -79.8680679828501,36.1727181891724 -79.8685709831497,36.1729851874587 -79.8687969835323,36.1733441862664 -79.868854983768,36.1735691857255 -79.8684719843386,36.1741571856279 -79.8684629851451,36.1749491842477 -79.8684559853063,36.1751081839834 -79.8684559853175,36.175119183964 -79.8684629854641,36.1752621836936 -79.8684559856487,36.1754441833885 -79.8684999870081,36.1767711809313 -79.8688409877548,36.1774441789065 -79.8688499885912,36.1782551774502 -79.8687099889605,36.178642177107 -79.8687019890388,36.1787201769885 -79.8686819892191,36.1789001767188 -79.868583989647,36.1793391761805 -79.868696989856,36.1795181755887 -79.8686989900872,36.1797431751858 -79.8686699905927,36.1802431743716 -79.8685469928409,36.1824741707213 -79.8685979944041,36.1839871679201 -79.8686509960652,36.1855911649539 -79.8686579962841,36.1858021645637 -79.8686599963545,36.1858701644386 -79.8687329986146,36.188044160417 -79.8687359986929,36.1881191602772 -79.8687810000656,36.1894351578417 -79.8688050008187,36.1901561565092 -79.868808000923,36.1902561563252 -79.8688080009374,36.1902701563004 -79.8688680030235,36.1922661526277 -79.8688720031401,36.1923771524219 -79.8688470038176,36.1930491512926 -79.8688430039182,36.1931491511252 -79.8688320042009,36.1934301506542 -79.8688030049826,36.1942071493484 -79.868797005167,36.1943901490388 -79.8687250071009,36.1963181457976 -79.8686870080862,36.1973041441422 -79.8686830082434,36.1974601438756 -79.8686790084199,36.1976351435753 -79.8686710090681,36.1982731424651 -79.8686570166134,36.2056491294455 -79.8686570179717,36.206975127099 -79.8686580181304,36.2071291268242 -79.8686610183207,36.2073121264935 -79.8686860206274,36.2095391224957 -79.8686870207924,36.2096991222103 -79.8686930212117,36.2101021214835 -79.8686990218208,36.2106901204295 -79.8687000218721,36.2107391203405 -79.8687090230303,36.2118591183384 -79.8686170243734,36.2132681160537 -79.868546025408,36.2143581142851 -79.8684390269528,36.21599411163 -79.8684340270111,36.2160571115296 -79.8684250271471,36.2162011112949 -79.8683670278744,36.2169841100387 -79.8683540280539,36.2171761097278 -79.8683310283471,36.2174921092197 -79.8682310295322,36.2187821071585 -79.8682210296504,36.2189111069524 -79.8681870300601,36.2193581062363 -79.8681580304086,36.2197391056259 -79.8681160309106,36.2202891047449 -79.8680700314485,36.2208811037981 -79.8680510316889,36.2211441033742 -79.8679930323891,36.2219151021363 -79.8679090333593,36.222992100413 -79.8678970334876,36.2231361001842 -79.867879033713,36.2233850997825 -79.8675770372275,36.2273290934504 -79.8674590385809,36.2288670909785 -79.8674510386829,36.2289820907917 -79.8673590397329,36.2301830888597 -79.8670990426777,36.2335860833779 -79.8670320434154,36.2344490819887 -79.8670250435226,36.2345700817887 -79.8670030438579,36.2349490811623 -79.8669740443025,36.2354520803305 -79.8669670444221,36.2355860801073 -79.866991045321,36.2364610785 -79.8670820487729,36.2398130723465 -79.8670870489816,36.2400160719749 -79.8671000494832,36.2405020710835 -79.8671160502081,36.2412090697929 -79.8671190503504,36.2413480695394 -79.8671830528719,36.2437860650713 -79.8671900531406,36.2440450645964 -79.8671960533937,36.2442900641484 -79.8672400550204,36.2458520612804 -79.8674050628648,36.2517810540257 -79.8672700626364,36.2518060543126 -79.8665920611934,36.2517770557143 -79.8655750590253,36.2517320578165 -79.8653660584873,36.2516750582365 -79.8652360583024,36.2517170585173 -79.8638800554115,36.2516580613207 -79.863541054688,36.2516430620215 -79.8632480539354,36.2515650626109 -79.8628620532407,36.2516140634255 -79.8615060503448,36.2515540662289 -79.8591330452769,36.2514510711358 -79.8577770423762,36.2513910739396 -79.8574380416528,36.2513770746409 -79.8574230416201,36.2513760746718 -79.8567600402017,36.2513470760428 -79.8550620365677,36.2512730795545 -79.8545060353756,36.2512480807042 -79.854036034372,36.2512290816767 -79.8502730263095,36.2510670894606 -79.8495890248414,36.2510370908755 -79.8492200240517,36.2510220916391 -79.848905023375,36.2510080922907 -79.8468530189689,36.2509190965359 -79.8465110182338,36.2509040972435 -79.8461690175008,36.2508900979512 -79.8457410165822,36.2508720988369 -79.8454850160301,36.2508600993663 -79.8453090156531,36.2508530997307 -79.8451430152945,36.2508451000739 -79.8437750123535,36.2507861029045 -79.8434330116196,36.2507721036124 -79.8430910108834,36.25075710432 -79.8420640086743,36.2507131064453 -79.841380007201,36.2506831078606 -79.8410380064641,36.2506681085683 -79.8403540049923,36.250639109984 -79.8393280027827,36.2505951121074 -79.8392190025449,36.2505891123327 -79.8387420015161,36.2505681133198 -79.8383500006598,36.25054611413 -79.8353209942337,36.2504631204101 -79.8311899852565,36.2502611289562 -79.830755984299,36.2502341298529 -79.8305119837725,36.2502241303582 -79.8277989779671,36.2501351359813 -79.8270639763961,36.2501121375051 -79.8261039743365,36.2500791394946 -79.8252889726018,36.2500571411851 -79.8228219673712,36.2499701463598 -79.8220349657509,36.2499451480469 -79.8202689621183,36.2498911518293 -79.8193229601761,36.2498561538681 -79.8183049580865,36.249823156053 -79.8179659573914,36.2498111567827 -79.8176269566962,36.2498001575104 -79.8155929525293,36.2497331618795 -79.8144249501399,36.2496941643901 -79.8128519469255,36.249642167771 -79.8088829388338,36.2495111763046 -79.8058479326645,36.2494111828333 -79.800477921789,36.2492321943966 -79.7975379158634,36.2491252007506 -79.7925779058784,36.2489712114204 -79.7889778986637,36.248852219185 -79.7872728952574,36.2487932228697 -79.7857548922239,36.2487452261412 -79.7839488886234,36.2486852300407 -79.7824458856325,36.2486342332891 -79.7814838837207,36.2486012353694 -79.7811238830053,36.2485892361472 -79.7806878821371,36.248576237086 -79.7796518800795,36.2485422393235 -79.7789218786309,36.2485182409005 -79.7786348780623,36.2485082415219 -79.7749048706796,36.2483832495881 -79.7746948702647,36.2483762500422 -79.7745658700094,36.2483722503206 -79.7742268693393,36.2483612510532 -79.7734958678968,36.2483362526358 -79.7724558658455,36.2483012548864 -79.7694798599842,36.2482022613263 -79.7690328591053,36.2481872622941 -79.7684628579834,36.2481692635258 -79.7674748560299,36.2481442656468 -79.7643938500023,36.2480332723383 -79.762325845957,36.247964276819 -79.7610038433764,36.2479192796862 -79.7606648427142,36.2479082804203 -79.7605728425345,36.2479052806195 -79.7603538421049,36.2478992810912 -79.757687836921,36.2478042868855 -79.7569348354483,36.2477832885089 -79.755435832527,36.247737291751 -79.7528148274507,36.2476452974486 -79.7498148217846,36.2475443038109 -79.7497158216671,36.2475413039429 -79.7494758213837,36.2475333042646 -79.7479918196331,36.2474833062553 -79.7463758177312,36.2474273084272 -79.7435748144273,36.2473353121812 -79.7407828111426,36.2472413159304 -79.7384838084377,36.2471653190155 -79.7350718044351,36.247049323604 -79.73052579911,36.2468953297203 -79.7284817967185,36.2468263324714 -79.7281157962874,36.2468153329608 -79.727437795495,36.2467923338738 -79.7264207943056,36.2467583352423 -79.725573793317,36.2467293363839 -79.7254367931555,36.2467253365669 -79.7246477922349,36.2466983376305 -79.7211437881483,36.2465793423534 -79.7207547876944,36.2465663428774 -79.7205567873617,36.2466043430342 -79.7201637868596,36.2466103435164 -79.719270785745,36.2466123446408 -79.7176117837312,36.2465913467906 -79.7174097834848,36.2465893470511 -79.7167747830581,36.2464323482427 -79.7167617830442,36.2464313482616 -79.716162782349,36.2464103490714 -79.7104817757505,36.2462173567411 -79.7097947749599,36.2461913576757 -79.706706771417,36.2460713618861 -79.7039647682622,36.2459703656128 -79.701532765391,36.24591236884 -79.7005627642364,36.2458933701169 -79.6919797540961,36.2456993814875 -79.6912657532633,36.2456793824438 -79.6872647485648,36.245581387768 -79.685701746715,36.2455493898324 -79.6846227454432,36.2455253912627 -79.6835167441437,36.2454993927325 -79.68313074369,36.2454903932454 -79.6828387433448,36.2454843936312 -79.6817097420201,36.2454573951332 -79.6805507406587,36.2454303966734 -79.6773667369182,36.2453574009026 -79.6767477361909,36.2453434017244 -79.6720677307045,36.2452344079484 -79.6716937302645,36.2452264084441 -79.6669787247457,36.2451164147188 -79.6669507247112,36.2451164147544 -79.6667877245211,36.2451124149719 -79.6667197244373,36.2451124150582 -79.6666377243416,36.2451104151676 -79.6634077205215,36.2450514194248 -79.6600677165579,36.2449964238124 -79.6564117122218,36.2449364286159 -79.6561697119405,36.2449304289393 -79.6543667098018,36.2449014313072 -79.6516397065772,36.2448544348978 -79.648571702952,36.2448014389387 -79.6472087013407,36.2447784407328 -79.6468347008357,36.2447944411647 -79.6468317008038,36.2448044411414 -79.6462317001168,36.2447864419525 -79.6457166995514,36.244762442672 -79.6444406981529,36.2447024444564 -79.6442106979242,36.2446834448003 -79.6439936977457,36.2446524451604 -79.6431186965111,36.2447084461203 -79.6358106880601,36.2445254559103 -79.6265306775459,36.2442294685315 -79.6257676766852,36.2442044695718 -79.6252456760902,36.2441894702778 -79.6248246756221,36.2441734708581 -79.624407675147,36.2441614714222 -79.6230476736097,36.2441184732729 -79.6174586673081,36.2439394808892 -79.6169266667089,36.2439224816144 -79.616246665944,36.2439004825422 -79.6159066655617,36.2438894830061 -79.6155666651794,36.2438784834701 -79.614886664415,36.2438564843981 -79.6077456563943,36.2436274941437 -79.606613655121,36.2435924956859 -79.5951616423166,36.2432245113425 -79.5883636347501,36.2430045206541 -79.5861446322855,36.2429325236963 -79.5849636309738,36.242894525315 -79.5842836302192,36.2428725262474 -79.58391462981,36.2428605267537 -79.5836056294672,36.2428505271774 -79.5834956293434,36.2428475273267 -79.5833886292363,36.2428405274837 -79.5775126227171,36.2426535355375 -79.5771426223079,36.2426415360456 -79.5744226193009,36.2425535397806 -79.5720426166726,36.2424765430501 -79.5713626159222,36.2424545439844 -79.5710226155471,36.2424435444516 -79.568979613287,36.2423795472533 -79.5673786115337,36.2423245494639 -79.5595726027816,36.2421205600581 -79.5594586026541,36.2421175602129 -79.5593736025582,36.2421155603277 -79.5592886024657,36.2421125604455 -79.5587436018512,36.2420995611818 -79.5584016014652,36.2420915616434 -79.5580596010792,36.2420835621051 -79.5578246008157,36.2420775624238 -79.5577956007841,36.2420765624639 -79.5573676002976,36.2420675630387 -79.5486895905464,36.241856574784 -79.5471445888111,36.2418195768747 -79.5415265825135,36.2416835844845 -79.5347175748965,36.2415185937149 -79.5324075723198,36.2414615968512 -79.5324065722491,36.2414805967938 -79.5324025720175,36.2415425966075 -79.5323675700801,36.2420605950528 -79.5323525692168,36.2422915943586 -79.5323255676876,36.2427005931302 -79.5322875655557,36.2432705914184 -79.5322795651068,36.2433905910581 -79.5322465632222,36.2438945895436 -79.5322035608054,36.2445405876032 -79.5321555580965,36.2452645854281 -79.5319345455937,36.24860457539 -79.5319205447741,36.248823574731 -79.5319015437139,36.2491065738806 -79.5318745421856,36.2495145726539 -79.5318625415954,36.2496715721839 -79.5318575413144,36.2497465719585 -79.5318385405405,36.2500395711672 -79.5317135490044,36.2520815695065 -79.5317095492738,36.2521465694536 -79.5316925504137,36.25242156923 -79.5316825510936,36.2525855690964 -79.5316585526893,36.2529705687834 -79.5316415538292,36.2532455685596 -79.5315895572482,36.2540705678893 -79.5315555595243,36.2546195674422 -79.5315215618048,36.255169566994 -79.5315175620575,36.2552305669446 -79.5315035629439,36.2554445667711 -79.5314695652204,36.2559935663236 -79.5314525663609,36.2562685660993 -79.5314415671329,36.256454565947 -79.5314015697784,36.2570925654271 -79.5313665720585,36.2576425649794 -79.5313155754766,36.2584665643066 -79.5312945768491,36.2587975640368 -79.5312295811759,36.2598405631849 -79.5311615857406,36.2609405622851 -79.5311095891591,36.2617645616118 -79.5310585925792,36.262588560937 -79.5310205950984,36.2631955604401 -79.5309555994237,36.2642375595864 -79.5309046028493,36.2650625589094 -79.5308696051278,36.26561155846 -79.5308506064154,36.2659215582053 -79.5308186085541,36.2664365577824 -79.5307846108342,36.2669855573314 -79.5307496131176,36.2675355568804 -79.5306986165406,36.2683595562027 -79.5306636188244,36.2689095557513 -79.5306296211054,36.2694585552995 -79.5305786245335,36.27028355462 -79.5305516263115,36.270711554268 -79.5305436268138,36.2708325541688 -79.5305096290996,36.2713825537155 -79.5304756313856,36.2719325532619 -79.5304416336676,36.2724815528091 -79.5304066359528,36.2730315523563 -79.5303726382351,36.2735805519031 -79.5303386405219,36.2741305514489 -79.5303036428076,36.2746805509956 -79.5302706451762,36.2752495505228 -79.5302526462341,36.2755045503145 -79.5302186485214,36.2760545498596 -79.5301836508036,36.2766035494065 -79.5301496530913,36.2771535489513 -79.5301156553792,36.2777035484959 -79.5300816576631,36.2782525480412 -79.5300466599502,36.2788025475866 -79.5300126622344,36.2793515471315 -79.5299946634791,36.279650546883 -79.529978664523,36.2799015466754 -79.5299436668107,36.2804515462201 -79.5299096690954,36.2810005457646 -79.5298756713846,36.2815505453079 -79.5298406736686,36.282099544853 -79.5298066759581,36.282649544396 -79.5297556793885,36.2834735437111 -79.5297386805335,36.2837485434824 -79.5296866839675,36.2845735427971 -79.5296526862536,36.2851225423402 -79.529617688543,36.2856725418833 -79.5295836908295,36.286221541426 -79.5295496931203,36.2867715409676 -79.5295156954114,36.2873215405091 -79.5294806976973,36.2878705400524 -79.5294297011345,36.288695539364 -79.5293947034208,36.2892445389068 -79.5293607057127,36.2897945384475 -79.5293267080005,36.2903435379889 -79.5292927102927,36.2908935375292 -79.5292577125798,36.2914425370713 -79.5292067160187,36.2922675363812 -79.5291547194528,36.2930915356926 -79.5291037228925,36.2939165350017 -79.5290697251817,36.2944655345417 -79.5290347274742,36.2950155340818 -79.5290007297637,36.2955645336215 -79.5289487332036,36.2963895329304 -79.5289147354936,36.2969385324697 -79.5288637389352,36.2977635317769 -79.528811742372,36.2985875310856 -79.5287867441,36.299001530737 -79.5287607458144,36.299412530392 -79.5287257481043,36.2999615299314 -79.5286747515474,36.3007865292371 -79.5286227549857,36.3016105285444 -79.5285717584254,36.3024345278502 -79.5285207618697,36.3032595271548 -79.5284857641609,36.3038085266928 -79.5284517664576,36.3043585262288 -79.5284347676059,36.3046335259967 -79.5283997698976,36.3051825255343 -79.5283757715435,36.3055765252012 -79.5283317744919,36.3062825246052 -79.5282967767841,36.3068315241422 -79.5282457802306,36.3076565234447 -79.5282117825243,36.3082055229803 -79.5281767848213,36.3087555225158 -79.5281257882645,36.3095795218182 -79.5280917905503,36.310126521355 -79.5280397940059,36.310953520655 -79.5280057963049,36.3115035201887 -79.5279707985988,36.312052519724 -79.5279348010022,36.3126275192365 -79.5279028031934,36.3131515187913 -79.527850806642,36.3139765180917 -79.5278168089378,36.3145255176252 -79.5277648123871,36.3153505169249 -79.5277308146832,36.315899516458 -79.5276798181342,36.316724515756 -79.5276278215804,36.3175485150555 -79.5275768250321,36.3183735143528 -79.5275248284791,36.3191975136514 -79.5274748318477,36.3200025129651 -79.5274208354803,36.3208705122248 -79.5273918375665,36.3213685117979 -79.5273378410386,36.3221985110916 -79.5272848445799,36.3230445103692 -79.5272328480292,36.3238685096656 -79.5271938506717,36.3244995091257 -79.5271468537824,36.3252425084907 -79.5270928573965,36.3261055077523 -79.5270438606887,36.3268915070791 -79.5269928641451,36.3277165063718 -79.5269588664453,36.328265505901 -79.5269258686235,36.3287855054556 -79.5268728722021,36.3296395047226 -79.5268058766774,36.330707503806 -79.5267518802646,36.3315635030711 -79.5267178825661,36.3321125025991 -79.526666886025,36.3329375018892 -79.5266148894792,36.3337615011808 -79.5265808917857,36.334311500707 -79.5265288952405,36.3351354999979 -79.5264948975474,36.3356854995237 -79.526442901003,36.3365094988139 -79.5263919044598,36.3373334981029 -79.5263619065329,36.3378274976759 -79.5263229090701,36.3384324971547 -79.526276912137,36.3391634965237 -79.5262199159895,36.3400814957302 -79.526133921756,36.3414554945422 -79.5260659263698,36.3425544935906 -79.5259969309878,36.3436544926381 -79.5259689329624,36.3441244922297 -79.525910936753,36.3450274914481 -79.5258419413726,36.346127490494 -79.5257049506064,36.3483254885847 -79.5255449613514,36.3508824863605 -79.5253499744252,36.3539924836503 -79.5252939782525,36.3549024828554 -79.5252409817934,36.3557444821204 -79.5251889852632,36.3565694813998 -79.5251379887299,36.3573934806791 -79.5250859921962,36.3582174799586 -79.5250519945106,36.358767479477 -79.5250179968253,36.3593174789952 -79.5249320026076,36.3606914777916 -79.5248630072333,36.3617904768282 -79.5248110107019,36.3626144761056 -79.5247600141715,36.3634384753819 -79.5246740199573,36.3648124741749 -79.5246050245857,36.3659114732089 -79.5245540280612,36.3667364724826 -79.5244880324929,36.3677884715567 -79.5244160373213,36.3689344705473 -79.5243650407983,36.3697594698196 -79.52429604543,36.3708584688503 -79.524244048903,36.3716824681233 -79.524175053536,36.3727814671527 -79.5241070581703,36.3738804661808 -79.5240570615099,36.3746724654806 -79.5240040651247,36.3755294647218 -79.5239520686,36.3763534639925 -79.52390007208,36.3771784632618 -79.5238490755568,36.3780024625311 -79.5237970790334,36.3788264618005 -79.5237630813546,36.3793764613123 -79.5237030853507,36.380323460472 -79.5235570952715,36.3826734583828 -79.5234021057185,36.3851474561807 -79.523281113841,36.3870704544669 -79.5231441231285,36.3892684525044 -79.5230521292646,36.3907204512073 -79.5229031393901,36.3931154490636 -79.5227661486899,36.3953144470924 -79.5226971533385,36.3964134461064 -79.5225941603108,36.3980614446264 -79.5225291646477,36.3990864437056 -79.5223871742641,36.4013584416611 -79.5223011800811,36.4027324404232 -79.5222321847303,36.4038304394334 -79.522164189385,36.4049294384414 -79.5220951940399,36.4060284374492 -79.5220261986955,36.4071274364563 -79.5219572033519,36.4082264354627 -79.5218882080047,36.4093244344693 -79.5218022138283,36.410698433225 -79.5217512173215,36.4115224324779 -79.5216872216075,36.4125334315615 -79.5215622301355,36.4145444297357 -79.5214762359591,36.4159174284881 -79.5213902417882,36.4172914272385 -79.521304247614,36.4186644259887 -79.5212522511107,36.4194884252382 -79.5212002546079,36.4203124244873 -79.5211322592734,36.4214114234847 -79.5210462651069,36.4227854222306 -79.5209602709373,36.4241584209762 -79.520753284938,36.4274544179609 -79.5206332931098,36.4293774161983 -79.5204433059558,36.4323994134246 -79.5203233141333,36.4343224116564 -79.5202343201218,36.4357304103608 -79.5201343269843,36.4373434088743 -79.5200133351672,36.4392664071009 -79.5198933433527,36.4411894053249 -79.5198183483247,36.4423574042458 -79.5196663587073,36.4447954019893 -79.519579364671,36.4461954006918 -79.5195313679216,36.4469583999844 -79.5194453737719,36.4483313987104 -79.5193903774023,36.4491833979198 -79.5192733854802,36.4510783961582 -79.5191923909842,36.4523693949572 -79.5190663995343,36.4543743930902 -79.5189284089101,36.4565723910406 -79.5187914182848,36.4587693889888 -79.5186564274402,36.4609143869832 -79.5186534276665,36.4609673869335 -79.5185674335284,36.4623403856481 -79.5185154370468,36.4631643848763 -79.518360447609,36.4656373825572 -79.5182584547314,36.4673043809913 -79.5180474689411,36.4706293778646 -79.5180374695908,36.4707813777217 -79.5179984722584,36.471405377134 -79.5179624747811,36.4719953765779 -79.5179294770645,36.4725293760745 -79.5179124781289,36.4727783758401 -79.5178884797924,36.4731673754733 -79.517809485181,36.4744273742846 -79.517723491054,36.4758003729883 -79.5176024992813,36.4777233711709 -79.5175515028076,36.4785473703914 -79.5174765079348,36.4797453692574 -79.517413512211,36.4807443683112 -79.517344516916,36.4818433672696 -79.5173245182261,36.4821493669796 -79.5171895275017,36.484315364924 -79.5171235319734,36.4853593639324 -79.5170515369171,36.4865133628354 -79.5169655428001,36.4878863615292 -79.5169305451569,36.4884363610057 -79.5168615498627,36.4895343599601 -79.5167965543678,36.4905853589583 -79.5167415581061,36.4914573581269 -79.5165515710649,36.4944793552417 -79.516379582845,36.4972253526153 -79.5162755899212,36.4988743510361 -79.5161895953273,36.5002473501133 -79.5160865991734,36.5018953511371 -79.5160246014497,36.5028723517441 -79.5157586113014,36.5071143543805 -79.51555161892,36.5104103564299 -79.5154026243951,36.5127873579082 -79.5153446265073,36.5137063584799 -79.515258629661,36.5150803593347 -79.5151896321795,36.5161793600186 -79.5150346378317,36.518651361557 -79.5150176384572,36.5189253617276 -79.5148106459656,36.5222223637802 -79.5146896503279,36.5241443649771 -79.5145736544686,36.5259733661165 -79.514465658405,36.5277153672016 -79.5142926645928,36.5304623689135 -79.5141596692435,36.5325343702053 -79.5139996750628,36.5351323718248 -79.5139016785439,36.536691372797 -79.513895678742,36.5367803728526 -79.513871679619,36.5371733730977 -79.5136846862107,36.5401363749461 -79.5136366879065,36.5409003754228 -79.5139426882117,36.540898375393 -79.5145596888387,36.5408993753359 -79.5149026891861,36.5408993753038 -79.5152436895313,36.540899375272 -79.5155846898766,36.5408993752401 -79.5156816899748,36.540899375231 -79.5159256902219,36.5408993752082 -79.5162666905672,36.5408993751764 -79.5166076909124,36.5408993751445 -79.5169486912577,36.5408993751126 -79.517289691603,36.5408993750807 -79.5173836916982,36.540899375072 -79.5176306919483,36.5408993750489 -79.5178236921437,36.5408993750308 -79.5179716922935,36.540899375017 -79.5183126926388,36.5408993749851 -79.5184006927279,36.5408993749769 -79.5186526929831,36.5408993749533 -79.5189936933284,36.5408993749215 -79.5193456936824,36.5408983748879 -79.5196966940353,36.5408973748545 -79.5200486943917,36.5408973748216 -79.5203996947447,36.5408963747882 -79.5207506950976,36.5408953747548 -79.521102695454,36.5408953747219 -79.5214536958069,36.5408943746885 -79.5218046961622,36.5408943746557 -79.5221566965162,36.5408933746221 -79.522507696869,36.5408923745887 -79.5228596972254,36.5408923745558 -79.5232106975782,36.5408913745224 -79.5235616979336,36.5408913744896 -79.5239136982874,36.5408903744561 -79.5242646986402,36.5408893744227 -79.5246156989955,36.5408893743899 -79.5249676993493,36.5408883743563 -79.5253186997021,36.5408873743229 -79.5256707000584,36.54088737429 -79.5260217004111,36.5408863742566 -79.5261637005549,36.5408863742433 -79.5263727007638,36.5408853742232 -79.5267337011215,36.5408823741876 -79.5270947014791,36.540879374152 -79.5274557018367,36.5408763741165 -79.5278167021942,36.5408733740809 -79.5281597025413,36.5408733740488 -79.528503702892,36.5408743740173 -79.5288467032391,36.5408743739852 -79.5291907035899,36.5408753739537 -79.5295337039396,36.5408763739223 -79.5298777042878,36.5408763738901 -79.5302207046375,36.5408773738587 -79.5305637049873,36.5408783738272 -79.5309077053355,36.5408783737951 -79.5312507056853,36.5408793737636 -79.5314477058847,36.5408793737452 -79.5315947060361,36.5408803737321 -79.5319757064164,36.5408783736953 -79.5323567067965,36.5408763736584 -79.5327387071777,36.5408743736215 -79.5331197075578,36.5408723735847 -79.5334617079038,36.5408723735527 -79.5338027082489,36.5408723735209 -79.5339897084354,36.5408713735028 -79.5341447085922,36.5408713734883 -79.5344867089383,36.5408713734563 -79.5348287092816,36.5408703734238 -79.5351707096277,36.5408703733918 -79.5355127099709,36.5408693733593 -79.535854710317,36.5408693733273 -79.5361967106602,36.5408683732947 -79.5365677110272,36.5408653732582 -79.5369397113923,36.540861373221 -79.5373117117573,36.5408573731839 -79.5376837121251,36.5408543731473 -79.538054712489,36.5408503731102 -79.5384117128501,36.5408503730769 -79.538768713214,36.5408513730441 -79.5391257135751,36.5408513730107 -79.5394827139391,36.540852372978 -79.5398397143001,36.5408523729446 -79.5401967146612,36.5408523729112 -79.5405527150242,36.5408533728786 -79.5409067153823,36.5408533728455 -79.5412607157403,36.5408533728124 -79.5416147160984,36.5408533727793 -79.5419697164575,36.5408533727462 -79.5421637166567,36.5408543727287 -79.5423237168185,36.5408543727137 -79.5426777171766,36.5408543726806 -79.5430317175346,36.5408543726476 -79.5431587176631,36.5408543726357 -79.5433857178927,36.5408543726145 -79.5438367183608,36.5408583725747 -79.544287718832,36.5408633725356 -79.5444397189888,36.540864372522 -79.5446407191981,36.5408663725044 -79.5449937195643,36.5408693724732 -79.5453467199305,36.540872372442 -79.5457007202978,36.5408753724108 -79.5460537206671,36.5408793723802 -79.5464067210335,36.540882372349 -79.5467917214323,36.5408853723148 -79.5471767218342,36.5408893722812 -79.5475607222322,36.5408923722471 -79.5479457226342,36.5408963722135 -79.5483307230333,36.5408993721793 -79.5485467232582,36.5409013721604 -79.5487157234355,36.5409033721458 -79.5490847238153,36.5409053721124 -79.5494537241983,36.5409083720797 -79.5498227245814,36.540911372047 -79.5501917249645,36.5409143720143 -79.5505607253445,36.540916371981 -79.5509297257277,36.5409193719483 -79.5512977261099,36.5409223719157 -79.5516637264902,36.5409253718833 -79.5520297268737,36.5409293718515 -79.5523957272572,36.5409333718197 -79.5527617276408,36.5409373717879 -79.5531267280203,36.5409403717555 -79.553492728404,36.5409443717236 -79.5538587287878,36.5409483716918 -79.5542247291717,36.54095237166 -79.5545897295514,36.5409553716276 -79.5549427299222,36.540959371597 -79.5552947302921,36.5409633715665 -79.5556477306631,36.5409673715359 -79.5559997310298,36.5409703715047 -79.5563527314008,36.5409743714741 -79.556704731771,36.5409783714436 -79.5570567321379,36.5409813714124 -79.5570977321827,36.5409823714092 -79.5574097325091,36.5409853713818 -79.5577617328794,36.5409893713512 -79.5581147332508,36.5409933713206 -79.558466733618,36.5409963712895 -79.5588187339885,36.5410003712589 -79.55917173436,36.5410043712283 -79.5595237347273,36.5410073711972 -79.559876735099,36.5410113711665 -79.5602287354698,36.541015371136 -79.5605807358405,36.5410193711054 -79.5609377362098,36.5410213710732 -79.5612947365824,36.5410243710416 -79.5616507369507,36.5410263710095 -79.5620077373234,36.5410293709779 -79.5623637376917,36.5410313709457 -79.5627207380645,36.5410343709141 -79.5630767384364,36.5410373708826 -79.5634337388058,36.5410393708504 -79.5637897391777,36.5410423708189 -79.5641467395473,36.5410443707866 -79.5645027399193,36.5410473707551 -79.5648597402889,36.5410493707229 -79.5652167406621,36.5410523706913 -79.5655757410373,36.5410553706594 -79.565935741417,36.5410593706281 -79.5662957417933,36.5410623705962 -79.5666547421722,36.541066370565 -79.5670147425486,36.541069370533 -79.5673747429286,36.5410733705017 -79.5677337433042,36.5410763704699 -79.5680937436843,36.5410803704386 -79.568453744061,36.5410833704066 -79.5688137444412,36.5410873703753 -79.569172744817,36.5410903703434 -79.5695327451973,36.5410943703121 -79.5697527454282,36.5410963702927 -79.5698927455742,36.5410973702802 -79.5702517459537,36.541101370249 -79.5706027463287,36.5411063702191 -79.5709527466992,36.5411103701886 -79.5713037470743,36.5411153701588 -79.5716537474486,36.5411203701289 -79.5720047478203,36.5411243700984 -79.5722697481045,36.541128370076 -79.5723967482447,36.5411313700658 -79.5725407483985,36.5411333700535 -79.5747787507763,36.5411603698598 -79.5748347508334,36.5411603698546 -79.5756727517018,36.5411643697785 -79.5762447522919,36.5411663697261 -79.5778177539168,36.5411723695823 -79.5780447541632,36.5411763695634 -79.5784077545519,36.5411813695324 -79.5787707549445,36.5411873695019 -79.5791327553362,36.5411933694714 -79.579495755729,36.5411993694409 -79.5798587561181,36.5412043694099 -79.5802217565112,36.5412103693794 -79.5805757568912,36.5412153693491 -79.5809407572826,36.5412203693178 -79.5811297574869,36.5412233693019 -79.581299757668,36.5412253692871 -79.5816597580545,36.5412303692564 -79.582019758441,36.5412353692255 -79.5823787588266,36.5412403691948 -79.5827427592136,36.5412443691631 -79.5831057595995,36.5412483691314 -79.5834697599905,36.5412533691002 -79.5838337603776,36.5412573690684 -79.5841967607677,36.5412623690373 -79.584560761155,36.5412663690055 -79.5847327613384,36.5412683689906 -79.5849237615413,36.5412703689738 -79.5852877619326,36.5412753689426 -79.5856507623191,36.5412793689109 -79.5860147627067,36.5412833688791 -79.5863747630941,36.5412883688483 -79.5867347634817,36.5412933688175 -79.5870957638704,36.5412983687865 -79.5874557642581,36.5413033687557 -79.587815764646,36.5413083687249 -79.5881757650339,36.541313368694 -79.5885367654229,36.5413183686631 -79.588896765811,36.5413233686322 -79.5892567661991,36.5413283686014 -79.5896167665873,36.5413333685705 -79.5899767669716,36.5413373685391 -79.590337767361,36.5413423685082 -79.5906897677414,36.5413473684781 -79.5910417681177,36.5413513684474 -79.5913937684981,36.5413563684173 -79.5917457688786,36.5413613683871 -79.5920987692562,36.5413653683564 -79.5924507696369,36.5413703683262 -79.5928027700135,36.5413743682956 -79.5931547703944,36.5413793682655 -79.5935067707712,36.5413833682347 -79.5938597711532,36.5413883682046 -79.5942117715343,36.5413933681744 -79.5945637719113,36.5413973681437 -79.5949157722925,36.5414023681136 -79.5952677726697,36.5414063680829 -79.595619773051,36.5414113680527 -79.5959677734284,36.541416368023 -79.59631577381,36.5414223679938 -79.5966637741876,36.541427367964 -79.5970117745694,36.5414333679348 -79.5973597749471,36.5414383679051 -79.5977067753281,36.541444367876 -79.5980517757029,36.5414493678465 -79.5984027760881,36.541455367817 -79.5987507764662,36.5414603677872 -79.5990987768443,36.5414653677574 -79.5994457772257,36.5414713677283 -79.5995217773079,36.5414723677218 -79.599793777604,36.5414763676985 -79.6001637780135,36.5414833676678 -79.6005337784188,36.5414893676366 -79.6009037788243,36.5414953676053 -79.6012497792009,36.5415003675757 -79.6015967795786,36.541505367546 -79.6019437799564,36.5415103675163 -79.6022907803342,36.5415153674866 -79.6026367807111,36.541520367457 -79.6029837810935,36.5415263674278 -79.6033307814716,36.5415313673981 -79.6036777818498,36.5415363673684 -79.604023782227,36.5415413673388 -79.6043707826054,36.5415463673091 -79.6044407826817,36.5415473673031 -79.6047177829838,36.5415513672794 -79.6047727830403,36.5415513672742 -79.6050717833476,36.5415513672461 -79.6054297837374,36.5415563672154 -79.605782784087,36.5415533671806 -79.6061377844562,36.5415543671478 -79.6063567846813,36.5415543671273 -79.606492784821,36.5415543671145 -79.6068477851902,36.5415553670818 -79.6070297853817,36.5415563670653 -79.6072027855595,36.541556367049 -79.6075577859243,36.5415563670157 -79.6079137862991,36.5415583669835 -79.6082687866639,36.5415583669501 -79.6086237870333,36.5415593669174 -79.6089787874026,36.5415603668847 -79.6093337877675,36.5415603668514 -79.6096887881368,36.5415613668186 -79.6100437885062,36.5415623667858 -79.6103987888756,36.5415633667531 -79.6107537892404,36.5415633667198 -79.6111087896098,36.5415643666871 -79.6114637899793,36.5415653666543 -79.6118187903442,36.541565366621 -79.6121737907136,36.5415663665882 -79.6125297910841,36.5415673665554 -79.6128847914491,36.5415673665221 -79.6132257918133,36.5415703664918 -79.6135667921776,36.5415733664615 -79.613907792542,36.5415763664312 -79.6142487929064,36.5415793664009 -79.6145907932672,36.5415813663699 -79.6149317936317,36.5415843663396 -79.6151207938353,36.541586366323 -79.6152727939962,36.5415873663093 -79.6156137943608,36.541590366279 -79.6159617947141,36.5415893662457 -79.616309795072,36.5415893662131 -79.6166577954253,36.5415883661799 -79.6170047957774,36.5415873661467 -79.6173527961353,36.5415873661141 -79.6177007964885,36.5415863660809 -79.6180487968464,36.5415863660482 -79.6183957971985,36.5415853660151 -79.6187437975517,36.5415843659818 -79.6190917979096,36.5415843659492 -79.6194397982627,36.541583365916 -79.6197867986195,36.5415833658834 -79.6201347989726,36.5415823658502 -79.6205137993671,36.5415833658152 -79.6208917997653,36.5415853657808 -79.6212698001588,36.5415863657459 -79.6216488005581,36.5415883657115 -79.6220268009516,36.5415893656765 -79.6224288013602,36.5415883656383 -79.6228298017726,36.5415883656006 -79.6232318021812,36.5415873655623 -79.6236338025898,36.5415863655241 -79.6240348029974,36.5415853654859 -79.6243908033877,36.5415903654553 -79.6247458037818,36.5415963654253 -79.6251018041528,36.5415973653924 -79.6252608043213,36.5415983653781 -79.6254578045288,36.5415993653601 -79.6258138048998,36.5416003653273 -79.6261698052758,36.541602365295 -79.6265258056518,36.5416043652627 -79.626881806023,36.5416053652298 -79.627237806399,36.5416073651975 -79.6275938067751,36.5416093651652 -79.6277458069315,36.541609365151 -79.6279498071463,36.5416103651324 -79.6283058075224,36.5416123651001 -79.6286618078937,36.5416133650672 -79.6288618081044,36.541614365049 -79.6290178082699,36.5416153650349 -79.6293848086574,36.5416173650016 -79.6297518090401,36.5416183649677 -79.6301198094287,36.5416203649343 -79.6304868098164,36.5416223649009 -79.6308538101991,36.541623364867 -79.6312208105868,36.5416253648337 -79.6315878109745,36.5416273648003 -79.6319558113583,36.5416283647663 -79.6323088117267,36.5416293647337 -79.6326628120961,36.5416303647011 -79.6330168124656,36.5416313646684 -79.633370812835,36.5416323646357 -79.6337248132045,36.541633364603 -79.634078813574,36.5416343645704 -79.6344328139435,36.5416353645377 -79.6347828143088,36.5416363645054 -79.6351398146815,36.5416373644724 -79.635493815051,36.5416383644397 -79.6358478154206,36.5416393644071 -79.6362018157902,36.5416403643744 -79.6365558161598,36.5416413643417 -79.6366708162782,36.5416413643309 -79.6369018165211,36.5416423643098 -79.6371948168331,36.5416443642834 -79.6372478168877,36.5416443642784 -79.6375938172542,36.541646364247 -79.6379398176157,36.5416473642151 -79.6382858179823,36.5416493641837 -79.638631818349,36.5416513641523 -79.6389778187156,36.5416533641209 -79.6393238190772,36.541654364089 -79.6396698194439,36.5416563640576 -79.6400158198106,36.5416583640262 -79.6403608201712,36.5416593639944 -79.640706820538,36.541661363963 -79.6410528209049,36.5416633639316 -79.6413988212665,36.5416643638997 -79.6417728216623,36.5416663638656 -79.6421458220623,36.5416693638323 -79.6425198224581,36.5416713637983 -79.6428928228529,36.5416733637643 -79.6432668232489,36.5416753637303 -79.643639823649,36.5416783636969 -79.644013824045,36.5416803636629 -79.644387824441,36.5416823636289 -79.644760824836,36.5416843635949 -79.6451238252154,36.5416853635614 -79.6454878256013,36.5416873635283 -79.6458508259807,36.5416883634948 -79.6462148263613,36.5416893634611 -79.6465778267408,36.5416903634276 -79.6466938268603,36.5416903634167 -79.6469408271203,36.5416913633941 -79.646996827178,36.5416913633888 -79.6473048275009,36.5416923633604 -79.6476678278804,36.5416933633269 -79.648010828234,36.5416933632947 -79.6483528285865,36.5416933632625 -79.6486958289455,36.5416943632309 -79.6490388292991,36.5416943631987 -79.6493808296517,36.5416943631665 -79.6497238300052,36.5416943631343 -79.6500658303578,36.5416943631022 -79.650170830466,36.5416943630923 -79.6504088307114,36.54169436307 -79.6507518310704,36.5416953630384 -79.6512128316165,36.5417083630021 -79.6516748321639,36.5417213629658 -79.6520298325356,36.541722362933 -79.6523838329063,36.5417233629003 -79.6527388332779,36.5417243628675 -79.6530928336541,36.5417263628353 -79.6534478340258,36.5417273628025 -79.6538018343965,36.5417283627698 -79.6541568347683,36.541729362737 -79.654510835139,36.5417303627043 -79.6548658355108,36.5417313626715 -79.6552198358816,36.5417323626388 -79.6555748362534,36.541733362606 -79.6559468366594,36.5417373625732 -79.6563188370656,36.5417413625404 -79.6566908374718,36.5417453625077 -79.6570628378836,36.5417503624754 -79.657435838291,36.5417543624425 -79.6578058386449,36.5417493624051 -79.6581748389921,36.5417433623672 -79.6585448393458,36.5417383623297 -79.6589148396995,36.5417333622923 -79.659284840053,36.5417283622548 -79.6595898403846,36.5417313622278 -79.6596758404733,36.5417313622197 -79.6600658408983,36.5417353621852 -79.6604568413244,36.5417393621507 -79.6608478417449,36.5417423621156 -79.6612388421712,36.541746362081 -79.6616298425974,36.5417503620464 -79.6620148430062,36.5417523620113 -79.6622718432829,36.5417543619883 -79.6623998434208,36.5417553619767 -79.6627848438296,36.5417573619417 -79.6631698442442,36.5417603619071 -79.6635548446589,36.5417633618726 -79.6639308450586,36.5417653618383 -79.6643128454703,36.541768361804 -79.6645228456929,36.5417693617848 -79.6663448476497,36.5417823616206 -79.6665458478631,36.5417833616022 -79.6669188482658,36.5417863615688 -79.6670128483629,36.54178636156 -79.6671098484689,36.5417873615514 -79.6672908486618,36.5417883615349 -79.6676408490291,36.5417893615026 -79.6679918493917,36.5417893614696 -79.6683418497591,36.5417903614373 -79.6686918501266,36.5417913614049 -79.6690418504882,36.541791361372 -79.6693928508566,36.5417923613396 -79.6697428512241,36.5417933613072 -79.6700928515857,36.5417933612743 -79.6704438519542,36.5417943612419 -79.6705828520979,36.5417943612288 -79.6725298541927,36.5418083610533 -79.6751228569565,36.5418223608171 -79.675880857704,36.5418163607427 -79.675908857733,36.5418163607401 -79.6762528580946,36.5418173607082 -79.6765958584552,36.5418183606766 -79.6768828587579,36.5418193606501 -79.6769398588168,36.5418193606448 -79.6770828589646,36.5418193606313 -79.6773128592085,36.5418203606102 -79.6776868596072,36.5418223605761 -79.678059860005,36.5418243605422 -79.6784328604028,36.5418263605081 -79.6788068607955,36.5418273604735 -79.6791518611583,36.5418283604416 -79.6794968615211,36.5418293604097 -79.6797958618364,36.5418303603822 -79.679841861884,36.5418303603778 -79.6801868622468,36.5418313603459 -79.6805328626107,36.541832360314 -79.6808778629675,36.5418323602815 -79.6812398633479,36.541833360248 -79.6816028637295,36.5418343602145 -79.6819648641038,36.5418343601804 -79.6823278644853,36.5418353601468 -79.6826898648597,36.5418353601128 -79.6830528652413,36.5418363600792 -79.6834148656156,36.5418363600452 -79.6837778659972,36.5418373600116 -79.6841398663778,36.5418383599781 -79.6845028667532,36.541838359944 -79.6848458671141,36.5418393599123 -79.6851888674814,36.5418413598811 -79.6855328678434,36.5418423598493 -79.6858758682044,36.5418433598176 -79.6862188685717,36.5418453597864 -79.6865618689327,36.5418463597547 -79.6869058692948,36.5418473597229 -79.6872488696622,36.5418493596917 -79.6876318700772,36.5418523596572 -79.6880148704923,36.5418553596228 -79.6883968709128,36.541859359589 -79.688779871328,36.5418623595546 -79.6891628717433,36.5418653595201 -79.6895058720982,36.5418653594879 -79.6898488724532,36.5418653594557 -79.6901908728071,36.5418653594235 -79.690533873162,36.5418653593913 -79.6905718732013,36.5418653593877 -79.6907988734362,36.5418653593663 -79.6908768735169,36.541865359359 -79.6912188738709,36.5418653593269 -79.6915618742194,36.5418643592941 -79.6919318746087,36.5418653592599 -79.6922658749607,36.541866359229 -79.6923018749979,36.5418663592256 -79.6926728753883,36.5418673591912 -79.6927208754379,36.5418673591867 -79.6930428757776,36.541868359157 -79.6934128761669,36.5418693591227 -79.6937838765573,36.5418703590883 -79.6941548769606,36.541873359055 -79.6945198773577,36.5418763590223 -79.6948958777662,36.5418793589885 -79.6952668781697,36.5418823589552 -79.6956378785732,36.5418853589219 -79.6960088789767,36.5418883588886 -79.6963768793772,36.5418913588555 -79.6967338797533,36.5418923588225 -79.6970878801199,36.5418923587892 -79.6974418804929,36.5418933587564 -79.6977968808605,36.5418933587231 -79.6981508812336,36.5418943586903 -79.6985048816001,36.541894358657 -79.6988588819732,36.5418953586242 -79.6992138823408,36.5418953585909 -79.699567882714,36.5418963585581 -79.6999218830805,36.5418963585248 -79.7002708834485,36.5418973584925 -79.7006198838231,36.5418993584607 -79.7009688841911,36.5419003584284 -79.7013178845592,36.5419013583961 -79.7016668849272,36.5419023583639 -79.7020158852953,36.5419033583316 -79.7023648856634,36.5419043582992 -79.7027138860315,36.541905358267 -79.7030628863996,36.5419063582347 -79.703429886793,36.5419083582012 -79.7037978871942,36.5419113581681 -79.7041648875877,36.5419133581347 -79.7045318879812,36.5419153581012 -79.7048988883748,36.5419173580677 -79.7052658887684,36.5419193580342 -79.705632889162,36.5419213580007 -79.7059938895495,36.5419233579678 -79.7063558899313,36.5419243579343 -79.7067178903199,36.5419263579013 -79.7070798907017,36.5419273578678 -79.7074408910893,36.5419293578348 -79.7078028914712,36.5419303578013 -79.7081648918598,36.5419323577683 -79.7085268922418,36.5419333577347 -79.7088878926295,36.5419353577018 -79.7092498930114,36.5419363576683 -79.7096118934002,36.5419383576353 -79.7099758937775,36.541938357601 -79.7103398941616,36.5419393575673 -79.7107038945389,36.5419393575331 -79.711067894923,36.5419403574994 -79.7114318953003,36.5419403574651 -79.7117958956845,36.5419413574314 -79.7121598960686,36.5419423573977 -79.7125408964842,36.5419453573634 -79.7129208968987,36.5419483573292 -79.7133018973143,36.5419513572949 -79.713681897729,36.5419543572606 -79.7140628981447,36.5419573572263 -79.7144428985595,36.5419603571921 -79.7148238989754,36.5419633571578 -79.7148478990002,36.5419633571556 -79.7151748993393,36.5419633571248 -79.7155258997034,36.5419633570918 -79.7158769000674,36.5419633570588 -79.7162279004314,36.5419633570258 -79.7165789007884,36.5419623569923 -79.7169299011524,36.5419623569593 -79.7172819015175,36.5419623569261 -79.7176329018815,36.5419623568931 -79.7180069022763,36.5419633568585 -79.7183819026722,36.5419643568237 -79.7187569030751,36.5419663567894 -79.71913090347,36.5419673567548 -79.719505903866,36.54196835672 -79.719879904268,36.5419703566859 -79.720254904664,36.5419713566511 -79.72062990506,36.5419723566163 -79.7209969054548,36.5419743565828 -79.7213639058496,36.5419763565493 -79.7217309062374,36.5419773565153 -79.7220979066323,36.5419793564818 -79.7224659070283,36.5419813564482 -79.7228329074161,36.5419823564142 -79.7231999078111,36.5419843563806 -79.723566908199,36.5419853563466 -79.723933908594,36.5419873563131 -79.7243249090354,36.5419923562788 -79.7247159094841,36.5419983562451 -79.7251069099256,36.5420033562108 -79.7254769103097,36.542003356176 -79.7258469106937,36.5420033561412 -79.7262169110706,36.5420023561059 -79.7265879114557,36.542002356071 -79.7269579118397,36.5420023560362 -79.7273279122238,36.5420023560014 -79.7277129126234,36.5420023559652 -79.7280989130313,36.5420033559293 -79.7284839134381,36.5420043558936 -79.7288689138378,36.5420043558574 -79.7292549142457,36.5420053558216 -79.7296399146453,36.5420053557854 -79.7300259150533,36.5420063557496 -79.7303689154311,36.5420093557188 -79.7307119158164,36.5420133556885 -79.7310559161954,36.5420163556577 -79.7313989165734,36.5420193556269 -79.7317419169588,36.5420233555966 -79.7318909171282,36.5420253555836 -79.7319889172299,36.5420253555744 -79.732085917338,36.5420263555657 -79.7324289177162,36.542029355535 -79.7324619177504,36.5420293555319 -79.7327719181017,36.5420333555047 -79.7331399184913,36.5420343554705 -79.7335079188882,36.5420363554369 -79.7338759192852,36.5420383554033 -79.7342439196822,36.5420403553697 -79.7346119200793,36.542042355336 -79.7349799204763,36.5420443553024 -79.7353479208734,36.5420463552688 -79.7357159212706,36.5420483552351 -79.7360579216333,36.5420493552034 -79.7362339218236,36.5420503551874 -79.7363999220035,36.5420513551723 -79.7367419223737,36.5420533551411 -79.737083922744,36.5420553551099 -79.7374269231078,36.5420563550781 -79.7377689234782,36.5420583550469 -79.7381109238485,36.5420603550157 -79.7384529242189,36.5420623549845 -79.7387949245818,36.5420633549528 -79.7391369249522,36.5420653549216 -79.7394799253237,36.5420673548903 -79.7398219256942,36.5420693548591 -79.7401639260572,36.5420703548275 -79.7405059264277,36.5420723547962 -79.7408559268292,36.5420773547658 -79.7412069272242,36.5420813547347 -79.741413927462,36.5420843547167 -79.7415569276258,36.5420863547043 -79.7419079280285,36.5420913546737 -79.7422579284227,36.5420953546427 -79.7426079288245,36.5421003546122 -79.7429589292199,36.5421043545812 -79.743318929602,36.5421053545478 -79.7436799299776,36.5421053545138 -79.7440399303521,36.5421053544799 -79.7444009307277,36.542105354446 -79.7447609311098,36.5421063544125 -79.7451219314854,36.5421063543786 -79.7451609315259,36.5421063543749 -79.7454819318599,36.5421063543447 -79.745841932242,36.5421073543113 -79.7462029326176,36.5421073542773 -79.7465479329918,36.5421093542458 -79.7468929333738,36.5421123542148 -79.7472379337481,36.5421143541833 -79.7475829341224,36.5421163541518 -79.7479149344832,36.5421183541215 -79.7479279344968,36.5421183541203 -79.7482729348788,36.5421213540893 -79.7486179352533,36.5421233540578 -79.7489629356277,36.5421253540263 -79.74930793601,36.5421283539953 -79.7496529363845,36.5421303539638 -79.7499979367591,36.5421323539323 -79.7503409364701,36.5421343533761 -79.7506839361715,36.542135352818 -79.7510279358797,36.5421373522587 -79.7513709355811,36.5421383517005 -79.7517149352892,36.5421403511412 -79.7520579349906,36.5421413505831 -79.7521289349349,36.5421423504679 -79.7524009346996,36.5421433500254 -79.7527449344001,36.5421443494656 -79.7530879341091,36.542146348908 -79.7534319338096,36.5421473483482 -79.753778933515,36.5421493477841 -79.7541269332196,36.5421513472184 -79.7544749329164,36.5421523466521 -79.7548059326362,36.542154346114 -79.7551649323309,36.5421563455303 -79.7555179320232,36.5421573449559 -79.7558649317286,36.5421593443918 -79.7562129314331,36.5421613438261 -79.75656093113,36.5421623432599 -79.7569079308353,36.5421643426958 -79.757104930667,36.5421653423755 -79.7572559305398,36.5421663421301 -79.7576039302366,36.5421673415638 -79.757950929942,36.5421693409998 -79.7582279297022,36.5421703405492 -79.7582989296464,36.5421713404341 -79.7586469293432,36.5421723398679 -79.7588189291972,36.5421733395883 -79.7589949290476,36.5421743393022 -79.759341928753,36.5421763387382 -79.7596669284703,36.5421773382095 -79.7596899284497,36.542177338172 -79.7598389283243,36.5421783379299 -79.7600379281541,36.5421793376063 -79.7603849278594,36.5421813370423 -79.7607329275562,36.5421823364761 -79.7610809272606,36.5421843359105 -79.7614279269659,36.5421863353465 -79.7617759266626,36.5421873347803 -79.762123926367,36.5421893342147 -79.7624709260722,36.5421913336507 -79.7626389259221,36.5421913333771 -79.7628189257689,36.5421923330846 -79.7631669254733,36.542194332519 -79.7635079251762,36.5421953319642 -79.7638489248868,36.54219733141 -79.7641899245897,36.5421983308553 -79.7645309242927,36.5421993303006 -79.7648719240032,36.5422013297464 -79.7652119237071,36.5422023291933 -79.76555292341,36.5422033286386 -79.7658939231205,36.5422053280844 -79.7662349228234,36.5422063275297 -79.7665759225263,36.542207326975 -79.7669169222368,36.5422093264209 -79.7672579219397,36.5422103258662 -79.7675989216426,36.5422113253115 -79.7679399213531,36.5422133247573 -79.768280921056,36.5422143242027 -79.7686219207589,36.542215323648 -79.7689629204693,36.5422173230939 -79.7693039201722,36.5422183225392 -79.7696449198751,36.5422193219845 -79.7699859195855,36.5422213214304 -79.7703269192884,36.5422223208758 -79.7706679189912,36.5422233203211 -79.7710089187017,36.542225319767 -79.7713499184045,36.5422263192124 -79.7714849182838,36.5422263189926 -79.7716909181073,36.5422273186577 -79.7720319178177,36.5422293181037 -79.7723729175205,36.542230317549 -79.7727139172234,36.5422313169944 -79.7730549169337,36.5422333164403 -79.7733959166366,36.5422343158857 -79.7737369163393,36.5422353153311 -79.774076916043,36.5422363147781 -79.774296915854,36.5422373144205 -79.7743809157865,36.5422383142844 -79.7744179157534,36.5422383142241 -79.7747589154562,36.5422393136695 -79.7750769151795,36.5422403131523 -79.7754409148693,36.5422423125609 -79.7757819145721,36.5422433120063 -79.7761229142748,36.5422443114517 -79.7764639139852,36.5422463108977 -79.7768049136879,36.5422473103431 -79.7768869136146,36.5422473102096 -79.7770369134881,36.542248309966 -79.7771459133907,36.5422483097885 -79.7771879133531,36.5422483097201 -79.7774869130934,36.5422493092339 -79.7778339127983,36.5422513086702 -79.7781809125032,36.5422533081065 -79.7785279122006,36.5422543075422 -79.7788759119046,36.5422563069768 -79.7792229116095,36.5422583064131 -79.7795699113069,36.5422593058488 -79.7799169110117,36.5422613052851 -79.7802639107091,36.5422623047208 -79.7806109104139,36.5422643041571 -79.7809579101188,36.5422663035935 -79.7813049098161,36.5422673030292 -79.781651909521,36.5422693024655 -79.7819999092174,36.5422703018996 -79.7823469089222,36.542272301336 -79.782693908627,36.5422743007723 -79.7830409083243,36.542275300208 -79.7833879080291,36.5422772996444 -79.7837349077339,36.5422792990808 -79.7840819074312,36.5422802985165 -79.7844289071359,36.5422822979529 -79.7847759068332,36.5422832973887 -79.7851239065371,36.5422852968235 -79.7854709062418,36.5422872962598 -79.7858179059391,36.5422882956956 -79.7861649056438,36.5422902951321 -79.786511905341,36.5422912945678 -79.7868589050458,36.5422932940042 -79.787205904743,36.54229429344 -79.7875449044548,36.5422962928895 -79.7878999041524,36.5422982923129 -79.7882479038487,36.5422992917471 -79.7885949035534,36.5423012911836 -79.7889419032506,36.5423022906194 -79.7892889029552,36.5423042900559 -79.7896359026599,36.5423062894924 -79.7899829023571,36.5423072889282 -79.7903299020617,36.5423092883647 -79.7906769017589,36.5423102878005 -79.7910239014635,36.542312287237 -79.7913719011672,36.5423142866719 -79.7917189008644,36.5423152861077 -79.792065900569,36.5423172855442 -79.7924069002715,36.5423182849899 -79.7927468999749,36.5423192844371 -79.7930878996774,36.5423202838827 -79.7934288993873,36.542322283329 -79.7937698990898,36.5423232827747 -79.7941098987932,36.5423242822219 -79.7944508985031,36.5423262816683 -79.7947918982055,36.5423272811139 -79.795132897908,36.5423282805596 -79.7954728976114,36.5423292800068 -79.7958138973213,36.5423312794532 -79.7961548970237,36.5423322788988 -79.7964958967261,36.5423332783445 -79.7968368964286,36.5423342777901 -79.7971768961393,36.5423362772381 -79.7975178958418,36.5423372766838 -79.7978588955442,36.5423382761295 -79.7981998952466,36.5423392755752 -79.7985398949573,36.5423412750232 -79.7988808946597,36.5423422744688 -79.7992218943621,36.5423432739146 -79.7995628940646,36.5423442733603 -79.7999028937678,36.5423452728075 -79.8002438934776,36.542347272254 -79.80058489318,36.5423482716997 -79.8009258928824,36.5423492711454 -79.8012668925848,36.5423502705911 -79.8016068922955,36.5423522700392 -79.8019458919996,36.5423532694882 -79.8022888917002,36.5423542689306 -79.8026298914025,36.5423552683764 -79.8029698911132,36.5423572678245 -79.8033108908155,36.5423582672702 -79.8036518905179,36.5423592667159 -79.8039928902202,36.5423602661617 -79.8043328899308,36.5423622656098 -79.8045668897215,36.5423622652289 -79.8046738896331,36.5423632650555 -79.8047508895642,36.5423632649302 -79.8050148893355,36.5423642645013 -79.8053558890378,36.542365263947 -79.8056968887401,36.5423662633928 -79.8060368884507,36.542368262841 -79.806377888153,36.5423692622867 -79.8067188878553,36.5423702617325 -79.8070598875576,36.5423712611783 -79.8073998872681,36.5423732606264 -79.8077148869863,36.5423732601137 -79.807740886963,36.5423732600714 -79.8080818866727,36.542375259518 -79.8084228863749,36.5423762589638 -79.8087628860781,36.5423772584112 -79.8091038857877,36.5423792578578 -79.80944488549,36.5423802573036 -79.8097858851922,36.5423812567494 -79.8101268848945,36.5423822561952 -79.8104668845976,36.5423832556426 -79.8108078843072,36.5423852550892 -79.8111488840095,36.542386254535 -79.8114898837117,36.5423872539809 -79.8118298834148,36.5423882534283 -79.8121708831244,36.542390252875 -79.8125118828266,36.5423912523208 -79.8128528825288,36.5423922517666 -79.8131928822319,36.5423932512141 -79.8135338819341,36.54239425066 -79.8138748816436,36.5423962501066 -79.8142158813458,36.5423972495525 -79.814556881048,36.5423982489983 -79.8148968807511,36.5423992484458 -79.8152378804533,36.5424002478916 -79.8155788801627,36.5424022473384 -79.8159198798649,36.5424032467842 -79.8162608795744,36.5424052462309 -79.8166018792765,36.5424062456768 -79.8169438789851,36.5424082451219 -79.8172848786946,36.5424102445686 -79.8176268784031,36.5424122440137 -79.8179678781053,36.5424132434596 -79.8183088778147,36.5424152429063 -79.8186508775232,36.5424172423514 -79.8189918772326,36.5424192417982 -79.8193338769338,36.5424202412424 -79.8196748766432,36.5424222406892 -79.8200158763526,36.542424240136 -79.8203578760611,36.5424262395811 -79.8206988757632,36.542427239027 -79.8210408754716,36.5424292384722 -79.821381875181,36.542431237919 -79.8217228748831,36.5424322373649 -79.8220648745915,36.5424342368101 -79.8224058743008,36.5424362362569 -79.8227478740093,36.5424382357021 -79.8230888737113,36.5424392351481 -79.8234298734206,36.5424412345949 -79.823771873129,36.5424432340401 -79.8241128728383,36.542445233487 -79.8244548725394,36.5424462329313 -79.8247958722487,36.5424482323782 -79.825136871958,36.5424502318251 -79.8254788716663,36.5424522312703 -79.8258198713683,36.5424532307163 -79.8261618710767,36.5424552301616 -79.8265028707859,36.5424572296085 -79.8268438704879,36.5424582290545 -79.8271858701962,36.5424602284998 -79.8275268699054,36.5424622279467 -79.8278688696137,36.5424642273919 -79.8282098693157,36.542465226838 -79.8285508690249,36.5424672262849 -79.8288928687331,36.5424692257302 -79.8291808684825,36.5424702252625 -79.8295758681434,36.5424722246216 -79.8299168678525,36.5424742240685 -79.8302578675617,36.5424762235155 -79.8305908672707,36.5424772229746 -79.8309408669718,36.5424792224069 -79.8312818666809,36.5424812218539 -79.8316238663891,36.5424832212992 -79.831964866091,36.5424842207453 -79.8323068657992,36.5424862201907 -79.8326478655083,36.5424882196377 -79.8329888652102,36.5424892190838 -79.8333308649184,36.5424912185292 -79.8336798646131,36.5424922179623 -79.8340278643159,36.5424942173979 -79.8343768640106,36.542495216831 -79.8347258637052,36.5424962162641 -79.835073863408,36.5424982156998 -79.8354228631027,36.5424992151329 -79.8357718627973,36.542500214566 -79.8361198625001,36.5425022140017 -79.8364688621947,36.5425032134348 -79.8368178618894,36.5425042128679 -79.8371658615849,36.5425052123027 -79.8372008615536,36.5425052122458 -79.8375148612868,36.5425072117368 -79.8378638609814,36.5425082111699 -79.8382118606769,36.5425092106047 -79.8385608603787,36.5425112100388 -79.8389098600734,36.542512209472 -79.8392578597689,36.5425132089067 -79.8396068594635,36.5425142083399 -79.8399558591653,36.542516207774 -79.8403038588608,36.5425172072088 -79.8406528585554,36.542518206642 -79.8410018582571,36.5425202060761 -79.8413498579526,36.542521205511 -79.8414268578908,36.5425222053866 -79.8416988576472,36.5425222049441 -79.8420478573418,36.5425232043773 -79.8423958570444,36.5425252038131 -79.8427448567389,36.5425262032463 -79.8430938564335,36.5425272026795 -79.8434418561361,36.5425292021153 -79.8437908558306,36.5425302015485 -79.8441398555252,36.5425312009817 -79.8444878552206,36.5425322004166 -79.8448368549223,36.5425341998507 -79.8451858546169,36.542535199284 -79.8455418543051,36.5425361987058 -79.8458808540086,36.5425371981553 -79.8462278537049,36.5425381975918 -79.8465748534012,36.5425391970283 -79.8469218530975,36.5425401964648 -79.8472688527938,36.5425411959013 -79.8476158524901,36.5425421953378 -79.8479628521864,36.5425431947743 -79.8483098518827,36.5425441942108 -79.848656851579,36.5425451936474 -79.8490038512752,36.5425461930839 -79.8493508509715,36.5425471925204 -79.8496978506678,36.5425481919569 -79.850044850364,36.5425491913935 -79.8503918500603,36.54255019083 -79.8507388497566,36.5425511902665 -79.8510858494528,36.5425521897031 -79.851432849149,36.5425531891396 -79.8517798488453,36.5425541885762 -79.8521268485415,36.5425551880127 -79.8524728482386,36.5425561874509 -79.8528198479278,36.5425561868865 -79.853166847624,36.542557186323 -79.8535138473202,36.5425581857596 -79.8538608470165,36.5425591851962 -79.8542078467127,36.5425601846327 -79.8545548464089,36.5425611840693 -79.8549038461104,36.5425631835036 -79.8552528458118,36.542565182938 -79.8556018455062,36.5425661823714 -79.8559498452086,36.5425681818073 -79.856298844903,36.5425691812407 -79.8566478446044,36.542571180675 -79.8569968443058,36.5425731801094 -79.8573448440011,36.5425741795444 -79.8576938437025,36.5425761789788 -79.8583918430983,36.5425791778466 -79.8587408427997,36.542581177281 -79.8590888425019,36.542583176717 -79.8594378421963,36.5425841761504 -79.8597868418976,36.5425861755848 -79.860135841599,36.5425881750192 -79.8604708413059,36.5425891744754 -79.8607498410629,36.5425901740227 -79.8608328409956,36.5425911738887 -79.860846840983,36.542591173866 -79.8611818406899,36.5425921733221 -79.8615308403912,36.5425941727566 -79.8618788400934,36.5425961721927 -79.8621118398916,36.5425971718148 -79.8622278397877,36.5425971716261 -79.862576839489,36.5425991710606 -79.8629258391903,36.5426011704951 -79.8632748388845,36.5426021699285 -79.8636228385867,36.5426041693646 -79.8639708382889,36.5426061688008 -79.8643208379822,36.5426071682326 -79.8646698376835,36.5426091676671 -79.8650178373786,36.5426101671022 -79.8653668370799,36.5426121665368 -79.8655958368817,36.5426131661654 -79.8657158367811,36.5426141659713 -79.8660648364753,36.5426151654047 -79.8662608363067,36.5426161650871 -79.8664138361765,36.5426171648393 -79.8667618358786,36.5426191642755 -79.8671108355729,36.542620163709 -79.867459835274,36.5426221631436 -79.8678088349682,36.5426231625771 -79.8681568346703,36.5426251620132 -79.8685048343584,36.5426251614473 -79.8688528340465,36.5426251608814 -79.8691998337355,36.542625160317 -79.8695478334236,36.5426251597511 -79.8697888332076,36.5426251593591 -79.8698958331117,36.5426251591851 -79.8702428328007,36.5426251586208 -79.8705908324888,36.5426251580549 -79.8709388321769,36.5426251574889 -79.8712858318659,36.5426251569246 -79.871633831554,36.5426251563586 -79.8719818312421,36.5426251557927 -79.8723288309311,36.5426251552284 -79.8726768306192,36.5426251546624 -79.8730248303073,36.5426251540965 -79.8733718299963,36.5426251535321 -79.8737128296907,36.5426251529776 -79.8740678293725,36.5426251524002 -79.8744148290615,36.5426251518359 -79.8747628287496,36.54262515127 -79.8751038284509,36.5426261507165 -79.8754448281522,36.542627150163 -79.8757848278475,36.5426271496101 -79.8761258275488,36.5426281490567 -79.8764668272501,36.5426291485032 -79.8768078269514,36.5426301479498 -79.8771488266527,36.5426311473964 -79.877489826354,36.5426321468429 -79.8778308260553,36.5426331462895 -79.8781718257566,36.5426341457361 -79.8785118254587,36.5426351451843 -79.87885282516,36.5426361446309 -79.8791938248543,36.5426361440763 -79.8795348245556,36.5426371435229 -79.8798758242568,36.5426381429695 -79.8802168239581,36.5426391424161 -79.8805578236593,36.5426401418627 -79.8808978233615,36.5426411413109 -79.8812388230627,36.5426421407576 -79.881579822764,36.5426431402042 -79.8819208224652,36.5426441396508 -79.8822618221595,36.5426441390962 -79.8826028218608,36.5426451385428 -79.882943821562,36.5426461379895 -79.8832838212641,36.5426471374377 -79.8836248209653,36.5426481368844 -79.8839658206665,36.542649136331 -79.8843068203677,36.5426501357776 -79.8846478200689,36.5426511352243 -79.8849888197632,36.5426511346698 -79.8853298194644,36.5426521341164 -79.8856698191665,36.5426531335647 -79.8860108188677,36.5426541330113 -79.8863518185689,36.542655132458 -79.8866928182701,36.5426561319046 -79.8870338179712,36.5426571313513 -79.8873748176724,36.5426581307979 -79.8877158173667,36.5426581302434 -79.8880558170687,36.5426591296917 -79.8883968167699,36.5426601291384 -79.888737816471,36.5426611285851 -79.8890788161722,36.5426621280318 -79.8894198158733,36.5426631274784 -79.8897598155685,36.5426631269256 -79.8901008152697,36.5426641263723 -79.8904418149708,36.542665125819 -79.8907828146719,36.5426661252657 -79.8911238143731,36.5426671247124 -79.8914648140742,36.5426681241591 -79.8916668138999,36.5426691238318 -79.8918058137753,36.5426691236058 -79.8921468134764,36.5426701230525 -79.8924878131775,36.5426711224992 -79.8928338128673,36.5426711219365 -79.893180812563,36.5426721213735 -79.8935278122587,36.5426731208105 -79.8938738119553,36.5426741202491 -79.894220811651,36.5426751196861 -79.8945668113477,36.5426761191246 -79.8949138110433,36.5426771185616 -79.895260810739,36.5426781179986 -79.8956068104288,36.542678117436 -79.8959538101245,36.542679116873 -79.8963008098202,36.54268011631 -79.8966468095168,36.5426811157486 -79.8969938092124,36.5426821151856 -79.8973408089081,36.5426831146226 -79.8976868086047,36.5426841140613 -79.8980338082935,36.542684113497 -79.8983808079892,36.542685112934 -79.8987268076858,36.5426861123727 -79.8990738073814,36.5426871118097 -79.8994208070771,36.5426881112467 -79.8997698067641,36.5426881106793 -79.9001188064512,36.5426881101118 -79.9004688061374,36.5426881095427 -79.9008178058244,36.5426881089752 -79.9011678055106,36.5426881084061 -79.9015168052044,36.5426891078399 -79.9018668048906,36.5426891072708 -79.9022158045777,36.5426891067033 -79.9025658042638,36.5426891061342 -79.9029148039509,36.5426891055668 -79.903263803638,36.5426891049993 -79.9036138033241,36.5426891044302 -79.9039628030179,36.542690103864 -79.9043128027041,36.5426901032949 -79.9046618023912,36.5426901027275 -79.9050118020773,36.5426901021584 -79.9053608017644,36.5426901015909 -79.9057108014506,36.5426901010218 -79.9060598011376,36.5426901004544 -79.9064088008247,36.5426900998869 -79.9067588005109,36.5426900993178 -79.9071078002047,36.5426910987516 -79.9074577998908,36.5426910981825 -79.9078067995779,36.5426910976151 -79.908156799264,36.542691097046 -79.9085057989511,36.5426910964785 -79.9088557986373,36.5426910959094 -79.9092047983243,36.542691095342 -79.9095537980114,36.5426910947745 -79.9099027976984,36.542691094207 -79.9102527973846,36.542691093638 -79.9106047970891,36.5426940930695 -79.910926796787,36.5426920925434 -79.9109587967583,36.5426920924913 -79.9111617965762,36.5426920921613 -79.9111907965502,36.5426920921141 -79.9112397965063,36.5426920920344 -79.9113157964381,36.5426920919109 -79.9116717961189,36.542692091332 -79.9120287957988,36.5426920907516 -79.9123857954787,36.5426920901711 -79.9127417951595,36.5426920895922 -79.9130987948394,36.5426920890118 -79.9134547945201,36.5426920884329 -79.9138117942,36.5426920878525 -79.9141677938808,36.5426920872736 -79.9145247935674,36.5426930866945 -79.9148807932482,36.5426930861156 -79.915237792928,36.5426930855351 -79.9155937926088,36.5426930849563 -79.9159507922887,36.5426930843758 -79.9163077919686,36.5426930837954 -79.9166637916494,36.5426930832165 -79.917005791336,36.5426920826592 -79.9173467910303,36.5426920821047 -79.9176887907169,36.5426910815473 -79.9180297904045,36.5426900809915 -79.9183707900987,36.542690080437 -79.9187127897854,36.5426890798796 -79.9190537894796,36.5426890793252 -79.9191847893622,36.5426890791122 -79.9193957891663,36.5426880787678 -79.9197367888539,36.542687078212 -79.9200787885473,36.5426870776559 -79.9201087885203,36.5426870776071 -79.9204197882348,36.5426860771 -79.9207617879215,36.5426850765426 -79.9211027876158,36.5426850759882 -79.9214447873025,36.5426840754307 -79.9217857869901,36.5426830748749 -79.9221197866906,36.5426830743318 -79.9224687863711,36.542682073763 -79.9228097860653,36.5426820732085 -79.923151785752,36.542681072651 -79.9234927854397,36.5426800720952 -79.923834785133,36.5426800715391 -79.9241757848207,36.5426790709833 -79.9245177845074,36.5426780704258 -79.9248587842016,36.5426780698714 -79.9251667839189,36.5426770693692 -79.9251997838893,36.5426770693155 -79.925541783576,36.542676068758 -79.9258837832694,36.5426760682019 -79.9262247829571,36.5426750676461 -79.9265667826438,36.5426740670886 -79.9269077823381,36.5426740665341 -79.9272487820258,36.5426730659783 -79.9275907817126,36.5426720654208 -79.9279317814068,36.5426720648663 -79.9280677812849,36.5426720646451 -79.9282727810945,36.5426710643104 -79.9285497808461,36.54267106386 -79.9286147807879,36.5426710637543 -79.9289567804746,36.5426700631968 -79.9292977801623,36.5426690626409 -79.9296397798557,36.5426690620848 -79.9299807795434,36.5426680615289 -79.9303227792302,36.5426670609714 -79.9306637789245,36.5426670604169 -79.930838778761,36.5426660601309 -79.9310057786113,36.5426660598594 -79.931346778299,36.5426650593035 -79.9316877779933,36.542665058749 -79.9320297776801,36.5426640581915 -79.9323707773678,36.5426630576356 -79.9327127770612,36.5426630570794 -79.9330537767489,36.5426620565235 -79.9332677765571,36.5426620561755 -79.9333997764322,36.5426610559595 -79.9337367761301,36.5426610554115 -79.9340787758169,36.5426600548539 -79.9344197755046,36.542659054298 -79.934761775198,36.5426590537419 -79.9351027748858,36.5426580531859 -79.9354447745726,36.5426570526284 -79.9357857742669,36.5426570520739 -79.9361267739547,36.542656051518 -79.9364687736416,36.5426550509604 -79.9368157733239,36.5426540503947 -79.9371627729998,36.5426520498276 -79.9375097726822,36.5426510492619 -79.937856772358,36.5426490486947 -79.9382037720405,36.542648048129 -79.9385507717163,36.5426460475618 -79.9388977713987,36.5426450469961 -79.9392437710756,36.5426430464306 -79.939590770758,36.5426420458649 -79.9399377704339,36.5426400452977 -79.9402847701163,36.5426390447319 -79.9406317697988,36.5426380441662 -79.9409787694747,36.542636043599 -79.9413257691571,36.5426350430332 -79.9416727688331,36.542633042466 -79.9420197685155,36.5426320419003 -79.9423667681915,36.5426300413331 -79.942713767874,36.5426290407673 -79.9430607675499,36.5426270402 -79.9434077672324,36.5426260396342 -79.9438487668242,36.5426240389142 -79.9441017665909,36.5426230385012 -79.9444487662669,36.542621037934 -79.9447957659494,36.5426200373682 -79.9451427656254,36.5426180368009 -79.9454887653089,36.5426170362367 -79.9458357649849,36.5426150356694 -79.9461827646674,36.5426140351036 -79.9465297643435,36.5426120345364 -79.946876764026,36.5426110339705 -79.9472237637021,36.5426090334032 -79.9475707633846,36.5426080328374 -79.9479177630607,36.5426060322701 -79.9482647627433,36.5426050317042 -79.9486117624194,36.5426030311369 -79.948958762102,36.542602030571 -79.9493057617781,36.5426000300037 -79.9495997615082,36.542599029524 -79.9496527614607,36.5425990294378 -79.9499967611395,36.5425970288754 -79.9503397608257,36.542596028316 -79.9506837605045,36.5425940277535 -79.9510277601898,36.5425930271926 -79.9513707598695,36.5425910266317 -79.9517147595548,36.5425900260707 -79.9520587592337,36.5425880255081 -79.952402758919,36.5425870249471 -79.9527457585988,36.5425850243862 -79.9530897582841,36.5425840238252 -79.953433757963,36.5425820232627 -79.9537767576428,36.5425800227018 -79.9541207573282,36.5425790221407 -79.9542187572339,36.5425780219798 -79.9544647570071,36.5425770215782 -79.9548087566924,36.5425760210171 -79.9551517563722,36.5425740204562 -79.9554957560576,36.5425730198951 -79.9558397557366,36.5425710193326 -79.9561827554228,36.5425700187731 -79.9565267551018,36.5425680182105 -79.9568707547872,36.5425670176494 -79.9572147544662,36.5425650170869 -79.9575577541461,36.5425630165259 -79.9579017538315,36.5425620159648 -79.9582457535105,36.5425600154022 -79.9585887531968,36.5425590148427 -79.9589327528758,36.5425570142801 -79.9592767525612,36.542556013719 -79.9596207522403,36.5425540131563 -79.9599637519266,36.5425530125969 -79.9599827519032,36.5425520125644 -79.9603077516057,36.5425510120342 -79.9606517512847,36.5425490114715 -79.960994750971,36.542548010912 -79.9613387506501,36.5425460103493 -79.9616827503356,36.5425450097882 -79.9620267500147,36.5425430092255 -79.962368749702,36.5425420086676 -79.9627137493801,36.5425400081033 -79.9630577490656,36.5425390075422 -79.9632607488774,36.5425380072104 -79.9634007487457,36.5425370069811 -79.9637447484248,36.5425350064184 -79.9640887481103,36.5425340058572 -79.9644327477894,36.5425320052945 -79.9647757474758,36.5425310047349 -79.965119747155,36.5425290041722 -79.9654637468405,36.542528003611 -79.9658077465197,36.5425260030483 -79.9659437463915,36.5425250028254 -79.9661507461998,36.5425240024871 -79.9664947458853,36.5425230019259 -79.9668387455645,36.5425210013632 -79.967181745251,36.5425200008036 -79.9675257449302,36.5425180002408 -79.9677757446999,36.5425169998325 -79.9678697446094,36.542515999678 -79.968213744295,36.5425149991168 -79.9685567439751,36.5425129985556 -79.9689007436607,36.5425119979944 -79.9692447433399,36.5425099974316 -79.9695877430264,36.542508996872 -79.9699317427057,36.5425069963091 -79.970275742385,36.5425049957463 -79.9706197420706,36.542503995185 -79.9709627417507,36.5425019946238 -79.9713067414364,36.5425009940625 -79.9716507411157,36.5424989934997 -79.9719937407959,36.5424969929385 -79.9723377404815,36.5424959923772 -79.9726817401609,36.5424939918143 -79.9730257398465,36.542492991253 -79.9733687395267,36.5424909906918 -79.9737127392061,36.5424889901289 -79.9740567388918,36.5424879895676 -79.974399738572,36.5424859890063 -79.9747437382577,36.542484988445 -79.9750877379371,36.5424829878821 -79.9754317376165,36.5424809873191 -79.9757747373031,36.5424799867595 -79.9761167369906,36.5424789862014 -79.9764597366772,36.5424779856417 -79.9768027363638,36.542476985082 -79.9771457360504,36.5424759845223 -79.977488735737,36.5424749839626 -79.9778317354173,36.5424729834012 -79.978174735104,36.5424719828415 -79.9785177347906,36.5424709822818 -79.9788607344772,36.5424699817221 -79.9792037341639,36.5424689811624 -79.9793387340367,36.5424679809411 -79.9795467338505,36.5424679806026 -79.9798897335372,36.5424669800429 -79.9802327332175,36.5424649794815 -79.9805717329078,36.5424639789283 -79.9809187325909,36.542462978362 -79.9812617322775,36.5424619778023 -79.9816047319642,36.5424609772426 -79.9819477316509,36.5424599766828 -79.9822907313313,36.5424579761214 -79.982633731018,36.5424569755616 -79.9828207308506,36.5424569752574 -79.9829767307047,36.5424559750019 -79.9833197303914,36.5424549744421 -79.9836627300781,36.5424539738823 -79.9840057297648,36.5424529733226 -79.9843487294515,36.5424519727627 -79.9846907291329,36.5424499722029 -79.9850337288196,36.5424489716432 -79.9853767285063,36.5424479710834 -79.9856227282799,36.5424469706814 -79.9857197281868,36.5424459705219 -79.9860627278798,36.5424459699638 -79.9864057275603,36.5424439694023 -79.986748727247,36.5424429688425 -79.9870917269338,36.5424419682827 -79.9874347266205,36.5424409677229 -79.9877777263073,36.542439967163 -79.98802472608,36.5424389667595 -79.988120725994,36.5424389666032 -79.9884637256746,36.5424369660417 -79.9888067253614,36.5424359654819 -79.9891497250482,36.5424349649221 -79.9894927247349,36.5424339643622 -79.9898357244217,36.5424329638024 -79.9901787241085,36.5424319632425 -79.9905217237891,36.542429962681 -79.9908647234759,36.5424289621211 -79.9912077231627,36.5424279615613 -79.9915507228495,36.5424269610014 -79.9918937225363,36.5424259604416 -79.9922287222241,36.542423959893 -79.9925797219038,36.5424229593201 -79.9929227215906,36.5424219587602 -79.9932657212774,36.5424209582004 -79.9936077209652,36.5424199576421 -79.993950720652,36.5424189570822 -79.9942937203326,36.5424169565207 -79.9946367200195,36.5424159559607 -79.9949797197064,36.5424149554009 -79.9953227193932,36.542413954841 -79.9956657190801,36.5424129542811 -79.9960087187608,36.5424109537194 -79.9963517184477,36.5424099531595 -79.9966947181345,36.5424089525996 -79.9970377178214,36.5424079520397 -79.9973807175083,36.5424069514798 -79.9977237171891,36.5424049509181 -79.998066716876,36.5424039503582 -79.998410716562,36.5424029497966 -79.9987527162498,36.5424019492383 -79.9990957159367,36.5424009486784 -79.9994387156175,36.5423989481167 -79.9997817153044,36.5423979475567 -80.0000927151672,36.5423989470743 -80.0004917153894,36.5423999465199 -80.0008147155704,36.5424009460715 -80.0008997156164,36.542400945953 -80.0011587157628,36.5424019455937 -80.0015027159552,36.5424029451159 -80.0018477161481,36.5424039446367 -80.0021917163404,36.542404944159 -80.0025367165334,36.5424059436797 -80.0028807167257,36.5424069432019 -80.0032257169186,36.5424079427226 -80.0033367169787,36.5424079425679 -80.003569717111,36.5424089422447 -80.0039077173001,36.5424099417753 -80.0042587174963,36.5424109412876 -80.0042797175077,36.5424109412583 -80.0043377175391,36.5424109411775 -80.0046037176892,36.5424119408083 -80.0049477178816,36.5424129403304 -80.0052917180739,36.5424139398524 -80.0056367182668,36.5424149393731 -80.0059807184592,36.5424159388951 -80.0063257186521,36.5424169384157 -80.0066697188444,36.5424179379377 -80.0070147190373,36.5424189374582 -80.0073587192297,36.5424199369802 -80.0077037194226,36.5424209365007 -80.008047719615,36.5424219360227 -80.0083927198078,36.5424229355432 -80.0087367200002,36.5424239350651 -80.0090807201925,36.542424934587 -80.0094257203854,36.5424259341074 -80.0097697205778,36.5424269336293 -80.0101147207706,36.5424279331497 -80.010458720963,36.5424289326715 -80.0108037211559,36.5424299321919 -80.0111477213482,36.5424309317137 -80.0114927215411,36.542431931234 -80.0118367217334,36.5424329307558 -80.0121807219258,36.5424339302775 -80.0125257221187,36.5424349297979 -80.012869722311,36.5424359293196 -80.0132147225039,36.5424369288399 -80.0135587226962,36.5424379283615 -80.0136927227748,36.5424389281761 -80.0139037228952,36.5424399278832 -80.0142487230881,36.5424409274034 -80.0145927232804,36.542441926925 -80.0149377234732,36.5424429264452 -80.0152817236656,36.5424439259668 -80.0156257238579,36.5424449254884 -80.0159707240508,36.5424459250085 -80.0163147242431,36.5424469245301 -80.0166597244359,36.5424479240502 -80.0170037246282,36.5424489235717 -80.0173487248211,36.5424499230918 -80.0176927250134,36.5424509226132 -80.0180377252063,36.5424519221333 -80.0183817253986,36.5424529216548 -80.0187267255914,36.5424539211748 -80.0190707257837,36.5424549206962 -80.019414725976,36.5424559202176 -80.0197597261689,36.5424569197375 -80.0201037263612,36.5424579192589 -80.020448726548,36.5424579187776 -80.0207927267402,36.5424589182989 -80.0211377269331,36.5424599178188 -80.0214817271254,36.5424609173401 -80.0218267273182,36.54246191686 -80.0221707275105,36.5424629163813 -80.0225147277028,36.5424639159025 -80.0228597278957,36.5424649154224 -80.023203728088,36.5424659149436 -80.0235487282808,36.5424669144634 -80.0238927284731,36.5424679139846 -80.0242377286659,36.5424689135044 -80.0245817288582,36.5424699130255 -80.024926729051,36.5424709125453 -80.0252707292433,36.5424719120664 -80.0256157294361,36.5424729115861 -80.0258117295483,36.5424739113137 -80.0259597296284,36.5424739111072 -80.0261427297336,36.5424749108529 -80.0263037298207,36.5424749106282 -80.0266487300135,36.5424759101479 -80.0269927302058,36.542476909669 -80.0272687303613,36.5424779092849 -80.0273377303986,36.5424779091886 -80.0301787319606,36.5424819052278 -80.0319917329601,36.5424849027005 -80.0325147332492,36.5424859019715 -80.0360397351266,36.5424808970468 -80.0363027353358,36.5424918966896 -80.0376487360643,36.5424918948107 -80.038026736281,36.5424938942847 -80.0387167366605,36.5424948933223 -80.0397507372322,36.5424968918805 -80.0404407376117,36.542497890918 -80.0418197383702,36.5424998889944 -80.0424457386968,36.5424978881189 -80.0435437393153,36.542501886589 -80.045957740646,36.5425058832213 -80.0469917412116,36.5425068817782 -80.0500957429217,36.5425118774471 -80.0522577441219,36.5425168744307 -80.0534577447955,36.5425208727569 -80.0538857450029,36.5425168721572 -80.0549127455707,36.5425188707239 -80.0562827463302,36.5425218688119 -80.0573097468981,36.5425238673784 -80.0579947472808,36.5425258664225 -80.0590217478486,36.5425278649888 -80.0600487484164,36.542529863555 -80.0610757489842,36.5425318621211 -80.0624457497437,36.5425348602083 -80.0638147504965,36.5425368582964 -80.0644997508792,36.5425388573399 -80.0651847512559,36.5425398563832 -80.065868751632,36.5425408554278 -80.0662117518237,36.5425418549488 -80.0665537520147,36.5425428544712 -80.0668957522058,36.5425438539936 -80.0672387523914,36.5425438535144 -80.0679237527741,36.5425458525577 -80.0686077531502,36.5425468516021 -80.0692927535269,36.5425478506452 -80.0706627542862,36.5425508487313 -80.071689754854,36.5425528472964 -80.0727167554217,36.5425548458614 -80.0740857561804,36.5425578439484 -80.074866756609,36.542558842857 -80.0751137567487,36.5425598425118 -80.0761407573104,36.5425608410765 -80.0775097580691,36.5425638391631 -80.0785367586367,36.5425658377276 -80.079564759205,36.5425678362906 -80.0805917597726,36.5425698348549 -80.0823457607396,36.5425728324027 -80.0833307612845,36.5425748310255 -80.0848567621281,36.5425778288917 -80.08687876324,36.5425808260642 -80.0911557656018,36.5425888200819 -80.0960767683178,36.542597813197 -80.0967347686857,36.5425998122758 -80.0971967689356,36.5425998116298 -80.1015937713561,36.5426068054765 -80.1038207725965,36.5426128023577 -80.1040077726858,36.5426108020975 -80.104697773065,36.5426118011317 -80.1057317736363,36.542613799684 -80.1064217740155,36.5426147987181 -80.1074567745873,36.5426167972688 -80.1081457749659,36.5426177963043 -80.1088357753451,36.5426187953382 -80.1098697759164,36.5426207938902 -80.1105597762956,36.5426217929241 -80.1115947768673,36.5426237914745 -80.112283777246,36.5426247905097 -80.1126287774326,36.542624790027 -80.1129737776252,36.5426257895435 -80.1133387776921,36.5426037890525 -80.1170677798635,36.5426297838118 -80.1221717827309,36.5426477766508 -80.125701784853,36.5426837716677 -80.12571478486,36.5426837716495 -80.1257267848665,36.5426837716327 -80.1257427848751,36.5426837716103 -80.1257587848838,36.5426837715879 -80.1257717848908,36.5426837715697 -80.1263727852395,36.5426877707233 -80.1294647870179,36.54270576637 -80.1295397870585,36.542705766265 -80.1300667873612,36.5427087655229 -80.1310117880315,36.5427357641636 -80.1337407896309,36.5427567603098 -80.134433790035,36.5427617593312 -80.1351267904392,36.5427667583525 -80.135472790644,36.542769757863 -80.1358197908433,36.5427717573736 -80.1361627910464,36.5427747568882 -80.136303791052,36.5427627567076 -80.1409507939467,36.5428277500914 -80.1414217942425,36.5428347494194 -80.1425667949437,36.5428487477899 -80.1433387954079,36.542856746693 -80.1447047962402,36.5428727447486 -80.1460707970724,36.542888742803 -80.1470957976909,36.5428997413443 -80.1501697995573,36.5429347369626 -80.1502277995945,36.5429357368793 -80.150510799765,36.542938736476 -80.151193800181,36.5429467355013 -80.1522188008051,36.542958734038 -80.1529018012151,36.5429657330644 -80.153584801631,36.5429737320888 -80.154609802255,36.5429857306242 -80.1552928026708,36.5429937296479 -80.1563178032889,36.5430047281843 -80.1571338037824,36.5430137270182 -80.1573418039123,36.5430167267196 -80.158024804328,36.5430247257423 -80.1586028046753,36.5430307249166 -80.1596178052995,36.5430437234613 -80.1597328053617,36.5430437232993 -80.1604318057859,36.5430517222986 -80.1611308062161,36.5430607212957 -80.1621798068527,36.5430727197931 -80.1632278074888,36.5430847182913 -80.1639268079188,36.5430937172872 -80.1649758085553,36.5431057157829 -80.1660248091918,36.5431177142782 -80.1663738094094,36.5431227137753 -80.1672888099618,36.543132712463 -80.1674538100625,36.5431347122259 -80.1675948101503,36.5431367120227 -80.1677718102575,36.5431387117686 -80.1678008102732,36.5431387117277 -80.1688338109067,36.5431517102417 -80.1693978112346,36.5431557094369 -80.1696748113958,36.5431577090416 -80.1698128114936,36.5431617088379 -80.1699278114392,36.5431417087199 -80.1701528114442,36.5431217084468 -80.1703158114973,36.5431157082302 -80.1705158116344,36.5431207079369 -80.1706818118114,36.5431357076693 -80.1708418120317,36.5431587073922 -80.1709268121242,36.5431667072543 -80.1718778126725,36.5431727058983 -80.1729658133007,36.5431797043463 -80.1794338172049,36.5432506950409 -80.1815628184932,36.5432746919717 -80.1828468192674,36.5432886901208 -80.1838208198511,36.5432986887177 -80.1848998205087,36.5433116871579 -80.1866078215346,36.5433296846942 -80.1883158225663,36.5433486822265 -80.1896828233906,36.5433636802508 -80.1917328246297,36.543386677285 -80.1927568252457,36.543397675804 -80.1930988254475,36.5434006753111 -80.1932248255271,36.5434026751271 -80.1934408256552,36.5434046748155 -80.1937818258622,36.5434086743211 -80.1948068264787,36.5434196728377 -80.1954898268934,36.543427671847 -80.1961738273027,36.5434346708576 -80.1971988279191,36.5434456693729 -80.1982228285349,36.5434566678891 -80.19890682895,36.5434646668958 -80.1992478291512,36.5434676664034 -80.1999318295662,36.5434756654098 -80.2009558301819,36.5434866639246 -80.2019808307981,36.5434976624375 -80.2026668312141,36.54350566144 -80.203355831626,36.543512660441 -80.2040438320431,36.5435206594402 -80.2047328324549,36.5435276584407 -80.2054208328719,36.5435356574394 -80.2064538334922,36.5435466559386 -80.2071418339035,36.5435536549397 -80.207830834321,36.5435616539361 -80.2088638349412,36.5435726524341 -80.211961836801,36.5436056479262 -80.2126498372178,36.5436136469222 -80.2136828378378,36.5436246454177 -80.2146218384013,36.5436346440497 -80.2148118385382,36.5436406437598 -80.2153428389162,36.5436566429521 -80.2189468410134,36.5436836377328 -80.2253378448065,36.5437446284204 -80.2263288454319,36.5437606269517 -80.2268088457191,36.5437656262497 -80.2281728465397,36.5437806242517 -80.2292238471687,36.5437916227135 -80.229924847592,36.5437996216848 -80.2302758478039,36.5438036211697 -80.2309768482215,36.5438106201443 -80.2316778486448,36.543818619115 -80.2323788490623,36.5438256180892 -80.2330798494855,36.5438336170594 -80.2337808499088,36.5438416160294 -80.2344818503262,36.5438486150027 -80.2351828507494,36.5438566139722 -80.2355338509612,36.5438606134561 -80.235887851169,36.5438636129394 -80.2365958515902,36.5438706119021 -80.2373038520057,36.5438766108684 -80.2380118524268,36.5438836098307 -80.238719852848,36.5438906087927 -80.2394298532645,36.5438966077555 -80.2395968533658,36.5438986075092 -80.2401358536845,36.5439036067199 -80.2404898538922,36.5439066062025 -80.2411978543133,36.5439136051638 -80.2415518545209,36.5439166046463 -80.2419058547286,36.5439196041287 -80.242259854942,36.5439236036072 -80.2426138551497,36.5439266030895 -80.2428418552838,36.5439286027558 -80.2430348553991,36.5439306024721 -80.2437288558012,36.5439356014604 -80.2440228559709,36.5439376010323 -80.2447158563554,36.5439396000337 -80.2454088567456,36.543942599031 -80.2461018571301,36.5439445980322 -80.2467948575146,36.5439465970334 -80.2476728580043,36.543949595766 -80.247833858091,36.5439495955358 -80.2485268584755,36.5439515945368 -80.2488738586736,36.5439535940325 -80.2495668590581,36.5439555930334 -80.2499138592506,36.5439565925331 -80.250259859191,36.5439575924711 -80.2505198590805,36.5439575925345 -80.2509528589076,36.5439595926319 -80.2512998587656,36.5439605927124 -80.2519928584821,36.5439625928731 -80.2523388583406,36.5439635929534 -80.2530318580627,36.54396659311 -80.2533788579207,36.5439675931905 -80.2537248577791,36.5439685932706 -80.2540718576371,36.5439695933511 -80.2544178574955,36.5439705934313 -80.2547168573739,36.5439715935 -80.2551118572114,36.5439725935922 -80.2554578570698,36.5439735936723 -80.2561508567861,36.5439755938329 -80.2568438565024,36.5439775939934 -80.2571908563659,36.5439795940697 -80.2585588558004,36.5439825943905 -80.2589228556566,36.5439845944708 -80.2592698555144,36.5439855945511 -80.2599628552305,36.5439875947116 -80.2607378549117,36.5439895948919 -80.2608478548704,36.5439905949145 -80.2610958547704,36.5439915949707 -80.2633128538541,36.5439965954895 -80.2635778537413,36.543996595554 -80.2636768536991,36.5439965955781 -80.2637648536616,36.5439965955995 -80.2644528533742,36.5439975957628 -80.2651408530867,36.543998595926 -80.2658288527992,36.5439995960893 -80.2665168525117,36.5440005962525 -80.2672048522242,36.5440015964157 -80.2678938519363,36.5440025965791 -80.2685818516487,36.5440035967423 -80.2692698513612,36.5440045969055 -80.2699578510681,36.5440045970729 -80.2709898506395,36.5440065973155 -80.271333850493,36.5440065973992 -80.2720218502053,36.5440075975623 -80.2721178501644,36.5440075975857 -80.2723658500588,36.5440075976461 -80.2727098499177,36.5440085977255 -80.2730538497712,36.5440085978092 -80.27339784963,36.5440095978886 -80.2737428494831,36.5440095979725 -80.274086849342,36.5440105980519 -80.2747748490543,36.544011598215 -80.2751188489077,36.5440115982987 -80.2754628487612,36.5440115983824 -80.2757228486612,36.5440135984369 -80.2760388485212,36.5440125985181 -80.2765338483157,36.5440135986342 -80.2766888482497,36.5440135986719 -80.276964848191,36.5440245986914 -80.2782988475959,36.5440195990375 -80.2800678468049,36.5440125994983 -80.2819258459763,36.544005599981 -80.2843858449971,36.5440186005223 -80.2854148445692,36.5440206007638 -80.2861018442817,36.5440216009264 -80.287136843846,36.5440226011737 -80.2881748434141,36.5440246014172 -80.2892168429753,36.5440256016661 -80.2899158426826,36.5440266018316 -80.2902608425408,36.5440276019111 -80.2906088423925,36.5440276019957 -80.2909208422855,36.5440326020491 -80.2913038421067,36.5440296021557 -80.291650841964,36.5440306022356 -80.292345841673,36.5440316024001 -80.2926928415302,36.5440326024799 -80.2930398413875,36.5440336025598 -80.2933878412392,36.5440336026443 -80.2937348410964,36.5440346027242 -80.2940838409528,36.5440356028045 -80.2947788407338,36.5440506029058 -80.2948758406924,36.5440506029294 -80.2951268406574,36.5440646029272 -80.2952138406408,36.5440686029302 -80.2954788405843,36.5440796029449 -80.2958278405073,36.5440936029663 -80.2961778404297,36.5441076029878 -80.2965278403571,36.5441226030048 -80.2968768402797,36.5441366030258 -80.2972268402017,36.5441506030471 -80.2975768401237,36.5441646030683 -80.2979258400511,36.5441796030846 -80.2982758399727,36.5441936031056 -80.2989748398214,36.5442226031425 -80.2993248397427,36.5442366031631 -80.299674839664,36.5442506031837 -80.3000238395906,36.5442656031994 -80.3003738395116,36.5442796032198 -80.3007238394325,36.5442936032401 -80.3010728393538,36.5443076032601 -80.3014228392795,36.5443226032757 -80.3017728392,36.5443366032957 -80.3021218391209,36.5443506033154 -80.3024718390463,36.5443656033306 -80.303170838887,36.5443936033698 -80.3038718387315,36.5444226034044 -80.3045728385804,36.544452603434 -80.3049238385045,36.5444676034488 -80.3052748384285,36.5444826034635 -80.3059758382765,36.5445126034924 -80.3063268382001,36.5445276035067 -80.3066778381236,36.544542603521 -80.307028838047,36.5445576035352 -80.3073788379707,36.544572603549 -80.3077298378938,36.544587603563 -80.3084318377396,36.5446176035907 -80.3091328375854,36.5446476036177 -80.309483837503,36.5446616036358 -80.3101858373476,36.5446916036624 -80.3109298371884,36.5447246036846 -80.3112378371141,36.5447366037014 -80.3115918370494,36.5447546037009 -80.3119458369845,36.5447726037003 -80.31229883692,36.5447906036994 -80.3126528368549,36.5448086036986 -80.3130068367896,36.5448266036977 -80.3133608367242,36.5448446036966 -80.3137148366586,36.5448626036955 -80.3140678365933,36.5448806036939 -80.3144218365274,36.5448986036925 -80.3147758364614,36.544916603691 -80.3151298363952,36.5449346036893 -80.3154828363293,36.5449526036872 -80.3161908361962,36.5449886036833 -80.3165448361294,36.5450066036811 -80.3168988360625,36.5450246036788 -80.3172518359959,36.5450426036762 -80.3176058359335,36.5450616036689 -80.3179598358662,36.5450796036663 -80.318304835788,36.5450946036756 -80.3186498357145,36.5451106036801 -80.318994835641,36.5451266036845 -80.3193398355672,36.5451426036888 -80.3196848354886,36.5451576036977 -80.3200298354146,36.5451736037018 -80.3203758353401,36.5451896037059 -80.3207208352659,36.5452056037098 -80.3210658351915,36.5452216037135 -80.3214108351122,36.545236603722 -80.3217558350376,36.5452526037255 -80.3221008349629,36.5452686037289 -80.322445834888,36.5452846037322 -80.3227908348082,36.5452996037403 -80.3231358347331,36.5453156037434 -80.3238268345821,36.5453476037495 -80.3241718345018,36.5453626037571 -80.3248618343504,36.5453946037624 -80.3252068342745,36.5454106037649 -80.3255518341985,36.5454266037672 -80.3262418340413,36.5454576037765 -80.3265868339649,36.5454736037786 -80.3269318338884,36.5454896037805 -80.3272778338065,36.5455046037874 -80.3276228337297,36.5455206037892 -80.3279678336528,36.5455366037908 -80.3283128335758,36.5455526037924 -80.3286228335047,36.5455666037954 -80.3286578334939,36.5455676037986 -80.3287498334768,36.5455726037954 -80.3287958334658,36.5455746037962 -80.3288288334559,36.5455756037989 -80.3288608334512,36.5455776037966 -80.329001833417,36.5455836037997 -80.3293468333396,36.5455996038009 -80.3296908332625,36.5456156038018 -80.3300358331848,36.5456316038028 -80.3303798331028,36.5456466038083 -80.3307248330248,36.5456626038091 -80.3310698329467,36.5456786038098 -80.331413832869,36.5456946038101 -80.3317588327907,36.5457106038106 -80.3320168327322,36.5457226038107 -80.3321028327127,36.5457266038107 -80.3324478326294,36.5457416038159 -80.3327918325511,36.5457576038158 -80.3329588325142,36.5457656038146 -80.3330508324919,36.5457696038159 -80.3331368324723,36.5457736038159 -80.3334808323938,36.5457896038156 -80.3336278323563,36.5457956038195 -80.3338258323147,36.5458056038154 -80.3339888322747,36.545812603818 -80.3341698322312,36.5458206038198 -80.3345148321519,36.5458366038195 -80.3348588320729,36.5458526038188 -80.3352038319933,36.5458686038182 -80.335547831914,36.5458846038172 -80.3358928318295,36.5458996038214 -80.3362368317499,36.5459156038202 -80.3365818316698,36.5459316038192 -80.3369708315791,36.5459496038182 -80.3370258315638,36.5459516038207 -80.3370678315542,36.5459536038203 -80.3372708315097,36.5459636038167 -80.337614831425,36.54597860382 -80.3379598313443,36.5459946038186 -80.338303831264,36.5460106038169 -80.3386488311831,36.5460266038152 -80.3389928311026,36.5460426038133 -80.3393378310168,36.5460576038163 -80.339681830936,36.5460736038141 -80.3400368308501,36.5460896038143 -80.3403908307691,36.5461066038092 -80.340745830683,36.5461226038092 -80.3411008305967,36.546138603809 -80.3414548305107,36.5461546038085 -80.3418098304241,36.5461706038081 -80.3422618303166,36.5461916038043 -80.3429268301493,36.5462206038079 -80.3433448300108,36.5462316038459 -80.3438688298288,36.5462436039024 -80.3442518297425,36.5462626038926 -80.3460708293563,36.5463586038152 -80.3515148279773,36.5466016037876 -80.3541128273219,36.5467206037501 -80.3566298266786,36.5468356037094 -80.3602968257314,36.5470036036379 -80.3639718247661,36.5471716035562 -80.3678138237903,36.5473586033988 -80.3691048234593,36.547421603342 -80.3691268234533,36.5474226033414 -80.3691518234459,36.5474236033414 -80.3691828234401,36.5474256033375 -80.370169823185,36.5474736032937 -80.3701848231822,36.5474746032916 -80.3716398228306,36.5475516031927 -80.3747668219713,36.5476946030915 -80.3757398216998,36.5477386030609 -80.3779828210764,36.5478416029788 -80.3797988205578,36.5479226029218 -80.3804318203836,36.5479526028919 -80.3810328202116,36.547979602871 -80.3825278197897,36.548048602808 -80.3834858195049,36.5480896027838 -80.3854728189355,36.548180602699 -80.3874928183544,36.5482736026067 -80.3911708172957,36.5484456024148 -80.3944508163136,36.5485926022683 -80.3950408161221,36.5486156022598 -80.395383816021,36.5486316022404 -80.3957278159154,36.5486466022265 -80.3961208158019,36.5486656022002 -80.3962118157741,36.5486696021964 -80.3964708156931,36.5486806021873 -80.3967688156013,36.548693602175 -80.397191815473,36.5487126021544 -80.3974658153926,36.5487256021371 -80.3981628151832,36.5487576020988 -80.3988598149694,36.5487886020655 -80.3992088148641,36.5488046020461 -80.3995568147591,36.5488206020263 -80.3999058146534,36.5488366020067 -80.4012998142267,36.5488996019321 -80.402345813908,36.548947601871 -80.4033918135842,36.5489946018146 -80.4075738122825,36.5491836015731 -80.4079938121547,36.5492036015422 -80.4082088120729,36.5492096015502 -80.4082728120609,36.5492146015345 -80.408621811952,36.5492306015122 -80.4089718118425,36.54924660149 -80.409321811733,36.5492626014676 -80.4096708116237,36.549278601445 -80.4100208115138,36.5492946014224 -80.4107208112937,36.5493266013769 -80.4117688109597,36.5493736013132 -80.4124688107383,36.5494056012667 -80.413167810513,36.5494366012251 -80.4135178104019,36.5494526012015 -80.4138668102911,36.5494686011776 -80.4142168101796,36.5494846011537 -80.4145658100686,36.5495006011295 -80.4152658098413,36.549531601087 -80.4156148097298,36.5495476010625 -80.4163148095056,36.5495796010136 -80.41666380939,36.5495946009945 -80.4176858090622,36.5496416009205 -80.4187068087301,36.549687600851 -80.4193878085055,36.5497176008081 -80.4200688082841,36.549748600759 -80.4215668077946,36.5498166006507 -80.4217408077343,36.5498236006432 -80.4238868070271,36.5499206004868 -80.4240928069614,36.5499306004676 -80.4241548069416,36.5499336004619 -80.4255168064878,36.5499946003634 -80.4261978062619,36.5500256003107 -80.4264568061767,36.5500376002893 -80.4274008058662,36.5500816002094 -80.4276788057712,36.5500936001913 -80.4303228048806,36.5502125999873 -80.4310908046186,36.5502465999301 -80.4314078045066,36.5502595999124 -80.4317558043896,36.5502755998828 -80.4321028042695,36.5502905998588 -80.4324508041523,36.550306599829 -80.4327988040349,36.5503225997991 -80.4331468039175,36.5503385997691 -80.433683803737,36.5503635997207 -80.4341908035607,36.5503855996842 -80.4345388034427,36.5504015996538 -80.4347608033667,36.5504115996355 -80.4348868033211,36.550416599629 -80.4352338032034,36.5504325995982 -80.435581803085,36.5504485995675 -80.435929802963,36.5504635995424 -80.4362778028444,36.5504795995115 -80.4366258027256,36.5504955994804 -80.4369738026032,36.5505105994551 -80.4373208024847,36.5505265994236 -80.4376688023656,36.5505425993922 -80.4380168022428,36.5505575993665 -80.4383648021234,36.5505735993349 -80.4387128020039,36.5505895993032 -80.4390608018807,36.5506045992773 -80.4394088017609,36.5506205992453 -80.4403388014376,36.550662599164 -80.4405648013581,36.5506725991453 -80.4407858012846,36.5506835991197 -80.4411268011677,36.550699599086 -80.4414678010473,36.5507145990581 -80.4418088009301,36.5507305990242 -80.4421498008128,36.5507465989902 -80.4424908006954,36.550762598956 -80.4428358005656,36.5507755989403 -80.4431748004557,36.5507935988938 -80.4432598004298,36.5507985988791 -80.4438558002137,36.5508235988364 -80.4441988000913,36.5508385988081 -80.4445407999658,36.5508525987854 -80.4448777998631,36.550872598726 -80.4452187997447,36.5508885986911 -80.4455597996261,36.550904598656 -80.4459007995041,36.5509195986268 -80.4462297993508,36.550923598661 -80.4484517985864,36.5510315984064 -80.4486997985006,36.551043598378 -80.451271797608,36.5511685980769 -80.4513277975894,36.5511715980686 -80.4515177975157,36.5511785980596 -80.4526197971322,36.5512325979258 -80.4528627970477,36.5512445978956 -80.4543057965406,36.5513145977226 -80.4545657964273,36.5513205977312 -80.454766796354,36.5513295977115 -80.4551077962319,36.5513455976735 -80.4554487961097,36.5513615976354 -80.4557947959848,36.551377597598 -80.4561317958611,36.5513925975651 -80.4564727957384,36.5514085975267 -80.456814795625,36.5514275974701 -80.4571587954973,36.5514425974381 -80.4574977953721,36.551457597405 -80.457838795249,36.5514735973662 -80.4581797951225,36.5514885973333 -80.4585237949943,36.5515035973009 -80.4588677948693,36.5515195972622 -80.459201794746,36.5515345972279 -80.4595427946191,36.5515495971947 -80.4598867944904,36.5515645971618 -80.4602237943685,36.5515805971215 -80.4605677942396,36.5515955970885 -80.4609087941122,36.5516105970548 -80.460946794099,36.5516125970491 -80.4666957919763,36.5518795963795 -80.4701127906954,36.5520375959718 -80.4707947904366,36.5520685958925 -80.4784767875017,36.5524225949409 -80.480255786813,36.5525045947129 -80.4803437867787,36.552508594702 -80.4804147867503,36.5525115946945 -80.4841437852748,36.5526765942506 -80.4877387838762,36.5528485937291 -80.4885277835622,36.5528845936241 -80.4888687834247,36.5528995935822 -80.4941227813189,36.5531405928599 -80.4956897806854,36.5532125926389 -80.4960307805482,36.5532285925884 -80.4963717804108,36.5532445925378 -80.4967127802704,36.5532595924936 -80.4970537801328,36.5532755924428 -80.4973947799922,36.5532905923983 -80.4977357798543,36.5533065923473 -80.4980767797163,36.5533225922961 -80.4984177795754,36.5533375922514 -80.4987587794371,36.5533535922 -80.4990997792987,36.5533695921486 -80.4994407791574,36.5533845921035 -80.4997817790188,36.5534005920519 -80.5001217791405,36.5534165924432 -80.5004617797209,36.5534325936169 -80.5008097803141,36.5534485948208 -80.5011417808794,36.5534635959712 -80.5014817814602,36.5534795971455 -80.5018217820411,36.5534955983199 -80.5021617826221,36.5535115994946 -80.5048827872729,36.5536386089101 -80.5055827884715,36.5536716113325 -80.5059027890193,36.5536866124407 -80.5065837901857,36.5537186147992 -80.5070677910044,36.5537376164998 -80.5090147943553,36.553833623221 -80.50964379543,36.5538616254129 -80.5100917961988,36.5538826269678 -80.5109227976225,36.5539206298591 -80.5114797985844,36.5539486317819 -80.5118147991549,36.5539626329565 -80.5183678104379,36.554271655754 -80.5200848133835,36.554346661777 -80.5223988173811,36.5544556698544 -80.5229068182596,36.5544796716286 -80.5232468188475,36.5544956728168 -80.5235868194326,36.5545106740111 -80.5239268200207,36.5545266751996 -80.5242678206106,36.5545426763922 -80.5243288207165,36.5545456766047 -80.524607821199,36.5545586775811 -80.5249478217875,36.5545746787703 -80.5252878223761,36.5545906799597 -80.5256278229618,36.5546056811553 -80.5260268236655,36.5546286825264 -80.5281788273732,36.5547226901059 -80.5324628348123,36.5549247051316 -80.5343428380774,36.555011711746 -80.5345928385132,36.5550237126235 -80.5351618395012,36.5550497146289 -80.5357608405436,36.5550777167371 -80.5397848475642,36.5552687308999 -80.5408478494074,36.5553147346717 -80.5419558513521,36.5553697385653 -80.544392855605,36.555481747188 -80.5481108621047,36.5556527603635 -80.5486868631079,36.5556777624151 -80.5492458640875,36.5557037643972 -80.5599118828124,36.5561928023654 -80.5605198839104,36.5562288044931 -80.563038888345,36.5563428135016 -80.5633798889477,36.5563588147189 -80.5634718891058,36.5563618150543 -80.5638188896979,36.5563718163261 -80.5640598901127,36.556379817204 -80.564399890697,36.5563908184442 -80.5647398912815,36.5564018196846 -80.564909891572,36.5564068203074 -80.5652138920952,36.5564168214157 -80.5684758977156,36.5565248333124 -80.570705901566,36.5565998414475 -80.5710439021208,36.5566028427235 -80.576993912373,36.5567918645188 -80.5773739130283,36.5568038659126 -80.5811159194857,36.5569218796488 -80.5814179200054,36.5569308807607 -80.5817579205936,36.5569418820084 -80.5820989211836,36.5569528832601 -80.582438921772,36.5569638845081 -80.5827429222951,36.5569728856281 -80.5827789223568,36.5569738857611 -80.5830479228235,36.5569828867473 -80.5866879291299,36.5571009001195 -80.5910039365972,36.557234916025 -80.5912919371109,36.5572479170683 -80.5916329376993,36.5572579183288 -80.5919739382877,36.5572679195895 -80.592312938873,36.5572779208426 -80.5926519394547,36.5572869221005 -80.5926699394875,36.5572879221649 -80.5930599401629,36.5572999236046 -80.5933979407505,36.5573109248497 -80.5966879464627,36.5574149369911 -80.5970749471342,36.5574269384213 -80.5976529481414,36.5574459405527 -80.598042948818,36.5574579419948 -80.6003859528959,36.5575329506495 -80.6009049537936,36.5575479525748 -80.607430965162,36.5577539767347 -80.6105649706355,36.5578539883516 -80.6120559732199,36.5578959939064 -80.614459977442,36.5579770028121 -80.6148459781124,36.5579880042512 -80.6180999838239,36.5580950163306 -80.6239949941739,36.5582850382647 -80.6243709948384,36.5582980396617 -80.6288320026229,36.558426056354 -80.6329610098283,36.5585420718337 -80.6360150151608,36.5586270832986 -80.6374630176939,36.5586680887355 -80.637652018019,36.5586720894504 -80.6388920201847,36.5587060941125 -80.6423560262267,36.5587981071562 -80.6470190343796,36.5589241247271 -80.6471430345993,36.5589281251924 -80.6472080347184,36.5589311254331 -80.6474070350735,36.5589381261777 -80.6486250372443,36.5589801307398 -80.6533860458991,36.5591811484659 -80.6584750554794,36.5594661672221 -80.659167056825,36.5595141697464 -80.6612450608207,36.5596471773711 -80.6629300640789,36.5597581835517 -80.6637100655912,36.5598101864133 -80.670240078256,36.5602392104529 -80.6704900787536,36.5602582113676 -80.6708310794058,36.5602782126336 -80.6711730800734,36.5603012138946 -80.6715150807366,36.5603232151591 -80.6718540814628,36.5603602163662 -80.6766590907357,36.5606552342099 -80.6773360920466,36.5606972367272 -80.6792440958344,36.5608352437709 -80.6825311023088,36.5610592559691 -80.6828131028084,36.5610662570516 -80.6833541038716,36.5611022590649 -80.6855261081277,36.5612432671652 -80.6865051100549,36.5613082708164 -80.6881421132725,36.5614152769318 -80.6896491162447,36.5615152825636 -80.6900021169441,36.5615392838821 -80.6903451176176,36.5615612851672 -80.6906871182896,36.5615832864487 -80.6910291189665,36.5616062877277 -80.6913721196405,36.5616282890137 -80.6917141203177,36.5616512902933 -80.6920561209903,36.561673291576 -80.6923991216695,36.5616962928602 -80.6927411223425,36.5617182941435 -80.693084123022,36.5617412954283 -80.6934261236953,36.5617632967122 -80.6937681243734,36.5617862979937 -80.6941111250487,36.5618082992821 -80.6944531257272,36.5618313005643 -80.694795126401,36.5618533018494 -80.6958221284301,36.5619203057078 -80.6961991291725,36.5619443071264 -80.6965151297657,36.5619583083314 -80.6968661304268,36.5619743096689 -80.6972191310866,36.5619893110171 -80.6975671317382,36.5620043123459 -80.6979181323949,36.5620193136866 -80.6982691330565,36.562035315025 -80.6986191337117,36.5620503163623 -80.6989701343688,36.5620653177037 -80.6993211350307,36.5620813190428 -80.6996711356863,36.5620963203806 -80.7000221363436,36.5621113217227 -80.7003731370059,36.5621273230624 -80.7007241376635,36.5621423244048 -80.7010741383195,36.5621573257436 -80.7014251389773,36.5621723270864 -80.70177613964,36.5621883284271 -80.7021261402963,36.5622033297664 -80.7024831409693,36.5622193311311 -80.7028281416175,36.5622343324512 -80.7043211442982,36.5622733382289 -80.704600144895,36.5623003392615 -80.7047991451883,36.5622923400636 -80.7050351455434,36.5622843410111 -80.7053751461109,36.5622843423486 -80.7057161466849,36.5622853436877 -80.7060561472573,36.5622863450228 -80.7063971478314,36.5622873463618 -80.7067371484038,36.562288347697 -80.707078148973,36.5622883490384 -80.7074181495454,36.5622893503736 -80.7077591501195,36.5622903517127 -80.708099150692,36.5622913530479 -80.708359151126,36.5622913540707 -80.7084401512661,36.562292354387 -80.7087801518336,36.5622923557246 -80.7091211524077,36.5622933570637 -80.7094611529802,36.562294358399 -80.7098021535543,36.5622953597382 -80.7108231552686,36.5622973637502 -80.7111641558427,36.5622983650895 -80.7115041564152,36.5622993664248 -80.7118451569845,36.5622993677663 -80.7125261581311,36.5623013704409 -80.7132071592779,36.5623033731156 -80.7138881604197,36.5623043757925 -80.7141831609171,36.5623053769509 -80.7142281609922,36.562305377128 -80.714909162134,36.5623063798049 -80.7155901632809,36.5623083824798 -80.716612164997,36.5623103864963 -80.7173231661939,36.5623123892892 -80.7176361667165,36.5623123905207 -80.7183141678584,36.5623143931839 -80.7189951690053,36.562316395859 -80.7206981718686,36.562320402551 -80.7217191735833,36.562322406564 -80.7220601741576,36.5623234079036 -80.7234221764467,36.5623264132564 -80.7237631770161,36.5623264145981 -80.7241031775888,36.5623274159339 -80.7244441781632,36.5623284172736 -80.7248031787626,36.5623284186861 -80.725162179362,36.5623284200987 -80.7255211799563,36.5623274215132 -80.7258801805557,36.5623274229257 -80.7262461811668,36.5623274243658 -80.7299521874568,36.5623474389097 -80.7301131876693,36.562336439564 -80.7301521877396,36.5623374397156 -80.7303601880357,36.5623274405529 -80.7304941882286,36.5623214410915 -80.7308361887176,36.5623054424672 -80.7311781892115,36.5622904438407 -80.7315201897003,36.562274445216 -80.7318621901889,36.562258446591 -80.7322041906774,36.5622424479658 -80.7325461911657,36.5622264493404 -80.732888191654,36.5622104507148 -80.7332301921473,36.5621954520871 -80.7335721926354,36.5621794534611 -80.7339141931233,36.5621634548348 -80.7342561936112,36.5621474562083 -80.7345971940972,36.5621314575776 -80.7349391945899,36.5621164589489 -80.7352811950774,36.5621004603218 -80.7356231955648,36.5620844616944 -80.7359651960521,36.5620684630668 -80.7363071965392,36.562052464439 -80.7366491970263,36.562036465811 -80.7369911975184,36.562021467181 -80.7372321978577,36.5620094681488 -80.7374231981655,36.5620074689026 -80.7410122032407,36.561834483291 -80.741327203697,36.5618214845491 -80.7437862071478,36.5616994943972 -80.7441882077216,36.561681496003 -80.7447322084892,36.561655498178 -80.7450512089458,36.5616414994512 -80.7454212094659,36.5616235009305 -80.7467972114146,36.5615595064252 -80.7471532119479,36.5615485078375 -80.7473862123139,36.5615445087569 -80.7485482139791,36.561494513387 -80.74930821505,36.5614585164191 -80.7495712154176,36.5614455174689 -80.7496502155381,36.5614435177813 -80.7499932160224,36.5614275191488 -80.7503412149858,36.561412518402 -80.7506782139532,36.561397517643 -80.7510202129011,36.5613815168737 -80.7511222125914,36.5613775166432 -80.7543102028229,36.5612365094518 -80.7559371978237,36.5611625057788 -80.7565871958397,36.5611355043067 -80.7570631943693,36.5611125032328 -80.7587491891944,36.5610374994173 -80.7605151837694,36.5609584954169 -80.7611121819279,36.5609304940652 -80.7668631642495,36.560674480999 -80.7676691617693,36.5606384791641 -80.7708861518635,36.5604944718309 -80.7715061499521,36.5604664704162 -80.7722561476389,36.5604324687042 -80.7727451461534,36.5604144675828 -80.7732841444709,36.5603864663556 -80.7735971435062,36.5603724656401 -80.7740261422954,36.5603734646371 -80.7869601064061,36.5605124343079 -80.7896550989263,36.5605404279967 -80.7899750980364,36.5605434272477 -80.7902150973733,36.5605464266854 -80.7905610964154,36.560550425875 -80.7921050921307,36.5605664222609 -80.7927190904192,36.5605714208249 -80.7928630900282,36.5605744204867 -80.7942830865735,36.5606744170987 -80.7967050808489,36.5608734113102 -80.7971160798795,36.5609074103294 -80.7974550790799,36.5609354095207 -80.7977950782776,36.56096340871 -80.7981340774784,36.560991407902 -80.7985590764759,36.5610264068895 -80.7988130758717,36.5610464062853 -80.7991520750729,36.5610744054782 -80.799435074404,36.5610974048049 -80.7994910742742,36.5611024046714 -80.7995870739911,36.5611004044497 -80.7996750737364,36.5610994042459 -80.7998250733005,36.5610974038987 -80.8001650722353,36.5610794031208 -80.8004650712716,36.561059402437 -80.8016560675564,36.5609993997076 -80.8124280337176,36.5604253749289 -80.8157650232072,36.5602463672118 -80.8205910080007,36.5599893560158 -80.8221690030183,36.5599043523464 -80.8230120003581,36.5598593503841 -80.8231619998847,36.5598513500348 -80.8236979982084,36.5598253487857 -80.8238939975984,36.5598163483286 -80.8271929872816,36.5596573406289 -80.8303939772885,36.5595073331405 -80.83316096863,36.559375326655 -80.8342069653546,36.5593253242001 -80.834900963182,36.5592923225704 -80.8358059603486,36.5592493204441 -80.8361529592649,36.5592333196284 -80.8365009581723,36.5592163188103 -80.8368489570796,36.559199317992 -80.8373299555781,36.5591773168604 -80.8375429549056,36.5591663163593 -80.8377699540782,36.5591363158261 -80.8379529535877,36.5591413153947 -80.8389149511534,36.5591913131271 -80.8392559502681,36.5592053123238 -80.839597949374,36.5592183115183 -80.839952948455,36.5592333106823 -80.8402799476037,36.5592463099124 -80.8406209467127,36.5592593091097 -80.8409629458249,36.5592733083048 -80.8413039449401,36.5592873075024 -80.8416449440492,36.5593003067001 -80.8419859431646,36.559314305898 -80.8423279422771,36.5593283050938 -80.8426769413394,36.559337304273 -80.8429499406605,36.5593533036314 -80.8430099405021,36.5593553034903 -80.8432169399683,36.5593643030038 -80.8433539396092,36.5593693026818 -80.8436929387306,36.5593833018852 -80.8440339378403,36.559396301084 -80.8443749369561,36.559410300283 -80.8447159360721,36.5594242994822 -80.8450579351792,36.5594372986791 -80.8453989342953,36.5594512978785 -80.8457399334115,36.5594652970782 -80.8460809325216,36.5594782962779 -80.8464229316351,36.5594922954755 -80.8467639307515,36.5595062946756 -80.8471049298619,36.5595192938757 -80.8474459289784,36.5595332930761 -80.8477879280922,36.5595472922743 -80.8481289272029,36.559560291475 -80.8484699263196,36.5595742906759 -80.8488109254365,36.5595882898769 -80.8491529245506,36.5596022890757 -80.8494939236615,36.5596152882769 -80.8498349227786,36.5596292874784 -80.8501759218959,36.5596432866801 -80.8505179210041,36.5596562858794 -80.8508589201215,36.5596702850814 -80.8511999192389,36.5596842842835 -80.8515409183503,36.5596972834856 -80.851882917465,36.5597112826857 -80.8522249165798,36.559725281886 -80.8525659156914,36.5597382810885 -80.8526299155281,36.559741280939 -80.8529069148092,36.5597522802914 -80.8532479139209,36.5597652794943 -80.853589913036,36.5597792786952 -80.8539309121479,36.5597922778983 -80.8542709112751,36.5598072771044 -80.8546129103842,36.5598202763055 -80.8549539095025,36.5598342755094 -80.8552949086147,36.5598472747131 -80.8556369077303,36.5598612739149 -80.8559779068488,36.5598752731192 -80.8563189059612,36.5598882723235 -80.8566599050799,36.5599022715281 -80.8570019041958,36.5599162707306 -80.8573429033084,36.5599292699352 -80.8576839024273,36.5599432691403 -80.8580249015463,36.5599572683455 -80.8583669006563,36.5599702675483 -80.8587078997754,36.5599842667539 -80.8590488988946,36.5599982659596 -80.8593898980077,36.5600112651651 -80.8596278973945,36.560021264611 -80.8597318970993,36.5600212643676 -80.8611108935475,36.5600792611587 -80.8698378710493,36.5604382409091 -80.8699688706527,36.5604342406013 -80.8703108697653,36.5604472398094 -80.8706518688872,36.5604612390204 -80.8709928680091,36.5604752382315 -80.871334867122,36.56048823744 -80.8720168653663,36.5605162358631 -80.8723578644822,36.5605292350744 -80.8733818618402,36.5605702327078 -80.8740648600763,36.56059723113 -80.8750898574517,36.5606412287651 -80.8776338510416,36.5607662229117 -80.8778308505475,36.5607762224591 -80.8779168503294,36.5607802222613 -80.878858847962,36.5608272200974 -80.8891528217981,36.5612881965044 -80.892252813929,36.5614261894295 -80.8929368121972,36.5614571878709 -80.8984517982277,36.5617041753263 -80.8986367977248,36.5617071749012 -80.8990667965628,36.5617151739142 -80.899491795415,36.5617231729389 -80.9012817905898,36.5617581688336 -80.9015217899384,36.5617621682826 -80.9016397896183,36.5617641680118 -80.9017207894027,36.5617661678265 -80.9018137891533,36.5617681676135 -80.9038347837629,36.5618161629904 -80.904575781783,36.5618331612956 -80.9123727609897,36.5620161434919 -80.9126377602686,36.5620201428849 -80.9133257584273,36.5620351413149 -80.9151397536166,36.5620811371851 -80.9282527184297,36.5623471073168 -80.9317237091226,36.5624170994293 -80.9321827092356,36.5626230986849 -80.9329367094286,36.5629620974697 -80.9389886929287,36.5630390837201 -80.9441566788259,36.5631020719864 -80.944226678636,36.5631030718278 -80.9444626779999,36.5631070712942 -80.9461256734611,36.5631270675205 -80.9465476723089,36.5631320665629 -80.9474496701336,36.5631840645894 -80.947575669828,36.5631910643134 -80.9483066680717,36.5632340627168 -80.9492876657107,36.5632910605746 -80.9498086644483,36.5633200594354 -80.9499726640082,36.5633230590658 -80.9503146632353,36.5633500583328 -80.9506716622807,36.5633570575293 -80.951027661322,36.5633630567264 -80.9513836603633,36.5633690559236 -80.9517396594047,36.5633750551209 -80.9520966584503,36.5633820543177 -80.9524896573597,36.5633840534232 -80.9526356570054,36.5633920531043 -80.9527956565767,36.5633950527442 -80.952976656096,36.5633990523379 -80.9538996536703,36.5634230502735 -80.9542026528749,36.5634310495962 -80.9594756390095,36.5635660378135 -80.9598256380899,36.5635750370324 -80.9601676371081,36.5635720362458 -80.9605086361361,36.5635700354635 -80.9611266343649,36.5635650340429 -80.961195634164,36.5635640338834 -80.9615076333371,36.5635710331852 -80.9615686331021,36.563562033028 -80.9621886313251,36.5635570316027 -80.9645796244881,36.5635400261097 -80.9666956184229,36.5635230212433 -80.9670326174548,36.5635200204676 -80.9689766118936,36.5635060159989 -80.9731385999713,36.5634740064244 -80.9752115940318,36.5634580016537 -80.9767235897042,36.563446998175 -80.9785575844281,36.5634299939462 -80.9796805812868,36.5634319913849 -80.9827015730584,36.563467984567 -80.9842175689294,36.5634859811468 -80.9842555688227,36.56348598106 -80.984313568667,36.5634869809299 -80.9846905676368,36.5634909800784 -80.9848545671905,36.5634929797086 -80.9853165659434,36.5634999786703 -80.987127561001,36.5635199745829 -80.9909835504899,36.5635639658876 -80.998696529348,36.563634948467 -81.0038065257715,36.5636539410699 -81.0044025262865,36.563724940556 -81.0064115277541,36.5639279387278 -81.0069215281374,36.5639809382674 -81.0074995285714,36.5640409377454 -81.0078585288389,36.5640779374204 -81.0085475293523,36.5641489367966 -81.0097105302347,36.5642709357491 -81.0110945312908,36.5644169345044 -81.0117525316938,36.5644729338772 -81.0120485318737,36.5644979335946 -81.0121555319089,36.5645029334818 -81.0122625319663,36.5645109333769 -81.0123415320019,36.5645159332971 -81.0124665320664,36.5645249331736 -81.0139175328406,36.5646329317496 -81.0143375330406,36.5646609313289 -81.0149035331865,36.5646819307179 -81.0162895335334,36.564731929218 -81.0168635336792,36.5647529285976 -81.0184805341035,36.5648139268544 -81.0187935342092,36.5648289265253 -81.0191175343073,36.5648429261807 -81.0196325344836,36.56486792564 -81.0237245358349,36.5650599213258 -81.025516536448,36.5651469194436 -81.0269195368607,36.5652059179459 -81.0276775370108,36.565227917111 -81.0280555370785,36.5652379166921 -81.0283715372062,36.565255916367 -81.0286415372387,36.5652609160622 -81.0288705372941,36.5652689158134 -81.0356665410281,36.5657899091671 -81.0361585413152,36.5658299086916 -81.0374715420758,36.5659359074205 -81.0382095424547,36.5659889066888 -81.0385095426564,36.5660169064081 -81.0388555428499,36.5660439060706 -81.0392015430434,36.5660709057331 -81.0395475432369,36.5660979053956 -81.0398945434304,36.5661249050569 -81.0402405436239,36.5661519047193 -81.0433555453653,36.5663949016791 -81.0444375460039,36.5664839006347 -81.0448495461962,36.566510900219 -81.0451565463535,36.5665328999142 -81.04578954652,36.5665568992303 -81.0468455467975,36.5665968980893 -81.0478245470395,36.566631897026 -81.0482525471725,36.5666508965707 -81.0486045472699,36.566664896192 -81.04895654736,36.5666778958107 -81.0493085474574,36.5666918954321 -81.0496605475474,36.5667048950508 -81.0500115476449,36.5667188946732 -81.0503635477349,36.5667318942919 -81.0507155478323,36.5667458939132 -81.0510675479223,36.5667588935319 -81.0514195480123,36.5667718931505 -81.0517715481097,36.5667858927717 -81.0521225481998,36.5667988923916 -81.0524745482972,36.5668128920128 -81.0528265483872,36.5668258916314 -81.0531785484846,36.5668398912526 -81.0535305485746,36.5668528908712 -81.053882548672,36.5668668904924 -81.0542305487473,36.5668778901105 -81.0545795488153,36.5668878897249 -81.0553125489726,36.5669108889201 -81.0585995496626,36.5670118853052 -81.0621815502,36.5670928812903 -81.0623245502197,36.5670958811294 -81.0690595506232,36.5671658733677 -81.0696115505845,36.5671618727066 -81.0734505507856,36.567197868272 -81.0747435508303,36.5672068667703 -81.0760815508742,36.5672158652155 -81.0778205509631,36.5672318632057 -81.0782165509564,36.5672318627388 -81.078523550966,36.5672338623819 -81.0795535510077,36.5672418611877 -81.0809675510283,36.5672478595356 -81.0822745510432,36.567252858007 -81.0830565511186,36.5672648571154 -81.0833985510539,36.5672568566918 -81.0840975510643,36.5672598558751 -81.0858615511158,36.5672708538229 -81.0862275511465,36.567275853404 -81.0865935511772,36.5672808529851 -81.0869595512079,36.5672858525662 -81.0873255512386,36.5672908521473 -81.0876925512766,36.5672968517298 -81.0880585513074,36.567301851311 -81.0884245513381,36.5673068508921 -81.0892785516405,36.5673498499943 -81.0975175546318,36.5677748413557 -81.0992855554561,36.5678908395639 -81.1004765559293,36.5679578383284 -81.1019165566117,36.5680538368723 -81.1022665567457,36.5680728365074 -81.1032845571628,36.5681318354554 -81.1037905573898,36.5681638349392 -81.1038925574322,36.568169834834 -81.1053725580918,36.5682628333225 -81.1080805592897,36.5684318305532 -81.1103215600833,36.5685448281929 -81.1109085603014,36.5685758275782 -81.1192835635653,36.5690388188549 -81.1201425639037,36.569086817961 -81.1227595642192,36.5691358149931 -81.1278765646755,36.5692098091345 -81.1295435648013,36.5692308072179 -81.135213565233,36.5693028007 -81.1360645652846,36.5693117997172 -81.1377975654826,36.5693427977473 -81.1384175656484,36.5693667970747 -81.1391425658712,36.5693987962981 -81.1395505660038,36.5694177958634 -81.1398755660938,36.5694307955119 -81.1410855664773,36.5694857942194 -81.1433795672023,36.5695897917679 -81.1463505681285,36.5697227885881 -81.1464005681497,36.5697257885365 -81.1465125681845,36.5697307884166 -81.1466185682194,36.5697357883037 -81.1485425688182,36.5698217862437 -81.1499335692865,36.5698887847661 -81.1501665693559,36.5698987845156 -81.1501875693703,36.5699007844957 -81.150790569595,36.5699327838625 -81.15088956963,36.5699377837579 -81.1509855696578,36.5699417836543 -81.1513365697472,36.5699547832717 -81.1516875698954,36.5699757829089 -81.1520475700435,36.5699967825356 -81.1524295701986,36.5700187821386 -81.15266557029,36.5700317818919 -81.1531795704721,36.5700577813488 -81.1535815706415,36.5700817809331 -81.1538115707037,36.5700907806835 -81.1568985718182,36.570249777428 -81.1574725720213,36.5702787768212 -81.1575205720205,36.5702787767644 -81.1627695736626,36.5705147711415 -81.1630075737393,36.5705257708872 -81.1632345738087,36.5705357706434 -81.1634775738926,36.5705477703857 -81.1637955740046,36.5705637700491 -81.1639225740465,36.5705697699138 -81.1640725740879,36.5705757697512 -81.1643985742218,36.5705947694126 -81.1681035754422,36.5707697654623 -81.1689915757424,36.5708127645179 -81.1700155760843,36.5708617634273 -81.1706785763077,36.5708937627218 -81.1710435766759,36.5709447624156 -81.171709577472,36.5710547618986 -81.1769315834603,36.5718827577541 -81.1791665836773,36.5719177551939 -81.1799035837669,36.5719317543556 -81.1840705842209,36.5720037495982 -81.184755584238,36.5720077487969 -81.1852085842593,36.5720117482703 -81.1899355847104,36.5720847428515 -81.1929345850456,36.5721377394295 -81.1951545852112,36.5721657368688 -81.1973275854217,36.5721997343783 -81.2013795858185,36.5722637297352 -81.2016425858285,36.5722657294286 -81.2019455858597,36.5722707290819 -81.2020695858648,36.5722717289374 -81.2025615859147,36.5722797283742 -81.2036685859975,36.5722937270971 -81.2038565860381,36.572299726889 -81.2039685860361,36.5722997267563 -81.2043705860802,36.5723067262972 -81.2048795861371,36.5723157257163 -81.20572058621,36.5723277247493 -81.2065135862838,36.5723397238392 -81.206836586322,36.5723457234712 -81.2069245863277,36.5723467233694 -81.2076365864323,36.5723627225648 -81.2102125866353,36.5723967195961 -81.212320586854,36.572431717184 -81.2141625870188,36.5724587150674 -81.2174895873255,36.5725087112472 -81.225669588087,36.5726327018557 -81.226722588156,36.5726447006371 -81.2353995885781,36.5727236905466 -81.241887590102,36.572947683395 -81.2422105901841,36.5729596830409 -81.2439935905767,36.5730176810665 -81.2490105918701,36.5732066755713 -81.2492275919394,36.5732166753379 -81.2498695921548,36.5732476746508 -81.250241588861,36.5732656743844 -81.2505525845976,36.5732816742223 -81.2526865553326,36.5733876730989 -81.252916552192,36.5734006729813 -81.255509516824,36.5735486716551 -81.2601604534996,36.5738126692562 -81.2614044365926,36.5738836686118 -81.2623734232741,36.5739196680649 -81.2627574179952,36.5739336678474 -81.2658353751704,36.5739816659564 -81.2660793718535,36.573994665827 -81.2671053574658,36.5739966651647 -81.2673583540238,36.5740096650293 -81.2701783148759,36.5740606633088 -81.2706563083406,36.5740806630419 -81.2716442946149,36.5740966624341 -81.2746142534556,36.5741546606271 -81.2774592140902,36.5742146589027 -81.2791641905097,36.5742506578679 -81.2807641683908,36.5742846568963 -81.2958099608448,36.5746146477336 -81.2989289182668,36.5747176458908 -81.3058698234979,36.5749316417409 -81.3074348019214,36.5749586407617 -81.3079607945364,36.5749556404098 -81.3085527862846,36.5749576400238 -81.3092117770517,36.5749556395863 -81.3174286618885,36.5749286341287 -81.3176166593193,36.5749336340139 -81.3233105795098,36.5749156302354 -81.3235785757512,36.5749146300573 -81.3241715674615,36.5749146296672 -81.3243555649015,36.5749156295478 -81.3280175132865,36.5748816270807 -81.3333724379169,36.5748426234947 -81.3336394341191,36.5748376233109 -81.3345064219303,36.5748326227329 -81.3348334173058,36.5748286225114 -81.3349614155286,36.5748296224289 -81.3354014093752,36.5748296221398 -81.3373063823687,36.5748016208426 -81.3382333694423,36.5748046202384 -81.3383263681678,36.5748066201806 -81.343492295349,36.574764616721 -81.343629293419,36.5747636166294 -81.3438362904963,36.5747616164904 -81.3439782884963,36.5747606163956 -81.3483502268664,36.5747266134734 -81.3483642266705,36.5747266134642 -81.3498532056844,36.5747156124705 -81.3516541803862,36.5747086112782 -81.3532561577019,36.5746896101991 -81.3539051483795,36.5746726097484 -81.3540321465738,36.5746706096621 -81.3541481449362,36.5746696095846 -81.3594060695945,36.5745486059645 -81.3604310549062,36.5745256052609 -81.3611140451072,36.5745096047914 -81.3614910397099,36.5745016045335 -81.3617970353214,36.5744946043234 -81.3619500331197,36.5744906042177 -81.3621390304137,36.5744866040885 -81.3628980198557,36.5744916035989 -81.3632780145772,36.5744946033545 -81.3641910023221,36.5745306028068 -81.3645939967673,36.5745366025513 -81.366578969463,36.5745696012967 -81.3690349359062,36.5746245997618 -81.3728318840307,36.5747075973814 -81.3742258650041,36.5747385965068 -81.3747698573156,36.5747335961433 -81.3763768353156,36.574764595128 -81.3794487932894,36.5748245931856 -81.3825217512734,36.5748845912393 -81.3836827354111,36.5749075905035 -81.3849097184196,36.5749175897083 -81.385046716553,36.5749205896217 -81.3853957117554,36.5749255893981 -81.3857447069579,36.5749305891743 -81.3860937021607,36.5749355889506 -81.3864566972819,36.5749475887259 -81.3868196923874,36.5749585885 -81.3871826875098,36.5749705882751 -81.3875456826164,36.574981588049 -81.3879086777398,36.574993587824 -81.3882706728778,36.5750055875996 -81.3885506691129,36.5750145874257 -81.3887576663191,36.5750205872963 -81.389306658928,36.5750375869543 -81.3893596582204,36.5750395869216 -81.3897226533467,36.5750515866962 -81.390085648457,36.5750625864697 -81.3904476435984,36.5750745862448 -81.3908516383689,36.5750995860071 -81.3912556331407,36.5751245857692 -81.391653627981,36.5751485855339 -81.3920626227022,36.5751745852934 -81.392411618046,36.5751875850777 -81.392760613407,36.5752015848631 -81.393119608629,36.5752155846417 -81.3935176033241,36.5752305843956 -81.3947815865379,36.5752815836171 -81.3974425511357,36.5753835819687 -81.3981635415557,36.5754115815216 -81.4019524912522,36.5755585791662 -81.4028164797134,36.575587578623 -81.4075244167184,36.5757355756454 -81.4099933837611,36.5758155740813 -81.4101353818735,36.5758205739916 -81.4275331499137,36.5763595628501 -81.4277631469859,36.5763735627073 -81.4348940521613,36.5765885580873 -81.440426978629,36.5767505544805 -81.4427019484766,36.5768195529946 -81.443042943952,36.5768295527714 -81.4438449346639,36.5769205522921 -81.4441849307376,36.5769595520888 -81.4445659263259,36.5770025518603 -81.4446899247901,36.5770115517825 -81.4457529116281,36.5770885511146 -81.445946909226,36.5771025509925 -81.4542228071868,36.5777045457427 -81.4577547638603,36.5779625434762 -81.4584067556943,36.5780015430513 -81.4586277529016,36.5780135429065 -81.4600127348337,36.5780615419834 -81.4623347046369,36.5781455404349 -81.4630236956831,36.5781705399749 -81.4638986843209,36.5782025393903 -81.4695386107965,36.5783915356025 -81.4734285601591,36.5785215329789 -81.4735985579547,36.5785275328642 -81.4783514961805,36.5786865296461 -81.4850864088093,36.5789115250632 -81.4854284043682,36.5789225248297 -81.4861113955241,36.5789455243634 -81.4866293888078,36.5789625240094 -81.4867953866683,36.5789685238961 -81.4878203733908,36.5790025231952 -81.4888453601179,36.5790365224937 -81.4891873557053,36.5790485222597 -81.489511351517,36.5790595220378 -81.4895293512703,36.5790595220253 -81.4896853487634,36.5790435219125 -81.4899033459593,36.5790515217634 -81.4903843398733,36.5790735214354 -81.4914623261855,36.5791205206991 -81.4924803132566,36.5791645200028 -81.4938782955014,36.5792245190453 -81.494926282199,36.5792695183265 -81.4956252733296,36.5792995178466 -81.4963262650223,36.5793545173704 -81.4966712609811,36.5793835171363 -81.4970392566264,36.5794125168859 -81.4971602551823,36.5794215168034 -81.4980792443047,36.579493516177 -81.4998312236327,36.57963251498 -81.5001892244426,36.5796375145043 -81.5012602409431,36.5796505125082 -81.5020452538953,36.5796965110504 -81.5032232733215,36.5797655088603 -81.5040172865372,36.5798175073832 -81.5047582989698,36.5798705060039 -81.5055203117372,36.579924504584 -81.5062823245219,36.5799795031628 -81.5065643292435,36.5799995026364 -81.5066633309004,36.5800065024516 -81.507006336379,36.5800195018103 -81.507348341842,36.5800325011707 -81.5074173429296,36.5800345010416 -81.5075313447659,36.5800395008284 -81.5159064782147,36.580352485116 -81.516248483661,36.5803654844724 -81.5169334945669,36.5803914831829 -81.5172754999889,36.580403482539 -81.5176175054328,36.5804164818948 -81.517960510891,36.5804294812485 -81.5180895129461,36.5804344810054 -81.5181695141511,36.5804344808551 -81.5183025163336,36.580442480604 -81.5184685189681,36.5804484802912 -81.5185165197135,36.5804494802008 -81.5189505266299,36.5804664793825 -81.5193295326501,36.5804804786678 -81.5196715380902,36.5804934780227 -81.5200135435295,36.5805064773774 -81.5203425487503,36.5805184767566 -81.520753555516,36.580544475979 -81.521251563745,36.580577475036 -81.5214535670736,36.5805904746533 -81.5217925727959,36.5806184740098 -81.5221325785097,36.5806454733643 -81.5224715842292,36.5806734727202 -81.5227905895803,36.580698472114 -81.5328327579549,36.5815094528809 -81.5342157810582,36.5816214502097 -81.5353538000275,36.5817124480082 -81.5356928056943,36.5817404473514 -81.5360318113385,36.5817674466946 -81.5362598151306,36.5817854462528 -81.5364718186615,36.5818024458417 -81.5375478366108,36.5818904437525 -81.537773840369,36.5819084433136 -81.5380658452184,36.5819314427463 -81.5384048508534,36.5819584420872 -81.5390838621552,36.5820134407658 -81.5394228677862,36.5820404401059 -81.5397618734367,36.5820684394451 -81.5400078775088,36.582087438966 -81.5410258944435,36.5821704369795 -81.5430679282627,36.5823314329891 -81.547904008404,36.5827244234854 -81.5487570226058,36.5827984217992 -81.5491070282819,36.5828214211116 -81.5512890642948,36.5829974167954 -81.5523250813628,36.5830804147419 -81.5536621033891,36.5831884120866 -81.5553571312652,36.5833244087138 -81.556713153546,36.5834334060097 -81.5577301702475,36.583515403978 -81.5584401818955,36.583572402558 -81.5587471869371,36.5835974019433 -81.5590871925059,36.5836244012629 -81.5594291981614,36.5836544005756 -81.5596652020495,36.5836744001018 -81.5634912647349,36.5839853924092 -81.5638332702,36.5840063917258 -81.5655282978764,36.5841423883048 -81.568919353163,36.5844153814359 -81.5709533862471,36.5845783773011 -81.5733264248002,36.5847693724616 -81.575022452305,36.5849053689937 -81.5767174797619,36.5850413655198 -81.5775824937537,36.5851103637443 -81.5829315801439,36.5855403527148 -81.5832875858885,36.5855693519774 -81.5863136345967,36.5858123456998 -81.5865506384065,36.5858313452071 -81.5875676547385,36.5859123430917 -81.5889966776872,36.5860273401129 -81.5899406928346,36.586103338142 -81.5909577091269,36.586184336017 -81.5923147308631,36.5862933331758 -81.5932857464033,36.5863713311397 -81.5943487633969,36.5864563289082 -81.5953657796544,36.5865383267693 -81.596382795883,36.586619324629 -81.5967448016595,36.5866483238662 -81.5984178283359,36.5867823203363 -81.5997738499404,36.5868913174689 -81.600112855334,36.5869183167516 -81.6004518607264,36.586945316034 -81.6011338708923,36.5869583146545 -81.6042049166605,36.5870173084376 -81.605910942078,36.5870503049809 -81.6062919477474,36.5870573042093 -81.6067299542638,36.5870653033222 -81.6076709682429,36.5870813014179 -81.6081849759137,36.5870923003737 -81.608640982738,36.587103299445 -81.611370023347,36.5871552939079 -81.6137590588871,36.5872012890556 -81.6154640842293,36.5872332855918 -81.616829104518,36.5872592828167 -81.6174571138511,36.5872712815394 -81.6175121146677,36.5872722814276 -81.6176471166803,36.5872752811523 -81.6179021204715,36.5872802806333 -81.6181941248016,36.5872852800403 -81.6185541299098,36.5872762793376 -81.619511144079,36.5872912773965 -81.6202571550973,36.5873012758863 -81.6219601802786,36.5873262724334 -81.6233652010396,36.5873462695849 -81.6243442155192,36.5873612675974 -81.6250352257293,36.5873712661954 -81.6275932635023,36.5874072610054 -81.6318553264511,36.5874702523446 -81.6452915245834,36.5876642249911 -81.6478445621771,36.5877002197854 -81.6485995733488,36.5877152182348 -81.6491605816728,36.587728217078 -81.6497845909374,36.5877432157896 -81.6505246017837,36.5877502142876 -81.6508876071113,36.5877542135494 -81.6512066117863,36.5877572129018 -81.6515486167955,36.587760212208 -81.6518896218028,36.5877642115138 -81.6522316268116,36.58776721082 -81.6525726318058,36.5877702101281 -81.652914636827,36.5877742094317 -81.6532556418209,36.5877772087398 -81.6535966468146,36.5877802080478 -81.6539386518353,36.5877842073513 -81.6542796568287,36.5877872066593 -81.6546216618365,36.5877902059652 -81.6549626668421,36.5877942052705 -81.6553036718351,36.5877972045784 -81.6556456768424,36.5878002038842 -81.6559866818475,36.5878042031894 -81.6563286868544,36.5878072024951 -81.6566696918468,36.5878102018028 -81.6570116968658,36.5878142011059 -81.6573527018578,36.5878172004135 -81.6576937068497,36.5878201997211 -81.6580357118682,36.5878241990241 -81.6583767168597,36.5878271983316 -81.6587187218656,36.587830197637 -81.6590597268691,36.5878341969419 -81.6594007318602,36.5878371962493 -81.6600837418929,36.5878461948541 -81.6604247469077,36.5878511941562 -81.6607667519489,36.5878571934536 -81.6611077569753,36.5878631927528 -81.6614487619894,36.5878681920547 -81.6617897670152,36.5878741913539 -81.6619247690003,36.5878761910774 -81.6621317720553,36.587880190651 -81.6624727770685,36.5878851899527 -81.6628137820935,36.5878911892516 -81.6631547871182,36.5878971885505 -81.6634967921452,36.58790218785 -81.6638377971693,36.5879081871488 -81.6641788021931,36.5879141864474 -81.6645198072048,36.5879191857487 -81.6648618122426,36.5879251850453 -81.6652028172655,36.5879311843438 -81.6655438222764,36.5879361836449 -81.6657508253295,36.587940183218 -81.6692978775156,36.587999175925 -81.6774879978844,36.5881341590613 -81.6775149980251,36.5881111590736 -81.6778349997389,36.5878421592116 -81.6781330010908,36.5875681594112 -81.6784700026105,36.5872561596466 -81.6787280037935,36.5870181598267 -81.6788400040861,36.5868941599661 -81.6788910042142,36.5868371600313 -81.6790070040604,36.586666160301 -81.6792390051098,36.5864491604761 -81.6794700061517,36.5862321606549 -81.6796210070073,36.5861061607261 -81.6800090095698,36.5858151608157 -81.6800490096096,36.585764160887 -81.6800910095933,36.585705160978 -81.680118009046,36.5856171611842 -81.6800910069976,36.5854631616912 -81.6800090042575,36.5853201622737 -81.6799340019731,36.5852101627449 -81.6798179986754,36.585062163408 -81.6794979899345,36.5846881651336 -81.6792859834308,36.5843751664658 -81.679177979698,36.5841771672565 -81.6790409742904,36.5838641684396 -81.6789799718414,36.5837211689766 -81.6788849689407,36.5835831695643 -81.6788099662918,36.5834411701247 -81.6787069616665,36.5831551711596 -81.6786529583079,36.5829191719533 -81.6786189555379,36.5827101726292 -81.67855795218,36.5824841734063 -81.6784959497158,36.5823421739396 -81.6784419474133,36.5822041744456 -81.6783839454079,36.5820991748627 -81.6783259437163,36.582023175195 -81.678222940982,36.581913175712 -81.6780529373087,36.5818091763387 -81.6778899335526,36.581688177001 -81.6776719290242,36.5815721777524 -81.6773799232192,36.5814411786869 -81.6773519226684,36.5814291787748 -81.6771199179324,36.5813141795479 -81.6769969148284,36.5811991801137 -81.6769769136741,36.5811211803772 -81.6770379131559,36.5809901806409 -81.6771069132843,36.5809071807508 -81.6772969143476,36.5807431808674 -81.6775429157346,36.5805311810191 -81.6778209173173,36.5802921811909 -81.6780459184361,36.5800831813771 -81.6782239190365,36.5798911816032 -81.6784219195862,36.5796661818894 -81.6784889192221,36.5795391821351 -81.6786189191089,36.5793471824537 -81.6787479198065,36.5792311825528 -81.6788639206122,36.5791431825946 -81.6789939213398,36.5790281826899 -81.6791229216873,36.5788791828872 -81.6791839214367,36.5787701830937 -81.6792119207289,36.5786651833496 -81.6792119194881,36.5785501836868 -81.679197917851,36.5784181840996 -81.6791779165432,36.5783251844091 -81.679109913306,36.5781211851321 -81.6790759107147,36.5779291857571 -81.6790209078562,36.5777421864057 -81.6789529046246,36.5775391871245 -81.6788709023018,36.5774401875641 -81.6787688991959,36.5772971881687 -81.6786118938166,36.5770221892585 -81.6784688888842,36.5767691902573 -81.6783188835461,36.5764891913461 -81.6781758784833,36.5762251923743 -81.6780088726652,36.5759261935463 -81.6778698675653,36.5756541945877 -81.6777058613876,36.5753191958556 -81.6775698564093,36.5750551968656 -81.6774748524202,36.5748241977055 -81.6774038495967,36.5746661982902 -81.6773928491753,36.5746431983765 -81.6773448466844,36.5744831989258 -81.6773038445522,36.5743461993957 -81.6773178427807,36.5741641998984 -81.6773648409977,36.5739342004821 -81.677416839818,36.5737522009181 -81.6774828390322,36.5735862012834 -81.6775218385805,36.5734892014962 -81.6775898375993,36.5733022019196 -81.6776108371412,36.5732302020918 -81.6775628348988,36.5730932025737 -81.677453832064,36.5729892030664 -81.6772558268111,36.5727912039866 -81.6771478235607,36.5726482045893 -81.6770798209334,36.5725052051219 -81.677010818289,36.5723622056558 -81.6769968166247,36.572230206062 -81.6769838149211,36.5720932064809 -81.6770178136473,36.5719282068994 -81.6770928128424,36.5717472072935 -81.6771678116676,36.5715322077865 -81.6771968114451,36.5714702079161 -81.6772228113068,36.5714202080161 -81.6772208111661,36.5714102080485 -81.6771608082546,36.5712302086731 -81.6770588050307,36.5710822092769 -81.6770108031915,36.5709832096457 -81.6769968020622,36.5709002099099 -81.6770108014397,36.5708232101087 -81.6770448011983,36.5707522102559 -81.6771478014981,36.57063121043 -81.6773038024501,36.5704932105634 -81.6776648055737,36.5702572106329 -81.6779788082057,36.570043210721 -81.6783328113611,36.5698182107758 -81.678656814161,36.5696032108549 -81.6786868144089,36.5695822108656 -81.6787588150302,36.5695342108842 -81.6788708160158,36.5694612109085 -81.6790148170455,36.569345211005 -81.6792388188294,36.569181211108 -81.6794978209808,36.5689992112064 -81.6797358228157,36.5688182113387 -81.6797498229738,36.5688122113328 -81.6798998245963,36.5687412112903 -81.6800698265279,36.5686692112174 -81.6806018342868,36.5686032105215 -81.680996840051,36.5685542100055 -81.6813168447302,36.568515209586 -81.6815618485779,36.5685102091912 -81.6818748536781,36.568521208635 -81.6822468598862,36.5685482079324 -81.6826178660875,36.568576207228 -81.6830608730864,36.5685712065017 -81.6834908798681,36.5685652058003 -81.6838858860931,36.5685592051575 -81.6839788874794,36.568550205029 -81.6841988907418,36.5685272047304 -81.6842208910295,36.5685212047118 -81.6843688929899,36.5684832045791 -81.6847778982459,36.5683622042618 -81.6853629057456,36.5681862038199 -81.6856979100035,36.5680812035813 -81.6860039141539,36.5680102032885 -81.686255917836,36.5679772029701 -81.6864539211605,36.5679932025919 -81.6868079270969,36.5680212019174 -81.6871079325075,36.5680822012311 -81.6874549392666,36.5682022002844 -81.6877279444131,36.5682801995892 -81.6881229518758,36.5683951985753 -81.6884379575924,36.5684641978359 -81.6885719600198,36.5684931975221 -81.688797964184,36.5685491969708 -81.6890829696078,36.568637196221 -81.689443976237,36.5687251953429 -81.6897169807902,36.5687461948199 -81.6898939836053,36.5687461945232 -81.6900029852289,36.5687351943749 -81.6901259870252,36.5687191942187 -81.6902689885805,36.5686471942039 -81.6904529903108,36.5685271942711 -81.6906569918548,36.5683561944653 -81.6908959934247,36.5681311947717 -81.691081994484,36.5679391950644 -81.6912839954667,36.5677131954387 -81.691413995909,36.5675481957419 -81.6915969953023,36.5671911965624 -81.6917679952736,36.5669111971625 -81.6918489945574,36.5667071976722 -81.6919039934357,36.5665041982219 -81.6919179921993,36.5663561986656 -81.691910990191,36.5661641992823 -81.6918759873956,36.5659382000518 -81.6918479864013,36.5658832002707 -81.6918309857915,36.5658492004055 -81.6917949845196,36.5657792006846 -81.6917849842003,36.5657632007512 -81.6916999814654,36.5656252013238 -81.6916919812572,36.565617201362 -81.6915019760334,36.5653992023559 -81.691343972114,36.5652612030452 -81.691283970609,36.5652072033118 -81.6911609670427,36.5650482040096 -81.6911279659232,36.564989204248 -81.6910649637913,36.5648772047009 -81.6910489627276,36.5647962049808 -81.6910389620688,36.5647462051538 -81.6910449605265,36.5645812056618 -81.6910719589473,36.5643782062555 -81.6911069571114,36.5641362069591 -81.6911749560316,36.5639162075413 -81.6911809544416,36.5637462080655 -81.6911809531809,36.5636192084643 -81.6911269511004,36.5634982089298 -81.6910539486797,36.5633742094346 -81.6910039470202,36.5632892097804 -81.6908069413509,36.5630422108658 -81.6906559371433,36.5628672116518 -81.6905489339801,36.5627252122646 -81.6905009325673,36.5626622125371 -81.6904729317405,36.5626252126967 -81.6903159264271,36.5623502138025 -81.6901319211553,36.562124214796 -81.6899519165439,36.5619582155946 -81.6898309133573,36.5618382161572 -81.68977691193,36.5617842164094 -81.6896409078718,36.5616022171875 -81.6895709055072,36.5614812176727 -81.6895459046645,36.5614382178452 -81.6895389033341,36.5613172182325 -81.6895389021688,36.5612012185934 -81.6896139018062,36.5610422189725 -81.6897369013533,36.5607952195521 -81.6898799005732,36.5604822203079 -81.6900298988042,36.5600582214009 -81.6901798974943,36.5596792223556 -81.6902808960394,36.5593662231801 -81.6904448937689,36.5588662244955 -81.6904518936357,36.5588412245632 -81.6905198925016,36.5586142251711 -81.6905328922691,36.5585692252924 -81.6905598903052,36.5583272260091 -81.6905558889722,36.5582002264125 -81.6905538883505,36.5581412266 -81.6904988856779,36.5579652272326 -81.6904798849619,36.557925227386 -81.6903968818299,36.5577502280566 -81.6903158789391,36.5575962286581 -81.6902948775492,36.5574922290142 -81.6903008766604,36.5573932293147 -81.690375876437,36.5572452296664 -81.6905328767105,36.557009230173 -81.6906758767945,36.556777230689 -81.6907578759291,36.5565522312734 -81.6908668749727,36.5562722319915 -81.690934873331,36.5559922327702 -81.6909548709331,36.5557172336035 -81.6909958683435,36.5553872345792 -81.6910028652511,36.5550642355823 -81.6910098615925,36.5546842367643 -81.6909958584532,36.5543922377002 -81.690961855153,36.554118238608 -81.6909068505002,36.5537442398587 -81.6907978448163,36.5533592412193 -81.690668838905,36.5529862425689 -81.690528833198,36.552653243807 -81.6903888274942,36.5523212450403 -81.6902048198911,36.551875246689 -81.6901778183889,36.5517712470511 -81.6902188182116,36.5516832472693 -81.6902938183478,36.5515682475251 -81.6904088193809,36.5514742476606 -81.6905728216551,36.551420247604 -81.6907638247623,36.5514032473947 -81.6910018287359,36.5513922471021 -81.691253833218,36.5514082467055 -81.6916218396399,36.551419246165 -81.6919358450263,36.5514192457334 -81.692221849824,36.5514082453749 -81.692541854832,36.5513592450901 -81.6928348591043,36.5512822449316 -81.6930318619469,36.5512272448357 -81.6931748637563,36.5511612448491 -81.6932768648138,36.5510902449348 -81.6933098650093,36.5510522450104 -81.6933588653041,36.5509962451213 -81.6933738652688,36.5509662451962 -81.6934268651837,36.550864245448 -81.6934338650599,36.5508392455179 -81.693501863848,36.5505952462011 -81.6936248626988,36.5502602470999 -81.6937868618587,36.5498872480685 -81.6938488613132,36.5497212485139 -81.6939378613624,36.5495682488819 -81.6940128612104,36.5494192492564 -81.6940528607262,36.5492982495888 -81.6940668599578,36.5491942499018 -81.6940538581776,36.5490342504296 -81.6939608525201,36.5486182518799 -81.6938278471449,36.5483032530598 -81.6937808450522,36.5481722535392 -81.6937678436476,36.5480512539417 -81.6937878432457,36.5479742541606 -81.6938958439477,36.5478532544043 -81.6940458451694,36.5477102546635 -81.6941958468214,36.547611254783 -81.6942308472567,36.5475932547947 -81.6943158483017,36.5475482548273 -81.6943528487625,36.5475292548396 -81.6945098506957,36.5474462548998 -81.6946528524446,36.5473692549595 -81.6947548534796,36.5472922550731 -81.6949038546505,36.5471442553532 -81.6951628565705,36.5468742558829 -81.6953468575635,36.5466432563866 -81.6956258592274,36.546308257104 -81.695893860731,36.5459752578323 -81.6959388609839,36.5459192579551 -81.6960958618919,36.5457262583768 -81.696230863173,36.5456122585726 -81.6964638653678,36.5454132589189 -81.6967158681229,36.5452372591684 -81.6969008699612,36.5450882594167 -81.6970588713752,36.5449442596837 -81.6971048717488,36.5448982597749 -81.6972058725227,36.5447922599914 -81.6972508729176,36.5447502600711 -81.6973078734296,36.5446982601681 -81.6973338735752,36.5446652602426 -81.6973568737155,36.5446372603046 -81.6974438742176,36.5445282605494 -81.697593874944,36.5443252610212 -81.6977508753731,36.5440772616318 -81.6978528752593,36.5438742621656 -81.6979478747131,36.5436382628163 -81.6980358737252,36.5433682635872 -81.6982128724181,36.5428962649085 -81.6983288725593,36.5426922654321 -81.6984578731515,36.5425112658656 -81.6985948740399,36.5423462662378 -81.6988398760874,36.5420992667482 -81.6990238771488,36.5418622673016 -81.6990718767793,36.5417312676729 -81.6991528744191,36.5413242689096 -81.6992688740828,36.5410662696169 -81.6994338746941,36.540815270244 -81.6995998753293,36.5405642708713 -81.6997658759705,36.5403132715 -81.6998468757319,36.5401312720033 -81.6999968744969,36.5397082732196 -81.7000278715065,36.5393262744415 -81.7000588685178,36.5389442756639 -81.7000718638031,36.5384112774049 -81.7000648622464,36.5382572779203 -81.7000308600518,36.5380872785192 -81.6998948540919,36.5377112799122 -81.6997588481153,36.5373342813068 -81.6997238458499,36.5371592819218 -81.6997238443602,36.536999282448 -81.699737843386,36.5368672828664 -81.6997438433556,36.536852282909 -81.6997928430564,36.5367242832751 -81.6998798443713,36.5366952832732 -81.7002898505883,36.5365602832599 -81.7003238510967,36.5365482832615 -81.7004628534543,36.5365292831691 -81.7009068609661,36.5364662828823 -81.7010248629608,36.536449282807 -81.7011148645557,36.5364442827233 -81.7011788656951,36.5364412826619 -81.7015618725043,36.5364222822983 -81.701594873106,36.5364222822616 -81.7019978804549,36.5364222818127 -81.7024168880954,36.536422281346 -81.7027948951338,36.5364382808715 -81.7031569018886,36.5364552804113 -81.7035399092333,36.5364952798503 -81.7039229165757,36.5365352792888 -81.7043069239341,36.5365752787256 -81.7046549302761,36.5365752783371 -81.7049799354756,36.536494278248 -81.7050439364994,36.5364782782307 -81.7053049406876,36.5364142781565 -81.7056709463405,36.5362992781389 -81.7060369520083,36.5361852781195 -81.7063159566589,36.5361352779801 -81.7065609608318,36.5361012778243 -81.7070039686919,36.5360752774221 -81.7075959798342,36.5361132766362 -81.7078759839868,36.5360032767031 -81.7079579848133,36.5359262768767 -81.7080189850653,36.5358272771491 -81.7080729848069,36.5356842775806 -81.7080929835966,36.5355032781802 -81.7080879828433,36.5354272784466 -81.7080729804524,36.5351842792975 -81.7080599773399,36.5348542804448 -81.7080449729966,36.5343872820645 -81.7080319696998,36.5340362832835 -81.7080589678451,36.5337662841816 -81.7080829672249,36.533644284575 -81.7081099664167,36.5334942850614 -81.7081339657278,36.5333642854823 -81.7081609649904,36.5332222859416 -81.7082429638781,36.5329202868927 -81.7082829629919,36.5327332874934 -81.7082969622947,36.5326232878569 -81.7083309619681,36.5325132881995 -81.7083519618877,36.5324592883632 -81.7083989617073,36.5323382887303 -81.7084399612688,36.5322002891622 -81.7084399601748,36.5320742895957 -81.7084189576316,36.5318262904706 -81.7083709544035,36.5315572914453 -81.7082479475779,36.531035293366 -81.7081939442319,36.5307662943453 -81.7081389415266,36.5305732950641 -81.7080579382995,36.5303762958225 -81.7080349374868,36.5303322959968 -81.7079009328215,36.5300842969827 -81.7076759255925,36.5297382983942 -81.7075869222916,36.5295512991235 -81.7074979186557,36.5293262999823 -81.7074239148168,36.5290463010139 -81.7073689111392,36.5287443021015 -81.707334907898,36.5284473031508 -81.707307905462,36.5282273039297 -81.707316904869,36.5281403042186 -81.7073279041999,36.5280403045499 -81.7073339020961,36.5277873054097 -81.7073479005816,36.5275843060907 -81.7073958998497,36.5273973066845 -81.7074508987788,36.5271563074568 -81.7074838982474,36.5270243078773 -81.7074978979871,36.5269643080695 -81.7075318972307,36.5268043085851 -81.7075318959797,36.5266613090748 -81.7075118938248,36.5264583097887 -81.7074908922191,36.526320310281 -81.7075318912208,36.5261173109376 -81.7076608906192,36.525768312013 -81.707789890024,36.5254193130899 -81.7079188885023,36.5249633145356 -81.7079628880684,36.5248173149964 -81.7080278874175,36.5246003156821 -81.7080468871617,36.5245293159086 -81.7080818866804,36.5243973163302 -81.7080948847345,36.5241453171838 -81.7080958844576,36.5241113172997 -81.707720875033,36.5238533185214 -81.7071898622197,36.5235513200291 -81.7067068508325,36.5233093212841 -81.7063968433589,36.5231363221477 -81.7060868358777,36.5229633230093 -81.7057708283709,36.5228013238371 -81.7054538208377,36.5226393246639 -81.705136813297,36.522477325489 -81.7048208057592,36.5223143263148 -81.7044527971494,36.5221443272073 -81.7040167866258,36.5219083283784 -81.7035877761681,36.5216663295599 -81.7033017689105,36.5214743304484 -81.7031857657278,36.5213703308957 -81.7030977633748,36.5212983312117 -81.7029677594101,36.5211383318575 -81.7028787553547,36.5208813327922 -81.7028177517748,36.520617333726 -81.7027497482023,36.5203693346117 -81.7027027459446,36.5202213351453 -81.7026207428063,36.5200513357811 -81.7024907384235,36.5198473365696 -81.7024177358746,36.5197233370434 -81.7022257291658,36.5193973382878 -81.7021097247971,36.5191663391519 -81.7019797196026,36.518875340226 -81.7018437147893,36.5186393411208 -81.7017327110005,36.5184623417983 -81.7016737089495,36.5183643421712 -81.7015777054037,36.5181823428524 -81.7015367032986,36.5180403433564 -81.7015367018848,36.5178863438678 -81.7015577007814,36.517721344399 -81.7015917000799,36.5175723448671 -81.7017006983833,36.5171543461704 -81.7017206971716,36.5169793467364 -81.7016866950369,36.5168193472944 -81.7016246922132,36.5166443479236 -81.701543688849,36.5164513486268 -81.701468686161,36.5163193491224 -81.7013726829108,36.5161713496866 -81.7012506791463,36.5160233502702 -81.7010426731767,36.5158203511002 -81.7009446703587,36.515724351492 -81.7008516676565,36.5156303518731 -81.700780665415,36.5155393522274 -81.7007196631945,36.5154293526368 -81.7006516592633,36.515149353613 -81.7005966573622,36.5150613539447 -81.7004606533952,36.5149233545012 -81.7002966496963,36.5148743547841 -81.7002636479677,36.5147583551911 -81.7002216460232,36.5146383556177 -81.700221645309,36.5145613558716 -81.7002286443255,36.5144403562654 -81.7002346432666,36.5143133566798 -81.7002356431381,36.5142973567318 -81.7002626423012,36.5141493572002 -81.7002626413277,36.5140443575465 -81.7002356398737,36.5139453578925 -81.7003036401115,36.5138253582392 -81.7003586398236,36.5136763586912 -81.7003646385253,36.5135233591918 -81.7003376372656,36.5134453594684 -81.7001266303675,36.5131543605781 -81.6999356246772,36.5129513613819 -81.699662616312,36.5126373626067 -81.6994936114574,36.5124783632472 -81.6994316083254,36.512275363957 -81.6993836050514,36.5120273648044 -81.6993226018424,36.5118143655454 -81.699295600013,36.5116763660168 -81.6992615973794,36.5114673667256 -81.6992955965192,36.5113023672439 -81.699336596622,36.5112253674688 -81.6992675943134,36.5111263678402 -81.6991865902765,36.5108683687408 -81.6990775863943,36.510687369407 -81.6989685830713,36.5105663698759 -81.6988255790158,36.5104403703832 -81.698512569207,36.5100663718123 -81.6984175659492,36.5099233723416 -81.6983415624513,36.5097143730735 -81.6983335619512,36.5096783731962 -81.6983075603163,36.5095603735982 -81.6982935586877,36.509417374074 -81.6983005571628,36.5092403746472 -81.6983075558734,36.5090883751388 -81.698307554838,36.5089783754978 -81.6982805529929,36.5088403759654 -81.6982465512788,36.5087313763426 -81.698185549112,36.508632376704 -81.6981035464625,36.508527377098 -81.6979815428035,36.5084013775853 -81.6979735419431,36.5083273778314 -81.6979665411501,36.5082583780606 -81.6979535392726,36.5080873786257 -81.6979405368379,36.507857379383 -81.6979465340997,36.5075543803664 -81.6979745338947,36.5074723806165 -81.698069534326,36.5073133810768 -81.6980745334281,36.5072073814193 -81.6980755332033,36.5071813815035 -81.6981935333615,36.5069433822084 -81.6983315335079,36.5066603830493 -81.6984025336475,36.5065213834609 -81.698395532677,36.5064333837525 -81.6981235262994,36.5063453842004 -81.6974765124258,36.5062743848131 -81.697340509233,36.5062303850361 -81.6972515069988,36.5061863852313 -81.6971835049935,36.5061213854821 -81.6971295030455,36.5060323858025 -81.6970885011155,36.5059173861994 -81.6970614989958,36.5057523867501 -81.6970614976844,36.5056143871975 -81.6970544958211,36.5054333877884 -81.6970064931179,36.5052523884026 -81.6969724895497,36.5049503894008 -81.6969724884466,36.5048343897767 -81.6969894883295,36.5047853899259 -81.6970204880719,36.5046913902131 -81.6969924864609,36.5045823905821 -81.6970674865279,36.5044273910427 -81.6972244885571,36.5043013913642 -81.6976934954906,36.5040153920343 -81.6977394960493,36.5039743921425 -81.6978164969816,36.5039053923248 -81.6978634974483,36.5038523924716 -81.697898497791,36.5038123925828 -81.6978864971473,36.5037703927261 -81.6978594956941,36.5036753930501 -81.6978364944363,36.5035923933329 -81.6978094921131,36.5034053939563 -81.6977614892615,36.5032083946233 -81.6976384836965,36.5028883957299 -81.697596482195,36.50282139597 -81.6974894783933,36.5026533965726 -81.6974144753836,36.5024993971123 -81.6973934740583,36.5024053974286 -81.6973874726829,36.5022733978605 -81.6973914726614,36.5022623978942 -81.6974214722399,36.5021523982359 -81.697489472606,36.5020423985582 -81.6975774735485,36.5019493988152 -81.6977414760674,36.5018563990335 -81.6977874768224,36.5018353990783 -81.6980004803507,36.5017413992756 -81.6980884818077,36.5017023993578 -81.6984764885568,36.5015643996109 -81.6987344928309,36.5014493998562 -81.6988044936556,36.5013824000401 -81.6989454953559,36.501251400398 -81.6990344962965,36.5011544006712 -81.6991774981737,36.5010374009833 -81.6993065001359,36.5009604011717 -81.6993915016511,36.5009334012181 -81.6994705030326,36.5009054012709 -81.6995245031298,36.5007954016055 -81.6996485042934,36.5006434020439 -81.6997545052989,36.5005144024161 -81.6998045057725,36.5004534025923 -81.6998575062718,36.5003884027804 -81.6999325065607,36.500251403195 -81.6999395054332,36.5001144036426 -81.6999975063639,36.5000844037134 -81.7000875077952,36.5000364038282 -81.7002035108301,36.4996794033166 -81.7001705103547,36.4996104032057 -81.700124509689,36.4995154030531 -81.7000605086616,36.4994164029018 -81.7000175080444,36.4993264027569 -81.699979507504,36.4992454026262 -81.6999655074663,36.4991634024822 -81.6999795079954,36.499086402334 -81.7001745130916,36.4987474016176 -81.7002035138505,36.4986964015101 -81.7002165142463,36.4986554014285 -81.700237514897,36.4985854012899 -81.7002445151067,36.4985644012479 -81.7002515155895,36.4984544010424 -81.7002235152637,36.4983714009032 -81.7001625143343,36.498262400732 -81.7001475140849,36.4982424007024 -81.7001085134062,36.4982004006438 -81.6999895113329,36.498073400467 -81.6999215101537,36.4979994003634 -81.6998705092714,36.4979434002847 -81.6994955023697,36.4976683999574 -81.6991214955049,36.4973933996293 -81.6988624902601,36.4973603996916 -81.6986034848566,36.4973773998459 -81.6984534818099,36.4973613998877 -81.6983044789389,36.4972973998406 -81.6980114732883,36.4971743997532 -81.6977254680166,36.4969813995333 -81.6976094659652,36.4968773993966 -81.6974054625206,36.4966463990676 -81.6972424599074,36.49642139873 -81.6972274597542,36.4963743986504 -81.6971944594096,36.4962733984798 -81.6972014598812,36.496174398294 -81.6972084602998,36.4960913981377 -81.6972264608516,36.4960363980278 -81.6972404612815,36.4959933979419 -81.6972624619714,36.4959213977988 -81.6972354617278,36.4958273976382 -81.697214462094,36.4955863972038 -81.6971604622088,36.495217396549 -81.6971534631921,36.4948773959254 -81.6971534641132,36.4945993954129 -81.6971534650311,36.4943223949022 -81.6971094647068,36.4941493946038 -81.6970924645724,36.4940853944938 -81.6969964631799,36.4939153942253 -81.6968474608775,36.4936953938894 -81.696819460638,36.4935963937199 -81.6967854604406,36.4934483934628 -81.6967444598809,36.4933663933307 -81.6966434582528,36.4932393931437 -81.6966564587417,36.493172393014 -81.6966694592237,36.493107392888 -81.6966634594337,36.4930083927082 -81.6966154588616,36.4928883925092 -81.6964014559207,36.4924723918415 -81.6961344520062,36.4920313911518 -81.6960644510592,36.4918933909296 -81.6959574497509,36.491642390516 -81.6959464496174,36.4916163904731 -81.6959984508005,36.491577390377 -81.6961104533477,36.49149339017 -81.6962004554562,36.4914073899696 -81.6964044603222,36.4911853894654 -81.6967584685476,36.490860388702 -81.6969334727515,36.4906563882449 -81.6970314753982,36.4904533878253 -81.6971914791252,36.4902993874675 -81.6973744835112,36.4900843869868 -81.6974684861056,36.4898693865472 -81.6974764863746,36.4898363864827 -81.6974884866547,36.489824386455 -81.6975644884252,36.4897493862818 -81.6976604908215,36.4896053859723 -81.6976744911413,36.4895933859437 -81.6977804935691,36.4895003857236 -81.6978554956221,36.4893313853778 -81.6979064971669,36.4891703850578 -81.6979124975602,36.4890863849002 -81.6979214981957,36.4889463846382 -81.6979134986181,36.4887673843121 -81.6978794983558,36.4886393840919 -81.6978394978506,36.4885493839444 -81.6978024974874,36.4884343837495 -81.697702495957,36.4882923835336 -81.6975584939492,36.4880293831148 -81.6975174937535,36.4878403827852 -81.6975364949918,36.4875783822937 -81.6976634983087,36.4873363817898 -81.6976744994598,36.4870513812596 -81.6977225017031,36.48665638051 -81.6977185017449,36.4866193804436 -81.6977205020329,36.4865433803026 -81.6977225023111,36.4864703801672 -81.6976765018784,36.4863243799191 -81.6976225012067,36.4862033797206 -81.6975815010061,36.4860173793964 -81.6975205007173,36.4857383789099 -81.6974735004836,36.4855273785423 -81.6974585004148,36.4854583784219 -81.6973654996102,36.4851463778888 -81.6973224992388,36.4850023776428 -81.6973054992972,36.4848833774311 -81.6972674994289,36.4846173769579 -81.6972534996993,36.48445237666 -81.6972555003104,36.4842793763402 -81.6973015020912,36.4840133758292 -81.6973285033991,36.483777375382 -81.6973465042166,36.483636375114 -81.6973495046809,36.4835133748859 -81.6973215044963,36.4834033746957 -81.6972945042426,36.4833203745548 -81.6972475037769,36.4831833743233 -81.6971725026763,36.4830733741541 -81.69705650083,36.4829473739737 -81.6969674994227,36.4828483738309 -81.6968854981534,36.482749373685 -81.696831497431,36.4826503735266 -81.696804497162,36.4825733733966 -81.6967974973565,36.4824743732171 -81.6967774974818,36.482320372942 -81.6967504979297,36.4820293724173 -81.6967094976651,36.4818703721423 -81.6966954977984,36.4817493719254 -81.6966684977165,36.4816173716939 -81.6965934966839,36.4814913714948 -81.696471494893,36.4813203712335 -81.696323492666,36.4811303709487 -81.6962804920259,36.4810733708626 -81.6962124911934,36.4809303706288 -81.6961444903252,36.4807983704154 -81.6960694893401,36.4806613701957 -81.6960384889176,36.4806093701135 -81.6960014884204,36.4805453700117 -81.6959464877325,36.480435369833 -81.6959194877158,36.4802873695717 -81.6959404887587,36.4801003692172 -81.6959874902818,36.4799193688624 -81.6960554921705,36.4797493685185 -81.6960964934086,36.4796173682568 -81.6960894935559,36.4795343681067 -81.6960684935053,36.479430367924 -81.6960084928957,36.4792703676551 -81.6959804930285,36.4790733673038 -81.6959874935376,36.4789633670977 -81.6960014941434,36.4788643669087 -81.6960284949066,36.478792366764 -81.6960964965068,36.4787053665735 -81.6962184991481,36.4786163663557 -81.6963895028516,36.4784903660481 -81.6964775047971,36.4784133658675 -81.6965185058214,36.4783423657185 -81.6965455066847,36.4782393655167 -81.6965655073699,36.4781493653419 -81.6965525078404,36.4779353649528 -81.6965245077289,36.4778093647326 -81.6964775073695,36.4776493644579 -81.6964295071439,36.4774443641007 -81.696429507545,36.4773253638811 -81.6964365082515,36.4771553635644 -81.6964905100749,36.4769193631054 -81.6965175114601,36.4766603626158 -81.696511511965,36.476476362279 -81.6964905120911,36.4763203620003 -81.6964425117726,36.4761443616964 -81.696388511453,36.4759353613343 -81.6963885120097,36.4757703610298 -81.6963775119903,36.4757143609312 -81.6963705119623,36.4756833608771 -81.6963615119607,36.4756333607887 -81.6963475120299,36.4755343606121 -81.6962655108872,36.4754133604243 -81.6961775094665,36.4753413603295 -81.6960815078377,36.4752863602695 -81.695925505055,36.4752373602466 -81.6957555021048,36.4751603601779 -81.6955784990622,36.4750723600919 -81.6954764973799,36.4750013600048 -81.6952854941533,36.4748913598842 -81.6951014912325,36.4747323596699 -81.6949584890369,36.4745883594655 -81.694885487926,36.4745123593565 -81.6948574874961,36.4744843593168 -81.6948094870708,36.4743473590843 -81.6948164875665,36.4742433588891 -81.6948294882344,36.4741223586599 -81.6948314886742,36.4740073584465 -81.6947274877207,36.4737213579626 -81.6946054866661,36.4733693573643 -81.6946114871828,36.4732543571491 -81.6946394881538,36.4731273569024 -81.6946874897479,36.4729293565158 -81.6948094931062,36.4726223558962 -81.6949184961041,36.4723473553414 -81.6950274990973,36.4720723547867 -81.695210503846,36.4716873539975 -81.6952705054412,36.471549353717 -81.6953875085445,36.4712813531722 -81.6955505125211,36.4710063525951 -81.695741516897,36.4707643520672 -81.695872520082,36.4705433516037 -81.695999523161,36.4703303511567 -81.6960815253897,36.4701213507363 -81.6961495274111,36.4698963502923 -81.6961765284324,36.4697423499967 -81.6961835289922,36.4696153497593 -81.6961555289604,36.4694723495072 -81.6961285288527,36.4693573493063 -81.696074528156,36.4692693491667 -81.6960255274569,36.4692093490765 -81.6959315261542,36.4690833488835 -81.695856525374,36.4689073485901 -81.6958635261416,36.4687203482419 -81.6958765268894,36.4685713479614 -81.6958695270612,36.4684833478019 -81.695836526848,36.4683683476034 -81.6957615259399,36.4682313473819 -81.6957505257859,36.4682173473607 -81.6956585245026,36.4680993471813 -81.6955025222097,36.4679343469419 -81.6952805188643,36.4677253466487 -81.6951745172807,36.4676223465028 -81.6951065162445,36.4675623464203 -81.6950585155227,36.4675173463572 -81.6950265151532,36.467455346256 -81.6950875167035,36.4673303459996 -81.6951695184905,36.4672473458121 -81.6952175194821,36.4672143457311 -81.6953395220153,36.4671263455176 -81.6956115274917,36.4669783451309 -81.6959375340728,36.4667933446536 -81.6959995353227,36.4667583445632 -81.696421543871,36.4665053439207 -81.6965105457713,36.4664223437306 -81.6967755515228,36.4661453431096 -81.6968055523256,36.4660683429552 -81.6968775537714,36.4660273428497 -81.6969585553969,36.4659813427313 -81.6972775620071,36.4657353421455 -81.6974555657419,36.4655823417898 -81.6975775682439,36.4654943415771 -81.6976455697457,36.4654123413978 -81.6977615722633,36.4652853411159 -81.6978765749918,36.4650873407035 -81.6979925776243,36.4649233403535 -81.6980805796116,36.4648013400925 -81.6981825817564,36.4647083398792 -81.6984075864593,36.4645103394219 -81.6985845901292,36.4643623390765 -81.6987335932039,36.4642413387924 -81.6988835962588,36.4641313385283 -81.6989985985411,36.4640653383596 -81.6990946004103,36.4640213382392 -81.6992166027472,36.4639773381081 -81.6993466051583,36.4639553380142 -81.6994686073905,36.4639443379438 -81.69958460943,36.4639603379256 -81.6996866111647,36.4639933379444 -81.6998016130473,36.4640543380093 -81.6999786159312,36.4641533381185 -81.7001016179947,36.4642033381599 -81.7002106199051,36.4642213381481 -81.7004076233815,36.464246338113 -81.7005986268083,36.4642523380455 -81.7007816301091,36.4642523379702 -81.7009656334943,36.4642303378541 -81.7011146362656,36.4642023377414 -81.7012646391021,36.4641583375989 -81.7014616429156,36.4640703373564 -81.7016456464922,36.4639823371193 -81.7018156497787,36.46390633691 -81.7020126535874,36.4638173366658 -81.7021906569027,36.4637793365231 -81.7022336576942,36.4637733364944 -81.702400660761,36.4637523363874 -81.7025366632578,36.4637353363004 -81.7027686674329,36.4637353362052 -81.7028636692199,36.4637083361167 -81.7029456708068,36.4636693360116 -81.703080673486,36.463581335795 -81.7032386765768,36.463493335569 -81.7033676790963,36.463422335386 -81.7034896814126,36.4633783352554 -81.7035976834317,36.4633503351599 -81.7036936851872,36.4633393351005 -81.7038506880384,36.463328335016 -81.703999690715,36.463328334955 -81.7041086927035,36.4633173348902 -81.7042106945661,36.4633063348283 -81.7043196965845,36.4632843347434 -81.7044416989263,36.4632293345928 -81.7047477048606,36.4630673341712 -81.7050547108049,36.4629053337494 -81.7054627186309,36.4627133332317 -81.7056457220733,36.4626513330437 -81.7057887247635,36.4626023328957 -81.7059177271442,36.4625753327938 -81.7060877302037,36.4625693327134 -81.7065917391273,36.4626083325789 -81.7067147413299,36.4626083325287 -81.7068777442921,36.4625913324312 -81.7070747479309,36.4625473322704 -81.7072447510574,36.4625143321408 -81.7074287544736,36.4624653319764 -81.7076947594125,36.4623933317366 -81.7078847630016,36.4623163315187 -81.7081157673605,36.4622233312551 -81.7082657702174,36.4621513310628 -81.7083747723255,36.4620853308981 -81.7084697742479,36.46199233069 -81.7085647761977,36.46188733046 -81.7086467779501,36.4617673302081 -81.7086867788896,36.4616733300205 -81.7087207797455,36.4615693298173 -81.7087417805947,36.4613713294481 -81.7087547813008,36.4611733290822 -81.7088017824913,36.4610253287936 -81.7088367833767,36.4609153285791 -81.7089177850786,36.460805328346 -81.7090267873951,36.4606453280105 -81.7091417898389,36.4604753276545 -81.709230791807,36.4603103273181 -81.709284793101,36.460167327036 -81.7093527947826,36.4599643266391 -81.7094137964672,36.4597063261449 -81.709461797599,36.4595853259053 -81.7095157987331,36.4595083257435 -81.7095848001197,36.4594363255847 -81.7096658016894,36.4593763254429 -81.7098158044644,36.4593213252825 -81.709843804977,36.4593133252567 -81.7099788074422,36.459277325137 -81.7102988132886,36.4591893248484 -81.7104478159912,36.4591563247285 -81.7105838185382,36.459090324554 -81.7107548217991,36.4589803242854 -81.7109248250395,36.4588703240173 -81.7110678276798,36.45881532386 -81.7112098302638,36.458777323734 -81.7113188322442,36.4587493236395 -81.7114758350187,36.4587443235674 -81.7117208392966,36.4587603234983 -81.7119178427065,36.4587873234684 -81.7120878456632,36.4588043234311 -81.7121898474591,36.4588043233902 -81.7123058495015,36.4588043233437 -81.7124688524639,36.4587603231985 -81.7126248553126,36.4587113230471 -81.7127948584188,36.4586563228792 -81.7129388610785,36.4585953227109 -81.7131008640288,36.4585463225572 -81.7132698670621,36.4585163224351 -81.7133528685521,36.4585013223747 -81.7135778726413,36.458435322165 -81.7137678761012,36.4583753219803 -81.7139038786105,36.4583153218172 -81.7139828800897,36.4582693217023 -81.7141018823517,36.4581823214971 -81.7143258866486,36.4579963210708 -81.7145228904559,36.4578153206644 -81.7146318925057,36.4577433204906 -81.714767894985,36.4576933203459 -81.71489089718,36.4576723202588 -81.7150268995947,36.4576553201738 -81.7151289013813,36.4576553201332 -81.7152379032812,36.4576603200987 -81.7152909042208,36.4576543200668 -81.7153399050772,36.457655320049 -81.7154279066598,36.4576333199742 -81.7155169083117,36.4575833198483 -81.7157889133783,36.4574183194415 -81.7160129175987,36.4572533190541 -81.7164479257734,36.4569353183065 -81.7166929303712,36.4567543178822 -81.7167949323057,36.4566663176828 -81.7168559335258,36.4565773174979 -81.7168839341472,36.4565013173496 -81.7168699340596,36.4564123171944 -81.7168149332846,36.4563083170283 -81.7166859313415,36.4561373167706 -81.7164999283629,36.4559933165841 -81.7161759230544,36.4558143163887 -81.7158559178704,36.4556103161464 -81.7156309142196,36.4554733159875 -81.7155569130552,36.455409315901 -81.7154399112041,36.4553143157753 -81.7153519098647,36.4552153156309 -81.7152709086779,36.4551003154548 -81.7152089079064,36.4549403151898 -81.7151479072351,36.4547373148465 -81.7151479074962,36.4545993145969 -81.7151539078893,36.4544463143177 -81.7151479080468,36.4543083140704 -81.7151609085207,36.4541763138265 -81.7151409084673,36.4540223135558 -81.715066908039,36.4535763127778 -81.7150449077919,36.4535073126616 -81.7150459079193,36.4534493125562 -81.7150599083384,36.4533553123807 -81.7151289098019,36.4532083120878 -81.7152869130293,36.4529343115305 -81.7154689166609,36.4526603109641 -81.7155489183134,36.4525083106581 -81.7155789189734,36.4524293105035 -81.7155969195189,36.4523013102651 -81.7156099202607,36.4520213097537 -81.7155979208225,36.4516083090116 -81.7155729206586,36.4514673087663 -81.7155119198343,36.4513523085819 -81.7153899179416,36.4512543084518 -81.7151959148021,36.451169308373 -81.7147939082584,36.4510173082532 -81.7144529026745,36.4509093081893 -81.7143599012299,36.4508403081002 -81.714337901009,36.4507623079675 -81.7143159007923,36.4506823078311 -81.7142619003627,36.4504343074028 -81.7142409006981,36.4500823067735 -81.7142139010925,36.4496493059997 -81.7142069014502,36.4494073055641 -81.7142069018946,36.4491813051549 -81.714213902498,36.4489343047049 -81.7141869023684,36.4487693044164 -81.7141289019436,36.4484903039332 -81.7141179018575,36.4484403038468 -81.7140139009874,36.4479983030859 -81.7139899007103,36.4479353029809 -81.7138928996672,36.4476433024888 -81.7138118988058,36.447396302072 -81.713783898592,36.4472693018526 -81.7137848988067,36.4471703016728 -81.7138459001199,36.4470223013816 -81.7139269016894,36.4469123011517 -81.7140419038457,36.446791300889 -81.7142129069419,36.4466653005963 -81.7143829099868,36.4465553003329 -81.7145999138316,36.446434300032 -81.7148659185404,36.446285299662 -81.7151499235512,36.4461312992764 -81.7152329250143,36.4460862991637 -81.7153419269347,36.446027299016 -81.7157089333807,36.4458352985307 -81.7159809381431,36.445697298179 -81.7161919417989,36.4456092979407 -81.7165109472686,36.445505297633 -81.7167159507598,36.4454502974567 -81.7168649532946,36.4454112973303 -81.717313960904,36.4453072969742 -81.7174229627548,36.4452792968827 -81.7175589650789,36.4452352967524 -81.717748968369,36.4451472965224 -81.717823969822,36.4450202962651 -81.7177969695695,36.4449052960678 -81.7177149684945,36.4447402958008 -81.7176009668399,36.4446072956034 -81.7175249658001,36.4444822954063 -81.7174769652432,36.4443452951769 -81.7174089644817,36.4441362948251 -81.7173669641411,36.4439322944726 -81.7173269637384,36.4437842942203 -81.7172519627347,36.44365229401 -81.7171499612793,36.4435262938204 -81.7170069591558,36.4433992936443 -81.7168369565806,36.4432792934907 -81.7165719525227,36.4431202933018 -81.7162319473153,36.4429222930701 -81.7157009392423,36.4425922926701 -81.7152719328388,36.4422732922517 -81.715067929783,36.4421312920701 -81.7148369263459,36.4419612918477 -81.7147339248715,36.4418562916956 -81.7146329234507,36.4417412915247 -81.7145579224659,36.4416202913332 -81.7145439222811,36.4415982912985 -81.7144959217363,36.4414772910971 -81.7144689215645,36.441340290859 -81.7144759219134,36.4412192906374 -81.7145169230386,36.4409822901933 -81.7145919247433,36.4407292897078 -81.7147139274568,36.4403452889681 -81.7148509303147,36.4400082883081 -81.7149719329859,36.4396302875801 -81.7150739351587,36.4393502870363 -81.7151139360308,36.4392292868028 -81.7151759372231,36.4391252865922 -81.7152849392418,36.4389822862939 -81.7153799409924,36.4388612860406 -81.7155089432971,36.4387342857642 -81.7156649460297,36.4386082854798 -81.7157059469596,36.4384602851974 -81.715617945726,36.4383662850592 -81.7154959439279,36.4382842849551 -81.7153029410287,36.4381852848458 -81.7152499402346,36.4381572848143 -81.7150819377461,36.4380542846886 -81.7150529373153,36.4380372846683 -81.7149709361853,36.4379432845278 -81.7148759349849,36.4377782842635 -81.7148449347167,36.4376602840611 -81.7148219345227,36.4375702839065 -81.714793934382,36.4374112836289 -81.7148009348524,36.4372242832879 -81.7148279354926,36.4371142830791 -81.7148689363242,36.4370202828943 -81.7149569379319,36.4369102826636 -81.7152019422164,36.4367012821977 -81.7155729484575,36.4365092817174 -81.7158449530266,36.4363682813652 -81.7159429546716,36.4363172812379 -81.716250959865,36.4361412808097 -81.7165589650499,36.4359652803817 -81.7169219711384,36.4357642798891 -81.7171739753781,36.4356132795266 -81.7174049792483,36.4354812792061 -81.7176709836837,36.4353382788533 -81.717873987066,36.4352282785826 -81.7180239895658,36.4351452783796 -81.7182139927276,36.4350412781245 -81.7183639951329,36.4350132780207 -81.7184149959432,36.4350082779936 -81.7186019989197,36.4349862778875 -81.7188870034366,36.4349642777467 -81.7191190071191,36.4349422776246 -81.7193290104722,36.4349092774906 -81.7195340137457,36.4348762773584 -81.7197170166892,36.4348322772143 -81.7199350202312,36.4347552769983 -81.7202680257398,36.4345682765437 -81.7206560321809,36.434326275971 -81.7208940361398,36.4341672756008 -81.7211590405251,36.4340012752088 -81.7213150431122,36.4338972749667 -81.7212600423915,36.4337982748082 -81.7210500393984,36.4335952745173 -81.7207840355948,36.4333532741759 -81.7205870328602,36.4331222738297 -81.7204030303512,36.4328802734591 -81.720226027891,36.4326832731667 -81.7199470239281,36.43243627282 -81.7197700214232,36.4322772725958 -81.7194910174627,36.4320402722666 -81.7191790130775,36.4317552718623 -81.7188930090393,36.431513271526 -81.7186480056351,36.4312772711861 -81.7185120037787,36.4311282709648 -81.7183350014363,36.4308922706008 -81.7182049997048,36.4307282703503 -81.7180969983083,36.4305682700992 -81.7179879969724,36.430364269769 -81.717919996194,36.4302052695058 -81.7178719957608,36.4300242691959 -81.7178449956322,36.4298542688985 -81.7178579962375,36.4296122684575 -81.7178929972521,36.4293262679295 -81.7180009997354,36.4288262669905 -81.7181160021078,36.4284522662765 -81.7182180041936,36.4281282656573 -81.7183810073706,36.4276992648281 -81.7185240101172,36.4273422641358 -81.7186260121302,36.4270512635765 -81.7187280141402,36.4267592630156 -81.7188360162517,36.4264572624347 -81.7189930192168,36.4260782616987 -81.7191290217976,36.4257372610384 -81.7192780245986,36.4253752603361 -81.7194120270022,36.4251192598299 -81.7195450293839,36.424864259326 -81.7197800335644,36.4244232584532 -81.7199990372947,36.4241122578201 -81.7201310394623,36.4239752575294 -81.7201510398313,36.4239272574364 -81.7201840404454,36.423844257276 -81.720265041871,36.4236942569791 -81.7204350447126,36.423477256532 -81.7205350465315,36.423247256085 -81.7205820473542,36.4231602559129 -81.7206230482102,36.4229892555917 -81.7206640491117,36.4227862552129 -81.7207250502125,36.4226482549445 -81.7208000514778,36.4225382547218 -81.7208740526709,36.4224672545697 -81.7209040531374,36.4224502545292 -81.7209900544747,36.4224012544126 -81.721147056857,36.4223522542725 -81.7213510598697,36.4223462541942 -81.7215270624311,36.4223682541755 -81.7216840647284,36.4223792541433 -81.7217930663571,36.4223622540767 -81.7219020679909,36.4223412540029 -81.7220240698698,36.422280253853 -81.7221530719161,36.4221702536128 -81.7222410733134,36.4220932534455 -81.7223300747177,36.4220212532868 -81.7224930772005,36.4219552531145 -81.7226150789648,36.4219772531137 -81.7228060816935,36.4220382531601 -81.7231180861152,36.422169253292 -81.7234050902014,36.4222792533944 -81.7235470922243,36.422334253446 -81.7236760942043,36.4222682532851 -81.7237780958317,36.4221642530649 -81.723859097222,36.4219992527424 -81.7239070981184,36.4218402524415 -81.7239270987021,36.4215982520012 -81.7239820999161,36.421257251372 -81.7240291009899,36.4209332507759 -81.7240971022894,36.4206752502912 -81.7241241028006,36.420576250105 -81.7241921039609,36.4204332498265 -81.7243011056467,36.4203502496421 -81.724525108917,36.4203442495581 -81.7246541107644,36.4203722495661 -81.7247971128051,36.4204102495873 -81.7249081144105,36.4204212495707 -81.7250011157715,36.4204162495313 -81.7251101173722,36.4204052494759 -81.7252391192938,36.4203672493657 -81.7253821214673,36.4202842491705 -81.7254701228189,36.4202192490253 -81.7255451239707,36.4201632489006 -81.7256741260168,36.4200042485741 -81.7258031280261,36.4198772483048 -81.7258991294952,36.4198062481465 -81.7260001310306,36.4197402479955 -81.7261301329582,36.4197012478834 -81.7262931353469,36.419679247791 -81.726456137697,36.4196952477665 -81.7266941410924,36.4197562477979 -81.7270411460162,36.419877247901 -81.7271501476106,36.4198662478458 -81.7272171487756,36.4196622474596 -81.7272241490986,36.4194262470358 -81.7272311495498,36.4190532463674 -81.7272511500141,36.4188662460269 -81.7273061510195,36.4186402456055 -81.7273141511526,36.418621245569 -81.7274001525694,36.4184312452019 -81.7274821538774,36.4182942449308 -81.7275231545247,36.4182322448068 -81.7275771553761,36.4181512446448 -81.7276521565353,36.4180632444635 -81.7277941586812,36.4179482442124 -81.7279851615101,36.417854243983 -81.7282841659149,36.4177282436619 -81.7286241708898,36.4176172433545 -81.7288361740065,36.417526243124 -81.7289911762796,36.4174642429637 -81.7290861776728,36.4174252428636 -81.729175178992,36.417370242737 -81.7292361799302,36.4172882425712 -81.7292591803002,36.4172362424712 -81.7292831806889,36.4171782423601 -81.7293171813287,36.4169802419964 -81.7293171814307,36.4168482417612 -81.7292891811925,36.4166392413977 -81.7292551808906,36.416403240988 -81.7292691812222,36.4162332406806 -81.7293101819214,36.416084240402 -81.729378182986,36.4159582401558 -81.7294391839039,36.4158922400188 -81.7295481855282,36.4157932398077 -81.7297171880355,36.4156502394992 -81.7299151909301,36.4155352392314 -81.7302071951736,36.415392238884 -81.7304651989254,36.4152542385565 -81.7305031994746,36.415238238516 -81.7309342057004,36.4150512380466 -81.7312472101946,36.4149462377607 -81.7314642133201,36.4148522375249 -81.7316342157454,36.4148142374035 -81.7319342199883,36.4148082372979 -81.7322712247495,36.4148102371948 -81.7325192282525,36.4148132371217 -81.7325452286188,36.414815237117 -81.7325822291407,36.4148172371088 -81.7328322326672,36.4148302370528 -81.7331312368901,36.4148362369688 -81.7333352397761,36.4148302368936 -81.7334232410323,36.4148022368161 -81.7335172423774,36.4147642367189 -81.7336482442638,36.4146812365303 -81.7337362455391,36.4146042363659 -81.7338082465947,36.4145102361765 -81.7338612473713,36.4144402360356 -81.733955248766,36.4142702357045 -81.7340482501425,36.4141042353809 -81.7342452530522,36.413747234686 -81.7343132540634,36.4135992344023 -81.734333254361,36.4135542343163 -81.7343742550162,36.4133402339242 -81.7344012554822,36.4131042334975 -81.7344082556658,36.4128732330859 -81.7344552564398,36.4125542325059 -81.734500257084,36.4125092324122 -81.7345162573126,36.4124942323806 -81.7347542606512,36.4124392322089 -81.7348972626561,36.4124062321058 -81.7350052641689,36.4123842320332 -81.7351902667654,36.4123272318746 -81.7353862695107,36.4122792317285 -81.7356582732971,36.4122902316633 -81.7359032766926,36.4123612317125 -81.7361072795099,36.4124712318435 -81.7362832819363,36.4125982320132 -81.7365972862645,36.4128722323996 -81.7369712914351,36.4132132328853 -81.7371412937981,36.4133282330352 -81.7372642955092,36.4134162331521 -81.7373932973075,36.4134932332476 -81.7375152990162,36.4135142332464 -81.7376583010223,36.4135152332033 -81.737845303648,36.413492233104 -81.7380793069343,36.413443232944 -81.7382973099955,36.4133772327592 -81.7384263118065,36.4133282326322 -81.738508312958,36.4132782325183 -81.7386643151479,36.4131522322471 -81.7387653165637,36.4130842320955 -81.7388203173343,36.4130472320131 -81.7389833196155,36.4129872318562 -81.7391063213359,36.4129642317772 -81.7392763237132,36.4129422316852 -81.7394053255171,36.4129422316449 -81.7395413274195,36.4129592316323 -81.739738330177,36.413008231657 -81.7399763335136,36.4131122317657 -81.740085335041,36.4131342317703 -81.7401803363709,36.4131342317405 -81.7403173382872,36.4131182316695 -81.7405743418776,36.4130582314833 -81.7408813461594,36.4129582312113 -81.7411933505,36.4128212308726 -81.7414443539801,36.4126732305339 -81.7415263551156,36.4126242304221 -81.7415943560569,36.4125842303305 -81.7416693570869,36.4125022301629 -81.7417033575441,36.4124192300064 -81.7417303578944,36.4122932297765 -81.7417503581408,36.4121392294995 -81.7417433580055,36.4119582291835 -81.7417643582605,36.4117822288675 -81.7418043587856,36.4116392286037 -81.7418443593111,36.4115022283505 -81.7419063601404,36.4113642280887 -81.7419273604051,36.4112462278747 -81.7419263603687,36.4111452276975 -81.7418513592981,36.4109962274588 -81.7417903584381,36.4109192273423 -81.7416953571078,36.4108362272257 -81.7416403563336,36.4107652271179 -81.7416063558499,36.4106942270035 -81.7415863555553,36.4106002268444 -81.7415793554297,36.4104522265863 -81.7415513550074,36.4102652262661 -81.7414643537795,36.4101062260133 -81.7413683524419,36.4100132258792 -81.7412253504558,36.4098972257191 -81.7411433493129,36.4097982255701 -81.7411023487385,36.4097272254578 -81.7410613481636,36.4096502253349 -81.7410413478815,36.409600225253 -81.7409803470218,36.4094472250025 -81.7409393464365,36.4092872247336 -81.7408913457605,36.4091552245159 -81.7408233448149,36.4090452243432 -81.74074834378,36.4089742242411 -81.7406533424746,36.4089192241733 -81.7404763400456,36.4088262240636 -81.7403403381799,36.4087432239589 -81.7401233352059,36.4086012237749 -81.7400273338854,36.4084522235417 -81.7400203337789,36.4082992232744 -81.7400483341506,36.4081722230422 -81.7400813345898,36.4080462228102 -81.7401363353223,36.4078592224642 -81.7402173364036,36.4076452220628 -81.7402343366311,36.4076112219978 -81.7402913373934,36.407496221778 -81.7403463381306,36.4074132216153 -81.7404143390421,36.407320221431 -81.7405033402381,36.4072382212597 -81.740611341691,36.4071662211004 -81.7407343433429,36.4070732208996 -81.7408833453419,36.4069632206611 -81.7409243458863,36.4068972205326 -81.7409513462397,36.406820220389 -81.740971346496,36.4067272202193 -81.7409853466683,36.4066162200198 -81.740964346361,36.4064522197375 -81.7409503461482,36.4062872194514 -81.7409233457484,36.4060342190143 -81.7408823451695,36.4058362186782 -81.740780343772,36.4056222183321 -81.740672342305,36.4054682180933 -81.740535340455,36.4053342178983 -81.7404903398478,36.4052892178325 -81.7404203389035,36.405215217723 -81.7404133387957,36.4050782174839 -81.7404943398689,36.4049952173137 -81.7405243402676,36.4049782172749 -81.740630341676,36.4049182171377 -81.7407803436654,36.4048202169206 -81.7409293456327,36.4046772166247 -81.7410083466717,36.4045832164358 -81.7410583473286,36.4045232163154 -81.7411873490166,36.404341215957 -81.7412893503451,36.4041762156366 -81.7413433510337,36.4040122153321 -81.741398351734,36.4038472150257 -81.7414433522941,36.4036482146624 -81.7414453523188,36.4036382146442 -81.7414453522917,36.4034922143874 -81.7414453522769,36.4034122142468 -81.7414423522322,36.4033852142002 -81.7414313520542,36.4032092138939 -81.7414043516705,36.4030612136416 -81.7413433508406,36.4029232134167 -81.7412683498314,36.4028082132365 -81.7411733485602,36.402693213062 -81.7411183478216,36.4026052129233 -81.741077347267,36.40251121277 -81.7410633470657,36.4024012125805 -81.7410503468736,36.4022642123433 -81.7410293465725,36.4020992120592 -81.7409473454777,36.4019732118614 -81.7408523442239,36.4019182117923 -81.7407613430264,36.4018862117625 -81.7406963421713,36.401863211741 -81.740574340569,36.4018362117291 -81.7404583390468,36.4018192117329 -81.7403283373416,36.4018032117427 -81.740152335034,36.4017872117658 -81.7398463310236,36.401770211825 -81.7394523258608,36.4017372118817 -81.7391803222977,36.4016932118834 -81.7389823197052,36.4016602118828 -81.7388133174943,36.401584211798 -81.7387113161616,36.4015132117025 -81.7385953146476,36.4014302115898 -81.7384723130461,36.4012942113856 -81.738412312266,36.401226211283 -81.7383213110883,36.4010532110042 -81.7382883106643,36.4009522108355 -81.7382683104115,36.4008312106278 -81.7382553102517,36.4006882103792 -81.7382543102463,36.4005732101765 -81.7382883106981,36.4004242099037 -81.7383293112402,36.4002712096219 -81.7383423114139,36.4001882094717 -81.7384033122148,36.4000182091541 -81.7384513128452,36.399858208858 -81.7384973134445,36.3997832087124 -81.7386573155264,36.3994702081143 -81.738756316811,36.3992652077243 -81.7388723183127,36.3989902072061 -81.7389203189336,36.3988032068626 -81.7389533193604,36.3986162065234 -81.7389533193621,36.3984622062518 -81.7389533193648,36.3982312058445 -81.7389193189324,36.3979792054098 -81.7388913185783,36.3977152049521 -81.7388913185812,36.3975392046418 -81.7388983186713,36.3974892045516 -81.7389193189412,36.397352204304 -81.7389313190978,36.3970832038263 -81.7389523193675,36.3968792034606 -81.7389793197126,36.396693203125 -81.739020320234,36.3965722029001 -81.7390673208309,36.3963962025766 -81.739142321781,36.3962312022646 -81.7392373229828,36.3961102020246 -81.7393523244337,36.3958962016151 -81.7394073251243,36.3957142012789 -81.7393663246041,36.3955882010683 -81.7392773234803,36.3955002009381 -81.7391213215135,36.3953462007101 -81.7388903186073,36.395171200466 -81.7386383154451,36.3949512001481 -81.7384753134037,36.3948241999694 -81.7383453117754,36.3947641998997 -81.7381823097341,36.3947091998479 -81.7380203077054,36.3946711998258 -81.7378493055631,36.3946491998345 -81.7377003036967,36.3946321998459 -81.7375433017296,36.3946221998718 -81.7374143001129,36.3946181999006 -81.7373602994363,36.394616199912 -81.7371832972181,36.3946111999524 -81.7369992949108,36.3946162000123 -81.7367212914226,36.3946332001195 -81.736558289378,36.3946382001736 -81.7364082874997,36.3946272001958 -81.7362992861415,36.3945892001589 -81.7361632844471,36.3945452001188 -81.7359592819046,36.3944902000781 -81.7358382803971,36.3944582000551 -81.7357562793763,36.3944352000371 -81.7354912760768,36.3943691999937 -81.7352252727572,36.3943372000108 -81.7350352703815,36.3943312000529 -81.7348512680898,36.3942992000472 -81.7347222664762,36.3942982000812 -81.7345182639138,36.3943262001873 -81.7343822621975,36.3943652002941 -81.7342062599649,36.3944422004794 -81.7340632581372,36.3945352006839 -81.7338862558767,36.3946392009174 -81.7336892533666,36.3947332011388 -81.7334782506902,36.3947992013146 -81.7330302450307,36.3948762015758 -81.7325002383153,36.3949922019292 -81.732255235234,36.3949972020063 -81.7320922332006,36.3949702020037 -81.7319562315168,36.3949262019634 -81.7318472301855,36.3948602018764 -81.7317522290467,36.3947672017375 -81.7317042285057,36.3946622015643 -81.731643227802,36.3945582013964 -81.7315482266903,36.3944262011881 -81.7314862259771,36.3943212010186 -81.7314052250201,36.3942282008757 -81.7312622233,36.3941182007197 -81.7310242204342,36.3939482004832 -81.7308452182759,36.3938312003245 -81.7307322169159,36.3937562002223 -81.7302152107015,36.3934261997775 -81.729787205586,36.3931411993878 -81.7296572040416,36.3930471992561 -81.7295622029408,36.3929431990969 -81.7294742019291,36.392838198934 -81.7293582006051,36.3926901987021 -81.7292561994787,36.3925141984164 -81.7291521983274,36.3923421981383 -81.7290311970184,36.3921081977543 -81.7289361960229,36.391888197388 -81.7288611952452,36.3917071970858 -81.7288131947845,36.3915471968136 -81.728779194563,36.3913061963931 -81.7287931949009,36.3911021960256 -81.7288331955024,36.3909651957705 -81.7288881962913,36.3908221955007 -81.7289421970443,36.390707195281 -81.729003197874,36.3906021950774 -81.729119199412,36.3904491947734 -81.7291802002263,36.3903601945983 -81.7292342009319,36.3903001944768 -81.7293302021705,36.3902121942942 -81.7294862041554,36.3901021940562 -81.7296692064542,36.3900081938395 -81.7298262084377,36.389909193621 -81.729995210592,36.3897721933317 -81.7301382124198,36.3896451930672 -81.7302262135844,36.3895081927997 -81.7302812143513,36.3893651925304 -81.7303142148769,36.3891841921994 -81.7303212150802,36.3890131918932 -81.7303412154778,36.3887881914874 -81.7303682158569,36.3887111913431 -81.7304092164499,36.3885681910777 -81.7304832174729,36.3883761907163 -81.7305112178739,36.3882821905416 -81.7305182180177,36.3881941903831 -81.7304702175937,36.3879691899954 -81.7304492174351,36.3878321897571 -81.7304632176631,36.3877441895968 -81.7304902180468,36.387656189433 -81.7305442187792,36.3875301891945 -81.7305922194394,36.3874031889559 -81.7306052196688,36.3872931887567 -81.7305912195975,36.3871501885059 -81.7305642193673,36.3870131882693 -81.7304762185493,36.3866721876855 -81.7303672174292,36.3864141872549 -81.7302792164903,36.3862601870038 -81.7302042156804,36.3861451868187 -81.7301222147775,36.3860461866639 -81.7300002134019,36.3859471865195 -81.7299042123237,36.3858651863985 -81.729762210703,36.3857821862877 -81.7296672096186,36.3857281862163 -81.7295852086896,36.3856731861397 -81.7295032078325,36.3855241858956 -81.7294962078165,36.3854361857407 -81.7295372083627,36.3853541855839 -81.7296052092194,36.385282185438 -81.7297482110034,36.3851511851675 -81.7299652136725,36.384997184837 -81.7300942152628,36.3848971846255 -81.7302372170646,36.3847271842858 -81.7304202194262,36.3844201836921 -81.7305362209513,36.3841771832297 -81.7306032218722,36.3839741828512 -81.7306582226621,36.3837541824456 -81.7306972232662,36.383530182037 -81.7307522240711,36.3832821815817 -81.730780224466,36.3831771813877 -81.7308342251588,36.3830781811978 -81.7308992259727,36.3829881810211 -81.7309702268315,36.3829351809087 -81.7310852281949,36.3828911808011 -81.7312622302802,36.3828421806688 -81.731507233147,36.3828031805369 -81.7317582360784,36.3827701804143 -81.7321052401313,36.382720180237 -81.7323152426045,36.3826491800574 -81.7325122449279,36.3825721798705 -81.73271624733,36.3824951796818 -81.7328932494226,36.3824071794806 -81.7329812504539,36.3823801794103 -81.7331312522077,36.382341179303 -81.733246253548,36.3823191792347 -81.7334362557627,36.3822801791173 -81.7335522571349,36.3822091789619 -81.7336542583489,36.3821271787905 -81.7337702597534,36.381973178488 -81.7338642609107,36.3817971781521 -81.7340612633602,36.3813461773027 -81.7342112652151,36.3810051766605 -81.7343732672031,36.3806531759959 -81.7345002687517,36.3803871754927 -81.7346322703928,36.3800051747828 -81.7346792709836,36.3798451744876 -81.7346922711808,36.3797031742328 -81.7346992713045,36.3795761740061 -81.7346582708873,36.3794391737736 -81.7345902701477,36.3793511736345 -81.7344072681088,36.3792581735152 -81.7342032658248,36.3791911734471 -81.7339652631601,36.3791201733802 -81.7336322594593,36.3789671731914 -81.7332852556393,36.378747172887 -81.7331772544587,36.37866617277 -81.7330402529622,36.3785651726245 -81.7329182516491,36.378439172431 -81.7327822501943,36.3782861721929 -81.7326732490497,36.3781261719357 -81.7325162474259,36.3778571714966 -81.7323462456986,36.3775221709434 -81.732204244266,36.3772361704701 -81.7320602428175,36.3769501699971 -81.7319512417427,36.3767031695848 -81.7318842411446,36.3764451691426 -81.7318562409345,36.3762691688367 -81.7318422408802,36.3760931685273 -81.7318422409621,36.3759501682732 -81.7318292408936,36.3758191680435 -81.7317942405708,36.3757081678547 -81.7317402400379,36.375599167674 -81.7316862394942,36.3755101675289 -81.7316182388218,36.3753791673124 -81.7315652382814,36.3753061671954 -81.7315182378118,36.3752261670645 -81.731491237579,36.3751191668808 -81.7315172379343,36.3750031666683 -81.7315362382614,36.3748051663118 -81.7314802377691,36.3746021659643 -81.731431237322,36.3744541657129 -81.7313482364909,36.3743281655087 -81.7312442354692,36.3741421652028 -81.7311132341423,36.3739781649423 -81.7309632326087,36.3738191646952 -81.7308252311982,36.3736771644754 -81.7306272291126,36.3735741643391 -81.7304372270719,36.3735371643184 -81.7301782242556,36.3735381643816 -81.7299142213364,36.3736061645653 -81.7297042189945,36.3736841647541 -81.7294262159554,36.3737021648521 -81.7292012135394,36.3736601648307 -81.7291852133747,36.3736481648132 -81.7290442119265,36.3735401646541 -81.7289532110775,36.3733651643638 -81.7289322109868,36.3731941640639 -81.7289362111972,36.3729861636921 -81.7289532117122,36.3725731629519 -81.7289842123018,36.372254162376 -81.7289882125685,36.3719741618759 -81.728992212835,36.3716941613759 -81.7289962131021,36.371413160874 -81.7289072122905,36.3712381605828 -81.7288372116265,36.3711341604137 -81.7287212104859,36.3710141602267 -81.7286782100534,36.3709821601796 -81.7286622098934,36.3709691601602 -81.7285702089702,36.3708991600567 -81.7283722069599,36.3707801598904 -81.7281742049351,36.3706821597614 -81.7279012021245,36.370574159632 -81.7276081991314,36.370438159457 -81.7273761967921,36.3703021592678 -81.7271771948031,36.3701711590798 -81.7270741938713,36.3700021588017 -81.726908192377,36.3697281583504 -81.7264761882087,36.3693291577366 -81.7261671853099,36.3689791571816 -81.7260641844301,36.3687821568529 -81.7260451847236,36.3683041560024 -81.7260911853968,36.3681171556576 -81.7261851865753,36.3679241552912 -81.7264381897034,36.367434154358 -81.7265711914345,36.3670811536972 -81.7267361936332,36.3665801527649 -81.7267711940714,36.3665011526159 -81.7268731953447,36.3662721521839 -81.7270091970402,36.3659631516016 -81.7271361986056,36.3656871510803 -81.7271141984785,36.3655831508994 -81.7269911973392,36.3654571507016 -81.7266891945461,36.3651541502272 -81.7263871917674,36.3648511497523 -81.7261411895158,36.3646031493631 -81.7258951872739,36.3643551489737 -81.7256481850326,36.3641061485825 -81.72540218281,36.3638581481926 -81.725156180597,36.3636101478025 -81.7251391804377,36.3635991477865 -81.7251221802783,36.3635881477705 -81.7250231793511,36.3635241476775 -81.7247971772335,36.3633821474725 -81.7245721751173,36.3632521472887 -81.7242301718688,36.363089147071 -81.724019169866,36.3629911469412 -81.7238751685516,36.362882146777 -81.7237171671858,36.3627021464886 -81.7235041654234,36.362401145995 -81.7232421633193,36.3619911453162 -81.7230481618679,36.361612144678 -81.7228811606941,36.3612341440355 -81.7228241604872,36.3609561435489 -81.7228091606595,36.3607071431052 -81.7228141609494,36.3605201427686 -81.7228031613148,36.3601521421106 -81.7227181610992,36.3596741412708 -81.7226431607716,36.3593621407266 -81.7225691604588,36.3590491401803 -81.7225061601986,36.3587801397107 -81.7225181605024,36.3586371394515 -81.7225781612419,36.3585161392218 -81.722652162095,36.3584111390179 -81.7227801634546,36.3583171388226 -81.7229361650204,36.3582721387094 -81.7231051667043,36.3582321386025 -81.7233021686426,36.3582041385114 -81.7235801713769,36.3581641383819 -81.7238381739237,36.3581181382458 -81.7240681762495,36.3580291380386 -81.7241761773631,36.3579681379069 -81.7242771784153,36.357901137766 -81.7243511792565,36.3577911375536 -81.7243711795642,36.3576921373721 -81.7243491794877,36.3575761371688 -81.7243001791957,36.3574231369048 -81.7242721790359,36.357330136744 -81.7242301788469,36.3571481364265 -81.7241871787131,36.3569121360125 -81.7241561788441,36.3565501353702 -81.7240791784557,36.3562591348645 -81.7240231781389,36.3560781345516 -81.7239531776911,36.3558971342414 -81.7238621771127,36.3556611338369 -81.7237651764811,36.3554251334336 -81.7236691757747,36.355261133159 -81.7235111745279,36.3550641328377 -81.723325173029,36.3548621325129 -81.7231321714831,36.3546501321715 -81.7230921711762,36.3545961320827 -81.7230161705985,36.3544901319078 -81.7229051698876,36.3542331314689 -81.7228281694366,36.3540241311093 -81.7227721692314,36.353778130679 -81.7227561693743,36.3535521302766 -81.7226991691646,36.3533051298447 -81.7226441688392,36.3531631296008 -81.7225401681625,36.3529441292283 -81.7224631677254,36.3527351288683 -81.7223531669643,36.3525431285453 -81.7222561663395,36.3523411282018 -81.7221311655358,36.352083127763 -81.7219531641544,36.3518971274638 -81.721774162791,36.351695127136 -81.7216231617124,36.351476126772 -81.7215191610061,36.3513011264778 -81.7214031601166,36.3511811262847 -81.7212101586689,36.3509621259285 -81.721090157725,36.3508591257666 -81.7210231571966,36.350803125679 -81.7207381548699,36.3506241254122 -81.7204651526849,36.3504281251123 -81.7202251508227,36.3502211247861 -81.7199231485853,36.3498981242629 -81.7196691466914,36.3496421238507 -81.7194701452945,36.3493901234349 -81.7190791424035,36.3490021228105 -81.7188331405199,36.3488061225041 -81.718518138111,36.3485601221204 -81.7181561352854,36.3483211217579 -81.7177521321774,36.3480371213218 -81.7174591298611,36.3478741210828 -81.7171451273375,36.3477281208782 -81.7167971245036,36.3475921206979 -81.7164231213962,36.3474851205747 -81.7161161189177,36.3473601204062 -81.7157821162059,36.3472361202445 -81.7154481135026,36.3471111200808 -81.71517311128,36.3470091199475 -81.715114110804,36.3469871199187 -81.7150941106399,36.3469811199116 -81.7145891064904,36.3468361197431 -81.7140111016482,36.3467241196477 -81.7137530993981,36.3467201196884 -81.7133820961449,36.3467231197627 -81.7130120929024,36.3467251198351 -81.7126540897836,36.3467181198889 -81.7126150894443,36.3467171198943 -81.7123970875448,36.3467131199275 -81.7122960866652,36.3467111199426 -81.7119390835559,36.3467041199962 -81.71149907976,36.3466791200325 -81.7110590759658,36.3466541200688 -81.7106200721821,36.3466291201048 -81.7102680691608,36.3466041201246 -81.710013066975,36.3465851201374 -81.7099160661432,36.3465781201426 -81.7095650631334,36.3465531201622 -81.7092130601163,36.346528120182 -81.7088350569404,36.3464751201555 -81.7084580537764,36.3464221201288 -81.7082400520978,36.3463301200015 -81.7081030511037,36.3462481198774 -81.7080330506115,36.3462001198028 -81.7079390499551,36.3461341196998 -81.7078360493276,36.3460251195201 -81.7077680488847,36.3459651194233 -81.7076640483209,36.3458281191926 -81.7075410476618,36.3456641189161 -81.7073970468518,36.3454891186234 -81.707238046042,36.3452641182421 -81.7069900448156,36.3449031176287 -81.7067560437108,36.3445471170215 -81.706461042167,36.3441641163758 -81.7063660416624,36.3440451161757 -81.7061100403203,36.3437211156301 -81.7059580396988,36.343464115188 -81.7058660393557,36.3432971148994 -81.7057790390732,36.3431241145989 -81.7057440389639,36.3430531144754 -81.7056750388288,36.3428831141771 -81.7056450391118,36.3426801138115 -81.7056230394208,36.3424931134737 -81.7055610393625,36.3423181131649 -81.705544039286,36.3422931131222 -81.7054730390294,36.3421651129008 -81.7054020388142,36.342022112652 -81.7053110387241,36.3417701122074 -81.7053030391725,36.341577111856 -81.705321039763,36.3414121115513 -81.7053740407322,36.34121411118 -81.7054270415108,36.3410871109386 -81.7054600422659,36.340906110602 -81.705465042775,36.3407301102795 -81.7054570429719,36.3406311100999 -81.7054890437198,36.3404491097617 -81.7055690449472,36.3402351093567 -81.7056750466075,36.3399371087938 -81.7057810482759,36.3396341082219 -81.7058260493674,36.3393591077117 -81.7058510502651,36.3390951072251 -81.7058760509858,36.3388981068609 -81.7059560522283,36.3386721064344 -81.7060550534886,36.3384971060979 -81.7061700548262,36.3383411057935 -81.7062300556986,36.3381921055112 -81.7063100567152,36.3380491052365 -81.7064510583247,36.3378661048785 -81.7066190601728,36.3376731044979 -81.7067810619114,36.3375021041585 -81.7069210635686,36.3372921037517 -81.7070420650667,36.3370831033501 -81.7071510664577,36.336877102956 -81.7071640666269,36.3368511029064 -81.7072420677748,36.3366421025121 -81.7073280690965,36.3363881020345 -81.7073940701162,36.3361901016624 -81.707448071404,36.335846101026 -81.7074840721327,36.3356681006954 -81.7074830725519,36.3354971003837 -81.7074740729208,36.3353211000642 -81.7074730731603,36.3352220998838 -81.7079690771787,36.3351700997078 -81.708363080287,36.3351620996288 -81.7086070821757,36.3351720996071 -81.708954084889,36.3351750995559 -81.7091580864387,36.3351960995607 -81.7094020883052,36.3352160995572 -81.7097900912258,36.3352690995901 -81.7102800948275,36.3353760997045 -81.7108930992711,36.3355430999075 -81.7112471018808,36.3356230999947 -81.7116011044928,36.3357041000836 -81.7119821073245,36.3357841001661 -81.7123971103724,36.3358911002919 -81.7126831124973,36.3359551003608 -81.7129761146908,36.3360141004195 -81.7132141164969,36.3360511004472 -81.7135541191235,36.3360821004472 -81.7136071195388,36.3360841004421 -81.7138251212496,36.3360911004187 -81.7143761255938,36.3360991003421 -81.714838129244,36.3361021002712 -81.7152111321579,36.3361221002457 -81.7154901342879,36.3361641002756 -81.7158101367445,36.3362061002985 -81.7161701395709,36.3362201002642 -81.7165441425091,36.3362341002276 -81.7168161446379,36.3362491002096 -81.7170541465258,36.3362481001684 -81.7173041485294,36.3362351001036 -81.7175011501485,36.3362011000096 -81.7176231511624,36.3361730999389 -81.7176711515611,36.3361620999111 -81.7178401529379,36.3361390998417 -81.7181661555947,36.3360930997048 -81.7183291568861,36.336092099676 -81.7184921581319,36.3361190996977 -81.7186081589982,36.3361510997362 -81.7187921602817,36.3362590999004 -81.7190251618256,36.336450100206 -81.7194021643183,36.3367721007233 -81.7196181656681,36.3370131011212 -81.7197691666174,36.3371811013984 -81.7198341670262,36.337254101519 -81.7198711672495,36.3373021015992 -81.7198991674236,36.3373351016539 -81.7199121674975,36.3373551016877 -81.7201021686461,36.337604102104 -81.7203701702809,36.3379541026886 -81.7204811708461,36.3381781030728 -81.7205981715661,36.33833210333 -81.7207211723869,36.3384521035249 -81.7208861735434,36.3385771037216 -81.7210291745631,36.3386751038735 -81.7211861757765,36.3387181039241 -81.7213901773883,36.3387501039469 -81.7216481794715,36.3387591039191 -81.7220151824406,36.3387681038727 -81.7223411850837,36.3387721038243 -81.7226061872041,36.338797103824 -81.7228311890145,36.3388111038107 -81.7228731893508,36.3388151038108 -81.7230891910634,36.3388491038349 -81.7233611932015,36.3389081038943 -81.7235931950031,36.3389781039802 -81.7237361960883,36.3390431040723 -81.7238321967979,36.3391031041634 -81.7239081973394,36.3391681042669 -81.7240571984048,36.3392941044672 -81.7242501997298,36.3395081048176 -81.7244632012148,36.3397311051804 -81.7246612026012,36.3399391055188 -81.7247992035928,36.3400651057206 -81.7248742041614,36.3401081057846 -81.7249832049849,36.3401741058839 -81.7251742064753,36.3402491059851 -81.725577209617,36.3404171062158 -81.7258252115896,36.3404881062997 -81.7259002121424,36.3405521064012 -81.72595221254,36.3405831064476 -81.7260262131063,36.3406271065134 -81.7261752142733,36.3406911066019 -81.7262552149039,36.3407221066434 -81.7268402195357,36.340940106931 -81.7275642252766,36.3412311073241 -81.7277332265917,36.3413321074747 -81.7278362274067,36.3413801075424 -81.7279222280957,36.3414111075826 -81.7279722284974,36.3414281076042 -81.7280862294492,36.3414261075806 -81.7282452307735,36.3414271075545 -81.7284552325152,36.3414371075354 -81.7286422340772,36.3414331074955 -81.7288182355586,36.3414151074324 -81.7289842369699,36.3413801073409 -81.7291392382926,36.3413401072424 -81.7292582393022,36.3413161071788 -81.7294082405571,36.3413081071383 -81.729634242452,36.3412901070666 -81.7300062455554,36.3412801069836 -81.7303492484038,36.3412891069395 -81.7305872503732,36.341306106928 -81.7307412516407,36.3413281069401 -81.7308692526999,36.3413381069355 -81.7310462541605,36.3413591069418 -81.7311252548197,36.3413571069244 -81.7311912553775,36.3413441068897 -81.7312032554806,36.3413391068787 -81.7314642575937,36.3414391070107 -81.7318102603538,36.341654107332 -81.7320902626353,36.3417571074658 -81.7324912659345,36.3418591075762 -81.7329882700684,36.3419111075809 -81.7334092735671,36.3419691076095 -81.7336872758826,36.3420001076154 -81.7337932767557,36.3420361076605 -81.7339952784288,36.3420861077135 -81.7344102818572,36.3422261078882 -81.7346012834184,36.3423461080669 -81.7350522871456,36.3425471083429 -81.7353662897487,36.3426881085367 -81.7356392920126,36.3428291087377 -81.7358572938315,36.342915108851 -81.7360272952552,36.3429691089162 -81.7361292961203,36.3429581088786 -81.7362032967588,36.3429021087663 -81.736277297416,36.3427591085002 -81.7364982993378,36.3424831079728 -81.7367073011295,36.3423111076317 -81.7371463048548,36.3420781071422 -81.7376943094852,36.3417611064855 -81.7379973120403,36.3415091059873 -81.7383003145834,36.3412571054893 -81.7385963170605,36.3408981048042 -81.7388443191243,36.3405341041189 -81.7391263214538,36.3401801034457 -81.7393683234413,36.3399201029456 -81.7396043253734,36.3397541026123 -81.7398273271961,36.3396431023783 -81.7400983294101,36.3395641021925 -81.7402373305444,36.3395231020964 -81.7402483306342,36.3395201020892 -81.7402883309604,36.3395081020613 -81.7403703316284,36.3394791019961 -81.7404183320192,36.3394611019562 -81.7406133336057,36.3393911017995 -81.7409573363919,36.339218101436 -81.7413163392842,36.3390071010034 -81.7416743421676,36.3388511006679 -81.7420123448812,36.3387011003466 -81.7422903471087,36.3385841000937 -81.7424933487308,36.338494099901 -81.7427913511158,36.3383930996731 -81.7431233537975,36.3383750995851 -81.7434493564237,36.3383400994684 -81.7436523580398,36.3382670993059 -81.7438083592741,36.3381950991532 -81.7440583612374,36.3380510988583 -81.7441653620494,36.3379230986158 -81.7442733628901,36.3378510984713 -81.744620365671,36.3378210983602 -81.7448433674532,36.3377930982735 -81.7451283697142,36.3377250981064 -81.7454263720741,36.3376520979284 -81.745731374492,36.3375890977668 -81.7459753764331,36.3375550976663 -81.7462543786656,36.3375420975966 -81.746587381357,36.3375730975948 -81.7468793837072,36.3375820975615 -81.7470763853024,36.337603097565 -81.7472263865066,36.3376020975381 -81.7473743876626,36.3375520974258 -81.7475643891505,36.337496097296 -81.747727390416,36.3374340971604 -81.7478483913552,36.3373890970615 -81.7479643922849,36.337389097042 -81.7481953941788,36.3374480971062 -81.7483803957299,36.3375400972358 -81.748709398471,36.3376720974107 -81.7489324003248,36.337751097511 -81.7492184026628,36.3377980975448 -81.7494424044736,36.3378080975244 -81.74970040654,36.33779609746 -81.7498304075895,36.3378000974451 -81.7499834088595,36.3378450974977 -81.750167408829,36.3378560977303 -81.7502254087721,36.3378540978009 -81.7503304086643,36.3378450979194 -81.7504524085167,36.3378090980129 -81.7506144082477,36.3376790979946 -81.7507604080113,36.3375700979929 -81.7508464078797,36.3375150980081 -81.7509704076996,36.3374470980496 -81.7511304074715,36.3373650981135 -81.751324407205,36.3372780982129 -81.7515014069703,36.337209098322 -81.7517734066338,36.3371310985383 -81.7519264064586,36.3371030986874 -81.7521154062545,36.3370820988951 -81.7524094059502,36.3370640992434 -81.7529404054186,36.337051099906 -81.7533894049862,36.3370581004969 -81.7537584046115,36.3370441009492 -81.7538374045223,36.3370321010309 -81.7539454044027,36.3370181011466 -81.7541294041895,36.3369851013285 -81.7543024040169,36.3369821015468 -81.7544684038682,36.3369961017845 -81.754617403775,36.3370481020638 -81.7547244037407,36.3371171023171 -81.7548024037351,36.337186102533 -81.7548734037602,36.337278102778 -81.75493640381,36.3373861030393 -81.7550044039201,36.3375571034119 -81.7550754040417,36.3377411038097 -81.7551354041146,36.3378671040964 -81.7552034041493,36.3379631043431 -81.7553154041835,36.3380981047106 -81.7554464041883,36.3382211050819 -81.7555744041803,36.3383281054223 -81.7557504041337,36.3384401058315 -81.7559874040477,36.3385671063423 -81.7561674039726,36.3386531067123 -81.7564134038658,36.3387651072082 -81.7566844037464,36.338885107748 -81.7567964037037,36.3389401079797 -81.7568404036874,36.3389621080713 -81.7569554036764,36.3390481083573 -81.7572454036903,36.3393001091347 -81.7574814036985,36.3394991097559 -81.7575724036895,36.3395641099759 -81.7577114036761,36.3396631103111 -81.7578044036471,36.3397111105055 -81.7578874036139,36.3397471106678 -81.7579794035626,36.3397741108266 -81.7581114034773,36.3398021110369 -81.7582684033655,36.3398261112719 -81.7585794031476,36.3398761117409 -81.7590334028501,36.3399651124506 -81.7593914026313,36.3400471130283 -81.7594474025881,36.340052113106 -81.7595764024961,36.3400701132954 -81.7596754024164,36.3400761134283 -81.7597664023283,36.3400691135304 -81.760058402083,36.3400781139082 -81.7602994018753,36.340081114213 -81.760404401799,36.3400941143643 -81.7607124016389,36.3401841148902 -81.7609324015082,36.3402341152427 -81.7611304013566,36.3402511155155 -81.7613134011873,36.3402431157303 -81.7615284009763,36.3402241159675 -81.7617094007909,36.3402021161579 -81.7618854005996,36.3401721163297 -81.76206740039,36.3401321164934 -81.7623454000588,36.3400631167317 -81.7627833995017,36.3399291170689 -81.7629573992601,36.3398611171805 -81.7630473991247,36.3398181172262 -81.7631623989357,36.3397511172661 -81.763441398444,36.3395651173279 -81.7637563979006,36.3393671174178 -81.7640713973543,36.3391701175111 -81.7643863968025,36.3389721176047 -81.7647013962479,36.3387751177017 -81.7648813959912,36.3387081178273 -81.7649523959406,36.3387191179338 -81.7650383960047,36.3388241182021 -81.7651073960548,36.3389071184153 -81.7652083961199,36.3390221187172 -81.7653003961501,36.339105118959 -81.7654303961545,36.3391941192574 -81.7655943961512,36.3392991196223 -81.7657293961279,36.3393701198991 -81.7659593960758,36.3394811203549 -81.7662373959825,36.3395921208701 -81.7665223958907,36.3397071213991 -81.7667573958468,36.3398231218662 -81.7671883957829,36.3400441227331 -81.7675033957395,36.3402051233641 -81.7678183956995,36.3403661239935 -81.7680903956793,36.3405131245477 -81.7683893956624,36.3406761251575 -81.7686883956518,36.3408411257688 -81.7689253956459,36.3409721262526 -81.7690193957207,36.3410751265188 -81.768998396059,36.3412891268055 -81.768963396443,36.3415261271088 -81.768969396709,36.3417071273806 -81.7689943970585,36.3419541277719 -81.7690273973794,36.3421861281509 -81.7690503974854,36.3422691282999 -81.7690813975895,36.342355128463 -81.7691683976778,36.3424601287215 -81.7693113976242,36.3425001289527 -81.7695293974341,36.3424891292003 -81.76981339715,36.3424511294886 -81.7699433970326,36.3424421296328 -81.7700783969296,36.3424451298005 -81.7702103968582,36.3424671299919 -81.7703343968103,36.3425001301894 -81.7704653967788,36.3425471304154 -81.7706073968042,36.3426361307148 -81.770715396879,36.342739130993 -81.7708293970231,36.3428891313454 -81.7709303971473,36.3430191316531 -81.7710073972236,36.3431061318701 -81.771076397272,36.3431711320458 -81.7711803973188,36.3432521322862 -81.7713563973662,36.3433681326623 -81.7714663973767,36.3434281328793 -81.7715713973709,36.3434751330717 -81.7716703973478,36.3435081332368 -81.7719193972092,36.3435401335795 -81.7720803970883,36.343541133773 -81.772142397038,36.3435391338442 -81.7721963969921,36.3435361339044 -81.7722923968997,36.3435241340021 -81.7723793967852,36.3434941340636 -81.77254439653,36.343414134148 -81.7727483962262,36.343323134264 -81.7728523960943,36.3432911343435 -81.7729413960128,36.3432831344389 -81.7731153959182,36.3433071346808 -81.773257395878,36.3433491349094 -81.773390395873,36.3434081351509 -81.7735743958925,36.3435051355059 -81.7738793959742,36.3436941361325 -81.7739793960068,36.3437591363418 -81.7740753960379,36.3438211365419 -81.7742273961145,36.3439351368804 -81.7743623962082,36.3440511372009 -81.7744663962974,36.3441501374608 -81.7745763964502,36.3442891377826 -81.7747103966743,36.3444801382039 -81.774809396834,36.344617138509 -81.774832396858,36.344641138569 -81.7748403968861,36.3446611386059 -81.7749403970955,36.3448271389515 -81.7750603974501,36.3450861394474 -81.7751343976583,36.3452391397436 -81.7752053977926,36.3453471399743 -81.7753443979622,36.3455031403497 -81.7754783980698,36.3456201406654 -81.7756643981564,36.3457451410519 -81.7758643983077,36.3459121415109 -81.7759253983855,36.3459811416753 -81.7760193986701,36.3461821420567 -81.7760723988601,36.3463121422942 -81.7761733991004,36.3464891426503 -81.7762343991662,36.3465501428029 -81.7764783991958,36.3466591432304 -81.7768213992014,36.3467901438001 -81.7771303993223,36.3469721443979 -81.7772703994236,36.3470801447023 -81.7775373996787,36.3473191453258 -81.777804399938,36.3475581459474 -81.7780684002215,36.347807146577 -81.7783324005075,36.3480551472033 -81.7786304008631,36.3483501479277 -81.7787774010379,36.3484941482822 -81.7788874010988,36.348563148496 -81.7789734010625,36.3485711486027 -81.7791304008538,36.3485081486959 -81.7792694006349,36.3484341487547 -81.7794284003681,36.3483411488115 -81.7795584001291,36.3482541488439 -81.7798103996441,36.3480751488943 -81.7798993995005,36.3480271489322 -81.7800223993227,36.3479721489995 -81.7802733989928,36.347878149161 -81.7804373988091,36.3478341492893 -81.7805453986991,36.3478111493817 -81.7807563985234,36.3477871495893 -81.7808663984193,36.3477681496892 -81.7810683982144,36.3477261498638 -81.7814763977965,36.3476401502157 -81.7816743976019,36.3476031503929 -81.7818163974631,36.3475771505209 -81.7819723973327,36.3475601506761 -81.7823313970574,36.3475341510504 -81.7825653968854,36.3475211512994 -81.7827193968534,36.3475541515156 -81.7828923968806,36.3476231517984 -81.7830373968886,36.3476731520253 -81.7834013968147,36.3477501525334 -81.7836153965708,36.3476941527058 -81.7838653963016,36.3476371529181 -81.7842923958102,36.3475251532636 -81.7846473955047,36.347484153616 -81.7850483951692,36.3474431540209 -81.785225395023,36.3474261542012 -81.7853943949062,36.3474211543871 -81.7855493948064,36.3474201545619 -81.7857073947314,36.347432154756 -81.7858373946846,36.3474491549242 -81.785958394658,36.3474731550906 -81.7861203946722,36.3475291553421 -81.7865663946576,36.3476561560005 -81.7868213946539,36.3477301563778 -81.7870213946434,36.3477841566685 -81.7872863947434,36.3479091571168 -81.7875393948593,36.3480371575542 -81.7876513948632,36.3480711577206 -81.7877873948974,36.3481261579388 -81.7880063949396,36.348208158282 -81.788169394931,36.3482501585146 -81.7882593948939,36.3482581586252 -81.7884003947982,36.3482531587777 -81.7884823946649,36.3482141588242 -81.788522394602,36.3481961588481 -81.7885983944785,36.3481601588914 -81.7886353944194,36.3481431589132 -81.7887953942186,36.3480951590372 -81.7890293940677,36.348091159296 -81.7891583940218,36.3481061594587 -81.7893003939966,36.348134159651 -81.7894293939969,36.3481701598379 -81.7895433940175,36.3482111600135 -81.7896253940665,36.3482561601577 -81.7897283941558,36.348325160353 -81.7898283942978,36.3484171605712 -81.7899313944783,36.3485271608132 -81.7900373947503,36.3486791611065 -81.7901353950589,36.3488451614064 -81.7901933953034,36.3489711616155 -81.790239395584,36.349110161826 -81.7902823959773,36.3492991620902 -81.7902893960707,36.3493431621483 -81.7902973962077,36.3494071622305 -81.7903043967967,36.349675162545 -81.7903233975253,36.3500091629483 -81.79036539851,36.3504641635148 -81.7903953987289,36.3505701636687 -81.7904623989732,36.3506961638857 -81.7905713991741,36.3508121641365 -81.7907133992743,36.3508901643795 -81.7908083993436,36.3509431645429 -81.7908863997165,36.3511281648376 -81.790863399958,36.3512311649298 -81.7908524004364,36.3514431651589 -81.7909074010075,36.3517111655225 -81.7909784015384,36.3519641658857 -81.7910174016517,36.3520231659943 -81.7910354017035,36.3520501660442 -81.7912034021237,36.3522731664758 -81.7912274027697,36.3525661668327 -81.7911974033844,36.3528341671042 -81.791167403566,36.3529091671574 -81.7911104038176,36.3530101672118 -81.7910624039978,36.3530811672417 -81.79091840449,36.3532731673082 -81.7907614050572,36.3534971673984 -81.7906924054182,36.353646167496 -81.7906424058351,36.3538241676467 -81.790630406198,36.3539851678177 -81.7906564064832,36.3541181679963 -81.7907374068801,36.3543111683 -81.7907624070349,36.35438516841 -81.7907844072379,36.3544801685408 -81.7907994074014,36.3545561686427 -81.7908034076629,36.3546741687811 -81.7907964079665,36.3548091689274 -81.7907744082913,36.3549511690664 -81.7907404085647,36.3550681691648 -81.7906924089343,36.3552261692957 -81.7906844091686,36.355330169406 -81.7906944093452,36.3554111695084 -81.7907134095543,36.3555081696382 -81.7907544098313,36.355639169829 -81.7908374101409,36.355791170086 -81.7909364103117,36.3558831702906 -81.7910764103571,36.3559251704797 -81.7913034102899,36.3559301707146 -81.7914264102812,36.3559451708557 -81.7915644103013,36.3559751710288 -81.7916674103268,36.3560021711631 -81.791791410411,36.3560581713511 -81.791896410638,36.356174171587 -81.7919714108554,36.3562811717823 -81.7921934113139,36.3565151722667 -81.7923214115708,36.3566461725409 -81.7923964118047,36.3567591727417 -81.7925094122055,36.3569501730668 -81.7926854127306,36.3572031735226 -81.7928874132879,36.3574721740204 -81.7929744135409,36.35759317424 -81.7930694138822,36.3577531745102 -81.7932044144558,36.3580181749349 -81.7933294150091,36.3582721753366 -81.7934374155365,36.3585121757055 -81.7934964158598,36.3586581759231 -81.7935454161979,36.3588091761362 -81.7935864165267,36.3589551763359 -81.7936144168661,36.3591041765262 -81.7936404173456,36.3593131767801 -81.7936464175883,36.3594181769009 -81.7936584179808,36.3595881770985 -81.7936704187687,36.3599281774823 -81.7936754197791,36.3603631779633 -81.7936664206737,36.3607471783753 -81.7936524213132,36.3610211786622 -81.7936304216471,36.3611631787972 -81.7935724220934,36.3613511789492 -81.7935304224507,36.3615021790758 -81.7934954227346,36.3616221791751 -81.7934464230365,36.3617491792692 -81.7933924233526,36.3618821793655 -81.7933164236968,36.3620261794539 -81.7932274240906,36.3621911795538 -81.7930834246034,36.362405179658 -81.7932534243898,36.3623221797219 -81.793476424029,36.362179179769 -81.7936504238287,36.3621031798454 -81.7937584237393,36.3620711799095 -81.7938584236764,36.3620501799785 -81.7941974235492,36.3620161802531 -81.794366423476,36.3619951803857 -81.7945304233915,36.3619691805085 -81.7946704232984,36.3619381806038 -81.794804423194,36.3619021806884 -81.7949634230383,36.3618461807746 -81.7950944228957,36.3617941808396 -81.7951784227644,36.3617441808635 -81.7952574226098,36.3616841808722 -81.7953394224139,36.3616071808656 -81.7954404221408,36.3614991808437 -81.7955374218102,36.3613671807928 -81.7956124215111,36.3612471807345 -81.7956814211335,36.3610941806358 -81.7958054202925,36.3607521803879 -81.7959424194821,36.3604251801694 -81.7960174190372,36.3602461800504 -81.7961004185512,36.3600511799225 -81.7962584175947,36.3596681796677 -81.7963254173482,36.3595721796303 -81.7963374173021,36.3595541796228 -81.7965084167483,36.359341179562 -81.7967424160459,36.3590741795063 -81.7970024152646,36.3587791794483 -81.7971734148213,36.3586151794427 -81.7972784146159,36.3585421794686 -81.7973774144753,36.3584951795158 -81.7974724143697,36.3584621795739 -81.7976014142968,36.3584461796827 -81.7977714142549,36.3584471798491 -81.7980024141971,36.3584481800747 -81.7983624140362,36.3584211803972 -81.7987424138568,36.3583891807343 -81.7991564136451,36.3583481810957 -81.7995984133895,36.3582931814708 -81.8000744130597,36.3582131818548 -81.8005634126905,36.3581201822398 -81.8007044125676,36.3580871823449 -81.8008214124357,36.3580481824207 -81.8009304122722,36.357996182476 -81.8010274120911,36.3579361825119 -81.8011484118411,36.3578521825478 -81.8013574112916,36.3576621825665 -81.8014254109076,36.3575211824953 -81.8014494106265,36.3574151824151 -81.8015054099371,36.3571551822159 -81.8015674090532,36.3568211819508 -81.8016224085278,36.3566251818141 -81.8016554083357,36.3565551817788 -81.8017864079452,36.3564211817792 -81.8022494067948,36.3560391818737 -81.8025834060326,36.3557921819727 -81.8029174052675,36.355546182075 -81.8030284050509,36.3554791821237 -81.8031694048626,36.3554271822174 -81.8032954048037,36.3554221823408 -81.8034764048841,36.3554771825772 -81.8036454050732,36.355571182838 -81.8038204051679,36.3556301830714 -81.8039214051667,36.3556431831861 -81.8040374051122,36.355638183299 -81.8041324050142,36.3556141833728 -81.8042934047746,36.3555461834724 -81.8046084042714,36.355401183657 -81.8051574033729,36.3551431839771 -81.8056014026219,36.3549281842333 -81.8060564018493,36.3547091845 -81.8063914013154,36.3545621847111 -81.8066654009377,36.3544641849049 -81.8067764008165,36.3544361849942 -81.8068804007283,36.3544191850863 -81.8071384005706,36.3543991853347 -81.8073904004428,36.354389185586 -81.8075184003641,36.3543791857092 -81.8076414002678,36.3543621858212 -81.8077454001369,36.3543301859003 -81.8078793999433,36.3542801859945 -81.8080703996085,36.354188186111 -81.8083043991423,36.3540561862374 -81.8085273986532,36.3539151863455 -81.8086823982413,36.3537921863993 -81.8088103978537,36.35367418643 -81.8089493973242,36.3535081864308 -81.8090923967232,36.3533181864157 -81.80919639622,36.3531571863856 -81.8093113955313,36.3529331863131 -81.8094413947713,36.3526871862383 -81.809570394161,36.3524941862089 -81.8097773932749,36.3522181861922 -81.8098923928709,36.3520961862104 -81.8100003925583,36.352005186248 -81.8101133922858,36.351929186304 -81.8102743919723,36.3518471864066 -81.8104093917687,36.3517991865104 -81.8105283916041,36.3517621866066 -81.8107083914097,36.3517251867683 -81.8112403909528,36.351657187282 -81.8113593907254,36.3515991873614 -81.811655390428,36.3515471876362 -81.8118893901953,36.3515071878547 -81.8120753900417,36.3514861880375 -81.8122843898912,36.3514701882492 -81.8127663895697,36.3514421887451 -81.8132303892115,36.3513991892099 -81.8136353888873,36.3513581896133 -81.8137793887855,36.3513481897605 -81.8139753886877,36.3513481899717 -81.8143283885327,36.3513551903577 -81.8146193883695,36.3513491906666 -81.8148783881461,36.3513181909216 -81.8151743878458,36.3512681912019 -81.8155843874046,36.3511911915849 -81.815920387014,36.3511191918928 -81.8161963866524,36.3510471921364 -81.8164883862349,36.3509601923866 -81.8167813857749,36.3508601926288 -81.8169913854554,36.3507921928057 -81.8172223851241,36.3507241930059 -81.8174073848844,36.3506781931727 -81.8176983845573,36.3506221934479 -81.8179793842376,36.3505671937134 -81.8181773840077,36.3505271938998 -81.8183373837974,36.350487194045 -81.81843738365,36.3504571941322 -81.818540383466,36.3504161942148 -81.8186533832384,36.3503631942997 -81.8187613829942,36.3503041943751 -81.8188613827252,36.3502361944353 -81.819092381985,36.3500421945488 -81.8193173812577,36.3498521946598 -81.8194483808892,36.3497591947376 -81.819588380534,36.34967219483 -81.8197743801171,36.3495741949657 -81.8203243789988,36.3493221953965 -81.8204873786775,36.3492511955276 -81.8207053783078,36.3491751957166 -81.8208143781484,36.3491451958168 -81.8209023780527,36.3491311959048 -81.8211603778171,36.3491041961728 -81.8213173776522,36.3490811963315 -81.8214403774903,36.349053196449 -81.8216083772272,36.3490021966011 -81.8217923769053,36.348936196761 -81.8220443764708,36.3488481969823 -81.822170376276,36.3488111970979 -81.8223223761314,36.348794197256 -81.822540375971,36.3487841974925 -81.8227373758426,36.3487801977097 -81.8230483756077,36.3487641980462 -81.8234153752666,36.3487261984309 -81.8236853749882,36.348690198709 -81.8242303744131,36.348614199269 -81.8244073742683,36.3486021994593 -81.8245703741518,36.3485961996378 -81.824822374013,36.3485991999216 -81.8250083739672,36.3486182001416 -81.8252393739458,36.3486522004212 -81.8253723739724,36.3486832005893 -81.8254653740229,36.3487142007125 -81.8255593740966,36.3487522008411 -81.8256623742469,36.3488142009946 -81.8258253743764,36.3488802012172 -81.8259213743887,36.3489002013365 -81.8260173743363,36.3489012014441 -81.8261503742112,36.3488872015836 -81.8263413739873,36.3488542017763 -81.8266583735796,36.3487892020903 -81.8269003732318,36.3487292023241 -81.8271163728948,36.3486682025287 -81.8273353725552,36.3486072027372 -81.827530372222,36.3485442029179 -81.8277683717791,36.348457203133 -81.8279493714003,36.34837920329 -81.8281903708416,36.348260203491 -81.828407370313,36.3481462036687 -81.8286403697556,36.3480272038622 -81.8288913692167,36.3479172040821 -81.8291613686819,36.3478122043271 -81.8292713684838,36.3477752044304 -81.8293803683177,36.3477472045378 -81.8296273679669,36.3476912047857 -81.8299033676219,36.3476422050708 -81.8301413673317,36.3476022053182 -81.8304133670196,36.3475622056044 -81.8306643667484,36.3475302058716 -81.830757366633,36.3475142059683 -81.8308473665015,36.347493206059 -81.8309933662489,36.3474482062003 -81.8311703658795,36.3473762063625 -81.8313303655344,36.3473082065079 -81.8314793652638,36.3472592066512 -81.831690365108,36.3472532068882 -81.831927365015,36.3472692071665 -81.8321453649632,36.3472932074272 -81.832355364953,36.3473272076839 -81.8325443649348,36.3473552079133 -81.8326773649051,36.3473702080723 -81.8327913648403,36.3473722082029 -81.8329113647281,36.3473622083342 -81.8330473645217,36.347329208472 -81.8332193641024,36.3472442086243 -81.8333093638039,36.3471782086933 -81.833640362438,36.3468632089122 -81.8338023617822,36.3467132090226 -81.8339993611753,36.3465832091838 -81.8344233599879,36.3463372095499 -81.8345863594762,36.3462282096845 -81.8348523586457,36.3460522099061 -81.8350833580661,36.3459382101184 -81.8354223573735,36.3458142104519 -81.835769356725,36.3457042108025 -81.8361163560777,36.3455952111547 -81.8365243552838,36.3454592115667 -81.836993354281,36.3452802120321 -81.8372043537619,36.3451822122344 -81.8373943532298,36.3450772124097 -81.8375643526764,36.344963212558 -81.8377893519263,36.3448082127535 -81.8379463514403,36.3447102128949 -81.8381433509051,36.3446072130817 -81.8382793505811,36.3445482132163 -81.838497350147,36.3444762134422 -81.8386803498027,36.3444212136346 -81.8388113495648,36.3443842137734 -81.8389973491787,36.3443192139656 -81.8393233484727,36.3441982143003 -81.8395983478251,36.3440832145782 -81.8398973471149,36.343957214881 -81.8402503461944,36.3437882152318 -81.8407383449334,36.3435592157214 -81.8409993442578,36.3434372159849 -81.8411893437717,36.343350216178 -81.8413323433678,36.3432752163199 -81.8414763428643,36.3431752164537 -81.841632342252,36.3430502165927 -81.8417713417226,36.3429432167188 -81.8419863409433,36.3427882169185 -81.8421963402132,36.3426452171178 -81.8424353394183,36.3424922173493 -81.842700338493,36.3423122176034 -81.8431163370283,36.3420282180046 -81.8432723365149,36.3419312181595 -81.8434283360723,36.3418522183211 -81.8436043356086,36.3417722185072 -81.8438573349803,36.3416672187789 -81.8441023343609,36.341563219042 -81.8442723338182,36.3414632192154 -81.84438133347,36.3413992193268 -81.844549332653,36.3412312194755 -81.8449533307128,36.3408352198389 -81.845192329557,36.3406002200559 -81.8453553288529,36.3404612202118 -81.8454983282865,36.3403522203534 -81.8456023279808,36.3402992204651 -81.8456893277465,36.3402602205605 -81.8458723274078,36.3402162207737 -81.8461903268731,36.340153221149 -81.8464223264615,36.3401022214215 -81.8466623259847,36.3400372217001 -81.8467943256799,36.3399912218504 -81.8469223253247,36.3399322219918 -81.8470473249224,36.3398612221261 -81.8471613244468,36.3397702222409 -81.8472563239998,36.3396822223332 -81.847434322987,36.3394752224941 -81.8475123225536,36.3393872225657 -81.8476143220567,36.3392892226648 -81.8477433214809,36.3391782227944 -81.8479003208662,36.3390642229587 -81.8480363203732,36.3389752231043 -81.8481573199761,36.3389062232371 -81.8482653197276,36.3388702233631 -81.8484623194428,36.3388452236048 -81.8484793194147,36.3388422236254 -81.8484983194098,36.3388452236502 -81.848586319329,36.3388452237614 -81.848679319277,36.3388532238811 -81.8488413192953,36.3388932240968 -81.849061319332,36.3389502243901 -81.8491453193473,36.3389722245021 -81.8492643193768,36.3390052246611 -81.8494003191352,36.338977224825 -81.8495293186312,36.3388852249631 -81.8496453180206,36.3387652250778 -81.8497453174155,36.338643225172 -81.8499243167194,36.3385172253657 -81.8500753162544,36.3384402255373 -81.8502013158585,36.3383742256802 -81.8503173154545,36.3383042258097 -81.8505703145446,36.3381452260913 -81.8507023141025,36.3380702262407 -81.8508503136828,36.338004226413 -81.8511323128803,36.3378782267421 -81.8512663122975,36.3377712268874 -81.8514293111576,36.3375402270407 -81.8515733100634,36.3373162271724 -81.8516593094848,36.3372002272556 -81.8517293091091,36.3371282273289 -81.851810308748,36.3370622274179 -81.8519093084245,36.3370092275332 -81.8520193081883,36.3369792276683 -81.852123308022,36.3369642277991 -81.8523273077789,36.3369542280602 -81.8524163076315,36.3369402281719 -81.8525853071688,36.3368712283749 -81.8528643058857,36.3366372286846 -81.8530413051577,36.3365092288864 -81.8532043047231,36.3364462290845 -81.8533053045098,36.3364202292102 -81.8535513043246,36.3364342295327 -81.8536593043902,36.3364742296812 -81.8537723045335,36.3365332298399 -81.8539673048349,36.3366472301158 -81.8542313052264,36.3367972304875 -81.8544923056759,36.3369592308564 -81.8548863063704,36.3372062314114 -81.8549863062819,36.3372082315405 -81.8551023057788,36.3371192316734 -81.8552883046927,36.3369132318757 -81.8555053033316,36.3366522321094 -81.85572330197,36.3363922323464 -81.8560982995979,36.335940232757 -81.8563572979316,36.3356232330427 -81.8564732972499,36.335496233174 -81.8566022965138,36.3353602333212 -81.8568472951761,36.3351162336047 -81.8570652939162,36.3348842338561 -81.8573362922802,36.3345812341684 -81.8574072918702,36.3345062342513 -81.8574612915583,36.3344492343145 -81.8576322906476,36.3342862345177 -81.8579042892277,36.3340342348437 -81.8580332885774,36.3339202349997 -81.8582342875471,36.3337392352433 -81.8584562863968,36.3335372355134 -81.8585872856861,36.3334112356724 -81.8586392853677,36.3333532357346 -81.8587302848077,36.3332512358436 -81.8589672833539,36.3329872361291 -81.8590422829045,36.3329062362201 -81.859127282457,36.3328282363252 -81.8592052821571,36.3327812364249 -81.8592982818763,36.332742236546 -81.8593872816677,36.3327182366635 -81.8597282810713,36.3326712371198 -81.8599452806043,36.3326222374082 -81.860118280159,36.3325672376366 -81.8602642797208,36.3325072378281 -81.8603662793774,36.3324572379612 -81.8604582790222,36.3324022380804 -81.8605992783917,36.3322992382613 -81.8607022778813,36.3322132383927 -81.8608062773188,36.3321162385246 -81.8608862768198,36.3320272386249 -81.8609552763651,36.331945238711 -81.8610692754776,36.3317802388508 -81.8611852746186,36.3316222389946 -81.8613092737353,36.3314612391496 -81.861422273006,36.3313312392929 -81.8615792721045,36.3311752394949 -81.8617902709716,36.3309832397691 -81.8620372697286,36.3307772400931 -81.8621742690712,36.330670240274 -81.8623532682886,36.3305472405123 -81.8625252675963,36.3304422407429 -81.8625732674229,36.3304172408076 -81.8627862666565,36.3303072410955 -81.8629802659673,36.3302092413585 -81.8629942659178,36.3302022413775 -81.8632132651923,36.3301032416758 -81.8634982642918,36.3299842420656 -81.863757263519,36.3298862424213 -81.8638672632212,36.3298512425729 -81.8639802629851,36.3298302427296 -81.8640832627938,36.3298162428727 -81.8644232621861,36.3297752433458 -81.8645392619645,36.3297582435071 -81.864619261782,36.3297402436182 -81.8648032611989,36.3296642438723 -81.8649602605963,36.3295772440887 -81.8651032600241,36.3294932442859 -81.865273259276,36.3293792445204 -81.8654152586038,36.3292742447163 -81.8655072580922,36.3291902448431 -81.8655662576212,36.3291062449236 -81.8656072571533,36.3290182449788 -81.8656752561017,36.3288142450689 -81.8657222553696,36.3286722451314 -81.8657792545674,36.328518245208 -81.8658142541152,36.3284322452554 -81.8658732536134,36.3283422453368 -81.8659762529459,36.3282292454803 -81.8660742522602,36.3281112456169 -81.8661662515482,36.3279862457452 -81.8662212510352,36.3278932458218 -81.8662862502853,36.3277532459118 -81.8663512494587,36.3275972460019 -81.8664002486426,36.3274392460692 -81.8664202480496,36.3273202460959 -81.8664212476386,36.3272342460959 -81.8664082471078,36.3271192460753 -81.8663982465493,36.3269992460589 -81.8664202456724,36.3268212460876 -81.8664572448515,36.3266592461383 -81.8665472432253,36.3263432462636 -81.8666262425328,36.3262202463764 -81.8666892421667,36.326161246467 -81.8667602418326,36.3261112465694 -81.8668772413693,36.3260472467387 -81.8669762409538,36.325988246882 -81.8670922404766,36.3259212470502 -81.8672072399954,36.3258532472171 -81.8673152394992,36.3257802473741 -81.8674292389512,36.3256982475401 -81.8675212384229,36.3256142476741 -81.8676102378357,36.3255172478041 -81.8676992371134,36.3253922479344 -81.8677742363999,36.3252652480446 -81.867835235859,36.3251702481343 -81.8678972352105,36.3250532482258 -81.8679522346001,36.3249422483072 -81.8680202339471,36.3248262484079 -81.8680602335735,36.3247602484672 -81.8681492328711,36.3246402485993 -81.8682392322776,36.3245432487329 -81.8683702314908,36.3244182489277 -81.8684542310058,36.3243422490528 -81.8685722302404,36.3242182492291 -81.8686912295452,36.3241092494071 -81.868859228649,36.3239732496586 -81.8689782280488,36.3238842498371 -81.8690912275243,36.3238092500066 -81.8691992270161,36.3237362501689 -81.8693272263914,36.3236452503616 -81.8694842256222,36.3235332505985 -81.8696812246774,36.3233972508964 -81.8699062235831,36.3232392512376 -81.8701582222323,36.3230372516221 -81.8703902210834,36.3228712519765 -81.8704802206291,36.3228052521143 -81.8705672201347,36.3227302522482 -81.8708192185295,36.322478252639 -81.8710032173449,36.3222922529256 -81.8711532163954,36.3221442531598 -81.871385215022,36.3219352535222 -81.871579213791,36.3217442538272 -81.8717932124978,36.3215472541642 -81.8721952100167,36.3211682548012 -81.8724512083635,36.3209132552102 -81.8727092066631,36.3206502556248 -81.8729962048887,36.3203822560864 -81.8731872037117,36.3202052563947 -81.8732912030169,36.3200982565639 -81.8733442025952,36.3200302566515 -81.873405201676,36.3198652567598 -81.8734302011272,36.3197632568073 -81.873459200652,36.3196772568597 -81.8735471998843,36.3195512570071 -81.8736671992058,36.3194532572019 -81.8737521988621,36.3194112573376 -81.8739631981396,36.3193332576723 -81.8741131976426,36.3192812579102 -81.8743441965296,36.319132258284 -81.8746891946086,36.3188592588495 -81.8748341937021,36.3187252590901 -81.8749561930281,36.318630259291 -81.8750481925427,36.3185632594422 -81.8751641917454,36.3184422596373 -81.8752701906545,36.3182602598241 -81.8753981891064,36.3179952600557 -81.875555187159,36.3176612603422 -81.8756981854899,36.317378260602 -81.8758401838197,36.3170952608613 -81.8760701810243,36.316620261286 -81.8761921795433,36.3163692615125 -81.8763011784032,36.3161812617109 -81.8764031775641,36.3160502618912 -81.8765051768007,36.3159342620699 -81.876640175899,36.315802262304 -81.8767341753313,36.3157222624658 -81.8768531747002,36.3156382626685 -81.8769461743071,36.3155922628244 -81.8771431734398,36.3154882631559 -81.8772841728461,36.3154192633927 -81.8776751713214,36.3152522640475 -81.8779021704443,36.3151572644281 -81.8780581697907,36.3150822646916 -81.878190169198,36.3150112649161 -81.8783051686392,36.3149412651132 -81.8783911681607,36.3148772652625 -81.8784911675389,36.3147902654385 -81.8785841668872,36.3146952656047 -81.8786621662557,36.3145992657469 -81.8787641654371,36.3144752659331 -81.8788361648666,36.3143892660644 -81.8789211642006,36.3142892662195 -81.8790771631507,36.3141392664989 -81.8791791625105,36.3140502666805 -81.8793041617722,36.3139502669017 -81.8794161611027,36.3138592671005 -81.8795181605438,36.3137862672801 -81.8795931601777,36.3137412674107 -81.8796741598424,36.3137042675498 -81.8798101593997,36.3136652677794 -81.8799731589141,36.3136272680531 -81.8805431573013,36.3135112690085 -81.8811421555014,36.3133702700184 -81.8813081549493,36.3133212703008 -81.881364154771,36.3133062703958 -81.8817571534403,36.3131862710662 -81.8820631523144,36.3130762715928 -81.8823351512205,36.3129612720654 -81.8825851502116,36.3128552725008 -81.8828301492152,36.3127502729284 -81.883121147996,36.3126192734387 -81.8834411465673,36.312459274005 -81.8837731449905,36.3122762745983 -81.8840161437854,36.3121332750358 -81.8842011428013,36.3120122753726 -81.8844111415608,36.3118522757614 -81.8846351401904,36.3116732761793 -81.884784139197,36.3115392764618 -81.8849811378662,36.3113592768368 -81.8851371366519,36.3111872771423 -81.8852531356663,36.3110442773739 -81.8854081341698,36.3108202776929 -81.8854971331939,36.3106702778822 -81.8855811322751,36.3105292780611 -81.8856391315016,36.3104062781917 -81.8856861308835,36.3103082782972 -81.8857271302925,36.3102132783919 -81.8857901297845,36.3101412785178 -81.8859181289966,36.3100402787614 -81.8862561273935,36.309862279382 -81.886422126607,36.3097752796873 -81.8865211261096,36.3097182798711 -81.886592125714,36.309670280005 -81.8867251248574,36.309559280262 -81.8868951238368,36.3094312805873 -81.8870431230203,36.3093332808671 -81.8872341221207,36.3092352812205 -81.8873451216846,36.3091942814214 -81.887458121288,36.3091612816236 -81.8878481200594,36.3090732823142 -81.888177119006,36.3089962828985 -81.8886631174454,36.3088822837631 -81.8890301163366,36.3088092844129 -81.8890771161964,36.308800284496 -81.8894121151751,36.3087322850904 -81.8897111142827,36.3086752856203 -81.8900371133814,36.3086262861942 -81.8906791116843,36.3085442873207 -81.8910401107122,36.3084952879559 -81.8914231096348,36.3084352886332 -81.891900108278,36.3083582894785 -81.8923441066955,36.308230290287 -81.8925811057269,36.3081402907273 -81.8928061047578,36.3080462911491 -81.8930771035163,36.3079202916628 -81.8933011024552,36.3078102920904 -81.8935661010965,36.3076622926041 -81.8938070998448,36.3075252930733 -81.894074098477,36.3073772935927 -81.8942560976166,36.3072892939422 -81.8943830971091,36.30724429418 -81.8945460965299,36.3071992944802 -81.8949090955542,36.3071542951272 -81.895044095241,36.3071462953644 -81.8951420950755,36.3071512955322 -81.8953500947381,36.3071642958873 -81.8955540944949,36.3071922962291 -81.8959410940742,36.3072522968742 -81.8961560938968,36.3072952972283 -81.8963750937929,36.3073522975829 -81.8965640937028,36.3074012978888 -81.8968210934967,36.3074532983106 -81.8971220930426,36.3074772988203 -81.897455092288,36.3074602994033 -81.8977670913302,36.307401299969 -81.8983440893054,36.3072493010361 -81.8986660879907,36.3071333016471 -81.8989890866656,36.3070163022614 -81.8994060848164,36.3068423030671 -81.8994310847138,36.3068333031147 -81.8994870844555,36.3068083032239 -81.899497084412,36.3068043032432 -81.899668083654,36.3067333035742 -81.8997550831981,36.3066853037484 -81.8998290827386,36.3066323039025 -81.8998900823047,36.3065793040341 -81.8999930813566,36.306453304274 -81.9001010803918,36.3063263045236 -81.9002230792622,36.3061763048091 -81.9003820779091,36.3060013051722 -81.9005390770131,36.3059033054949 -81.9006310765965,36.3058643056751 -81.900773076037,36.3058183059465 -81.9009300754822,36.3057783062415 -81.9010990749856,36.3057523065507 -81.9013160743379,36.3057173069488 -81.9014760738173,36.305684307246 -81.9016350732449,36.3056423075462 -81.9017910726544,36.3055963078434 -81.9021030713764,36.3054883084466 -81.902328070411,36.3054033088858 -81.9025000696242,36.3053303092262 -81.902639068886,36.3052543095103 -81.9027810680513,36.3051633098079 -81.902944066957,36.3050363101618 -81.9030800659529,36.3049153104655 -81.9031890650752,36.3048063107156 -81.9032060649202,36.3047863107562 -81.9032700643504,36.304713310908 -81.9033430635637,36.3046073110934 -81.9033850630807,36.3045413112028 -81.9034310625052,36.3044613113269 -81.9034660619882,36.3043873114283 -81.9035240608466,36.3042173116219 -81.903561060307,36.3041403117287 -81.9036360593994,36.3040153119289 -81.9036940588635,36.3039463120691 -81.9038170580289,36.3038503123397 -81.9040230571583,36.3037773127462 -81.9041130568253,36.3037533129197 -81.9042200564745,36.3037323131219 -81.9044170558866,36.3037033134891 -81.9045610554458,36.3036803137586 -81.9048270546157,36.3036353142581 -81.9050280539394,36.3035933146403 -81.9050640538214,36.3035863147084 -81.9052230532631,36.303549315013 -81.9054890522364,36.3034723155315 -81.9057090512992,36.3033943159688 -81.9059210503229,36.3033073163975 -81.9060250498111,36.303259316611 -81.9061710490822,36.3031903169119 -81.9063160482877,36.3031103172177 -81.9064180476689,36.3030443174386 -81.9064860471462,36.3029823175963 -81.9065380464984,36.3028943177405 -81.9065470458561,36.3027923178157 -81.9065060449599,36.302631317835 -81.9064900442489,36.3025093178766 -81.9065460433962,36.3023893180469 -81.9066620425916,36.3022983183088 -81.9066820424693,36.3022853183525 -81.9067630420387,36.3022433185231 -81.9068660415669,36.302202318733 -81.9069880410355,36.302158318979 -81.9070890406776,36.302135319175 -81.9072180402349,36.302108319424 -81.9072490401008,36.3020973194866 -81.9073200399052,36.302090319619 -81.9074980393751,36.302066319955 -81.9078940381909,36.3020123207034 -81.9081650373054,36.3019633212231 -81.9144169643099,36.2926233390274 -81.9180489200994,36.2871963501662 -81.9181169194644,36.2871263503567 -81.9178929170927,36.2866693502431 -81.9178739168968,36.2866313502328 -81.917780915971,36.2864503501781 -81.9177499150098,36.2862893502347 -81.9176609132584,36.285982350281 -81.9176419122466,36.285818350364 -81.9176209110784,36.2856293504612 -81.9175739103955,36.2855043504575 -81.9175019100463,36.2854203503718 -81.9173309095842,36.285277350126 -81.9172279091976,36.2851743499899 -81.9171149087808,36.2850623498396 -81.9169709082942,36.2849263496426 -81.916844907947,36.2848193494609 -81.916768907806,36.2847653493435 -81.9165359077142,36.2846523489445 -81.9162919077829,36.2845593485075 -81.9160539077982,36.2844603480866 -81.9158259076977,36.2843473476957 -81.9154089074586,36.2841313469854 -81.9152939073398,36.284063346795 -81.9151129071539,36.2839563464949 -81.9147529065189,36.2837013459258 -81.9147129062976,36.2836493458789 -81.9145279053431,36.2834193456541 -81.9143039041688,36.2831373453826 -81.9140789030079,36.2828563451064 -81.9138859018695,36.2825923448839 -81.9136929007346,36.2823283446597 -81.9134768999787,36.2821133443524 -81.9132608992259,36.2818983440437 -81.9130448984763,36.2816833437335 -81.9128288977297,36.281468343422 -81.912610897295,36.2813013430728 -81.9124898971853,36.2812293428647 -81.9124088971071,36.2811803427258 -81.9119658969673,36.2809573419345 -81.911845896908,36.280893341722 -81.9117308969417,36.2808463415088 -81.9116268970385,36.2808143413089 -81.9114508972664,36.2807703409638 -81.9113438974475,36.2807503407496 -81.9111928978051,36.2807383404366 -81.9110438982634,36.2807433401169 -81.9106198998409,36.2808013391791 -81.9104069002013,36.2807613387522 -81.9101219004822,36.2806753382012 -81.9098389002739,36.2805113377026 -81.9097249001913,36.2804453375013 -81.9095549000716,36.2803473372004 -81.9092678997942,36.2801693366992 -81.90904889959,36.2800343363151 -81.9089908995285,36.2799973362141 -81.9089798995231,36.2799913361943 -81.908742898947,36.2797873358128 -81.908596898499,36.2796463355864 -81.908558898214,36.2795823355439 -81.9083588967465,36.2792503353165 -81.9080908954579,36.2789143349432 -81.9078158949587,36.2787023344782 -81.9075708947437,36.2785503340405 -81.9073228949942,36.2784723335516 -81.9071838951885,36.2784373332722 -81.9070048955071,36.2784033329057 -81.9068608958393,36.2783883326036 -81.9066988963103,36.2783873322544 -81.9065668967907,36.2784023319607 -81.9061558987628,36.2785273310018 -81.9060168996284,36.2786023306592 -81.9057429015829,36.2787913299615 -81.9056309024947,36.2788873296661 -81.9053609051426,36.2791933289135 -81.9052509061551,36.2793073286136 -81.9049549084711,36.2795473278454 -81.904814909598,36.2796663274798 -81.9046599107794,36.2797873270815 -81.9044659124952,36.2799783265621 -81.9041829142482,36.2801333258735 -81.9038999159922,36.2802873251868 -81.9036169177393,36.2804423245008 -81.9033239194642,36.2805893237991 -81.9030319211833,36.2807363231008 -81.9027389229084,36.2808843224012 -81.9024469246217,36.2810313217054 -81.9018269274995,36.2812173202965 -81.9012729295055,36.2812893190876 -81.901156929824,36.2812873188431 -81.9010049302391,36.2812843185229 -81.9008149306026,36.2812543181356 -81.9007299306733,36.28122531797 -81.9004969305458,36.2810913175421 -81.9002639299898,36.2808843171488 -81.9000699296316,36.2807293168118 -81.8997669286767,36.2804193163162 -81.8996289277689,36.2801973161279 -81.8994829269391,36.2799843159175 -81.8992469257917,36.2796723155601 -81.8990109246552,36.2793613152001 -81.8987749235176,36.2790493148384 -81.8987519233743,36.2790133148056 -81.8985859223465,36.2787543145679 -81.8983979211762,36.2784593142979 -81.8982089200183,36.2781653140237 -81.8980209188554,36.2778703137505 -81.8977949172974,36.2774873134325 -81.8976599160254,36.2771993132678 -81.8975239147531,36.2769103131002 -81.8973889134863,36.2766223129332 -81.8972529122193,36.2763333127633 -81.8971169109549,36.2760443125921 -81.897014908959,36.2756463125422 -81.8969139069627,36.2752483124934 -81.8968529054945,36.2749623124831 -81.8968119042551,36.2747263124949 -81.8967709034848,36.2745713124713 -81.8967429020852,36.2743143125205 -81.8966539006781,36.2740233124485 -81.8965258997517,36.2737943122623 -81.8963858990491,36.2735973120347 -81.8962338985183,36.2734233117697 -81.8961178979634,36.273264311578 -81.8959898974703,36.2731093113573 -81.8958468970943,36.2729663110973 -81.8956828959755,36.2726823108485 -81.895518894854,36.2723973105988 -81.8953548937414,36.2721133103472 -81.8952728925157,36.2718543102689 -81.8952068909657,36.271547310246 -81.8952098891858,36.2712383103795 -81.8952118874091,36.2709293105107 -81.8952558856582,36.2706483107261 -81.8952998839121,36.2703683109413 -81.8953428821628,36.2700873111551 -81.8954428795284,36.26968431155 -81.8954768781732,36.2694673117177 -81.8953048761286,36.2690133115104 -81.8951408751512,36.2687493112415 -81.894976874171,36.2684843109717 -81.8947828732693,36.268215310633 -81.894589872368,36.267946310295 -81.8945108712132,36.2676983102113 -81.8944918696671,36.26741631028 -81.8944728681271,36.267135310348 -81.8944528665907,36.2668543104136 -81.8944788646558,36.2665303106036 -81.8945048627203,36.2662063107938 -81.8944608602724,36.2657513108724 -81.8943198582225,36.2653083107174 -81.8941318568944,36.264963310411 -81.8939568561862,36.264734310088 -81.8937428561078,36.2645923096378 -81.8934868566171,36.2645283090573 -81.8935438554356,36.2643543092591 -81.8935818546305,36.264235309395 -81.8936258526807,36.2639183096218 -81.8936758516348,36.2637643098002 -81.8939108495767,36.2635443104445 -81.8941448475186,36.263324311088 -81.8943088462005,36.2631923115311 -81.8944268453595,36.2631163118428 -81.8947628432723,36.2629543127097 -81.8950948416018,36.2628633135397 -81.895426839935,36.2627733143701 -81.8958838375332,36.2626313155223 -81.8963408351328,36.2624903166759 -81.8966758331356,36.2623463175404 -81.8968308319828,36.262240317958 -81.8968818316025,36.2622053180955 -81.897057829842,36.2620073186044 -81.8970828291118,36.261896318713 -81.8970948284732,36.261793318787 -81.8971028279354,36.2617053188448 -81.8970868275165,36.2616233188422 -81.8970098272018,36.2615223187009 -81.8969378271767,36.2614743185484 -81.8969108271674,36.2614563184912 -81.8964668275958,36.2612603175051 -81.8960228280357,36.261065316516 -81.8959378279787,36.2610033163368 -81.895748827858,36.2608663159372 -81.8955608267826,36.2605633156083 -81.8955068257342,36.260347315567 -81.8955008245044,36.2601293156428 -81.8955198230363,36.2598853157902 -81.8955818219081,36.2597273160067 -81.8956698209964,36.2596233162645 -81.8958128195884,36.2594673166784 -81.8958968188276,36.2593873169169 -81.8959518180897,36.2592933170907 -81.8959748175814,36.2592193171781 -81.8959948169801,36.2591273172658 -81.895986815875,36.2589303173293 -81.895837814778,36.2586463170837 -81.8957988143667,36.2585503170283 -81.8957818138992,36.2584583170251 -81.8957918133687,36.2583723170857 -81.895854812422,36.2582473172929 -81.8959878114283,36.2581583176573 -81.8962918095313,36.2580203184636 -81.8966228079204,36.2579493193088 -81.8969548063042,36.2578783201572 -81.8973768041621,36.2577733212431 -81.8975188034368,36.2577373216091 -81.8977648021932,36.2576773222425 -81.8978768013084,36.2575953225556 -81.897929800673,36.2575193227205 -81.8979297998756,36.2573823227823 -81.8977917995708,36.2572433225036 -81.8976787997629,36.2572053222412 -81.8973448006007,36.2571393214443 -81.8970308010253,36.2570143207221 -81.896715801462,36.2568903199958 -81.8963238017168,36.256685319112 -81.8961928015928,36.2565803188316 -81.8960758011419,36.2564273186058 -81.8960578005633,36.2563153186085 -81.8961947979207,36.2559443191066 -81.8963317952804,36.255574319606 -81.8965107930403,36.2553013201702 -81.8966727911436,36.2550773206722 -81.8967937899467,36.2549483210312 -81.8970527873879,36.2546733218007 -81.8973617847762,36.2544223226874 -81.8975957826384,36.2542053233725 -81.897627782344,36.2541753234664 -81.897732781746,36.2541403237465 -81.897831781182,36.2541073240106 -81.8982447796529,36.2541113250492 -81.8982877794855,36.254110325158 -81.8984437788991,36.2541103255509 -81.8985687784585,36.2541153258636 -81.8986887780133,36.2541163261653 -81.8987207779223,36.2541213262436 -81.8991367767046,36.2541803272639 -81.8993617759356,36.2541933278243 -81.8993787758659,36.2541923278676 -81.8997287744396,36.2541733287578 -81.900034772318,36.2540083296079 -81.9001857710483,36.2538893300461 -81.9002287705856,36.2538383301792 -81.9003277695221,36.2537213304858 -81.9003607689846,36.2536513306033 -81.9003637684657,36.2535653306527 -81.9003547679685,36.2534753306737 -81.9003377675548,36.2533943306701 -81.900298766363,36.2531673306816 -81.9003187658506,36.2530933307683 -81.9003647649619,36.2529723309437 -81.9004567637505,36.2528263312483 -81.9005497622389,36.2526303315802 -81.9006227611747,36.2524973318309 -81.9006537605895,36.2524183319485 -81.9007387595968,36.2523053322204 -81.9008057589563,36.252240332423 -81.9009447579692,36.2521633328151 -81.9011057573298,36.2521593332273 -81.9012297574784,36.2522643334908 -81.9013347585431,36.2525113336345 -81.9013647599897,36.2527743335789 -81.9013817619493,36.253115333451 -81.9014187627531,36.2532743334649 -81.901462763893,36.2534943334657 -81.9015307647114,36.2536753335464 -81.9015867655104,36.253845333602 -81.9016787664778,36.2540663337223 -81.9018637669072,36.2542553340923 -81.9020417667931,36.2543483344927 -81.9022017659008,36.2542993349204 -81.902290765179,36.2542343351778 -81.9023427643272,36.2541243353654 -81.9023557636994,36.2540273354483 -81.9023197628561,36.2538633354421 -81.9023507619813,36.2537363355858 -81.902421760573,36.2535453358638 -81.9025157591247,36.2533623361963 -81.902624757427,36.2531473365838 -81.9026507570474,36.2531003366742 -81.9027387558882,36.2529623369692 -81.9028527544797,36.2527993373436 -81.9028887540375,36.2527483374617 -81.902986752826,36.2526083377841 -81.9031897505236,36.2523533384347 -81.9033937482139,36.2520983390895 -81.9035467467331,36.251949339559 -81.90361574606,36.2518813397713 -81.9039407420621,36.2514243408474 -81.9039617411261,36.2512823409778 -81.9039567403263,36.2511463410383 -81.9039127398036,36.2510313409876 -81.9036477387589,36.250687340492 -81.9034627382923,36.2504903401215 -81.9034197380208,36.2504173400497 -81.9035147365225,36.2502293403945 -81.9035507358177,36.2501353405374 -81.9035827354768,36.2500993406391 -81.9036377348899,36.2500373408141 -81.903634734843,36.2499633409213 -81.9036827351909,36.24986334132 -81.9037047356135,36.2497683416379 -81.903618736344,36.2496943416197 -81.9036247367325,36.2496173418469 -81.9035777371987,36.2495643418716 -81.9034877380832,36.2494643419149 -81.9033877389902,36.2493673419243 -81.9031817400947,36.249310341551 -81.9028127419862,36.2492243408384 -81.9023767440939,36.249146339932 -81.9019407462002,36.2490683390262 -81.9018747465359,36.249053338898 -81.9015947479509,36.2489913383497 -81.9012497496915,36.2489153376734 -81.900904751431,36.2488393369976 -81.9005587531786,36.2487623363225 -81.9000317557367,36.2486643352415 -81.8998867566514,36.2485973350557 -81.8998387572433,36.2485203351469 -81.8998077581437,36.2483723354796 -81.8997017605567,36.2479923362663 -81.8995947629771,36.2476113370539 -81.8995347645253,36.2473613375973 -81.8994737655131,36.2472183378401 -81.8994287671132,36.2469473384808 -81.8993267685733,36.2467443387867 -81.8991917703851,36.2464983391289 -81.899083772508,36.2461733397609 -81.8989287744356,36.2459193400759 -81.8988897749629,36.2458473401779 -81.8986777772896,36.2455583404468 -81.8985457788213,36.2453623406597 -81.8984397800591,36.2452033408356 -81.8982037828859,36.2448353412673 -81.8979287851238,36.2446073412098 -81.8976567877037,36.2443113413516 -81.8975177894274,36.2440823416428 -81.8973887912375,36.2438293420272 -81.8971867946012,36.2433313429163 -81.8970967959217,36.2431433432179 -81.8970167972823,36.242940343587 -81.8970217975975,36.2428763437795 -81.8970237983259,36.2427353441808 -81.8972097984528,36.242577345092 -81.8974197979001,36.2425323457458 -81.8978107970617,36.2424123470642 -81.8982007962289,36.2422923483792 -81.8984037959983,36.2421913491711 -81.8985657960059,36.2420743499046 -81.8987717960756,36.2419143508682 -81.8991417963652,36.2415963526829 -81.8992217965507,36.2415043531398 -81.8994417973732,36.2411923545601 -81.8996657978829,36.2409373558304 -81.8999417984076,36.2406433573379 -81.9002177989354,36.2403493588439 -81.9003827990105,36.2402193596163 -81.9007527988672,36.2399873611817 -81.9008667987259,36.2399343616125 -81.9010587984923,36.2398443623397 -81.9010967984366,36.2398283624785 -81.9012947981975,36.2397353632286 -81.9016197981642,36.2395153646455 -81.9017857981516,36.2394023653704 -81.9019437981427,36.2392943660613 -81.9022347977188,36.2391723671205 -81.9023727973593,36.2391443675402 -81.9025987967663,36.2390993682249 -81.9029857955487,36.2390603692921 -81.9034127942112,36.2390163704719 -81.9038407928707,36.2389723716538 -81.9041057918683,36.238977372297 -81.9046107901595,36.2389493736255 -81.9050207886825,36.2389433746581 -81.9054307872111,36.2389363756934 -81.9058457856135,36.2389493766864 -81.9059887849684,36.2389713769809 -81.9060967845924,36.2389673772595 -81.9063887835553,36.2389603780023 -81.9067887821369,36.238950379021 -81.9071887807241,36.2389393800422 -81.9073437803542,36.2389023805269 -81.9074667802378,36.238840381 -81.907604780213,36.2387513815834 -81.9077397803464,36.2386353822323 -81.9077917811272,36.2384563828464 -81.9078787821439,36.2382103837285 -81.9078777839834,36.2378723846422 -81.9078777858192,36.2375343855584 -81.9078067871375,36.2373393859121 -81.9077637879405,36.2372203861289 -81.9077277885983,36.2371233863033 -81.9075837914834,36.2366883871291 -81.907577792471,36.2365103875974 -81.90757779367,36.2362893881971 -81.9076097941562,36.2361783885768 -81.9076777949734,36.2359823892752 -81.9077087956319,36.2358403897364 -81.9077217977344,36.2354443908422 -81.9077217991241,36.2351883915365 -81.9077498001903,36.234973392188 -81.9077768014666,36.23472039294 -81.9078098026511,36.2344803936712 -81.9078528036154,36.2342743943345 -81.9078968044297,36.2340953949269 -81.9079158046006,36.2340513950923 -81.9079458048462,36.2339863953415 -81.9079548049334,36.233964395423 -81.9079658050244,36.2339403955148 -81.9081448058889,36.2336633967004 -81.9082608060776,36.2335523972828 -81.9083418061362,36.2334883976528 -81.9085118062635,36.2333533984307 -81.9085818064055,36.2332813987954 -81.908717806857,36.2331093995903 -81.9087628074756,36.2329664000859 -81.9089158087076,36.2326404013372 -81.9090698099379,36.2323144025901 -81.9092518116932,36.2318744042173 -81.9093528124547,36.231669405014 -81.9095168132019,36.2314264060645 -81.9096818139526,36.2311824071194 -81.9098468147049,36.2309384081736 -81.9100898153102,36.2306714094764 -81.9103108160994,36.2303854107762 -81.9104178163812,36.2302654113554 -81.9105138164717,36.2301874117952 -81.9108788161953,36.2300044131616 -81.9109868162285,36.2299294136215 -81.9111148166865,36.2297644143705 -81.9111828174212,36.2295874150078 -81.9112358177195,36.2294994153704 -81.911194819105,36.2292734158781 -81.9111888192963,36.2292424159468 -81.9111588200935,36.2291164162129 -81.9111078214143,36.2289084166487 -81.9110938217982,36.2288474167789 -81.9109738240725,36.2285094173992 -81.9108758255771,36.2282974177345 -81.9108478260037,36.2282374178289 -81.9106868278081,36.2280104180552 -81.9106358283854,36.2279374181299 -81.9105728297828,36.2277224185577 -81.910527831079,36.2275144190095 -81.91048983291,36.2272044197522 -81.9103868348877,36.2269084203036 -81.9102888361458,36.2267404205232 -81.9100638384914,36.226453420763 -81.9100308388347,36.226411420798 -81.9098328406145,36.2262104208714 -81.909792840976,36.2261694208873 -81.9097038419374,36.2260494210004 -81.9095648436709,36.2258194212923 -81.9095348440413,36.2257704213536 -81.9094388450036,36.2256544214401 -81.9091608471388,36.2254374213707 -81.9089388488406,36.2252644213153 -81.9088698493759,36.2252094213015 -81.9086518512528,36.2250014213511 -81.9084828529828,36.2247894215274 -81.908290854708,36.2245924216097 -81.9081158562871,36.2244114216893 -81.9079318578357,36.2242414217186 -81.9078928581255,36.2242124217058 -81.9077898588877,36.2241364216705 -81.9075658609604,36.2238944218025 -81.9074998616558,36.2238074218842 -81.9074458622182,36.2237374219479 -81.9074348629387,36.2236114222642 -81.907429863319,36.2235444224345 -81.9073878644423,36.2233634228278 -81.9073808652087,36.2232264231834 -81.9073808659515,36.2230894235554 -81.9074818669018,36.222851424437 -81.9075098671601,36.2227864246787 -81.9076048679473,36.2225824254536 -81.9076788683227,36.2224674259378 -81.9077118687384,36.2223704262776 -81.9077228690706,36.2223024264877 -81.9077318693607,36.2222434266686 -81.9077448701205,36.2220954271002 -81.9077438717091,36.2218034278898 -81.9077188721836,36.221731428027 -81.9076838728706,36.2216264282306 -81.9076148742244,36.2214194286322 -81.9075938749185,36.2213044288956 -81.9075468760247,36.2211294292616 -81.9075188778755,36.2208054300761 -81.9075428803834,36.2203284314261 -81.9075928807275,36.2202344317965 -81.9075998810245,36.2201754319728 -81.907602881199,36.2201414320719 -81.9076068818369,36.2200214324067 -81.9075918828144,36.2198504328362 -81.9075598835604,36.2197324330826 -81.9075348844839,36.2195774334457 -81.9074808852697,36.2194654336255 -81.9074418855936,36.2194294336336 -81.9073798861127,36.2193714336485 -81.9070328886219,36.219119433536 -81.906884889959,36.2189624336231 -81.9067668912724,36.2187914338176 -81.9067568919977,36.2186634341429 -81.9067468935181,36.2183884348683 -81.9067608942025,36.2182534352677 -81.9068518953491,36.2179864362022 -81.9069728960522,36.2177834370308 -81.9071088964907,36.2176204377844 -81.9072438966569,36.2175084383969 -81.9073498965984,36.2174554387826 -81.9074968960051,36.2174764390609 -81.9077558949595,36.2175134395514 -81.9079388944059,36.2175054399906 -81.9080338941177,36.2175014402182 -81.9085038934337,36.2173454417125 -81.9086248935567,36.2172504422452 -81.9088358943192,36.2169844434449 -81.9089638959967,36.2166004447734 -81.9089878964532,36.2165024450925 -81.9090058970111,36.2163894454386 -81.9088008988034,36.2161824455323 -81.9086049004452,36.2159974455878 -81.9084659018525,36.2158214457488 -81.908382902681,36.2157184458394 -81.9083429030876,36.2156674458868 -81.9082879038851,36.2155534460708 -81.9082149068123,36.2150584472459 -81.9082129069111,36.2150414472874 -81.9081109079185,36.2149164473956 -81.9079549096148,36.2146964476396 -81.9079069102793,36.2146024477861 -81.9077369126537,36.2142654483167 -81.9076959133548,36.2141604485092 -81.907625914067,36.2140704485958 -81.907387915554,36.2139364484241 -81.907329915918,36.2139034483833 -81.9070669183876,36.2136024486102 -81.9070529185026,36.2135894486141 -81.9069279195558,36.2134684486624 -81.9067349206462,36.2133804484687 -81.9066059214946,36.2132994483998 -81.9065319219839,36.2132524483618 -81.9064609224528,36.2132074483252 -81.9061899244802,36.2129914483065 -81.9061449255892,36.2128124486937 -81.9061329261454,36.2127164489286 -81.906127926647,36.2126264491629 -81.9060779276148,36.2124764494601 -81.9060319282136,36.2123924495864 -81.9059729289935,36.2122824497547 -81.9058219301339,36.2121594497532 -81.9056189311305,36.2120934494803 -81.9054779320817,36.2119994494224 -81.9054149330395,36.2118584496673 -81.905351934406,36.2116414501201 -81.9052719350129,36.2115754501224 -81.9051089359722,36.2114924499865 -81.9050559362786,36.2114664499397 -81.9049749370439,36.2113714500194 -81.9049299377657,36.211263450215 -81.9048239388452,36.2111244503599 -81.9047789392228,36.2110804503804 -81.9046859399977,36.2109904504203 -81.9045489409692,36.2108894503928 -81.9045259411593,36.210867450402 -81.9043389426996,36.2106894504751 -81.9042999431809,36.2106224505724 -81.9042389449262,36.2103324512328 -81.9041249479076,36.2098424523254 -81.9040939489042,36.2096744527181 -81.9040529517796,36.2091614540362 -81.9040509519894,36.2091234541361 -81.904044952865,36.2089634545622 -81.9040099540446,36.2087634550343 -81.9039629550413,36.2086044553676 -81.9039359554674,36.208540455484 -81.9038399569681,36.2083154558912 -81.9037749579979,36.2081604561744 -81.9035279606192,36.2078124565893 -81.9033299625366,36.2075674568295 -81.9031309644605,36.2073214570712 -81.9028439669183,36.2070254572594 -81.9026149686044,36.2068404572694 -81.9024149700724,36.2066794572772 -81.9021929717021,36.2065004572873 -81.9020999725812,36.2063884573941 -81.901958973776,36.206244457485 -81.9018399747863,36.2061224575633 -81.9015849769471,36.2058614577307 -81.9014699777737,36.2057714577299 -81.9013509786332,36.2056774577317 -81.901248979234,36.2056224576625 -81.9010529801776,36.2055564574198 -81.900970980569,36.2055294573166 -81.9006269823514,36.2053894569584 -81.9002839841341,36.2052484566061 -81.8999399859127,36.2051084562497 -81.8995229883996,36.2048754559953 -81.8992569902018,36.2046854559493 -81.8989909919967,36.2044964559015 -81.8987529939262,36.2042654560325 -81.8984139965027,36.2039684561313 -81.8982649975,36.2038634561037 -81.8980249988215,36.2037484559084 -81.897715000838,36.2035404558235 -81.8974240025496,36.2033794556489 -81.8971330042593,36.203218455475 -81.8968680057281,36.2030884552707 -81.8968130060693,36.2030544552482 -81.8965890074456,36.2029184551496 -81.896310009156,36.2027494550265 -81.8960310108646,36.2025804549043 -81.8956540133867,36.2023104548581 -81.8953380156257,36.2020594548906 -81.8950220178615,36.2018084549245 -81.8947480199807,36.2015554550552 -81.8944750220994,36.2013014551921 -81.8940510251808,36.2009464552953 -81.8940270253855,36.200920455318 -81.8939340261695,36.200821455401 -81.893816027171,36.2006944555105 -81.8936520289303,36.2004464558664 -81.8934390309703,36.2001714561957 -81.8933090324004,36.1999674565001 -81.8932460332275,36.1998424567222 -81.893101034458,36.1996854568618 -81.8929110359265,36.1995074569664 -81.89285203635,36.1994584569811 -81.8927310372208,36.199357457013 -81.8926990374525,36.1993304570222 -81.8925840383617,36.1992184570984 -81.8925030391102,36.1991184572124 -81.8923620399452,36.1990354571513 -81.8922130408337,36.1989464570907 -81.8919230425502,36.1987754569671 -81.8918350430713,36.1987234569301 -81.8916330442699,36.1986034568473 -81.8913430459876,36.1984314567284 -81.8910530476982,36.1982604566075 -81.8907080498203,36.1980394565153 -81.8903620519373,36.1978194564196 -81.8900390538275,36.1976304562844 -81.8897060557746,36.1974354561466 -81.8893950575901,36.1972534560186 -81.8890720594682,36.1970654558839 -81.8885560623911,36.1967794556295 -81.8883220639435,36.1966044556461 -81.8880970666794,36.1961894563763 -81.8879730685653,36.1958854569973 -81.8878290703654,36.1956094574964 -81.8878170705254,36.1955844575438 -81.887811070618,36.1955694575747 -81.8878070706898,36.1955574576011 -81.8876800729033,36.1951894584028 -81.8875580752066,36.1948004592766 -81.8874530770074,36.1945014599255 -81.8873470788097,36.194202460573 -81.8872240810204,36.1938314613948 -81.8871020832266,36.1934604622194 -81.8869930852391,36.1931204629817 -81.8868830872478,36.1927814637397 -81.8868220883612,36.1925934641604 -81.8867740892524,36.1924424645004 -81.8866630908997,36.1921754650485 -81.886552092546,36.1919084655972 -81.8864420941883,36.1916414661484 -81.886304096132,36.191329466774 -81.8861650980767,36.1910174673982 -81.886027100012,36.1907064680224 -81.8858781018407,36.1904224685464 -81.8857291036677,36.1901384690712 -81.8855551058658,36.1897934697239 -81.8855041065141,36.189691469918 -81.8853811080616,36.1894484703777 -81.8851981086083,36.1894384700365 -81.8848431092679,36.1894994691399 -81.8844841099344,36.1895614682318 -81.8841321105926,36.1896214673433 -81.8837771112548,36.1896824664455 -81.8834401119234,36.189732465616 -81.8831031125877,36.1897834647832 -81.8827661132576,36.1898334639531 -81.8824301139206,36.1898844631218 -81.8820921145945,36.189934462289 -81.8817551152665,36.189984461458 -81.8814071159592,36.1900364605984 -81.8810801166052,36.190086459787 -81.8807431172791,36.1901364589551 -81.8804061179487,36.1901874581198 -81.8800691186191,36.1902384572842 -81.8797321192949,36.1902884564513 -81.8793951199666,36.1903394556151 -81.8790581206438,36.1903894547816 -81.8787211213168,36.1904404539447 -81.8783841219954,36.1904904531105 -81.8780461226724,36.1905414522711 -81.8777091233523,36.1905914514363 -81.877372124028,36.1906424505982 -81.8770351247091,36.1906924497628 -81.8766981253861,36.1907434489241 -81.8763611260638,36.1907944480851 -81.876024126747,36.1908444472487 -81.8757351273328,36.1908874465309 -81.8753501281105,36.1909454455721 -81.8750121287936,36.1909964447298 -81.8746751294794,36.1910464438922 -81.8744631299086,36.1910784433635 -81.874362130162,36.1910834431425 -81.8739451310068,36.1911464421019 -81.8729801329553,36.1912944396853 -81.8725551338208,36.1913584386238 -81.8724561340174,36.191374438373 -81.8721471346453,36.1914214375994 -81.871131136707,36.1915774350493 -81.8709681370385,36.19160243464 -81.8702931384247,36.191703432952 -81.8696191398108,36.1918044312647 -81.8689441412023,36.1919054295742 -81.8682701425937,36.1920064278844 -81.8675961439878,36.1921074261934 -81.8669221453845,36.1922084245012 -81.8662471467867,36.1923094228056 -81.8656331480639,36.1924014212618 -81.8652361488885,36.1924614202614 -81.8645621502946,36.1925624185648 -81.8638881517033,36.1926634168669 -81.8632131531174,36.1927644151657 -81.8625391545315,36.1928654134653 -81.8618651559482,36.1929664117637 -81.8611911573675,36.1930674100608 -81.8605161587923,36.1931684083546 -81.859842160217,36.1932694066492 -81.8591681616488,36.1933694049457 -81.8584941630787,36.1934704032378 -81.8578191645142,36.1935714015266 -81.8574821652292,36.19362240067 -81.8571451659494,36.1936723998162 -81.856880166562,36.1937013991774 -81.856779166951,36.1936773990454 -81.8566641675385,36.1936173989991 -81.8564201692034,36.1933953992026 -81.8561761708707,36.1931723994104 -81.855942172636,36.1929203997322 -81.8557071744019,36.192668400053 -81.8554731761627,36.1924164003769 -81.8552391779212,36.1921644007019 -81.8550041796845,36.1919114010292 -81.8545651827501,36.1914894014815 -81.8542601852124,36.1911194020437 -81.8539481876107,36.1907674025361 -81.8536571897025,36.1904714028935 -81.8534801909773,36.1902904031147 -81.8533661917952,36.1901744032556 -81.8530141946044,36.189750403904 -81.8527641964561,36.1894814042627 -81.8525131983079,36.1892124046206 -81.8522632001587,36.1889424049851 -81.8522182004759,36.1888974050392 -81.8521632008591,36.1888434051022 -81.8521422010027,36.1888234051243 -81.8521052012634,36.1887864051689 -81.8519042026611,36.1885894053987 -81.8516992042154,36.1883584057308 -81.8514942057679,36.1881274060638 -81.8512892073142,36.1878974063945 -81.8510842088629,36.1876664067292 -81.8510642089943,36.1876484067473 -81.8508832102135,36.1874784069338 -81.8508512104286,36.1874484069666 -81.850617211995,36.187230407203 -81.8503062142256,36.1869054076328 -81.8501022157461,36.1866784079605 -81.8498982172648,36.1864514082891 -81.8496942187817,36.1862244086186 -81.8494902202967,36.1859974089488 -81.8492862218143,36.1857694092833 -81.8490822233257,36.1855424096152 -81.8488782248354,36.1853154099481 -81.8486642263224,36.1850994102262 -81.8484492278103,36.1848834105031 -81.8482342293007,36.1846664107841 -81.8480162308909,36.1844274111318 -81.8477982324748,36.1841894114772 -81.8475802340609,36.1839504118268 -81.847362235645,36.1837114121774 -81.847144237227,36.1834724125289 -81.846926238807,36.1832334128813 -81.846708240385,36.1829944132348 -81.846492241943,36.1827584135833 -81.8462722435348,36.1825164139445 -81.8460632450244,36.1822914142725 -81.8458542465079,36.1820674145982 -81.8458412466046,36.1820524146219 -81.8456452479937,36.1818424149279 -81.8454362494778,36.1816174152586 -81.84522725096,36.18139241559 -81.8450182524404,36.1811674159224 -81.8448092539189,36.1809424162556 -81.8446002553956,36.1807174165896 -81.8443912568705,36.1804924169246 -81.8441822583435,36.1802674172604 -81.8439732598147,36.1800424175971 -81.8437642612799,36.1798184179313 -81.8435552627475,36.1795934182697 -81.8434482634973,36.1794784184426 -81.8433902638979,36.1794174185321 -81.8433462642131,36.1793684186089 -81.843137265677,36.1791434189491 -81.842928267139,36.1789184192901 -81.8427192685992,36.1786934196319 -81.8425102700575,36.1784684199746 -81.8424402705399,36.1783944200851 -81.842301271514,36.1782434203182 -81.8421562725894,36.1780714206098 -81.8419022742748,36.1778174209648 -81.8416482759578,36.1775634213209 -81.841562276556,36.177470421465 -81.8414382774175,36.1773364216727 -81.841229278873,36.1771094220274 -81.8409672806761,36.1768294224579 -81.8408092817874,36.1766544227387 -81.8405992832397,36.176427423094 -81.8403902846877,36.1762004234522 -81.8401802861363,36.1759734238092 -81.8399702875831,36.1757464241672 -81.839760289032,36.1755184245294 -81.8395512904726,36.1752914248909 -81.8393412919138,36.1750644252515 -81.8391312933531,36.174837425613 -81.8389212947906,36.1746104259753 -81.8386082968466,36.1742924264489 -81.8383792983661,36.1740554268111 -81.8381512999096,36.1738114271996 -81.8379273014291,36.1735704275867 -81.8376953029941,36.1733224279831 -81.837513304153,36.1731444282394 -81.8372523057956,36.1728934285935 -81.8372043061454,36.1728354286985 -81.8367283095872,36.1722654297256 -81.8365393110343,36.1720184302043 -81.8362273132348,36.1716564308424 -81.8360363147948,36.1713814314141 -81.8358453163528,36.1711064319867 -81.8356543179087,36.1708314325602 -81.8354633194626,36.1705564331347 -81.8353553205591,36.1703464336441 -81.8353073215668,36.1701234343085 -81.8352963230296,36.1697654354974 -81.8353343243664,36.1694104367663 -81.8354353253248,36.1691134379548 -81.8355403263273,36.168803439194 -81.8356453273312,36.1684934404326 -81.8354273272875,36.1686294395743 -81.8353243273124,36.1686824392065 -81.8351883273536,36.1687504387275 -81.8350703274859,36.1687854383928 -81.834877327972,36.1687754380727 -81.8343723295825,36.1686644375225 -81.8341543303214,36.1686054373228 -81.8339663310144,36.1685404371987 -81.8337693315962,36.1685084369463 -81.8336503318507,36.1685134367115 -81.8335223321259,36.1685184364601 -81.8333923324893,36.1685024362763 -81.8332973327561,36.1684904361431 -81.8331733331611,36.1684604360179 -81.8330273335849,36.1684384358253 -81.8329313337982,36.1684404356428 -81.8328103340176,36.1684554353703 -81.8327123341601,36.1684764351194 -81.8325853342627,36.1685244347236 -81.8324713342881,36.1685844343106 -81.8323413342913,36.168659433817 -81.8322653343164,36.1686974335483 -81.8317753347891,36.1688644320806 -81.8314943351907,36.1689274313502 -81.8311243357597,36.1690004304218 -81.8307063363782,36.16908942935 -81.8305193365527,36.1691554287807 -81.8303793366304,36.1692184283078 -81.8300723371156,36.1692764275449 -81.8299053374914,36.1692794272276 -81.8297993378155,36.1692594271013 -81.8296723382117,36.169233426957 -81.8295403388028,36.1691604269648 -81.8293753397779,36.1690084271833 -81.8292283409753,36.1687884276687 -81.8291733422397,36.1684964285705 -81.8291553426512,36.1684014288637 -81.8291483441082,36.1680314301215 -81.8291293458807,36.1675874316116 -81.8291163464283,36.1674544320446 -81.8290693478825,36.1671084331474 -81.8290293493436,36.1667564342838 -81.8289553510524,36.1663604355101 -81.8288883524019,36.1660524364471 -81.8288143537703,36.1657434373753 -81.8287473548811,36.1654964381034 -81.8285983562799,36.1652224387769 -81.8285103572419,36.1650254392961 -81.8283553585739,36.1647714398913 -81.8282673592124,36.1646574401255 -81.8281113600717,36.1645254402999 -81.8277593613973,36.1643854401506 -81.8274063623488,36.1643424396659 -81.8272783627415,36.164314439533 -81.8270953634221,36.1642434394501 -81.8269523641019,36.1641494395184 -81.8268783646705,36.1640444397487 -81.8267833657009,36.1638314403147 -81.8267363666552,36.1636104409944 -81.8266893673552,36.1634554414462 -81.8266153681337,36.1632954418673 -81.8265153690727,36.1631084423356 -81.8265003692517,36.1630704424403 -81.8264133701844,36.1628774429529 -81.8263043712221,36.1626694434787 -81.8261993725879,36.1623734443165 -81.8260933739508,36.1620784451496 -81.8259883753103,36.1617834459851 -81.8258863769648,36.1614094471001 -81.8258333780025,36.1611684478414 -81.8258063787731,36.1609824484382 -81.8257723793289,36.1608564488149 -81.825685380255,36.1606634493306 -81.8255903817714,36.1603204503526 -81.8254283840069,36.1598264517813 -81.8253363852577,36.1595504525776 -81.8252433865058,36.1592754533692 -81.8251503877567,36.1589994541647 -81.8250573890028,36.1587244549571 -81.8249643902517,36.1584484557536 -81.8248713914997,36.1581724565505 -81.8247863926422,36.1579194572818 -81.8246853939887,36.1576214581422 -81.8245933952277,36.1573464589388 -81.8244583968443,36.1569954599259 -81.8243433984023,36.1566484609343 -81.8243103992802,36.1564354616184 -81.8243174000446,36.1562304623435 -81.8243664017374,36.1557584640693 -81.8244004031957,36.1553564655255 -81.8244564046629,36.1549404670678 -81.824490405841,36.1546124682662 -81.8244564070053,36.1543244692097 -81.8243964084005,36.1539894702727 -81.8243694091469,36.1538074708598 -81.8243434098682,36.1536314714278 -81.8242554112004,36.1533274723363 -81.824140412745,36.1529814733458 -81.8240544139798,36.1527014741752 -81.8239684152136,36.152421475005 -81.8238834164445,36.1521414758369 -81.8237974176764,36.1518614766677 -81.8237114189074,36.1515814774988 -81.8236554197603,36.1513854780879 -81.8236254201375,36.1513014783304 -81.8235394213666,36.1510214791625 -81.8234534225948,36.1507414799949 -81.823367423822,36.1504614808279 -81.8232814250483,36.1501814816612 -81.8231964262718,36.1499014824967 -81.8231324271325,36.1497064830708 -81.8231104274962,36.1496214833309 -81.8230244287197,36.1493414841656 -81.8229384299422,36.1490614850008 -81.8228514311582,36.1487834858277 -81.822834431402,36.1487274859952 -81.8227664323845,36.1485014866724 -81.8226834335683,36.1482294874858 -81.8226004347513,36.1479574882996 -81.822523435873,36.1476984890784 -81.822270439448,36.1468754915416 -81.8221034418099,36.1463304931757 -81.8219354441776,36.1457834948169 -81.8218544453414,36.1455134956307 -81.8217694465193,36.1452414964455 -81.8216864476813,36.1449724972534 -81.8215894490444,36.1446564982038 -81.8213564523657,36.143883500538 -81.8210254570304,36.1427965038205 -81.8207764605201,36.1419815062847 -81.8205274640019,36.1411665087526 -81.8201964686314,36.1400795120517 -81.8199474720947,36.1392645145283 -81.8196994755113,36.138459516975 -81.8193694800262,36.1373935202181 -81.8189564856533,36.1360605242821 -81.8187824880265,36.1354965260058 -81.8183284941836,36.1340295304955 -81.8182964946151,36.133926530811 -81.8182134957295,36.1336605316255 -81.8181314968451,36.1333935324455 -81.8180484979615,36.1331265332644 -81.8180404980663,36.1331015333407 -81.8179664990717,36.1328605340816 -81.8178835001863,36.1325935349013 -81.8178015012985,36.1323265357229 -81.8177185024077,36.1320605365399 -81.8176365035182,36.1317935373623 -81.8175795042874,36.131608537932 -81.8175635044962,36.1315585380852 -81.8174715057345,36.1312605390032 -81.8173885068439,36.1309935398253 -81.8173065079473,36.1307275406458 -81.8172765083423,36.1306325409378 -81.8172235090551,36.1304605414687 -81.8171415101604,36.1301935422935 -81.8171135105297,36.1301045425676 -81.8170585112627,36.1299275431137 -81.8169765123663,36.1296605439394 -81.8169095132559,36.129445544603 -81.8168115145689,36.1291275455868 -81.8166465167716,36.1285935472394 -81.8164815189673,36.1280605488901 -81.8163165211595,36.1275275505423 -81.8161385236007,36.1269305524048 -81.8159605260414,36.1263325542728 -81.8157825284743,36.1257355561391 -81.815604530903,36.1251385580075 -81.8155515316589,36.124951558597 -81.8155235320552,36.1248535589058 -81.8154885325704,36.1247255593113 -81.8154155334813,36.1245035599973 -81.8153605343584,36.1242835607022 -81.8152795355079,36.1239985616017 -81.8151985366565,36.1237135625017 -81.8151175378042,36.1234285634022 -81.8150245390296,36.1231265643466 -81.8149325402524,36.122824565293 -81.8148845408843,36.1226685657813 -81.8148505413263,36.122559566122 -81.8147475426999,36.1222195671894 -81.8145615451443,36.1216145690865 -81.8143865474863,36.1210325709189 -81.8142205497363,36.1204715726907 -81.8140545519791,36.1199115744606 -81.8138895542169,36.1193515762336 -81.8137275564579,36.1187885780232 -81.8135655586917,36.1182265798109 -81.8133225620394,36.1173825824991 -81.8131465643111,36.1168125843006 -81.8129715665777,36.1162425861053 -81.8127955688416,36.1156725879105 -81.8126295710568,36.1151115896986 -81.8125495721468,36.1148345905848 -81.8123915743181,36.1142815923575 -81.8123125754043,36.1140045932462 -81.8122655760544,36.1138385937795 -81.8122375763991,36.1137515940546 -81.8116695834364,36.1119685997092 -81.8116315839012,36.1118506000835 -81.8115205854331,36.1114566013548 -81.8113775855894,36.1114606011534 -81.8112115857553,36.111469600904 -81.8105145864484,36.1115085998522 -81.810304586854,36.1114645997362 -81.8102635869206,36.1114595997007 -81.8101075871734,36.1114405995653 -81.8099125874374,36.1114315993429 -81.8095325878725,36.1114365988282 -81.8093155880819,36.111450598494 -81.8092145882373,36.111440598398 -81.8091265884998,36.1113955984458 -81.8090655888211,36.1113245986231 -81.8089645890602,36.1112905986142 -81.808856589381,36.1112355986723 -81.8087075896977,36.1111955986227 -81.8084915899889,36.1111855983771 -81.808145590382,36.1111905979075 -81.8079825905406,36.1112005976585 -81.8078345906014,36.1112335973456 -81.8075355910225,36.1112145970244 -81.8073605913655,36.1111755969377 -81.8068395925715,36.1110055968766 -81.8066645929962,36.1109425968779 -81.8065965931629,36.1109175968804 -81.8063395938113,36.11081759691 -81.806245594067,36.1107755969407 -81.8061625942888,36.110739596964 -81.8059805947544,36.1106665969935 -81.8057445955407,36.1105185972267 -81.80565059584,36.1104635973054 -81.8055415962356,36.1103855974486 -81.8053185969321,36.1102585976233 -81.805149597318,36.1102035976052 -81.8049065977898,36.1101485974914 -81.8047505980538,36.1101245973771 -81.8045885983314,36.1100985972625 -81.8044325986496,36.110058597207 -81.804277599038,36.1099975972297 -81.8040335996929,36.1098885973135 -81.8038726001689,36.109803597417 -81.803737600672,36.1097015976166 -81.8036266010892,36.1096165977851 -81.803568601438,36.1095335980148 -81.803546601572,36.1095015981038 -81.8034516020208,36.1094015983483 -81.8032086028631,36.1092355986449 -81.8030266034037,36.1091375987707 -81.8028636037765,36.1090825987633 -81.8026676042476,36.1090095987797 -81.8024376045276,36.1090045985026 -81.8022216048554,36.1089805983135 -81.8019976051654,36.1089645980847 -81.8018286053619,36.1089635978713 -81.8016256056745,36.1089395976991 -81.8014496059293,36.1089235975321 -81.8012536063408,36.1088675974871 -81.8009146069817,36.1087915973327 -81.8006656075225,36.1087145972978 -81.8004356080643,36.1086305973136 -81.8000776090434,36.1084585974914 -81.799725610083,36.1082655977559 -81.7993476111525,36.1080715979921 -81.7991786117035,36.1079625981808 -81.7989636123119,36.1078515983186 -81.7986856129898,36.1077405983766 -81.7984836133972,36.1076855983238 -81.7981376142017,36.1075585983557 -81.7977396150624,36.1074315983225 -81.7974146158106,36.1073135983492 -81.7972186162082,36.1072585983055 -81.7970026166635,36.1071925982775 -81.7967596172721,36.1070885983575 -81.7965906178241,36.1069765985615 -81.7964216183004,36.1068875986798 -81.7962936186367,36.106827598742 -81.7960646193761,36.1066775990131 -81.7958476201141,36.1065235993149 -81.7956796207097,36.106396599578 -81.7954736218055,36.1061276003253 -81.7952686228981,36.1058586010748 -81.7950866239541,36.1055926018429 -81.7949586246534,36.1054186023346 -81.7948516251585,36.1052976026543 -81.7946416258279,36.1051596029093 -81.79448662628,36.1050706030496 -81.7941636275109,36.1047946036828 -81.7938596287984,36.1044936044352 -81.7937046292855,36.1043926046222 -81.7933946304432,36.1041326052153 -81.7930976314023,36.1039296056114 -81.7928816321187,36.1037756059241 -81.7925446333854,36.1034876065932 -81.7923756341164,36.1033126070447 -81.7922076347436,36.1031696073772 -81.7919446354168,36.1030426075329 -81.7916266360408,36.102948607497 -81.7915746361573,36.1029286075087 -81.7913766366002,36.1028526075527 -81.7910316373849,36.1027156076474 -81.7908416376324,36.1026986074786 -81.7904226384461,36.1025756074308 -81.7902066388385,36.1025206073745 -81.7899086395607,36.1023866075179 -81.7894906404685,36.102231607595 -81.7890886414166,36.1020576077651 -81.7886856423631,36.1018836079353 -81.7884896428639,36.1017856080694 -81.7883016434116,36.1016696082822 -81.7881256439466,36.1015536085101 -81.7879366444442,36.1014536086614 -81.7877266448942,36.1013756087037 -81.7873176456027,36.1012776085811 -81.7868356468943,36.1010126090091 -81.786612647421,36.1009126091215 -81.7863246482309,36.1007406094312 -81.7860376490379,36.100568609743 -81.7857206496987,36.1004536098011 -81.7852136502304,36.1004416092356 -81.7848406504856,36.1004776086474 -81.7843726506954,36.1005596077675 -81.7837556507941,36.1007276063758 -81.7835396506278,36.1008536056292 -81.7831796506436,36.1009666047579 -81.7828196506581,36.101080603882 -81.7824956509637,36.10108560347 -81.7821496515947,36.1009886034256 -81.7822106510848,36.1011396029158 -81.7817156513791,36.1012056020603 -81.7813166519139,36.1011586017583 -81.7809856526229,36.1010296018569 -81.7806546533331,36.1008996019603 -81.7802906542094,36.1007236022031 -81.7798176557731,36.1003486030891 -81.7794596567683,36.1001276035174 -81.779111657567,36.0999696037139 -81.7787846583113,36.0998226038937 -81.778412658975,36.0997176038567 -81.7780206595289,36.0996566036247 -81.7773566603172,36.0996046030319 -81.7769716608422,36.0995506027819 -81.7765856613645,36.0994976025271 -81.7759906622345,36.0993926022265 -81.7754766630647,36.0992736020788 -81.774901664271,36.0990416023038 -81.774510665202,36.0988436026166 -81.7743076656819,36.0987416027764 -81.77411966613,36.0986456029308 -81.7737206675012,36.098291603852 -81.7734246687656,36.0979396048898 -81.7731626700255,36.0975766060131 -81.772968671021,36.0972846069376 -81.7728986712528,36.0972246070923 -81.7726786719703,36.0970396075647 -81.7723896729187,36.0967936081982 -81.7721006738616,36.0965486088291 -81.77184767475,36.0963106094756 -81.7715946756361,36.0960726101231 -81.771342676519,36.095834610773 -81.7710896774003,36.0955966114228 -81.7708366782794,36.0953586120737 -81.7705566790421,36.0951706124958 -81.7702766798055,36.094981612923 -81.7699966805641,36.0947936133471 -81.7697156813243,36.0946046137749 -81.7693636819661,36.0944806138632 -81.7690106826044,36.0943576139471 -81.7686576832436,36.0942336140358 -81.768273684051,36.0940566143014 -81.7678896848558,36.0938796145682 -81.7674956856529,36.0937076148048 -81.7671016864447,36.0935366150387 -81.7666466871646,36.0934106150238 -81.7661916878797,36.093285615006 -81.7659646886151,36.0930806155701 -81.7655096900813,36.0926706166997 -81.7652816908121,36.0924656172653 -81.7649136922256,36.0920446185425 -81.7644996928727,36.0919266185504 -81.7638496943058,36.091580619213 -81.7635766954453,36.0912286203268 -81.7632376968261,36.0908026216675 -81.7629726976362,36.090571622305 -81.7626376983115,36.0904126225745 -81.7621866988318,36.0903476223353 -81.761735699351,36.0902826220966 -81.7615276996519,36.0902286220842 -81.761138700216,36.0901266220655 -81.7610137005411,36.0900376222879 -81.7608017012427,36.0898276229055 -81.7606197021624,36.0895226239431 -81.7605607027108,36.0893256246785 -81.7606217035719,36.0889706261884 -81.7607097046158,36.0885366280485 -81.7607097053705,36.088241629247 -81.7607107061243,36.0879466304465 -81.7605917069604,36.0876536315074 -81.7604737077943,36.0873606325699 -81.7603547086276,36.087067633632 -81.7602367094588,36.0867746346958 -81.7601187102887,36.0864816357603 -81.7600067110698,36.0862056367627 -81.7598947118471,36.0859306377616 -81.7597837126225,36.0856556387621 -81.7596717134,36.0853796397661 -81.75954471426,36.0850746408729 -81.7594177151209,36.0847686419845 -81.7592907159804,36.0844626430968 -81.7591637168383,36.0841566442098 -81.7590367176947,36.0838506453236 -81.7588147186892,36.0835136464646 -81.7585927196808,36.0831766476071 -81.7583107206748,36.0828526486352 -81.7582347209438,36.0827646489153 -81.7580287216677,36.082527649669 -81.7580457220956,36.082352650402 -81.7580817230407,36.081966652017 -81.758133724418,36.0814046543674 -81.7581867257959,36.0808426567183 -81.7582397271724,36.0802816590646 -81.7582917285532,36.0797196614134 -81.7583187292434,36.0794386625886 -81.7583707306234,36.0788776649325 -81.7584237320064,36.078315667281 -81.7584767333907,36.0777536696289 -81.7584997340272,36.0774956707053 -81.7585157348588,36.0771616720849 -81.7581867348851,36.0772196715215 -81.7577917350693,36.0772286710926 -81.7575547353082,36.0771826710455 -81.7572377360192,36.0769636716276 -81.7570227362475,36.0769166716072 -81.7565887369626,36.0767186719894 -81.7563307372731,36.0766466720299 -81.7561037375917,36.0765646721424 -81.7558747380584,36.0764226724997 -81.7557527384132,36.0763036728683 -81.7553697393307,36.0760086737042 -81.7552367397305,36.0758726741331 -81.7552107400816,36.0757346746752 -81.7551787408398,36.0754316758903 -81.7552557414003,36.075187676969 -81.7552377419385,36.0749716778398 -81.7552127421833,36.0748766782063 -81.7549947428158,36.0746606788835 -81.754776743449,36.0744436795656 -81.7547717438323,36.074287680203 -81.7548697443634,36.0740516812692 -81.7548667445774,36.0739646816244 -81.7548097448748,36.0738536820265 -81.7546207455222,36.073623682792 -81.7544617462617,36.0733496837683 -81.7542817470283,36.0730676847584 -81.7540157475877,36.072885685255 -81.7536697483156,36.0726476859077 -81.7531357492703,36.0723476866396 -81.7528207496889,36.072229686829 -81.7525057501036,36.0721126870149 -81.752256750379,36.0720416870733 -81.7519947505087,36.0720336868588 -81.7518067503997,36.0721126863538 -81.7513337498899,36.0724116846659 -81.7509017496258,36.072601683467 -81.7506667494394,36.0727236827368 -81.7504327493998,36.0727836822647 -81.7502547494846,36.0727806821077 -81.7500437495979,36.0727716819443 -81.7497257487041,36.0728126819929 -81.7494117478111,36.0727926823777 -81.74905474685,36.0727466829121 -81.7487297460218,36.0726846834826 -81.7484057452404,36.0726036841316 -81.7481307446892,36.0724866848839 -81.7478857442481,36.0723606856453 -81.7476797438769,36.0722546862859 -81.7474657434325,36.0721696868469 -81.7472697429442,36.0721266872152 -81.7471507425964,36.0721226873466 -81.7470067421574,36.0721256874729 -81.7468807416636,36.0721756873854 -81.7467467410764,36.0722556871802 -81.7465667401781,36.0724106867057 -81.7464717395074,36.072577686099 -81.7463407387707,36.072726685602 -81.7462247382456,36.0728036853914 -81.7459637374759,36.0727986856629 -81.7456137362095,36.0728936856013 -81.7453957354514,36.0729396856179 -81.7452187349126,36.0729436857709 -81.7450577344378,36.072940685938 -81.744911734102,36.0728966862623 -81.7447727338558,36.0728226867057 -81.7444837335679,36.0725706880392 -81.7442937332253,36.0724716886369 -81.7440887328098,36.0723846891989 -81.7439267324293,36.0723386895476 -81.743679731675,36.0723446897603 -81.7434937310923,36.0723556898931 -81.743303730591,36.0723256902019 -81.7431327302285,36.0722596906436 -81.7429607298877,36.0721826911325 -81.7428317297598,36.0720686917356 -81.7426747295635,36.0719476923952 -81.7425267293302,36.0718546929288 -81.7424147290959,36.0718096932259 -81.7422187286091,36.0717646936043 -81.7420487281051,36.0717616937811 -81.7419217276874,36.0717776938365 -81.7417907271604,36.0718366937148 -81.7415667262775,36.0719296935398 -81.7413977257497,36.0719386936649 -81.7411127250067,36.0718886941504 -81.7406877240859,36.0717306952259 -81.7404987237249,36.071638695796 -81.7403757235663,36.0715446963109 -81.7403137236248,36.0714356968301 -81.7402857237673,36.0713346972828 -81.7402727240224,36.0712036978474 -81.7402097241381,36.0710676984815 -81.740102724103,36.0709396991247 -81.7399387237882,36.0708596996211 -81.7397037231942,36.0708087000642 -81.7395417228043,36.070764700407 -81.739364722246,36.0707757005325 -81.7392567218691,36.0707987005404 -81.7391227213333,36.0708577004215 -81.7389807207781,36.0709147003187 -81.7388117202443,36.0709257004362 -81.7387247200379,36.0709007006262 -81.7386117199536,36.0707857012214 -81.7386087201896,36.0706757016889 -81.7386927209043,36.0704687024813 -81.7388207218504,36.0702177034164 -81.738840722203,36.07008670395 -81.7388297223861,36.0699897043702 -81.7387517223464,36.0699017048178 -81.7385487219531,36.069802705434 -81.738411721592,36.0697787056691 -81.7382217212396,36.0696787062771 -81.7380147209374,36.0695327070963 -81.7378647208118,36.0693847078686 -81.7376757204743,36.0692787085017 -81.7373877197321,36.0692197090332 -81.7371547191851,36.069147709566 -81.7369837187816,36.0690957099536 -81.736687718321,36.0688977110818 -81.7366137184164,36.0687527117684 -81.7365987186444,36.068628712308 -81.7365757189651,36.06845171308 -81.7365667194849,36.0682037141389 -81.7364317197775,36.0678847156227 -81.7362547195138,36.0677597163268 -81.7361337190835,36.0677877163277 -81.736011718736,36.0677767164947 -81.7359187185076,36.0677517166924 -81.7358047182944,36.0676907170635 -81.7356717181285,36.0675817176569 -81.7358357191605,36.0673397185203 -81.7360007201964,36.0670977193824 -81.7360557205426,36.0670167196711 -81.7361647212323,36.0668547202493 -81.7367377248495,36.0660097232576 -81.736822725384,36.0658857236977 -81.736987726425,36.0656437245571 -81.737151727466,36.0654007254214 -81.7373157285056,36.065158726281 -81.7374807295491,36.0649167271392 -81.7376447305927,36.0646737280021 -81.7378097316379,36.0644317288594 -81.7379737326809,36.0641897297173 -81.7381387337301,36.063946730578 -81.7383027347748,36.063704731435 -81.7384667358203,36.0634627322916 -81.7386317368698,36.0632207331467 -81.7387957379193,36.0629777340067 -81.7389607389704,36.0627357348609 -81.7391247400193,36.0624937357158 -81.7392887410713,36.0622507365744 -81.7394537421251,36.0620087374274 -81.7396177431765,36.061766738281 -81.7397827442342,36.0615237391373 -81.7399467452873,36.0612817399901 -81.7401117463444,36.0610397408413 -81.7402757474015,36.0607967416974 -81.7404397484572,36.0605547425487 -81.7406047495168,36.0603127433987 -81.7407687505764,36.0600697442535 -81.7407857506859,36.0600447443413 -81.7409337516378,36.0598277451026 -81.7410977526968,36.0595857459523 -81.741261753759,36.0593427468057 -81.7414267548229,36.0591007476535 -81.7415907558845,36.0588587485019 -81.7417557569523,36.0586157493531 -81.7419197580156,36.0583737502006 -81.7419737583643,36.0582947504767 -81.7420837590797,36.0581317510477 -81.7422437601185,36.0578957518733 -81.7424127612159,36.0576467527438 -81.7425777622857,36.0574047535886 -81.7427417633555,36.0571617544382 -81.7429057644239,36.0569197552831 -81.7430707654962,36.0566777561266 -81.7432347665685,36.0564347569748 -81.7433997676426,36.0561927578175 -81.7434497679697,36.0561187580755 -81.7435637687143,36.0559507586607 -81.7437277697892,36.0557077595077 -81.7438927708657,36.055465760349 -81.74405677194,36.0552237611909 -81.7442217730206,36.0549807620356 -81.7443857740966,36.0547387628766 -81.7445497751733,36.0544967637173 -81.7447147762565,36.0542537645606 -81.7448787773349,36.0540117654004 -81.7450437784198,36.0537687662429 -81.7452077794999,36.0535267670818 -81.745371780581,36.0532847679203 -81.7455367816683,36.0530417687614 -81.7456157821885,36.0529257691626 -81.745700782751,36.0527997695991 -81.7458647838346,36.0525577704363 -81.7460297849245,36.0523147712762 -81.7461937860098,36.0520727721125 -81.7463587870991,36.0518307729473 -81.746436787618,36.0517147733485 -81.7465857885946,36.051499774087 -81.7468287901873,36.0511497752881 -81.7468787905175,36.0510767755393 -81.7470287915016,36.0508607762799 -81.7470797918331,36.0507887765256 -81.7471017919806,36.0507557766397 -81.7471687924171,36.0506607769641 -81.7471917925656,36.0506287770729 -81.7474267941485,36.0502737783012 -81.7474907945784,36.0501777786327 -81.7475277948188,36.0501257788098 -81.7477007959524,36.0498787796533 -81.7478747970902,36.0496317804953 -81.748048798229,36.0493847813368 -81.748221799363,36.0491387821748 -81.7483968005115,36.0488897830226 -81.748569801645,36.0486447838555 -81.7487428027818,36.0483987846921 -81.7489168039251,36.0481517855313 -81.7490908050693,36.04790478637 -81.7492638062111,36.0476577872093 -81.7494378073548,36.047411788043 -81.7496108084984,36.0471647888814 -81.7497848096463,36.0469177897183 -81.7499588107927,36.0466717905506 -81.7501318115141,36.0464247916287 -81.7503058121093,36.0461777927793 -81.7504798127062,36.0459307939291 -81.7506528133023,36.0456847950733 -81.7508278139263,36.0454277962638 -81.7510018145496,36.0451717974486 -81.751175815177,36.0449147986367 -81.7513508158039,36.0446587998206 -81.7515248164348,36.0444018010071 -81.751698817065,36.0441458021886 -81.7518738176995,36.0438888033741 -81.7520478183333,36.043632804554 -81.7522218189712,36.0433758057372 -81.7523968196085,36.0431198069161 -81.7525708202499,36.0428628080977 -81.752634820485,36.0427688085299 -81.7529868217701,36.0422568108844 -81.7532398227149,36.0418818126035 -81.7532658228109,36.0418438127779 -81.7534388234415,36.0415948139217 -81.753610824076,36.0413448150681 -81.7537828247121,36.0410948162138 -81.7539558253478,36.0408458173552 -81.7541278259873,36.0405958184992 -81.7542998266261,36.0403468196384 -81.7544738272888,36.0400888208152 -81.7546468279531,36.0398308219905 -81.7546528279788,36.0398208220355 -81.7548198286192,36.0395728231649 -81.7549938292848,36.0393158243351 -81.7551668299543,36.0390578255079 -81.7553408306259,36.0387998266805 -81.7555138312964,36.0385428278476 -81.7556798319327,36.0382998289519 -81.7558458325705,36.0380568300554 -81.7560118332098,36.0378138311582 -81.7561778338508,36.0375708322603 -81.7563438344933,36.0373278333616 -81.7563688345887,36.037291833525 -81.7565098351374,36.0370848344622 -81.7566758357831,36.036841835562 -81.7568418364303,36.0365988366611 -81.7570078370792,36.0363558377595 -81.7571738377296,36.0361128388571 -81.7573398383815,36.0358698399539 -81.7575058390351,36.0356268410501 -81.7576718396902,36.0353838421454 -81.7577818401276,36.0352218428749 -81.7578378403469,36.0351408432401 -81.7578698404716,36.0350948434476 -81.7580048410055,36.0348978443346 -81.758025841087,36.0348678444699 -81.7581708416654,36.0346548454278 -81.7583368423268,36.0344118465202 -81.7585028429898,36.0341688476119 -81.7586688436544,36.0339258487028 -81.7588348443205,36.033682849793 -81.7590008449883,36.0334398508825 -81.7591668456576,36.0331968519712 -81.7591748456906,36.0331848520248 -81.7593328463284,36.0329538530592 -81.7594988470009,36.0327108541464 -81.7595848473502,36.0325848547098 -81.7596648476749,36.0324678552329 -81.7598308483505,36.0322248563186 -81.7599968490277,36.0319818574036 -81.7601628497065,36.0317388584879 -81.7603288503868,36.0314958595715 -81.7604948510687,36.0312528606542 -81.7606608517522,36.0310098617363 -81.7608268524373,36.0307668628176 -81.7609928531239,36.0305238638982 -81.7610208532399,36.0304828640804 -81.7611588538121,36.0302808649779 -81.7613248545019,36.030037866057 -81.7614908551933,36.0297948671354 -81.761659855908,36.0295438682471 -81.7616748559708,36.0295218683446 -81.7618298566249,36.0292928693585 -81.7619988573455,36.0290408704727 -81.7621688580657,36.0287898715827 -81.7623378587871,36.0285388726912 -81.7625078595106,36.0282878737995 -81.7626768602353,36.0280368749066 -81.7628578610242,36.0277638761082 -81.7630388618176,36.027489877313 -81.7632188626099,36.0272168785122 -81.7633998634046,36.0269438797111 -81.7635058638712,36.0267838804134 -81.7639488657952,36.0261278832935 -81.7644158678369,36.0254358863258 -81.7644928681718,36.0253228868208 -81.7646758689705,36.0250538879982 -81.764858869771,36.0247848891748 -81.7650418705708,36.0245168903465 -81.7652188713377,36.0242608914659 -81.7653958721064,36.0240048925846 -81.7655728728768,36.0237488937024 -81.7655948729705,36.023717893838 -81.7657508736495,36.0234928948199 -81.7659278744235,36.023236895936 -81.7661048751966,36.0229818970473 -81.7662818759741,36.0227258981618 -81.766453876748,36.0224708992689 -81.7666248775257,36.0222149003788 -81.7667958783025,36.021959901484 -81.766966879081,36.0217049025882 -81.7671388798617,36.0214499036922 -81.7673098806436,36.0211949047949 -81.7674808814271,36.0209399058967 -81.7676558822174,36.0206839070037 -81.7678308830068,36.0204289081059 -81.7680048838,36.0201729092107 -81.7681798845928,36.0199179103112 -81.7683548853874,36.0196629114109 -81.7685298861864,36.0194069125138 -81.7687038869839,36.0191519136114 -81.7688788877837,36.0188969147086 -81.7690538885879,36.018640915809 -81.7692278893906,36.0183859169041 -81.7694028901956,36.0181309179989 -81.7695778910051,36.0178749190968 -81.769751891813,36.0176199201895 -81.7699268926232,36.0173649212819 -81.7700918934041,36.0171189223331 -81.770255894183,36.0168739233793 -81.7704208949643,36.0166289244251 -81.7705848957464,36.0163839254698 -81.7707498965308,36.0161389265141 -81.7709138973161,36.0158939275573 -81.7710788981036,36.0156489286002 -81.7711038982228,36.0156119287576 -81.7712558989314,36.015392929691 -81.7713678994588,36.0152299303849 -81.7714328997608,36.0151369307811 -81.7716099005921,36.0148809318702 -81.7717869014251,36.0146249329586 -81.7719639022572,36.0143699340422 -81.7721409030937,36.0141139351288 -81.7723179039321,36.0138579362147 -81.7724859047378,36.0136119372565 -81.7726529055473,36.0133649383011 -81.7728209063562,36.0131189393414 -81.7729879071661,36.0128729403805 -81.7731559079811,36.0126259414232 -81.7733229087942,36.0123799424608 -81.7734909096096,36.0121339434981 -81.7736579104287,36.0118869445381 -81.7738259112474,36.0116409455739 -81.7739929120669,36.0113949466085 -81.7741609128888,36.0111489476427 -81.7743279137143,36.0109019486797 -81.7744959145394,36.0106559497124 -81.7746629153654,36.010409950744 -81.7748379162304,36.010152951821 -81.7749849169672,36.0099339527374 -81.7749979170257,36.0099169528091 -81.7751659178572,36.0096709538388 -81.7751989180199,36.0096229540397 -81.7753329186924,36.0094239548713 -81.7755009195272,36.0091779558994 -81.7756679203628,36.0089319569265 -81.7758359212008,36.0086859579531 -81.7760029220425,36.0084389589825 -81.7761709228837,36.0081929600076 -81.7763379237257,36.0079469610316 -81.776505924573,36.0076999620591 -81.7766729254183,36.0074539630816 -81.776840926266,36.0072079641037 -81.7770079271173,36.0069609651286 -81.7771759279682,36.0067149661491 -81.777346928829,36.0064669671778 -81.7775179296944,36.0062179682096 -81.7776889305586,36.0059699692367 -81.7778609314253,36.0057219702633 -81.7780319322957,36.0054729712928 -81.7782029331649,36.0052249723175 -81.7783749340365,36.0049769733418 -81.7785459349352,36.0047199744001 -81.7787169358355,36.0044629754575 -81.7787479360001,36.0044159756508 -81.7788889367385,36.0042059765145 -81.7790599376423,36.0039489775704 -81.7791019378612,36.0038869778252 -81.7792319385457,36.0036929786219 -81.7792749387719,36.0036289788846 -81.779402939453,36.0034359796761 -81.7795749403628,36.0031789807298 -81.7797459412734,36.0029219817824 -81.7799179421838,36.0026659828307 -81.7800889430979,36.0024089838817 -81.7802599440137,36.0021519849319 -81.7804319449322,36.0018949859816 -81.780595945827,36.0016439870048 -81.7806349460439,36.0015829872531 -81.7807599467235,36.0013929880272 -81.7809229476236,36.0011409890525 -81.7809619478354,36.0010819892927 -81.7810869485234,36.0008899900735 -81.7812509494246,36.0006389910937 -81.7814149503276,36.0003879921131 -81.7815789512351,36.0001359931356 -81.7817429520774,35.9998849936264 -81.7819069528421,35.9996339934732 -81.7820699536082,35.9993819933189 -81.7822339543727,35.9991309931655 -81.7823979551373,35.9988799930121 -81.7825619559017,35.9986289928586 -81.7827259566685,35.9983769927042 -81.7828899574328,35.9981259925504 -81.7829239575936,35.9980729925178 -81.7830539581971,35.9978749923967 -81.783101958422,35.9978009923512 -81.7832169589603,35.9976239922426 -81.7833809597268,35.9973719920878 -81.7835449604909,35.9971209919338 -81.7837089612549,35.9968699917797 -81.7838729620212,35.9966179916247 -81.7839019621554,35.9965739915978 -81.7840369627851,35.9963669914704 -81.7841999635479,35.9961159913158 -81.7843639643116,35.9958649911614 -81.7845279650777,35.9956129910061 -81.7846939658312,35.995366990856 -81.7848609665881,35.9951199907054 -81.7850269673439,35.9948729905543 -81.7851929680997,35.9946259904033 -81.7853599688564,35.9943789902523 -81.7855259696096,35.9941329901019 -81.7856929703661,35.9938859899508 -81.7858589711216,35.9936389897994 -81.7859019713174,35.9935749897602 -81.7860249718771,35.9933919896479 -81.7861919726334,35.9931449894966 -81.7863579733863,35.9928989893457 -81.7865239741416,35.9926519891939 -81.7866909748977,35.9924049890424 -81.7868569756528,35.9921579888905 -81.7870219764045,35.991911988739 -81.7871869771585,35.9916649885867 -81.787352977911,35.9914189884353 -81.7875179786649,35.9911719882828 -81.7876829794187,35.9909249881301 -81.78784798017,35.9906789879782 -81.7880139809247,35.9904319878257 -81.7881789816759,35.9901859876737 -81.7883439824294,35.9899389875208 -81.7885089831829,35.9896919873677 -81.7886739839339,35.9894459872155 -81.7888399846883,35.9891989870626 -81.7890049854391,35.9889529869101 -81.7891699861924,35.9887059867568 -81.7893349869431,35.9884599866041 -81.7895009876972,35.9882129864509 -81.7895729880263,35.9881049863837 -81.7896659884502,35.9879659862973 -81.7898309892008,35.9877199861444 -81.7899959899537,35.9874729859907 -81.7901609907041,35.9872269858377 -81.7901859908172,35.9871899858147 -81.790202990896,35.9871639857984 -81.7902229909874,35.9871339857797 -81.7903269914579,35.986979985684 -81.7904919922106,35.98673298553 -81.7906569929608,35.9864869853768 -81.7908219937134,35.9862399852226 -81.7909889944702,35.9859919850681 -81.7911559952246,35.9857449849143 -81.7913229959813,35.9854969847596 -81.791489996738,35.9852489846049 -81.7916569974946,35.98500098445 -81.7918229982501,35.9847529842948 -81.7919899990066,35.9845049841398 -81.7921569997606,35.9842579839855 -81.7923240005169,35.9840099838304 -81.7924910012731,35.9837619836751 -81.7926580020294,35.9835139835198 -81.7928240027845,35.9832659833641 -81.7929910035406,35.9830179832086 -81.7931580042942,35.9827709830538 -81.7931950044618,35.9827159830193 -81.7933250050501,35.9825229828981 -81.793492005806,35.9822749827423 -81.7936590065618,35.9820269825865 -81.7938250073165,35.9817789824303 -81.7939920080722,35.9815309822744 -81.7941590088254,35.9812839821191 -81.7943260095809,35.9810359819629 -81.7944930103364,35.9807879818066 -81.7946590110908,35.98053998165 -81.7948260118462,35.9802919814936 -81.7949930126015,35.9800439813371 -81.7951600133567,35.9797959811805 -81.7953270141094,35.9795489810246 -81.7954940148645,35.9793009808679 -81.7956600156185,35.9790529807108 -81.7958270163735,35.9788049805539 -81.7960010171566,35.9785479803914 -81.7961750179421,35.9782899802281 -81.7962170181287,35.9782289801897 -81.7963490187252,35.9780329800654 -81.7965220195096,35.9777749799016 -81.7966960202924,35.9775179797388 -81.7968700210753,35.9772609795759 -81.7970440218604,35.9770029794121 -81.7972170226421,35.9767459792488 -81.7973910234271,35.9764879790848 -81.7975650242097,35.9762309789215 -81.7977390249922,35.9759739787582 -81.7979130257769,35.9757159785939 -81.7980860265583,35.9754589784301 -81.7982510273056,35.9752129782731 -81.7984160280528,35.974966978116 -81.7985810287999,35.9747209779588 -81.798746029547,35.9744749778015 -81.7989100302931,35.974228977644 -81.79907503104,35.9739829774865 -81.7992400317869,35.973736977329 -81.7993440322575,35.9735819772297 -81.7994050325337,35.9734909771714 -81.7995690332819,35.9732439770127 -81.7996250335366,35.9731599769587 -81.7997340340286,35.9729979768549 -81.7998990347752,35.9727519766971 -81.8000640355218,35.9725059765392 -81.8002290362683,35.9722599763812 -81.8003930370138,35.9720139762228 -81.8005580377602,35.9717679760647 -81.8007270385175,35.971518975905 -81.8008960392747,35.9712699757452 -81.8010650400319,35.9710209755854 -81.8012330407881,35.9707719754253 -81.8014020415451,35.9705229752653 -81.8015710423021,35.9702739751051 -81.801740043059,35.970024974945 -81.8019090438159,35.9697759747847 -81.8020770445717,35.9695269746241 -81.8022460453284,35.9692779744637 -81.8024150460851,35.9690289743032 -81.8025840468416,35.9687799741426 -81.8027530475982,35.9685309739819 -81.8029210483537,35.9682819738209 -81.8030900491124,35.9680319736592 -81.8032550498625,35.9677839734981 -81.8034210506135,35.9675359733372 -81.8035860513635,35.9672879731759 -81.8037510521134,35.9670399730145 -81.8039160528656,35.9667909728523 -81.8040810536153,35.9665429726907 -81.804247054366,35.9662949725293 -81.8044120551157,35.9660469723676 -81.8045800558657,35.9657999722074 -81.8047470566124,35.9655539720477 -81.8049150573623,35.9653069718873 -81.8050820581088,35.9650609717274 -81.8052500588586,35.9648139715669 -81.805418059606,35.9645679714071 -81.8055850603547,35.9643209712461 -81.8057530611019,35.9640749710861 -81.8059290619044,35.9638089709116 -81.8061050627044,35.9635439707379 -81.8062810635043,35.9632789705641 -81.8064570643042,35.9630139703902 -81.8066330651064,35.9627479702153 -81.8068090659061,35.9624829700411 -81.8069850667057,35.9622179698669 -81.8071220673299,35.9620109697307 -81.8071610675053,35.9619529696926</coordinates></LinearRing></outerBoundaryIs></Polygon>
  </Placemark>
</Folder>
</Document></kml>
