<?xml version="1.0" encoding="utf-8" ?>
<kml xmlns="http://www.opengis.net/kml/2.2">
<Document id="root_doc">
<Schema name="shape" id="shape">
	<SimpleField name="Code" type="string"></SimpleField>
	<SimpleField name="District" type="string"></SimpleField>
</Schema>
<Folder><name>shape</name>
  <Placemark>
	<Style><LineStyle><color>ff0000ff</color></LineStyle><PolyStyle><fill>0</fill></PolyStyle></Style>
	<ExtendedData><SchemaData schemaUrl="#shape">
		<SimpleData name="Code">AL-1</SimpleData>
		<SimpleData name="District">Alabama 1</SimpleData>
	</SchemaData></ExtendedData>
      <Polygon><outerBoundaryIs><LinearRing><coordinates>-85.127329,31.762563 -85.12743,31.762663 -85.12763,31.762963 -85.12783,31.763163 -85.12813,31.763263 -85.128731,31.763263 -85.128631,31.763763 -85.128731,31.763963 -85.129231,31.763763 -85.129331,31.763663 -85.130931,31.764663 -85.131031,31.764763 -85.131631,31.765163 -85.132431,31.765563 -85.132131,31.765763 -85.132331,31.766363 -85.132931,31.766363 -85.133431,31.766563 -85.133131,31.766763 -85.132431,31.767063 -85.132431,31.767263 -85.133031,31.767463 -85.134031,31.766863 -85.134231,31.766963 -85.134331,31.767763 -85.134531,31.767763 -85.134931,31.767863 -85.134931,31.768263 -85.135631,31.768363 -85.135831,31.768263 -85.136831,31.768563 -85.137531,31.769063 -85.138631,31.769563 -85.138931,31.769563 -85.139131,31.769163 -85.139231,31.768463 -85.139431,31.768063 -85.139828,31.767965 -85.140324,31.767766 -85.140321,31.76757 -85.140722,31.767075 -85.141112,31.767175 -85.141542,31.767659 -85.141821,31.767867 -85.142529,31.76805 -85.14283,31.768462 -85.142744,31.769059 -85.142322,31.769065 -85.141921,31.769255 -85.142222,31.769451 -85.143124,31.769658 -85.143624,31.769959 -85.143009,31.770264 -85.142816,31.770154 -85.142623,31.770753 -85.143231,31.771261 -85.144032,31.770851 -85.144133,31.771053 -85.144326,31.771371 -85.144748,31.771658 -85.145027,31.771564 -85.145843,31.772062 -85.14623,31.771964 -85.14643,31.772068 -85.146409,31.772264 -85.146738,31.772563 -85.147139,31.772771 -85.147833,31.773071 -85.148434,31.773468 -85.148623,31.773367 -85.148828,31.77315 -85.149129,31.772964 -85.150529,31.773562 -85.150631,31.773456 -85.150928,31.773364 -85.151032,31.773364 -85.151129,31.773465 -85.151025,31.773967 -85.151031,31.774162 -85.151236,31.774364 -85.152331,31.773967 -85.152729,31.773673 -85.153133,31.772961 -85.153534,31.772958 -85.153731,31.773667 -85.154332,31.773866 -85.155427,31.773169 -85.155631,31.772963 -85.155527,31.772661 -85.156228,31.771664 -85.157438,31.77156 -85.158,31.771756 -85.159134,31.772068 -85.159431,31.771967 -85.159839,31.771557 -85.159628,31.771166 -85.160433,31.770573 -85.160437,31.770362 -85.160136,31.76986 -85.159925,31.769662 -85.160226,31.769369 -85.160629,31.769265 -85.161332,31.768963 -85.161792,31.768641 -85.16177,31.768245 -85.161579,31.767791 -85.16141,31.76716 -85.16102,31.76618 -85.161001,31.765624 -85.161339,31.765079 -85.162478,31.764461 -85.162825,31.763925 -85.163321,31.763494 -85.165022,31.762463 -85.164937,31.761857 -85.164705,31.760984 -85.164893,31.760421 -85.165379,31.760007 -85.166842,31.760216 -85.167325,31.760376 -85.168022,31.760835 -85.168585,31.761041 -85.169228,31.760995 -85.170087,31.760446 -85.170596,31.760056 -85.170837,31.759667 -85.171454,31.759163 -85.171883,31.758659 -85.171937,31.758019 -85.171883,31.757996 -85.17183,31.757721 -85.172125,31.757125 -85.172634,31.756713 -85.173975,31.756163 -85.174243,31.75598 -85.174484,31.755957 -85.17486,31.75614 -85.175262,31.756072 -85.175396,31.755957 -85.175557,31.755591 -85.175584,31.75511 -85.175342,31.754537 -85.175476,31.753872 -85.175932,31.753643 -85.176468,31.753575 -85.177246,31.753827 -85.17797,31.75385 -85.178425,31.753689 -85.178988,31.753346 -85.179417,31.753163 -85.179927,31.753163 -85.18124,31.753667 -85.182045,31.753621 -85.182366,31.753438 -85.182661,31.75314 -85.182688,31.752636 -85.182367,31.751857 -85.182474,31.75149 -85.182769,31.751216 -85.183278,31.750964 -85.184699,31.750607 -85.185635,31.750164 -85.186893,31.74935 -85.187322,31.748709 -85.187563,31.74777 -85.187831,31.74722 -85.188314,31.746441 -85.188662,31.746212 -85.189252,31.746143 -85.189547,31.746304 -85.189735,31.746624 -85.190378,31.747151 -85.190727,31.747334 -85.191638,31.747495 -85.192442,31.747312 -85.19322,31.746899 -85.196223,31.744494 -85.198582,31.743165 -85.199306,31.742936 -85.200753,31.74289 -85.203139,31.743233 -85.204292,31.742981 -85.205069,31.742569 -85.206034,31.741813 -85.206463,31.74124 -85.206409,31.741057 -85.206731,31.740117 -85.206704,31.738537 -85.206596,31.738422 -85.206543,31.737529 -85.206677,31.736842 -85.207052,31.736177 -85.207239,31.736017 -85.20807,31.734528 -85.208767,31.732374 -85.208927,31.73045 -85.20898,31.728846 -85.208873,31.728731 -85.208846,31.728296 -85.209061,31.727975 -85.209516,31.727632 -85.209784,31.727128 -85.210347,31.726601 -85.210776,31.725936 -85.210883,31.725478 -85.210855,31.723462 -85.210721,31.722889 -85.210721,31.722272 -85.211016,31.72163 -85.211177,31.720737 -85.211015,31.718904 -85.210854,31.718377 -85.211337,31.717461 -85.21139,31.716888 -85.210854,31.715559 -85.209862,31.714277 -85.20946,31.713452 -85.209433,31.7132 -85.209272,31.713017 -85.209272,31.712719 -85.209192,31.71265 -85.209111,31.711734 -85.209513,31.710474 -85.209995,31.709649 -85.210772,31.708664 -85.212996,31.706808 -85.213773,31.705868 -85.21546,31.703119 -85.216076,31.702409 -85.219861,31.702454 -85.220789,31.702498 -85.233136,31.703077 -85.239013,31.703353 -85.244798,31.703624 -85.249934,31.703865 -85.255227,31.703961 -85.264479,31.704127 -85.276047,31.704334 -85.277952,31.704369 -85.290747,31.704599 -85.311043,31.705078 -85.31839,31.705654 -85.319625,31.705711 -85.331044,31.705854 -85.332212,31.70587 -85.334142,31.705937 -85.346468,31.705602 -85.350062,31.705871 -85.350216,31.705914 -85.35118,31.705927 -85.352122,31.705935 -85.352464,31.705947 -85.35272,31.705969 -85.353058,31.706012 -85.353489,31.706086 -85.353713,31.706134 -85.353914,31.706133 -85.3653,31.706094 -85.372527,31.706071 -85.374938,31.706115 -85.387141,31.706303 -85.397598,31.706465 -85.404694,31.706542 -85.415999,31.706665 -85.416038,31.706664 -85.415933,31.695791 -85.415917,31.694208 -85.415839,31.686219 -85.415837,31.685965 -85.41585,31.68164 -85.416189,31.677528 -85.416422,31.665022 -85.416371,31.660149 -85.416368,31.659732 -85.415966,31.652118 -85.415999,31.649392 -85.416002,31.649361 -85.416199,31.632516 -85.41623,31.629701 -85.416284,31.625361 -85.416437,31.619466 -85.425002,31.619669 -85.434249,31.61989 -85.461191,31.620441 -85.462247,31.620466 -85.467038,31.620566 -85.475051,31.620493 -85.479673,31.62045 -85.49153,31.620343 -85.499956,31.620267 -85.509201,31.619904 -85.512617,31.619769 -85.518729,31.619535 -85.519868,31.619496 -85.528298,31.619219 -85.536183,31.618957 -85.538939,31.618866 -85.551439,31.618366 -85.557821,31.618176 -85.563107,31.618019 -85.568146,31.617866 -85.581511,31.617634 -85.585439,31.617565 -85.595059,31.617622 -85.595146,31.617623 -85.605099,31.617683 -85.607341,31.617694 -85.616096,31.617746 -85.619338,31.61776 -85.621916,31.617738 -85.624886,31.617717 -85.627912,31.617723 -85.636498,31.617747 -85.646384,31.617776 -85.651841,31.617791 -85.661869,31.61782 -85.67267,31.61785 -85.680097,31.617871 -85.69097,31.617901 -85.693785,31.617933 -85.696318,31.617963 -85.704923,31.618066 -85.709462,31.618121 -85.71311,31.618115 -85.725857,31.618093 -85.726506,31.618078 -85.728674,31.618054 -85.729617,31.618051 -85.729872,31.618061 -85.730123,31.618102 -85.730286,31.61815 -85.730484,31.618241 -85.730759,31.618217 -85.733354,31.61818 -85.745074,31.618055 -85.74704,31.618061 -85.7481,31.61806 -85.749941,31.617914 -85.753764,31.617918 -85.764971,31.617933 -85.76738,31.617935 -85.77257,31.617943 -85.780907,31.617953 -85.78585,31.617961 -85.789142,31.617964 -85.793652,31.617993 -85.79613,31.618008 -85.80002,31.618034 -85.803146,31.618057 -85.803792,31.618058 -85.806177,31.618074 -85.818883,31.618155 -85.827102,31.618207 -85.834243,31.618253 -85.840283,31.618291 -85.840311,31.618292 -85.848643,31.618345 -85.851093,31.61836 -85.86331,31.618437 -85.865719,31.618454 -85.868458,31.618471 -85.873987,31.618507 -85.874952,31.618512 -85.884885,31.6186 -85.899202,31.618729 -85.899274,31.618728 -85.90446,31.618775 -85.907648,31.618795 -85.914275,31.618853 -85.918068,31.618897 -85.920109,31.618914 -85.925346,31.618962 -85.926866,31.618966 -85.933962,31.618988 -85.935953,31.618993 -85.941637,31.61901 -85.9461,31.619027 -85.946932,31.619025 -85.951499,31.619039 -85.95378,31.619045 -85.959253,31.619061 -85.970469,31.619131 -85.972038,31.61914 -85.97901,31.619183 -85.98011,31.619189 -85.986469,31.619228 -85.989291,31.619246 -85.990494,31.619252 -85.994104,31.619274 -85.999948,31.619311 -86.004044,31.619067 -86.005063,31.619064 -86.030441,31.618939 -86.036709,31.618909 -86.055821,31.618816 -86.05804,31.618792 -86.067742,31.618691 -86.076452,31.618598 -86.081428,31.618546 -86.088712,31.618469 -86.088723,31.618468 -86.094925,31.618405 -86.095038,31.618403 -86.106921,31.618325 -86.116521,31.618234 -86.116539,31.618233 -86.123834,31.618167 -86.124952,31.618044 -86.127269,31.618015 -86.136448,31.617901 -86.145895,31.617741 -86.145874,31.616772 -86.145657,31.6075 -86.145505,31.601816 -86.14551,31.601793 -86.145392,31.596667 -86.145338,31.594676 -86.145151,31.587146 -86.145019,31.58154 -86.144835,31.573921 -86.144761,31.570994 -86.144704,31.568607 -86.144603,31.564461 -86.144221,31.548841 -86.144135,31.54529 -86.14395,31.537675 -86.150314,31.537601 -86.156768,31.537527 -86.156764,31.53687 -86.156587,31.53119 -86.156561,31.530203 -86.182098,31.530047 -86.186246,31.530024 -86.189279,31.529985 -86.194784,31.529949 -86.194742,31.525711 -86.194724,31.524447 -86.194681,31.519801 -86.194565,31.508407 -86.194536,31.505527 -86.194486,31.500161 -86.194332,31.49716 -86.194328,31.496814 -86.194312,31.496312 -86.194318,31.495881 -86.194293,31.495356 -86.194169,31.486239 -86.194108,31.479869 -86.194098,31.476789 -86.194084,31.474317 -86.194158,31.47421 -86.194179,31.474074 -86.194148,31.47366 -86.194162,31.47344 -86.194167,31.472412 -86.194149,31.471396 -86.194125,31.470884 -86.194112,31.470375 -86.194116,31.46987 -86.194136,31.469033 -86.194137,31.468262 -86.194121,31.467757 -86.194075,31.467254 -86.194043,31.466751 -86.194049,31.465738 -86.194043,31.464224 -86.19403,31.462706 -86.194033,31.462196 -86.194026,31.461974 -86.194003,31.456441 -86.193977,31.447794 -86.19398,31.447261 -86.193973,31.446475 -86.193951,31.440072 -86.19936,31.4406 -86.210698,31.44171 -86.215079,31.441622 -86.215406,31.441637 -86.216607,31.44163 -86.2184,31.4416 -86.220193,31.441599 -86.22139,31.441582 -86.222007,31.441568 -86.223448,31.441524 -86.224888,31.441491 -86.229225,31.441521 -86.239684,31.441349 -86.239869,31.441379 -86.240172,31.441382 -86.245786,31.441314 -86.246296,31.441315 -86.246802,31.441375 -86.247296,31.441491 -86.247558,31.44159 -86.249953,31.441439 -86.25408,31.441343 -86.25962,31.441218 -86.261876,31.441168 -86.261769,31.442119 -86.260665,31.45164 -86.260189,31.455716 -86.263637,31.455694 -86.266599,31.455671 -86.276055,31.455604 -86.277031,31.455602 -86.277059,31.457373 -86.277325,31.474313 -86.277327,31.474757 -86.277375,31.477546 -86.277462,31.483236 -86.277492,31.485061 -86.27765,31.495129 -86.277711,31.499095 -86.277721,31.499303 -86.27785,31.500157 -86.277873,31.504812 -86.277869,31.504828 -86.277929,31.506413 -86.27795,31.50905 -86.277992,31.511193 -86.278081,31.513346 -86.278196,31.514772 -86.278522,31.517357 -86.278869,31.519501 -86.279106,31.521251 -86.279767,31.525772 -86.279855,31.526379 -86.280155,31.52851 -86.280395,31.528508 -86.282608,31.528428 -86.283482,31.528416 -86.287595,31.528567 -86.287743,31.528582 -86.288468,31.528586 -86.288828,31.528573 -86.289114,31.528604 -86.290938,31.528444 -86.291655,31.528459 -86.296726,31.528461 -86.29739,31.528478 -86.298887,31.528497 -86.298841,31.528364 -86.298708,31.528141 -86.298266,31.527933 -86.297726,31.527851 -86.297608,31.527784 -86.297421,31.527709 -86.297348,31.527583 -86.297448,31.527332 -86.297783,31.526834 -86.298015,31.526623 -86.298229,31.526619 -86.298407,31.526692 -86.298637,31.526818 -86.298768,31.526991 -86.298962,31.527064 -86.299156,31.527038 -86.29935,31.526939 -86.29945,31.526781 -86.29947,31.526614 -86.299292,31.526226 -86.299041,31.526074 -86.29881,31.525917 -86.298747,31.525613 -86.298847,31.525314 -86.298988,31.52518 -86.299156,31.524968 -86.299287,31.524842 -86.299439,31.524418 -86.299382,31.524339 -86.299147,31.524268 -86.298979,31.524108 -86.298853,31.52379 -86.298925,31.52355 -86.299334,31.523192 -86.300308,31.522771 -86.300591,31.5227 -86.300842,31.522729 -86.301087,31.522679 -86.301333,31.522541 -86.301502,31.522322 -86.301609,31.522051 -86.301608,31.521907 -86.301339,31.521504 -86.301306,31.521329 -86.301421,31.52118 -86.301744,31.52095 -86.302229,31.520666 -86.302945,31.520686 -86.30348,31.520792 -86.304027,31.520773 -86.304272,31.520637 -86.304423,31.520495 -86.304461,31.52032 -86.304374,31.519827 -86.304454,31.519686 -86.304713,31.519506 -86.305341,31.5193 -86.306677,31.519144 -86.306957,31.519068 -86.307806,31.518324 -86.308285,31.518035 -86.308803,31.517464 -86.309218,31.517014 -86.309829,31.516522 -86.310595,31.516151 -86.311303,31.515645 -86.311855,31.515388 -86.312294,31.515279 -86.312538,31.515334 -86.313021,31.51562 -86.313307,31.51557 -86.313479,31.515329 -86.313469,31.515151 -86.313291,31.514792 -86.313419,31.514452 -86.313666,31.514165 -86.31403,31.513975 -86.314198,31.513973 -86.314515,31.514064 -86.314809,31.514061 -86.314922,31.514013 -86.315606,31.513201 -86.315887,31.512983 -86.316175,31.512675 -86.316658,31.51239 -86.316926,31.512157 -86.31748,31.511903 -86.317728,31.511709 -86.31785,31.511563 -86.31794,31.511179 -86.318155,31.511065 -86.318326,31.511159 -86.318501,31.511484 -86.318673,31.51164 -86.319173,31.511904 -86.319666,31.511987 -86.320018,31.511737 -86.320109,31.511427 -86.320051,31.511148 -86.319772,31.510879 -86.319598,31.510778 -86.319393,31.510746 -86.319104,31.510796 -86.318835,31.5107 -86.318562,31.510382 -86.318462,31.510072 -86.318552,31.509795 -86.318713,31.509632 -86.319072,31.509536 -86.319328,31.509413 -86.319621,31.509208 -86.319848,31.508953 -86.319851,31.508562 -86.319745,31.508145 -86.3198,31.507684 -86.319776,31.507375 -86.31962,31.507005 -86.319342,31.506691 -86.319193,31.506319 -86.319135,31.505787 -86.319185,31.505576 -86.319329,31.50528 -86.319641,31.505043 -86.319967,31.504985 -86.320288,31.505075 -86.320723,31.504877 -86.321017,31.504826 -86.321165,31.504951 -86.321318,31.505205 -86.321503,31.505273 -86.32281,31.504787 -86.323732,31.50479 -86.323928,31.504655 -86.32404,31.504274 -86.32428,31.50405 -86.324555,31.503885 -86.324685,31.503744 -86.324754,31.503538 -86.324751,31.503324 -86.324638,31.503016 -86.324428,31.502667 -86.323743,31.50204 -86.323577,31.501835 -86.323479,31.501526 -86.323592,31.501379 -86.323795,31.501333 -86.32408,31.501395 -86.324481,31.501708 -86.324814,31.501861 -86.326233,31.502739 -86.326545,31.502845 -86.327004,31.502811 -86.327522,31.502663 -86.327697,31.502566 -86.327858,31.502401 -86.327983,31.502097 -86.328075,31.501568 -86.328313,31.501375 -86.328603,31.501347 -86.32918,31.501559 -86.329574,31.501878 -86.329789,31.501988 -86.330122,31.502024 -86.330395,31.501929 -86.330586,31.501764 -86.330713,31.501578 -86.330711,31.50122 -86.3306,31.500951 -86.330187,31.500649 -86.329697,31.500069 -86.329151,31.499675 -86.329069,31.49951 -86.3291,31.499229 -86.329236,31.49901 -86.329413,31.498919 -86.329648,31.49888 -86.329899,31.498904 -86.330243,31.499033 -86.330409,31.499008 -86.330621,31.498896 -86.330753,31.498632 -86.330944,31.497861 -86.331077,31.49756 -86.331736,31.496402 -86.332263,31.495941 -86.332579,31.495126 -86.332758,31.494979 -86.332925,31.49498 -86.333159,31.49513 -86.333284,31.495148 -86.333483,31.495089 -86.3336,31.494991 -86.333431,31.494666 -86.333398,31.494417 -86.33344,31.493917 -86.333578,31.493583 -86.333812,31.493468 -86.334148,31.49347 -86.334408,31.4937 -86.334456,31.493909 -86.334442,31.494408 -86.334582,31.494579 -86.334791,31.494585 -86.335034,31.494528 -86.33524,31.494404 -86.335392,31.494234 -86.335429,31.494022 -86.335042,31.493558 -86.335014,31.493133 -86.335127,31.492987 -86.335463,31.492851 -86.33579,31.492268 -86.336217,31.491924 -86.336416,31.491693 -86.336578,31.491327 -86.336558,31.491187 -86.336288,31.491016 -86.335671,31.490912 -86.335601,31.490824 -86.335582,31.490648 -86.33572,31.49043 -86.336211,31.490329 -86.336388,31.490179 -86.337095,31.489289 -86.337711,31.48831 -86.338246,31.487761 -86.338539,31.48756 -86.339806,31.487006 -86.340037,31.486919 -86.340454,31.486879 -86.340957,31.486924 -86.341298,31.48706 -86.343467,31.488864 -86.343821,31.489057 -86.344463,31.48922 -86.345025,31.489456 -86.345266,31.489654 -86.345421,31.4901 -86.345565,31.490227 -86.345895,31.490272 -86.346185,31.490227 -86.346558,31.490041 -86.346695,31.48978 -86.346638,31.489356 -86.346751,31.488979 -86.347074,31.488651 -86.347571,31.488371 -86.347765,31.488139 -86.347723,31.487898 -86.347261,31.487481 -86.347015,31.487346 -86.346812,31.487306 -86.346485,31.487374 -86.346007,31.487669 -86.345734,31.487759 -86.345526,31.487753 -86.345415,31.487703 -86.345384,31.487637 -86.345405,31.48739 -86.345602,31.487156 -86.346764,31.486181 -86.346822,31.485938 -86.346633,31.485746 -86.346631,31.485675 -86.346679,31.48543 -86.346794,31.485314 -86.347037,31.485257 -86.34724,31.485289 -86.347467,31.485446 -86.347792,31.485776 -86.347973,31.485867 -86.34814,31.485873 -86.348301,31.485835 -86.348722,31.485596 -86.349041,31.485509 -86.350166,31.485368 -86.351168,31.485333 -86.353794,31.484711 -86.354044,31.484714 -86.354306,31.484829 -86.354365,31.484922 -86.35436,31.485136 -86.354166,31.485572 -86.354288,31.485985 -86.35456,31.486256 -86.354744,31.486342 -86.355509,31.48652 -86.355624,31.486666 -86.355758,31.487224 -86.356004,31.487466 -86.356351,31.487467 -86.356691,31.487329 -86.356856,31.487168 -86.357078,31.486515 -86.357226,31.486299 -86.357552,31.486076 -86.357749,31.486012 -86.357959,31.486004 -86.358115,31.48605 -86.35826,31.486181 -86.358374,31.486372 -86.358372,31.486549 -86.358146,31.486933 -86.358082,31.487215 -86.358217,31.487472 -86.358797,31.487762 -86.359163,31.487838 -86.359505,31.48771 -86.359713,31.487487 -86.359572,31.487154 -86.359575,31.487049 -86.359719,31.486876 -86.360032,31.486771 -86.360279,31.486796 -86.361171,31.487389 -86.361339,31.487398 -86.361843,31.487503 -86.362686,31.48733 -86.363054,31.487005 -86.363595,31.486854 -86.363919,31.486746 -86.36416,31.486923 -86.364314,31.487068 -86.3644,31.487186 -86.364692,31.487132 -86.364659,31.486732 -86.364465,31.486462 -86.363966,31.485872 -86.363779,31.485487 -86.363631,31.48499 -86.363624,31.484784 -86.3638,31.484389 -86.363856,31.483892 -86.363952,31.483619 -86.364789,31.481781 -86.364947,31.48079 -86.365062,31.480522 -86.365377,31.480286 -86.365812,31.480149 -86.366146,31.480183 -86.366711,31.480415 -86.367026,31.480315 -86.367201,31.480163 -86.367314,31.479491 -86.367538,31.478881 -86.367523,31.478631 -86.367357,31.478114 -86.367392,31.477829 -86.367465,31.477693 -86.368743,31.477232 -86.368988,31.477036 -86.369204,31.476608 -86.3694,31.476463 -86.37062,31.476281 -86.370555,31.475878 -86.369443,31.475644 -86.369836,31.47457 -86.3703,31.473689 -86.370541,31.473493 -86.370829,31.473443 -86.371652,31.473581 -86.371902,31.473556 -86.37207,31.47345 -86.372613,31.472818 -86.372932,31.472582 -86.373574,31.472432 -86.373781,31.472462 -86.373858,31.472539 -86.37377,31.472995 -86.373389,31.473549 -86.373338,31.47376 -86.373366,31.473938 -86.373452,31.474059 -86.373692,31.474113 -86.374312,31.474017 -86.374895,31.47409 -86.375275,31.474082 -86.375556,31.474014 -86.375681,31.473832 -86.37569,31.473618 -86.375383,31.473076 -86.375565,31.47239 -86.375818,31.472156 -86.376127,31.471969 -86.376418,31.471936 -86.376697,31.472003 -86.376973,31.472362 -86.377125,31.472424 -86.377243,31.472401 -86.377317,31.472314 -86.377405,31.471928 -86.377413,31.471248 -86.377314,31.470937 -86.376969,31.470533 -86.376962,31.47032 -86.377094,31.470141 -86.377248,31.47009 -86.37785,31.470228 -86.37799,31.4701 -86.378016,31.469924 -86.377942,31.469757 -86.377594,31.469354 -86.377223,31.469065 -86.376727,31.468874 -86.376185,31.468851 -86.375933,31.468725 -86.375217,31.468126 -86.375176,31.467992 -86.37521,31.46789 -86.375341,31.467757 -86.375998,31.467656 -86.376554,31.467409 -86.376791,31.467207 -86.377126,31.46667 -86.37733,31.466546 -86.377523,31.466553 -86.377564,31.466636 -86.377807,31.466828 -86.378008,31.467458 -86.378264,31.467779 -86.378317,31.467939 -86.378504,31.468077 -86.378784,31.468096 -86.379253,31.468064 -86.379799,31.467934 -86.379868,31.467848 -86.379868,31.46755 -86.379788,31.467458 -86.379752,31.467161 -86.379334,31.46645 -86.379334,31.46636 -86.379283,31.465982 -86.379317,31.46594 -86.379377,31.465717 -86.37955,31.465598 -86.379594,31.46549 -86.379917,31.465441 -86.380218,31.465314 -86.380677,31.464999 -86.382297,31.463613 -86.382726,31.463221 -86.383562,31.462736 -86.383918,31.46243 -86.38409,31.462186 -86.384124,31.462011 -86.384048,31.461621 -86.384123,31.461418 -86.384283,31.46131 -86.384633,31.461397 -86.384799,31.461331 -86.384949,31.461062 -86.385009,31.460745 -86.385214,31.460476 -86.385536,31.460313 -86.386206,31.460296 -86.386399,31.46016 -86.38649,31.459961 -86.386478,31.459784 -86.386308,31.459537 -86.386134,31.459383 -86.385901,31.459305 -86.385729,31.459101 -86.385721,31.459033 -86.385471,31.458946 -86.385221,31.458722 -86.384695,31.458515 -86.384657,31.458259 -86.384687,31.458243 -86.385903,31.458108 -86.386033,31.458058 -86.386217,31.458049 -86.386376,31.457999 -86.386817,31.457649 -86.387269,31.457375 -86.387663,31.457305 -86.388033,31.457368 -86.388214,31.45753 -86.388156,31.457852 -86.387734,31.458273 -86.387546,31.458571 -86.3876,31.458731 -86.387707,31.458823 -86.388054,31.458754 -86.388735,31.458269 -86.388741,31.457947 -86.388837,31.457691 -86.388968,31.457149 -86.388965,31.456436 -86.38905,31.456375 -86.389173,31.456233 -86.389873,31.45599 -86.390498,31.45591 -86.390745,31.455945 -86.391595,31.455142 -86.392476,31.454178 -86.392844,31.453902 -86.393042,31.45379 -86.394148,31.453016 -86.394507,31.452828 -86.394905,31.452715 -86.395283,31.452685 -86.39584,31.452578 -86.395896,31.45252 -86.396135,31.452176 -86.395261,31.451973 -86.395077,31.451739 -86.394993,31.451352 -86.395089,31.45093 -86.395202,31.450787 -86.395686,31.450684 -86.396144,31.450708 -86.39673,31.450754 -86.397325,31.45098 -86.397454,31.450965 -86.39793,31.451078 -86.398135,31.451181 -86.398286,31.451197 -86.398536,31.451325 -86.398556,31.452428 -86.398594,31.454841 -86.398604,31.455258 -86.39861,31.455842 -86.398642,31.45736 -86.398681,31.45817 -86.398686,31.458483 -86.398883,31.46772 -86.398884,31.468025 -86.39896,31.471045 -86.398979,31.472174 -86.399135,31.47957 -86.399268,31.485309 -86.399288,31.486703 -86.399445,31.494769 -86.399556,31.500461 -86.399587,31.503003 -86.399624,31.505419 -86.399749,31.514067 -86.3998,31.517375 -86.39994,31.527128 -86.406203,31.526513 -86.413522,31.525788 -86.414177,31.525732 -86.415383,31.525572 -86.418739,31.525553 -86.418754,31.52555 -86.424474,31.525532 -86.429497,31.525518 -86.434715,31.525504 -86.459654,31.52544 -86.459944,31.52544 -86.465465,31.525419 -86.484601,31.525368 -86.497891,31.525334 -86.499213,31.525331 -86.499964,31.525272 -86.502714,31.525085 -86.506196,31.52485 -86.519345,31.524625 -86.520061,31.524652 -86.526676,31.524377 -86.527066,31.524673 -86.537906,31.524473 -86.565604,31.524128 -86.571134,31.524062 -86.574692,31.524015 -86.584376,31.524043 -86.589109,31.524025 -86.617193,31.523897 -86.619473,31.523885 -86.624967,31.52376 -86.641666,31.523755 -86.642246,31.523753 -86.657394,31.523716 -86.666982,31.523692 -86.669891,31.523684 -86.675809,31.523683 -86.675909,31.523726 -86.676252,31.523827 -86.676611,31.523884 -86.67688,31.523893 -86.684282,31.52394 -86.685647,31.523948 -86.687095,31.523927 -86.687454,31.523945 -86.688172,31.524055 -86.688534,31.524069 -86.688891,31.524032 -86.689249,31.523959 -86.690217,31.523693 -86.695121,31.523786 -86.697072,31.523833 -86.697513,31.523909 -86.697879,31.523938 -86.699015,31.523987 -86.699825,31.523999 -86.700626,31.523984 -86.701554,31.523946 -86.701501,31.520006 -86.701365,31.5063 -86.701352,31.504948 -86.701339,31.503972 -86.701372,31.501244 -86.701382,31.50067 -86.701371,31.498383 -86.70133,31.48715 -86.701368,31.480233 -86.701402,31.472648 -86.701424,31.471185 -86.701361,31.466072 -86.701327,31.463223 -86.701238,31.462064 -86.701179,31.456211 -86.701114,31.449578 -86.701151,31.444143 -86.701194,31.437725 -86.70122,31.436641 -86.697953,31.43661 -86.688109,31.436587 -86.677096,31.436571 -86.67485,31.436557 -86.67485,31.436442 -86.674744,31.436282 -86.674744,31.43619 -86.674637,31.436076 -86.674476,31.435686 -86.674236,31.435457 -86.673514,31.435044 -86.6729,31.43454 -86.67167,31.434242 -86.671243,31.434013 -86.671216,31.433852 -86.671109,31.43376 -86.671002,31.433462 -86.671002,31.433165 -86.671136,31.432752 -86.671537,31.432477 -86.671938,31.432431 -86.672258,31.432706 -86.672392,31.433004 -86.672579,31.433165 -86.672793,31.433256 -86.672953,31.433188 -86.673301,31.43289 -86.673702,31.432019 -86.673836,31.431629 -86.673916,31.431056 -86.674103,31.430369 -86.67445,31.429979 -86.674557,31.42975 -86.674504,31.429406 -86.67429,31.429064 -86.67421,31.429042 -86.674184,31.42895 -86.673971,31.428767 -86.673864,31.428469 -86.673784,31.428401 -86.673783,31.428282 -86.673624,31.427898 -86.673598,31.427714 -86.673411,31.427348 -86.673224,31.426751 -86.673196,31.425881 -86.67309,31.425468 -86.673009,31.424987 -86.672742,31.424299 -86.672608,31.424069 -86.671994,31.423382 -86.671967,31.42329 -86.670765,31.422418 -86.669802,31.421914 -86.668921,31.421616 -86.667451,31.42134 -86.667104,31.421226 -86.66681,31.420996 -86.666675,31.420767 -86.666595,31.420539 -86.666542,31.420469 -86.666381,31.420081 -86.66582,31.419552 -86.66566,31.419209 -86.665472,31.418979 -86.665366,31.418773 -86.665366,31.418063 -86.665714,31.417238 -86.665794,31.417169 -86.665901,31.41687 -86.666062,31.416573 -86.666381,31.416367 -86.666969,31.416321 -86.667263,31.416389 -86.668519,31.416435 -86.669187,31.416321 -86.669374,31.416023 -86.669374,31.415175 -86.669268,31.414877 -86.669054,31.413937 -86.668546,31.413135 -86.66852,31.412974 -86.668306,31.412768 -86.667959,31.412264 -86.667531,31.411508 -86.667184,31.41098 -86.667184,31.410843 -86.666997,31.410614 -86.66697,31.41043 -86.666837,31.410224 -86.666837,31.409949 -86.666944,31.409399 -86.667051,31.409101 -86.667238,31.408918 -86.667185,31.40823 -86.667051,31.407955 -86.666677,31.407726 -86.666063,31.407428 -86.665181,31.407153 -86.664834,31.406946 -86.664754,31.406786 -86.664861,31.406465 -86.664887,31.406121 -86.664834,31.40603 -86.663979,31.405777 -86.663578,31.405296 -86.663525,31.405021 -86.663632,31.404654 -86.663979,31.40415 -86.664033,31.403761 -86.663659,31.403577 -86.662589,31.40321 -86.662189,31.403004 -86.662082,31.402798 -86.662082,31.402316 -86.662135,31.402064 -86.662269,31.40195 -86.662403,31.401721 -86.66251,31.401446 -86.662643,31.401423 -86.663285,31.400804 -86.663979,31.400415 -86.664434,31.400048 -86.664728,31.399865 -86.665556,31.399727 -86.665823,31.399475 -86.665823,31.399063 -86.665796,31.398811 -86.665663,31.39849 -86.665583,31.398215 -86.665583,31.397458 -86.66577,31.396954 -86.665984,31.396679 -86.665984,31.396404 -86.665797,31.396267 -86.665583,31.395992 -86.665584,31.395533 -86.665797,31.395396 -86.666118,31.395052 -86.666145,31.39464 -86.665931,31.394181 -86.665771,31.3937 -86.665744,31.393264 -86.666038,31.392692 -86.665798,31.392416 -86.665745,31.392233 -86.665825,31.392073 -86.66708,31.39205 -86.667535,31.391867 -86.66839,31.391363 -86.669218,31.391317 -86.669645,31.391065 -86.670153,31.391019 -86.670793,31.39129 -86.671085,31.391289 -86.67133,31.391175 -86.672666,31.390492 -86.673034,31.390075 -86.672955,31.389549 -86.672609,31.389 -86.672609,31.38861 -86.672903,31.388289 -86.673169,31.38822 -86.673491,31.388381 -86.67381,31.388772 -86.673811,31.388908 -86.673864,31.388978 -86.673971,31.389435 -86.674078,31.389573 -86.674373,31.38978 -86.674719,31.389872 -86.674986,31.389871 -86.675228,31.389734 -86.675414,31.389459 -86.675442,31.389001 -86.675335,31.388612 -86.675228,31.388452 -86.674935,31.387628 -86.674935,31.387009 -86.675095,31.386803 -86.675335,31.386689 -86.675523,31.386505 -86.675737,31.386208 -86.675764,31.38575 -86.675684,31.385635 -86.675416,31.38536 -86.675123,31.385222 -86.672051,31.384168 -86.671543,31.383778 -86.670902,31.38332 -86.670715,31.383113 -86.670422,31.382495 -86.670395,31.38222 -86.670261,31.381784 -86.670235,31.381486 -86.670128,31.381257 -86.669941,31.379469 -86.669835,31.378942 -86.669701,31.378575 -86.669461,31.378255 -86.669194,31.378025 -86.66874,31.377727 -86.66874,31.377475 -86.669862,31.376627 -86.67053,31.376238 -86.670717,31.375871 -86.670636,31.37578 -86.670209,31.375757 -86.669595,31.375871 -86.66898,31.375688 -86.668606,31.375608 -86.668152,31.375167 -86.668018,31.374797 -86.667805,31.374262 -86.667751,31.374194 -86.667645,31.373689 -86.667564,31.373598 -86.667458,31.371535 -86.667538,31.371237 -86.667432,31.370275 -86.667352,31.370206 -86.667352,31.370091 -86.667298,31.37 -86.667245,31.369404 -86.667459,31.369014 -86.668126,31.368441 -86.668955,31.367433 -86.670157,31.366196 -86.670718,31.365577 -86.670771,31.365371 -86.670985,31.365302 -86.67176,31.364752 -86.67208,31.364477 -86.67224,31.364225 -86.67232,31.363996 -86.672507,31.363744 -86.672855,31.363514 -86.673122,31.363492 -86.673549,31.363675 -86.673896,31.363744 -86.674217,31.363606 -86.67427,31.363492 -86.674324,31.363194 -86.674244,31.363033 -86.674244,31.362598 -86.674564,31.362415 -86.675152,31.362346 -86.675713,31.362461 -86.67598,31.362461 -86.676487,31.362163 -86.676834,31.362094 -86.676968,31.362231 -86.677075,31.362438 -86.677181,31.363286 -86.677261,31.363377 -86.677422,31.363446 -86.677715,31.363446 -86.677956,31.36324 -86.678063,31.363034 -86.678089,31.362919 -86.67841,31.362552 -86.679078,31.362255 -86.679452,31.361682 -86.679799,31.361659 -86.679986,31.361728 -86.680333,31.36214 -86.68068,31.362346 -86.680974,31.362369 -86.681134,31.362301 -86.681241,31.362163 -86.681161,31.361888 -86.681027,31.361705 -86.680119,31.360902 -86.679665,31.360375 -86.679665,31.360032 -86.679799,31.359504 -86.679906,31.359275 -86.6806,31.358932 -86.68068,31.358817 -86.680707,31.358634 -86.680493,31.358496 -86.679585,31.358588 -86.679238,31.358496 -86.678597,31.357969 -86.678571,31.357808 -86.678704,31.357626 -86.679105,31.357557 -86.679959,31.357259 -86.680253,31.356962 -86.68028,31.356709 -86.680146,31.356503 -86.68012,31.356343 -86.680173,31.356114 -86.68036,31.355999 -86.680868,31.355953 -86.681188,31.355862 -86.681722,31.355266 -86.681749,31.355036 -86.681509,31.354784 -86.681509,31.354578 -86.681936,31.354211 -86.68239,31.354051 -86.683084,31.35373 -86.683405,31.353386 -86.683458,31.353043 -86.683534,31.352751 -86.684046,31.352653 -86.68482,31.352584 -86.68685,31.352859 -86.68741,31.352791 -86.687811,31.352516 -86.688051,31.352149 -86.688318,31.351553 -86.688372,31.351049 -86.688158,31.350384 -86.688158,31.350086 -86.688505,31.349697 -86.689306,31.349238 -86.689789,31.348794 -86.690428,31.348757 -86.691015,31.348665 -86.691389,31.348872 -86.69179,31.349147 -86.693178,31.34949 -86.693525,31.349376 -86.693525,31.349055 -86.693225,31.348654 -86.693117,31.348605 -86.692973,31.348506 -86.692632,31.348219 -86.692434,31.347813 -86.692516,31.347479 -86.693222,31.347349 -86.69368,31.347315 -86.694188,31.347233 -86.694891,31.347359 -86.695174,31.34769 -86.695366,31.348066 -86.695662,31.348243 -86.696104,31.348246 -86.69603,31.348095 -86.696505,31.347451 -86.697159,31.347511 -86.698041,31.347732 -86.698484,31.347597 -86.698846,31.34797 -86.699435,31.348084 -86.699619,31.347835 -86.700062,31.347024 -86.701019,31.346592 -86.701543,31.346549 -86.701986,31.346084 -86.702446,31.345397 -86.702791,31.345387 -86.70223,31.345065 -86.70183,31.344751 -86.701354,31.344416 -86.700619,31.343757 -86.699949,31.343076 -86.699495,31.342632 -86.699268,31.342081 -86.699289,31.341497 -86.699278,31.341184 -86.699159,31.340827 -86.699084,31.340568 -86.699278,31.339946 -86.699878,31.339157 -86.700327,31.338335 -86.700911,31.337497 -86.701268,31.337324 -86.701642,31.337503 -86.701139,31.324358 -86.70113,31.315663 -86.701047,31.296505 -86.701042,31.295298 -86.70104,31.293981 -86.701034,31.291956 -86.701026,31.283015 -86.70102,31.271535 -86.701011,31.262709 -86.701002,31.253681 -86.701003,31.250171 -86.700733,31.237197 -86.700445,31.225405 -86.700446,31.225212 -86.700248,31.214841 -86.700177,31.210973 -86.700291,31.193338 -86.700282,31.192217 -86.70068,31.192729 -86.701047,31.193091 -86.701479,31.193374 -86.70263,31.193968 -86.703749,31.194377 -86.705526,31.194811 -86.706151,31.194874 -86.706654,31.194851 -86.707098,31.194652 -86.707595,31.194267 -86.707852,31.193939 -86.707976,31.193486 -86.707963,31.193128 -86.707877,31.192839 -86.707776,31.192681 -86.70748,31.192427 -86.706629,31.191843 -86.706438,31.191653 -86.706341,31.191454 -86.706348,31.191205 -86.706521,31.190881 -86.706837,31.190646 -86.707244,31.19046 -86.707676,31.190318 -86.708052,31.19029 -86.70923,31.19067 -86.709645,31.190726 -86.710402,31.190733 -86.710893,31.190827 -86.711208,31.191 -86.711728,31.191514 -86.711986,31.191627 -86.712193,31.191607 -86.712386,31.191469 -86.712661,31.19095 -86.713044,31.190526 -86.713228,31.190442 -86.713598,31.19038 -86.715955,31.190851 -86.717631,31.190853 -86.718167,31.190938 -86.718798,31.19113 -86.719454,31.191255 -86.720419,31.191265 -86.720778,31.191165 -86.721089,31.190983 -86.721274,31.190743 -86.721354,31.19054 -86.721362,31.190219 -86.721228,31.189768 -86.721084,31.18951 -86.720888,31.189372 -86.720136,31.189417 -86.719843,31.189397 -86.719488,31.189289 -86.719198,31.189085 -86.718262,31.187898 -86.717319,31.18699 -86.716828,31.186456 -86.716634,31.186179 -86.716459,31.185815 -86.716367,31.185393 -86.716412,31.185109 -86.716498,31.184946 -86.71665,31.184874 -86.717344,31.185008 -86.717931,31.185005 -86.71882,31.184795 -86.719276,31.184541 -86.720433,31.183502 -86.720654,31.1834 -86.720821,31.183384 -86.721007,31.18346 -86.721172,31.183665 -86.721207,31.184021 -86.721093,31.18455 -86.721082,31.184872 -86.721168,31.185111 -86.721346,31.185309 -86.72161,31.185409 -86.722398,31.185508 -86.723153,31.185492 -86.723435,31.185423 -86.723865,31.185199 -86.725026,31.184121 -86.725327,31.183925 -86.725707,31.18378 -86.725985,31.183825 -86.726092,31.183978 -86.726267,31.184493 -86.726388,31.185056 -86.726611,31.18571 -86.726971,31.186275 -86.727147,31.186428 -86.727339,31.186498 -86.72767,31.186492 -86.727725,31.186473 -86.727731,31.186259 -86.727583,31.185962 -86.727456,31.18551 -86.727441,31.185259 -86.727507,31.185015 -86.727596,31.184853 -86.727719,31.184756 -86.728034,31.184664 -86.728398,31.184728 -86.72926,31.185354 -86.729594,31.185504 -86.729994,31.185612 -86.730579,31.185642 -86.73125,31.18561 -86.733362,31.185321 -86.734453,31.185308 -86.734994,31.185364 -86.735358,31.18545 -86.735996,31.185714 -86.736549,31.186038 -86.736936,31.186365 -86.737139,31.186677 -86.737214,31.186965 -86.737189,31.187358 -86.73676,31.188053 -86.735789,31.189089 -86.73526,31.189497 -86.734838,31.18965 -86.734295,31.189671 -86.733179,31.189523 -86.732851,31.189582 -86.73266,31.189765 -86.73261,31.190007 -86.732742,31.190346 -86.733125,31.190982 -86.733397,31.191621 -86.733508,31.191728 -86.733735,31.191819 -86.733943,31.191843 -86.734686,31.191739 -86.736817,31.191337 -86.737152,31.191326 -86.737365,31.191395 -86.737855,31.191786 -86.738042,31.192143 -86.738103,31.19275 -86.738058,31.193747 -86.738126,31.19399 -86.738309,31.19431 -86.738743,31.194647 -86.739542,31.19504 -86.740175,31.195229 -86.740754,31.195314 -86.741399,31.195347 -86.742823,31.195127 -86.743297,31.194986 -86.743671,31.194822 -86.744387,31.194326 -86.74489,31.193896 -86.746703,31.192675 -86.747111,31.19249 -86.747674,31.192349 -86.74805,31.192318 -86.748632,31.192362 -86.749318,31.192624 -86.749847,31.192914 -86.750509,31.193137 -86.751168,31.193249 -86.755457,31.193246 -86.756671,31.193158 -86.757206,31.192955 -86.757492,31.192646 -86.759127,31.190052 -86.760752,31.187622 -86.761221,31.186546 -86.761692,31.185055 -86.762036,31.184207 -86.763212,31.181985 -86.763273,31.181829 -86.763365,31.181679 -86.763512,31.181133 -86.766368,31.182297 -86.766996,31.182769 -86.767154,31.183044 -86.767116,31.183391 -86.766903,31.183631 -86.766522,31.183789 -86.765867,31.18405 -86.765494,31.184131 -86.764738,31.184567 -86.76442,31.184896 -86.763509,31.185765 -86.76316,31.186033 -86.762838,31.186567 -86.762702,31.186977 -86.762755,31.187161 -86.76315,31.187757 -86.763229,31.188146 -86.763149,31.188261 -86.763067,31.188534 -86.762314,31.18977 -86.762,31.190294 -86.761831,31.191034 -86.762091,31.19167 -86.762197,31.191877 -86.762462,31.192037 -86.762834,31.192036 -86.763684,31.191852 -86.76465,31.191717 -86.765377,31.191944 -86.765707,31.192191 -86.765832,31.192362 -86.765773,31.192627 -86.765568,31.192783 -86.76554,31.192974 -86.7649,31.194028 -86.763753,31.195449 -86.762979,31.196457 -86.762899,31.196915 -86.763005,31.197282 -86.76322,31.197465 -86.763513,31.197534 -86.764179,31.197466 -86.766766,31.196642 -86.767459,31.196619 -86.767966,31.196848 -86.768632,31.19733 -86.769245,31.197972 -86.769524,31.198285 -86.769766,31.198709 -86.770507,31.199938 -86.770882,31.200422 -86.771232,31.20099 -86.771526,31.201264 -86.77217,31.201927 -86.772519,31.202243 -86.772453,31.202685 -86.771962,31.203138 -86.771484,31.203275 -86.770263,31.203479 -86.769758,31.20366 -86.769467,31.203957 -86.769255,31.204322 -86.768459,31.205076 -86.766676,31.205884 -86.765927,31.206529 -86.765327,31.207015 -86.765222,31.207335 -86.765304,31.207838 -86.765491,31.208112 -86.765893,31.208388 -86.766375,31.208478 -86.768115,31.208613 -86.769119,31.208796 -86.770305,31.209363 -86.770899,31.209799 -86.771997,31.210118 -86.772409,31.210303 -86.772592,31.210657 -86.772446,31.211244 -86.77196,31.212185 -86.771691,31.212508 -86.771161,31.213211 -86.77059,31.213702 -86.770133,31.214116 -86.769759,31.214482 -86.769142,31.215019 -86.768327,31.215582 -86.766823,31.216745 -86.766324,31.217263 -86.765773,31.217889 -86.765362,31.218224 -86.764907,31.218705 -86.764393,31.219451 -86.763763,31.220463 -86.763573,31.220923 -86.763569,31.221751 -86.764066,31.223062 -86.764091,31.223245 -86.76417,31.223315 -86.764196,31.223499 -86.764539,31.224028 -86.764646,31.224074 -86.765099,31.224486 -86.766192,31.225381 -86.768107,31.227233 -86.768239,31.227511 -86.768915,31.228472 -86.769113,31.229869 -86.768909,31.231844 -86.768802,31.232142 -86.768775,31.232394 -86.768812,31.2326 -86.768749,31.23425 -86.768828,31.237321 -86.769054,31.238454 -86.769384,31.239137 -86.769413,31.239407 -86.769467,31.239636 -86.769752,31.239965 -86.76995,31.240401 -86.770186,31.240897 -86.770853,31.241562 -86.772159,31.242247 -86.772592,31.242588 -86.772812,31.243233 -86.772754,31.243619 -86.772612,31.244061 -86.772372,31.244634 -86.772132,31.245023 -86.771731,31.24555 -86.771144,31.246696 -86.77109,31.246902 -86.771117,31.247658 -86.771356,31.248369 -86.77149,31.248575 -86.771543,31.248736 -86.771863,31.24924 -86.772284,31.249827 -86.772303,31.250171 -86.772263,31.250655 -86.772023,31.250937 -86.771222,31.251556 -86.769728,31.252426 -86.768607,31.252907 -86.768314,31.25293 -86.768287,31.253045 -86.767056,31.253855 -86.766653,31.254339 -86.766572,31.254478 -86.766439,31.25464 -86.766384,31.254802 -86.766331,31.254847 -86.766115,31.255309 -86.7659,31.255955 -86.765764,31.256555 -86.765705,31.258239 -86.765625,31.258492 -86.765568,31.2593 -86.76546,31.2596 -86.76525,31.260508 -86.765122,31.260703 -86.764889,31.260962 -86.764602,31.261041 -86.763961,31.261293 -86.767537,31.261333 -86.772506,31.261433 -86.787601,31.261572 -86.793338,31.261627 -86.797639,31.261665 -86.800752,31.261646 -86.808115,31.261669 -86.811055,31.261705 -86.820844,31.261827 -86.827502,31.261911 -86.836956,31.261942 -86.843202,31.261997 -86.850694,31.261972 -86.854619,31.261961 -86.861742,31.261935 -86.871022,31.261902 -86.875052,31.261951 -86.878507,31.261919 -86.88232,31.261917 -86.885842,31.261916 -86.887094,31.261912 -86.887179,31.261889 -86.889701,31.261909 -86.894938,31.261893 -86.895459,31.261883 -86.902254,31.26185 -86.909072,31.26183 -86.912612,31.261819 -86.922475,31.261784 -86.9253,31.261775 -86.934613,31.261739 -86.937975,31.261716 -86.938094,31.261761 -86.944539,31.261581 -86.944669,31.261589 -86.945068,31.261513 -86.94549,31.261482 -86.949764,31.261447 -86.951439,31.261443 -86.951673,31.261461 -86.95332,31.261372 -86.955083,31.261358 -86.955406,31.261358 -86.964,31.261324 -86.974756,31.261216 -86.974837,31.261224 -86.976238,31.2612 -86.986387,31.261131 -86.990649,31.261102 -86.99997,31.261038 -87.00261,31.261231 -87.011899,31.261256 -87.017849,31.261282 -87.017861,31.261272 -87.023896,31.261288 -87.029321,31.261303 -87.030146,31.261306 -87.030403,31.261313 -87.03171,31.261307 -87.033733,31.261321 -87.034265,31.261323 -87.036472,31.261315 -87.042194,31.261145 -87.062561,31.261151 -87.071188,31.260985 -87.071349,31.261053 -87.071517,31.261085 -87.071687,31.261094 -87.073491,31.261117 -87.073739,31.261147 -87.076826,31.261089 -87.076997,31.261088 -87.085072,31.26107 -87.095805,31.261045 -87.107801,31.260947 -87.110613,31.260935 -87.120766,31.260902 -87.12581,31.260845 -87.126851,31.260852 -87.134082,31.260824 -87.135376,31.260824 -87.13917,31.260807 -87.140531,31.260805 -87.144898,31.260795 -87.149043,31.260772 -87.16304,31.26074 -87.163618,31.260744 -87.175632,31.260705 -87.179423,31.260699 -87.184621,31.260683 -87.18574,31.260707 -87.187791,31.260702 -87.188505,31.260703 -87.197333,31.260689 -87.210043,31.260661 -87.211426,31.260661 -87.219798,31.260655 -87.228338,31.260631 -87.229959,31.260594 -87.234271,31.260584 -87.234724,31.260606 -87.241191,31.260644 -87.249977,31.260512 -87.253304,31.260555 -87.270097,31.260558 -87.28527,31.260593 -87.287274,31.260609 -87.297653,31.260626 -87.303101,31.260635 -87.304824,31.260637 -87.305207,31.260697 -87.305905,31.260736 -87.308896,31.260731 -87.309932,31.260714 -87.314535,31.260712 -87.31505,31.260731 -87.315814,31.26079 -87.316832,31.260845 -87.317432,31.260843 -87.318564,31.260787 -87.320171,31.260784 -87.326353,31.260662 -87.332168,31.260637 -87.333589,31.260604 -87.336318,31.260595 -87.33667,31.260606 -87.337499,31.260618 -87.339969,31.260608 -87.351111,31.260564 -87.355468,31.260569 -87.36528,31.260364 -87.365523,31.260529 -87.365618,31.260576 -87.365902,31.26057 -87.366934,31.26057 -87.36791,31.260556 -87.369186,31.26057 -87.369378,31.260563 -87.37056,31.260556 -87.371379,31.260566 -87.373981,31.260557 -87.377134,31.260538 -87.377698,31.260545 -87.379018,31.260524 -87.381108,31.260524 -87.382907,31.260499 -87.390128,31.26047 -87.392102,31.260471 -87.39673,31.260468 -87.403025,31.260462 -87.404909,31.260452 -87.410301,31.260432 -87.417474,31.260409 -87.427153,31.260379 -87.427455,31.260386 -87.433165,31.260358 -87.453038,31.260226 -87.463846,31.26018 -87.465644,31.260173 -87.466484,31.260154 -87.46707,31.2602 -87.46743,31.260154 -87.471741,31.260138 -87.473126,31.260131 -87.480609,31.260104 -87.483807,31.260093 -87.489206,31.260076 -87.489666,31.259482 -87.489959,31.259184 -87.490066,31.258909 -87.490093,31.258382 -87.490013,31.25813 -87.490173,31.257787 -87.490626,31.257329 -87.491239,31.256366 -87.491878,31.255816 -87.491986,31.255632 -87.492199,31.255609 -87.492866,31.255241 -87.493773,31.25492 -87.495133,31.254531 -87.496173,31.254049 -87.49732,31.253773 -87.4982,31.253475 -87.498413,31.2532 -87.49852,31.252856 -87.49868,31.252489 -87.498893,31.252237 -87.49924,31.252122 -87.500759,31.251894 -87.501479,31.251734 -87.502146,31.251597 -87.502413,31.251459 -87.50292,31.250933 -87.504495,31.250447 -87.505722,31.250459 -87.505856,31.250172 -87.506043,31.24967 -87.506284,31.249395 -87.506897,31.249235 -87.507297,31.248845 -87.507724,31.248731 -87.508418,31.248731 -87.508898,31.24896 -87.509005,31.248961 -87.509271,31.248777 -87.509432,31.248296 -87.510179,31.248205 -87.510525,31.24848 -87.511432,31.248503 -87.511592,31.248297 -87.512153,31.248251 -87.512526,31.248274 -87.512686,31.248114 -87.513113,31.247977 -87.513326,31.248183 -87.513593,31.248183 -87.513913,31.248069 -87.514047,31.247931 -87.514553,31.247725 -87.515167,31.247886 -87.515408,31.247909 -87.516048,31.247657 -87.516795,31.247451 -87.517542,31.247703 -87.517995,31.247703 -87.518369,31.247314 -87.518449,31.24713 -87.518929,31.246924 -87.519943,31.247177 -87.51997,31.247337 -87.52053,31.247544 -87.52125,31.247567 -87.52197,31.247315 -87.522237,31.247338 -87.522663,31.247636 -87.52277,31.247819 -87.52301,31.247911 -87.52349,31.247842 -87.523677,31.247568 -87.524371,31.247339 -87.524478,31.247155 -87.524771,31.246903 -87.525144,31.246812 -87.525464,31.247087 -87.525678,31.247156 -87.525945,31.247041 -87.525945,31.24672 -87.525891,31.246674 -87.525945,31.24617 -87.526052,31.245849 -87.526238,31.245735 -87.526932,31.24562 -87.527492,31.245414 -87.527812,31.245025 -87.527866,31.244452 -87.528426,31.244223 -87.528666,31.243833 -87.52904,31.243604 -87.529067,31.243421 -87.529173,31.243237 -87.529734,31.242733 -87.529974,31.242596 -87.531174,31.242688 -87.531868,31.242023 -87.532081,31.241932 -87.532535,31.241909 -87.532828,31.241932 -87.533442,31.241726 -87.533762,31.241497 -87.533788,31.241038 -87.533895,31.240809 -87.534162,31.240672 -87.534562,31.240397 -87.534589,31.240145 -87.534589,31.23987 -87.534669,31.239595 -87.534802,31.239411 -87.535123,31.239343 -87.535523,31.239182 -87.535736,31.238747 -87.53603,31.23822 -87.53603,31.23728 -87.537148,31.237095 -87.537573,31.236701 -87.53787,31.236593 -87.53827,31.236547 -87.538991,31.236341 -87.539231,31.236158 -87.539284,31.235677 -87.539391,31.235447 -87.539631,31.235127 -87.539844,31.235012 -87.540404,31.23492 -87.541551,31.234898 -87.542325,31.234416 -87.542565,31.233981 -87.542938,31.2335 -87.543605,31.233477 -87.543765,31.233362 -87.543952,31.233087 -87.544245,31.233019 -87.544779,31.233363 -87.545525,31.233477 -87.545819,31.233477 -87.545819,31.233363 -87.545632,31.232996 -87.545606,31.232721 -87.546192,31.232423 -87.546752,31.232309 -87.547206,31.231965 -87.547286,31.231667 -87.547099,31.231346 -87.547286,31.231095 -87.547659,31.230957 -87.548486,31.230889 -87.548619,31.230797 -87.548593,31.230316 -87.548833,31.23011 -87.548993,31.230041 -87.550353,31.229926 -87.550646,31.229995 -87.551207,31.229995 -87.551447,31.229651 -87.55222,31.229583 -87.552887,31.229445 -87.553767,31.229491 -87.554033,31.229537 -87.554674,31.229193 -87.554994,31.228804 -87.555607,31.22862 -87.55614,31.228712 -87.556514,31.228712 -87.5567,31.228575 -87.556727,31.228185 -87.557047,31.22791 -87.557474,31.22775 -87.55774,31.227956 -87.558061,31.227956 -87.558407,31.227772 -87.558967,31.227383 -87.558994,31.227268 -87.559287,31.227291 -87.559447,31.227429 -87.559607,31.227658 -87.559634,31.228323 -87.559767,31.228529 -87.560114,31.228529 -87.560674,31.228483 -87.561021,31.228712 -87.561127,31.229079 -87.561634,31.229285 -87.561981,31.229216 -87.562701,31.228643 -87.563154,31.22846 -87.563529,31.22846 -87.563662,31.228552 -87.563662,31.228895 -87.563555,31.229125 -87.563555,31.229423 -87.563742,31.229583 -87.564329,31.229675 -87.565049,31.229514 -87.565475,31.229308 -87.565769,31.229514 -87.565795,31.229904 -87.565902,31.229973 -87.566329,31.230041 -87.566462,31.230156 -87.566462,31.230728 -87.567289,31.231622 -87.567822,31.231576 -87.568009,31.231736 -87.568062,31.231897 -87.568276,31.232057 -87.568729,31.231988 -87.569423,31.231621 -87.569769,31.231324 -87.569983,31.230957 -87.570063,31.230934 -87.570543,31.230636 -87.570889,31.230636 -87.571289,31.230819 -87.571423,31.230934 -87.571503,31.231117 -87.57217,31.231323 -87.572276,31.231415 -87.572303,31.231552 -87.57297,31.232171 -87.573877,31.2324 -87.57441,31.232744 -87.57521,31.232675 -87.575797,31.232675 -87.575877,31.232606 -87.576597,31.232606 -87.57705,31.232285 -87.577344,31.232285 -87.57745,31.232331 -87.577904,31.232789 -87.57857,31.232858 -87.578784,31.23295 -87.578837,31.233041 -87.578891,31.233294 -87.579024,31.233546 -87.579157,31.233614 -87.579584,31.233477 -87.579744,31.233523 -87.580011,31.233729 -87.580518,31.233729 -87.580731,31.23405 -87.580864,31.234416 -87.580918,31.234897 -87.581265,31.235218 -87.581371,31.235447 -87.581345,31.2357 -87.581238,31.235883 -87.581265,31.236135 -87.581478,31.236272 -87.581718,31.236341 -87.582385,31.236249 -87.582598,31.236341 -87.582652,31.236799 -87.583879,31.236799 -87.584039,31.236914 -87.584066,31.23728 -87.584279,31.237349 -87.584759,31.237349 -87.585079,31.237418 -87.585319,31.237624 -87.585533,31.237922 -87.585719,31.238082 -87.586093,31.238243 -87.5862,31.238586 -87.58628,31.238655 -87.58628,31.238747 -87.586546,31.238953 -87.587,31.238884 -87.5874,31.238747 -87.5878,31.239113 -87.5882,31.239113 -87.58844,31.23893 -87.588813,31.238953 -87.589,31.239067 -87.58924,31.239136 -87.589587,31.239411 -87.589827,31.239525 -87.591828,31.240029 -87.592576,31.240052 -87.592949,31.240189 -87.594523,31.23996 -87.594709,31.240212 -87.595056,31.240486 -87.595483,31.240486 -87.596176,31.240234 -87.596496,31.240257 -87.596736,31.240417 -87.597617,31.240394 -87.59791,31.240486 -87.59903,31.240394 -87.599404,31.240439 -87.599884,31.240691 -87.600097,31.24092 -87.600151,31.241379 -87.600258,31.241539 -87.600898,31.241562 -87.601431,31.241745 -87.601671,31.241608 -87.601885,31.241378 -87.602151,31.241378 -87.602498,31.241676 -87.602472,31.241859 -87.602365,31.242089 -87.602445,31.242226 -87.602765,31.242272 -87.602872,31.242363 -87.602899,31.242707 -87.602952,31.242822 -87.603726,31.242844 -87.604046,31.242913 -87.604499,31.242844 -87.604846,31.242729 -87.605353,31.242706 -87.605753,31.242523 -87.606179,31.242248 -87.607166,31.242064 -87.607379,31.241949 -87.608206,31.241216 -87.608499,31.241032 -87.608739,31.241032 -87.608713,31.24172 -87.608766,31.241788 -87.609566,31.241788 -87.60978,31.241696 -87.609966,31.241513 -87.610393,31.241421 -87.610873,31.241765 -87.611247,31.241902 -87.612527,31.24197 -87.61266,31.242108 -87.612741,31.242429 -87.612821,31.242474 -87.613194,31.242428 -87.613461,31.242589 -87.613648,31.242818 -87.614235,31.243024 -87.614368,31.243207 -87.614502,31.243688 -87.614502,31.243872 -87.614582,31.243917 -87.615222,31.24378 -87.615435,31.243803 -87.615436,31.244375 -87.615782,31.244467 -87.616396,31.244421 -87.617036,31.244604 -87.617223,31.244696 -87.61725,31.244787 -87.617463,31.244902 -87.618023,31.244879 -87.618423,31.244695 -87.618743,31.244718 -87.619757,31.244901 -87.62037,31.2449 -87.620637,31.244809 -87.621144,31.244556 -87.622317,31.244533 -87.622984,31.244189 -87.623971,31.244097 -87.624317,31.243959 -87.624989,31.243524 -87.625403,31.24341 -87.62593,31.243433 -87.626224,31.243479 -87.626864,31.243938 -87.627158,31.2438 -87.627184,31.243731 -87.628385,31.243526 -87.628998,31.243732 -87.629931,31.244214 -87.630491,31.24442 -87.631078,31.244421 -87.631452,31.244123 -87.631639,31.243688 -87.631745,31.24355 -87.631799,31.243183 -87.632226,31.242931 -87.632599,31.242977 -87.632973,31.243115 -87.633319,31.24339 -87.633639,31.243551 -87.634546,31.24362 -87.634919,31.243849 -87.635159,31.244101 -87.635239,31.244262 -87.635799,31.244743 -87.636466,31.245042 -87.637373,31.245157 -87.638173,31.245042 -87.638786,31.244859 -87.63884,31.244767 -87.639907,31.244562 -87.640734,31.244333 -87.64116,31.244379 -87.641374,31.24447 -87.641507,31.244677 -87.641614,31.245227 -87.641853,31.245433 -87.642174,31.245548 -87.642627,31.245961 -87.642813,31.246259 -87.643427,31.246832 -87.644067,31.24713 -87.64452,31.247565 -87.645,31.248138 -87.645613,31.24862 -87.645906,31.248918 -87.64644,31.24917 -87.646973,31.249331 -87.6474,31.249331 -87.648547,31.249171 -87.64892,31.248988 -87.649107,31.24869 -87.649374,31.248461 -87.649588,31.248484 -87.650388,31.24869 -87.650894,31.248782 -87.651108,31.248988 -87.651454,31.24924 -87.651668,31.24947 -87.651988,31.249674 -87.652281,31.249743 -87.652708,31.249743 -87.653401,31.249697 -87.653935,31.249493 -87.654495,31.249493 -87.654709,31.249562 -87.654815,31.249654 -87.654974,31.250172 -87.655027,31.250498 -87.65532,31.250647 -87.655613,31.250783 -87.65612,31.250714 -87.656681,31.250533 -87.657001,31.250498 -87.657401,31.250601 -87.657561,31.250784 -87.658094,31.251196 -87.658762,31.251586 -87.659642,31.251907 -87.660602,31.251907 -87.661322,31.252731 -87.661776,31.253121 -87.662469,31.252984 -87.662576,31.253167 -87.662656,31.253717 -87.662762,31.253946 -87.663029,31.254198 -87.663109,31.254313 -87.663136,31.255092 -87.663322,31.25539 -87.663909,31.255642 -87.664149,31.255849 -87.664256,31.256078 -87.664576,31.256422 -87.664923,31.256536 -87.665456,31.256628 -87.665883,31.257041 -87.666149,31.257499 -87.666389,31.257683 -87.66671,31.257797 -87.66807,31.257889 -87.668123,31.258004 -87.668683,31.25837 -87.669137,31.258737 -87.670657,31.259242 -87.671031,31.259425 -87.671404,31.25954 -87.671778,31.25954 -87.672285,31.259654 -87.672445,31.259815 -87.672765,31.260342 -87.673058,31.260686 -87.673565,31.261373 -87.673672,31.261419 -87.674045,31.261373 -87.674739,31.260938 -87.674899,31.260938 -87.675086,31.26103 -87.675726,31.261694 -87.676233,31.261855 -87.676419,31.261992 -87.676553,31.262336 -87.676473,31.263069 -87.677006,31.263688 -87.677139,31.263917 -87.677113,31.264193 -87.676953,31.264651 -87.676979,31.264788 -87.677246,31.264949 -87.677753,31.265086 -87.677806,31.265178 -87.677886,31.265568 -87.6781,31.265866 -87.67858,31.266072 -87.679087,31.266209 -87.6793,31.266393 -87.679247,31.266622 -87.679033,31.266943 -87.67906,31.267126 -87.679193,31.267264 -87.679807,31.267264 -87.680634,31.267516 -87.681488,31.267653 -87.681594,31.267883 -87.681594,31.268249 -87.681781,31.268455 -87.681941,31.26857 -87.682448,31.268731 -87.682555,31.269028 -87.682928,31.269349 -87.683675,31.269854 -87.683649,31.270106 -87.682928,31.270564 -87.682928,31.270701 -87.683248,31.270908 -87.683675,31.271068 -87.684769,31.271274 -87.685063,31.271687 -87.685223,31.272352 -87.685463,31.272627 -87.686157,31.272879 -87.686343,31.273016 -87.686397,31.273314 -87.686397,31.273772 -87.686503,31.273887 -87.687117,31.274162 -87.687491,31.274483 -87.687704,31.274758 -87.688079,31.275423 -87.688105,31.275973 -87.687838,31.276316 -87.687892,31.276546 -87.688025,31.276683 -87.688692,31.276934 -87.688799,31.277049 -87.688852,31.277255 -87.688826,31.277576 -87.688319,31.278126 -87.688319,31.27824 -87.688505,31.278401 -87.688772,31.278492 -87.689599,31.278492 -87.68968,31.278676 -87.68968,31.279455 -87.690026,31.279753 -87.69024,31.280143 -87.69024,31.281105 -87.690053,31.281472 -87.690107,31.281793 -87.690373,31.281999 -87.690453,31.282274 -87.690453,31.282686 -87.690614,31.282916 -87.691494,31.283374 -87.692055,31.283832 -87.692401,31.284016 -87.692802,31.283947 -87.693469,31.283465 -87.693869,31.28342 -87.694029,31.283465 -87.694536,31.283924 -87.69475,31.283855 -87.695283,31.283465 -87.69563,31.283488 -87.695977,31.28374 -87.696084,31.284015 -87.696164,31.284611 -87.696217,31.28468 -87.696964,31.284794 -87.697605,31.285001 -87.698059,31.28523 -87.698405,31.285184 -87.699419,31.284542 -87.699766,31.284565 -87.699926,31.284634 -87.700086,31.285023 -87.700113,31.285298 -87.700193,31.285413 -87.70054,31.285321 -87.701127,31.285092 -87.701474,31.285115 -87.701714,31.285229 -87.702168,31.285642 -87.702488,31.286054 -87.702568,31.286192 -87.702675,31.286284 -87.702835,31.286558 -87.702915,31.286788 -87.702889,31.287154 -87.702702,31.287315 -87.702035,31.287429 -87.701821,31.287613 -87.701768,31.287819 -87.701848,31.288369 -87.702329,31.289102 -87.702782,31.289561 -87.70345,31.290065 -87.703797,31.290523 -87.704357,31.290936 -87.704464,31.291417 -87.704411,31.291577 -87.704437,31.291875 -87.704544,31.29199 -87.705238,31.292081 -87.705345,31.292242 -87.705451,31.292631 -87.705452,31.293296 -87.705238,31.293938 -87.705265,31.294281 -87.705345,31.294488 -87.705665,31.294808 -87.705879,31.294946 -87.706679,31.294762 -87.706893,31.294854 -87.706946,31.295037 -87.70692,31.295289 -87.706706,31.295679 -87.706706,31.295771 -87.707427,31.296252 -87.708148,31.297031 -87.708281,31.2971 -87.708948,31.297031 -87.709135,31.296985 -87.709349,31.297031 -87.709589,31.297237 -87.709829,31.29797 -87.710123,31.298429 -87.710598,31.298679 -87.711111,31.29891 -87.711297,31.29907 -87.711271,31.299345 -87.711164,31.29962 -87.711164,31.299872 -87.711484,31.300124 -87.712045,31.300285 -87.712259,31.300605 -87.712365,31.301132 -87.712606,31.301247 -87.713273,31.30136 -87.714047,31.302002 -87.714287,31.302117 -87.714634,31.302048 -87.714741,31.301979 -87.714874,31.301773 -87.715034,31.30136 -87.715301,31.301177 -87.715595,31.301177 -87.715995,31.301268 -87.716769,31.301681 -87.71757,31.302414 -87.71773,31.302712 -87.71765,31.303124 -87.717944,31.303307 -87.718185,31.303307 -87.718506,31.303238 -87.718772,31.303124 -87.719226,31.303032 -87.71944,31.302849 -87.720881,31.30278 -87.721228,31.302711 -87.721494,31.302344 -87.721681,31.302183 -87.721734,31.301977 -87.721707,31.30129 -87.721841,31.301129 -87.722161,31.301037 -87.722962,31.301335 -87.723309,31.301335 -87.723522,31.301243 -87.723709,31.301106 -87.723762,31.300809 -87.723976,31.300511 -87.724269,31.30035 -87.724536,31.300373 -87.72499,31.300625 -87.725524,31.301036 -87.725897,31.300968 -87.726218,31.300876 -87.727018,31.301128 -87.727339,31.301036 -87.727739,31.300692 -87.728006,31.300624 -87.728273,31.300647 -87.728566,31.300738 -87.728886,31.300669 -87.728993,31.300578 -87.72934,31.300578 -87.729554,31.300669 -87.72966,31.300852 -87.729687,31.30131 -87.730381,31.301333 -87.730568,31.301424 -87.730568,31.301654 -87.730328,31.302043 -87.730328,31.302295 -87.730462,31.302433 -87.730782,31.302387 -87.730915,31.302295 -87.731262,31.302318 -87.731583,31.30241 -87.73185,31.302387 -87.731956,31.302295 -87.73225,31.302295 -87.733264,31.302501 -87.733851,31.302432 -87.734332,31.302248 -87.734839,31.302248 -87.735639,31.302454 -87.736093,31.302797 -87.736414,31.302706 -87.73652,31.302614 -87.73652,31.302522 -87.736787,31.302339 -87.737241,31.30227 -87.737801,31.302453 -87.738202,31.302705 -87.738602,31.302613 -87.738895,31.302223 -87.739589,31.302154 -87.739696,31.301994 -87.739696,31.301879 -87.739883,31.301696 -87.740363,31.301604 -87.74047,31.301512 -87.740496,31.301329 -87.740603,31.301283 -87.741057,31.301512 -87.74135,31.301718 -87.741644,31.301787 -87.742204,31.301718 -87.742391,31.301397 -87.742658,31.301397 -87.743432,31.301786 -87.744393,31.301694 -87.745113,31.30135 -87.74554,31.300914 -87.745967,31.300731 -87.746234,31.300662 -87.74634,31.300547 -87.746367,31.300089 -87.74666,31.299861 -87.746874,31.299746 -87.747327,31.299196 -87.74746,31.298921 -87.747567,31.298806 -87.748047,31.298599 -87.748287,31.298347 -87.748394,31.298141 -87.748473,31.297453 -87.748713,31.297155 -87.74957,31.297063 -87.749993,31.296938 -87.750309,31.296927 -87.750483,31.297065 -87.750579,31.297179 -87.750552,31.297569 -87.750658,31.297638 -87.750925,31.297592 -87.751246,31.297409 -87.751459,31.297065 -87.75162,31.296928 -87.751913,31.296974 -87.75274,31.297295 -87.75306,31.297364 -87.753915,31.297227 -87.754395,31.297387 -87.754528,31.297502 -87.754528,31.297662 -87.754395,31.297777 -87.753781,31.297822 -87.753781,31.297983 -87.754047,31.298166 -87.754288,31.298212 -87.754501,31.298396 -87.754581,31.298579 -87.754501,31.298739 -87.754554,31.298969 -87.755275,31.298854 -87.755488,31.298946 -87.755701,31.299129 -87.756022,31.299084 -87.756315,31.298832 -87.756743,31.298672 -87.756956,31.298695 -87.757063,31.298763 -87.757303,31.299061 -87.757811,31.299268 -87.757917,31.29936 -87.758264,31.299291 -87.758371,31.299085 -87.758745,31.298879 -87.759199,31.29881 -87.759412,31.298902 -87.759305,31.299291 -87.759198,31.299452 -87.759225,31.299634 -87.760132,31.299566 -87.760293,31.299292 -87.760293,31.299086 -87.760026,31.298833 -87.759919,31.298627 -87.759925,31.29858 -87.759726,31.298321 -87.75972,31.298131 -87.759904,31.298022 -87.760399,31.297501 -87.760604,31.297467 -87.761076,31.297585 -87.761421,31.297729 -87.761846,31.297666 -87.762099,31.297579 -87.762409,31.297413 -87.762651,31.29716 -87.762921,31.297108 -87.763208,31.297108 -87.763461,31.297143 -87.763603,31.297253 -87.765152,31.297346 -87.765216,31.296377 -87.765703,31.295266 -87.766515,31.294512 -87.767708,31.294132 -87.768779,31.293807 -87.769969,31.293677 -87.77158,31.293719 -87.77301,31.294187 -87.774326,31.294776 -87.775978,31.295617 -87.777823,31.296742 -87.778905,31.29741 -87.77997,31.297723 -87.781263,31.297739 -87.782527,31.297892 -87.783969,31.297964 -87.785797,31.297846 -87.78726,31.297644 -87.788489,31.297409 -87.788782,31.298773 -87.789123,31.298954 -87.789684,31.29911 -87.790189,31.299259 -87.791208,31.29949 -87.792338,31.299884 -87.793317,31.300487 -87.794425,31.301511 -87.795633,31.302737 -87.796746,31.304252 -87.79744,31.305314 -87.797777,31.306599 -87.798112,31.30803 -87.798055,31.30904 -87.798242,31.310828 -87.798375,31.311309 -87.798455,31.311355 -87.798455,31.312386 -87.798375,31.312501 -87.798322,31.313234 -87.798794,31.31546 -87.798929,31.316212 -87.799281,31.316779 -87.799683,31.31691 -87.800402,31.317173 -87.80112,31.317613 -87.801884,31.318222 -87.80276,31.318817 -87.803517,31.319007 -87.804023,31.319017 -87.804896,31.318885 -87.805591,31.318695 -87.806325,31.318304 -87.807135,31.317735 -87.807598,31.317278 -87.807966,31.3169 -87.808449,31.316233 -87.808878,31.315275 -87.809092,31.314275 -87.809342,31.313429 -87.809537,31.312469 -87.809788,31.31147 -87.809824,31.310485 -87.8096,31.3092 -87.809465,31.308473 -87.809184,31.307253 -87.808973,31.306638 -87.80836,31.305892 -87.807997,31.305583 -87.80717,31.304796 -87.806268,31.303878 -87.805113,31.302976 -87.804014,31.30217 -87.803315,31.301698 -87.802811,31.301397 -87.802567,31.300767 -87.80254,31.300653 -87.8023,31.300401 -87.80222,31.300286 -87.801233,31.299415 -87.800752,31.298842 -87.800699,31.298728 -87.800245,31.29827 -87.800032,31.297904 -87.799551,31.297285 -87.799205,31.296918 -87.798991,31.296597 -87.798671,31.296322 -87.798244,31.295841 -87.798084,31.295612 -87.798084,31.29552 -87.797657,31.294924 -87.79747,31.294741 -87.797417,31.29458 -87.795558,31.29233 -87.795662,31.29188 -87.79566,31.290904 -87.795351,31.289691 -87.794457,31.287813 -87.793519,31.286758 -87.791992,31.285628 -87.790397,31.284747 -87.788633,31.284002 -87.786885,31.283459 -87.785775,31.282944 -87.784769,31.282147 -87.784103,31.281126 -87.783737,31.280042 -87.783671,31.278936 -87.783896,31.277767 -87.78455,31.276745 -87.785523,31.27579 -87.786804,31.274869 -87.787961,31.274174 -87.789315,31.273528 -87.79146,31.272313 -87.793004,31.27137 -87.794348,31.270797 -87.79614,31.270307 -87.796929,31.270117 -87.797989,31.269881 -87.79872,31.269764 -87.799612,31.269543 -87.801502,31.269812 -87.803023,31.27058 -87.804673,31.271549 -87.806585,31.272584 -87.808535,31.273629 -87.811072,31.274959 -87.812115,31.275707 -87.813114,31.276213 -87.814206,31.276728 -87.815233,31.277129 -87.818219,31.278623 -87.819732,31.279148 -87.820985,31.279486 -87.822034,31.279467 -87.822971,31.279432 -87.824096,31.27926 -87.825288,31.278912 -87.826012,31.278552 -87.826869,31.277911 -87.827512,31.277116 -87.827902,31.276303 -87.828313,31.275304 -87.82861,31.274369 -87.828768,31.27332 -87.829048,31.272143 -87.82931,31.270926 -87.829819,31.268048 -87.830217,31.266226 -87.830479,31.264968 -87.831061,31.26347 -87.831727,31.262165 -87.832286,31.261208 -87.832818,31.260282 -87.833698,31.259076 -87.834583,31.258387 -87.835477,31.257778 -87.8362,31.2575 -87.837224,31.257134 -87.838097,31.256799 -87.839026,31.256514 -87.840275,31.256125 -87.840801,31.255877 -87.841288,31.255937 -87.841603,31.256366 -87.841899,31.256892 -87.842055,31.257192 -87.842297,31.257403 -87.842989,31.257762 -87.843763,31.25817 -87.845612,31.258841 -87.84705,31.259479 -87.848349,31.259849 -87.849284,31.260007 -87.850052,31.259979 -87.850662,31.259829 -87.851348,31.25955 -87.851959,31.259109 -87.852545,31.258474 -87.852868,31.257782 -87.8531,31.256726 -87.853275,31.25596 -87.853142,31.254813 -87.852782,31.254141 -87.852336,31.253711 -87.851617,31.253352 -87.850897,31.253291 -87.84831,31.253609 -87.847719,31.253743 -87.847323,31.25408 -87.846992,31.254506 -87.846484,31.254915 -87.845919,31.255275 -87.845187,31.255578 -87.844314,31.25588 -87.843412,31.255986 -87.842985,31.255784 -87.842377,31.255466 -87.842288,31.254933 -87.842369,31.254086 -87.842236,31.253052 -87.841775,31.252024 -87.840978,31.250874 -87.840254,31.250171 -87.838584,31.249462 -87.83755,31.248361 -87.837105,31.247254 -87.837147,31.24635 -87.837517,31.245431 -87.838769,31.244111 -87.840131,31.24334 -87.841287,31.242698 -87.842517,31.24204 -87.843966,31.240656 -87.844628,31.239335 -87.844626,31.237939 -87.844091,31.236145 -87.842926,31.234786 -87.840499,31.233237 -87.83592,31.231053 -87.835608,31.229736 -87.83565,31.228639 -87.83646,31.227761 -87.838679,31.22596 -87.840143,31.225512 -87.841342,31.225411 -87.84293,31.226182 -87.843919,31.227032 -87.844391,31.228245 -87.84461,31.229504 -87.848612,31.234827 -87.852912,31.236986 -87.85455,31.237233 -87.85677,31.237069 -87.858262,31.236476 -87.860066,31.2354 -87.863757,31.2311 -87.864113,31.229172 -87.863593,31.226112 -87.862573,31.223962 -87.859657,31.218441 -87.857943,31.216451 -87.849799,31.211578 -87.849055,31.210583 -87.848503,31.208378 -87.849544,31.206105 -87.853499,31.203445 -87.855999,31.203452 -87.859946,31.204633 -87.865382,31.209733 -87.867972,31.214582 -87.869774,31.215765 -87.874996,31.214741 -87.875379,31.214461 -87.875668,31.214009 -87.875876,31.213208 -87.875904,31.212192 -87.875679,31.210709 -87.875269,31.20914 -87.874996,31.208519 -87.874495,31.207256 -87.873937,31.206302 -87.873337,31.204541 -87.873331,31.203693 -87.873454,31.203006 -87.873887,31.201496 -87.874208,31.20128 -87.874996,31.200067 -87.875511,31.199412 -87.876672,31.198387 -87.878208,31.197865 -87.879167,31.197996 -87.879749,31.198449 -87.880348,31.199208 -87.881162,31.199957 -87.881973,31.200537 -87.882731,31.200792 -87.883828,31.200992 -87.884815,31.201149 -87.885751,31.201393 -87.886018,31.202006 -87.88623,31.202609 -87.886055,31.203016 -87.885783,31.203799 -87.885362,31.204788 -87.885375,31.2052 -87.885929,31.20541 -87.886749,31.205247 -87.887643,31.20511 -87.888703,31.204817 -87.889581,31.204349 -87.891387,31.202599 -87.892537,31.201631 -87.896488,31.200086 -87.897093,31.199659 -87.899211,31.197352 -87.899689,31.197317 -87.901384,31.198801 -87.906237,31.199162 -87.906544,31.198718 -87.907869,31.195543 -87.910654,31.19336 -87.911366,31.191063 -87.914647,31.191178 -87.915403,31.190714 -87.915496,31.189966 -87.914267,31.188536 -87.913637,31.187356 -87.914221,31.186735 -87.918249,31.185611 -87.921613,31.185486 -87.925679,31.186123 -87.929308,31.187942 -87.931674,31.189509 -87.933612,31.18999 -87.936282,31.189902 -87.940509,31.18976 -87.941664,31.190413 -87.942442,31.191412 -87.943559,31.19233 -87.944601,31.192762 -87.945538,31.192974 -87.946588,31.19293 -87.946311,31.19155 -87.945933,31.189861 -87.94566,31.187868 -87.945192,31.183004 -87.945346,31.181103 -87.94571,31.179587 -87.946548,31.177642 -87.946979,31.176104 -87.946769,31.174419 -87.945949,31.172282 -87.944789,31.170482 -87.943432,31.16896 -87.942151,31.167649 -87.940935,31.165848 -87.940818,31.164457 -87.941318,31.16305 -87.942652,31.161876 -87.943748,31.161341 -87.946071,31.161251 -87.948767,31.161753 -87.952341,31.161996 -87.954103,31.161649 -87.957073,31.160762 -87.959312,31.160411 -87.961071,31.160411 -87.963908,31.16111 -87.968391,31.162847 -87.971341,31.163024 -87.972869,31.162694 -87.973466,31.164293 -87.982031,31.169322 -87.98882,31.173306 -87.990294,31.172048 -87.990431,31.171954 -87.999999,31.163831 -88.005751,31.158839 -88.008086,31.156823 -88.008624,31.156361 -88.01121,31.154131 -88.014272,31.151488 -88.019699,31.146808 -88.022649,31.144267 -88.027824,31.144239 -88.032974,31.144213 -88.034786,31.144203 -88.042921,31.144162 -88.050496,31.144122 -88.057767,31.144085 -88.058317,31.144083 -88.06241,31.143721 -88.062668,31.143732 -88.063532,31.143729 -88.068167,31.143835 -88.075761,31.144009 -88.081942,31.144056 -88.085968,31.144069 -88.090893,31.144087 -88.094103,31.144095 -88.100416,31.144109 -88.102124,31.144097 -88.10565,31.144111 -88.112935,31.144141 -88.122154,31.144176 -88.125003,31.144062 -88.131683,31.144024 -88.135476,31.144017 -88.140994,31.144005 -88.145478,31.143976 -88.153627,31.143949 -88.156828,31.143939 -88.167432,31.143982 -88.176101,31.144018 -88.183627,31.144038 -88.184949,31.144043 -88.190809,31.144059 -88.19693,31.144044 -88.196942,31.142943 -88.196903,31.142672 -88.19688,31.14261 -88.196842,31.142307 -88.196811,31.142149 -88.196493,31.141866 -88.196302,31.141713 -88.196215,31.141664 -88.196012,31.141491 -88.195841,31.141381 -88.195733,31.14135 -88.195226,31.141267 -88.194906,31.141197 -88.194787,31.141134 -88.194476,31.14094 -88.194213,31.140787 -88.193983,31.140669 -88.193783,31.140544 -88.193576,31.140361 -88.193378,31.140095 -88.193244,31.139956 -88.19306,31.139811 -88.192812,31.139851 -88.192635,31.139967 -88.192291,31.140082 -88.192082,31.140122 -88.191649,31.140133 -88.191499,31.140022 -88.191348,31.139849 -88.191321,31.139736 -88.191192,31.139361 -88.191089,31.139174 -88.190938,31.138974 -88.190756,31.138812 -88.190566,31.138608 -88.190311,31.1384 -88.189977,31.138106 -88.189723,31.137771 -88.189566,31.137481 -88.18948,31.137261 -88.189347,31.136806 -88.189297,31.136589 -88.189238,31.136414 -88.189191,31.136338 -88.189121,31.136145 -88.188955,31.135856 -88.188876,31.135752 -88.188607,31.135255 -88.188449,31.135035 -88.1882,31.134832 -88.188078,31.134809 -88.187963,31.134757 -88.187683,31.134728 -88.187484,31.134672 -88.187229,31.134553 -88.187045,31.134449 -88.186691,31.134159 -88.186448,31.133971 -88.18633,31.133864 -88.186226,31.133736 -88.186139,31.133578 -88.185901,31.133329 -88.18576,31.133081 -88.185569,31.1329 -88.184969,31.132382 -88.184861,31.132326 -88.184614,31.132256 -88.184351,31.132096 -88.184096,31.131978 -88.18396,31.131936 -88.183657,31.131886 -88.183328,31.131864 -88.18286,31.131899 -88.182648,31.131963 -88.182195,31.131998 -88.181807,31.132013 -88.181767,31.131992 -88.181456,31.131935 -88.180963,31.131894 -88.180491,31.131912 -88.180086,31.132023 -88.180038,31.132058 -88.17989,31.132087 -88.179758,31.132035 -88.179543,31.131917 -88.179168,31.131737 -88.178849,31.13157 -88.17853,31.13136 -88.178291,31.131264 -88.177717,31.131096 -88.177431,31.13086 -88.177168,31.13068 -88.177001,31.130624 -88.176889,31.130561 -88.176658,31.130388 -88.176477,31.130085 -88.176399,31.129864 -88.176319,31.129726 -88.176233,31.129492 -88.176123,31.129292 -88.175964,31.129058 -88.175727,31.128794 -88.175672,31.128664 -88.175596,31.128554 -88.175465,31.128422 -88.175068,31.128083 -88.174861,31.127971 -88.174455,31.12768 -88.174359,31.127659 -88.174026,31.127668 -88.173744,31.127553 -88.173616,31.127517 -88.173425,31.127427 -88.173273,31.127378 -88.172946,31.127204 -88.172684,31.126935 -88.172526,31.126745 -88.172454,31.126631 -88.17224,31.126369 -88.171756,31.125895 -88.171645,31.125753 -88.171232,31.125356 -88.171119,31.125176 -88.171063,31.124889 -88.17101,31.124439 -88.17097,31.124343 -88.170929,31.123992 -88.170881,31.123903 -88.170682,31.123663 -88.170234,31.123395 -88.1697,31.123053 -88.169492,31.122909 -88.169253,31.122792 -88.169006,31.122703 -88.16788,31.122067 -88.167552,31.121785 -88.167417,31.121689 -88.167202,31.121669 -88.166732,31.121697 -88.166453,31.12165 -88.166325,31.121595 -88.166166,31.121431 -88.16609,31.121293 -88.166021,31.12106 -88.165941,31.120943 -88.165613,31.120658 -88.165377,31.120417 -88.165254,31.120236 -88.16523,31.119989 -88.165269,31.119762 -88.165268,31.119597 -88.165211,31.119453 -88.165071,31.119239 -88.164868,31.119041 -88.164852,31.118779 -88.16487,31.118678 -88.164978,31.118367 -88.165041,31.117954 -88.165016,31.117789 -88.164937,31.117638 -88.164752,31.11737 -88.164668,31.117192 -88.164648,31.117041 -88.164667,31.116838 -88.164702,31.116759 -88.164738,31.116549 -88.164786,31.116363 -88.164845,31.116236 -88.164987,31.115858 -88.165066,31.115741 -88.165225,31.115355 -88.165288,31.115287 -88.165328,31.11517 -88.165462,31.114936 -88.165518,31.114777 -88.16555,31.11453 -88.165525,31.114385 -88.165429,31.114158 -88.165029,31.11374 -88.164862,31.1135 -88.164845,31.113328 -88.164876,31.113231 -88.164984,31.113135 -88.165155,31.113063 -88.165386,31.113045 -88.165585,31.113052 -88.165992,31.113044 -88.166419,31.113026 -88.167122,31.112951 -88.167991,31.112977 -88.168645,31.112991 -88.168988,31.112955 -88.169166,31.112908 -88.169409,31.11279 -88.169529,31.112683 -88.1696,31.112542 -88.169646,31.11184 -88.169645,31.111181 -88.169634,31.110253 -88.169578,31.10995 -88.169401,31.109552 -88.169393,31.109428 -88.169337,31.109304 -88.169225,31.109174 -88.168937,31.108916 -88.168778,31.108728 -88.168674,31.108543 -88.168609,31.108392 -88.168545,31.108165 -88.168369,31.107945 -88.168353,31.107883 -88.168169,31.107588 -88.168041,31.107417 -88.167722,31.107083 -88.167409,31.106668 -88.167289,31.106538 -88.167026,31.106312 -88.16681,31.106223 -88.166078,31.106252 -88.165942,31.106231 -88.165839,31.106169 -88.165806,31.106039 -88.165818,31.105905 -88.165893,31.105729 -88.166044,31.105447 -88.166123,31.10533 -88.166257,31.105062 -88.166392,31.10487 -88.166528,31.104628 -88.166638,31.104353 -88.16679,31.104187 -88.16733,31.103716 -88.167513,31.103482 -88.167615,31.103286 -88.167635,31.103138 -88.167662,31.102763 -88.167616,31.102425 -88.164358,31.102398 -88.164206,31.097641 -88.16421,31.096921 -88.164244,31.091894 -88.164643,31.091894 -88.164222,31.091654 -88.163858,31.091358 -88.16369,31.091242 -88.163463,31.091112 -88.163311,31.091002 -88.163087,31.090807 -88.162712,31.090456 -88.162073,31.08987 -88.161705,31.089554 -88.161473,31.089383 -88.161338,31.089301 -88.161035,31.089205 -88.160843,31.089103 -88.160285,31.08889 -88.16007,31.088781 -88.159813,31.088582 -88.159618,31.088391 -88.159262,31.087951 -88.159172,31.087819 -88.159022,31.087545 -88.158853,31.087181 -88.158741,31.086913 -88.158661,31.086659 -88.158532,31.086426 -88.158496,31.086195 -88.15846,31.085869 -88.158479,31.085728 -88.158586,31.085449 -88.158768,31.085195 -88.158839,31.085037 -88.158859,31.084833 -88.158775,31.084528 -88.158702,31.084342 -88.15859,31.084171 -88.15847,31.083958 -88.15839,31.083759 -88.158358,31.083635 -88.158341,31.083319 -88.158348,31.083174 -88.158404,31.082934 -88.158824,31.082418 -88.158944,31.082163 -88.158994,31.081919 -88.159037,31.081489 -88.159029,31.081235 -88.158992,31.081046 -88.158972,31.080774 -88.158895,31.08042 -88.158707,31.079983 -88.158592,31.079861 -88.158463,31.079757 -88.158139,31.079593 -88.157943,31.079442 -88.157844,31.079394 -88.157644,31.07925 -88.157413,31.07912 -88.15719,31.079086 -88.156101,31.079161 -88.155855,31.079181 -88.155126,31.079286 -88.155058,31.079306 -88.154703,31.079359 -88.154628,31.079383 -88.154154,31.079452 -88.153273,31.079598 -88.153046,31.079623 -88.152962,31.079647 -88.152497,31.079706 -88.152237,31.079765 -88.15182,31.079818 -88.151497,31.079911 -88.151174,31.079963 -88.150955,31.080029 -88.150728,31.08006 -88.150414,31.08014 -88.150114,31.080179 -88.149811,31.080268 -88.149741,31.080309 -88.149421,31.080427 -88.149166,31.080496 -88.148936,31.080613 -88.1488,31.080648 -88.148713,31.080696 -88.147817,31.080983 -88.147554,31.081025 -88.147351,31.081042 -88.146761,31.081064 -88.146593,31.081064 -88.145645,31.081018 -88.145243,31.081022 -88.144936,31.080992 -88.144904,31.081005 -88.14476,31.080882 -88.144611,31.080552 -88.144367,31.079742 -88.14431,31.079488 -88.144213,31.079288 -88.144109,31.07911 -88.143977,31.078924 -88.143878,31.078821 -88.143757,31.078656 -88.143621,31.078505 -88.143486,31.078389 -88.143182,31.077963 -88.143053,31.077822 -88.14299,31.077695 -88.142862,31.077496 -88.142741,31.077228 -88.142693,31.07707 -88.142691,31.076678 -88.142725,31.076419 -88.142778,31.076279 -88.142936,31.076045 -88.143151,31.075791 -88.143191,31.075708 -88.143238,31.075385 -88.143228,31.074931 -88.143172,31.074697 -88.143092,31.07458 -88.142892,31.074072 -88.142835,31.074003 -88.14266,31.073853 -88.14242,31.073832 -88.142209,31.073864 -88.14195,31.073929 -88.14152,31.074122 -88.140937,31.074428 -88.140852,31.074447 -88.140582,31.074599 -88.14012,31.074723 -88.139873,31.074834 -88.139423,31.074913 -88.138932,31.074904 -88.138761,31.074887 -88.13839,31.074761 -88.138238,31.074671 -88.13785,31.074364 -88.137694,31.074209 -88.137614,31.074102 -88.137466,31.073759 -88.137445,31.073449 -88.137488,31.07315 -88.13761,31.072789 -88.137762,31.072555 -88.137824,31.072129 -88.137768,31.071853 -88.137671,31.071737 -88.137102,31.071748 -88.136424,31.07175 -88.136257,31.071722 -88.135822,31.071671 -88.135547,31.071593 -88.135312,31.071555 -88.13516,31.071569 -88.134969,31.071632 -88.134738,31.071728 -88.134152,31.071908 -88.133779,31.072008 -88.1336,31.071904 -88.133287,31.07149 -88.133179,31.071001 -88.133292,31.071 -88.13373,31.070936 -88.134087,31.070933 -88.134588,31.070913 -88.134895,31.070921 -88.135755,31.070978 -88.13595,31.071036 -88.136151,31.071066 -88.136483,31.071063 -88.137008,31.070999 -88.137296,31.070921 -88.13752,31.070833 -88.137838,31.070682 -88.138306,31.070521 -88.138563,31.07046 -88.138943,31.070284 -88.139054,31.070142 -88.139177,31.069942 -88.139268,31.069714 -88.139687,31.069117 -88.139858,31.068743 -88.140012,31.068483 -88.140042,31.068369 -88.139836,31.067894 -88.139614,31.067184 -88.139511,31.066979 -88.13924,31.066797 -88.139094,31.066626 -88.139103,31.066378 -88.13909,31.066292 -88.138486,31.065596 -88.138352,31.065424 -88.138307,31.065317 -88.13824,31.064983 -88.13823,31.06466 -88.138259,31.06446 -88.138244,31.064214 -88.138192,31.06408 -88.138172,31.063939 -88.138198,31.063545 -88.138221,31.063356 -88.138231,31.063119 -88.138196,31.062822 -88.138139,31.062752 -88.138842,31.062347 -88.139172,31.062144 -88.139527,31.061979 -88.139857,31.061836 -88.140113,31.061737 -88.14052,31.06169 -88.140676,31.061629 -88.140931,31.061484 -88.141535,31.061117 -88.141864,31.060871 -88.14231,31.060414 -88.142371,31.0603 -88.142394,31.060139 -88.142386,31.059963 -88.142346,31.059813 -88.142224,31.059549 -88.142197,31.059382 -88.142195,31.059204 -88.142217,31.058934 -88.142359,31.058744 -88.142501,31.058592 -88.142662,31.058461 -88.142812,31.058373 -88.143313,31.058364 -88.14372,31.058344 -88.143826,31.058321 -88.143837,31.058208 -88.143985,31.057969 -88.144133,31.057604 -88.144245,31.057257 -88.144432,31.057135 -88.14459,31.056996 -88.144768,31.05679 -88.144885,31.056615 -88.14563,31.054955 -88.145807,31.054648 -88.145978,31.054371 -88.146163,31.05413 -88.146396,31.053852 -88.146616,31.053611 -88.146849,31.053326 -88.146985,31.053073 -88.147142,31.052808 -88.147263,31.05249 -88.147393,31.052255 -88.147653,31.051917 -88.14788,31.051687 -88.148336,31.051402 -88.148605,31.051256 -88.148944,31.051085 -88.149318,31.050908 -88.149685,31.050773 -88.150052,31.050626 -88.150592,31.050441 -88.150751,31.050374 -88.151077,31.050153 -88.151037,31.050437 -88.150774,31.050902 -88.150651,31.051249 -88.150639,31.051416 -88.150677,31.051726 -88.150734,31.051839 -88.150995,31.05223 -88.151131,31.052552 -88.151162,31.052808 -88.151171,31.052999 -88.151093,31.053423 -88.150948,31.054072 -88.150818,31.054753 -88.150766,31.055082 -88.150748,31.055315 -88.150751,31.055506 -88.150773,31.055631 -88.150845,31.055833 -88.151143,31.056404 -88.151293,31.056787 -88.151371,31.056941 -88.151491,31.057125 -88.151631,31.057243 -88.151868,31.057361 -88.152244,31.057471 -88.152454,31.0576 -88.152812,31.057955 -88.152917,31.058085 -88.152996,31.058264 -88.153011,31.058389 -88.153066,31.059501 -88.153109,31.059656 -88.153292,31.059839 -88.153698,31.060122 -88.15388,31.060288 -88.154035,31.060501 -88.154071,31.06062 -88.15408,31.060775 -88.154017,31.061319 -88.154351,31.061494 -88.154557,31.061571 -88.15483,31.061636 -88.154988,31.061653 -88.155117,31.06164 -88.155274,31.061589 -88.155495,31.061494 -88.155852,31.061318 -88.15618,31.061173 -88.156331,31.061135 -88.156503,31.061115 -88.156876,31.061111 -88.157041,31.061128 -88.157199,31.061182 -88.157517,31.06139 -88.157691,31.061487 -88.157828,31.061541 -88.158158,31.061557 -88.158445,31.061585 -88.159133,31.061523 -88.159527,31.061452 -88.159742,31.061456 -88.160009,31.061553 -88.160347,31.061624 -88.160663,31.061652 -88.161016,31.061778 -88.161972,31.061924 -88.162446,31.061938 -88.162697,31.061936 -88.16284,31.061916 -88.162983,31.061859 -88.163197,31.06174 -88.163389,31.061609 -88.163538,31.061478 -88.163708,31.061272 -88.163863,31.061061 -88.164068,31.060837 -88.164286,31.060476 -88.164357,31.060342 -88.16444,31.060138 -88.164561,31.060038 -88.16476,31.059919 -88.165246,31.059735 -88.165611,31.059621 -88.165874,31.059464 -88.165945,31.059383 -88.166107,31.05911 -88.166141,31.058967 -88.166201,31.058615 -88.16622,31.058423 -88.16629,31.05825 -88.166425,31.058193 -88.166387,31.057999 -88.166376,31.057697 -88.166404,31.057579 -88.166481,31.057461 -88.166566,31.057386 -88.166745,31.057329 -88.166974,31.057277 -88.167052,31.057196 -88.167092,31.057005 -88.166996,31.056709 -88.166958,31.056549 -88.166949,31.056388 -88.166911,31.056265 -88.16683,31.056105 -88.166769,31.055772 -88.166757,31.055389 -88.166769,31.055185 -88.166722,31.05484 -88.166589,31.054569 -88.166465,31.054414 -88.166356,31.05431 -88.16621,31.054083 -88.166123,31.053991 -88.165978,31.053906 -88.165826,31.053784 -88.165739,31.053655 -88.165686,31.053489 -88.165602,31.053076 -88.165482,31.052614 -88.165514,31.052323 -88.165858,31.051647 -88.165906,31.0515 -88.16598,31.051117 -88.166105,31.050739 -88.166094,31.050436 -88.166028,31.050338 -88.165847,31.050167 -88.165788,31.050056 -88.165764,31.04989 -88.165773,31.049377 -88.165684,31.049186 -88.165618,31.049094 -88.165503,31.049034 -88.1653,31.048869 -88.165234,31.048777 -88.165175,31.048641 -88.165122,31.048382 -88.165033,31.048103 -88.164864,31.047833 -88.164702,31.047452 -88.164619,31.047168 -88.164553,31.047033 -88.164399,31.046769 -88.164317,31.046516 -88.164255,31.046078 -88.164159,31.045869 -88.164091,31.045592 -88.164025,31.045506 -88.163657,31.045305 -88.163505,31.045202 -88.163367,31.045041 -88.162947,31.044767 -88.162724,31.044639 -88.162485,31.044463 -88.162347,31.044335 -88.161999,31.043834 -88.162288,31.043683 -88.162537,31.043537 -88.162834,31.043336 -88.163068,31.043149 -88.163838,31.042447 -88.164422,31.041853 -88.164856,31.041466 -88.165387,31.041048 -88.165642,31.04089 -88.166001,31.040683 -88.166402,31.04047 -88.166706,31.040269 -88.166912,31.040106 -88.167312,31.039755 -88.167546,31.039561 -88.167697,31.039452 -88.167856,31.039379 -88.168106,31.039292 -88.1685,31.039109 -88.168631,31.03903 -88.168865,31.038806 -88.169271,31.038467 -88.169934,31.038017 -88.170568,31.037562 -88.170706,31.037441 -88.170905,31.037176 -88.171225,31.036682 -88.1716,31.036059 -88.17173,31.035866 -88.171853,31.035721 -88.172205,31.03546 -88.172433,31.035362 -88.172682,31.03527 -88.173064,31.035213 -88.173308,31.035223 -88.17351,31.035287 -88.173734,31.035386 -88.174133,31.035592 -88.174491,31.035811 -88.174869,31.036003 -88.175043,31.036031 -88.175175,31.03603 -88.17556,31.035929 -88.176174,31.035811 -88.177335,31.035794 -88.177613,31.035756 -88.178245,31.035642 -88.178598,31.035543 -88.178833,31.035433 -88.179137,31.035227 -88.179516,31.034918 -88.179735,31.03461 -88.179816,31.034454 -88.179905,31.034345 -88.180008,31.03426 -88.180783,31.033894 -88.181295,31.033631 -88.181737,31.033424 -88.181966,31.033374 -88.182487,31.033327 -88.182897,31.033317 -88.183593,31.033333 -88.183872,31.03339 -88.184388,31.033469 -88.184652,31.033467 -88.184972,31.0335 -88.185182,31.033564 -88.185462,31.033711 -88.185678,31.033769 -88.185951,31.033874 -88.186251,31.033943 -88.186481,31.033977 -88.186698,31.033971 -88.186811,31.034177 -88.187099,31.034306 -88.187449,31.034664 -88.187503,31.034934 -88.188041,31.035607 -88.188071,31.036215 -88.187887,31.036596 -88.187813,31.037766 -88.187604,31.038239 -88.187129,31.038844 -88.187082,31.04015 -88.186213,31.041134 -88.185869,31.041333 -88.185364,31.04144 -88.184679,31.04188 -88.184971,31.042115 -88.185058,31.042235 -88.185364,31.042779 -88.185713,31.043323 -88.185837,31.043458 -88.186227,31.043828 -88.186289,31.043898 -88.186395,31.044086 -88.18636,31.04426 -88.186283,31.044434 -88.186211,31.04454 -88.185982,31.044816 -88.185802,31.04506 -88.185563,31.045519 -88.185463,31.04578 -88.185366,31.046323 -88.1853,31.046939 -88.185279,31.047024 -88.18546,31.047013 -88.185834,31.046962 -88.186139,31.046887 -88.186416,31.046789 -88.186844,31.0466 -88.187168,31.046447 -88.187452,31.046367 -88.187736,31.046317 -88.188158,31.046211 -88.18847,31.046112 -88.188905,31.04594 -88.189064,31.045897 -88.189259,31.045883 -88.189911,31.04587 -88.190466,31.045823 -88.190715,31.045707 -88.191075,31.04559 -88.191289,31.045534 -88.191615,31.045519 -88.191838,31.045571 -88.191964,31.045617 -88.192132,31.045747 -88.192203,31.045848 -88.192253,31.045973 -88.192255,31.046117 -88.19223,31.046315 -88.192108,31.046555 -88.191998,31.046658 -88.19158,31.047098 -88.191478,31.047272 -88.191399,31.047638 -88.191401,31.047823 -88.191426,31.048152 -88.191455,31.048253 -88.191745,31.04866 -88.191767,31.048796 -88.191783,31.049483 -88.191974,31.04978 -88.192189,31.050287 -88.192253,31.050406 -88.192277,31.050716 -88.192322,31.050949 -88.192319,31.05126 -88.192377,31.051457 -88.192525,31.051611 -88.192774,31.051828 -88.193079,31.051918 -88.193463,31.051978 -88.193766,31.052007 -88.194083,31.052017 -88.195085,31.051989 -88.195439,31.051947 -88.19582,31.051804 -88.196129,31.051706 -88.196444,31.051589 -88.196745,31.051434 -88.196949,31.051292 -88.19711,31.051138 -88.19724,31.050953 -88.197465,31.050665 -88.197581,31.050554 -88.197764,31.050438 -88.197896,31.050336 -88.198255,31.050155 -88.198812,31.04994 -88.199449,31.049585 -88.19964,31.049488 -88.199881,31.049308 -88.200458,31.048852 -88.200677,31.04871 -88.200846,31.048651 -88.201103,31.048598 -88.201258,31.048584 -88.202718,31.048577 -88.20299,31.048553 -88.202672,31.048112 -88.201643,31.046766 -88.199928,31.044474 -88.19923,31.043501 -88.199075,31.043233 -88.198998,31.043167 -88.198378,31.04226 -88.197964,31.041549 -88.197823,31.041268 -88.197635,31.040854 -88.197275,31.040006 -88.196524,31.038201 -88.196252,31.037665 -88.196062,31.03726 -88.195679,31.036409 -88.195381,31.03576 -88.194764,31.034357 -88.194583,31.033976 -88.194508,31.033729 -88.194393,31.033404 -88.194332,31.033193 -88.194234,31.032682 -88.194214,31.032137 -88.194272,31.03154 -88.194333,31.031185 -88.194465,31.030675 -88.194668,31.029805 -88.195101,31.028106 -88.19519,31.02774 -88.195409,31.026895 -88.195511,31.026579 -88.195761,31.025749 -88.195815,31.025394 -88.195791,31.024596 -88.195762,31.024243 -88.19562,31.023632 -88.195352,31.022919 -88.195198,31.022618 -88.194951,31.022254 -88.194735,31.02191 -88.19443,31.021545 -88.193703,31.020912 -88.193337,31.020639 -88.192924,31.020405 -88.192326,31.020122 -88.191048,31.01963 -88.190611,31.019449 -88.18921,31.018833 -88.187781,31.018263 -88.187571,31.018164 -88.186335,31.017664 -88.185121,31.017143 -88.184682,31.016959 -88.184279,31.016802 -88.182975,31.016259 -88.181995,31.015878 -88.180952,31.015419 -88.180377,31.015204 -88.178552,31.014414 -88.178241,31.014309 -88.17723,31.013876 -88.174691,31.012862 -88.173477,31.012331 -88.17106,31.011351 -88.170673,31.011189 -88.170465,31.011117 -88.170144,31.010976 -88.169566,31.010754 -88.16904,31.010584 -88.167832,31.010235 -88.167316,31.010123 -88.166946,31.010034 -88.166577,31.009979 -88.16613,31.00993 -88.165955,31.009881 -88.165396,31.009809 -88.164309,31.009736 -88.163891,31.009681 -88.162931,31.009656 -88.161268,31.009721 -88.160618,31.00971 -88.159221,31.00974 -88.157168,31.009754 -88.157084,31.009731 -88.156731,31.009502 -88.156684,31.009326 -88.156726,31.009143 -88.156796,31.009019 -88.156925,31.008705 -88.157028,31.008398 -88.157265,31.00822 -88.157414,31.008051 -88.157591,31.008057 -88.15811,31.007686 -88.158461,31.007285 -88.158829,31.006946 -88.159321,31.006529 -88.159734,31.00625 -88.160212,31.00583 -88.160422,31.005591 -88.160597,31.005345 -88.160709,31.005115 -88.160873,31.004747 -88.160984,31.003621 -88.161129,31.003192 -88.161362,31.002678 -88.161683,31.002118 -88.162112,31.001537 -88.162313,31.001295 -88.162436,31.001093 -88.162511,31.000809 -88.162474,31.000199 -88.162414,31.000024 -88.16239,30.99964 -88.162428,30.999339 -88.162552,30.999221 -88.162774,30.99911 -88.162939,30.999117 -88.163202,30.999173 -88.163572,30.99932 -88.163903,30.999384 -88.164106,30.999382 -88.164309,30.999297 -88.16476,30.99895 -88.165024,30.998707 -88.165448,30.998478 -88.165882,30.99829 -88.166752,30.998006 -88.167196,30.99781 -88.167643,30.997503 -88.167695,30.997388 -88.167818,30.99725 -88.167939,30.997012 -88.168102,30.996574 -88.16822,30.996002 -88.168184,30.995759 -88.167977,30.995143 -88.167892,30.994972 -88.167656,30.994752 -88.16712,30.994428 -88.166861,30.994319 -88.166593,30.994192 -88.166367,30.994037 -88.166207,30.993845 -88.166011,30.99346 -88.16594,30.99313 -88.165943,30.992686 -88.165963,30.992285 -88.166026,30.991976 -88.166179,30.991588 -88.166267,30.991315 -88.166472,30.991034 -88.166544,30.990819 -88.166525,30.990583 -88.166455,30.990305 -88.166242,30.989935 -88.165632,30.988923 -88.165512,30.988694 -88.16546,30.988501 -88.165531,30.988164 -88.165542,30.987698 -88.165475,30.987431 -88.165402,30.986957 -88.165429,30.986816 -88.165396,30.986517 -88.165469,30.986109 -88.165564,30.985983 -88.165639,30.985841 -88.165734,30.985706 -88.165857,30.985488 -88.165886,30.985291 -88.166027,30.985179 -88.166267,30.98506 -88.166449,30.984984 -88.166815,30.984914 -88.167355,30.984843 -88.167692,30.984806 -88.168178,30.984702 -88.168351,30.984601 -88.168802,30.984439 -88.169003,30.984329 -88.169148,30.984328 -88.169669,30.984281 -88.169823,30.984238 -88.170029,30.984212 -88.170228,30.984226 -88.170565,30.984207 -88.170884,30.984179 -88.171096,30.984219 -88.171475,30.984207 -88.172023,30.984102 -88.172447,30.984048 -88.173141,30.983926 -88.174293,30.983807 -88.174477,30.983764 -88.174428,30.983662 -88.174239,30.9834 -88.174152,30.983303 -88.173583,30.982799 -88.173344,30.982555 -88.173063,30.982289 -88.172581,30.981866 -88.17232,30.981685 -88.172281,30.981684 -88.171963,30.981517 -88.171883,30.981495 -88.171528,30.981189 -88.171458,30.981093 -88.171387,30.98092 -88.171311,30.980546 -88.171327,30.980284 -88.171395,30.979586 -88.171363,30.979348 -88.171211,30.978707 -88.171196,30.978347 -88.171165,30.978202 -88.171063,30.97805 -88.170994,30.977857 -88.170932,30.977623 -88.170921,30.977238 -88.170951,30.976812 -88.171098,30.976496 -88.171128,30.976307 -88.171222,30.976071 -88.171336,30.975948 -88.171337,30.97588 -88.171418,30.975805 -88.171451,30.975715 -88.171548,30.975566 -88.171824,30.975203 -88.172012,30.974868 -88.172351,30.974534 -88.172682,30.974238 -88.172767,30.974119 -88.173119,30.973782 -88.173264,30.973587 -88.173603,30.973284 -88.17379,30.973007 -88.173887,30.972912 -88.173888,30.972871 -88.174059,30.972604 -88.174092,30.97248 -88.174254,30.972255 -88.174336,30.972084 -88.174474,30.971893 -88.174565,30.971687 -88.174703,30.971469 -88.174736,30.971386 -88.174858,30.971208 -88.174911,30.971099 -88.175361,30.970525 -88.175783,30.970006 -88.17638,30.969424 -88.176525,30.969319 -88.17692,30.968985 -88.177321,30.96869 -88.177554,30.968541 -88.177854,30.968375 -88.178687,30.967825 -88.1789,30.96771 -88.179202,30.967487 -88.179639,30.967229 -88.179772,30.967134 -88.18001,30.967012 -88.180299,30.966808 -88.180475,30.966734 -88.18083,30.966497 -88.180942,30.966457 -88.181079,30.966375 -88.18144,30.966234 -88.181601,30.966147 -88.181753,30.966093 -88.181986,30.965916 -88.182136,30.96578 -88.182583,30.965433 -88.182728,30.965307 -88.182809,30.965208 -88.182891,30.965065 -88.183137,30.9648 -88.183432,30.964527 -88.18357,30.964356 -88.183661,30.964034 -88.183743,30.963917 -88.183809,30.96376 -88.183996,30.963459 -88.184351,30.963087 -88.184537,30.962938 -88.184626,30.962804 -88.184644,30.962653 -88.184684,30.962021 -88.18471,30.961835 -88.184712,30.961344 -88.184675,30.961076 -88.184651,30.960804 -88.18466,30.960632 -88.18472,30.96035 -88.184794,30.960294 -88.185032,30.960243 -88.185217,30.960128 -88.185247,30.959946 -88.185359,30.959662 -88.185465,30.959498 -88.185602,30.959348 -88.185627,30.959265 -88.185762,30.959002 -88.185865,30.958745 -88.18589,30.958648 -88.186005,30.958048 -88.186108,30.957778 -88.186262,30.957642 -88.186326,30.957532 -88.1864,30.95746 -88.186786,30.957171 -88.187181,30.956835 -88.187343,30.956682 -88.187497,30.956394 -88.187562,30.956313 -88.187661,30.956107 -88.187687,30.955894 -88.187683,30.955639 -88.187599,30.955302 -88.187513,30.955068 -88.187279,30.954701 -88.187075,30.954466 -88.18683,30.954222 -88.186642,30.953926 -88.18651,30.953635 -88.186274,30.953344 -88.186133,30.953124 -88.18607,30.952999 -88.185859,30.952716 -88.185797,30.952433 -88.185635,30.952054 -88.185537,30.951888 -88.18536,30.951673 -88.185298,30.951569 -88.185244,30.95141 -88.185157,30.951314 -88.184951,30.951132 -88.18465,30.950938 -88.184373,30.950825 -88.183511,30.950089 -88.183368,30.950019 -88.183021,30.949748 -88.182854,30.949691 -88.182394,30.94944 -88.182093,30.949258 -88.181815,30.949108 -88.181459,30.948895 -88.180835,30.94838 -88.180298,30.947853 -88.180054,30.947556 -88.179913,30.947328 -88.179693,30.947078 -88.179669,30.947016 -88.179395,30.946648 -88.179158,30.946403 -88.179048,30.946265 -88.178806,30.945853 -88.17868,30.945666 -88.178493,30.94532 -88.178438,30.945252 -88.178305,30.945003 -88.178179,30.944847 -88.178132,30.944754 -88.177897,30.944435 -88.177834,30.944366 -88.177633,30.943842 -88.1775,30.943573 -88.177281,30.943275 -88.177036,30.94297 -88.176912,30.942749 -88.17683,30.942569 -88.176804,30.942446 -88.176756,30.942404 -88.176706,30.941908 -88.176676,30.941825 -88.176574,30.94168 -88.176479,30.941417 -88.176396,30.940857 -88.17633,30.940688 -88.1763,30.940482 -88.176258,30.940413 -88.17608,30.940205 -88.175839,30.939673 -88.175747,30.939411 -88.17576,30.939074 -88.175741,30.938607 -88.175757,30.937913 -88.175761,30.937011 -88.175791,30.936803 -88.175877,30.936607 -88.175899,30.936418 -88.176059,30.936031 -88.176084,30.936004 -88.176114,30.935822 -88.176104,30.935599 -88.176122,30.935516 -88.176284,30.935363 -88.176816,30.93491 -88.176929,30.934767 -88.177058,30.93472 -88.177456,30.93471 -88.177827,30.934744 -88.177911,30.934769 -88.178225,30.934782 -88.178398,30.934739 -88.178455,30.934705 -88.178618,30.934547 -88.178694,30.934398 -88.178815,30.934275 -88.179124,30.934127 -88.179333,30.933956 -88.179439,30.933799 -88.179595,30.933443 -88.17957,30.933199 -88.179481,30.932906 -88.179492,30.932741 -88.179601,30.932323 -88.179674,30.932159 -88.179731,30.932097 -88.179904,30.931685 -88.179994,30.93157 -88.180115,30.93133 -88.180198,30.931214 -88.180417,30.930789 -88.180458,30.930748 -88.180582,30.930406 -88.180604,30.930286 -88.180739,30.929974 -88.180821,30.929824 -88.181065,30.929454 -88.181113,30.929345 -88.181153,30.929019 -88.181102,30.928688 -88.181124,30.928499 -88.181163,30.928318 -88.181266,30.927986 -88.181313,30.927734 -88.181295,30.92758 -88.181101,30.927193 -88.18104,30.92689 -88.181028,30.926574 -88.181,30.92625 -88.181041,30.926133 -88.18117,30.925983 -88.181428,30.925759 -88.18179,30.925576 -88.181822,30.92555 -88.182151,30.92547 -88.182239,30.92543 -88.182423,30.925393 -88.182691,30.925361 -88.183335,30.925212 -88.183503,30.925179 -88.183648,30.925085 -88.18373,30.924934 -88.183752,30.924814 -88.183703,30.924576 -88.183545,30.924307 -88.183468,30.924154 -88.183469,30.924094 -88.182959,30.924191 -88.182667,30.924126 -88.181908,30.923883 -88.181145,30.923689 -88.180979,30.923616 -88.180473,30.923428 -88.179646,30.923151 -88.179014,30.922973 -88.17845,30.922845 -88.178149,30.922814 -88.176821,30.922818 -88.176323,30.922848 -88.175994,30.922942 -88.175263,30.923367 -88.174878,30.923604 -88.174667,30.923748 -88.174435,30.923942 -88.173887,30.924298 -88.173764,30.924409 -88.173254,30.924673 -88.172733,30.924912 -88.17229,30.9251 -88.171796,30.925171 -88.171449,30.925308 -88.171112,30.925461 -88.170743,30.925473 -88.170086,30.925587 -88.16936,30.925703 -88.168807,30.925883 -88.168072,30.926271 -88.16772,30.926528 -88.167279,30.926941 -88.166821,30.927564 -88.166569,30.927957 -88.166071,30.928429 -88.165706,30.928733 -88.165226,30.929055 -88.164744,30.929327 -88.164426,30.929455 -88.16407,30.929617 -88.163433,30.92984 -88.162834,30.929996 -88.162437,30.930041 -88.16204,30.93007 -88.161016,30.930064 -88.160598,30.929984 -88.160404,30.929936 -88.160026,30.929964 -88.159678,30.930001 -88.159088,30.93014 -88.158658,30.930252 -88.158214,30.930348 -88.158011,30.9304 -88.157643,30.930462 -88.156832,30.930678 -88.155711,30.930989 -88.155189,30.93111 -88.154598,30.931293 -88.154241,30.93138 -88.152503,30.931933 -88.15071,30.932409 -88.149967,30.932701 -88.149262,30.932935 -88.148399,30.933233 -88.146536,30.93391 -88.145358,30.934304 -88.144646,30.934678 -88.14403,30.935043 -88.14366,30.935304 -88.143294,30.935533 -88.143321,30.935333 -88.143424,30.935089 -88.144049,30.933823 -88.1444,30.933218 -88.144551,30.932867 -88.144626,30.932607 -88.144799,30.931728 -88.144955,30.93099 -88.14501,30.930647 -88.145129,30.930111 -88.145326,30.92935 -88.145354,30.929275 -88.145445,30.928814 -88.145481,30.928572 -88.14564,30.928123 -88.145677,30.927947 -88.145753,30.927796 -88.145761,30.927671 -88.145836,30.927428 -88.145868,30.926893 -88.145862,30.926417 -88.145827,30.925926 -88.145776,30.925701 -88.145679,30.924874 -88.145638,30.924649 -88.145636,30.924499 -88.145597,30.924365 -88.145543,30.924 -88.145353,30.923297 -88.145216,30.922863 -88.145092,30.922604 -88.145033,30.921874 -88.145035,30.921222 -88.145053,30.920994 -88.145111,30.919967 -88.145125,30.919424 -88.145111,30.919057 -88.145137,30.918848 -88.145131,30.918321 -88.145167,30.917235 -88.145178,30.91656 -88.145179,30.915047 -88.145229,30.914291 -88.145242,30.913806 -88.145307,30.913588 -88.145354,30.913295 -88.145435,30.912869 -88.145524,30.912267 -88.145557,30.911735 -88.145592,30.911459 -88.145638,30.911208 -88.145653,30.910865 -88.145662,30.910006 -88.145626,30.908593 -88.145518,30.907434 -88.145553,30.907319 -88.145501,30.907133 -88.145373,30.906125 -88.145268,30.905675 -88.145162,30.905167 -88.145077,30.904336 -88.145107,30.903992 -88.145379,30.903124 -88.145443,30.902966 -88.145531,30.902693 -88.145757,30.90209 -88.145827,30.902083 -88.146058,30.901944 -88.146462,30.901662 -88.146857,30.90135 -88.147071,30.901198 -88.147181,30.901084 -88.14784,30.900598 -88.148498,30.900076 -88.149319,30.899261 -88.149811,30.898791 -88.150074,30.898524 -88.150742,30.897824 -88.151021,30.897507 -88.151373,30.897081 -88.151716,30.896591 -88.151952,30.896194 -88.152213,30.895834 -88.152567,30.895537 -88.152848,30.895413 -88.153493,30.895228 -88.153991,30.895145 -88.154413,30.895012 -88.1545,30.895024 -88.155237,30.89486 -88.155542,30.894685 -88.155921,30.894403 -88.156537,30.893874 -88.156734,30.893629 -88.156929,30.893255 -88.157058,30.892939 -88.157294,30.892543 -88.157538,30.892168 -88.157661,30.892024 -88.157673,30.891951 -88.158065,30.891446 -88.158327,30.891128 -88.158902,30.890557 -88.158809,30.890444 -88.158655,30.890095 -88.158535,30.889795 -88.158449,30.889531 -88.158313,30.889259 -88.158176,30.888923 -88.157947,30.88851 -88.157617,30.888047 -88.157381,30.887684 -88.157118,30.887257 -88.156973,30.886957 -88.156845,30.88665 -88.156735,30.886458 -88.156592,30.886301 -88.156373,30.88611 -88.156152,30.885947 -88.156043,30.885841 -88.155947,30.885455 -88.155722,30.884663 -88.155602,30.884349 -88.155374,30.884021 -88.155155,30.88378 -88.154845,30.883537 -88.154543,30.883325 -88.153423,30.882741 -88.15324,30.882685 -88.15251,30.882699 -88.152206,30.88268 -88.151915,30.882604 -88.151598,30.882478 -88.151206,30.88236 -88.150564,30.882136 -88.150013,30.881897 -88.149591,30.881681 -88.149357,30.881539 -88.149106,30.881363 -88.148585,30.881034 -88.148339,30.880951 -88.147384,30.880781 -88.144528,30.88055 -88.144385,30.880521 -88.144667,30.879995 -88.144865,30.879549 -88.144958,30.879383 -88.145035,30.879203 -88.145165,30.878774 -88.145207,30.878526 -88.145241,30.878035 -88.145211,30.877861 -88.145135,30.877614 -88.144945,30.877299 -88.144768,30.877058 -88.144419,30.876663 -88.144162,30.876345 -88.143846,30.875833 -88.143826,30.875579 -88.143902,30.875271 -88.144012,30.875086 -88.14419,30.874924 -88.144397,30.874786 -88.144677,30.874672 -88.145513,30.874373 -88.146635,30.874004 -88.147173,30.873796 -88.147498,30.873701 -88.147926,30.873692 -88.148418,30.873814 -88.148613,30.873844 -88.149169,30.874011 -88.149558,30.874042 -88.149783,30.874045 -88.150317,30.873962 -88.150564,30.873916 -88.150833,30.873753 -88.151079,30.873659 -88.151253,30.873619 -88.151546,30.873601 -88.152076,30.873631 -88.152397,30.873608 -88.152791,30.8736 -88.152915,30.873652 -88.152989,30.873744 -88.153049,30.874035 -88.153158,30.874155 -88.153464,30.874303 -88.153634,30.874438 -88.15435,30.874956 -88.154832,30.875283 -88.155008,30.875345 -88.155546,30.875617 -88.155937,30.875837 -88.156136,30.875985 -88.15647,30.876114 -88.156584,30.876196 -88.156721,30.876418 -88.157017,30.876673 -88.157137,30.876798 -88.157273,30.876865 -88.157459,30.876888 -88.157696,30.876881 -88.157965,30.876781 -88.158333,30.876525 -88.158646,30.876323 -88.158966,30.87618 -88.159409,30.876064 -88.159616,30.875984 -88.159836,30.875948 -88.16005,30.875942 -88.160376,30.875963 -88.160568,30.875956 -88.161166,30.876024 -88.161317,30.876089 -88.161518,30.876268 -88.161615,30.876404 -88.161773,30.876927 -88.161863,30.877358 -88.162042,30.87775 -88.162265,30.877967 -88.162767,30.878088 -88.163293,30.878231 -88.163479,30.878297 -88.163726,30.878172 -88.163855,30.878132 -88.164134,30.877945 -88.164329,30.877729 -88.164529,30.877538 -88.164747,30.87738 -88.165772,30.876909 -88.166348,30.876573 -88.166706,30.87641 -88.167003,30.876315 -88.16729,30.876239 -88.167503,30.876145 -88.167653,30.876008 -88.168098,30.875553 -88.168376,30.875293 -88.168611,30.875101 -88.168738,30.874935 -88.168776,30.874794 -88.168844,30.87438 -88.169237,30.87384 -88.169419,30.873513 -88.16964,30.873183 -88.169858,30.872977 -88.170951,30.872725 -88.171255,30.872514 -88.172125,30.871529 -88.172683,30.870662 -88.173022,30.87009 -88.173091,30.869842 -88.173196,30.869348 -88.173226,30.869146 -88.173252,30.868706 -88.173234,30.868525 -88.173232,30.868309 -88.1732,30.867917 -88.173137,30.867709 -88.17305,30.867563 -88.172586,30.867006 -88.172501,30.866805 -88.172458,30.866583 -88.172405,30.866152 -88.172412,30.865873 -88.172396,30.865582 -88.172479,30.865249 -88.172594,30.865051 -88.173073,30.864712 -88.17344,30.864491 -88.173704,30.864317 -88.174461,30.863847 -88.174574,30.863759 -88.174638,30.863661 -88.174438,30.86334 -88.17442,30.863169 -88.17455,30.863041 -88.174832,30.862942 -88.174976,30.862739 -88.17495,30.862425 -88.174986,30.862282 -88.175324,30.862072 -88.175644,30.861531 -88.177492,30.859181 -88.178541,30.858468 -88.179026,30.858359 -88.179727,30.858157 -88.180492,30.857863 -88.18115,30.857621 -88.181481,30.857477 -88.181687,30.857355 -88.181848,30.857239 -88.182032,30.857032 -88.182151,30.856864 -88.18226,30.856667 -88.182335,30.856476 -88.182321,30.856246 -88.182337,30.855257 -88.182371,30.854908 -88.182471,30.854468 -88.182605,30.854156 -88.182708,30.85395 -88.182826,30.853778 -88.183282,30.854005 -88.183608,30.854132 -88.183838,30.854271 -88.184117,30.854288 -88.184405,30.85427 -88.18478,30.854293 -88.185067,30.854351 -88.185225,30.854415 -88.185305,30.854471 -88.185597,30.854734 -88.1857,30.854811 -88.185851,30.854888 -88.186038,30.854949 -88.186482,30.854908 -88.186689,30.854849 -88.187426,30.854723 -88.187705,30.854651 -88.187951,30.8546 -88.188275,30.854572 -88.18853,30.854533 -88.188682,30.854534 -88.188877,30.854601 -88.189033,30.854633 -88.189184,30.854614 -88.189281,30.854511 -88.189307,30.854326 -88.189421,30.854154 -88.189591,30.854025 -88.189726,30.853992 -88.190022,30.854042 -88.190252,30.853971 -88.190415,30.853874 -88.190615,30.853862 -88.190702,30.853938 -88.190832,30.854012 -88.190957,30.854016 -88.191141,30.853928 -88.191277,30.853895 -88.191464,30.853893 -88.191708,30.853912 -88.191948,30.853915 -88.192156,30.853888 -88.192549,30.85374 -88.192861,30.853729 -88.193124,30.853704 -88.19342,30.853638 -88.19356,30.853618 -88.193337,30.853043 -88.192777,30.851549 -88.192243,30.85021 -88.19164,30.848581 -88.191224,30.847552 -88.190761,30.846316 -88.190193,30.844909 -88.189653,30.843799 -88.189379,30.843245 -88.188924,30.842453 -88.188452,30.841681 -88.18784,30.84079 -88.187641,30.840531 -88.187169,30.839893 -88.186799,30.839431 -88.1864,30.838953 -88.18605,30.838574 -88.185663,30.838191 -88.184996,30.83754 -88.184393,30.836961 -88.184669,30.836914 -88.186155,30.836843 -88.187407,30.836777 -88.188264,30.83676 -88.189161,30.836818 -88.190387,30.836943 -88.19228,30.837101 -88.192972,30.837118 -88.193712,30.837026 -88.194628,30.836841 -88.195202,30.836701 -88.195483,30.836598 -88.195848,30.836422 -88.196164,30.836224 -88.196471,30.836011 -88.196702,30.835837 -88.196822,30.835702 -88.197012,30.835409 -88.197135,30.835107 -88.197232,30.834911 -88.197412,30.83467 -88.197625,30.834487 -88.197828,30.834332 -88.19817,30.834191 -88.198484,30.834092 -88.198804,30.83407 -88.199197,30.834081 -88.200181,30.834207 -88.200919,30.834306 -88.201861,30.834411 -88.202383,30.834474 -88.203797,30.834652 -88.204179,30.83472 -88.204446,30.834808 -88.204796,30.834943 -88.205427,30.835231 -88.207551,30.836222 -88.20793,30.836462 -88.209136,30.837273 -88.20966,30.837588 -88.20996,30.837714 -88.210415,30.837794 -88.21099,30.837789 -88.211609,30.837764 -88.212057,30.837712 -88.212559,30.837595 -88.213303,30.837349 -88.214159,30.837054 -88.21557,30.836577 -88.216003,30.836483 -88.216583,30.836416 -88.21712,30.836411 -88.21753,30.836445 -88.21829,30.836603 -88.218728,30.836701 -88.219477,30.836885 -88.220142,30.836945 -88.220403,30.836939 -88.221176,30.836892 -88.222893,30.836746 -88.222913,30.836072 -88.222905,30.835502 -88.222919,30.834992 -88.222884,30.834586 -88.222783,30.834499 -88.22266,30.834337 -88.222638,30.834219 -88.222477,30.833146 -88.222431,30.833133 -88.222098,30.832951 -88.222055,30.832917 -88.221998,30.832613 -88.221989,30.832493 -88.221935,30.832405 -88.221834,30.832366 -88.221657,30.832359 -88.221163,30.832288 -88.220974,30.832246 -88.220635,30.832109 -88.220336,30.83202 -88.220249,30.831972 -88.220146,30.831867 -88.220123,30.831805 -88.220107,30.831512 -88.220009,30.831357 -88.219756,30.831189 -88.219359,30.830965 -88.21924,30.830875 -88.219011,30.830645 -88.218863,30.830369 -88.218769,30.830148 -88.218728,30.829958 -88.218693,30.829517 -88.218557,30.829195 -88.218479,30.82905 -88.21837,30.828897 -88.218227,30.828731 -88.218086,30.828591 -88.217817,30.828293 -88.217415,30.827887 -88.217289,30.827748 -88.217155,30.827572 -88.216938,30.827383 -88.216584,30.827188 -88.216392,30.827101 -88.216116,30.827018 -88.215558,30.826877 -88.215294,30.826762 -88.215113,30.8267 -88.214914,30.826651 -88.214492,30.826578 -88.214204,30.826507 -88.213918,30.826422 -88.213464,30.826273 -88.213321,30.82621 -88.213128,30.826091 -88.212703,30.825847 -88.212513,30.825748 -88.212274,30.825643 -88.212099,30.825552 -88.211807,30.825378 -88.211537,30.825155 -88.211217,30.824918 -88.211008,30.824719 -88.210803,30.824412 -88.210552,30.824079 -88.210371,30.823809 -88.210192,30.823497 -88.21005,30.823289 -88.209902,30.82304 -88.209776,30.822805 -88.209699,30.822625 -88.20937,30.822023 -88.209235,30.821719 -88.209084,30.821346 -88.209013,30.8212 -88.208912,30.820938 -88.208886,30.820768 -88.208904,30.82061 -88.208967,30.820387 -88.208929,30.820208 -88.208819,30.820054 -88.208685,30.819957 -88.208549,30.819908 -88.208239,30.819823 -88.207809,30.819668 -88.207627,30.819618 -88.207323,30.819587 -88.206829,30.819514 -88.206542,30.819457 -88.206463,30.819429 -88.206096,30.819344 -88.205662,30.819226 -88.205412,30.819144 -88.204982,30.819044 -88.204523,30.818954 -88.204216,30.818858 -88.204074,30.81883 -88.203914,30.818829 -88.203626,30.818868 -88.203358,30.818869 -88.202963,30.818917 -88.202575,30.818987 -88.20225,30.819076 -88.202033,30.81915 -88.201583,30.81936 -88.201222,30.819564 -88.20121,30.819512 -88.201007,30.8195 -88.20087,30.819589 -88.20075,30.819608 -88.200532,30.819771 -88.200443,30.819874 -88.200155,30.819955 -88.200144,30.820099 -88.199985,30.820098 -88.199865,30.820145 -88.199657,30.82017 -88.199472,30.820306 -88.199334,30.820382 -88.199154,30.820438 -88.198609,30.820532 -88.197868,30.820817 -88.197595,30.820959 -88.197421,30.821068 -88.197175,30.821272 -88.195278,30.821283 -88.194131,30.821294 -88.193099,30.821283 -88.192432,30.821299 -88.19199,30.821319 -88.191633,30.821265 -88.191637,30.819468 -88.191648,30.818676 -88.191664,30.818361 -88.191537,30.817907 -88.191472,30.817535 -88.191483,30.816102 -88.191473,30.814933 -88.191489,30.813979 -88.191488,30.813385 -88.191447,30.813134 -88.191204,30.813198 -88.190402,30.813475 -88.19007,30.813478 -88.189535,30.813435 -88.187716,30.813248 -88.187104,30.813085 -88.186427,30.812869 -88.186059,30.812763 -88.1854,30.812678 -88.184416,30.81261 -88.183822,30.812553 -88.183479,30.812534 -88.183025,30.812498 -88.181325,30.812379 -88.180927,30.812329 -88.179761,30.812097 -88.179443,30.812038 -88.179069,30.811989 -88.178672,30.81201 -88.178412,30.812077 -88.178126,30.81218 -88.177761,30.812361 -88.17723,30.812638 -88.176028,30.813281 -88.17531,30.813683 -88.174172,30.814287 -88.173555,30.814596 -88.172901,30.814753 -88.172359,30.814782 -88.17076,30.814794 -88.169611,30.814792 -88.168898,30.814774 -88.168411,30.814749 -88.167908,30.814748 -88.167637,30.814783 -88.167429,30.814844 -88.166802,30.815107 -88.166593,30.815188 -88.166631,30.81535 -88.166622,30.815428 -88.166715,30.815651 -88.166826,30.815728 -88.166977,30.815865 -88.167135,30.816088 -88.167034,30.816225 -88.167091,30.816318 -88.16717,30.816375 -88.167435,30.816347 -88.167781,30.816279 -88.167812,30.816361 -88.167754,30.8165 -88.167805,30.816709 -88.167815,30.816928 -88.167784,30.817106 -88.167707,30.817239 -88.167538,30.817434 -88.167408,30.817564 -88.167245,30.817904 -88.167125,30.818485 -88.166998,30.818483 -88.166545,30.818445 -88.166408,30.818489 -88.166323,30.81857 -88.166254,30.818716 -88.166226,30.818912 -88.166324,30.819005 -88.166345,30.819147 -88.166155,30.819192 -88.16432,30.819786 -88.163888,30.819937 -88.163705,30.820064 -88.163391,30.819737 -88.163092,30.819456 -88.162525,30.818966 -88.162122,30.818627 -88.161295,30.817967 -88.16031,30.817148 -88.159854,30.816738 -88.159353,30.816356 -88.158198,30.815433 -88.157352,30.814746 -88.156612,30.814135 -88.15534,30.813054 -88.153901,30.811865 -88.153037,30.811065 -88.152717,30.810718 -88.152409,30.810327 -88.152192,30.810014 -88.151846,30.809491 -88.151591,30.808981 -88.151385,30.808464 -88.151227,30.807984 -88.151083,30.807448 -88.151001,30.80696 -88.150906,30.805176 -88.15083,30.803376 -88.150808,30.802939 -88.150285,30.802977 -88.149596,30.802989 -88.148195,30.803026 -88.147264,30.803031 -88.146611,30.803043 -88.146404,30.80302 -88.146107,30.803046 -88.146076,30.80288 -88.145959,30.802403 -88.145868,30.801944 -88.145809,30.801491 -88.145679,30.800956 -88.145457,30.799831 -88.145286,30.799112 -88.145124,30.798361 -88.144916,30.797242 -88.144614,30.795859 -88.144572,30.795586 -88.144375,30.794777 -88.143721,30.791515 -88.143621,30.791065 -88.143443,30.790909 -88.143339,30.790922 -88.143201,30.790992 -88.142986,30.791002 -88.142838,30.790882 -88.142709,30.790813 -88.142574,30.790778 -88.14243,30.790776 -88.142285,30.79083 -88.142101,30.790945 -88.141894,30.790854 -88.14172,30.790721 -88.141677,30.790573 -88.141687,30.790157 -88.141656,30.790005 -88.141601,30.7899 -88.141459,30.789734 -88.141345,30.789636 -88.14104,30.789414 -88.140738,30.789259 -88.140564,30.789072 -88.140479,30.788851 -88.140369,30.788684 -88.140207,30.788531 -88.140044,30.788433 -88.13975,30.788424 -88.139486,30.788394 -88.139385,30.788482 -88.139251,30.788559 -88.139044,30.788611 -88.138861,30.788581 -88.138706,30.788477 -88.138544,30.78832 -88.138324,30.788039 -88.138135,30.787769 -88.138026,30.787547 -88.137987,30.787499 -88.137821,30.787394 -88.137661,30.787345 -88.13735,30.787272 -88.137183,30.787244 -88.13668,30.787198 -88.136393,30.787134 -88.136107,30.786986 -88.135823,30.78679 -88.135593,30.786582 -88.135443,30.786429 -88.135324,30.786283 -88.135175,30.786048 -88.135091,30.785772 -88.135108,30.785682 -88.135302,30.785463 -88.135328,30.785312 -88.135241,30.785228 -88.13509,30.7852 -88.134858,30.785197 -88.134771,30.785211 -88.134575,30.785199 -88.134291,30.785207 -88.133891,30.785244 -88.133647,30.785286 -88.1334,30.785365 -88.133258,30.785386 -88.133102,30.785371 -88.132988,30.785318 -88.132822,30.785145 -88.132582,30.784996 -88.132464,30.784956 -88.132209,30.784953 -88.131977,30.784965 -88.131753,30.785004 -88.131704,30.785045 -88.131735,30.785225 -88.131748,30.785411 -88.131682,30.785562 -88.131585,30.785611 -88.131451,30.785601 -88.131188,30.785523 -88.131037,30.785501 -88.130765,30.785547 -88.130596,30.785531 -88.130478,30.785438 -88.130187,30.785059 -88.130085,30.7849 -88.129707,30.784463 -88.129519,30.784068 -88.129309,30.78366 -88.129147,30.78339 -88.128924,30.783098 -88.128642,30.782876 -88.12844,30.782757 -88.128165,30.782654 -88.127867,30.7826 -88.127595,30.782604 -88.127386,30.782699 -88.127305,30.782774 -88.127273,30.782863 -88.127294,30.783049 -88.127396,30.783257 -88.127554,30.783458 -88.12765,30.78367 -88.127653,30.783804 -88.12754,30.783906 -88.127325,30.783904 -88.127046,30.783805 -88.126739,30.783709 -88.126545,30.783676 -88.126415,30.78371 -88.126279,30.783812 -88.126239,30.783874 -88.12618,30.784073 -88.126075,30.784196 -88.125966,30.784246 -88.125731,30.784172 -88.12562,30.784081 -88.125526,30.783963 -88.125394,30.783724 -88.125235,30.783596 -88.125139,30.783608 -88.125058,30.78369 -88.125042,30.783753 -88.125064,30.783932 -88.125141,30.784112 -88.125115,30.784249 -88.125002,30.784345 -88.124808,30.784322 -88.124451,30.78413 -88.124324,30.784152 -88.124222,30.784295 -88.124165,30.784488 -88.124095,30.784636 -88.12384,30.784939 -88.123758,30.785016 -88.123146,30.78539 -88.122987,30.785511 -88.122732,30.785588 -88.122541,30.785523 -88.122509,30.785468 -88.122496,30.785143 -88.122464,30.785088 -88.122324,30.785022 -88.121783,30.784885 -88.121598,30.784802 -88.121426,30.784759 -88.121305,30.784753 -88.121203,30.784808 -88.121139,30.78488 -88.12098,30.785155 -88.120904,30.785259 -88.120815,30.785292 -88.120706,30.785232 -88.120611,30.785017 -88.12054,30.78494 -88.120375,30.784864 -88.120126,30.78488 -88.119833,30.784957 -88.119744,30.784919 -88.119712,30.784688 -88.119578,30.784484 -88.119393,30.784287 -88.119259,30.784105 -88.119094,30.783929 -88.119005,30.783885 -88.118896,30.783896 -88.118845,30.78394 -88.11875,30.784127 -88.118597,30.784292 -88.118508,30.78432 -88.118444,30.784276 -88.118444,30.784144 -88.118578,30.783748 -88.118768,30.783374 -88.118826,30.783242 -88.118851,30.783082 -88.118762,30.782978 -88.118571,30.78295 -88.118412,30.782978 -88.11824,30.783033 -88.118055,30.783072 -88.118017,30.782989 -88.118182,30.782758 -88.118182,30.782654 -88.118118,30.782588 -88.117946,30.7825 -88.117838,30.782472 -88.11743,30.782429 -88.117354,30.782478 -88.117309,30.782555 -88.117297,30.782819 -88.117246,30.783061 -88.117208,30.783127 -88.117068,30.78327 -88.116927,30.78332 -88.116736,30.783336 -88.116532,30.783254 -88.116367,30.783072 -88.116285,30.782941 -88.116123,30.783161 -88.115876,30.782726 -88.115825,30.782495 -88.115793,30.78222 -88.115742,30.781989 -88.115691,30.781907 -88.115602,30.781868 -88.115079,30.781879 -88.114882,30.781841 -88.114742,30.78177 -88.114614,30.781352 -88.114601,30.781181 -88.114627,30.781099 -88.114639,30.780901 -88.114582,30.780802 -88.114486,30.780736 -88.114238,30.780604 -88.114136,30.780532 -88.114187,30.780345 -88.114206,30.780208 -88.114167,30.780142 -88.114021,30.780037 -88.113677,30.779916 -88.1136,30.77985 -88.11367,30.779603 -88.113626,30.779416 -88.11353,30.779323 -88.113371,30.779268 -88.112759,30.77924 -88.112536,30.779262 -88.112422,30.779301 -88.112281,30.779416 -88.11204,30.779741 -88.111931,30.779818 -88.111868,30.779829 -88.111619,30.779802 -88.111345,30.779857 -88.111192,30.779923 -88.111097,30.78 -88.111046,30.780083 -88.111033,30.780352 -88.111008,30.780385 -88.110702,30.780512 -88.110568,30.780633 -88.110409,30.780919 -88.110288,30.781023 -88.110142,30.781089 -88.109887,30.781166 -88.109728,30.78126 -88.109632,30.781343 -88.109601,30.781425 -88.109588,30.781596 -88.109728,30.781656 -88.110193,30.78165 -88.110327,30.781683 -88.110486,30.781755 -88.110754,30.781843 -88.110843,30.781936 -88.1109,30.78209 -88.110901,30.78225 -88.110882,30.782547 -88.110818,30.782723 -88.110729,30.78286 -88.110544,30.78308 -88.11043,30.783168 -88.110366,30.7833 -88.110398,30.78335 -88.11064,30.783515 -88.110819,30.78368 -88.110978,30.783718 -88.111048,30.783657 -88.111092,30.783553 -88.111105,30.78303 -88.111067,30.782827 -88.110984,30.782596 -88.110996,30.782502 -88.111111,30.782475 -88.1112,30.78253 -88.111347,30.782684 -88.111404,30.78281 -88.111379,30.783245 -88.111436,30.783459 -88.111424,30.783657 -88.11136,30.784048 -88.11122,30.784427 -88.111112,30.784576 -88.110755,30.784659 -88.110532,30.784675 -88.110373,30.784664 -88.110176,30.784604 -88.110004,30.784521 -88.109902,30.78445 -88.10973,30.784384 -88.109513,30.784329 -88.109335,30.784351 -88.10892,30.784489 -88.108672,30.784698 -88.108481,30.784896 -88.108277,30.785149 -88.108118,30.785391 -88.107934,30.785749 -88.107711,30.786007 -88.107469,30.786035 -88.10731,30.785996 -88.107144,30.785903 -88.10701,30.785765 -88.106851,30.785546 -88.106774,30.785408 -88.106742,30.785249 -88.106742,30.784605 -88.106729,30.784435 -88.106672,30.784385 -88.106563,30.784374 -88.106474,30.784457 -88.106385,30.784605 -88.10629,30.784858 -88.106245,30.785029 -88.106048,30.785441 -88.105965,30.785568 -88.105876,30.785837 -88.105832,30.786244 -88.105781,30.786376 -88.105673,30.786492 -88.105571,30.786563 -88.105399,30.786608 -88.104991,30.786619 -88.104851,30.786586 -88.104647,30.786503 -88.10457,30.78641 -88.104341,30.78603 -88.104169,30.785783 -88.104003,30.78558 -88.10378,30.785426 -88.103583,30.785387 -88.103347,30.785426 -88.103162,30.785503 -88.102977,30.785646 -88.102895,30.785734 -88.102818,30.78591 -88.102755,30.786284 -88.102697,30.786553 -88.102589,30.786845 -88.1025,30.787049 -88.102379,30.787241 -88.102303,30.787313 -88.102067,30.787489 -88.102015,30.787513 -88.101944,30.787379 -88.101668,30.787497 -88.101431,30.787568 -88.100864,30.787694 -88.100577,30.787767 -88.099909,30.787727 -88.09954,30.787665 -88.099125,30.787622 -88.098879,30.787578 -88.09869,30.787502 -88.098594,30.787432 -88.098429,30.787444 -88.098136,30.787439 -88.097805,30.787482 -88.097298,30.78745 -88.09697,30.787398 -88.096365,30.78726 -88.096125,30.787197 -88.095981,30.787124 -88.095775,30.787141 -88.095364,30.787081 -88.095032,30.786993 -88.094374,30.786891 -88.094174,30.786935 -88.094013,30.786899 -88.093888,30.786892 -88.093732,30.786941 -88.093602,30.787031 -88.093556,30.787089 -88.09357,30.787196 -88.093653,30.787475 -88.093644,30.787653 -88.093531,30.787922 -88.093472,30.788018 -88.093316,30.788186 -88.093086,30.788341 -88.092897,30.788416 -88.092733,30.788444 -88.092399,30.788461 -88.092066,30.788488 -88.091834,30.788568 -88.091718,30.788671 -88.091609,30.788824 -88.091332,30.789576 -88.091223,30.789809 -88.091112,30.790003 -88.090995,30.790104 -88.090818,30.790199 -88.090628,30.790275 -88.090387,30.790334 -88.090016,30.790385 -88.089853,30.790353 -88.089746,30.790297 -88.089638,30.790188 -88.089544,30.790027 -88.089401,30.789691 -88.089339,30.789445 -88.089282,30.789311 -88.089115,30.789204 -88.08895,30.789189 -88.08877,30.789273 -88.088728,30.789335 -88.088732,30.789513 -88.088942,30.790134 -88.088974,30.790311 -88.088954,30.790489 -88.088864,30.79061 -88.088735,30.7907 -88.088611,30.790717 -88.088447,30.790692 -88.088128,30.79061 -88.087921,30.790587 -88.087462,30.790572 -88.087211,30.790554 -88.087009,30.790507 -88.086896,30.79046 -88.086492,30.790172 -88.086352,30.790039 -88.086268,30.789914 -88.08616,30.789868 -88.086076,30.789871 -88.085934,30.789943 -88.085838,30.790099 -88.085837,30.790243 -88.085895,30.790489 -88.085757,30.790902 -88.085581,30.791102 -88.085476,30.79116 -88.08524,30.791233 -88.085035,30.791264 -88.084786,30.791261 -88.084626,30.791221 -88.084503,30.791127 -88.084471,30.791062 -88.084486,30.790847 -88.084693,30.790378 -88.084714,30.790309 -88.084749,30.789987 -88.084757,30.7897 -88.084812,30.789416 -88.08488,30.789135 -88.084909,30.788741 -88.084849,30.788421 -88.084726,30.788384 -88.0846,30.788392 -88.084401,30.788445 -88.084297,30.788506 -88.084149,30.788633 -88.08397,30.788832 -88.083752,30.789096 -88.0836,30.789219 -88.083227,30.78945 -88.082894,30.789668 -88.082467,30.789894 -88.081983,30.790106 -88.081742,30.790249 -88.081543,30.790433 -88.081492,30.790523 -88.081173,30.790702 -88.081147,30.790755 -88.081077,30.791069 -88.080968,30.791289 -88.080886,30.79136 -88.080756,30.791406 -88.080557,30.79175 -88.080113,30.791456 -88.079316,30.790394 -88.079073,30.790083 -88.078431,30.789843 -88.077457,30.789511 -88.076749,30.788998 -88.076556,30.788562 -88.076576,30.788394 -88.075838,30.788357 -88.0725,30.7882 -88.072546,30.787268 -88.072602,30.785795 -88.07269,30.783675 -88.07264,30.783429 -88.072672,30.782644 -88.072454,30.782503 -88.072466,30.782253 -88.072104,30.782153 -88.071696,30.782072 -88.070724,30.781867 -88.070056,30.781701 -88.069575,30.781508 -88.069121,30.781273 -88.068642,30.78093 -88.06823,30.780519 -88.067893,30.780111 -88.067828,30.780022 -88.067475,30.780562 -88.067468,30.7804 -88.067366,30.780235 -88.067207,30.780081 -88.067117,30.77996 -88.067028,30.779789 -88.066824,30.779503 -88.066601,30.779256 -88.066404,30.77908 -88.065792,30.778464 -88.065467,30.778183 -88.065162,30.777963 -88.064913,30.777831 -88.064665,30.777727 -88.063837,30.777551 -88.063531,30.777551 -88.063219,30.7776 -88.063015,30.777666 -88.062798,30.777782 -88.062384,30.778079 -88.061926,30.778337 -88.061582,30.778497 -88.061276,30.778656 -88.061015,30.778755 -88.0609,30.778816 -88.060785,30.778931 -88.060779,30.779003 -88.060368,30.779189 -88.060038,30.779549 -88.059588,30.779437 -88.05876,30.779278 -88.058594,30.779212 -88.058339,30.779063 -88.058161,30.779008 -88.0576,30.778898 -88.057301,30.77881 -88.057154,30.778667 -88.056836,30.778733 -88.056014,30.778854 -88.055626,30.778854 -88.05546,30.778882 -88.055345,30.778953 -88.041082,30.781102 -88.031112,30.782503 -88.025805,30.783266 -88.025672,30.783244 -88.020913,30.782704 -88.020639,30.782682 -88.020473,30.782654 -88.019244,30.782241 -88.018575,30.782026 -88.018523,30.782074 -88.018389,30.782065 -88.016923,30.781209 -88.016698,30.781087 -88.022198,30.774487 -88.022198,30.772187 -88.021698,30.771087 -88.021284,30.770031 -88.020872,30.769054 -88.020277,30.767708 -88.020002,30.766259 -88.020198,30.764588 -88.021315,30.762487 -88.022779,30.759957 -88.023939,30.75826 -88.024778,30.757016 -88.025633,30.755387 -88.026319,30.753358 -88.026298,30.751788 -88.026274,30.751477 -88.025236,30.749345 -88.02277,30.747529 -88.022337,30.747213 -88.020344,30.745955 -88.018248,30.74392 -88.016493,30.741868 -88.015498,30.739988 -88.014218,30.737935 -88.014279,30.734903 -88.015149,30.730958 -88.015485,30.727137 -88.014897,30.722989 -88.013684,30.719679 -88.01254,30.716887 -88.011685,30.715235 -88.010797,30.714089 -88.010327,30.713438 -88.007764,30.711455 -88.005185,30.709757 -88.003415,30.708296 -88.003297,30.708089 -88.002469,30.706438 -88.00166,30.704619 -88.001294,30.702662 -88.001065,30.700464 -88.000997,30.698289 -88.001401,30.697386 -88.001721,30.695666 -88.002408,30.693861 -88.003522,30.692248 -88.004651,30.690539 -88.006284,30.687934 -88.006334,30.68785 -88.007132,30.686765 -88.007607,30.686184 -88.007758,30.685962 -88.008396,30.684956 -88.008829,30.683773 -88.011376,30.685469 -88.012058,30.685837 -88.012341,30.685971 -88.015761,30.687337 -88.019106,30.688653 -88.021447,30.689588 -88.023709,30.690482 -88.025474,30.691192 -88.027419,30.691964 -88.028391,30.691936 -88.028777,30.69188 -88.030078,30.691549 -88.031061,30.691283 -88.03169,30.691074 -88.032038,30.690973 -88.033721,30.690466 -88.033762,30.690796 -88.033895,30.690766 -88.033975,30.691696 -88.033975,30.691817 -88.033431,30.691867 -88.033263,30.691945 -88.033263,30.692186 -88.033305,30.692313 -88.034811,30.691887 -88.035583,30.691647 -88.038246,30.690873 -88.038577,30.690765 -88.039026,30.690645 -88.038825,30.689776 -88.038692,30.689287 -88.038678,30.689192 -88.039663,30.688957 -88.039857,30.688918 -88.040471,30.688741 -88.040823,30.688607 -88.041058,30.688482 -88.041288,30.688324 -88.041597,30.688044 -88.04187,30.68758 -88.042036,30.687119 -88.042365,30.685833 -88.042481,30.685281 -88.042658,30.684031 -88.042751,30.683457 -88.042765,30.683262 -88.043186,30.680442 -88.043328,30.679581 -88.043631,30.677548 -88.043833,30.676486 -88.044187,30.675466 -88.04453,30.674606 -88.044274,30.674604 -88.044333,30.67447 -88.044748,30.673764 -88.045025,30.673325 -88.045498,30.672612 -88.046558,30.671313 -88.046833,30.671345 -88.047448,30.670578 -88.049239,30.668398 -88.050391,30.666899 -88.050759,30.666459 -88.051062,30.666135 -88.05148,30.665712 -88.051809,30.66543 -88.052195,30.665134 -88.054216,30.663774 -88.054672,30.663582 -88.056278,30.66265 -88.057223,30.662111 -88.057733,30.661795 -88.058183,30.660891 -88.061454,30.658728 -88.063789,30.657152 -88.065992,30.655502 -88.068103,30.653911 -88.070296,30.652216 -88.071003,30.651714 -88.071455,30.651403 -88.072073,30.651054 -88.073317,30.650464 -88.074232,30.650056 -88.074966,30.649657 -88.075166,30.648969 -88.07531,30.648522 -88.075448,30.648644 -88.07551,30.648665 -88.075671,30.648632 -88.076275,30.648191 -88.078876,30.646245 -88.079,30.64624 -88.079347,30.645955 -88.080743,30.644957 -88.0839,30.642765 -88.084876,30.642182 -88.086428,30.641351 -88.088516,30.640304 -88.089014,30.640056 -88.08914,30.640009 -88.089912,30.639619 -88.090446,30.639378 -88.092084,30.638695 -88.092542,30.638501 -88.093333,30.638104 -88.094591,30.637383 -88.095208,30.637007 -88.095655,30.636756 -88.09687,30.636024 -88.097916,30.635448 -88.098871,30.634938 -88.102628,30.633267 -88.106502,30.631573 -88.110885,30.629602 -88.112153,30.628971 -88.116602,30.626871 -88.117541,30.626441 -88.117772,30.626353 -88.118159,30.626221 -88.11858,30.626089 -88.119034,30.62597 -88.119621,30.625858 -88.120357,30.625744 -88.121275,30.625621 -88.122515,30.625424 -88.123564,30.625192 -88.124125,30.625022 -88.124991,30.6247 -88.126474,30.624078 -88.127315,30.623713 -88.127941,30.623424 -88.128525,30.623111 -88.129554,30.622587 -88.130681,30.621932 -88.131224,30.621598 -88.1323,30.620886 -88.133647,30.619936 -88.134279,30.619457 -88.13487,30.618977 -88.135345,30.618572 -88.136035,30.618014 -88.136583,30.61747 -88.137083,30.617029 -88.137249,30.616857 -88.141575,30.612396 -88.143864,30.610024 -88.145168,30.608597 -88.145891,30.60777 -88.146754,30.606747 -88.147793,30.605446 -88.148431,30.604598 -88.148594,30.604724 -88.148574,30.604751 -88.14878,30.604912 -88.148958,30.604994 -88.14932,30.605214 -88.14967,30.605484 -88.149988,30.605682 -88.150065,30.605687 -88.150302,30.605588 -88.150675,30.60555 -88.15081,30.605571 -88.150916,30.605822 -88.150936,30.605936 -88.150978,30.605948 -88.15137,30.60614 -88.151761,30.606121 -88.15198,30.606141 -88.152422,30.606257 -88.152437,30.606315 -88.152575,30.606377 -88.152801,30.606297 -88.152974,30.606157 -88.15314,30.60613 -88.153248,30.606426 -88.15338,30.606538 -88.153514,30.606612 -88.153635,30.606632 -88.153775,30.606592 -88.153884,30.606451 -88.153959,30.606414 -88.154098,30.606432 -88.154248,30.606483 -88.15444,30.606456 -88.154666,30.606382 -88.154998,30.606374 -88.155156,30.606466 -88.155339,30.606614 -88.155603,30.606728 -88.155864,30.60678 -88.156044,30.606733 -88.156139,30.60651 -88.156213,30.606299 -88.156279,30.606228 -88.156372,30.606194 -88.156672,30.606154 -88.156838,30.606017 -88.157034,30.605983 -88.157327,30.6061 -88.157737,30.606169 -88.157911,30.606427 -88.157965,30.606656 -88.15816,30.606725 -88.158872,30.606659 -88.159034,30.606595 -88.1592,30.606574 -88.159575,30.606556 -88.160013,30.606746 -88.160257,30.606806 -88.160204,30.606869 -88.160389,30.606959 -88.160517,30.607051 -88.160566,30.607148 -88.160601,30.607395 -88.160728,30.607615 -88.161094,30.6079 -88.161433,30.608176 -88.161617,30.608264 -88.161808,30.608325 -88.162031,30.608369 -88.162406,30.608479 -88.163868,30.605146 -88.164595,30.603504 -88.165514,30.601694 -88.166211,30.600461 -88.167455,30.59843 -88.168198,30.597034 -88.16871,30.595889 -88.168883,30.595286 -88.168971,30.594916 -88.16908,30.594364 -88.169248,30.59287 -88.169426,30.590921 -88.169502,30.590249 -88.169755,30.587967 -88.169963,30.585987 -88.170104,30.584677 -88.170513,30.580831 -88.173921,30.579076 -88.174462,30.578804 -88.17599,30.578004 -88.177822,30.576987 -88.178953,30.576325 -88.180536,30.575357 -88.182545,30.574023 -88.183168,30.573602 -88.185538,30.571894 -88.187654,30.570334 -88.18986,30.568716 -88.189956,30.569067 -88.190064,30.569325 -88.190235,30.569947 -88.190325,30.570117 -88.190433,30.570244 -88.190973,30.570673 -88.191246,30.570937 -88.191418,30.571091 -88.191589,30.571283 -88.192092,30.571718 -88.192422,30.572031 -88.192645,30.572378 -88.192835,30.572581 -88.193134,30.572977 -88.193249,30.573181 -88.196015,30.577008 -88.19771,30.578346 -88.200515,30.579357 -88.200744,30.579401 -88.200896,30.579461 -88.201106,30.579582 -88.201329,30.579775 -88.201412,30.579978 -88.201558,30.580528 -88.20164,30.580996 -88.201672,30.581331 -88.201723,30.581551 -88.2018,30.581705 -88.201831,30.581815 -88.201965,30.582184 -88.202124,30.582464 -88.202277,30.582673 -88.202372,30.582866 -88.202378,30.583031 -88.202423,30.583289 -88.202531,30.583707 -88.202665,30.583938 -88.202779,30.584043 -88.202849,30.584153 -88.2029,30.584312 -88.202976,30.584648 -88.202976,30.584802 -88.203097,30.585093 -88.203269,30.585236 -88.203561,30.58556 -88.203593,30.585626 -88.203752,30.585791 -88.203943,30.586077 -88.204203,30.586429 -88.204401,30.586792 -88.204649,30.587073 -88.204871,30.587304 -88.205035,30.587417 -88.204979,30.587529 -88.204947,30.587665 -88.204926,30.5879 -88.204967,30.588915 -88.206188,30.588919 -88.207639,30.58891 -88.207652,30.58923 -88.207632,30.5903 -88.207618,30.593859 -88.207622,30.596817 -88.207628,30.598024 -88.207643,30.599243 -88.207665,30.600478 -88.207684,30.601712 -88.207699,30.602889 -88.207688,30.603402 -88.207683,30.604919 -88.2077,30.605797 -88.207692,30.606744 -88.207697,30.60967 -88.207713,30.61216 -88.20771,30.613299 -88.2077,30.614498 -88.207699,30.615525 -88.207705,30.617019 -88.207704,30.618136 -88.207696,30.619155 -88.207725,30.621506 -88.207716,30.62228 -88.207729,30.625437 -88.207728,30.627248 -88.207765,30.630711 -88.207745,30.632009 -88.207752,30.633272 -88.207741,30.635888 -88.207718,30.637915 -88.207731,30.638506 -88.207783,30.639147 -88.207825,30.640038 -88.208042,30.639993 -88.208253,30.639924 -88.208536,30.639801 -88.208764,30.639675 -88.209024,30.639498 -88.210016,30.638803 -88.211129,30.638045 -88.211838,30.637529 -88.21225,30.637234 -88.213358,30.636362 -88.214038,30.636008 -88.214111,30.636364 -88.214175,30.636534 -88.214296,30.636672 -88.214502,30.636868 -88.214612,30.637012 -88.214768,30.637311 -88.21492,30.637559 -88.215203,30.638059 -88.2154,30.638373 -88.215572,30.638593 -88.215718,30.638829 -88.215909,30.639203 -88.21617,30.640122 -88.216291,30.640347 -88.216456,30.640616 -88.21659,30.641056 -88.216622,30.641221 -88.216641,30.642063 -88.216635,30.642151 -88.217169,30.642547 -88.217239,30.642635 -88.217322,30.642899 -88.217271,30.643042 -88.217036,30.643251 -88.216985,30.64335 -88.216972,30.643454 -88.216992,30.643674 -88.217023,30.643801 -88.217125,30.643977 -88.217297,30.644213 -88.217514,30.644615 -88.217615,30.644818 -88.217654,30.644961 -88.217628,30.645335 -88.217641,30.64566 -88.217667,30.645907 -88.217679,30.646182 -88.21773,30.646435 -88.218042,30.646947 -88.218201,30.647161 -88.218494,30.647683 -88.218666,30.64809 -88.218914,30.648591 -88.21929,30.649284 -88.219474,30.649515 -88.219971,30.64996 -88.220327,30.65023 -88.220493,30.650334 -88.220773,30.650581 -88.220976,30.650719 -88.221441,30.650966 -88.221956,30.651219 -88.222236,30.651345 -88.222802,30.651565 -88.223846,30.651879 -88.224253,30.652038 -88.224596,30.65212 -88.224784,30.652145 -88.224762,30.651838 -88.224954,30.651834 -88.22614,30.651752 -88.226785,30.651704 -88.227111,30.651734 -88.227277,30.651796 -88.227477,30.651907 -88.228098,30.652363 -88.228511,30.652649 -88.228624,30.652691 -88.228979,30.652736 -88.229357,30.652721 -88.230552,30.652645 -88.231323,30.652593 -88.232039,30.65254 -88.233369,30.652449 -88.233382,30.652537 -88.233517,30.652852 -88.233618,30.653034 -88.233783,30.653273 -88.233884,30.653385 -88.234141,30.653581 -88.234316,30.653692 -88.234542,30.653814 -88.234916,30.653955 -88.235109,30.653991 -88.235763,30.654076 -88.236348,30.654205 -88.236579,30.654305 -88.236864,30.654471 -88.237056,30.654625 -88.237188,30.654753 -88.237358,30.654955 -88.237485,30.655131 -88.23767,30.655565 -88.23771,30.655715 -88.237752,30.655985 -88.237815,30.65681 -88.237929,30.657954 -88.237976,30.658593 -88.237973,30.658843 -88.237957,30.659052 -88.237899,30.659306 -88.237766,30.659693 -88.237654,30.659922 -88.237516,30.660317 -88.237482,30.660552 -88.237461,30.660831 -88.237487,30.662118 -88.237487,30.662928 -88.237393,30.663832 -88.23732,30.66442 -88.237252,30.664788 -88.237066,30.665611 -88.23682,30.666472 -88.236677,30.666936 -88.235993,30.669032 -88.235969,30.66915 -88.23597,30.669324 -88.236017,30.669434 -88.236085,30.669472 -88.235823,30.66983 -88.235139,30.670815 -88.234718,30.671377 -88.234392,30.671833 -88.233981,30.67242 -88.233166,30.673566 -88.232624,30.674321 -88.231827,30.675451 -88.231529,30.675926 -88.23131,30.676353 -88.231105,30.676806 -88.230799,30.677723 -88.230109,30.680161 -88.229959,30.680538 -88.229813,30.680808 -88.229539,30.681178 -88.229447,30.681332 -88.229435,30.681413 -88.229464,30.681514 -88.226778,30.682539 -88.225448,30.683021 -88.225451,30.683224 -88.225473,30.683556 -88.225467,30.685176 -88.225468,30.686007 -88.225464,30.687122 -88.225467,30.688067 -88.225463,30.688476 -88.225459,30.690098 -88.225466,30.690412 -88.225459,30.692438 -88.22548,30.692761 -88.226858,30.69278 -88.226871,30.694144 -88.226861,30.694307 -88.227521,30.694426 -88.228161,30.694556 -88.228669,30.694705 -88.22975,30.695102 -88.231433,30.695728 -88.232071,30.695961 -88.23193,30.697436 -88.231925,30.697967 -88.233591,30.697984 -88.233802,30.697949 -88.234037,30.6978 -88.234098,30.697717 -88.234091,30.696939 -88.234066,30.696706 -88.23662,30.697647 -88.23829,30.698302 -88.239194,30.698651 -88.240635,30.699201 -88.241293,30.699456 -88.242092,30.699759 -88.24305,30.700143 -88.24338,30.700298 -88.244068,30.70068 -88.244549,30.70098 -88.245097,30.701401 -88.245847,30.702074 -88.246186,30.702388 -88.248532,30.704591 -88.248651,30.704848 -88.248753,30.704997 -88.248853,30.705086 -88.249158,30.705254 -88.249312,30.705325 -88.249602,30.705587 -88.250012,30.705889 -88.249243,30.706688 -88.24858,30.70735 -88.248964,30.707569 -88.249253,30.707814 -88.249359,30.708013 -88.249409,30.70831 -88.249415,30.709465 -88.249381,30.709988 -88.249392,30.710844 -88.249515,30.710855 -88.249859,30.710833 -88.250005,30.710882 -88.250166,30.710813 -88.250332,30.710676 -88.250485,30.710615 -88.250822,30.710648 -88.251032,30.710731 -88.251522,30.711006 -88.251617,30.711006 -88.251815,30.710929 -88.252171,30.710649 -88.252541,30.710418 -88.252604,30.710325 -88.252757,30.70994 -88.252929,30.709648 -88.253095,30.709527 -88.253273,30.709538 -88.253432,30.709605 -88.25354,30.709682 -88.253738,30.709858 -88.253986,30.710127 -88.254139,30.710336 -88.254266,30.710567 -88.254361,30.710677 -88.254571,30.710793 -88.25473,30.710832 -88.254921,30.710832 -88.255596,30.710788 -88.255761,30.71081 -88.255978,30.710882 -88.256201,30.711003 -88.256372,30.711074 -88.256582,30.711124 -88.25699,30.711102 -88.257163,30.711053 -88.257157,30.712098 -88.259286,30.71212 -88.259288,30.713261 -88.25928,30.714443 -88.259285,30.714555 -88.259275,30.715128 -88.259277,30.716319 -88.259267,30.716594 -88.259279,30.71754 -88.259265,30.718783 -88.25926,30.72005 -88.259267,30.720564 -88.259276,30.722552 -88.259266,30.722875 -88.25922,30.723003 -88.259077,30.723049 -88.256615,30.723063 -88.255327,30.723067 -88.255163,30.723089 -88.255051,30.72315 -88.254998,30.723274 -88.255001,30.72431 -88.255036,30.7262 -88.255031,30.726668 -88.254998,30.726751 -88.254917,30.726796 -88.254691,30.726822 -88.252358,30.726809 -88.252951,30.7273 -88.253341,30.727607 -88.253982,30.728139 -88.254963,30.729068 -88.255286,30.729426 -88.255705,30.729993 -88.255922,30.730381 -88.256068,30.730815 -88.256145,30.731367 -88.256271,30.732182 -88.256372,30.732954 -88.256561,30.734265 -88.256662,30.734877 -88.256738,30.735199 -88.256903,30.735636 -88.257101,30.736024 -88.257447,30.736541 -88.257979,30.737139 -88.258624,30.737778 -88.259662,30.73878 -88.260025,30.739075 -88.260333,30.739279 -88.260588,30.739425 -88.260967,30.739596 -88.261373,30.739769 -88.261958,30.739982 -88.262612,30.740163 -88.263041,30.740238 -88.263627,30.740295 -88.264878,30.740371 -88.26639,30.740432 -88.267928,30.740488 -88.269803,30.740573 -88.26984,30.740005 -88.269799,30.739754 -88.269686,30.739506 -88.269668,30.739371 -88.26969,30.739237 -88.269499,30.739096 -88.269453,30.73894 -88.269002,30.738356 -88.268381,30.737516 -88.268299,30.737299 -88.269127,30.737165 -88.272026,30.736641 -88.272918,30.736476 -88.273871,30.736304 -88.273938,30.736466 -88.273968,30.736617 -88.274003,30.738263 -88.27405,30.740048 -88.274059,30.740778 -88.275092,30.74085 -88.275792,30.740914 -88.276404,30.740995 -88.277386,30.741167 -88.278956,30.741456 -88.280477,30.741746 -88.280717,30.741798 -88.280942,30.741861 -88.281358,30.742006 -88.281767,30.742182 -88.282215,30.742425 -88.283762,30.743505 -88.285683,30.744875 -88.286361,30.74533 -88.28668,30.745499 -88.286937,30.745598 -88.287236,30.745695 -88.287639,30.745774 -88.288118,30.745836 -88.288501,30.745872 -88.289208,30.74597 -88.289692,30.74607 -88.290887,30.746388 -88.292344,30.746795 -88.293833,30.747197 -88.294113,30.747261 -88.294447,30.747325 -88.294821,30.747366 -88.295347,30.747455 -88.295831,30.747568 -88.29755,30.748027 -88.298161,30.748159 -88.301372,30.748704 -88.302032,30.748832 -88.30232,30.748909 -88.30267,30.749037 -88.303217,30.749287 -88.303731,30.749567 -88.304003,30.749722 -88.30447,30.749975 -88.304887,30.750191 -88.305484,30.750431 -88.30714,30.750841 -88.307543,30.75099 -88.309128,30.751801 -88.309789,30.752157 -88.310087,30.752388 -88.310293,30.752622 -88.310423,30.752809 -88.310592,30.753177 -88.310842,30.753804 -88.31109,30.75441 -88.311571,30.755623 -88.311732,30.755899 -88.311901,30.756137 -88.31209,30.756304 -88.312786,30.75688 -88.313013,30.757057 -88.313742,30.757665 -88.314534,30.758284 -88.31481,30.758453 -88.315082,30.758579 -88.315352,30.75867 -88.315648,30.758756 -88.316728,30.758939 -88.317311,30.759094 -88.317753,30.759293 -88.31863,30.759739 -88.319039,30.759957 -88.319383,30.760201 -88.319887,30.760675 -88.320323,30.761047 -88.320578,30.761213 -88.320966,30.761398 -88.321254,30.761489 -88.324837,30.762451 -88.325054,30.762531 -88.325362,30.762664 -88.325859,30.76292 -88.326213,30.763024 -88.327026,30.76317 -88.327251,30.763141 -88.327577,30.763028 -88.329079,30.763153 -88.329229,30.763215 -88.329417,30.762758 -88.330455,30.759623 -88.331492,30.756452 -88.332985,30.755939 -88.333802,30.75583 -88.334459,30.755719 -88.334835,30.755699 -88.335539,30.755795 -88.335701,30.755774 -88.336099,30.75551 -88.336359,30.755329 -88.336824,30.755022 -88.337637,30.754509 -88.337714,30.75443 -88.337822,30.754005 -88.337871,30.753868 -88.338111,30.75333 -88.338268,30.752996 -88.33856,30.752282 -88.338697,30.75198 -88.338803,30.751786 -88.339059,30.751415 -88.339426,30.75094 -88.339801,30.750968 -88.340906,30.75129 -88.341265,30.751443 -88.342569,30.753546 -88.343795,30.754421 -88.344742,30.755046 -88.345521,30.755759 -88.346429,30.757004 -88.347324,30.758742 -88.347736,30.760131 -88.348014,30.762335 -88.348148,30.763425 -88.348781,30.765396 -88.348767,30.765578 -88.349696,30.766956 -88.351013,30.7683 -88.351933,30.768821 -88.352245,30.769082 -88.352906,30.769574 -88.353105,30.769767 -88.353281,30.769919 -88.353641,30.770136 -88.353975,30.770309 -88.354698,30.770591 -88.355322,30.770885 -88.356074,30.771372 -88.356353,30.771527 -88.35669,30.771651 -88.357035,30.771745 -88.357397,30.771813 -88.357858,30.771838 -88.35868,30.771822 -88.35975,30.771826 -88.360232,30.771872 -88.360512,30.771915 -88.361031,30.772042 -88.362775,30.772491 -88.363563,30.772709 -88.36483,30.773132 -88.365292,30.773255 -88.365797,30.773351 -88.366138,30.773404 -88.367196,30.773472 -88.367992,30.773482 -88.370762,30.773495 -88.372206,30.773557 -88.37297,30.773626 -88.373398,30.773692 -88.373819,30.77377 -88.374595,30.773933 -88.375179,30.774072 -88.375496,30.774162 -88.377607,30.774703 -88.37798,30.774809 -88.378792,30.775002 -88.379079,30.775084 -88.37953,30.7752 -88.379876,30.775268 -88.380318,30.775308 -88.380555,30.775303 -88.382124,30.775249 -88.3834,30.775197 -88.383986,30.775177 -88.38423,30.775159 -88.384625,30.77516 -88.385366,30.77481 -88.385791,30.774471 -88.386007,30.77414 -88.386215,30.773723 -88.386323,30.773426 -88.38639,30.773099 -88.386579,30.772722 -88.386718,30.772514 -88.386953,30.772198 -88.387204,30.771985 -88.387467,30.771805 -88.387763,30.771678 -88.388072,30.771594 -88.388414,30.771561 -88.389177,30.771539 -88.391368,30.771534 -88.392339,30.771538 -88.393655,30.771515 -88.394474,30.771544 -88.394839,30.771593 -88.395217,30.771727 -88.395659,30.772047 -88.396359,30.772578 -88.396678,30.772827 -88.398577,30.774326 -88.398914,30.774599 -88.399959,30.775385 -88.400218,30.775593 -88.401165,30.776337 -88.401508,30.776596 -88.40171,30.776789 -88.401879,30.776993 -88.40212,30.777262 -88.402954,30.778323 -88.403519,30.778973 -88.404309,30.779874 -88.404625,30.780262 -88.40537,30.780941 -88.406442,30.781675 -88.40769,30.782367 -88.409916,30.783618 -88.410389,30.783852 -88.410646,30.78403 -88.410991,30.784203 -88.411542,30.784426 -88.413021,30.784945 -88.414031,30.785315 -88.41482,30.785616 -88.414759,30.784346 -88.414528,30.779461 -88.413993,30.769535 -88.413957,30.768639 -88.413694,30.762262 -88.413323,30.754578 -88.413032,30.74641 -88.413006,30.745162 -88.41281,30.740413 -88.412612,30.73559 -88.412189,30.730945 -88.412174,30.730018 -88.412116,30.729047 -88.412091,30.728291 -88.412049,30.727852 -88.411969,30.726594 -88.411891,30.725014 -88.411767,30.723344 -88.411741,30.723045 -88.411726,30.722702 -88.41171,30.721882 -88.411661,30.719819 -88.411646,30.718625 -88.411609,30.717607 -88.411405,30.71421 -88.411368,30.713203 -88.411376,30.713023 -88.411424,30.712889 -88.411542,30.712703 -88.411349,30.70661 -88.411238,30.706511 -88.411086,30.706293 -88.41104,30.706203 -88.41101,30.706065 -88.410983,30.705162 -88.410931,30.70249 -88.41089,30.702003 -88.410861,30.701269 -88.410839,30.700536 -88.410786,30.699412 -88.410778,30.69807 -88.410716,30.696849 -88.410611,30.695695 -88.410586,30.69517 -88.410539,30.694578 -88.410514,30.694042 -88.410485,30.693017 -88.410424,30.691643 -88.410355,30.689823 -88.410295,30.688386 -88.410195,30.686485 -88.410148,30.685017 -88.410061,30.682953 -88.409997,30.682366 -88.409998,30.682106 -88.409901,30.679582 -88.409861,30.678358 -88.409833,30.677772 -88.409761,30.675935 -88.409672,30.673714 -88.409572,30.671729 -88.409522,30.670197 -88.409485,30.669343 -88.409442,30.668643 -88.409406,30.668503 -88.409253,30.66563 -88.409163,30.664332 -88.409074,30.662141 -88.409044,30.661986 -88.408966,30.661867 -88.40892,30.661528 -88.408923,30.661253 -88.408905,30.661003 -88.408793,30.660885 -88.408694,30.660683 -88.408712,30.660539 -88.408765,30.660396 -88.408908,30.660263 -88.408875,30.659869 -88.408726,30.656732 -88.408665,30.649803 -88.408336,30.642752 -88.408181,30.63938 -88.408165,30.639213 -88.408013,30.636947 -88.407956,30.635805 -88.407908,30.634666 -88.40784,30.633156 -88.407826,30.632684 -88.407793,30.632309 -88.407742,30.632148 -88.407523,30.631681 -88.407452,30.631497 -88.407336,30.631287 -88.407221,30.63096 -88.407085,30.630639 -88.407005,30.630342 -88.40692,30.630205 -88.406919,30.630092 -88.406978,30.629924 -88.407121,30.629791 -88.407483,30.6295 -88.4075,30.627676 -88.407468,30.625586 -88.407435,30.625217 -88.407423,30.624877 -88.407359,30.624298 -88.407338,30.623767 -88.407341,30.623499 -88.407322,30.623153 -88.40733,30.622734 -88.407316,30.622234 -88.407241,30.621847 -88.407169,30.62066 -88.407103,30.61995 -88.407075,30.61896 -88.407049,30.618555 -88.407053,30.618381 -88.407338,30.613911 -88.407332,30.613549 -88.407042,30.607198 -88.406811,30.602088 -88.40657,30.597202 -88.406201,30.589708 -88.405977,30.587208 -88.405542,30.583552 -88.405478,30.582946 -88.405391,30.581534 -88.40529,30.578747 -88.405251,30.577945 -88.405189,30.575147 -88.405176,30.574631 -88.40513,30.573395 -88.405013,30.567187 -88.404946,30.567009 -88.404934,30.566633 -88.404988,30.566549 -88.405193,30.566457 -88.405461,30.566353 -88.405631,30.566238 -88.405718,30.566064 -88.405819,30.565353 -88.405877,30.565089 -88.405986,30.56495 -88.405885,30.564701 -88.405819,30.564422 -88.405773,30.5641 -88.4057,30.563856 -88.405682,30.563534 -88.405727,30.563289 -88.405647,30.562841 -88.405563,30.562556 -88.405442,30.562241 -88.405433,30.561569 -88.40524,30.561239 -88.404877,30.560803 -88.404585,30.560319 -88.404458,30.560212 -88.404341,30.560152 -88.404239,30.559912 -88.404177,30.559512 -88.404119,30.55838 -88.404169,30.558101 -88.404459,30.557691 -88.404714,30.557463 -88.404801,30.55741 -88.404747,30.556234 -88.404677,30.554566 -88.404727,30.554397 -88.404874,30.554285 -88.405366,30.553941 -88.405341,30.553726 -88.405239,30.553589 -88.405072,30.553047 -88.404992,30.552866 -88.404962,30.552718 -88.404796,30.552314 -88.404597,30.551892 -88.404517,30.551296 -88.404332,30.550314 -88.404283,30.550004 -88.40418,30.549762 -88.404175,30.549573 -88.403658,30.544994 -88.403636,30.54416 -88.403628,30.543616 -88.403589,30.543197 -88.403593,30.541993 -88.403494,30.541598 -88.403333,30.541268 -88.403017,30.540672 -88.402665,30.539974 -88.402612,30.539707 -88.402625,30.539507 -88.402642,30.538743 -88.402632,30.538409 -88.402654,30.538074 -88.402632,30.537291 -88.40262,30.536456 -88.402605,30.535788 -88.402615,30.535358 -88.402691,30.535257 -88.402855,30.53515 -88.403264,30.534955 -88.403324,30.534751 -88.403368,30.533103 -88.40338,30.532208 -88.403428,30.531633 -88.403429,30.530513 -88.403407,30.53036 -88.402966,30.526677 -88.402942,30.525751 -88.402888,30.524943 -88.4029,30.524594 -88.402879,30.523775 -88.402879,30.523058 -88.40284,30.522542 -88.402829,30.522281 -88.402897,30.521989 -88.402905,30.521755 -88.402854,30.520944 -88.402787,30.520877 -88.402758,30.520792 -88.402667,30.519795 -88.402638,30.519337 -88.402417,30.513146 -88.402278,30.510759 -88.401921,30.504669 -88.401543,30.500197 -88.400884,30.483021 -88.400618,30.476084 -88.40047,30.474213 -88.400355,30.472602 -88.400048,30.466704 -88.399606,30.458216 -88.398856,30.443223 -88.398604,30.437915 -88.398665,30.437206 -88.398193,30.428402 -88.397747,30.420099 -88.397722,30.419775 -88.396671,30.400037 -88.396341,30.393917 -88.39622,30.391621 -88.396152,30.390452 -88.396147,30.39027 -88.3961,30.389224 -88.39608,30.389009 -88.395944,30.386482 -88.395705,30.381316 -88.39536,30.375199 -88.395023,30.369425 -88.39468,30.362461 -88.394297,30.354636 -88.39415,30.352494 -88.394062,30.350813 -88.393991,30.349515 -88.393787,30.34566 -88.39327,30.335874 -88.392163,30.312715 -88.392143,30.312332 -88.38988,30.269532 -88.388859,30.250201 -88.387662,30.2235 -88.387218,30.213613 -88.387098,30.210915 -88.386516,30.198254 -88.385779,30.182243 -88.384431,30.158543 -88.38112,30.160336 -88.375006,30.163946 -88.371163,30.165608 -88.364753,30.170405 -88.359756,30.174536 -88.353814,30.180901 -88.34994,30.186384 -88.347719,30.190088 -88.343781,30.187818 -88.338042,30.184846 -88.331307,30.182296 -88.324934,30.180242 -88.31932,30.178945 -88.310302,30.177816 -88.303023,30.177962 -88.291192,30.178835 -88.277939,30.180071 -88.266593,30.181704 -88.253372,30.184147 -88.250002,30.184644 -88.234364,30.188372 -88.216311,30.192423 -88.210003,30.193612 -88.205006,30.194366 -88.199078,30.195209 -88.191605,30.19649 -88.184979,30.19745 -88.175636,30.198639 -88.167489,30.19943 -88.162022,30.200093 -88.161198,30.198364 -88.157631,30.194377 -88.15348,30.190371 -88.151974,30.189296 -88.149191,30.187039 -88.146191,30.185359 -88.145387,30.184369 -88.143459,30.18206 -88.141155,30.180229 -88.138374,30.177973 -88.134107,30.175414 -88.13161,30.173621 -88.128498,30.172078 -88.124999,30.170472 -88.121622,30.169618 -88.118146,30.168527 -88.115597,30.167743 -88.112505,30.167225 -88.109178,30.166974 -88.106743,30.16656 -88.103417,30.166377 -88.09911,30.162088 -88.092761,30.156343 -88.09022,30.154516 -88.086944,30.152484 -88.080347,30.149562 -88.074869,30.147149 -88.069189,30.146012 -88.060689,30.144425 -88.057092,30.144441 -88.046104,30.144689 -88.041494,30.145608 -88.036729,30.146693 -88.028037,30.150381 -88.02077,30.155218 -88.014159,30.160059 -88.009797,30.164172 -88.006043,30.169733 -88.003618,30.173417 -88.000009,30.174573 -87.999992,30.174548 -87.997242,30.17513 -87.993755,30.176146 -87.990422,30.177018 -87.987409,30.17789 -87.98646,30.1776 -87.983766,30.176874 -87.981041,30.176485 -87.98088,30.176521 -87.971709,30.176738 -87.955653,30.178343 -87.925756,30.179561 -87.874991,30.177193 -87.83742,30.176995 -87.831673,30.177068 -87.811263,30.177326 -87.807153,30.177378 -87.797196,30.178906 -87.771293,30.18288 -87.749987,30.186558 -87.74438,30.18747 -87.718002,30.19176 -87.69421,30.194809 -87.681539,30.196433 -87.660348,30.198179 -87.647824,30.199211 -87.62502,30.20594 -87.599541,30.21183 -87.574101,30.21771 -87.567041,30.219342 -87.518346,30.229506 -87.518372,30.23424 -87.518404,30.240119 -87.51846,30.250202 -87.518426,30.2578 -87.518381,30.267658 -87.518339,30.276998 -87.518324,30.280442 -87.518386,30.280649 -87.51838,30.283901 -87.51458,30.284701 -87.511917,30.285606 -87.51048,30.285801 -87.50888,30.286101 -87.50738,30.286501 -87.50548,30.287101 -87.50368,30.287501 -87.50198,30.288001 -87.50108,30.288101 -87.49998,30.287901 -87.49274,30.289772 -87.452378,30.300201 -87.451151,30.306014 -87.451126,30.306136 -87.450078,30.3111 -87.450778,30.3111 -87.451178,30.3109 -87.451678,30.3108 -87.452278,30.3106 -87.452678,30.3104 -87.453178,30.3104 -87.453878,30.3102 -87.454378,30.3103 -87.454978,30.3103 -87.455578,30.3102 -87.455878,30.3101 -87.456478,30.3098 -87.456878,30.3095 -87.457178,30.3093 -87.457778,30.3091 -87.458278,30.3088 -87.458778,30.3086 -87.459178,30.3085 -87.459578,30.3083 -87.460978,30.3081 -87.461878,30.308 -87.462478,30.3079 -87.462978,30.3078 -87.463778,30.3078 -87.464278,30.3077 -87.465078,30.3076 -87.465778,30.3076 -87.465878,30.3077 -87.466178,30.3078 -87.467378,30.3078 -87.467778,30.3079 -87.468178,30.3081 -87.468678,30.3082 -87.469178,30.3082 -87.469779,30.308 -87.470679,30.3079 -87.471779,30.3079 -87.472579,30.308 -87.475279,30.308 -87.475879,30.3079 -87.476279,30.307701 -87.476579,30.307501 -87.477179,30.307201 -87.477879,30.306901 -87.478479,30.306901 -87.478879,30.306801 -87.480279,30.306801 -87.480879,30.306601 -87.481379,30.306401 -87.481579,30.306201 -87.483679,30.304801 -87.483779,30.304801 -87.484179,30.304901 -87.484779,30.304901 -87.485179,30.305001 -87.485679,30.305101 -87.486979,30.305101 -87.488179,30.304801 -87.488679,30.304801 -87.489179,30.304901 -87.491279,30.304901 -87.491979,30.304801 -87.492479,30.304901 -87.494079,30.304901 -87.494379,30.305001 -87.494879,30.305001 -87.495179,30.305101 -87.49558,30.305301 -87.49598,30.305401 -87.49648,30.305601 -87.49678,30.305701 -87.49718,30.305801 -87.49738,30.305901 -87.49768,30.306101 -87.49798,30.306201 -87.49838,30.306301 -87.49878,30.306301 -87.49898,30.306201 -87.49998,30.306201 -87.49998,30.306451 -87.50098,30.306801 -87.50168,30.306901 -87.50218,30.307101 -87.50278,30.307301 -87.50348,30.307601 -87.50388,30.308001 -87.50468,30.308901 -87.50518,30.309901 -87.50558,30.3111 -87.50578,30.3125 -87.50588,30.3139 -87.50581,30.315086 -87.505943,30.319396 -87.504701,30.324039 -87.502572,30.327405 -87.49998,30.328957 -87.49978,30.3289 -87.49928,30.3291 -87.49868,30.3293 -87.49818,30.3295 -87.49728,30.3297 -87.49588,30.33 -87.49488,30.3302 -87.49418,30.3304 -87.49358,30.3306 -87.49308,30.3306 -87.49248,30.3308 -87.491879,30.3309 -87.490879,30.331 -87.489979,30.3311 -87.488379,30.3311 -87.487779,30.331 -87.487479,30.331 -87.486679,30.3311 -87.480079,30.3311 -87.479479,30.3312 -87.478579,30.3312 -87.477479,30.3313 -87.476879,30.3313 -87.476279,30.3314 -87.475579,30.3314 -87.474779,30.3315 -87.473579,30.3316 -87.472679,30.3317 -87.471879,30.3318 -87.470879,30.332 -87.470079,30.3322 -87.469479,30.3323 -87.468779,30.3324 -87.468079,30.3326 -87.467579,30.3327 -87.467079,30.3329 -87.466279,30.333 -87.465478,30.3332 -87.464878,30.3333 -87.464378,30.3335 -87.463778,30.3337 -87.463278,30.3339 -87.462978,30.334 -87.461278,30.3352 -87.461078,30.3353 -87.460378,30.336 -87.459978,30.3363 -87.459278,30.337 -87.458878,30.3375 -87.458478,30.3379 -87.458078,30.3384 -87.457278,30.3392 -87.456878,30.3397 -87.456278,30.3402 -87.455778,30.3407 -87.455378,30.3412 -87.453778,30.3428 -87.453678,30.3428 -87.453678,30.342899 -87.453378,30.343099 -87.452978,30.343499 -87.452278,30.344099 -87.451978,30.344499 -87.451578,30.344999 -87.451378,30.345299 -87.451078,30.345599 -87.450978,30.346199 -87.450778,30.346999 -87.450878,30.347599 -87.450978,30.347999 -87.450978,30.348799 -87.451078,30.349499 -87.451078,30.351899 -87.451178,30.352499 -87.451178,30.353399 -87.451278,30.353999 -87.451378,30.354899 -87.451578,30.355899 -87.451778,30.356699 -87.451778,30.357499 -87.451878,30.358299 -87.451978,30.359199 -87.451978,30.361099 -87.452078,30.361899 -87.451978,30.362499 -87.451878,30.363399 -87.451778,30.363999 -87.451778,30.364599 -87.451878,30.364999 -87.451778,30.365899 -87.451478,30.366699 -87.451378,30.366999 -87.451378,30.367199 -87.450178,30.368799 -87.449978,30.369299 -87.449778,30.369599 -87.449378,30.370099 -87.449078,30.370399 -87.448778,30.370599 -87.448478,30.370899 -87.447978,30.371199 -87.447678,30.371499 -87.447378,30.371699 -87.446578,30.372299 -87.445978,30.372899 -87.444978,30.373699 -87.444278,30.374099 -87.444078,30.374399 -87.443678,30.374799 -87.443478,30.375099 -87.442884,30.375199 -87.441823,30.376304 -87.441578,30.376599 -87.441378,30.376899 -87.440878,30.377599 -87.439978,30.378799 -87.439878,30.378899 -87.439378,30.379898 -87.439078,30.380198 -87.438678,30.380798 -87.438478,30.381198 -87.438478,30.381798 -87.438678,30.382098 -87.439078,30.382898 -87.439378,30.383298 -87.439778,30.383898 -87.439878,30.384198 -87.440178,30.384598 -87.440878,30.386698 -87.441078,30.387698 -87.441078,30.387998 -87.441178,30.388598 -87.441078,30.388998 -87.441078,30.389998 -87.440778,30.390998 -87.440678,30.391498 -87.439878,30.392798 -87.439478,30.393498 -87.438578,30.394598 -87.437278,30.395898 -87.436878,30.396198 -87.435978,30.396598 -87.435478,30.396898 -87.434678,30.397198 -87.434578,30.397298 -87.434278,30.397498 -87.434078,30.397798 -87.433478,30.398898 -87.433278,30.399398 -87.432978,30.400398 -87.432878,30.400898 -87.432278,30.402098 -87.432078,30.402398 -87.431878,30.402998 -87.431778,30.403198 -87.431378,30.403798 -87.431278,30.404098 -87.430878,30.404798 -87.430578,30.405198 -87.429778,30.406198 -87.429578,30.406498 -87.429478,30.406598 -87.428378,30.407598 -87.427778,30.408098 -87.427478,30.408398 -87.426877,30.408798 -87.426777,30.408798 -87.426377,30.409098 -87.426177,30.409198 -87.425577,30.409398 -87.425077,30.409498 -87.424977,30.409598 -87.424777,30.409598 -87.424477,30.409698 -87.424377,30.409798 -87.423677,30.409898 -87.423277,30.409998 -87.422677,30.410098 -87.422277,30.410098 -87.421577,30.410198 -87.419177,30.410198 -87.418577,30.410098 -87.418377,30.410098 -87.417977,30.409998 -87.417677,30.409998 -87.417177,30.409898 -87.416677,30.409698 -87.415677,30.409498 -87.415277,30.409398 -87.414577,30.409298 -87.414177,30.409198 -87.413577,30.408998 -87.413177,30.408998 -87.412477,30.408898 -87.412177,30.408898 -87.411477,30.408798 -87.408877,30.408798 -87.408477,30.408898 -87.407777,30.408898 -87.407377,30.408998 -87.406477,30.409198 -87.406077,30.409198 -87.405677,30.409398 -87.405277,30.409498 -87.404777,30.409598 -87.403477,30.410198 -87.402977,30.410398 -87.402777,30.410598 -87.401777,30.411398 -87.401277,30.411998 -87.400977,30.412298 -87.400577,30.412898 -87.400477,30.413198 -87.400377,30.413398 -87.400277,30.413498 -87.398776,30.415098 -87.398476,30.415498 -87.397676,30.415998 -87.397376,30.416298 -87.396276,30.417197 -87.395676,30.417597 -87.394576,30.418097 -87.393976,30.418297 -87.393176,30.418497 -87.392576,30.418697 -87.390576,30.419197 -87.390276,30.419297 -87.389476,30.419597 -87.389076,30.419697 -87.388076,30.419997 -87.387676,30.420097 -87.386776,30.420397 -87.386376,30.420497 -87.385476,30.420997 -87.384876,30.421297 -87.383876,30.421897 -87.383376,30.422097 -87.382576,30.422597 -87.382076,30.422897 -87.380876,30.423797 -87.380076,30.424297 -87.378676,30.425197 -87.378376,30.425397 -87.377576,30.426097 -87.377276,30.426397 -87.376476,30.427097 -87.376176,30.427297 -87.375376,30.427997 -87.375276,30.428097 -87.375076,30.428197 -87.374976,30.428302 -87.37315,30.429397 -87.371169,30.43049 -87.369383,30.431948 -87.368191,30.433407 -87.367441,30.434495 -87.366591,30.436648 -87.366939,30.44048 -87.36868,30.444631 -87.370768,30.446865 -87.374976,30.448465 -87.374976,30.448547 -87.375076,30.448597 -87.375576,30.448697 -87.375876,30.448797 -87.377076,30.449097 -87.377676,30.449297 -87.377776,30.449297 -87.378276,30.449397 -87.378676,30.449597 -87.379176,30.449697 -87.379476,30.449697 -87.379976,30.449897 -87.380376,30.449897 -87.381176,30.450097 -87.382976,30.450097 -87.383576,30.450197 -87.384376,30.450297 -87.384576,30.450297 -87.385176,30.450397 -87.387876,30.450397 -87.388476,30.450597 -87.388876,30.450797 -87.389776,30.451097 -87.389976,30.451197 -87.390776,30.451297 -87.391276,30.451497 -87.391976,30.451597 -87.393077,30.451597 -87.393877,30.451397 -87.394177,30.451397 -87.395377,30.450997 -87.396477,30.450697 -87.396877,30.450597 -87.397977,30.450597 -87.398577,30.450697 -87.398877,30.450797 -87.399577,30.450897 -87.399777,30.450997 -87.399877,30.450997 -87.400077,30.451097 -87.401077,30.451497 -87.401677,30.451697 -87.402777,30.452097 -87.403177,30.452297 -87.403877,30.452497 -87.404677,30.452897 -87.404877,30.453097 -87.405477,30.453997 -87.405977,30.454597 -87.406177,30.454897 -87.406977,30.455697 -87.407677,30.456297 -87.407877,30.456396 -87.408677,30.456696 -87.409277,30.456796 -87.410577,30.456896 -87.413077,30.456896 -87.413477,30.456996 -87.413777,30.456996 -87.414477,30.457296 -87.414677,30.457296 -87.415477,30.458096 -87.415677,30.458196 -87.415977,30.458696 -87.415977,30.458896 -87.416377,30.459396 -87.416677,30.459696 -87.416777,30.459896 -87.416877,30.459896 -87.417677,30.460896 -87.417777,30.461096 -87.418678,30.461596 -87.419078,30.461896 -87.419878,30.462196 -87.420378,30.462396 -87.421178,30.462696 -87.421478,30.462796 -87.422178,30.463196 -87.422678,30.463596 -87.423578,30.464296 -87.423678,30.464396 -87.424278,30.464896 -87.424578,30.465196 -87.425078,30.465596 -87.426778,30.467296 -87.427078,30.467496 -87.427278,30.467796 -87.427778,30.468396 -87.427978,30.468696 -87.428578,30.469396 -87.428878,30.469796 -87.429378,30.470396 -87.429578,30.470596 -87.429778,30.471096 -87.429878,30.471396 -87.429878,30.471596 -87.430078,30.471996 -87.430178,30.472696 -87.430178,30.475196 -87.430278,30.475696 -87.430478,30.476396 -87.430578,30.476596 -87.430978,30.477096 -87.431278,30.477296 -87.431578,30.477696 -87.432578,30.478196 -87.432878,30.478296 -87.433678,30.478596 -87.433778,30.478696 -87.433978,30.478796 -87.434278,30.478896 -87.434678,30.479196 -87.434778,30.479296 -87.435278,30.479896 -87.435578,30.480496 -87.435478,30.480896 -87.435478,30.481096 -87.435277,30.481395 -87.435178,30.481596 -87.434978,30.481796 -87.434578,30.481996 -87.434278,30.481996 -87.434078,30.482196 -87.434078,30.482396 -87.433378,30.483296 -87.433278,30.483596 -87.432978,30.484096 -87.432878,30.484296 -87.432978,30.484896 -87.433178,30.485496 -87.433678,30.486296 -87.433778,30.486596 -87.434078,30.487196 -87.433878,30.487696 -87.433578,30.487996 -87.433178,30.488196 -87.432078,30.488196 -87.431478,30.488096 -87.430878,30.487796 -87.430478,30.487696 -87.429778,30.487396 -87.429178,30.487396 -87.428778,30.487796 -87.428578,30.488096 -87.428378,30.488496 -87.428378,30.489196 -87.428477,30.489496 -87.428578,30.489696 -87.429078,30.490196 -87.429378,30.490296 -87.429778,30.490596 -87.429878,30.490696 -87.429978,30.490696 -87.430278,30.490796 -87.430578,30.491096 -87.430778,30.491496 -87.431078,30.491796 -87.431278,30.492096 -87.431478,30.492596 -87.431678,30.492896 -87.431778,30.493396 -87.431878,30.493696 -87.431778,30.494595 -87.431678,30.494895 -87.431178,30.495795 -87.430978,30.496095 -87.430478,30.496595 -87.430578,30.497195 -87.430678,30.497595 -87.430878,30.498095 -87.430978,30.498295 -87.431578,30.498795 -87.431978,30.498995 -87.433478,30.499295 -87.433878,30.499495 -87.433978,30.499595 -87.434518,30.500245 -87.43465,30.500536 -87.435262,30.501466 -87.435866,30.502004 -87.436509,30.502453 -87.436712,30.502983 -87.437175,30.503726 -87.437676,30.50463 -87.438269,30.505357 -87.438845,30.505841 -87.439198,30.506237 -87.43969,30.506649 -87.440386,30.506626 -87.441139,30.506651 -87.442421,30.506773 -87.44322,30.506782 -87.443925,30.507203 -87.444714,30.507494 -87.445057,30.508196 -87.446069,30.508867 -87.446477,30.509456 -87.447173,30.509925 -87.447702,30.510458 -87.447878,30.511031 -87.447914,30.511821 -87.447978,30.512564 -87.447927,30.513057 -87.448355,30.51374 -87.449032,30.51422 -87.449766,30.514472 -87.450371,30.514462 -87.449782,30.515226 -87.449122,30.515301 -87.448529,30.515054 -87.448019,30.514602 -87.447322,30.513872 -87.446678,30.513654 -87.445629,30.513658 -87.444953,30.513763 -87.444524,30.514248 -87.444425,30.514907 -87.444562,30.515331 -87.444986,30.515491 -87.445815,30.515386 -87.446404,30.514754 -87.446759,30.514606 -87.446962,30.514649 -87.447268,30.515044 -87.447271,30.515601 -87.447173,30.516407 -87.446904,30.516774 -87.446499,30.516995 -87.446127,30.516967 -87.44572,30.516895 -87.445569,30.517086 -87.445453,30.517672 -87.445726,30.518184 -87.445881,30.518667 -87.446021,30.519721 -87.446413,30.520379 -87.447145,30.521256 -87.447283,30.521973 -87.4471,30.522516 -87.44629,30.523148 -87.445075,30.523856 -87.444669,30.523755 -87.444262,30.523609 -87.443923,30.523567 -87.443788,30.523626 -87.443806,30.523948 -87.444077,30.524207 -87.444646,30.524492 -87.444856,30.524711 -87.445049,30.525047 -87.445119,30.525433 -87.445205,30.525711 -87.445353,30.525969 -87.445664,30.526237 -87.445998,30.526377 -87.446974,30.526457 -87.447165,30.526354 -87.447266,30.526173 -87.447265,30.525929 -87.447111,30.525563 -87.446923,30.525187 -87.447035,30.525006 -87.447238,30.524942 -87.447655,30.524897 -87.447971,30.524945 -87.448135,30.525081 -87.448183,30.525296 -87.448205,30.525514 -87.44798,30.526607 -87.447723,30.52709 -87.447465,30.52735 -87.447187,30.52735 -87.446828,30.527283 -87.446649,30.527214 -87.44625,30.527199 -87.445913,30.527372 -87.445678,30.528286 -87.445103,30.528909 -87.444725,30.528893 -87.444545,30.528738 -87.444443,30.528222 -87.444402,30.527843 -87.444143,30.527843 -87.443647,30.528138 -87.44337,30.528673 -87.443074,30.529088 -87.442619,30.529762 -87.44264,30.529968 -87.442899,30.530088 -87.443317,30.530052 -87.443815,30.530068 -87.444194,30.530273 -87.444197,30.530928 -87.443901,30.531481 -87.443165,30.53169 -87.442547,30.531451 -87.441968,30.531056 -87.441986,30.530608 -87.442043,30.530143 -87.441942,30.529867 -87.441703,30.529747 -87.441185,30.529749 -87.440469,30.529821 -87.439495,30.530168 -87.438958,30.530291 -87.438899,30.530395 -87.438919,30.530463 -87.43914,30.530842 -87.43946,30.531151 -87.439858,30.531219 -87.440277,30.531338 -87.440577,30.531595 -87.440598,30.53194 -87.440331,30.53232 -87.440233,30.532562 -87.440255,30.533061 -87.440378,30.533888 -87.440702,30.535007 -87.440746,30.536041 -87.440768,30.53642 -87.440848,30.536644 -87.441148,30.536798 -87.441567,30.537089 -87.441569,30.537451 -87.44137,30.53759 -87.441012,30.53766 -87.440615,30.537782 -87.440177,30.537956 -87.439859,30.538112 -87.43986,30.538284 -87.439921,30.538439 -87.44024,30.538524 -87.440539,30.538678 -87.4406,30.538954 -87.440403,30.539386 -87.440027,30.53999 -87.43975,30.540301 -87.43957,30.540233 -87.43955,30.540078 -87.439608,30.539853 -87.439667,30.53956 -87.439646,30.539423 -87.439467,30.539371 -87.439248,30.539389 -87.438872,30.539873 -87.438555,30.540253 -87.438336,30.54034 -87.438276,30.540289 -87.438156,30.5401 -87.437917,30.540066 -87.437659,30.540136 -87.43728,30.540137 -87.436982,30.540155 -87.436823,30.540242 -87.436785,30.540725 -87.436667,30.541087 -87.43637,30.541329 -87.436391,30.541536 -87.436491,30.541639 -87.43673,30.54169 -87.437387,30.541757 -87.437428,30.541998 -87.436793,30.542517 -87.436755,30.54281 -87.436417,30.543001 -87.436218,30.54295 -87.435978,30.542864 -87.435679,30.542659 -87.43544,30.542711 -87.435321,30.542867 -87.435403,30.54328 -87.435345,30.54359 -87.435305,30.543728 -87.435346,30.543883 -87.435506,30.543986 -87.436342,30.544087 -87.436619,30.543689 -87.436739,30.543689 -87.43672,30.543913 -87.436642,30.544224 -87.436663,30.54462 -87.436465,30.544914 -87.436147,30.544949 -87.436148,30.545156 -87.436209,30.545518 -87.435992,30.545932 -87.435735,30.546295 -87.435337,30.546279 -87.435078,30.5464 -87.435079,30.546555 -87.43538,30.547054 -87.435361,30.547382 -87.435203,30.547641 -87.434906,30.547866 -87.434897,30.548107 -87.435039,30.54871 -87.43512,30.549089 -87.434883,30.549434 -87.433051,30.549578 -87.431858,30.549772 -87.431182,30.550015 -87.430924,30.550274 -87.430825,30.550499 -87.430708,30.550947 -87.43039,30.55119 -87.429437,30.551744 -87.428883,30.552453 -87.428545,30.552626 -87.428129,30.553093 -87.427554,30.553681 -87.427298,30.554285 -87.42716,30.554785 -87.427002,30.555044 -87.427024,30.555354 -87.427203,30.555474 -87.427244,30.555732 -87.42701,30.55675 -87.42689,30.556785 -87.426791,30.556785 -87.42671,30.556613 -87.426549,30.556217 -87.426489,30.556148 -87.42629,30.556149 -87.426053,30.556477 -87.425636,30.55691 -87.425658,30.557289 -87.425937,30.557426 -87.426396,30.557493 -87.426357,30.557872 -87.426405,30.558293 -87.426448,30.558774 -87.426316,30.558964 -87.425773,30.559276 -87.425662,30.559782 -87.425359,30.560311 -87.425107,30.560358 -87.42476,30.559974 -87.424773,30.559854 -87.424719,30.559733 -87.424586,30.559676 -87.424341,30.559631 -87.424195,30.559712 -87.424076,30.559879 -87.423918,30.560276 -87.423886,30.560488 -87.424053,30.560775 -87.423975,30.560959 -87.423663,30.561006 -87.423536,30.560909 -87.42337,30.560835 -87.423244,30.560875 -87.423239,30.561278 -87.423127,30.561485 -87.423008,30.561491 -87.422895,30.561428 -87.422755,30.561279 -87.422575,30.56113 -87.422355,30.56097 -87.422195,30.560764 -87.422187,30.560488 -87.422206,30.560195 -87.422086,30.560115 -87.421913,30.560127 -87.421788,30.560334 -87.421769,30.560668 -87.421698,30.56099 -87.421598,30.56103 -87.421439,30.560979 -87.421252,30.56079 -87.421165,30.560647 -87.421072,30.560549 -87.420926,30.560527 -87.420713,30.560545 -87.420501,30.560621 -87.419938,30.561057 -87.419598,30.561307 -87.419214,30.561327 -87.41898,30.561475 -87.418545,30.561994 -87.418268,30.562105 -87.418012,30.562106 -87.417917,30.562254 -87.417928,30.562402 -87.418186,30.562715 -87.418326,30.563028 -87.4183,30.563268 -87.418046,30.563693 -87.417983,30.56398 -87.41822,30.564422 -87.418467,30.564809 -87.418308,30.565105 -87.417966,30.56505 -87.417837,30.564848 -87.41774,30.564617 -87.417591,30.564489 -87.417378,30.564674 -87.417295,30.565117 -87.417295,30.565246 -87.417104,30.565533 -87.416828,30.565838 -87.416403,30.566034 -87.416137,30.566145 -87.416148,30.566293 -87.41656,30.566559 -87.416721,30.566808 -87.416754,30.567149 -87.416628,30.567565 -87.416597,30.567906 -87.416715,30.568045 -87.417003,30.567988 -87.417323,30.568006 -87.417462,30.568153 -87.417475,30.568707 -87.417572,30.568928 -87.417786,30.569066 -87.418182,30.569415 -87.418392,30.569756 -87.418521,30.570134 -87.418383,30.570273 -87.41818,30.570181 -87.417998,30.570034 -87.417709,30.569823 -87.417155,30.569898 -87.417049,30.570111 -87.417179,30.570378 -87.417137,30.570692 -87.416871,30.570757 -87.416646,30.570638 -87.416508,30.570611 -87.416402,30.57075 -87.416201,30.571147 -87.416298,30.571553 -87.416364,30.57195 -87.416099,30.572375 -87.415716,30.572671 -87.415216,30.572756 -87.414927,30.572619 -87.414532,30.572509 -87.414405,30.572777 -87.414279,30.573313 -87.414142,30.573618 -87.413928,30.573563 -87.41381,30.573444 -87.413691,30.573038 -87.413392,30.572946 -87.413105,30.573012 -87.412797,30.573299 -87.412552,30.573438 -87.412191,30.573716 -87.411947,30.574169 -87.411822,30.574879 -87.411749,30.575359 -87.411877,30.575697 -87.412268,30.576149 -87.412524,30.576485 -87.41263,30.576705 -87.412452,30.57712 -87.412287,30.577133 -87.412227,30.577069 -87.412137,30.576913 -87.41209,30.576538 -87.412015,30.576396 -87.411835,30.576319 -87.4117,30.576345 -87.411567,30.576747 -87.411509,30.577123 -87.41154,30.577395 -87.411796,30.577795 -87.411767,30.578003 -87.411483,30.578055 -87.411079,30.578057 -87.410824,30.578148 -87.410571,30.578343 -87.410438,30.578797 -87.410274,30.57894 -87.41005,30.579044 -87.409812,30.579395 -87.409798,30.579732 -87.410038,30.579886 -87.410263,30.579834 -87.410426,30.579587 -87.410755,30.579496 -87.410996,30.579845 -87.410983,30.580363 -87.410805,30.580622 -87.410506,30.58074 -87.410162,30.580961 -87.409761,30.581571 -87.409299,30.581987 -87.409195,30.582324 -87.409168,30.583011 -87.4089,30.58331 -87.408317,30.583545 -87.408018,30.583701 -87.408034,30.583947 -87.40875,30.58514 -87.409228,30.585455 -87.409355,30.585853 -87.409172,30.586071 -87.408793,30.586325 -87.408111,30.587203 -87.407474,30.58759 -87.407315,30.587896 -87.407418,30.588122 -87.408017,30.588323 -87.408176,30.58867 -87.407614,30.589411 -87.40782,30.590265 -87.407854,30.591075 -87.407692,30.59159 -87.407081,30.592386 -87.406831,30.593374 -87.406993,30.594072 -87.407006,30.594964 -87.407341,30.595643 -87.407305,30.595984 -87.407127,30.596238 -87.405446,30.597416 -87.405457,30.597547 -87.405691,30.59783 -87.406194,30.598084 -87.406205,30.59837 -87.405928,30.59854 -87.405533,30.598557 -87.405296,30.598692 -87.405395,30.599168 -87.405849,30.600101 -87.406915,30.599864 -87.40735,30.599982 -87.407567,30.600271 -87.407587,30.600865 -87.407152,30.601527 -87.406718,30.601731 -87.406441,30.601748 -87.405849,30.601374 -87.405711,30.601476 -87.405691,30.601765 -87.406106,30.602512 -87.406086,30.603258 -87.405691,30.603411 -87.405198,30.603072 -87.404902,30.603004 -87.403993,30.603038 -87.403501,30.603417 -87.403413,30.603534 -87.403341,30.60382 -87.403564,30.604548 -87.403529,30.605044 -87.403286,30.605361 -87.402811,30.605521 -87.402067,30.605587 -87.401542,30.605567 -87.400921,30.605981 -87.40025,30.606163 -87.399615,30.605911 -87.398941,30.605417 -87.39877,30.605396 -87.398649,30.605524 -87.398528,30.605819 -87.398505,30.606094 -87.398409,30.606538 -87.397953,30.607025 -87.397189,30.608305 -87.396655,30.608876 -87.396584,30.609479 -87.396586,30.61007 -87.396468,30.61102 -87.396238,30.611538 -87.39562,30.612723 -87.395135,30.613516 -87.394913,30.614266 -87.394672,30.615239 -87.394736,30.615903 -87.394957,30.616241 -87.395287,30.616271 -87.395665,30.616239 -87.396044,30.61629 -87.396387,30.616616 -87.396475,30.617102 -87.396463,30.617334 -87.396148,30.61781 -87.395845,30.618497 -87.395799,30.619078 -87.395875,30.619701 -87.395986,30.620091 -87.395815,30.620166 -87.39545,30.620304 -87.39528,30.620463 -87.395318,30.621001 -87.395295,30.621381 -87.395066,30.621899 -87.395055,30.622216 -87.395215,30.62248 -87.395277,30.622765 -87.395168,30.623092 -87.395108,30.623314 -87.395121,30.623462 -87.395268,30.623578 -87.395647,30.623671 -87.395854,30.623745 -87.396014,30.623903 -87.396027,30.624135 -87.395796,30.624304 -87.395319,30.624253 -87.394855,30.624191 -87.394575,30.624255 -87.394393,30.624562 -87.394354,30.624998 -87.393846,30.625724 -87.393734,30.626118 -87.393622,30.626649 -87.393591,30.626868 -87.393294,30.627218 -87.393415,30.627731 -87.393417,30.628228 -87.393538,30.628861 -87.393698,30.629135 -87.393679,30.629341 -87.393386,30.630289 -87.393487,30.630969 -87.39341,30.631534 -87.393688,30.631688 -87.393985,30.631687 -87.394243,30.631703 -87.394481,30.631788 -87.39464,30.631993 -87.394879,30.632215 -87.395177,30.63242 -87.395554,30.632659 -87.395655,30.632984 -87.395398,30.633293 -87.394448,30.633399 -87.394072,30.633502 -87.394113,30.633794 -87.394293,30.63429 -87.394691,30.634751 -87.395149,30.635418 -87.395212,30.636069 -87.394905,30.636707 -87.394585,30.637007 -87.394365,30.637541 -87.394269,30.638289 -87.394235,30.6391 -87.394237,30.639463 -87.394386,30.639826 -87.394339,30.640402 -87.394022,30.641364 -87.394024,30.641855 -87.394248,30.642175 -87.394594,30.642345 -87.395016,30.64277 -87.39529,30.643432 -87.395687,30.643964 -87.395739,30.644562 -87.39542,30.644969 -87.394952,30.645248 -87.394779,30.645227 -87.394334,30.645271 -87.394336,30.645612 -87.395303,30.64657 -87.396195,30.647294 -87.396864,30.647932 -87.396989,30.648273 -87.396867,30.648701 -87.396598,30.64915 -87.396426,30.649471 -87.395908,30.650159 -87.39592,30.650541 -87.395975,30.65086 -87.396274,30.651649 -87.396598,30.652289 -87.3966,30.652652 -87.396505,30.653784 -87.396595,30.654467 -87.396818,30.65485 -87.397785,30.655638 -87.398405,30.656233 -87.398776,30.656318 -87.399071,30.656167 -87.399663,30.655824 -87.399836,30.655973 -87.399863,30.656442 -87.399865,30.657062 -87.400212,30.657253 -87.400508,30.65706 -87.400628,30.656376 -87.401072,30.656225 -87.401717,30.656778 -87.402137,30.656884 -87.402656,30.657032 -87.403103,30.657479 -87.403327,30.658033 -87.402935,30.658782 -87.402914,30.659572 -87.402397,30.660107 -87.402202,30.660599 -87.402328,30.66141 -87.402577,30.661751 -87.403048,30.662112 -87.403347,30.662837 -87.403104,30.663756 -87.402637,30.664356 -87.402689,30.664847 -87.403087,30.665529 -87.403533,30.665912 -87.404201,30.666144 -87.404695,30.666143 -87.405387,30.666354 -87.405758,30.666439 -87.405833,30.666673 -87.405514,30.667123 -87.405394,30.667998 -87.405545,30.668638 -87.406017,30.669235 -87.405951,30.669668 -87.405837,30.670112 -87.405839,30.670423 -87.405879,30.670911 -87.406137,30.671198 -87.406459,30.671375 -87.407152,30.671572 -87.407384,30.671816 -87.407386,30.672259 -87.407081,30.672915 -87.4067,30.67377 -87.406356,30.674437 -87.406332,30.67488 -87.406474,30.675146 -87.406757,30.675289 -87.407233,30.675388 -87.407772,30.675475 -87.408312,30.675684 -87.408801,30.676004 -87.409174,30.676325 -87.409689,30.676645 -87.410306,30.676942 -87.410928,30.677157 -87.41172,30.677569 -87.412201,30.677734 -87.412534,30.677861 -87.412936,30.67792 -87.413434,30.677964 -87.413731,30.678008 -87.413985,30.67806 -87.414553,30.678217 -87.415179,30.678374 -87.416124,30.678726 -87.41672,30.679298 -87.416904,30.679312 -87.417052,30.679244 -87.417165,30.679032 -87.41726,30.67879 -87.417451,30.678472 -87.417685,30.6782 -87.417921,30.678146 -87.418306,30.678251 -87.418629,30.678363 -87.419041,30.678528 -87.419085,30.678648 -87.419077,30.67889 -87.419167,30.679426 -87.419247,30.679697 -87.419492,30.679893 -87.419905,30.68039 -87.42023,30.680932 -87.420493,30.680977 -87.420964,30.68087 -87.421313,30.680816 -87.421523,30.680853 -87.421996,30.681017 -87.422128,30.681334 -87.422097,30.681703 -87.422168,30.681931 -87.422398,30.682203 -87.422697,30.682384 -87.423452,30.682669 -87.424331,30.683061 -87.424613,30.683272 -87.424982,30.683362 -87.42542,30.68327 -87.426085,30.682843 -87.426296,30.682857 -87.426612,30.683053 -87.427125,30.683992 -87.427486,30.684249 -87.427786,30.684505 -87.427736,30.685158 -87.427792,30.685885 -87.428302,30.686323 -87.428689,30.686383 -87.429443,30.68638 -87.429935,30.68653 -87.430113,30.687091 -87.429819,30.687987 -87.430136,30.688259 -87.430469,30.688257 -87.431134,30.68777 -87.431695,30.687647 -87.432064,30.687721 -87.432504,30.688114 -87.432961,30.68837 -87.433611,30.688353 -87.434101,30.6882 -87.43468,30.688198 -87.435734,30.688301 -87.436401,30.68842 -87.436421,30.68879 -87.436556,30.688904 -87.436965,30.688933 -87.43737,30.689387 -87.437722,30.689628 -87.43832,30.689854 -87.43904,30.690079 -87.440024,30.690258 -87.440375,30.690362 -87.44071,30.690695 -87.44131,30.691375 -87.441803,30.691844 -87.44228,30.692373 -87.442685,30.692736 -87.442845,30.693205 -87.443109,30.693447 -87.44334,30.693916 -87.443676,30.694537 -87.444362,30.694914 -87.445012,30.695124 -87.445363,30.695138 -87.445732,30.695182 -87.446031,30.695423 -87.446243,30.69562 -87.446453,30.695634 -87.447155,30.695632 -87.44749,30.695934 -87.447878,30.696418 -87.448441,30.696568 -87.448661,30.696688 -87.448803,30.697158 -87.4487,30.697553 -87.448719,30.697916 -87.448913,30.698173 -87.449124,30.698324 -87.449214,30.698673 -87.449566,30.69896 -87.449847,30.698974 -87.45025,30.698851 -87.450636,30.698895 -87.450901,30.699122 -87.45113,30.6995 -87.451306,30.699591 -87.451604,30.699393 -87.45188,30.698451 -87.45216,30.698193 -87.452616,30.698191 -87.452933,30.698372 -87.45325,30.698689 -87.453619,30.698718 -87.453882,30.698687 -87.454144,30.698428 -87.454739,30.698047 -87.455177,30.697848 -87.455773,30.697771 -87.456264,30.697754 -87.456614,30.697586 -87.456929,30.697221 -87.457261,30.697022 -87.457505,30.696748 -87.458013,30.696398 -87.458294,30.696564 -87.458471,30.696821 -87.458614,30.697366 -87.458669,30.697866 -87.458916,30.698078 -87.459214,30.698168 -87.459671,30.698166 -87.459987,30.698271 -87.460446,30.69877 -87.460817,30.69933 -87.461047,30.699663 -87.46131,30.699768 -87.461661,30.699767 -87.461907,30.699842 -87.46219,30.700189 -87.46267,30.700314 -87.463248,30.700494 -87.463495,30.700556 -87.463779,30.700595 -87.46419,30.700585 -87.464912,30.700401 -87.465177,30.700463 -87.465526,30.700573 -87.465901,30.700666 -87.466368,30.700704 -87.466742,30.700655 -87.467125,30.700361 -87.467517,30.700075 -87.467663,30.700043 -87.46792,30.700153 -87.468085,30.700208 -87.468214,30.700389 -87.46816,30.700697 -87.467841,30.700896 -87.467732,30.701086 -87.467808,30.701521 -87.468104,30.702184 -87.46827,30.702499 -87.468764,30.702624 -87.469076,30.702741 -87.469461,30.702968 -87.469611,30.703209 -87.469612,30.703354 -87.469521,30.70387 -87.469524,30.704385 -87.469637,30.704804 -87.469806,30.705021 -87.470105,30.705124 -87.470478,30.705179 -87.470944,30.705113 -87.4712,30.705112 -87.471761,30.70544 -87.472228,30.705664 -87.472628,30.705638 -87.472804,30.705412 -87.472794,30.705163 -87.472567,30.704535 -87.472771,30.704357 -87.473145,30.704437 -87.473631,30.704813 -87.473948,30.704804 -87.474209,30.704843 -87.47434,30.704956 -87.474667,30.705108 -87.475264,30.705218 -87.475805,30.705248 -87.47602,30.705465 -87.475979,30.705707 -87.475868,30.70582 -87.475375,30.706047 -87.47464,30.7063 -87.474493,30.706654 -87.474653,30.707048 -87.475271,30.707682 -87.475618,30.7081 -87.47548,30.708326 -87.47509,30.708601 -87.475171,30.70906 -87.47547,30.70926 -87.476507,30.709683 -87.477151,30.709914 -87.477449,30.709913 -87.477803,30.70988 -87.478389,30.709547 -87.478743,30.709498 -87.479069,30.709529 -87.479312,30.7096 -87.479491,30.710002 -87.47983,30.710734 -87.480182,30.71128 -87.480269,30.711787 -87.480066,30.712247 -87.479732,30.712643 -87.479378,30.712692 -87.478866,30.71267 -87.478334,30.712624 -87.478111,30.712786 -87.477992,30.713277 -87.478293,30.713711 -87.479064,30.714208 -87.479513,30.714512 -87.479925,30.714929 -87.480535,30.715756 -87.480975,30.716125 -87.481266,30.716527 -87.481278,30.717002 -87.481899,30.717314 -87.482234,30.717191 -87.482578,30.716908 -87.483021,30.716117 -87.483205,30.715561 -87.483372,30.715391 -87.483623,30.71531 -87.483959,30.715397 -87.48423,30.715573 -87.484454,30.715653 -87.484623,30.715918 -87.484578,30.716257 -87.48446,30.716861 -87.484601,30.717078 -87.484909,30.71723 -87.485152,30.717285 -87.485469,30.717373 -87.485759,30.7175 -87.486292,30.717933 -87.486578,30.718182 -87.487054,30.718325 -87.487315,30.71838 -87.487623,30.718339 -87.487827,30.718137 -87.488104,30.717741 -87.48829,30.71758 -87.488402,30.717563 -87.488775,30.717642 -87.489056,30.718012 -87.489423,30.718662 -87.489788,30.718814 -87.490254,30.718973 -87.490534,30.719029 -87.490711,30.719012 -87.491102,30.718922 -87.491434,30.719025 -87.491612,30.719178 -87.491847,30.719724 -87.492093,30.720392 -87.49241,30.720455 -87.49268,30.720341 -87.492781,30.719914 -87.492966,30.719712 -87.493255,30.719719 -87.493564,30.719951 -87.494011,30.72003 -87.494476,30.719747 -87.494671,30.719657 -87.494821,30.719665 -87.495204,30.719873 -87.495754,30.719975 -87.496258,30.720118 -87.496828,30.720269 -87.49707,30.72026 -87.49734,30.720114 -87.497599,30.719855 -87.49786,30.719879 -87.498029,30.720031 -87.498105,30.720345 -87.498051,30.720683 -87.498183,30.720997 -87.498286,30.721061 -87.4985,30.720987 -87.498704,30.720818 -87.499039,30.720712 -87.499421,30.720726 -87.499998,30.72089 -87.500576,30.721148 -87.50088,30.721134 -87.501183,30.721093 -87.501502,30.721092 -87.501944,30.721274 -87.502431,30.721522 -87.502966,30.722123 -87.503059,30.72253 -87.503093,30.723304 -87.503278,30.723854 -87.503736,30.724207 -87.504314,30.724428 -87.505083,30.724635 -87.505707,30.724921 -87.505951,30.725064 -87.506028,30.7253 -87.505679,30.725472 -87.505164,30.72571 -87.505044,30.726 -87.505137,30.726288 -87.505442,30.72651 -87.506035,30.726665 -87.506674,30.726794 -87.507116,30.727094 -87.507361,30.727565 -87.507682,30.7278 -87.508214,30.727982 -87.508792,30.728085 -87.509022,30.728464 -87.508874,30.729279 -87.508959,30.729593 -87.509297,30.730156 -87.509451,30.730694 -87.509576,30.731205 -87.509896,30.7314 -87.51023,30.731504 -87.510596,30.731713 -87.510613,30.732067 -87.510478,30.732461 -87.51051,30.732789 -87.510633,30.732907 -87.511286,30.732996 -87.511622,30.733178 -87.511744,30.73344 -87.511928,30.733768 -87.512141,30.733701 -87.512549,30.733267 -87.513125,30.733146 -87.513612,30.733262 -87.514098,30.733221 -87.514553,30.733009 -87.514903,30.733152 -87.515042,30.73369 -87.515137,30.734306 -87.515403,30.73441 -87.515874,30.734382 -87.516253,30.73421 -87.516784,30.734169 -87.517393,30.734324 -87.517882,30.734965 -87.51816,30.735764 -87.518253,30.736079 -87.518603,30.736235 -87.519074,30.736272 -87.519379,30.736376 -87.519914,30.737109 -87.520296,30.737396 -87.520859,30.737538 -87.522363,30.737624 -87.52291,30.737687 -87.523185,30.737844 -87.523597,30.738288 -87.524131,30.738719 -87.524634,30.738887 -87.525227,30.739056 -87.525441,30.739212 -87.525534,30.739671 -87.525871,30.740221 -87.526146,30.740456 -87.526511,30.740533 -87.527422,30.740477 -87.528077,30.740632 -87.528626,30.741063 -87.529248,30.740916 -87.529977,30.740952 -87.530237,30.741266 -87.530163,30.741476 -87.529982,30.741766 -87.529575,30.742293 -87.529591,30.742581 -87.529866,30.74279 -87.530307,30.742933 -87.530688,30.743049 -87.531069,30.743271 -87.531601,30.743321 -87.532162,30.743096 -87.532557,30.743199 -87.532588,30.743278 -87.532514,30.743658 -87.532517,30.744157 -87.532642,30.744813 -87.532386,30.745207 -87.531629,30.745657 -87.531662,30.746063 -87.531982,30.746233 -87.53253,30.746467 -87.533003,30.746924 -87.53334,30.747434 -87.53348,30.747998 -87.533559,30.748457 -87.533925,30.748666 -87.534473,30.748965 -87.535114,30.749448 -87.53534,30.749999 -87.535224,30.750539 -87.535168,30.751132 -87.53522,30.75163 -87.535302,30.752094 -87.535294,30.75236 -87.535085,30.752378 -87.534787,30.752431 -87.534465,30.752673 -87.534426,30.752888 -87.534438,30.753215 -87.5343,30.753533 -87.534302,30.753868 -87.534525,30.754486 -87.534706,30.754881 -87.534985,30.754983 -87.535175,30.755137 -87.535236,30.755446 -87.535224,30.755927 -87.535206,30.756305 -87.53519,30.757019 -87.535402,30.757448 -87.535453,30.757774 -87.535285,30.758041 -87.535247,30.758222 -87.535308,30.758436 -87.535478,30.758625 -87.535589,30.758856 -87.535705,30.759234 -87.535649,30.759861 -87.53594,30.760247 -87.535982,30.760668 -87.535985,30.761192 -87.536285,30.761578 -87.536634,30.761662 -87.536834,30.761807 -87.536855,30.762082 -87.536884,30.762718 -87.537094,30.762967 -87.537893,30.763384 -87.538371,30.763546 -87.53875,30.763647 -87.539059,30.763801 -87.539499,30.764117 -87.539909,30.764562 -87.540281,30.765093 -87.540338,30.765488 -87.540348,30.76566 -87.5406,30.76608 -87.541221,30.766825 -87.541801,30.767407 -87.542162,30.76787 -87.542839,30.768838 -87.54312,30.769181 -87.54351,30.769566 -87.543881,30.770003 -87.544183,30.770526 -87.544296,30.771307 -87.544368,30.771616 -87.544717,30.771744 -87.545204,30.771682 -87.545647,30.771688 -87.545847,30.771756 -87.546047,30.772056 -87.546068,30.772211 -87.545951,30.772589 -87.545489,30.773648 -87.545222,30.77487 -87.545254,30.775222 -87.545177,30.775652 -87.544961,30.776143 -87.544972,30.776435 -87.545033,30.776675 -87.545971,30.777093 -87.545952,30.777239 -87.545644,30.777352 -87.545197,30.777483 -87.54485,30.777639 -87.544771,30.777871 -87.544789,30.778395 -87.545081,30.778953 -87.545432,30.779389 -87.545781,30.779551 -87.54625,30.77967 -87.546649,30.779797 -87.547009,30.780096 -87.54712,30.780474 -87.547212,30.780852 -87.547541,30.780979 -87.547759,30.780772 -87.547897,30.780599 -87.548077,30.780685 -87.548469,30.781319 -87.548718,30.781395 -87.548966,30.7813 -87.549512,30.780988 -87.549761,30.781013 -87.550285,30.781251 -87.550416,30.781517 -87.550568,30.781972 -87.550859,30.7824 -87.55118,30.782803 -87.551221,30.783086 -87.551143,30.783439 -87.550843,30.78399 -87.550736,30.784369 -87.551055,30.784565 -87.551474,30.784744 -87.551605,30.784992 -87.551398,30.785311 -87.551311,30.78569 -87.551471,30.78593 -87.55203,30.786194 -87.55226,30.78639 -87.55259,30.786647 -87.55298,30.786937 -87.55325,30.787117 -87.553548,30.787064 -87.553866,30.786994 -87.554165,30.786958 -87.554479,30.78712 -87.55459,30.787343 -87.554612,30.787618 -87.554852,30.787858 -87.555311,30.788088 -87.55572,30.788223 -87.556058,30.788239 -87.556358,30.788427 -87.556579,30.788675 -87.55673,30.789044 -87.55693,30.789112 -87.557298,30.789128 -87.557438,30.789256 -87.557271,30.789686 -87.557045,30.790143 -87.557165,30.790263 -87.557533,30.790252 -87.557951,30.79019 -87.5583,30.790326 -87.558649,30.790437 -87.559057,30.790375 -87.559208,30.790632 -87.558901,30.790968 -87.558932,30.791166 -87.559271,30.791268 -87.55972,30.791429 -87.559877,30.791858 -87.559998,30.792055 -87.560187,30.792157 -87.560457,30.792268 -87.560875,30.792301 -87.561154,30.792377 -87.560937,30.792696 -87.560939,30.792971 -87.560959,30.793091 -87.56116,30.793348 -87.56135,30.793553 -87.56177,30.793844 -87.561981,30.794126 -87.56224,30.794288 -87.562619,30.794356 -87.562631,30.794622 -87.562552,30.794863 -87.562722,30.794948 -87.562962,30.795128 -87.563014,30.795402 -87.563473,30.795598 -87.563673,30.795803 -87.563695,30.796138 -87.563875,30.796267 -87.564602,30.796444 -87.564994,30.796802 -87.565194,30.796821 -87.565417,30.796759 -87.565524,30.796809 -87.56563,30.796901 -87.565807,30.796991 -87.566304,30.797314 -87.566839,30.798055 -87.567051,30.798084 -87.567368,30.798022 -87.567628,30.798051 -87.567794,30.798345 -87.56809,30.798588 -87.568174,30.79875 -87.568045,30.798822 -87.567928,30.798975 -87.568011,30.799168 -87.567871,30.799341 -87.567872,30.799596 -87.568062,30.799819 -87.568252,30.800113 -87.568488,30.800162 -87.568795,30.800181 -87.569149,30.800332 -87.569374,30.800474 -87.569539,30.800493 -87.569702,30.800228 -87.569889,30.800024 -87.570066,30.800034 -87.57022,30.800145 -87.570351,30.800439 -87.570435,30.800581 -87.570588,30.80057 -87.570881,30.800294 -87.571174,30.80013 -87.571469,30.800139 -87.571752,30.800199 -87.571882,30.800371 -87.571884,30.800605 -87.571909,30.80093 -87.572075,30.801082 -87.572335,30.801142 -87.572607,30.801395 -87.572596,30.801548 -87.572374,30.801905 -87.57227,30.802119 -87.57233,30.802393 -87.572484,30.802535 -87.572708,30.802615 -87.573121,30.802715 -87.573499,30.802876 -87.574102,30.80327 -87.574281,30.803605 -87.574378,30.804062 -87.574593,30.804488 -87.574677,30.804721 -87.574537,30.805058 -87.574757,30.805331 -87.574971,30.805656 -87.575552,30.806314 -87.575812,30.806445 -87.576035,30.806403 -87.576224,30.806464 -87.57639,30.806575 -87.576675,30.806939 -87.576607,30.807448 -87.576504,30.807855 -87.576599,30.808119 -87.576943,30.808525 -87.577216,30.808778 -87.577488,30.808878 -87.577676,30.808837 -87.577853,30.808856 -87.578438,30.809159 -87.578604,30.809392 -87.578723,30.809625 -87.578795,30.809879 -87.57895,30.810092 -87.579377,30.810619 -87.579567,30.810892 -87.579756,30.810881 -87.580097,30.810758 -87.58025,30.810767 -87.580297,30.810859 -87.580263,30.810991 -87.580123,30.811185 -87.58017,30.811286 -87.580382,30.811265 -87.580759,30.811263 -87.580983,30.811303 -87.58109,30.811425 -87.581021,30.811669 -87.581022,30.811811 -87.581164,30.811953 -87.581542,30.812155 -87.581803,30.812316 -87.58191,30.81257 -87.582241,30.812741 -87.582559,30.81272 -87.58283,30.81279 -87.583195,30.812768 -87.583467,30.812807 -87.583556,30.812888 -87.583557,30.813183 -87.583641,30.813427 -87.583854,30.813487 -87.584077,30.813343 -87.584194,30.81319 -87.584335,30.81319 -87.584548,30.813331 -87.584749,30.813544 -87.585069,30.813725 -87.58521,30.813714 -87.585409,30.813551 -87.585621,30.81355 -87.585775,30.81361 -87.586118,30.813822 -87.586471,30.813821 -87.586719,30.813941 -87.586862,30.814144 -87.586864,30.814459 -87.586935,30.814561 -87.587123,30.814428 -87.587288,30.814417 -87.587277,30.814641 -87.587233,30.815017 -87.587281,30.8152 -87.587529,30.815239 -87.587669,30.815086 -87.587798,30.814913 -87.587939,30.814922 -87.588081,30.815044 -87.588246,30.815084 -87.588506,30.815093 -87.5888,30.815122 -87.589284,30.815221 -87.58965,30.815433 -87.590065,30.815787 -87.590195,30.815919 -87.590395,30.815857 -87.590548,30.815734 -87.590844,30.815997 -87.591021,30.816047 -87.591351,30.816015 -87.591657,30.815953 -87.591893,30.816013 -87.59207,30.816093 -87.592317,30.816092 -87.592517,30.815969 -87.592729,30.815999 -87.592979,30.816404 -87.593074,30.816506 -87.593191,30.816475 -87.593332,30.816382 -87.593498,30.816433 -87.593593,30.816686 -87.593642,30.81694 -87.593736,30.81696 -87.593925,30.816909 -87.594207,30.816928 -87.594345,30.817013 -87.594364,30.817076 -87.594309,30.817157 -87.594177,30.817245 -87.594067,30.817357 -87.594142,30.817501 -87.594624,30.817562 -87.595124,30.81764 -87.595661,30.81767 -87.595868,30.818196 -87.596053,30.818275 -87.596275,30.818162 -87.596534,30.818193 -87.596923,30.818303 -87.597517,30.818619 -87.597889,30.818905 -87.598281,30.819351 -87.598653,30.819748 -87.59923,30.820225 -87.599657,30.820463 -87.600102,30.820508 -87.60053,30.820922 -87.600792,30.821288 -87.60085,30.821751 -87.601041,30.822724 -87.601231,30.823506 -87.601347,30.824304 -87.601407,30.825071 -87.601502,30.825342 -87.60165,30.825389 -87.602187,30.825467 -87.60217,30.825626 -87.602042,30.825851 -87.602043,30.826058 -87.602118,30.826234 -87.602267,30.826329 -87.602693,30.826423 -87.603046,30.826565 -87.603152,30.82676 -87.603153,30.826796 -87.603001,30.827024 -87.602781,30.827253 -87.602883,30.827906 -87.603037,30.828097 -87.603047,30.828354 -87.603092,30.828713 -87.603094,30.828949 -87.602907,30.828986 -87.602848,30.829163 -87.602935,30.829375 -87.603115,30.829668 -87.60349,30.83022 -87.603841,30.830716 -87.604108,30.83117 -87.604314,30.831419 -87.604552,30.831403 -87.604721,30.83113 -87.604866,30.831152 -87.605037,30.831327 -87.605284,30.831385 -87.605394,30.831186 -87.605486,30.83095 -87.605562,30.830898 -87.605708,30.831052 -87.605896,30.831176 -87.60616,30.831204 -87.606373,30.831203 -87.606645,30.831246 -87.606817,30.831414 -87.607047,30.831567 -87.607457,30.831771 -87.608324,30.832171 -87.60853,30.83242 -87.608667,30.83264 -87.609026,30.832734 -87.609367,30.832813 -87.609724,30.832796 -87.609902,30.832649 -87.610105,30.832501 -87.610395,30.832507 -87.610582,30.832557 -87.610754,30.832711 -87.611225,30.833267 -87.611405,30.833413 -87.611584,30.833471 -87.611754,30.833404 -87.611907,30.833286 -87.612043,30.833307 -87.612312,30.833394 -87.612824,30.833627 -87.613721,30.834078 -87.61396,30.834157 -87.614206,30.834105 -87.614462,30.834104 -87.614658,30.834184 -87.614761,30.834286 -87.614862,30.834212 -87.615058,30.834138 -87.615245,30.83421 -87.615383,30.834489 -87.61559,30.834811 -87.61571,30.835031 -87.615669,30.835259 -87.615423,30.835311 -87.615159,30.835283 -87.615049,30.835489 -87.61511,30.835702 -87.61524,30.835988 -87.615241,30.836135 -87.615053,30.83615 -87.614948,30.836232 -87.61494,30.83643 -87.615138,30.836738 -87.615507,30.837236 -87.615474,30.83739 -87.615373,30.837559 -87.615493,30.837721 -87.615613,30.837808 -87.61586,30.837873 -87.616082,30.837901 -87.61621,30.838033 -87.616271,30.838143 -87.616238,30.838341 -87.616155,30.838709 -87.616178,30.838871 -87.61634,30.839039 -87.61688,30.839506 -87.617136,30.839674 -87.617171,30.839836 -87.616986,30.840197 -87.617072,30.840328 -87.617414,30.840474 -87.617925,30.840596 -87.618088,30.840779 -87.618192,30.840947 -87.618371,30.841005 -87.618601,30.841019 -87.618823,30.841106 -87.618952,30.841282 -87.618902,30.841502 -87.618924,30.841664 -87.6189,30.841899 -87.619003,30.841957 -87.619164,30.841949 -87.619232,30.841831 -87.619299,30.841633 -87.619555,30.841778 -87.619845,30.841858 -87.620092,30.841864 -87.620237,30.8419 -87.620401,30.842259 -87.620649,30.842398 -87.620991,30.842609 -87.621196,30.842792 -87.621163,30.84288 -87.62101,30.84305 -87.621019,30.843116 -87.621139,30.843189 -87.621344,30.843217 -87.621684,30.843208 -87.622146,30.843595 -87.622455,30.843844 -87.622397,30.844138 -87.62244,30.844306 -87.622535,30.844387 -87.622646,30.844416 -87.622816,30.844415 -87.62291,30.844495 -87.622971,30.844693 -87.623211,30.845001 -87.623341,30.84536 -87.62377,30.845762 -87.623898,30.845805 -87.624127,30.845723 -87.624305,30.845693 -87.624425,30.845781 -87.624614,30.846052 -87.624836,30.846161 -87.625006,30.846096 -87.62534,30.845945 -87.625456,30.846053 -87.625467,30.846207 -87.625604,30.846378 -87.625919,30.846458 -87.626224,30.846664 -87.626225,30.846763 -87.626153,30.847017 -87.626196,30.847143 -87.626416,30.847178 -87.626679,30.847304 -87.626976,30.847826 -87.627056,30.848088 -87.627067,30.848251 -87.626922,30.848459 -87.626923,30.84864 -87.627072,30.848928 -87.627084,30.849136 -87.627023,30.849561 -87.626909,30.849625 -87.62672,30.849599 -87.626522,30.849708 -87.626377,30.849935 -87.6264,30.85026 -87.626401,30.850522 -87.626298,30.850767 -87.625975,30.85103 -87.625994,30.851482 -87.625955,30.852016 -87.625918,30.852694 -87.625783,30.852839 -87.625532,30.85293 -87.625397,30.853094 -87.625492,30.853283 -87.625473,30.853581 -87.625192,30.853899 -87.62509,30.854234 -87.625072,30.854659 -87.625225,30.85483 -87.625476,30.854847 -87.625665,30.854873 -87.625949,30.855133 -87.62595,30.855242 -87.625815,30.855441 -87.625712,30.855713 -87.625724,30.855957 -87.625904,30.856227 -87.626011,30.856516 -87.626002,30.856832 -87.626006,30.857438 -87.626238,30.857662 -87.62672,30.857723 -87.626816,30.857931 -87.626818,30.858184 -87.626935,30.858481 -87.627136,30.858869 -87.627202,30.85923 -87.627634,30.859671 -87.627792,30.859869 -87.627783,30.860077 -87.627868,30.860185 -87.628119,30.860166 -87.62837,30.860038 -87.628621,30.860082 -87.628685,30.860253 -87.628802,30.86047 -87.628991,30.860595 -87.629612,30.861044 -87.630066,30.861449 -87.630267,30.8618 -87.630426,30.86217 -87.63072,30.862268 -87.631045,30.862284 -87.631369,30.862138 -87.631558,30.862182 -87.63155,30.862517 -87.631447,30.862906 -87.631501,30.863114 -87.63171,30.863058 -87.631878,30.863076 -87.631942,30.863193 -87.631807,30.863437 -87.63183,30.863681 -87.631956,30.863726 -87.632176,30.86377 -87.632261,30.863914 -87.632283,30.864185 -87.632463,30.864392 -87.632925,30.864607 -87.633617,30.864649 -87.633754,30.864793 -87.63363,30.864974 -87.633652,30.865146 -87.633914,30.865262 -87.634544,30.865421 -87.634744,30.86561 -87.634725,30.865809 -87.634768,30.866071 -87.634836,30.866107 -87.634896,30.866261 -87.634851,30.866536 -87.634788,30.866707 -87.634558,30.866971 -87.634322,30.867422 -87.634232,30.867658 -87.634092,30.867812 -87.633875,30.868131 -87.633728,30.868274 -87.63339,30.868444 -87.633071,30.868802 -87.633026,30.868989 -87.633103,30.869159 -87.633135,30.869357 -87.63309,30.869484 -87.632892,30.869896 -87.632917,30.87109 -87.632872,30.871205 -87.632757,30.87126 -87.632547,30.871293 -87.632394,30.871392 -87.632387,30.871678 -87.632317,30.871772 -87.632196,30.871794 -87.632062,30.871876 -87.631845,30.872151 -87.631686,30.872327 -87.631992,30.872349 -87.632017,30.872393 -87.632017,30.872591 -87.631896,30.872833 -87.631704,30.873003 -87.631455,30.873311 -87.631226,30.873812 -87.631162,30.874312 -87.631002,30.874554 -87.631002,30.874824 -87.630783,30.875184 -87.630662,30.875432 -87.630534,30.875541 -87.630458,30.875877 -87.630387,30.875987 -87.630183,30.876212 -87.630151,30.876416 -87.630061,30.877334 -87.629946,30.877626 -87.629595,30.878192 -87.62957,30.878258 -87.629659,30.878478 -87.629582,30.878627 -87.629474,30.878671 -87.629461,30.878742 -87.629595,30.878907 -87.629576,30.879215 -87.629614,30.879342 -87.629416,30.879562 -87.629435,30.879771 -87.629422,30.879853 -87.629326,30.879941 -87.629103,30.880425 -87.628924,30.880464 -87.628822,30.880513 -87.62828,30.880683 -87.628146,30.880799 -87.62798,30.880997 -87.627521,30.881618 -87.626959,30.881783 -87.626589,30.882091 -87.626391,30.882327 -87.626219,30.882575 -87.626098,30.882833 -87.626046,30.882981 -87.625982,30.883311 -87.625893,30.88341 -87.625504,30.883784 -87.625313,30.883828 -87.625,30.883773 -87.624732,30.883778 -87.62454,30.883816 -87.624349,30.883959 -87.624254,30.884091 -87.624292,30.884174 -87.624573,30.884174 -87.6247,30.884234 -87.624675,30.884372 -87.624484,30.884482 -87.624324,30.884537 -87.623648,30.884592 -87.623431,30.884592 -87.62317,30.884675 -87.622947,30.88484 -87.622819,30.884895 -87.622437,30.884868 -87.622277,30.884895 -87.622156,30.885033 -87.622156,30.88522 -87.621965,30.885451 -87.621544,30.885479 -87.621455,30.885534 -87.621296,30.885831 -87.621162,30.885858 -87.62113,30.886084 -87.621041,30.886249 -87.621105,30.886551 -87.620913,30.886634 -87.620939,30.886717 -87.621073,30.886876 -87.621041,30.886959 -87.620914,30.887014 -87.620531,30.887041 -87.62034,30.887272 -87.62027,30.887404 -87.620397,30.887569 -87.620397,30.887597 -87.620596,30.887669 -87.620653,30.887817 -87.620372,30.888064 -87.62034,30.888064 -87.62034,30.888262 -87.620532,30.888647 -87.620558,30.888972 -87.62043,30.889473 -87.620431,30.890006 -87.620718,30.89066 -87.62075,30.89066 -87.621203,30.891408 -87.621229,30.891986 -87.621293,30.892173 -87.621523,30.892261 -87.621746,30.892481 -87.622028,30.893614 -87.622002,30.893993 -87.622034,30.894246 -87.622245,30.894604 -87.622213,30.894824 -87.621894,30.895104 -87.621646,30.895132 -87.621333,30.895072 -87.62111,30.895099 -87.620919,30.89527 -87.620881,30.895462 -87.620919,30.895737 -87.621072,30.895902 -87.621232,30.896034 -87.621232,30.896183 -87.621327,30.896315 -87.621647,30.89654 -87.621863,30.896567 -87.622023,30.896567 -87.622125,30.896617 -87.622125,30.896754 -87.621832,30.896952 -87.621743,30.89709 -87.621806,30.8972 -87.621864,30.897557 -87.621807,30.897723 -87.621073,30.898047 -87.621042,30.898196 -87.620882,30.898328 -87.620621,30.898383 -87.620372,30.898658 -87.620347,30.898658 -87.620156,30.899071 -87.619926,30.899274 -87.619767,30.899275 -87.619224,30.899077 -87.618976,30.899104 -87.618842,30.899187 -87.618753,30.899484 -87.618593,30.89988 -87.618459,30.899957 -87.618243,30.899957 -87.617892,30.89988 -87.61779,30.899908 -87.61735,30.900095 -87.617318,30.900095 -87.616706,30.900651 -87.616323,30.900948 -87.615972,30.901284 -87.615686,30.901641 -87.615456,30.902082 -87.615272,30.90278 -87.615272,30.903105 -87.615342,30.903545 -87.615272,30.903682 -87.614762,30.903853 -87.614411,30.904134 -87.614379,30.904315 -87.614411,30.904458 -87.614609,30.904568 -87.614699,30.904854 -87.615113,30.905008 -87.615241,30.905167 -87.615241,30.905206 -87.615152,30.905475 -87.615018,30.905641 -87.614699,30.905839 -87.614674,30.905839 -87.61438,30.906163 -87.614317,30.906559 -87.614349,30.906917 -87.6141,30.907187 -87.614068,30.907187 -87.613877,30.90744 -87.613839,30.907467 -87.613839,30.90766 -87.614126,30.90799 -87.614101,30.908259 -87.613999,30.908485 -87.613967,30.908485 -87.613718,30.908705 -87.613266,30.909068 -87.612953,30.909448 -87.612756,30.90997 -87.612565,30.910196 -87.612565,30.910223 -87.612342,30.910609 -87.612284,30.910944 -87.612285,30.912924 -87.612222,30.91337 -87.612062,30.9137 -87.611712,30.914002 -87.611521,30.914553 -87.611387,30.914833 -87.610947,30.915114 -87.610908,30.915114 -87.610749,30.91535 -87.610685,30.915416 -87.610628,30.915769 -87.610558,30.916044 -87.610175,30.916291 -87.609952,30.916517 -87.609895,30.916737 -87.609927,30.917122 -87.609768,30.917672 -87.609602,30.91809 -87.609092,30.919168 -87.608659,30.919521 -87.608429,30.919763 -87.608276,30.920126 -87.608302,30.920736 -87.607639,30.921732 -87.607735,30.922222 -87.607697,30.92248 -87.607499,30.922953 -87.607506,30.923294 -87.607436,30.92391 -87.607245,30.924708 -87.607053,30.925121 -87.606964,30.925231 -87.606613,30.925258 -87.606352,30.925621 -87.605823,30.926606 -87.605791,30.926804 -87.605823,30.927024 -87.605759,30.927222 -87.60553,30.92736 -87.605338,30.927574 -87.605307,30.927855 -87.605249,30.92802 -87.605058,30.928124 -87.604898,30.928356 -87.604867,30.92868 -87.604899,30.928878 -87.604739,30.929038 -87.604516,30.929175 -87.604388,30.929456 -87.604223,30.929978 -87.603872,30.930534 -87.603681,30.930617 -87.603521,30.930831 -87.603521,30.931112 -87.603464,30.931194 -87.603273,30.931332 -87.602986,30.931436 -87.60282,30.931601 -87.602788,30.931799 -87.602954,30.932069 -87.603082,30.932349 -87.603114,30.932564 -87.603082,30.932564 -87.602789,30.93312 -87.602087,30.934423 -87.601998,30.934753 -87.601807,30.934946 -87.601711,30.935084 -87.601769,30.935331 -87.601769,30.935579 -87.601679,30.935749 -87.601328,30.935859 -87.601194,30.935969 -87.600946,30.936376 -87.600716,30.936657 -87.599702,30.937818 -87.599351,30.93795 -87.598458,30.938038 -87.598228,30.938203 -87.598196,30.938203 -87.598005,30.93839 -87.598005,30.938528 -87.597916,30.938968 -87.597756,30.939304 -87.597335,30.939881 -87.596863,30.940574 -87.596704,30.941014 -87.596481,30.94151 -87.596168,30.941812 -87.596009,30.941983 -87.595811,30.942428 -87.595818,30.942483 -87.595741,30.94278 -87.595467,30.943358 -87.595014,30.944634 -87.594887,30.945371 -87.594887,30.945707 -87.594849,30.945734 -87.5946,30.946125 -87.594466,30.946477 -87.594447,30.946834 -87.594383,30.946972 -87.594064,30.947605 -87.593905,30.94805 -87.593905,30.948353 -87.593803,30.948688 -87.593803,30.949128 -87.593893,30.949453 -87.594116,30.949651 -87.594186,30.949733 -87.594186,30.949871 -87.593836,30.950129 -87.593517,30.950316 -87.593293,30.950613 -87.593038,30.950922 -87.592662,30.951164 -87.591985,30.951197 -87.591736,30.951362 -87.591609,30.95167 -87.591666,30.951939 -87.591858,30.952297 -87.591826,30.95255 -87.591418,30.952798 -87.591092,30.953133 -87.590933,30.953513 -87.590933,30.953821 -87.591093,30.954343 -87.591355,30.955036 -87.591387,30.955718 -87.591355,30.956406 -87.591317,30.956659 -87.591189,30.957126 -87.590896,30.957462 -87.590513,30.957842 -87.590424,30.958122 -87.590073,30.958557 -87.589881,30.958892 -87.58992,30.959228 -87.589952,30.95931 -87.590041,30.959723 -87.589945,30.959888 -87.589952,30.959965 -87.589729,30.960158 -87.589633,30.960438 -87.589531,30.960774 -87.589403,30.960933 -87.589122,30.961126 -87.588957,30.961351 -87.589027,30.961648 -87.589148,30.961929 -87.589059,30.962264 -87.5889,30.962726 -87.588887,30.963282 -87.588677,30.963837 -87.58867,30.964162 -87.588887,30.964519 -87.58883,30.964943 -87.588798,30.965273 -87.588862,30.96579 -87.589054,30.966263 -87.589054,30.966285 -87.589309,30.966626 -87.589692,30.966923 -87.589973,30.967275 -87.590044,30.967556 -87.590363,30.967968 -87.590452,30.968435 -87.590452,30.968578 -87.590612,30.969068 -87.590906,30.969662 -87.591187,30.969937 -87.591538,30.970091 -87.591666,30.970179 -87.59173,30.970426 -87.591774,30.970542 -87.591883,30.97074 -87.591934,30.970949 -87.591934,30.97129 -87.592081,30.97184 -87.59233,30.972329 -87.59265,30.972659 -87.592682,30.972874 -87.592458,30.973352 -87.59249,30.97393 -87.59265,30.974122 -87.592944,30.974672 -87.592944,30.975112 -87.593002,30.975365 -87.593231,30.975475 -87.593512,30.975668 -87.593538,30.975959 -87.593481,30.976075 -87.593315,30.976273 -87.593193,30.976498 -87.593264,30.976751 -87.593513,30.976993 -87.593551,30.977103 -87.593481,30.97751 -87.5932,30.977741 -87.592849,30.978182 -87.592849,30.978369 -87.592779,30.978561 -87.59246,30.979062 -87.592531,30.979392 -87.592499,30.979579 -87.592339,30.979755 -87.592237,30.979942 -87.592301,30.980184 -87.592499,30.980277 -87.592939,30.980305 -87.593131,30.980464 -87.593201,30.980794 -87.593106,30.981108 -87.59285,30.981377 -87.59285,30.981636 -87.592972,30.982103 -87.593068,30.982433 -87.593132,30.983038 -87.593285,30.983396 -87.593605,30.983951 -87.593764,30.98405 -87.594435,30.984226 -87.594818,30.984556 -87.595105,30.984968 -87.595048,30.985161 -87.594697,30.985464 -87.594729,30.985794 -87.595112,30.986124 -87.595138,30.986118 -87.595521,30.986316 -87.595648,30.98664 -87.59591,30.986783 -87.596229,30.986783 -87.596504,30.987229 -87.596543,30.988472 -87.596664,30.988714 -87.596767,30.988824 -87.596792,30.989104 -87.596735,30.989434 -87.596473,30.989731 -87.596384,30.989924 -87.596703,30.990644 -87.597144,30.990782 -87.597176,30.990782 -87.597336,30.991002 -87.597438,30.991277 -87.597598,30.991612 -87.597687,30.992135 -87.597758,30.992432 -87.598166,30.992993 -87.598198,30.992993 -87.598109,30.99335 -87.598135,30.993675 -87.598237,30.994291 -87.59871,30.995028 -87.598589,30.995413 -87.598621,30.995633 -87.598998,30.996298 -87.598991,30.996551 -87.598838,30.996766 -87.598647,30.996821 -87.598621,30.997074 -87.598711,30.997239 -87.598839,30.997398 -87.598829,30.997455 -87.596084,30.997474 -87.593082,30.997482 -87.585889,30.997619 -87.585516,30.997627 -87.581094,30.997606 -87.570772,30.997546 -87.569063,30.997544 -87.568412,30.99754 -87.566428,30.997535 -87.564747,30.997536 -87.562943,30.997551 -87.560478,30.99758 -87.559294,30.997596 -87.557515,30.997609 -87.556664,30.997612 -87.555698,30.997588 -87.554862,30.997582 -87.55244,30.997613 -87.551254,30.997607 -87.550954,30.997599 -87.550396,30.997567 -87.549734,30.997546 -87.54887,30.99751 -87.548713,30.997518 -87.54856,30.99757 -87.548391,30.997671 -87.54806,30.997922 -87.548043,30.997917 -87.542694,30.997858 -87.533668,30.997748 -87.530806,30.997718 -87.527102,30.997674 -87.520143,30.997592 -87.517752,30.997594 -87.515565,30.997585 -87.514945,30.997543 -87.513409,30.997593 -87.513229,30.997613 -87.505192,30.997648 -87.499981,30.997672 -87.498512,30.997936 -87.496516,30.997947 -87.490009,30.99798 -87.488439,30.997997 -87.487622,30.998019 -87.485173,30.998072 -87.483773,30.998107 -87.482715,30.998139 -87.479628,30.997958 -87.479456,30.997892 -87.479166,30.997879 -87.47787,30.997873 -87.477193,30.997862 -87.476081,30.997867 -87.472692,30.997871 -87.471678,30.997863 -87.469812,30.997861 -87.467478,30.997865 -87.467128,30.997833 -87.467095,30.99794 -87.467027,30.997974 -87.466094,30.997992 -87.465503,30.997986 -87.465256,30.998027 -87.464684,30.997906 -87.462603,30.997903 -87.461843,30.997897 -87.461588,30.997947 -87.459758,30.997983 -87.459184,30.998133 -87.458925,30.998063 -87.458681,30.997934 -87.458509,30.997946 -87.458384,30.997915 -87.458109,30.997894 -87.455683,30.997871 -87.454806,30.997865 -87.453489,30.997851 -87.451665,30.99784 -87.450799,30.997842 -87.449612,30.997837 -87.446901,30.997864 -87.446531,30.997873 -87.444599,30.997894 -87.441443,30.997877 -87.435336,30.997848 -87.433741,30.997807 -87.432026,30.997755 -87.431343,30.997743 -87.430119,30.997745 -87.426423,30.997738 -87.425616,30.997741 -87.415074,30.998066 -87.407892,30.998047 -87.404476,30.99804 -87.400377,30.998033 -87.397921,30.998027 -87.391873,30.998014 -87.387509,30.998005 -87.380801,30.997987 -87.37496,30.997972 -87.373052,30.998136 -87.370631,30.998342 -87.370472,30.998343 -87.367832,30.997894 -87.367707,30.997882 -87.36729,30.997879 -87.366859,30.997897 -87.366153,30.997911 -87.365438,30.997896 -87.364667,30.997885 -87.364117,30.997861 -87.363884,30.997896 -87.363721,30.997861 -87.362881,30.997854 -87.362372,30.99784 -87.361174,30.997832 -87.360607,30.997836 -87.359356,30.99786 -87.358316,30.997856 -87.35721,30.997861 -87.35557,30.997859 -87.355451,30.997865 -87.350782,30.998168 -87.347894,30.99827 -87.344483,30.99827 -87.343965,30.998271 -87.33832,30.998272 -87.334078,30.997855 -87.333983,30.99786 -87.33305,30.99785 -87.332102,30.997848 -87.33157,30.997843 -87.329485,30.997842 -87.329097,30.997852 -87.327114,30.997845 -87.326691,30.997838 -87.325677,30.997843 -87.323839,30.997834 -87.321065,30.997839 -87.319601,30.997836 -87.318142,30.997839 -87.317257,30.997845 -87.317095,30.997833 -87.316747,30.997849 -87.315831,30.997847 -87.314928,30.997852 -87.314116,30.99784 -87.312665,30.997835 -87.312522,30.997863 -87.312355,30.997943 -87.312264,30.998038 -87.311949,30.998435 -87.309053,30.998339 -87.30403,30.998191 -87.303987,30.998251 -87.303663,30.998321 -87.301528,30.998438 -87.297721,30.9984 -87.295714,30.998389 -87.290995,30.998352 -87.2892,30.998344 -87.284731,30.998339 -87.276274,30.998302 -87.266659,30.997767 -87.266486,30.997757 -87.265715,30.99779 -87.264823,30.997806 -87.262964,30.9978 -87.26116,30.997802 -87.260824,30.997795 -87.260005,30.997808 -87.259808,30.997828 -87.258075,30.997845 -87.257139,30.997863 -87.257031,30.997851 -87.255541,30.997906 -87.255203,30.997927 -87.252402,30.997936 -87.251778,30.997913 -87.249973,30.997758 -87.241558,30.996725 -87.240415,30.996636 -87.240076,30.996597 -87.239419,30.996553 -87.238113,30.996428 -87.237685,30.996393 -87.237163,30.996415 -87.22974,30.996802 -87.227179,30.996981 -87.224746,30.997168 -87.224414,30.997178 -87.218179,30.997396 -87.211838,30.997614 -87.206235,30.997807 -87.205497,30.997833 -87.200132,30.998017 -87.193398,30.998252 -87.188003,30.99839 -87.18326,30.998514 -87.175509,30.998722 -87.174802,30.998742 -87.174056,30.998757 -87.170473,30.99885 -87.165458,30.998988 -87.164661,30.999002 -87.162798,30.999053 -87.160789,30.999106 -87.14937,30.999348 -87.140755,30.999532 -87.13559,30.999284 -87.126993,30.998872 -87.124969,30.998803 -87.118873,30.999427 -87.11647,30.999413 -87.115073,30.999403 -87.1054,30.999349 -87.096912,30.999304 -87.089619,30.99926 -87.08559,30.999242 -87.08097,30.999207 -87.076108,30.999184 -87.070993,30.999155 -87.068633,30.999143 -87.068507,30.999099 -87.067602,30.999305 -87.067043,30.999397 -87.066884,30.999374 -87.064063,30.999191 -87.055046,30.9991 -87.053525,30.999134 -87.053173,30.999215 -87.052584,30.99923 -87.051662,30.999213 -87.050661,30.999213 -87.049819,30.999207 -87.04883,30.999211 -87.048324,30.999204 -87.047027,30.999207 -87.045841,30.999205 -87.044408,30.999197 -87.043745,30.999197 -87.042791,30.999185 -87.042157,30.999194 -87.041657,30.99921 -87.041344,30.999256 -87.040764,30.999394 -87.040229,30.999547 -87.036465,30.999259 -87.035302,30.99919 -87.030748,30.999172 -87.029087,30.99917 -87.028159,30.999151 -87.027395,30.999155 -87.026946,30.999164 -87.024436,30.999361 -87.023889,30.999375 -87.019858,30.99936 -87.013467,30.999339 -87.009743,30.999324 -87.007263,30.99932 -87.004339,30.999317 -86.999965,30.998996 -86.998477,30.998661 -86.987145,30.998509 -86.982097,30.998438 -86.979944,30.99841 -86.971116,30.998292 -86.965926,30.998222 -86.965687,30.998216 -86.960449,30.998144 -86.953692,30.998053 -86.953062,30.998045 -86.944464,30.997928 -86.937913,30.997842 -86.932159,30.997762 -86.92781,30.997704 -86.925578,30.997675 -86.919621,30.997683 -86.915753,30.997687 -86.911106,30.997641 -86.905227,30.997574 -86.903778,30.997554 -86.899322,30.997687 -86.89915,30.997696 -86.890722,30.997746 -86.888711,30.997757 -86.887188,30.997692 -86.886127,30.99766 -86.885897,30.997621 -86.884016,30.997688 -86.881979,30.997638 -86.881317,30.997643 -86.880137,30.997614 -86.879623,30.997619 -86.87928,30.997605 -86.874565,30.9976 -86.8672,30.997593 -86.866705,30.997593 -86.862772,30.99757 -86.854768,30.997526 -86.849216,30.997493 -86.840561,30.997444 -86.838393,30.997432 -86.831933,30.997378 -86.830497,30.997401 -86.827468,30.99737 -86.819027,30.997285 -86.810216,30.997198 -86.808768,30.997182 -86.801067,30.997116 -86.79648,30.997076 -86.793833,30.997052 -86.788291,30.996999 -86.785692,30.99698 -86.778109,30.99691 -86.772435,30.996859 -86.76417,30.996791 -86.755267,30.996709 -86.749957,30.996397 -86.74524,30.99629 -86.744978,30.996391 -86.741136,30.996436 -86.739732,30.996557 -86.737481,30.996769 -86.736751,30.996556 -86.732746,30.996418 -86.729606,30.996575 -86.728234,30.996256 -86.728221,30.996243 -86.727143,30.996511 -86.727069,30.996525 -86.7264,30.996542 -86.725542,30.996502 -86.725501,30.996513 -86.724406,30.996551 -86.723585,30.996569 -86.722857,30.996479 -86.720142,30.996333 -86.718422,30.99596 -86.718302,30.995938 -86.714625,30.995731 -86.712987,30.99568 -86.711271,30.995259 -86.70819,30.995052 -86.707665,30.995029 -86.7067,30.994951 -86.706259,30.994703 -86.705611,30.994487 -86.704483,30.994668 -86.701401,30.994637 -86.696822,30.994592 -86.688317,30.994507 -86.684874,30.994564 -86.67762,30.994685 -86.675541,30.99469 -86.671837,30.994682 -86.669968,30.994695 -86.666471,30.994697 -86.66619,30.994687 -86.665147,30.994672 -86.653184,30.994615 -86.651192,30.994875 -86.648532,30.994664 -86.648401,30.994664 -86.64223,30.994732 -86.639345,30.99477 -86.635027,30.994873 -86.633435,30.994915 -86.627755,30.994857 -86.625004,30.99487 -86.622889,30.994917 -86.615973,30.994933 -86.608184,30.994932 -86.602386,30.994938 -86.597925,30.994943 -86.594204,30.994896 -86.591568,30.994952 -86.588906,30.994953 -86.580467,30.994965 -86.574256,30.994974 -86.567921,30.995099 -86.567574,30.995109 -86.565532,30.994967 -86.564101,30.995063 -86.563436,30.995223 -86.55517,30.99485 -86.54908,30.99457 -86.542384,30.994265 -86.535651,30.993944 -86.53563,30.993953 -86.528999,30.993647 -86.524672,30.993456 -86.524587,30.993441 -86.520196,30.993258 -86.520147,30.993402 -86.520071,30.993486 -86.513251,30.993677 -86.512843,30.993703 -86.509294,30.993603 -86.500016,30.993342 -86.49995,30.993339 -86.493512,30.993472 -86.485098,30.993647 -86.483344,30.993685 -86.475686,30.993677 -86.474505,30.993702 -86.466408,30.993912 -86.460732,30.99398 -86.458319,30.993998 -86.458143,30.99395 -86.455496,30.993937 -86.455164,30.993938 -86.454991,30.993972 -86.454947,30.99388 -86.454704,30.993791 -86.445739,30.993896 -86.438497,30.993955 -86.42598,30.994061 -86.422282,30.994091 -86.414304,30.99407 -86.407068,30.994329 -86.405144,30.994404 -86.405098,30.994419 -86.403187,30.994439 -86.402488,30.994431 -86.40079,30.994395 -86.398943,30.994393 -86.398666,30.994403 -86.395745,30.994411 -86.393764,30.994429 -86.391973,30.994426 -86.388646,30.994181 -86.37907,30.994291 -86.374272,30.994476 -86.373207,30.994482 -86.372574,30.994478 -86.372029,30.994483 -86.370899,30.99451 -86.369839,30.99452 -86.369397,30.994532 -86.368121,30.994517 -86.367523,30.994531 -86.365474,30.994553 -86.36505,30.994543 -86.364766,30.994451 -86.356561,30.994419 -86.348829,30.994385 -86.34253,30.994367 -86.339384,30.994335 -86.335152,30.994297 -86.334042,30.994302 -86.331968,30.994284 -86.331119,30.99426 -86.330816,30.994257 -86.322546,30.994215 -86.317445,30.99419 -86.31561,30.99403 -86.309267,30.993998 -86.305234,30.994026 -86.304863,30.993967 -86.304444,30.993917 -86.304275,30.993907 -86.30359,30.993905 -86.303164,30.993891 -86.302314,30.993848 -86.300789,30.993827 -86.29994,30.993819 -86.299091,30.993789 -86.298239,30.993782 -86.296459,30.99375 -86.295641,30.993749 -86.294329,30.993734 -86.292774,30.993725 -86.291946,30.993724 -86.291096,30.993706 -86.290157,30.993694 -86.289644,30.993694 -86.288849,30.993702 -86.274805,30.993805 -86.271193,30.993811 -86.26794,30.993815 -86.260271,30.993825 -86.257941,30.993856 -86.256359,30.993857 -86.249944,30.994133 -86.238335,30.99437 -86.228091,30.994134 -86.227287,30.994115 -86.221377,30.9941 -86.214607,30.994084 -86.206154,30.99407 -86.200433,30.994048 -86.190867,30.994028 -86.180818,30.994008 -86.180586,30.993926 -86.18042,30.993887 -86.180083,30.993844 -86.179145,30.993789 -86.17889,30.993784 -86.176168,30.99369 -86.175574,30.993659 -86.175236,30.99367 -86.175067,30.993695 -86.174655,30.993788 -86.173315,30.993768 -86.171914,30.993761 -86.170763,30.993802 -86.170318,30.993724 -86.169321,30.993558 -86.168403,30.993559 -86.166647,30.993585 -86.166054,30.993589 -86.165471,30.993604 -86.165303,30.9936 -86.164881,30.993642 -86.163983,30.993688 -86.162997,30.993684 -86.162958,30.993678 -86.158153,30.99356 -86.145476,30.993438 -86.132604,30.993314 -86.130653,30.993386 -86.124941,30.993117 -86.12154,30.992884 -86.121371,30.992886 -86.117117,30.99291 -86.112435,30.992912 -86.102386,30.992902 -86.091521,30.992894 -86.085599,30.992886 -86.078489,30.992881 -86.071364,30.992871 -86.063795,30.992862 -86.063028,30.992871 -86.062424,30.99286 -86.061376,30.992859 -86.060974,30.992881 -86.059479,30.993011 -86.056255,30.993392 -86.054787,30.993395 -86.054275,30.993401 -86.053506,30.993393 -86.052581,30.993346 -86.052345,30.993349 -86.036667,30.993329 -86.032296,30.993306 -86.024212,30.99327 -86.016339,30.993223 -86.007057,30.993185 -86.006414,30.993188 -85.999937,30.993134 -85.998611,30.99287 -85.99729,30.992877 -85.986878,30.992942 -85.985981,30.992948 -85.9851,30.992963 -85.985084,30.992953 -85.978866,30.992992 -85.977293,30.992999 -85.96594,30.99304 -85.958131,30.993089 -85.950887,30.993135 -85.947522,30.993155 -85.942837,30.993184 -85.940116,30.993203 -85.935837,30.99323 -85.932958,30.993249 -85.926466,30.993289 -85.917772,30.993344 -85.911119,30.993386 -85.906042,30.99342 -85.899337,30.993462 -85.893473,30.993467 -85.887822,30.993513 -85.881144,30.993568 -85.878527,30.993588 -85.874931,30.993618 -85.870844,30.993773 -85.870396,30.993778 -85.865051,30.993823 -85.856589,30.993898 -85.839986,30.994046 -85.83227,30.994111 -85.828793,30.994139 -85.813623,30.994271 -85.801075,30.994384 -85.779979,30.994571 -85.779657,30.994572 -85.772672,30.994634 -85.76895,30.994668 -85.762345,30.994726 -85.749932,30.994837 -85.749619,30.995292 -85.741628,30.995326 -85.739197,30.995343 -85.732967,30.995376 -85.724523,30.995418 -85.714505,30.995457 -85.692207,30.995573 -85.687868,30.995594 -85.685366,30.995601 -85.683774,30.995604 -85.682997,30.995608 -85.68251,30.995605 -85.681555,30.995612 -85.681191,30.99561 -85.676218,30.995637 -85.672561,30.995644 -85.670971,30.995649 -85.669471,30.995674 -85.66781,30.995683 -85.659818,30.995728 -85.652468,30.995767 -85.644397,30.995814 -85.636938,30.995855 -85.62879,30.995899 -85.624933,30.995923 -85.619661,30.995966 -85.616879,30.995982 -85.614033,30.995994 -85.603265,30.996056 -85.602317,30.996056 -85.599984,30.996067 -85.586237,30.996154 -85.583398,30.996172 -85.579785,30.996191 -85.576679,30.996214 -85.576057,30.99623 -85.576033,30.996219 -85.57281,30.996239 -85.569007,30.996259 -85.568112,30.996244 -85.562701,30.996296 -85.552438,30.996393 -85.54773,30.996438 -85.546024,30.996455 -85.538255,30.996528 -85.534153,30.996605 -85.532415,30.996652 -85.531608,30.996676 -85.529121,30.99669 -85.524705,30.996722 -85.51558,30.996784 -85.513154,30.996801 -85.508572,30.996828 -85.504405,30.996865 -85.503738,30.996869 -85.503147,30.996862 -85.501303,30.996873 -85.501288,30.996884 -85.499932,30.996895 -85.497992,30.996931 -85.496923,30.996945 -85.492648,30.997004 -85.491777,30.997015 -85.486385,30.99709 -85.480649,30.997169 -85.478068,30.997206 -85.475395,30.99725 -85.472195,30.997301 -85.471396,30.997315 -85.467871,30.997362 -85.458682,30.997488 -85.456185,30.997521 -85.448695,30.997622 -85.446199,30.997657 -85.444095,30.997685 -85.432574,30.997842 -85.423255,30.997968 -85.420149,30.998011 -85.41371,30.998098 -85.412526,30.998162 -85.409871,30.998205 -85.407543,30.998234 -85.405996,30.998247 -85.398819,30.998367 -85.389811,30.99852 -85.383763,30.998621 -85.374932,30.998774 -85.369616,30.998724 -85.364746,30.998797 -85.349681,30.999025 -85.346726,30.999069 -85.337864,30.999204 -85.33491,30.99925 -85.330115,30.999321 -85.328917,30.99934 -85.327169,30.999364 -85.321928,30.999438 -85.320181,30.999464 -85.314738,30.999541 -85.312782,30.99957 -85.310402,30.999608 -85.308361,30.999639 -85.302329,30.999734 -85.300367,30.999764 -85.291191,30.999906 -85.288142,30.999965 -85.279991,31.000125 -85.277029,31.000184 -85.272482,31.000184 -85.265796,31.000346 -85.25778,31.000542 -85.255363,31.000602 -85.253146,31.000655 -85.250107,31.00073 -85.247898,31.000782 -85.243632,31.000884 -85.238005,31.000884 -85.227032,31.000884 -85.216142,31.000819 -85.210031,31.000784 -85.205352,31.000811 -85.200617,31.000839 -85.192831,31.000884 -85.18811,31.000897 -85.18406,31.000909 -85.174327,31.000938 -85.168696,31.000956 -85.165111,31.000965 -85.164472,31.000968 -85.156972,31.000868 -85.155098,31.000844 -85.15493,31.000896 -85.15456,31.000927 -85.153527,31.000912 -85.152681,31.000908 -85.152337,31.00093 -85.152084,31.000888 -85.145835,31.000695 -85.143919,31.000707 -85.142617,31.000717 -85.142405,31.000716 -85.138829,31.000716 -85.137063,31.000743 -85.13,31.000855 -85.127377,31.0008 -85.125687,31.000798 -85.123134,31.000762 -85.121485,31.000755 -85.118657,31.000776 -85.117199,31.000774 -85.117054,31.000779 -85.115633,31.000774 -85.113396,31.000787 -85.112702,31.000787 -85.111512,31.00078 -85.10875,31.000783 -85.107774,31.000791 -85.104736,31.000804 -85.104362,31.000802 -85.103524,31.00077 -85.10297,31.000765 -85.100921,31.000767 -85.098987,31.000755 -85.093728,31.000761 -85.092765,31.000767 -85.09203,31.000785 -85.088408,31.000779 -85.085392,31.00079 -85.083645,31.000776 -85.082415,31.000779 -85.079075,31.000751 -85.075007,31.000707 -85.074563,31.000696 -85.073196,31.000683 -85.071119,31.000673 -85.069097,31.000643 -85.064787,31.000613 -85.063837,31.000615 -85.063213,31.000623 -85.06259,31.00064 -85.06199,31.000669 -85.061601,31.000676 -85.060759,31.000657 -85.060416,31.00064 -85.05939,31.000599 -85.059048,31.000572 -85.058723,31.000559 -85.052345,31.000579 -85.050751,31.000585 -85.0407,31.000585 -85.033499,31.000631 -85.031344,31.000646 -85.029747,31.000655 -85.027512,31.00067 -85.026581,31.000635 -85.025597,31.000701 -85.024932,31.000658 -85.024108,31.000681 -85.019982,31.000681 -85.015746,31.000682 -85.01493,31.000683 -85.007577,31.000683 -85.003399,31.000684 -85.002499,31.000685 -85.002266,31.001465 -85.002136,31.002457 -85.001976,31.003075 -85.001472,31.004471 -85.001366,31.005045 -85.000328,31.007702 -84.999954,31.008564 -84.999931,31.00901 -84.999428,31.012086 -84.999428,31.013844 -84.999928,31.014439 -85.00006,31.014983 -85.000934,31.015719 -85.002316,31.017048 -85.00314,31.017598 -85.004283,31.018789 -85.004547,31.019182 -85.004761,31.019617 -85.004921,31.020924 -85.004837,31.023235 -85.005051,31.024702 -85.005447,31.025642 -85.007706,31.029215 -85.007973,31.029833 -85.00914,31.031782 -85.009407,31.032377 -85.009514,31.032904 -85.0093,31.037097 -85.008552,31.042824 -85.008577,31.044061 -85.00882,31.045574 -85.009132,31.046535 -85.010254,31.048254 -85.011024,31.050888 -85.011047,31.051163 -85.011131,31.051233 -85.011177,31.05286 -85.011391,31.053547 -85.011978,31.054327 -85.012642,31.055401 -85.013123,31.055838 -85.013947,31.05632 -85.014557,31.056595 -85.014763,31.056723 -85.015703,31.057439 -85.016792,31.057993 -85.01815,31.059254 -85.018684,31.060148 -85.018707,31.060308 -85.019135,31.061041 -85.020378,31.063446 -85.021286,31.065372 -85.021736,31.065897 -85.022057,31.066496 -85.023018,31.067478 -85.023727,31.068134 -85.024926,31.06923 -85.026404,31.071201 -85.026879,31.071997 -85.027189,31.072503 -85.0276,31.073024 -85.027656,31.073188 -85.028361,31.074102 -85.028573,31.074583 -85.028572,31.075249 -85.028566,31.075796 -85.028333,31.076851 -85.02772,31.078615 -85.026095,31.083081 -85.026068,31.08418 -85.026519,31.085945 -85.027104,31.087526 -85.027184,31.087571 -85.02737,31.088098 -85.028115,31.089817 -85.028248,31.090596 -85.028381,31.090848 -85.028859,31.093391 -85.029736,31.096163 -85.033274,31.1012 -85.033594,31.101571 -85.034073,31.102442 -85.034525,31.102923 -85.035457,31.104344 -85.03551,31.104664 -85.035376,31.107161 -85.035615,31.108192 -85.036174,31.10904 -85.037062,31.109753 -85.040447,31.111607 -85.042523,31.112608 -85.044201,31.113625 -85.0453,31.11457 -85.04621,31.115806 -85.04642,31.115967 -85.046901,31.116604 -85.047329,31.116877 -85.050178,31.118916 -85.05071,31.119168 -85.051509,31.119329 -85.052867,31.119489 -85.053453,31.119833 -85.054331,31.120474 -85.054677,31.120818 -85.05502,31.121384 -85.055679,31.12249 -85.055821,31.123423 -85.055948,31.123899 -85.056071,31.124734 -85.056224,31.125181 -85.057637,31.1271 -85.058196,31.1282 -85.058196,31.12836 -85.059847,31.130537 -85.060433,31.131499 -85.060566,31.131889 -85.061072,31.134225 -85.061152,31.134271 -85.061685,31.136585 -85.061871,31.137685 -85.06235,31.139243 -85.06243,31.139311 -85.06243,31.139518 -85.063123,31.140731 -85.063283,31.1408 -85.063442,31.141372 -85.063629,31.141601 -85.064028,31.142495 -85.06512,31.143686 -85.067198,31.145611 -85.068903,31.146664 -85.069329,31.147008 -85.069356,31.147168 -85.069702,31.147535 -85.070181,31.14868 -85.070528,31.14962 -85.070821,31.150032 -85.072685,31.152094 -85.073751,31.152987 -85.075669,31.154934 -85.076229,31.155851 -85.076389,31.156538 -85.076628,31.156927 -85.077801,31.157889 -85.080784,31.159012 -85.083582,31.15963 -85.083928,31.159561 -85.084194,31.159676 -85.087844,31.15995 -85.089629,31.160224 -85.092106,31.160293 -85.092906,31.160613 -85.093812,31.161323 -85.097809,31.163911 -85.098448,31.164186 -85.099647,31.164942 -85.100207,31.16549 -85.100527,31.165994 -85.100447,31.166727 -85.099808,31.168583 -85.099622,31.169408 -85.09933,31.172363 -85.098426,31.17777 -85.098507,31.180153 -85.098587,31.180245 -85.098774,31.180749 -85.10072,31.183474 -85.102052,31.184734 -85.102905,31.185261 -85.103732,31.185558 -85.104424,31.18565 -85.105384,31.185535 -85.105943,31.185283 -85.106503,31.185305 -85.107009,31.185511 -85.107302,31.185947 -85.107436,31.186405 -85.107516,31.186451 -85.107676,31.187436 -85.107677,31.18849 -85.107597,31.18865 -85.107544,31.189841 -85.107437,31.190254 -85.107438,31.19188 -85.107705,31.193026 -85.107919,31.193438 -85.108133,31.195637 -85.107575,31.199027 -85.107149,31.200356 -85.107096,31.202097 -85.106963,31.202693 -85.106404,31.203518 -85.105631,31.204595 -85.105338,31.204687 -85.103154,31.206955 -85.09977,31.209751 -85.099157,31.21037 -85.098704,31.211286 -85.098465,31.213165 -85.098706,31.216395 -85.098839,31.216991 -85.098707,31.219511 -85.098521,31.220702 -85.096843,31.225239 -85.096763,31.225651 -85.096976,31.227301 -85.097136,31.22753 -85.097857,31.22966 -85.09807,31.230325 -85.09815,31.23037 -85.098177,31.230599 -85.09823,31.230645 -85.098844,31.232524 -85.099164,31.23321 -85.100018,31.233943 -85.100149,31.234096 -85.100457,31.234596 -85.100729,31.234808 -85.100822,31.234916 -85.102152,31.23731 -85.102178,31.23747 -85.102472,31.23786 -85.103086,31.239257 -85.103699,31.240586 -85.103886,31.240906 -85.10394,31.241273 -85.10426,31.241869 -85.104847,31.244114 -85.105061,31.245809 -85.105461,31.246863 -85.106182,31.248077 -85.106289,31.248122 -85.107465,31.250177 -85.108081,31.251769 -85.108535,31.253349 -85.109149,31.254609 -85.110457,31.256556 -85.111711,31.258022 -85.111871,31.258388 -85.111898,31.259007 -85.112165,31.259213 -85.112352,31.25958 -85.112485,31.260267 -85.11246,31.261962 -85.112807,31.263222 -85.113261,31.264343 -85.112968,31.265306 -85.112169,31.26707 -85.111983,31.267987 -85.111824,31.270461 -85.111905,31.272477 -85.112199,31.273828 -85.112546,31.274378 -85.113534,31.275523 -85.114147,31.275867 -85.114548,31.276302 -85.114601,31.277333 -85.114493,31.277518 -85.113937,31.278746 -85.113433,31.279471 -85.112881,31.280049 -85.111865,31.28083 -85.110358,31.281747 -85.108235,31.282376 -85.108016,31.282444 -85.106975,31.282421 -85.106042,31.282513 -85.101561,31.283362 -85.101463,31.283385 -85.100352,31.28374 -85.099826,31.284024 -85.099652,31.284078 -85.099145,31.284207 -85.098713,31.284455 -85.09836,31.284715 -85.097313,31.285715 -85.096901,31.286067 -85.096784,31.286244 -85.09592,31.286964 -85.095165,31.28771 -85.094929,31.287854 -85.093446,31.289406 -85.09316,31.289688 -85.091587,31.291681 -85.090334,31.293606 -85.089774,31.295026 -85.089614,31.29592 -85.089828,31.296996 -85.089775,31.297707 -85.089615,31.298279 -85.089135,31.299219 -85.088068,31.302174 -85.087695,31.304053 -85.08775,31.307558 -85.087643,31.307947 -85.08767,31.310169 -85.087404,31.311223 -85.085296,31.314682 -85.08487,31.315484 -85.084763,31.315965 -85.084469,31.316194 -85.084256,31.316721 -85.083776,31.31821 -85.083776,31.319333 -85.084017,31.320937 -85.084044,31.322632 -85.083697,31.323846 -85.083828,31.326971 -85.084152,31.328313 -85.084685,31.329253 -85.085059,31.329825 -85.086821,31.331337 -85.087595,31.332345 -85.087595,31.332528 -85.088533,31.333625 -85.088989,31.334288 -85.089367,31.335409 -85.089423,31.336028 -85.089184,31.336373 -85.088518,31.336902 -85.087828,31.337982 -85.087089,31.340321 -85.086882,31.342362 -85.086835,31.34415 -85.086414,31.345893 -85.086394,31.34791 -85.086063,31.349518 -85.085882,31.350186 -85.085993,31.350496 -85.086077,31.350694 -85.086104,31.35145 -85.085891,31.352802 -85.085918,31.353146 -85.086051,31.353489 -85.086826,31.354131 -85.087413,31.354428 -85.088054,31.354566 -85.090216,31.354543 -85.090643,31.354405 -85.09099,31.354428 -85.091791,31.355207 -85.092512,31.356581 -85.092619,31.357474 -85.092646,31.360155 -85.092487,31.362881 -85.0923,31.363706 -85.092327,31.364049 -85.092167,31.364576 -85.088252,31.371514 -85.087634,31.372737 -85.087213,31.374028 -85.08691,31.374474 -85.086819,31.375178 -85.08644,31.376129 -85.085687,31.378537 -85.085687,31.378743 -85.0855,31.378927 -85.0847,31.381057 -85.083498,31.382638 -85.082431,31.38454 -85.081683,31.386899 -85.08099,31.391022 -85.08091,31.391137 -85.08075,31.392763 -85.080403,31.393932 -85.079922,31.394802 -85.079282,31.395673 -85.079228,31.395833 -85.078934,31.395971 -85.078641,31.39636 -85.078,31.397529 -85.077626,31.39888 -85.077333,31.400851 -85.077387,31.402844 -85.077894,31.405112 -85.077974,31.405157 -85.078001,31.405455 -85.078936,31.407242 -85.079524,31.408296 -85.079898,31.409602 -85.079978,31.410472 -85.079898,31.411343 -85.079818,31.411732 -85.079418,31.412053 -85.077762,31.414252 -85.077709,31.414436 -85.077442,31.414619 -85.076746,31.415971 -85.076372,31.417597 -85.076212,31.418926 -85.076053,31.424355 -85.075893,31.424928 -85.074664,31.427791 -85.073702,31.428959 -85.073328,31.429165 -85.071886,31.429257 -85.071351,31.429051 -85.07071,31.428501 -85.070149,31.427746 -85.069321,31.427265 -85.068546,31.427311 -85.068079,31.427585 -85.06724,31.428333 -85.067215,31.428444 -85.067037,31.428581 -85.066407,31.429501 -85.066012,31.430529 -85.065919,31.431085 -85.065952,31.432881 -85.06603,31.432982 -85.066093,31.43345 -85.06619,31.434313 -85.065984,31.436816 -85.065639,31.439521 -85.065911,31.442603 -85.065955,31.442979 -85.066436,31.44511 -85.066436,31.445362 -85.066516,31.445431 -85.066703,31.447286 -85.068173,31.451135 -85.068948,31.452464 -85.069268,31.453472 -85.069268,31.454434 -85.069188,31.454823 -85.069295,31.459176 -85.069509,31.46023 -85.06967,31.460619 -85.069963,31.461031 -85.070338,31.462017 -85.070418,31.462498 -85.070605,31.46346 -85.070685,31.463506 -85.0713,31.465933 -85.071621,31.468384 -85.071006,31.470125 -85.069055,31.474478 -85.068333,31.47686 -85.067692,31.478991 -85.066917,31.481007 -85.065687,31.484122 -85.065233,31.48481 -85.065259,31.484924 -85.065046,31.484993 -85.064377,31.485657 -85.064163,31.486047 -85.063896,31.486115 -85.06296,31.487032 -85.062105,31.488017 -85.061543,31.489414 -85.060982,31.490468 -85.060581,31.492232 -85.060206,31.494064 -85.059779,31.494797 -85.058923,31.495989 -85.05796,31.497707 -85.057131,31.499012 -85.056928,31.500171 -85.056817,31.500171 -85.055841,31.501879 -85.054499,31.503022 -85.054476,31.503078 -85.052951,31.506518 -85.05177,31.507998 -85.050967,31.509061 -85.05057,31.509673 -85.050226,31.510607 -85.049762,31.511348 -85.049279,31.51225 -85.048805,31.513055 -85.048445,31.513684 -85.047983,31.514315 -85.045642,31.516813 -85.044986,31.51823 -85.044604,31.519262 -85.044478,31.519963 -85.044556,31.520908 -85.046055,31.522446 -85.046988,31.523119 -85.047649,31.523751 -85.047925,31.52455 -85.048127,31.525285 -85.048263,31.526012 -85.048128,31.526592 -85.047727,31.527737 -85.047196,31.528671 -85.046138,31.52991 -85.045569,31.530957 -85.045255,31.531658 -85.044868,31.532149 -85.044158,31.533187 -85.042983,31.5352 -85.041813,31.537754 -85.041428,31.539293 -85.041305,31.540987 -85.041361,31.542495 -85.041881,31.544684 -85.042547,31.545953 -85.043609,31.547022 -85.044466,31.547593 -85.04452,31.547637 -85.045698,31.548707 -85.046395,31.549597 -85.047241,31.55077 -85.048478,31.552195 -85.04991,31.55412 -85.050838,31.555551 -85.050926,31.555788 -85.051459,31.556723 -85.051873,31.557871 -85.051848,31.558927 -85.052423,31.561261 -85.052931,31.56289 -85.053145,31.56289 -85.054916,31.566255 -85.055713,31.567449 -85.056007,31.56777 -85.057612,31.570038 -85.057612,31.570175 -85.057746,31.570267 -85.05796,31.57084 -85.057986,31.572329 -85.057719,31.573062 -85.056755,31.574573 -85.056702,31.57471 -85.056461,31.574825 -85.055417,31.57652 -85.055284,31.577092 -85.055284,31.577596 -85.055364,31.577734 -85.055417,31.578696 -85.056032,31.579979 -85.057718,31.581972 -85.058307,31.583026 -85.05844,31.58369 -85.05844,31.58511 -85.058333,31.585385 -85.058012,31.588226 -85.058038,31.591135 -85.058118,31.593609 -85.057904,31.595419 -85.057609,31.596748 -85.057047,31.598626 -85.056646,31.600344 -85.056405,31.600963 -85.056271,31.602589 -85.056003,31.604124 -85.055976,31.605175 -85.056268,31.605865 -85.056933,31.606456 -85.057321,31.606713 -85.058224,31.607102 -85.059696,31.607262 -85.060151,31.607491 -85.060392,31.607743 -85.060552,31.608224 -85.060392,31.60985 -85.060418,31.611271 -85.059803,31.612347 -85.059401,31.612805 -85.05833,31.614546 -85.057527,31.616883 -85.057473,31.618624 -85.057821,31.619472 -85.058169,31.620227 -85.058945,31.621121 -85.059534,31.621717 -85.062157,31.622908 -85.063897,31.623504 -85.064406,31.623733 -85.065236,31.624351 -85.06594,31.624859 -85.067428,31.625167 -85.067628,31.625267 -85.067928,31.625567 -85.068628,31.626067 -85.068728,31.626067 -85.069228,31.626567 -85.070528,31.627267 -85.071428,31.627867 -85.072128,31.628567 -85.072929,31.628967 -85.073829,31.629567 -85.074029,31.629867 -85.074929,31.630767 -85.075329,31.631267 -85.075529,31.631467 -85.076529,31.632667 -85.076629,31.632867 -85.077229,31.633567 -85.078129,31.634767 -85.078229,31.634867 -85.079029,31.635867 -85.079329,31.636167 -85.079829,31.636567 -85.080029,31.636867 -85.080529,31.637167 -85.080829,31.637367 -85.081629,31.637567 -85.082829,31.637967 -85.083429,31.638067 -85.083829,31.638167 -85.084929,31.638167 -85.085829,31.638367 -85.086229,31.638567 -85.086629,31.639067 -85.086929,31.639467 -85.087029,31.640167 -85.087029,31.640966 -85.086429,31.642566 -85.086229,31.642866 -85.085829,31.643366 -85.085729,31.643666 -85.085429,31.644366 -85.085229,31.644766 -85.084729,31.645466 -85.084629,31.645666 -85.084329,31.646166 -85.084129,31.646666 -85.083629,31.647866 -85.083429,31.648166 -85.083129,31.648866 -85.082829,31.649066 -85.082729,31.649766 -85.082629,31.650266 -85.082129,31.650766 -85.081429,31.650966 -85.080229,31.650966 -85.079329,31.650866 -85.078229,31.651266 -85.078029,31.651566 -85.077829,31.652366 -85.077929,31.652666 -85.078229,31.653266 -85.078329,31.653366 -85.078829,31.654266 -85.079129,31.654766 -85.079929,31.655666 -85.080429,31.655966 -85.081729,31.656266 -85.082529,31.656466 -85.084529,31.657066 -85.085629,31.657366 -85.087229,31.657766 -85.087829,31.657866 -85.089929,31.658566 -85.090829,31.658966 -85.092429,31.659966 -85.092829,31.660366 -85.093629,31.661266 -85.094029,31.661866 -85.094929,31.663066 -85.095529,31.663766 -85.096829,31.665066 -85.097629,31.665766 -85.098529,31.666566 -85.099029,31.667066 -85.100229,31.668366 -85.100629,31.668766 -85.101629,31.669466 -85.101929,31.669966 -85.102629,31.670866 -85.102829,31.671266 -85.103729,31.672466 -85.10453,31.673466 -85.10603,31.675066 -85.10663,31.675566 -85.10843,31.676466 -85.10943,31.677465 -85.10993,31.678265 -85.11063,31.679665 -85.11073,31.680265 -85.11263,31.685165 -85.11303,31.685865 -85.11393,31.686865 -85.11453,31.687265 -85.11583,31.688065 -85.11663,31.688565 -85.11853,31.689565 -85.11933,31.689865 -85.12083,31.690465 -85.12153,31.690765 -85.12233,31.691265 -85.12293,31.691765 -85.12363,31.692865 -85.12413,31.693265 -85.12453,31.693565 -85.12493,31.693915 -85.12543,31.694765 -85.12543,31.694865 -85.12553,31.694965 -85.12583,31.695965 -85.12593,31.696265 -85.12593,31.698365 -85.12583,31.698965 -85.12583,31.699965 -85.12573,31.700465 -85.12573,31.700865 -85.12563,31.701165 -85.12563,31.701565 -85.12573,31.701865 -85.12583,31.702465 -85.12593,31.702965 -85.12603,31.703365 -85.12603,31.703765 -85.12613,31.704165 -85.12623,31.704765 -85.12633,31.705065 -85.12643,31.705465 -85.12643,31.705965 -85.12653,31.706565 -85.12653,31.707065 -85.12663,31.707765 -85.12683,31.708965 -85.12683,31.709565 -85.12673,31.710065 -85.12673,31.712965 -85.12663,31.713465 -85.12663,31.714864 -85.12653,31.715464 -85.12653,31.716764 -85.12633,31.717264 -85.12623,31.717764 -85.12613,31.718164 -85.12593,31.718564 -85.12573,31.718864 -85.12543,31.719164 -85.12533,31.719364 -85.12493,31.719764 -85.12493,31.719664 -85.12473,31.719964 -85.12443,31.720264 -85.12383,31.720964 -85.12353,31.721364 -85.12303,31.721864 -85.12263,31.722064 -85.12223,31.722764 -85.12203,31.723464 -85.12203,31.725164 -85.12223,31.726164 -85.12223,31.726464 -85.12173,31.727964 -85.12133,31.728864 -85.12093,31.729264 -85.12023,31.729864 -85.11973,31.730164 -85.11913,31.730964 -85.11903,31.731664 -85.11893,31.732664 -85.11903,31.733164 -85.11953,31.734264 -85.11973,31.734664 -85.12023,31.735364 -85.12033,31.735964 -85.12043,31.736964 -85.12063,31.737364 -85.12083,31.737864 -85.12093,31.738264 -85.12103,31.739064 -85.12113,31.739364 -85.12123,31.740364 -85.12133,31.740764 -85.12153,31.741864 -85.12173,31.742364 -85.12183,31.743464 -85.12203,31.744064 -85.12263,31.745264 -85.12293,31.745764 -85.12363,31.746964 -85.12393,31.747564 -85.12433,31.748564 -85.12443,31.748964 -85.12473,31.749164 -85.12493,31.749364 -85.12513,31.749664 -85.12513,31.749764 -85.12523,31.749864 -85.12523,31.750064 -85.12533,31.750064 -85.12533,31.750264 -85.12553,31.750464 -85.12633,31.751664 -85.12663,31.752463 -85.12683,31.752863 -85.12703,31.753463 -85.12723,31.753963 -85.12763,31.754763 -85.12783,31.755363 -85.12833,31.756163 -85.12853,31.756663 -85.12883,31.757363 -85.12903,31.757663 -85.129231,31.758663 -85.12913,31.759063 -85.12883,31.759863 -85.12863,31.760063 -85.12803,31.761063 -85.12793,31.761263 -85.12763,31.761763 -85.12753,31.762163 -85.127329,31.762563</coordinates></LinearRing></outerBoundaryIs></Polygon>
  </Placemark>
</Folder>
</Document></kml>
